frame,t,x_m1_px,y_m1_px,x_m2_px,y_m2_px,area_m1,area_m2,th1,th2,w1,w2
120,2.000829972529078,1280.087570621469,480.5734463276836,1379.685340802988,808.8179271708683,354,1071,0.7163364468440269,0.2945965528416249,1.09936123470749,-16.821896579896507
121,2.0175035556334873,1284.9564102564102,474.2717948717949,1289.8565776458952,821.4025717111771,390,1011,0.7346667377526879,0.0141152622429473,-0.3800295808434352,-15.23186246752902
122,2.0341771387378964,1275.1828908554571,483.16814159292034,1201.409381663113,823.7036247334755,339,938,0.7036635372473734,-0.2133428965329214,-2.9217382312610183,-12.445830347719026
123,2.050850721842305,1252.8060606060606,500.5060606060606,1115.6413793103447,824.1025862068966,330,1160,0.6372350473361689,-0.4009179109691897,-4.935715748190713,-10.197296416111184
124,2.0675243049467142,1218.1342756183749,523.8798586572439,1033.0791788856304,823.4261974584555,283,1023,0.5390714038329774,-0.5533938350015648,-6.512459428206815,-8.213979977613048
125,2.084197888051123,1173.397810218978,547.8102189781022,951.809768637532,824.7442159383033,274,778,0.4200629803555726,-0.674830866518555,-7.50827262237192,-6.354939255635685
126,2.100871471155532,1121.0046511627909,567.7860465116279,870.472299168975,828.590027700831,215,722,0.2886917887536234,-0.7653130506061899,-8.608182916658171,-3.822853635326621
127,2.117545054259941,1056.128205128205,582.6153846153846,794.4447552447552,835.593006993007,234,715,0.1330044738778651,-0.8023122020877758,-10.300042547258444,-0.1951113871143811
128,2.13421863736435,975.8947368421052,585.4,723.3045325779037,844.9447592067988,380,706,-0.0547854420277007,-0.7718194624615262,-12.04708092171854,4.057040497496955
129,2.150892220468759,885.5591766723842,571.2041166380789,663.9070100143061,852.6967095851217,583,699,-0.268731535949763,-0.6670213983018393,-13.799336207743844,8.309290251031053
130,2.167565803573168,787.7400568181819,531.9971590909091,618.3719135802469,845.945987654321,704,648,-0.5149542001186945,-0.4947281793830829,-13.172068687321737,8.73242029942818
131,2.184239386677577,720.494071146245,483.8181818181818,591.1553672316384,811.611581920904,253,708,-0.7079826997798476,-0.3758199271715518,-13.08291343747466,8.022004695506672
132,2.200912969781986,649.6850649350649,407.4707792207792,568.2041095890411,759.8821917808219,308,730,-0.95123228901374,-0.2272170554741037,-12.499901017747565,6.031412844549489
133,2.217586552886395,609.2511415525114,344.58447488584477,545.5825375170532,705.3369713506139,219,733,-1.1248189766124486,-0.1746894005703604,-9.135462033446943,1.456445793040358
134,2.234260135990804,586.2922374429223,292.6392694063927,521.6340206185567,650.7100515463917,219,776,-1.2558740598374414,-0.1786487155394532,-7.504676079041853,-0.8158874648478613
135,2.250933719095213,570.45703125,243.11328125,497.1553973902728,601.2313167259787,256,843,-1.3750786571635976,-0.2018969354683332,-6.609660810641292,-2.1571598302830592
136,2.267607302199622,561.7922077922078,199.5616883116883,471.4857881136951,552.3708010335918,308,774,-1.476287517473807,-0.250583882938888,-5.6306867074746885,-3.297860956663566
137,2.284280885304031,556.9494047619048,161.60416666666666,445.390402075227,507.63942931258106,336,771,-1.562846102667538,-0.3118712529237646,-4.709248242486029,-4.01535201020063
138,2.30095446840844,555.9538043478261,130.32608695652175,419.5877551020408,467.3469387755102,368,735,-1.6333276013345726,-0.3844844938099597,-3.7663711700627753,-4.4891701843893665
139,2.317628051512849,555.956834532374,105.68345323741008,393.78815789473686,431.7105263157895,417,760,-1.6884439080797216,-0.4615723572022668,-2.7784366468947894,-4.816749083565728
140,2.334301634617258,556.9745370370371,88.88425925925925,368.28496732026144,400.0496732026144,432,765,-1.725980589999244,-0.5451094260857977,-1.8053186905627576,-5.100684841751857
141,2.350975217721667,557.7270742358079,78.70960698689956,342.7927927927928,372.4684684684685,458,777,-1.7486461705138034,-0.6316657423989643,-0.886770714500462,-5.228588762882353
142,2.367648800826076,557.8221757322176,75.57531380753139,317.7151515151515,349.630303030303,478,825,-1.7555518804048031,-0.7194680445991934,0.0747271979117975,-5.411844565048543
143,2.384322383930485,557.2372505543237,79.75831485587584,292.6425948592411,330.56915544675644,451,817,-1.7461542302247195,-0.8121354226059263,1.0677251944394923,-5.745706253768547
144,2.400995967034894,556.3428571428572,91.52142857142856,267.4902676399027,315.5742092457421,420,822,-1.719946270880487,-0.911071066030658,2.1013285968714284,-6.199043664017562
145,2.417669550139303,555.6286472148541,111.19893899204244,242.28878281622912,304.14677804295945,377,838,-1.6760808762455055,-1.01885596200564,3.2553703579438653,-6.694934920958807
146,2.434343133243712,555.0916666666667,140.04444444444445,220.0512223515716,296.3317811408615,360,859,-1.6113888944828736,-1.134328173597091,4.563071792605177,-7.470604983556701
147,2.451016716348121,557.7811550151976,178.80243161094225,201.83448275862068,290.0091954022989,329,870,-1.523915362754732,-1.267979468072729,5.9793484318566374,-8.437123175326816
148,2.4676902994525296,565.4672897196261,227.57009345794393,195.32413793103447,285.44942528735635,321,870,-1.4119945685053152,-1.4156823224489845,7.13780815894167,-8.80192830086402
149,2.4843638825569387,581.4415094339622,280.4754716981132,203.9907192575406,283.9849187935035,265,862,-1.285889687711847,-1.5614988340797402,7.434626394768492,-7.935183202907888
150,2.501037465661348,601.8423423423424,329.3018018018018,227.40914285714285,288.136,222,875,-1.1640708464185052,-1.680298195613774,7.195613436221523,-6.244562437588186
151,2.517711048765757,626.640350877193,373.8859649122807,258.67502986857824,299.70131421744327,228,837,-1.0459363704797642,-1.769737295587335,6.911065124147706,-4.5110369231636875
152,2.5343846318701657,654.6535087719299,413.2105263157895,294.2158273381295,317.3525179856115,228,834,-0.9336064090435864,-1.8307284936646284,6.8152092580644785,-2.9028947632358957
153,2.551058214974575,686.7191011235955,450.55805243445695,330.9628681177977,342.1664532650448,267,781,-0.818668454603213,-1.8665406097436696,6.812206147626621,-1.3240163551196231
154,2.5677317980789836,721.9808306709265,483.09584664536743,369.1062271062271,372.3577533577534,313,819,-0.70643863838995,-1.874880687121996,6.836086263753995,0.3244500078905231
155,2.5844053811833927,761.3275862068965,513.0073891625616,408.2694610778443,409.5988023952096,406,835,-0.5907043497479911,-1.855721121404092,6.951176047660741,2.131432486407719
156,2.601078964287802,804.1271393643032,537.9951100244499,449.1155913978494,453.744623655914,409,744,-0.4746366153818529,-1.8038034537348837,6.917733355976899,4.1364019639812755
157,2.6177525473922105,849.0384615384615,557.3461538461538,490.19444444444446,504.2173913043478,390,828,-0.3600175457379453,-1.7177838376047274,6.664976947290816,6.049374386654257
158,2.6344261304966197,892.7252124645893,571.4759206798867,533.5714285714286,560.238775510204,353,980,-0.2523785213426059,-1.6020739606037575,6.211022485853085,7.973498542889069
159,2.651099713601029,934.2872340425532,580.1595744680851,580.6524590163934,622.4081967213115,376,1220,-0.1528975465754968,-1.4518902564292375,5.489388182493711,10.281250188492036
160,2.6677732967054375,969.747191011236,584.123595505618,634.3176470588236,692.1529411764706,356,1275,-0.0693229812362669,-1.2592234017336728,4.37482402576276,12.015702619320525
161,2.684446879809846,996.3295774647888,585.943661971831,691.2710382513661,760.4448087431693,355,915,-0.0070095626540559,-1.0512006240670269,2.7897637926336714,13.91146802479309
162,2.701120462914256,1009.4791666666666,586.15625,757.51244813278,833.1742738589212,384,964,0.0237077356400304,-0.795315365302241,0.5331362653879907,16.34792462788224
163,2.7177940460186645,1003.9545454545456,587.620320855615,832.5712435233161,896.8782383419689,374,772,0.0107690209997858,-0.5060436643318093,-2.6295351491322267,19.872999669952033
164,2.7344676291230736,971.8302387267904,587.2997347480106,925.2827160493828,936.258024691358,377,810,-0.0639798100300108,-0.1326071422405659,-4.919606278658139,22.767782486229393
165,2.7511412122274828,933.6366197183098,583.2845070422535,1020.905472636816,920.5547263681592,355,804,-0.1532859072565715,0.2531973624426971,-3.5177796757953304,21.247898695578503
166,2.7678147953318915,922.0568475452196,579.6459948320413,1110.2139800285306,869.3880171184023,387,701,-0.1812877935647595,0.575950067149017,-0.2252842155518671,17.13230805607645
167,2.7844883784363006,930.7867867867868,580.6666666666666,1184.2571428571428,815.0459627329193,333,805,-0.1607984974368028,0.8245112867293495,2.3455501197684807,13.900390206386508
168,2.8011619615407097,955.3,583.744827586207,1251.874149659864,758.0340136054422,290,882,-0.103070343869727,1.0394886897288134,4.239643645116625,11.622901369919964
169,2.8178355446451184,991.0331950207468,585.2323651452282,1310.2459627329192,704.9093167701864,241,805,-0.0194183961369398,1.2121021105407686,5.57517440454958,9.902977016197257
170,2.8345091277495276,1034.681592039801,583.8407960199005,1368.5802752293578,651.8979357798165,201,872,0.0828459236419355,1.3697249102500475,6.503099024135897,8.16373612380743
171,2.8511827108539363,1082.9754601226994,576.2208588957055,1421.23264781491,605.5385604113111,163,778,0.1974415278933218,1.4843395759463065,7.03480818847952,5.83053840388684
172,2.8678562939583454,1132.484662576687,563.3742331288344,1471.2483130904184,565.6234817813765,163,741,0.3174368415503157,1.5641568434913582,7.346038743636818,3.568086909774112
173,2.8845298770627545,1181.9202127659576,543.5212765957447,1519.2267365661862,532.5452162516383,188,763,0.4424111028537951,1.6033251631740513,7.570055809647709,1.3290414453329908
174,2.9012034601671632,1229.1703296703297,516.7692307692307,1567.5955056179776,504.0112359550562,182,712,0.5698767508446659,1.608476609467285,7.789301277804181,-0.7788503884745379
175,2.9178770432715724,1274.5867768595042,483.45454545454544,1615.508771929825,481.219298245614,242,798,0.7021622272152893,1.5773527098177884,7.981747508160144,-3.0008222852650412
176,2.9345506263759815,1315.7509293680298,443.97769516728624,1657.0601092896177,465.2991803278688,269,732,0.8360454116361009,1.5084076899574268,8.117277823650015,-4.980269035959781
177,2.95122420948039,1352.625,398.7261904761905,1695.869798657718,453.9503355704698,168,745,0.9728504399636986,1.411274850511008,8.832672216453794,-7.278655702893984
178,2.9678977925847994,1387.80790960452,341.0734463276836,1719.6229299363058,445.5770700636943,177,785,1.130590000106194,1.2656851484562603,10.482972055875482,-10.592058674431636
179,2.9845713756892085,1416.2283950617284,263.81481481481484,1720.412213740458,435.05725190839695,324,786,1.3224278514733725,1.058059709401184,9.878779194382048,-10.6817944328121
180,3.001244958793617,1429.790513833992,205.9683794466403,1705.8947368421052,420.8382541720154,253,779,1.4600192918414652,0.9094775740968488,7.1688713432253195,-7.759186685663656
181,3.0179185418980263,1435.3687943262412,162.145390070922,1686.127829560586,406.0213049267643,282,751,1.5614893956855391,0.7993128213491107,5.509582450546481,-6.0456297282588904
182,3.0345921250024355,1436.0577507598784,126.17021276595744,1664.5957727873183,393.2047556142669,329,757,1.6437482535610253,0.7078729547116286,4.359219668128182,-5.130613252317086
183,3.051265708106844,1435.1780821917807,98.41643835616438,1642.347354138399,383.61872455902306,365,737,1.706857018499358,0.6282214084709288,3.296638084651032,-4.567722821527046
184,3.0679392912112533,1432.9824120603016,77.88190954773869,1619.3870967741937,378.1612903225806,398,713,1.7536817917002026,0.5555523425863552,2.389322119746336,-4.302331388704427
185,3.0846128743156624,1431.3421686746988,63.41204819277108,1596.6742627345843,377.3351206434317,415,746,1.7865341403529444,0.4847508485663876,1.5580069849680942,-4.331044024102648
186,3.101286457420071,1430.7772621809745,54.86078886310905,1573.0041551246538,381.0927977839335,431,722,1.805636909582433,0.4111242976568964,0.732226779534693,-4.479582413531902
187,3.1179600405244803,1430.9732739420936,52.38530066815144,1548.5533333333333,389.74,449,750,1.8109518284726351,0.3353694692762413,-0.1264482112156003,-4.534799436674403
188,3.1346336236288894,1431.9350348027842,56.51044083526682,1523.9157458563536,402.4116022099448,431,724,1.8014202200662186,0.259901587118461,-1.0094553747916828,-4.545012604743567
189,3.151307206733298,1433.120481927711,67.21686746987952,1498.7327001356853,420.1519674355495,415,737,1.7772893523090725,0.1838061785246849,-1.9673961693767792,-4.537278421357185
190,3.1679807898377073,1434.167553191489,85.67287234042553,1473.0348675034868,442.1715481171548,376,717,1.7358131330074194,0.1085962094657797,-2.9284042591855592,-4.521393746414477
191,3.1846543729421164,1435.1356932153392,110.4660766961652,1446.9791086350974,468.8955431754875,339,718,1.6796353687514012,0.0330305097674912,-3.843942767926877,-4.455738403653911
192,3.201327956046525,1434.928571428571,142.03571428571428,1420.5858453473131,500.5019659239843,308,763,1.607628534628178,-0.0399900396638804,-4.6833441101589735,-4.121140867202175
193,3.2180015391509342,1432.4668874172185,178.60596026490066,1395.0707482993198,535.5115646258504,302,735,1.5234591142968412,-0.1043978597010519,-5.5416394271323055,-3.5455223305098524
194,3.234675122255343,1426.090909090909,221.6981818181818,1369.624649859944,575.59243697479,275,714,1.4228305635822582,-0.1582231621164681,-6.439329950418698,-2.807904678745015
195,3.251348705359752,1414.7130919220056,269.50974930362116,1344.2825768667642,620.497803806735,359,683,1.308725708166809,-0.1980335237216796,-7.054663304529763,-1.6638969268663788
196,3.268022288464161,1396.5669291338584,318.23359580052494,1320.2375601926165,669.943820224719,381,623,1.1875775338188552,-0.2137094094910227,-7.695340779346018,-0.1993266481158236
197,3.28469587156857,1370.4602739726026,369.9369863013698,1296.6867647058823,725.3220588235295,365,680,1.0521079001644629,-0.2046805025862445,-8.266516308938773,1.367455521570486
198,3.301369454672979,1337.1923076923076,419.7008547008547,1275.4592274678112,783.4563662374821,234,699,0.9119126404967696,-0.1681086429300458,-9.63610273762016,3.9385509051525753
199,3.318043037777388,1284.3118811881188,476.0396039603961,1257.5521739130436,840.2521739130435,202,690,0.7307711805677976,-0.0733409909302311,-12.87453008379844,8.854050073936918
200,3.334716620881797,1197.848635235732,537.014888337469,1242.345921450151,885.0891238670695,403,662,0.4825835459319159,0.1271488365067255,-17.38899489127282,16.283283330867768
201,3.351390203986206,1064.2115384615386,584.7980769230769,1221.8413461538462,895.375,104,624,0.1508974777242363,0.4696603647294913,-16.583331641368467,15.559214785087637
202,3.368063787090615,969.2058823529412,585.1176470588235,1183.6119828815977,869.506419400856,136,701,-0.0704235706087484,0.6460045580237408,-12.064930450271188,8.018920909789973
203,3.384737370195024,893.0537190082645,571.8181818181819,1132.1795580110495,835.2513812154696,242,724,-0.251433763298786,0.7370686531236234,-10.200056703750958,3.8685077086846458
204,3.401410953299433,828.5958904109589,550.3013698630137,1076.432614555256,803.3423180592991,292,742,-0.4105665568480996,0.7750083275653412,-9.470398573954734,0.8617319289521063
205,3.418084536403842,769.6734104046243,518.5635838150289,1016.0613026819924,774.8007662835249,346,783,-0.5672447186082071,0.7658049709858346,-9.023363381491368,-1.8516958856344743
206,3.434758119508251,720.4096692111959,481.62595419847327,953.4280618311534,750.9453032104637,393,841,-0.711470155293254,0.713259517098904,-8.290472365821183,-4.267133528231456
207,3.45143170261266,679.5479452054794,442.5917808219178,887.9143192488262,732.3039906103286,365,852,-0.8437084785408584,0.6235081599846803,-7.501553928573792,-6.461704034049944
208,3.468105285717069,647.5420560747664,403.5233644859813,817.5805243445693,716.4257178526841,321,801,-0.9616257209738156,0.4977799986832509,-6.492134488507984,-8.190397454787842
209,3.484778868821478,624.0759075907591,368.28052805280527,746.9224973089343,704.421959095802,303,929,-1.0602027663791336,0.3503816147435905,-5.184388273770204,-9.360255416473668
210,3.501452451925887,608.169540229885,340.4655172413793,674.4722513089005,693.5068062827226,348,955,-1.1345103784302777,0.1856420055531149,-3.5782505992070703,-10.424288086351076
211,3.518126035030296,599.4475703324808,323.0537084398977,600.440084835631,682.5100742311771,391,943,-1.1795272838476942,0.0027611473194402,-1.720420235185423,-11.501256973096694
212,3.534799618134705,596.4176334106728,318.50812064965197,525.7396265560166,670.98755186722,431,964,-1.1918815179620197,-0.1978923223390672,0.4596499760496097,-13.13583794416046
213,3.551473201239114,601.4074074074074,329.42857142857144,449.3478735005452,656.4176663031625,378,917,-1.1641992596984887,-0.4352818238965763,3.202524754860041,-15.648860983786236
214,3.568146784343523,616.9441176470589,359.9441176470588,379.04399141630904,631.3326180257511,340,932,-1.0850863926738477,-0.7197374905440734,6.452990034477217,-18.76540557842691
215,3.584820367447932,648.8592814371258,409.2365269461078,332.84875,585.8925,334,800,-0.9490103284749308,-1.0610549226962585,7.751885497546943,-19.418057998626058
216,3.601493950552341,683.5842696629213,448.83895131086143,326.03811944091484,522.6289707750954,267,787,-0.8265829785554242,-1.3672746980767236,6.1492842808152135,-16.61861807397656
217,3.6181675336567496,709.3805031446541,473.1257861635221,344.10785619174436,456.8814913448735,318,751,-0.7439491234973143,-1.6152387417700211,4.18615771200055,-13.554390322764831
218,3.6348411167611583,728.2945945945946,488.5027027027027,373.42289156626504,398.46385542168673,370,830,-0.6869864815570167,-1.8192752050291563,2.952519510920716,-11.350727967760008
219,3.651514699865568,742.3819095477387,499.26633165829145,408.0851851851852,348.79135802469136,398,810,-0.6454909646318633,-1.9937533539019927,2.22094471803948,-10.170916888128176
220,3.668188282969977,753.7450980392157,507.2843137254902,448.8024691358025,304.14444444444445,408,810,-0.6129242689039578,-2.15844646099364,1.7726299560954464,-9.260909502103695
221,3.6848618660743857,763.2146341463415,513.5073170731707,490.36172839506173,268.4493827160494,410,810,-0.5863787788592187,-2.3025784423134663,1.534832095516616,-8.394410151837581
222,3.701535449178795,772.2443324937028,518.8942065491184,534.8784933171324,238.9161603888214,397,823,-0.5617419679121368,-2.438376251551957,1.4521062806256235,-7.828872462234364
223,3.718209032283203,780.8415841584158,524.2747524752475,580.7566204287516,217.50567465321564,404,793,-0.5379551493663276,-2.5636491535392336,1.5094236371298315,-7.187408658379329
224,3.7348826153876127,790.7377450980392,529.7696078431372,626.8411330049261,201.88546798029557,408,812,-0.5114069670052498,-2.6780559626936298,1.6671486650683691,-6.579053173078548
225,3.751556198492022,801.6947890818858,535.5285359801488,673.4143033292232,193.2182490752158,403,811,-0.4823604657374837,-2.783041933198535,1.947929117536264,-5.921320715109176
226,3.7682297815964305,815.4024691358024,542.320987654321,719.3510638297872,189.89007092198585,405,846,-0.4464490509597719,-2.8755152287560923,2.370902896848092,-5.215666876653273
227,3.78490336470084,832.2567901234568,549.6444444444444,765.4427020506635,191.87092882991556,405,829,-0.4032975727713224,-2.9569696434241184,2.820112874803262,-4.455614193005706
228,3.801576947805249,852.3960880195599,557.6234718826406,809.8234582829505,196.95767835550183,409,827,-0.35240627819608,-3.024097335812622,3.427241798850682,-3.4843676227785094
229,3.8182505309096575,878.0992366412214,565.8091603053435,853.3522012578617,204.72955974842768,393,795,-0.2890087708672404,-3.0731634296735373,4.109464625658707,-2.560491719747176
230,3.834924114014066,908.3565891472869,573.9405684754522,896.7846952010376,213.6835278858625,387,771,-0.2153672782949812,-3.109482478767333,4.686224494362673,-1.6089491145816397
231,3.851597697118476,942.9921465968588,580.0157068062828,937.681697612732,220.6286472148541,382,754,-0.1327364637618944,-3.1268173232190217,5.22174908799607,-0.6386222612487563
232,3.868271280222885,981.7840909090908,583.3068181818181,977.9129834254144,225.34668508287297,352,724,-0.0412367435568326,-3.130778721457846,5.5275677581623075,-0.1794521470057926
233,3.8849448633272936,1021.2832369942196,583.2485549132948,1018.1475409836064,226.56830601092895,346,732,0.0515922570000473,-3.132801543791753,5.439265073529592,-0.1941918980410146
234,3.9016184464317023,1058.7919254658384,579.5962732919255,1057.2470277410832,223.48216644649935,322,757,0.1401473329039771,-3.137254470958226,5.212226890291589,-0.4430773283286413
235,3.918292029536111,1094.4952380952382,573.1142857142858,1096.6256830601094,217.11065573770492,315,732,0.2254052534286713,-3.1475769171028873,4.808788639293236,-1.0354647057679816
236,3.9349656126405206,1125.411214953271,564.9470404984423,1136.1576642335767,209.1138686131387,321,685,0.3005068069215642,-3.171784284604836,4.157716696138421,-1.961645936610002
237,3.9516391957449297,1151.0,556.1352201257862,1176.421052631579,200.701280227596,318,703,0.3640533231439768,-3.2129922501938735,3.474955979784029,-2.899937718640871
238,3.9683127788493384,1171.7595307917888,547.9853372434018,1216.9037900874634,194.1399416909621,341,686,0.4163867415477481,-3.268488989703574,2.855891844415755,-3.741989376171309
239,3.984986361953747,1188.2832861189802,540.1501416430594,1257.7521008403362,190.60504201680672,353,714,0.4592892231541167,-3.337776991872689,2.3214546795750284,-4.612482534876824
240,4.001659945058156,1201.5492957746478,533.7661971830986,1300.32462173315,191.1801925722146,355,727,0.4938006765937748,-3.422302211429381,1.8583234082708957,-5.326123975334539
241,4.018333528162565,1211.8434065934066,528.1703296703297,1341.7065368567455,197.08623087621697,364,719,0.5212590427194633,-3.5153881333269403,1.4688945851887956,-6.002898356750348
242,4.0350071112669745,1219.7972972972973,523.5729729729729,1383.7507507507507,209.33033033033033,370,666,0.5427841484692983,-3.622481860666575,1.2145295299519667,-6.672393878565334
243,4.051680694371384,1226.7559681697612,519.4244031830239,1425.1509971509972,227.11680911680912,377,702,0.5617601608202891,-3.737893561006158,1.0881202667934848,-7.326872207359185
244,4.068354277475793,1233.116402116402,515.6481481481482,1466.3201133144476,252.54107648725213,378,706,0.579069875861244,-3.8668122859561502,1.048910344676531,-7.915915838883492
245,4.085027860580201,1239.388888888889,511.44973544973544,1504.8541374474053,283.03366058906033,378,713,0.596738348422366,-4.001866922180421,1.1387479430134198,-8.520600749166299
246,4.10170144368461,1246.521978021978,506.5137362637363,1541.4347826086955,321.0266479663394,364,713,0.6170438927868621,-4.150950175337578,1.4048784394349474,-9.508322892669916
247,4.118375026789019,1255.771186440678,499.9491525423729,1576.3456647398843,366.8820809248555,354,865,0.643587063245388,-4.318942546049393,1.8593037472793392,-10.542024259752791
248,4.1350486098934285,1267.8179104477613,490.75223880597014,1605.6744639376218,418.7787524366471,335,1026,0.6790464038800643,-4.502496810504946,2.634408565325476,-11.803198689503509
249,4.151722192997838,1284.9575757575758,476.3333333333333,1628.0900584795322,476.387134502924,330,855,0.7314371235352303,-4.712545774543969,3.8712052754336503,-14.03141645016386
250,4.168395776102246,1308.922600619195,453.9102167182662,1639.397802197802,541.1219780219781,323,910,0.8081401296284032,-4.9704047870137025,5.566061398338726,-17.262042668393747
251,4.185069359206655,1339.873754152824,418.99003322259136,1626.0882352941176,604.7941176470588,301,918,0.9170494981141176,-5.288185980510603,6.999413502223113,-19.909362041757465
252,4.201742942311064,1368.9477351916375,374.2787456445993,1576.338061465721,647.7340425531914,287,846,1.041550735051282,-5.63432559213172,5.733658433311518,-18.499204417254607
253,4.218416525415473,1382.1868131868132,348.989010989011,1509.8976744186043,670.5046511627907,364,860,1.1082507588743475,-5.905082024943692,2.6160177471663864,-14.939762324597078
254,4.235090108519882,1385.6506329113924,340.9088607594937,1438.0011013215858,685.7477973568282,395,908,1.128787513671257,-6.132524329490296,0.1161518988275138,-12.624592784038848
255,4.251763691624292,1382.3316062176166,347.21243523316065,1367.308091286307,697.2686721991702,386,964,1.1121240955500185,-6.326076418831679,-1.98401318666117,-11.103760279110556
256,4.2684372747287,1372.0027472527472,365.6510989010989,1295.3410852713178,709.0891472868217,364,1032,1.0626262961751805,-6.502803269060666,-3.796530862250791,-9.747422952664406
257,4.285110857833109,1354.6704871060172,393.5845272206304,1228.0567595459236,722.0288957688339,349,969,0.9855205498696344,-6.651125352141826,-5.27188743652413,-8.407429917345311
258,4.301784440937518,1329.7018072289156,427.42469879518075,1160.2307692307693,737.6526806526806,332,858,0.886823789595231,-6.783167231903369,-6.472521277008711,-7.21028813902139
259,4.318458024041927,1295.919298245614,464.1508771929825,1092.142506142506,756.7174447174447,285,814,0.7696803070551141,-6.891568029127241,-7.266497186160341,-5.601741248786694
260,4.335131607146336,1255.942528735632,499.5229885057471,1026.4244897959184,779.4421768707483,174,735,0.644506700172434,-6.9699694283854505,-7.898371885142861,-3.4796049261083093
261,4.3518051902507455,1206.8118811881188,532.2673267326733,964.5151006711408,806.0755033557047,101,596,0.5062919870222002,-7.007602992939197,-8.858792678230788,-1.0306192676804151
262,4.368478773355154,1145.9493670886077,560.8924050632911,902.0210696920584,838.3646677471637,158,617,0.3490910683220123,-7.0043376604028,-10.062527179915614,1.9807489280811723
263,4.385152356459563,1072.1589743589743,580.5025641025641,846.6140089418778,872.096870342772,195,671,0.1707352206728058,-6.941550629216536,-12.655774557749792,6.955042590047394
264,4.401825939563972,968.1001855287568,585.4489795918367,799.0882352941177,902.9088235294116,539,680,-0.0729431493565997,-6.772406699163081,-15.196502302903784,12.212088451029675
265,4.418499522668381,857.4944512946979,564.173859432799,769.2931297709923,907.981679389313,811,655,-0.3360250674148116,-6.534312085883263,-13.958063439769925,12.11444526452231
266,4.43517310577279,779.7587939698492,525.713567839196,750.1081081081081,872.7243243243244,199,740,-0.5384050108358328,-6.368424279399428,-13.814450863163374,10.474877514702046
267,4.4518466888771995,692.8545994065282,457.7121661721068,728.5513361462729,820.1251758087201,337,711,-0.7966978564322695,-6.185004604383484,-12.555862655605468,7.2424646865155795
268,4.468520271981608,647.7651821862348,405.7368421052632,704.3193033381713,764.6705370101597,247,689,-0.9571074497073988,-6.126908605736698,-9.089265947227858,2.327488158199757
269,4.485193855086017,615.1194690265487,353.7345132743363,678.8743315508021,712.6550802139037,226,748,-1.0997991186906262,-6.107389469922941,-8.14106290326411,0.3141458905012372
270,4.501867438190426,590.875,303.5875,651.6785714285714,664.8349753694581,240,812,-1.2285888274589891,-6.1164327305123365,-7.255642037722901,-1.288201908478998
271,4.518541021294835,574.5943060498221,257.1067615658363,623.0889929742389,620.023419203747,281,854,-1.3417542196742585,-6.150347353075507,-6.397074822364089,-2.7468759936820795
272,4.535214604399244,564.641638225256,214.4232081911263,591.9889162561576,577.6305418719212,293,812,-1.4419131448106093,-6.208033260828665,-5.579297101267106,-3.7929181949651474
273,4.5518881875036525,559.4395280235988,177.00884955752213,561.7568922305765,541.6629072681704,339,798,-1.527807967438589,-6.276830426539459,-4.693970085085282,-4.41930926895934
274,4.568561770608062,557.1989247311828,145.86021505376343,530.9050203527815,509.31071913161463,372,737,-1.5984437454171676,-6.355404701548822,-3.7445034064330063,-4.868622057624087
275,4.585235353712471,556.4103194103194,121.73955773955774,499.8476821192053,481.37483443708607,407,755,-1.6526765449023957,-6.439185175502967,-2.78288185309093,-5.151858390278662
276,4.60190893681688,556.7013888888889,104.51388888888889,468.5986394557823,458.3673469387755,432,735,-1.6912449691116942,-6.527204579573738,-1.835146964330564,-5.26708570079253
277,4.618582519921289,556.9642857142857,94.359375,438.27941176470586,439.0120320855615,448,748,-1.7138734957395343,-6.614827557803384,-0.8530469312305528,-5.352400590369118
278,4.635256103025698,557.0085653104925,91.73661670235546,407.5974683544304,424.06962025316454,467,790,-1.7196916669113615,-6.705691971676952,0.1265715853359403,-5.50543259481493
279,4.6519296861301065,556.6917808219179,96.22602739726028,377.2465233881163,413.1276864728192,438,791,-1.709652692046023,-6.798418133594121,1.0980989450216574,-5.715694980085765
280,4.668603269234516,556.0350877192982,108.10526315789474,346.4845758354756,405.9498714652957,399,778,-1.683073178877997,-6.896294202176779,2.123415139314303,-6.0046044385111355
281,4.685276852338925,555.6614173228346,127.8503937007874,316.3388746803069,403.2237851662404,381,782,-1.638842814464989,-6.998654675823358,3.274936186880178,-6.428822944761247
282,4.701950435443334,556.6939890710382,156.7295081967213,287.84387096774196,403.8477419354839,366,775,-1.5738633375308309,-7.1106772294427945,4.599701116921095,-7.311193642117232
283,4.718624018547743,560.1301775147929,195.65976331360943,260.28306878306876,405.9074074074074,338,756,-1.4854558168081355,-7.242462265391895,6.196820159460846,-8.754209208915695
284,4.735297601652152,570.3459459459459,246.64594594594595,240.1172680412371,406.72551546391753,370,776,-1.367216945707136,-7.402605298959271,8.027582716737879,-10.38905510510448
285,4.75197118475656,591.5989159891599,308.3252032520325,236.35271317829455,404.7609819121447,369,774,-1.217758681698043,-7.588907812734383,9.169119308220582,-10.757468098348587
286,4.76864476786097,622.9574468085107,368.2893617021277,253.6871794871795,402.59871794871793,235,780,-1.0614528001474224,-7.761336375620958,8.841255183766123,-8.89265359816075
287,4.785318350965379,657.0593607305937,417.1324200913242,285.89,405.4475,219,800,-0.9229278755904208,-7.8854526103096925,7.938077818776432,-6.296727802885864
288,4.801991934069788,692.9962962962964,457.5481481481482,325.6297262059974,414.245110821382,270,767,-0.7967403997461535,-7.971314404235478,7.386900439355445,-4.109919827009252
289,4.818665517174197,731.6053412462908,491.4718100890208,368.3070967741935,429.66064516129035,337,775,-0.6765956788712442,-8.022506789885886,7.231432126475026,-2.161659693763043
290,4.835339100278606,774.1590909090909,520.780303030303,413.6393229166667,451.6627604166667,396,768,-0.5555926306968049,-8.043399629330297,7.2317106162040705,-0.2979003979586439
291,4.852012683383014,819.2437185929648,545.1834170854271,459.4031791907515,480.2760115606936,398,692,-0.4354386229786136,-8.032440923970286,7.1575671703885195,1.5828417310395844
292,4.8686862664874235,866.3514986376022,563.5531335149864,504.32816229116946,513.7780429594272,367,838,-0.31690804861508,-7.990616343043067,7.057410618111319,3.607500966792881
293,4.885359849591833,914.463190184049,576.5398773006135,553.708229426434,555.5349127182045,326,802,-0.2000939780925787,-7.912140989632173,6.810375507244274,5.789076439332338
294,4.902033432696242,961.0098039215686,583.6470588235294,604.48,603.7819047619048,306,1050,-0.0898013246305422,-7.797567048825099,6.366186304917164,7.826072442330747
295,4.918707015800651,1004.541958041958,585.3706293706293,658.0838383838384,656.6181818181818,286,990,0.0122002947337946,-7.651163651135519,5.661275627144342,9.689748475855962
296,4.935380598905059,1041.576323987539,583.4953271028037,714.8217905405405,713.831081081081,321,1184,0.0989861746617703,-7.47444139587909,4.578324602499784,11.502383681811184
297,4.952054182009468,1069.4833836858006,579.7280966767372,777.2318029115341,773.88241881299,331,893,0.1648744462112754,-7.267591750700566,3.0028093216502114,13.42740228153568
298,4.9687277651138775,1084.0079575596817,577.7161803713528,845.5070993914808,837.0943204868154,377,986,0.1991213562042278,-7.026675580244058,0.8908590908420806,15.24064648134193
299,4.985401348218287,1082.203804347826,578.6114130434783,919.8975225225224,893.3063063063063,368,888,0.1945820723822227,-6.75935937935742,-1.9980408254167883,18.179527544844422
300,5.002074931322696,1056.0897435897436,583.9871794871794,1007.7771260997068,933.766862170088,312,682,0.1324923567070503,-6.420439853608347,-5.266810733079291,22.291122319027306
301,5.018748514427105,1007.4829721362228,588.3653250773993,1099.7574893009985,925.4835948644792,323,701,0.0189488594758412,-6.016013618403725,-5.411541422604822,22.45221539514927
302,5.035422097531513,978.7507163323784,586.7593123209169,1177.5485564304463,870.3110236220473,349,762,-0.0479672145584558,-5.671722095070122,-2.360410293376783,18.628888333996212
303,5.052095680635922,973.7630208333334,585.3541666666666,1240.8878406708595,802.4318658280922,384,954,-0.0597641348983991,-5.394792982844443,0.4545075258883966,14.776597674522872
304,5.068769263740331,985.278125,586.165625,1289.161403508772,739.2210526315789,320,855,-0.0328106765494968,-5.178964436416975,2.4784160291438315,12.971860860467336
305,5.085442846844741,1009.1115107913668,585.5071942446043,1339.3736559139784,669.7768817204301,278,744,0.0228840163600588,-4.962218182692778,3.9357391260873618,11.526422186465622
306,5.10211642994915,1041.2803347280335,582.8953974895397,1378.5035211267605,610.6784037558685,239,852,0.0984350702426863,-4.794590919971899,4.9132960523630835,9.611793311055091
307,5.118790013053559,1078.6143497757848,577.7443946188341,1416.8199513381994,553.794403892944,223,822,0.1867285164513397,-4.641692113584219,5.566895194986995,8.075191415643566
308,5.135463596157967,1118.9056603773586,567.6367924528302,1452.1320528211284,504.5582232893157,212,833,0.2840752495769877,-4.525306169666413,5.991765090813898,6.257451736038952
309,5.152137179262376,1160.0875576036867,553.0599078341014,1486.0068493150684,459.5643835616438,217,730,0.386536902818904,-4.433023830498872,6.155458843197927,4.62657477333783
310,5.168810762366785,1199.646017699115,534.2389380530974,1522.1598513011152,419.65799256505574,226,807,0.4893423587126474,-4.371023011722392,5.994217635166474,2.852904223700569
311,5.1854843454711945,1235.3556485355648,513.3389121338912,1555.472775564409,387.51660026560427,239,753,0.5864270745906283,-4.33788755917329,5.8037121370363325,1.1923611514470231
312,5.202157928575604,1268.5708502024293,489.08097165991904,1590.0357142857142,360.2632275132275,247,756,0.6828797119745321,-4.331261146224151,5.686558795744742,-0.3139365104737147
313,5.218831511680013,1298.6206896551723,463.0229885057471,1623.627688172043,339.19086021505376,261,744,0.7760576959085439,-4.3483564521670734,5.52260792074184,-1.6450746727522365
314,5.235505094784421,1325.535849056604,434.94716981132075,1658.2150395778365,322.3812664907652,265,758,0.8670430362136449,-4.386119724762336,5.365093462381425,-2.903025851354212
315,5.25217867788883,1349.1374570446735,405.6219931271478,1692.2478736330495,311.6877278250304,291,823,0.95496835932442,-4.445164137740678,5.259949583637802,-4.142676798335633
316,5.268852260993239,1370.3026315789473,374.625,1724.9271899886237,307.1137656427759,304,879,1.0424474492292175,-4.5242662565058485,5.309639049140415,-5.374430636847536
317,5.2855258440976485,1388.4969879518071,340.71385542168673,1755.3550051599586,308.3457172342621,332,969,1.1320297752049355,-4.624386169465396,5.412299310037972,-6.543410495650813
318,5.302199427202058,1404.6951566951566,305.0769230769231,1777.966101694915,316.30885122410547,351,1062,1.2229322938929246,-4.74247045387684,5.53126935607958,-8.039310840315864
319,5.318873010306466,1418.1357340720222,266.95290858725764,1777.3733421095935,332.35491104894595,361,0,1.3164819337678628,-4.892474404261761,5.347330174650523,-8.795898328330182
320,5.335546593410875,1427.8150289017342,231.43930635838151,1776.780582524272,348.40097087378643,346,1030,1.4012506020004232,-5.035788737387531,4.46338828489343,-8.717891187585945
321,5.352220176515284,1432.515406162465,203.9467787114846,1754.399577167019,367.77801268498945,357,946,1.465323284758695,-5.183191370684579,3.216721605495521,-8.443898347083438
322,5.368893759619693,1434.3475935828876,185.2139037433155,1728.0988764044944,388.33483146067414,374,890,1.508519152026378,-5.3173688190180854,1.9053720763009017,-7.514866231501444
323,5.385567342724102,1434.463054187192,176.3448275862069,1700.7906976744189,410.593635250918,406,817,1.5288620440767418,-5.433790863943491,0.6843248372873058,-6.812600584033534
324,5.402240925828512,1434.357487922705,175.2608695652174,1672.4384422110552,436.7185929648241,414,796,1.5313394461162202,-5.544549743008142,-0.3897700589595958,-6.328283062438601
325,5.41891450893292,1433.889447236181,181.9824120603015,1644.3341584158416,465.5990099009901,398,808,1.5158643171373951,-5.644821171043079,-1.437800126152821,-5.710918726444489
326,5.435588092037329,1432.2659574468084,196.0239361702128,1616.287012987013,497.3909090909091,376,770,1.4833928863343426,-5.7349926989839375,-2.5115372648066456,-5.055341709067339
327,5.452261675141738,1428.233429394813,217.95389048991353,1588.3462986198244,533.32747804266,347,797,1.432111666528248,-5.813402491257717,-3.6153795828469297,-4.3599024233319525
328,5.468935258246147,1421.8958333333333,247.2559523809524,1560.3076923076924,572.089960886571,336,767,1.362830222477179,-5.880383089749016,-4.6774012547980135,-3.5977333948796852
329,5.485608841350556,1411.114114114114,283.06306306306305,1532.4018087855295,615.5297157622739,333,774,1.276133589459165,-5.933376704751785,-5.728146238521622,-2.5914977429398807
330,5.5022824244549655,1394.665625,324.759375,1504.8684210526317,661.3796992481203,320,798,1.1718127777927831,-5.966802195712609,-6.761046874547761,-1.2925854205778635
331,5.518956007559374,1370.8611987381703,370.8738170347003,1477.9433962264152,708.9949685534591,317,795,1.0506718355880116,-5.97648076561089,-8.094529446467497,0.4617801535913857
332,5.535629590663783,1334.7194029850746,423.2089552238806,1449.8914819136523,757.5087514585764,335,857,0.9018831589592602,-5.951403136178864,-9.147819037563476,2.1199525268152515
333,5.552303173768192,1289.9738219895287,472.8272251308901,1419.8592057761732,800.4897713598075,191,831,0.7456179936941931,-5.905786356344378,-10.594736874160724,4.567770477528246
334,5.568976756872601,1222.9885057471265,524.051724137931,1383.781746031746,829.8359788359788,174,756,0.54857870747793,-5.7990809348609975,-14.361631098558096,9.430468317040296
335,5.58565033997701,1112.5465838509317,572.4906832298136,1334.6829268292684,840.609756097561,161,779,0.2666982944208473,-5.591306961949043,-13.647362886347564,7.337650210979774
336,5.6023239230814195,1039.3529411764705,585.0073529411765,1272.0407608695652,845.6494565217391,136,736,0.0934778289948441,-5.554391093693287,-9.531158370826828,0.5494000588139746
337,5.618997506185828,977.4292237442922,585.9497716894978,1203.558734939759,848.9292168674699,219,664,-0.0511388279336816,-5.572986026872639,-8.414874056521947,-2.222884618023852
338,5.635671089290237,919.7096774193548,578.573476702509,1131.1073446327684,853.9759887005649,279,708,-0.1871343747942635,-5.628517996513553,-7.569143497410256,-4.884714262922501
339,5.652344672394646,871.4227405247814,566.4344023323615,1051.2227722772277,861.4752475247525,343,606,-0.3035483142002151,-5.7358774052809,-6.4998428724853055,-7.273527983191532
340,5.669018255499055,831.1675977653631,551.5558659217877,970.3021582733812,869.8330935251798,358,695,-0.4038857153942318,-5.87106954309353,-5.223002377770669,-9.342077371957744
341,5.685691838603464,802.6066838046272,538.0668380462724,884.1807065217391,877.6127717391304,389,736,-0.4777206426007851,-6.047409212139212,-3.4296848650623315,-11.74680306653893
342,5.7023654217078725,787.1593137254902,530.1519607843137,794.3188775510204,881.1798469387755,408,784,-0.5182559866333328,-6.262792137375656,-1.2091757562425414,-14.33876631221668
343,5.719039004812282,787.1820388349514,530.2961165048544,702.5768757687576,872.4920049200492,412,813,-0.5180432275198783,-6.5255664355821015,1.2498100400012342,-18.169913247863064
344,5.735712587916691,802.5601023017903,539.2225063938619,607.788643533123,832.9558359621451,391,317,-0.4765783634999622,-6.868707254451949,2.2693507804110853,-18.17504847561855
345,5.7523861710211,815.8768472906404,545.3817733990148,550.6276445698167,779.1184767277856,406,709,-0.4423668098593991,-7.131652797951877,1.0768933382986718,-15.163592119928456
346,5.769059754125509,816.8299492385787,545.0685279187817,502.2771428571429,708.6728571428572,394,700,-0.4406670223585476,-7.374370081197926,-0.6714756521156765,-13.460818106789358
347,5.785733337229918,807.580901856764,540.5198938992042,463.24433497536944,637.0975369458129,377,1015,-0.464758620035675,-7.580532936665648,-2.035376963785505,-11.05921564929298
348,5.8024069203343265,791.1811023622047,531.4829396325459,434.1541463414634,571.2107317073171,381,1025,-0.5085410762675021,-7.743163583594059,-3.0338515880039005,-9.376975210840108
349,5.819080503438736,770.2203389830509,518.7514124293785,408.2836322869955,504.53923766816143,354,892,-0.5659289731937274,-7.893228487557499,-3.666048436157782,-8.045748335846818
350,5.835754086543145,747.4239766081871,503.00584795321635,386.9405940594059,445.76113861386136,342,808,-0.6307934027976329,-8.011466490623864,-3.989192047750732,-6.498990521754493
351,5.852427669647554,724.2782608695652,485.3304347826087,368.7450248756219,392.2835820895522,345,804,-0.6989572234489659,-8.109951404675979,-4.115395150419179,-5.300094374001629
352,5.869101252751963,702.1532033426184,465.76880222841226,351.7305825242718,344.08252427184465,359,824,-0.7680301688936246,-8.188209618636117,-4.121667010141924,-4.112461670138641
353,5.885774835856372,681.4567567567567,445.0810810810811,336.86961722488036,302.183014354067,370,836,-0.8364031382935705,-8.247090347517485,-3.9491407298343537,-3.046623295643895
354,5.90244841896078,663.548128342246,424.6978609625669,322.69897377423035,265.9680729760547,374,877,-0.8997228211934235,-8.28980587205161,-3.641919852349019,-2.166258458613622
355,5.91912200206519,647.9609375,405.2083333333333,309.3591470258137,235.1874298540965,384,891,-0.957850844929047,-8.319328928388131,-3.305948802974685,-1.3545781334497236
356,5.935795585169599,634.9485861182519,386.95629820051414,297.0055187637969,210.5916114790287,389,906,-1.0099668454040631,-8.33497721421059,-2.9216517209038577,-0.6075165905886094
357,5.952469168274008,624.5181347150259,370.4637305699482,285.13966480446925,191.35418994413408,386,895,-1.055279650470307,-8.339587885109104,-2.46344036582962,-0.0251065730354109
358,5.969142751378417,616.3134715025907,356.84715025906735,274.4022471910112,178.04719101123595,386,890,-1.0921156007288948,-8.335814447274535,-1.9848652010928136,0.4993797218635618
359,5.985816334482826,610.1633663366337,345.7524752475247,264.6758849557522,170.7112831858407,404,904,-1.121469280233248,-8.322934986522807,-1.4721835425409788,1.006142441231798
360,6.002489917587234,605.9881235154394,338.28503562945366,255.95783783783784,169.9427027027027,421,925,-1.1412087500118953,-8.302262448057032,-0.9346397252041406,1.4480940726266036
361,6.0191635006916435,603.8558558558559,333.82207207207205,248.6927966101695,174.93326271186442,444,944,-1.1526368664949944,-8.274645152796923,-0.4243173554530197,1.8683138304304467
362,6.035837083796053,603.3094170403588,332.7757847533632,243.1483870967742,186.42043010752687,446,930,-1.1553585313894732,-8.239959476223435,0.0704054355884911,2.281244559016772
363,6.052510666900462,604.4782608695652,334.6567505720824,239.62913223140495,203.7086776859504,437,968,-1.1502890447324208,-8.19857211132443,0.534998407606156,2.7630507451538335
364,6.069184250004871,607.018691588785,339.56775700934577,237.93070362473347,227.88272921108745,428,938,-1.1375178505695778,-8.147819563781391,0.9496185160104944,3.2979255585109977
365,6.085857833109279,610.5096153846154,346.9519230769231,238.50213675213675,258.03632478632477,416,936,-1.1186219582440478,-8.088595639580454,1.3115654736740676,3.8438379322803335
366,6.102531416213688,615.6625310173697,356.37468982630276,241.5856052344602,293.83315158124316,403,917,-1.0937808587252216,-8.01963846137388,1.624711174771128,4.500519817710379
367,6.1192049993180975,621.9925373134329,367.35074626865674,247.37320044296789,335.6068660022148,402,903,-1.064442444657631,-7.938516057193187,1.862944705054918,5.275374740525749
368,6.135878582422507,629.3638676844784,379.42239185750634,256.3873873873874,383.25,393,888,-1.031656932007918,-7.843719663087768,2.0082951233062083,6.031487587186889
369,6.152552165526916,637.2801047120419,391.85078534031413,269.6608122941822,434.9099890230516,382,911,-0.9974714933843803,-7.737383038136843,2.047737644073651,7.09789956353523
370,6.169225748631325,645.7841191066998,403.83374689826303,289.3315392895587,493.6964477933262,403,929,-0.9633706844389404,-7.607024826609062,1.984498516175364,8.106900688030905
371,6.185899331735733,653.9873417721519,414.9417721518987,316.28528827037775,552.5497017892644,395,1006,-0.9312940915243278,-7.467040873454696,1.899855184348956,8.894828948165458
372,6.202572914840142,662.2803970223325,425.54342431761785,352.21020408163264,612.9183673469388,403,980,-0.9000158978337713,-7.310407487275583,1.927680782739757,9.728402433436033
373,6.219246497944551,671.4154589371981,436.4130434782609,398.736690647482,671.431654676259,414,695,-0.8670114000647609,-7.1426262205606355,2.243052490171178,10.19936872994628
374,6.235920081048961,683.8439024390244,449.39756097560974,455.9403553299492,727.1675126903554,410,788,-0.82521645362893,-6.970287443013044,2.967644473446597,9.72967418425018
375,6.25259366415337,701.3840399002494,466.55361596009976,518.8567493112947,774.5482093663912,401,726,-0.7680488665600571,-6.818169158380799,4.034718992504621,8.609893037605847
376,6.269267247257779,726.4166666666666,488.30392156862746,587.1818181818181,817.6376089663761,408,803,-0.6906700087800038,-6.683171908847857,5.308708596894101,7.333398321319087
377,6.285940830362187,760.7629107981221,513.6079812206573,658.9346314325452,854.2990264255911,426,719,-0.5910184786252487,-6.573621105684305,6.482313497924572,5.6063802612150715
378,6.302614413466596,803.7140077821011,538.9241245136187,728.974647887324,884.4408450704225,514,710,-0.4745032231470489,-6.496215014447282,7.605755434544031,4.055679751162924
379,6.319287996571005,857.560143626571,562.2154398563735,803.0263522884882,910.7891816920944,557,721,-0.3373880880058884,-6.4383756789325375,8.652533682104973,2.8266728379883155
380,6.3359615796754145,920.0822669104203,579.2979890310786,878.5188284518829,927.60529986053,547,717,-0.1859657443224986,-6.401953485500934,9.112481486195268,1.8198129973782604
381,6.352635162779824,984.9611231101512,586.6479481641469,952.031363088058,934.05548854041,463,829,-0.0335126533109582,-6.377690072439997,9.020424447136708,1.7653279929717924
382,6.369308745884233,1048.4314720812183,583.7817258883249,1027.638472032742,930.4979536152796,394,733,0.114839848990254,-6.343084799506225,8.546361377430934,2.837909689946636
383,6.385982328988641,1105.9877675840978,573.2262996941896,1106.0333778371162,920.1228304405874,327,749,0.2514842800228536,-6.283053826323732,7.625617400164508,4.519668596398143
384,6.40265591209305,1153.820788530466,557.4301075268817,1185.26609963548,902.7205346294046,279,823,0.3691325798783942,-6.192366659613361,6.493289966088074,5.9978055420139125
385,6.419329495197459,1192.5876288659797,540.4192439862543,1261.364898989899,879.4621212121212,291,792,0.4680170997640426,-6.083044008026024,5.296727838254625,7.581816358513206
386,6.4360030783018685,1221.767741935484,524.3677419354839,1338.015447991761,849.2183316168898,310,971,0.5457634434635443,-5.939534569341286,4.139921401482704,9.120649736694649
387,6.452676661406278,1243.3067846607669,510.1032448377581,1409.8824626865671,811.9337686567164,339,1072,0.606071746830729,-5.778896185324056,3.199183284823207,9.99670876495137
388,6.469350244510686,1259.4126074498568,498.4785100286533,1474.5299227799228,766.1264478764479,349,1036,0.652447140195016,-5.6061726606153055,2.6527564354908777,10.545532185383712
389,6.486023827615095,1273.63687150838,487.39385474860336,1532.21875,711.8392857142857,358,896,0.6945336565965547,-5.427232570777626,2.566098253571813,10.250268876571564
390,6.502697410719504,1287.7710144927537,475.2434782608695,1578.7151515151515,654.4109090909091,345,825,0.7380192451650328,-5.2643552407032,2.802973996367275,8.940473384327657
391,6.519370993823913,1303.2183908045977,460.3965517241379,1616.1436100131752,598.905138339921,348,759,0.788004896332409,-5.1290931188449385,3.0927745927531753,7.809850487489506
392,6.536044576928322,1318.918309859155,443.8873239436619,1648.322891566265,542.7349397590361,355,830,0.8411545135559823,-5.003918858430869,3.2924160062300873,6.6758380830447095
393,6.5527181600327316,1334.4916666666666,425.2611111111111,1673.3140604467806,491.85939553219447,360,761,0.8977976401207364,-4.90647283670649,3.4023175672224992,5.6275578723873
394,6.56939174313714,1349.2794520547943,405.9095890410959,1695.552068473609,442.00570613409417,365,701,0.954612162965332,-4.816255750710628,3.365482483317325,4.8302479305138
395,6.586065326241549,1362.5094339622642,386.1725067385445,1714.2063074901446,397.78580814717475,371,761,1.0100269438647846,-4.745397756137847,3.2095213664648905,3.871383258040244
396,6.602738909345958,1373.9740932642487,367.23316062176167,1730.377962085308,358.2381516587678,386,844,1.0616406054235894,-4.687156089746725,2.9454638153751804,3.227777929511177
397,6.619412492450367,1383.5502645502645,349.66931216931215,1744.9133192389006,322.6511627906977,378,946,1.10824981527816,-4.6377605090372835,2.6497772056515174,2.5740424222025258
398,6.636086075554776,1391.2628865979382,333.4871134020619,1757.2281947261663,292.67139959432046,388,986,1.1500031663167878,-4.601319069264989,2.27039098162125,2.0164287846090954
399,6.6527596586591855,1397.46,320.27,1767.588856868396,267.4044188280499,400,1041,1.1839609207012851,-4.570518323208679,1.792423778747578,1.6394295680698343
400,6.669433241763594,1401.7326732673268,310.0222772277228,1775.6328888888888,247.47822222222223,404,1125,1.2097754199833208,-4.546648738970913,1.261819003430794,0.6404407010581974
401,6.686106824868003,1403.9626865671642,303.3905472636816,1776.2526564885495,242.07707209499577,402,0,1.2260390087341368,-4.5491614407036,0.7123265052271925,0.1144231735437773
402,6.702780407972412,1404.9975124378109,300.3407960199005,1776.8724240882102,236.67592196776928,402,0,1.2335294903480785,-4.542833050384608,0.1563260743906829,0.6786138804619732
403,6.719453991076821,1404.8771498771498,301.33660933660934,1777.4921916878711,231.27477184054283,407,0,1.231252040319615,-4.526531590840223,-0.4261588879087726,1.2296235078026618
404,6.73612757418123,1402.8804071246818,306.0712468193384,1778.1119592875318,225.87362171331637,393,1179,1.2193182990816196,-4.501828590895643,-1.0184078292640049,0.7310011479545186
405,6.7528011572856395,1399.3167082294265,314.8428927680798,1770.4946140035906,235.63824057450628,401,1114,1.1972910251687867,-4.502154774060547,-1.5754051849149096,-0.2030254789021851
406,6.769474740390048,1394.15649867374,326.8885941644562,1760.4108309990663,251.1988795518207,377,1071,1.1667830005340285,-4.508598915285219,-2.0790980357387796,-0.6351573783971515
407,6.786148323494457,1386.961139896373,341.9222797927461,1748.336693548387,272.7772177419355,386,992,1.127958997406579,-4.523335472726714,-2.5141263876778246,-1.1488513440128008
408,6.802821906598866,1378.1708542713568,359.11306532663315,1735.0305010893246,299.5152505446623,398,918,1.082944010014161,-4.546909852003238,-2.898326796020613,-1.6741225115895542
409,6.819495489703275,1366.8530183727034,378.1364829396326,1720.0927601809956,330.7952488687783,381,884,1.0313080120122085,-4.579162714374615,-3.2536300338191677,-2.2572905992275936
410,6.836169072807684,1353.826558265583,398.7181571815718,1703.878640776699,367.05582524271847,369,824,0.9744446684943912,-4.622184096797283,-3.5043856178948474,-3.0419658368391937
411,6.8528426559120925,1338.7201086956522,419.5108695652174,1685.993103448276,408.4689655172414,368,870,0.9144466823524776,-4.680603654737237,-3.648068061423648,-3.964363103606025
412,6.869516239016502,1321.8989071038252,439.8661202185792,1665.867605633803,454.3197183098591,366,710,0.8527919365090164,-4.7543843721253385,-3.680666210742546,-5.144020553446499
413,6.886189822120911,1303.988795518207,458.92717086834733,1642.8503649635036,506.5948905109489,357,822,0.7917068944636658,-4.852142163114594,-3.564172807052245,-6.588606919395088
414,6.90286340522532,1286.235465116279,476.15406976744185,1614.5467720685112,564.0922266139657,344,759,0.7339368735152959,-4.974095742150975,-3.26316689875692,-7.944020832657799
415,6.919536988329729,1269.569014084507,490.30140845070423,1582.007702182285,624.1193838254172,355,779,0.6828895255237057,-5.117052746187546,-2.7707075823424465,-9.360159253868677
416,6.936210571434138,1255.553672316384,501.1186440677966,1540.7900807381775,685.4959630911188,354,867,0.6415416272508901,-5.286230528530739,-2.109888127874358,-10.98144877307726
417,6.9528841545385465,1245.5326086956522,508.4592391304348,1490.0136054421769,745.9348882410106,368,1029,0.6125307354414677,-5.483252943636973,-1.5125114949216236,-12.44433655847454
418,6.969557737642956,1238.0508021390374,513.7754010695187,1426.612380952381,800.347619047619,374,1050,0.591103655036991,-5.701213888104659,-1.3844208765355122,-12.832466760823827
419,6.986231320747365,1228.9833333333331,519.2638888888889,1354.351593625498,840.5786852589641,360,1004,0.5663642223686806,-5.911179345579297,-2.1156354362263747,-12.070024328581022
420,7.002904903851774,1212.1572700296736,529.3234421364986,1273.9722222222222,870.0474537037037,337,864,0.520553208507885,-6.103714995534327,-3.474185865309848,-10.477838062810555
421,7.019578486956183,1185.6534653465346,543.3069306930693,1193.5308108108109,891.8064864864865,303,925,0.450509968877867,-6.26058555296892,-4.9934997454111425,-8.543814183083354
422,7.036252070060592,1147.7532894736842,559.6611842105264,1110.9496774193549,907.4090322580644,304,775,0.3540341425339694,-6.388626987154864,-6.3374357776202626,-6.659478553412985
423,7.052925653165,1100.7283950617284,573.929012345679,1031.0,918.8399071925754,324,862,0.2391744446638545,-6.482660291153642,-7.640223711325577,-4.250577952527036
424,7.06959923626941,1041.7753424657535,584.3369863013698,955.4589774078478,926.3912009512484,365,841,0.0992543325598433,-6.53037171662132,-9.106301075152135,-1.6806125873714202
425,7.086272819373819,971.6974789915968,585.9180672268908,882.8262454434994,926.1227217496962,476,823,-0.0644948908367815,-6.538703958437348,-10.135851166537424,0.1570433512620948
426,7.102946402478228,897.917445482866,574.7492211838006,813.4146023468057,917.1655801825292,642,767,-0.2387475809585216,-6.525134765884793,-10.208503313767975,0.5762684681619339
427,7.119619985582637,830.6363636363636,551.672384219554,747.8380062305296,895.518691588785,583,642,-0.4049195475842712,-6.519487038048651,-9.723075100138116,-0.0430871277159577
428,7.136293568687046,770.7471264367816,520.2739463601532,685.2406639004149,864.6293222683264,522,723,-0.5629845823836468,-6.526571599494198,-8.743546578274488,-1.6114630951997926
429,7.152967151791454,724.2958333333333,486.95208333333335,622.3768328445748,828.4398826979473,480,682,-0.6964920485845322,-6.573224765723655,-7.254747188502063,-3.8408036639909566
430,7.1696407348958635,690.0441176470588,455.53186274509807,560.2578347578348,788.7008547008547,408,702,-0.80490984268158,-6.654651517652741,-5.862791037913178,-5.479443629241432
431,7.186314318000273,664.7545691906005,427.9791122715405,501.18382352941177,747.7985294117647,383,680,-0.8919995157733913,-6.755948683159818,-4.4829672356119685,-7.235998618264619
432,7.202987901104682,648.2427440633245,406.8232189973615,441.2360876897133,701.2664418212479,379,593,-0.9544040961962176,-6.895951566262789,-2.997891609312745,-9.118804578123433
433,7.219661484209091,638.590570719603,393.82630272952855,385.97093023255815,650.8023255813954,403,688,-0.9919707055451642,-7.06003497505223,-1.6151349858383306,-9.98239390187524
434,7.236335067313499,634.6861313868613,387.9878345498784,340.6128293241695,600.2222222222222,411,873,-1.0082642710186451,-7.228836114870513,-0.5536739004507729,-10.688967867161914
435,7.253008650417908,634.1634615384615,387.21153846153845,303.8681081081081,541.7005405405405,416,925,-1.0104341611289809,-7.416481763119193,-0.0427581721989311,-10.735921157012468
436,7.269682233522317,634.3774509803922,387.4558823529411,281.6821106821107,483.979407979408,408,777,-1.009690134893748,-7.586848662098173,-0.061709532585878,-9.7982965220204
437,7.286355816626727,633.8923444976076,386.3349282296651,268.6261319534282,426.9560155239327,418,773,-1.0124919991687904,-7.74322718580229,-0.2555085697589916,-8.702141085912452
438,7.303029399731136,632.744019138756,384.1483253588517,263.1472081218274,375.6243654822335,418,788,-1.0182106216372786,-7.87704040726268,-0.4006331956896492,-7.598512797102008
439,7.319702982835545,631.0338983050848,381.3365617433414,262.9497487437186,328.47613065326635,413,796,-1.025851980934223,-7.996616054987081,-0.4382876064206338,-6.699191706709312
440,7.336376565939953,629.6666666666666,378.6546762589928,266.9364896073903,287.40184757505773,417,866,-1.0328262712958525,-8.10043946657105,-0.3644093373676043,-5.802919977133952
441,7.353050149044362,628.7971360381862,376.5799522673031,273.8208430913349,252.54918032786884,419,854,-1.0380039996754655,-8.190126991961037,-0.2019401547181677,-5.044360293252079
442,7.369723732148771,628.3356643356643,376.0745920745921,283.6640181611805,224.35073779795687,429,881,-1.0395604031994736,-8.268654587687289,0.062389119521468,-4.438104353069679
443,7.3863973152531806,629.1919431279621,377.3862559241706,295.1109839816934,201.69679633867275,422,874,-1.0359234993371615,-8.33812519547493,0.3961324964599148,-3.8342962613428857
444,7.40307089835759,631.5821256038647,380.7536231884058,307.78688524590166,185.54332552693208,414,854,-1.0263505069993109,-8.39651750240814,0.7670344713961044,-3.25078438918104
445,7.419744481461999,635.4063260340632,386.47688564476886,321.7284382284382,175.2925407925408,411,858,-1.0103450733316228,-8.446529642809981,1.2008350827880334,-2.754705095316657
446,7.436418064566407,641.1532663316583,395.0577889447236,336.96,171.21058823529413,398,850,-0.9863060599041986,-8.488379111077942,1.6614653342346433,-2.1656638827518515
447,7.453091647670816,649.1194029850747,405.92039800995025,352.2720677146312,173.25997581620314,402,827,-0.9549399126807108,-8.518748396260541,2.1105366141254644,-1.5510207208484876
448,7.469765230775225,659.4153846153846,419.1128205128205,368.40775558166865,180.82608695652175,390,851,-0.9159256446431608,-8.540101256849397,2.5991141249069445,-0.9427010499348883
449,7.486438813879635,672.4346666666667,434.8426666666667,384.3625730994152,194.06666666666663,375,855,-0.8682668219617525,-8.550184804857947,3.113594691887543,-0.1795125445530344
450,7.503112396984044,688.7237851662404,452.53452685422,400.667063020214,213.769322235434,391,841,-0.8120960849458936,-8.546087491509175,3.566681350722626,0.6730452610324901
451,7.519785980088453,708.1443037974684,471.073417721519,416.9907940161105,238.61910241657077,395,869,-0.7493281061453138,-8.52774065267224,4.000956761294644,1.63700813594931
452,7.536459563192861,731.030612244898,490.7678571428572,432.7265160523187,269.81688466111774,392,841,-0.678675514832707,-8.491497909114486,4.401459959034535,2.714996245470625
453,7.55313314629727,757.3494623655914,509.8575268817205,448.87012987012986,306.32821723730814,372,847,-0.602551889329932,-8.437203221618214,4.689716896672648,3.918691098806104
454,7.569806729401679,786.420054200542,527.9756097560976,465.2799043062201,349.67344497607655,369,836,-0.5222867460070623,-8.360820665721583,4.869466233970096,5.211068063421462
455,7.586480312506088,817.4854881266491,544.1767810026386,482.2633495145631,398.6990291262136,379,824,-0.4401689894775043,-8.263428868781835,4.864707334543668,6.496668967140432
456,7.603153895610498,848.9184210526316,557.6105263157895,501.26913875598086,453.79425837320576,380,836,-0.3600625419647787,-8.144175165870681,4.6535938668958945,7.946971317974784
457,7.619827478714906,879.28418230563,567.8525469168901,522.5148698884758,515.9600371747212,373,1076,-0.284984821329791,-7.998419895384621,4.163221221597816,9.608485382522987
458,7.636501061819315,905.6021798365124,574.8119891008174,548.6174273858921,585.6041493775933,367,1205,-0.2212309119240781,-7.823759406804689,3.324981843588371,10.962487666780245
459,7.653174644923724,925.2638190954774,579.1809045226131,577.8261538461538,657.2869230769231,398,1300,-0.1741060991503476,-7.632851997098383,2.1553885419824605,12.454440054940456
460,7.669848228028133,935.6293532338308,581.407960199005,614.8387824126269,734.6076662908681,402,887,-0.1493548119700072,-7.40843912425483,0.5720864082589807,14.581977179491044
461,7.686521811132542,933.156010230179,581.5038363171356,661.5453539823009,813.7345132743363,391,904,-0.1550286386083297,-7.1465843804407045,-1.764401122657469,17.190815244126707
462,7.703195394236952,910.5888888888888,578.15,723.408262454435,882.0911300121506,360,823,-0.2081925894662908,-6.835174151043855,-4.737942306384873,20.86720540281658
463,7.71986897734136,866.9571428571429,567.0619047619048,807.773607748184,917.0072639225182,420,826,-0.3130255881871364,-6.450722213559436,-5.381162061997638,21.879795375444196
464,7.736542560445769,837.1538461538462,555.2846153846153,899.421822272216,902.1181102362204,390,889,-0.3876390951443117,-6.105544978043991,-2.723327097858975,18.558263136221253
465,7.753216143550178,831.284289276808,551.3316708229427,984.417170495768,867.2684401451028,401,827,-0.4038408295604175,-5.831856728208886,0.3338792532165702,15.1441268330127
466,7.769889726654587,841.9945504087193,556.0326975476839,1062.501275510204,827.2385204081633,367,784,-0.3765051681936227,-5.600531263456096,2.6346690983275756,12.834379527302348
467,7.786563309758996,866.4153354632588,564.629392971246,1134.2040302267003,786.3110831234256,313,794,-0.3159820812332513,-5.403866540924884,4.419867024280666,10.8221347206462
468,7.803236892863405,902.3623188405796,573.8768115942029,1200.561224489796,747.4987244897959,276,784,-0.2291151279140616,-5.239643738192488,5.725050992371732,9.074120971336978
469,7.819910475967814,946.005,582.22,1264.6005025125628,712.7638190954774,200,796,-0.1250678542366729,-5.101270320694789,6.569509952327622,7.13272308766056
470,7.836584059072223,995.0386740331492,585.3425414364641,1324.3028263795425,683.3835800807537,181,743,-0.0100405876233086,-5.001787635866798,7.067511108646311,4.884343445633869
471,7.853257642176632,1046.472972972973,582.5540540540541,1380.9271099744246,659.4552429667519,148,782,0.1106136133860229,-4.938391307992286,7.552299595710039,2.5368192181300464
472,7.869931225281041,1101.5545454545454,572.5727272727273,1435.371546961326,641.9116022099447,110,724,0.2418072022536228,-4.917191903758091,7.88247511389824,0.3287278904600735
473,7.88660480838545,1155.25,555.9848484848485,1489.6577896138483,629.0252996005327,132,751,0.3734718211460588,-4.92742916439164,8.083338448691789,-1.879367575356384
474,7.9032783914898594,1208.473282442748,530.7938931297709,1540.7947658402204,621.8636363636364,131,726,0.5113636330242767,-4.979863486660964,8.59417638870035,-4.428314104495272
475,7.919951974594268,1262.0069444444443,496.5,1586.1932773109245,619.5294117647059,144,714,0.6600632496079484,-5.075100890859097,9.666620573947853,-7.51254661145957
476,7.936625557698677,1316.848167539267,446.3141361256544,1616.5924812030075,617.1398496240602,191,665,0.833718035981295,-5.230385627164798,12.063449482120651,-11.979487585989055
477,7.953299140803086,1374.4009433962265,367.125,1623.596264367816,605.0158045977012,424,696,1.0623451045399048,-5.474582854485545,11.699196761198872,-12.090431669432569
478,7.969972723907495,1403.8148148148148,304.33641975308643,1613.963687150838,580.9930167597765,324,716,1.2238530948866586,-5.633567261581723,8.675414448955102,-8.11881338322209
479,7.986646307011904,1420.5575539568345,251.9064748201439,1599.954918032787,552.6420765027323,278,732,1.3516455920995916,-5.745322273794228,6.795588973828169,-5.731020534360159
480,8.003319890116313,1429.0457746478874,210.04577464788733,1584.6551246537397,525.3074792243767,284,722,1.4504667298837173,-5.82468055588718,5.3928260172353335,-4.318404478361486
481,8.019993473220723,1433.138888888889,175.15123456790124,1568.3742603550295,500.5724852071006,324,676,1.531481057631576,-5.889328825691052,4.425600195352582,-3.67452453976017
482,8.03666705632513,1435.330357142857,146.20238095238096,1551.8164464023496,479.7738619676946,336,681,1.5980479551719171,-5.947215536452942,3.5789424862389607,-3.3227589487067495
483,8.053340639429539,1435.5397260273974,123.1013698630137,1534.5863570391873,463.6298984034833,365,689,1.6508286475719869,-6.0001334206254135,2.7459999985031684,-3.1477839796289637
484,8.070014222533949,1435.748743718593,105.98492462311556,1517.167369901547,452.154711673699,398,711,1.6896192735314162,-6.052185212011084,1.9510681908247591,-3.073934792438192
485,8.086687805638357,1435.5210918114144,94.3498759305211,1499.642061281337,445.6350974930362,403,718,1.715891242816158,-6.102640435063918,1.1039477332592966,-2.978152437422179
486,8.103361388742767,1434.9328703703704,89.73842592592592,1481.794034090909,443.53125,432,704,1.7264328020782618,-6.151498156336998,0.2583751364104041,-3.01465113989418
487,8.120034971847176,1434.7405660377358,90.62735849056604,1463.2697740112994,446.41525423728814,424,708,1.7245073214342617,-6.203170507687572,-0.535554149422334,-3.041472639482567
488,8.136708554951586,1434.3140703517588,97.77386934673366,1445.0994318181818,454.0568181818182,398,704,1.708573588843653,-6.252922649965395,-1.330487335977417,-3.1433288311725764
489,8.153382138055994,1434.7539682539682,110.28571428571428,1425.9065155807366,466.87393767705385,378,706,1.6801393391026953,-6.3079916166696535,-2.125964360984048,-3.267190297365425
490,8.170055721160402,1435.1049723756903,128.8977900552486,1407.0435393258426,484.7738764044944,362,712,1.6376787019438943,-6.361874187847477,-2.944351359119917,-3.2227470062596972
491,8.186729304264812,1434.8848484848486,153.22727272727272,1387.7552155771905,507.4450625869262,330,719,1.5819535649529644,-6.415461096736366,-3.7483006850295713,-3.0533222422714457
492,8.20340288736922,1432.6582278481012,183.2974683544304,1368.4354395604396,535.2129120879121,316,728,1.5126834959995872,-6.463693832149584,-4.521516495542577,-2.6150072834826648
493,8.22007647047363,1427.6635802469136,218.28395061728395,1349.721288515406,567.687675070028,324,714,1.431173802860194,-6.502664179255932,-5.305874222600951,-1.9927676917238444
494,8.236750053578039,1418.336231884058,258.42898550724635,1330.9165487977368,605.1838755304102,345,707,1.3357476264154304,-6.530146987581062,-6.049898389054411,-1.102570648459758
495,8.253423636682447,1403.6404494382025,301.7303370786517,1313.02950310559,647.5652173913044,356,644,1.2294268357339364,-6.539431785927084,-6.686629002613088,0.0456431942415054
496,8.270097219786857,1382.8422391857507,347.15776081424934,1295.3857791225416,696.2995461422088,393,661,1.112767497688589,-6.528624916396389,-7.4239810940662,1.498749048714369
497,8.286770802891265,1353.8403361344538,394.9075630252101,1279.6724386724386,749.3650793650794,357,693,0.9818581042589886,-6.489452752294298,-8.176326658025491,3.0999060535737892
498,8.303444385995675,1317.1794019933554,442.9302325581395,1265.572886297376,803.7390670553935,301,686,0.8401101736458239,-6.425251833996143,-11.345871282635663,7.291305831116268
499,8.320117969100083,1241.0983606557377,508.8360655737705,1253.8864353312304,855.4558359621451,61,634,0.6035054488130824,-6.24630836486474,-11.237267948483048,8.68015248057657
500,8.336791552204492,1191.8736842105263,541.5157894736842,1243.9157392686805,892.0413354531001,190,629,0.4653791316347367,-6.135793346508472,-14.771183834910111,14.792919016034924
501,8.353465135308902,1046.976,585.856,1224.8679817905918,889.3444613050076,125,659,0.1109283263693296,-5.75300643572344,-16.69176348514682,16.301410211358753
502,8.37013871841331,960.3,584.64,1187.3785394932936,859.2160953800299,100,671,-0.0912438796227328,-5.5921875107521695,-11.094607417530034,7.479082261749278
503,8.38681230151772,889.7650273224044,571.5355191256831,1140.1156558533146,824.8138222849083,183,709,-0.259045391204629,-5.503600236451464,-9.435764604770988,3.820341941404927
504,8.403485884622128,830.3346303501945,551.3112840466927,1088.835616438356,793.2917808219178,257,730,-0.4058998902053125,-5.464789933057621,-8.760910788817947,1.0751185108994736
505,8.420159467726538,775.4839743589744,522.2083333333334,1034.1,765.7358974358974,312,780,-0.5511969394199676,-5.467748080774323,-8.403606307714051,-1.4005737755000107
506,8.436833050830947,728.6263157894737,488.67105263157896,976.519496855346,743.4553459119497,380,795,-0.6861363465021241,-5.511495099536932,-7.795374438566615,-3.559493300859241
507,8.453506633935355,689.0140845070423,452.8169014084507,917.9744779582368,726.4547563805104,355,862,-0.8111505864828196,-5.58644709549725,-7.0906505355511635,-5.468413219583172
508,8.470180217039765,657.6955223880597,416.8328358208955,856.1073059360731,713.5936073059361,335,876,-0.9225894484397928,-5.693851184068869,-6.240645257643217,-7.113537666823341
509,8.486853800144173,633.335403726708,383.2546583850932,792.1358695652174,704.158695652174,322,920,-1.0192584211397195,-5.823663418405495,-5.18951638526178,-8.271571062018278
510,8.503527383248583,616.2149253731343,355.1850746268657,727.3002232142857,697.8381696428571,335,896,-1.0956451138825016,-5.9696846390820415,-3.803473773314357,-9.24965078870065
511,8.520200966352991,605.8320413436693,336.0361757105943,660.0292134831461,692.052808988764,387,890,-1.1460934932293134,-6.13211306062982,-2.217704511470723,-10.277276278321382
512,8.5368745494574,601.0455635491606,327.04076738609115,590.503198294243,687.7633262260127,417,938,-1.1695992748285613,-6.312402679309167,-0.4200148529692675,-11.379429237723247
513,8.55354813256181,602.4145728643216,330.92713567839195,520.6268656716418,682.7692307692307,398,871,-1.1600997983414518,-6.51158477878166,1.7424835895561637,-12.68894749723856
514,8.570221715666218,611.72,349.7914285714286,453.9705521472393,674.4012269938651,350,815,-1.1114923849514942,-6.735543120514546,4.416152157896472,-15.12716293943214
515,8.586895298770628,633.3692722371968,386.4878706199461,391.8602846054334,654.8137128072445,371,773,-1.012833638328648,-7.016032795590775,7.50144513127671,-18.60479795525636
516,8.603568881875036,672.6233062330623,438.5907859078591,354.5944827586207,611.5144827586207,369,725,-0.8613404473524814,-7.355960410209956,8.084066512479717,-18.51833280521377
517,8.620242464979446,709.1638225255973,473.80204778157,354.23262032085563,553.3262032085562,293,748,-0.7432529286938475,-7.633566717556445,6.064566499146667,-14.852704754973075
518,8.636916048083854,737.4830508474577,496.0960451977401,372.6111850865513,497.09054593874833,354,751,-0.6591043403210082,-7.851256024324544,4.469163727968768,-12.12568477860808
519,8.653589631188263,760.3103448275862,511.83023872679047,401.4072164948454,445.0579896907216,377,776,-0.5942189830428525,-8.037923943264422,3.485822422507484,-10.455593778850714
520,8.670263214292673,778.8829787234042,523.4707446808511,436.2599742599743,399.97812097812096,376,777,-0.5428620406232266,-8.199920447879762,2.8654138638513467,-9.07929382256024
521,8.686936797397081,795.3463541666666,532.6614583333334,472.9627727856226,362.0654685494223,384,779,-0.4986655506679503,-8.340692663424033,2.5487128453742547,-8.10747492018949
522,8.703610380501491,810.7435897435897,540.7692307692307,513.5941845764854,330.28697850821743,390,791,-0.457869689749982,-8.470281761577144,2.428870606095485,-7.220699030979633
523,8.7202839636059,826.3848167539267,547.7931937172775,554.8418918918919,306.00405405405405,382,740,-0.4176695988667717,-8.581482514153961,2.454525149160666,-6.293542370539895
524,8.736957546710308,842.6534391534392,554.9312169312169,595.9551451187335,287.24802110817944,378,758,-0.3760182316371975,-8.680153565049777,2.5990248254933626,-5.50513789595273
525,8.753631129814718,860.6935483870968,561.516129032258,637.9973190348526,274.4061662198391,372,746,-0.3309994860302004,-8.76506326257276,2.8861055596222087,-4.548609121262853
526,8.770304712919126,881.5580110497237,567.9944751381215,678.6824146981627,266.9133858267717,362,762,-0.2797747898442821,-8.831836789435474,3.3143621817476623,-3.4853494272932815
527,8.786978296023536,906.1014492753624,574.0608695652174,718.7749667110519,264.01065246338214,345,751,-0.2204748994792406,-8.881289789220517,3.78365403190726,-2.438293458842376
528,8.803651879127944,934.0793650793652,579.5396825396825,757.2667560321715,264.6474530831099,315,746,-0.1536006499656065,-8.913146966673365,4.408208552142076,-1.1075561679109038
529,8.820325462232352,968.0436241610738,583.1208053691275,793.2986842105263,268.1763157894737,298,760,-0.0734736362078259,-8.918223648837444,5.097290233341534,0.3718330867573847
530,8.836999045336762,1006.31338028169,584.4753521126761,826.7011952191235,273.6879150066401,284,753,0.0163795346602181,-8.900747386927328,5.7434097219908,1.893567219868779
531,8.85367262844117,1049.5475285171103,581.5019011406844,856.9604221635884,280.84036939313984,263,758,0.1180528023967422,-8.85507854802891,6.371372837239865,3.5615674295790503
532,8.87034621154558,1095.9884615384617,573.0653846153846,883.2429149797571,288.98920377867745,260,741,0.228846763642004,-8.781979205889243,6.868054753341303,5.19968700991405
533,8.887019794649989,1144.212,558.62,905.5929919137468,298.90700808625337,250,742,0.3470829657876769,-8.681683721075474,7.175340945383844,6.720051389569764
534,8.903693377754399,1191.4625550660794,538.0925110132158,924.3134328358208,311.2876526458616,227,737,0.4681240507526561,-8.557884535269462,7.220822661138426,8.01122591200243
535,8.920366960858807,1235.2247706422015,512.0275229357799,940.8898071625345,327.2685950413223,218,726,0.5878769392330593,-8.41453203905154,7.121366078739547,9.265280414882708
536,8.937040543963215,1275.0434782608695,481.7304347826087,956.8998628257888,349.1179698216735,230,729,0.7056014290142221,-8.248913689303063,6.781148782381596,10.278891755906452
537,8.953714127067625,1308.3882352941175,449.9490196078431,973.232267037552,375.78303198887346,255,719,0.814009034765862,-8.071760127224879,6.026023406540664,10.789860300552844
538,8.970387710172034,1334.031141868512,420.1349480968858,992.935704514364,408.1504787961696,289,731,0.906552233130361,-7.8891024244906,5.094114425719407,11.157723346656434
539,8.987061293276444,1353.5552147239264,393.680981595092,1016.141456582633,446.1610644257703,326,714,0.9838833152070644,-7.699681672271918,3.929956140566898,11.11782387718303
540,9.003734876380852,1366.198275862069,374.617816091954,1044.1365360303414,486.9608091024021,348,791,1.0376051337432102,-7.518354503777813,2.541629328921927,10.743885451950236
541,9.02040845948526,1372.6494845360826,363.0798969072165,1073.742092457421,531.2895377128954,388,822,1.0686394508798305,-7.341403538377232,1.1639457611465869,10.548622539819403
542,9.03708204258967,1374.651851851852,360.39506172839504,1107.723964868256,579.5332496863238,405,797,1.0764194264982143,-7.166587834668372,-0.2310741661470873,10.093904405436858
543,9.05375562569408,1371.7131367292225,366.3163538873995,1142.4358638743456,626.8795811518324,373,764,1.060933782254759,-7.004800430473209,-1.647057456669458,10.250965199642655
544,9.070429208798489,1363.2111436950147,380.8357771260997,1182.032258064516,682.0201612903226,341,744,1.0214947277351851,-6.824747194355079,-3.158243970769607,10.84684328632696
545,9.087102791902897,1347.6703910614526,404.24581005586595,1222.5922974767595,736.6414342629482,358,753,0.955615295633508,-6.643088944563063,-4.772399533366794,11.427675584928394
546,9.103776375007303,1323.9186046511627,436.2063953488372,1266.6291989664082,790.1214470284237,344,774,0.8623487272811173,-6.443666597244021,-6.939661095681403,13.315294352872336
547,9.120449958111717,1282.725,478.4821428571428,1312.7838577291382,834.9562243502052,280,731,0.7241972636429524,-6.199061610658494,-9.574026040955673,16.4576033878096
548,9.137123541216123,1221.4149659863945,526.0068027210884,1353.4313146233385,848.7001477104875,147,677,0.543082089605817,-5.8948521616719285,-14.46460864618375,22.68887277752118
549,9.153797124320532,1102.265625,575.390625,1364.952080706179,810.5031525851198,128,793,0.2418435549731575,-5.44245199905577,-13.119641464275484,20.617265813590027
550,9.170470707424942,1044.40522875817,583.4444444444445,1350.0420168067226,748.4103641456583,153,714,0.1055792250965225,-5.207324771814761,-7.622923985063514,12.914439817633564
551,9.187144290529352,994.0462962962964,585.4675925925926,1323.7394366197184,687.2380281690141,216,710,-0.0123593581539404,-5.0117920279633665,-6.570612318318694,10.674109104752342
552,9.20381787363376,950.896,582.852,1293.0471567267684,630.7142857142857,250,721,-0.1135320759761576,-4.851373481367528,-5.766291806944827,8.627664057383507
553,9.220491456738168,912.5978647686832,575.9572953736655,1259.9774436090229,580.0200501253133,281,798,-0.2046488494486749,-4.724083880647954,-5.306628122305192,7.068744351023963
554,9.237165039842578,877.1216216216217,566.875,1223.7486631016045,533.2379679144385,296,748,-0.2904930859790565,-4.615650888606289,-5.044486793646369,5.800591614573255
555,9.253838622946986,843.9878787878788,555.209090909091,1187.6127717391305,492.0625,330,736,-0.3728681889945876,-4.530650587967304,-4.909391127413235,4.370061986873734
556,9.270512206051396,812.5940860215054,540.5403225806451,1152.395778364116,456.4960422163588,372,758,-0.4542073678890018,-4.469921705187173,-4.8889966006432575,3.194507679949698
557,9.287185789155805,781.9355670103092,524.1469072164948,1117.5210084033613,424.6372549019608,388,714,-0.5359023712305844,-4.424122809408676,-4.999418137023231,1.9236084016417043
558,9.303859372260211,751.639896373057,504.35751295336786,1086.0863697705804,398.472334682861,386,741,-0.6209237954516946,-4.405774816096948,-5.190561582243534,0.3828730017249903
559,9.320532955364625,722.0953678474115,481.28610354223434,1057.9891008174386,377.0013623978202,367,734,-0.7089928910307647,-4.4113550797832835,-5.274447607356143,-0.8558677707902465
560,9.337206538469031,694.533527696793,456.00291545189503,1033.1997206703911,359.32402234636874,343,716,-0.7968116764739022,-4.434315580902261,-5.335327184715786,-2.03643408522231
561,9.35388012157344,668.3780487804878,427.8475609756098,1012.2883522727273,346.18892045454544,328,704,-0.8869109334379068,-4.479264385696494,-5.3326519630857305,-3.1977734287133517
562,9.37055370467785,645.2131661442006,398.3573667711599,994.3206751054852,337.91420534458507,319,711,-0.9746405078207014,-4.540952262927707,-5.119583661278023,-4.080006965228768
563,9.38722728778226,625.3123028391167,368.8517350157729,978.9509116409536,334.41654978962134,317,713,-1.057634540710494,-4.615321056099113,-4.752230666888255,-4.736324192570476
564,9.403900870886668,609.3613707165109,340.5732087227414,965.9181946403384,335.7616361071932,321,709,-1.133113933732066,-4.6988952529962,-4.246680801434591,-5.23615531092208
565,9.420574453991076,596.958944281525,314.86803519061584,953.4051355206848,342.56348074179743,341,701,-1.1992493112317295,-4.789931997547616,-3.6095607221046246,-5.584117956656498
566,9.437248037095486,588.1671309192201,293.116991643454,941.0096818810512,354.6735822959889,359,723,-1.2534825550729098,-4.8851097626264695,-2.8370883555895254,-5.71088403121291
567,9.453921620199894,581.9291338582677,276.7296587926509,928.6507503410642,371.93587994542975,381,733,-1.2938581681746757,-4.9803737965357575,-2.011288582521627,-5.732030322191667
568,9.470595203304304,578.0778588807785,265.75912408759126,914.7419786096256,393.9692513368984,411,748,-1.3205533297281564,-5.076256730494579,-1.1137403508584278,-5.651015268414027
569,9.487268786408713,576.7472035794184,261.40939597315435,900.8123287671232,420.5287671232877,447,730,-1.3309982527682187,-5.168819141940128,-0.1518815460455137,-5.484696150972752
570,9.50394236951312,577.5069444444445,263.63194444444446,886.0053191489362,451.40425531914894,432,752,-1.3256181488881884,-5.259155804645932,0.7694441934867186,-5.437661927016696
571,9.520615952617533,580.0833333333334,272.0686274509804,870.5209359605911,487.3029556650246,408,812,-1.3053394693596072,-5.350149758007715,1.6578004815437186,-5.495548785329295
572,9.53728953572194,584.9149484536083,286.4896907216495,854.4026845637584,527.6724832214765,388,745,-1.2703352006890916,-5.442416783398976,2.5156712800444123,-5.693130009588704
573,9.55396311882635,592.6032608695652,306.2527173913044,837.7825537294564,573.0568900126423,368,791,-1.2214489610572163,-5.539999510685879,3.378679107899059,-6.101293587192787
574,9.570636701930756,603.7755102040817,331.4810495626822,820.2460796139927,623.8636911942099,343,829,-1.1576658269117208,-5.645877634739889,4.336814321743374,-6.587115685463823
575,9.587310285035166,620.2523364485982,362.2180685358255,802.7167277167277,678.3101343101343,321,819,-1.076828493053258,-5.759661152285753,5.385956602476429,-7.311056851683066
576,9.603983868139576,643.0545454545454,398.04727272727274,783.1950886766712,735.6070941336972,275,733,-0.9780594368954588,-5.889680662735081,6.540673839127695,-8.464153225580024
577,9.620657451243984,674.5930232558139,438.3837209302326,761.9362363919129,793.348367029549,344,643,-0.8587155554221991,-6.041916676716073,9.289078434182162,-11.59660242185836
578,9.637331034348394,734.8,493.15294117647056,737.2193645990923,849.4175491679274,85,661,-0.6682949944240397,-6.276394491154373,13.324790971333544,-17.258105890692434
579,9.654004617452802,825.6284153005464,553.0054644808744,710.5231689088191,884.4633781763827,183,669,-0.4143715362033824,-6.617425602302374,12.093705022425349,-17.00881656433837
580,9.670678200557212,886.6134020618557,573.4175257731958,702.240174672489,867.2328966521106,194,687,-0.265004202960805,-6.843590324140661,12.352613162935487,-16.284591402413355
581,9.68735178366162,998.2825112107624,585.6502242152467,720.1606425702811,816.8406961178046,223,747,-0.00244689194574,-7.16047057844134,12.168082771138849,-14.327949855924844
582,9.704025366766029,1059.1067415730338,579.938202247191,751.5880640465793,761.1921397379913,178,687,0.1407668756510163,-7.321386849417796,7.861035160713144,-8.356458531749132
583,9.72069894987044,1108.8311688311687,570.2207792207793,786.1923076923077,712.3128205128205,154,780,0.2596963541319231,-7.4391347900166735,7.143808794845415,-6.152592146616199
584,9.737372532974849,1157.0647058823529,554.1647058823529,824.708176100629,667.0490566037736,170,795,0.378992654896742,-7.526558362346075,6.9898789502598095,-4.397080140813775
585,9.754046116079255,1200.8614457831325,533.3975903614457,864.306258322237,625.896138482024,166,751,0.4927890092657551,-7.585764952305883,6.750124859327515,-2.687896584280121
586,9.770719699183664,1241.5059523809523,508.9880952380952,904.1897506925208,590.7451523545707,168,722,0.6040901905110106,-7.616192096494178,6.641965182578028,-0.8463979243792507
587,9.787393282288074,1278.3439153439151,479.9047619047619,942.3023255813954,562.1367989056088,189,731,0.7142797261623666,-7.613989924568957,6.534634959107718,0.9300625346695884
588,9.804066865392484,1311.6349206349207,448.32804232804233,979.4696132596686,539.8301104972376,189,724,0.8220017486063281,-7.5851771465659565,6.389405690104405,2.5386255766236103
589,9.820740448496892,1340.8552036199094,414.20361990950227,1015.4816901408452,523.7098591549296,221,710,0.9273482996858454,-7.529333955523333,6.199965976375593,4.083384719602678
590,9.837414031601302,1365.468,378.58,1050.3103448275865,513.6781609195402,250,696,1.0287530445095414,-7.449007837626819,5.835540338991134,5.417613484647937
591,9.85408761470571,1384.5130111524163,343.6059479553903,1084.8812849162011,509.3673184357542,269,716,1.1219470332884447,-7.3486718981956445,5.264566771190318,6.38007486830046
592,9.870761197810118,1398.8904593639577,311.4487632508834,1119.8985507246375,509.6695652173913,283,690,1.204311427645845,-7.236250420568901,4.53550751403436,7.022066424824495
593,9.887434780914528,1409.1377049180328,283.78032786885245,1155.5428973277074,515.0914205344585,305,711,1.2731933562002913,-7.114505881997662,3.636682416418697,7.353662984560584
594,9.904108364018937,1415.8768768768768,262.32732732732734,1191.6152758132955,524.3818953323904,333,707,1.3255844806348451,-6.9910265987791265,2.6227248114211426,7.337917527995444
595,9.920781947123348,1420.3378016085792,247.8847184986595,1227.8389830508474,537.4985875706215,373,708,1.3606537964067429,-6.869807126564999,1.5170984563611227,7.18081011660695
596,9.937455530227757,1422.6388206388206,241.52825552825553,1264.3448753462603,554.404432132964,407,722,1.3761754150142609,-6.751566930306673,0.364546936846891,7.249461554320606
597,9.954129113332163,1422.5074257425742,242.98267326732673,1303.1698369565215,575.1875,404,736,1.3728104037006916,-6.628058127188634,-0.8110358020430194,7.375749938388616
598,9.970802696436571,1420.0537634408602,252.90591397849465,1341.8668407310704,598.6161879895561,372,766,1.34912966932223,-6.505606571196549,-2.055442656526518,7.476123329993904
599,9.98747627954098,1414.531343283582,271.44776119402985,1380.5850785340317,625.5811518324607,335,764,1.3042672158008075,-6.378750599905706,-3.3121369035789634,7.859815945303922
600,10.004149862645392,1405.5396341463415,298.1859756097561,1419.6594885598922,653.8304172274562,328,743,1.2386792894922227,-6.243503982497781,-4.67773530464971,8.684204321412526
601,10.0208234457498,1390.3236245954693,333.87702265372167,1459.0455801104972,683.6063535911602,309,724,1.148277999115798,-6.089156995008227,-6.324253792126258,10.179610032210409
602,10.03749702885421,1366.2324840764331,379.5254777070064,1498.138775510204,710.6,314,735,1.027783347139441,-5.90404283481271,-8.08480776597611,12.173885445937934
603,10.054170611958618,1329.611872146119,431.86301369863014,1528.3333333333333,722.3377976190476,219,672,0.8786725707774502,-5.683192413635425,-12.893054524244484,18.34415314024131
604,10.070844195063026,1241.4186046511627,513.5968992248062,1532.4124457308249,704.2170767004342,129,691,0.5978365149801078,-5.292317311085073,-13.123593005302068,18.093212413098396
605,10.087517778167436,1182.0855263157894,545.2434210526316,1507.0787965616046,670.3424068767908,152,698,0.4410379335727613,-5.079835052044384,-8.531385196374545,11.072894476459403
606,10.104191361271845,1131.159090909091,564.9545454545455,1467.873399715505,636.9615931721195,176,703,0.3133389948451567,-4.923067658565879,-7.461406585305936,8.32440733318318
607,10.120864944376256,1081.0486486486486,577.972972972973,1423.716901408451,608.8450704225352,185,710,0.1922211680209953,-4.802239657114821,-7.026080433820705,6.091768082831357
608,10.137538527480665,1033.0721649484535,584.1185567010309,1376.8980446927374,586.7094972067039,194,716,0.0790391228220138,-4.719924455802129,-6.791450588143463,4.020852388303919
609,10.154212110585071,984.711229946524,584.6524064171123,1328.798365122616,569.4223433242507,187,734,-0.0342544635407993,-4.668155624220928,-6.7401356935206085,2.0992716565403735
610,10.17088569368948,937.3940886699507,580.0837438423646,1281.7726098191215,558.5426356589147,203,774,-0.1457253024198044,-4.649919694954017,-6.847937795467012,0.0619862095604074
611,10.18755927679389,888.7015503875969,569.6124031007752,1234.966307277628,553.5687331536388,258,742,-0.2626137833938842,-4.666088559788062,-6.988997329849484,-1.9071355418558635
612,10.2042328598983,841.6788990825688,554.183486238532,1188.2588075880758,554.5745257452575,327,738,-0.3787885580112801,-4.713517260851028,-6.979216350086119,-3.872373822254519
613,10.220906443002708,796.7719298245614,532.9970760233919,1143.669387755102,561.7972789115646,342,735,-0.4953508710275059,-4.7952212532614595,-6.865733444950612,-5.70791942826244
614,10.237580026107118,755.970509383378,507.9597855227882,1098.8694481830416,574.4293405114402,373,743,-0.6077413123454886,-4.903860198731837,-6.55982076018809,-7.369279255856905
615,10.254253609211526,719.7201017811705,480.704834605598,1052.3831775700935,594.1214953271028,393,749,-0.7141023042175528,-5.040965833445714,-6.018048586163812,-8.517340696133925
616,10.270927192315934,690.156914893617,453.3377659574468,1006.8046783625732,616.3812865497076,376,855,-0.8084261788010352,-5.187889374582944,-5.044156843810279,-9.591461659314206
617,10.287600775420344,668.6465968586388,430.1701570680629,952.6462140992168,645.3629242819843,382,766,-0.8823106408714408,-5.36081389958437,-3.765239110132006,-10.562840198195088
618,10.304274358524752,654.344473007712,413.2365038560411,896.5228758169935,676.8442265795208,389,918,-0.933986233222549,-5.54013016230934,-2.323184360343198,-10.783632223883233
619,10.320947941629164,647.4067796610169,404.5835351089588,839.5841584158416,709.2343234323432,413,909,-0.959782255869532,-5.720417475688969,-0.6616178382288861,-11.309656469506928
620,10.33762152473357,647.845,406.2375,777.3370535714286,744.1908482142857,400,896,-0.9560493132406864,-5.917275156362621,1.2235171378675362,-12.35979846951412
621,10.35429510783798,657.7250755287009,418.75528700906347,712.2781875658588,778.2423603793467,331,949,-0.918981426513726,-6.132581729559351,3.5270577961298013,-13.911891100752744
622,10.370968690942387,680.068100358423,445.1612903225806,644.2992700729927,808.9353493222106,279,959,-0.8384319306850389,-6.381197301178398,7.657153331363784,-18.009615127734715
623,10.387642274046796,735.2581967213115,495.7950819672131,577.9017142857143,821.576,244,875,-0.6636370616863336,-6.733151358580763,10.100825336566771,-20.747543149948033
624,10.404315857151207,792.4631578947368,535.317894736842,535.3549668874172,790.1298013245033,475,755,-0.5015980293403071,-7.073069071024338,9.37110217076769,-19.359204470923935
625,10.420989440255616,851.9723076923077,560.3507692307692,530.0813464235624,725.9943899018233,325,713,-0.3511373600379286,-7.378725967743155,7.335049400620093,-16.124085019029543
626,10.437663023360026,890.7832817337461,571.1114551083591,543.3120104438642,657.3302872062663,323,766,-0.2569949178279382,-7.610761614119028,4.9813149723344035,-12.721460736980935
627,10.454336606464434,920.7426900584796,577.9619883040936,563.6444695259594,596.2009029345372,342,886,-0.1850246217170197,-7.80295063335821,3.7811177957328495,-11.008437557101916
628,10.471010189568842,943.6070381231672,581.316715542522,590.6495215311005,537.3672248803828,341,836,-0.1309053542385154,-7.977861811035099,2.892717746097861,-9.828616051327437
629,10.487683772673252,961.6153846153846,582.8205128205128,620.6194690265487,485.9734513274336,351,791,-0.0885606822426971,-8.130707126424483,2.2841113077725197,-8.88885462043222
630,10.50435735577766,976.0,583.86,653.3089430894308,439.639566395664,350,738,-0.0547367148187846,-8.274279923468672,1.8752983504702976,-8.105964348023933
631,10.52103093888207,988.2486033519554,583.7430167597765,687.0199203187251,400.28419654714475,358,753,-0.0260247964584419,-8.40101806682079,1.6329802672095992,-7.24423149124974
632,10.53770452198648,999.208913649025,583.740947075209,720.982689747004,366.97203728362183,359,751,-0.0002814504324261,-8.51585451506253,1.5648825836139406,-6.5545454909188035
633,10.554378105090889,1010.463687150838,583.6452513966481,755.3568677792041,338.4390243902439,358,779,0.0261596031546166,-8.619593584729717,1.6124962551591095,-5.753208906554307
634,10.571051688195295,1022.088319088319,583.1680911680912,788.9568151147098,315.7840755735493,351,741,0.0534907301994611,-8.707707728703449,1.7107575944536724,-4.996201940486813
635,10.587725271299703,1034.7542857142855,582.8485714285714,822.5294117647059,296.95896032831735,350,731,0.0832085209998608,-8.78620276125195,1.895160270077671,-4.22427114426371
636,10.604398854404115,1048.986033519553,581.7067039106146,854.3983516483516,282.22802197802196,358,728,0.1166889547180896,-8.848575200662324,2.1523078307193657,-3.2650170136746746
637,10.621072437508523,1065.1926345609063,579.657223796034,884.2005420054201,270.5379403794038,353,738,0.1549818879633999,-8.895081826281578,2.404283555951527,-2.4022068346610435
638,10.637746020612932,1082.7790368271956,576.4929178470255,912.1828103683492,261.300136425648,353,733,0.1968649980715331,-8.928681991245725,2.6319883164866753,-1.5770006318932623
639,10.654419603717342,1101.8666666666666,572.1565217391304,937.3008241758242,253.81043956043956,345,728,0.2427512398129481,-8.947670328464733,2.8482357805412337,-0.765433478440213
640,10.67109318682175,1122.091168091168,566.7179487179487,959.6594005449592,247.40054495912807,351,734,0.291845590047144,-8.954207028673064,2.92788461257592,-0.1311488515025282
641,10.68776676992616,1141.7663817663818,560.2564102564103,979.0409836065572,242.0669398907104,351,732,0.3403878946287579,-8.952043771013884,2.85609183523155,0.2956531660893784
642,10.704440353030568,1160.353623188406,553.0898550724638,995.8232931726908,237.38821954484604,345,747,0.3870881591842584,-8.944347833403318,2.7923384543269867,0.6585080622203537
643,10.721113936134978,1178.2292263610316,544.5902578796562,1010.0986301369863,232.9095890410959,349,730,0.4335044691764738,-8.930084393213175,2.6362207917247265,0.9367599646270772
644,10.737787519239388,1193.7777777777778,536.1937321937322,1021.284,229.02,351,750,0.4749986520890445,-8.913109543165133,2.3995958355967417,1.1451315578269678
645,10.754461102343797,1207.974930362117,528.0306406685237,1029.5586666666666,225.524,359,750,0.5135241903401058,-8.891897500823356,2.224081628538642,1.4036199665082638
646,10.771134685448205,1220.9717514124293,520.2740112994351,1034.972602739726,222.59315068493152,354,730,0.5491654718179012,-8.866302794847966,1.994719083874975,1.6309646922313836
647,10.787808268552611,1232.164864864865,513.4378378378378,1037.6336499321574,221.1763907734057,370,737,0.5800424191699857,-8.837509450150803,1.7020524751774488,1.783676763091525
648,10.804481851657023,1241.6394736842103,507.8078947368421,1037.8823529411766,221.16005471956225,380,731,0.6059240986037736,-8.806822229366347,1.3395041650029025,1.795992474128248
649,10.821155434761431,1248.488,503.64,1036.1895604395604,222.72252747252747,375,728,0.6247110871977414,-8.777618190606262,0.8914600561570389,1.7710877351223635
650,10.83782901786584,1252.5691906005222,501.3211488250653,1031.7016806722688,226.52100840336135,383,714,0.6356517652649646,-8.747761472292822,0.4698075398943162,1.827359413566257
651,10.85450260097025,1254.232323232323,500.17929292929296,1024.9280677009874,232.3709449929478,396,709,0.640377837316753,-8.71668093251882,0.0777658457409424,1.9042026636242049
652,10.871176184074658,1253.398976982097,500.5831202046036,1015.8561549100968,240.69986168741357,391,723,0.6382450358482571,-8.684261709573672,-0.3251592279137555,2.0086676086359683
653,10.887849767179068,1250.4871134020618,502.8943298969072,1004.6685159500694,251.9500693481276,388,721,0.6295346984991821,-8.649697559915367,-0.6832576690043145,2.204979912328106
654,10.904523350283476,1245.4775725593668,506.2084432717678,990.841313269494,265.7592339261286,379,731,0.6154603287965207,-8.610731877950162,-0.9519361452656334,2.5812432646507952
655,10.921196933387884,1239.0661375661375,510.17724867724866,974.44,282.88965517241377,378,725,0.5977903256428275,-8.563620411743665,-1.185412814285401,3.024413071310494
656,10.937870516492294,1231.1138211382113,515.0271002710027,955.9316005471956,303.26128590971274,369,731,0.5759301706524828,-8.50987627257705,-1.3899334819222404,3.598549728553456
657,10.954544099596704,1222.0824175824175,520.2362637362637,934.5392022008252,327.8610729023384,364,727,0.5514399828019655,-8.443618975834896,-1.5113729508398408,4.300010615441428
658,10.971217682701113,1212.6125356125356,525.8632478632478,911.7524613220816,356.58509142053447,351,711,0.5255301656573149,-8.366483103884242,-1.6660091092903035,4.891655873824579
659,10.98789126580552,1201.8045977011495,532.3706896551724,887.7337837837838,389.654054054054,348,740,0.4958833001290569,-8.280496114374127,-1.8636639860946036,5.527503433369931
660,11.004564848909933,1189.6911764705883,539.064705882353,862.5970548862115,427.6934404283802,340,747,0.4633822529556299,-8.182156528171843,-2.101551490955514,6.259896646706341
661,11.02123843201434,1175.3069620253164,546.0886075949367,837.0847682119205,471.24900662251656,316,755,0.4258025132637742,-8.071746300446389,-2.437154460814451,7.021550214453272
662,11.037912015118748,1158.3897763578277,553.8977635782747,811.675105485232,521.2011251758087,313,711,0.3821100580742883,-7.948007726126908,-2.8873501651399502,7.749333994075936
663,11.054585598223158,1137.448275862069,561.9620689655172,788.5264516129032,576.1548387096774,290,775,0.3295175674037943,-7.813327971738295,-3.4676904063733107,8.45798888765848
664,11.071259181327566,1111.7191011235957,569.8277153558053,767.4444444444445,635.3333333333334,267,783,0.266472409732234,-7.665957764897826,-4.19975239688728,9.58418693246754
665,11.087932764431976,1079.7720588235295,577.5698529411765,748.9290161892901,702.1980074719801,272,803,0.1894677261889125,-7.493722497124919,-5.129754248733446,10.804099152393318
666,11.104606347536384,1040.0625,583.7265625,736.3146853146853,769.2503496503497,256,715,0.0954096421893296,-7.305671674726416,-6.230068216366806,12.516632411684949
667,11.121279930640792,991.5040650406504,585.910569105691,732.3758300132802,841.0557768924302,246,753,-0.0182873941145454,-7.076328275717783,-9.476784141798262,16.78860328540268
668,11.137953513745202,905.3484573502724,577.1470054446461,745.8239757207891,897.0060698027314,551,659,-0.2206142537123074,-6.745819330554186,-11.570840007265629,19.995186361590687
669,11.15462709684961,829.9026548672566,554.2345132743363,785.8816388467375,900.7556904400608,226,659,-0.4041421190124728,-6.409545472741528,-11.86398276235296,20.435036245619692
670,11.17130067995402,752.1970588235295,507.0176470588235,830.037908496732,857.0575163398693,340,765,-0.6162444587870428,-6.064368780388286,-9.507694340795291,17.160767529194867
671,11.187974263058427,716.765243902439,479.4786585365854,870.11328125,800.2825520833334,328,768,-0.7211967824576114,-5.8372825056745805,-5.372254129106995,12.762773678403148
672,11.20464784616284,693.1317204301075,458.2231182795699,905.9851428571428,741.4857142857143,372,875,-0.7953939101463824,-5.63876644524905,-3.66108817395188,10.962988160397208
673,11.221321429267247,679.4848484848485,442.89141414141415,936.911214953271,687.2242990654206,396,856,-0.8432836982995227,-5.471697917344511,-2.148885628495163,10.099409500369212
674,11.237995012371655,673.0666666666667,434.9880952380952,967.592391304348,632.0149456521739,420,736,-0.8670531563635508,-5.301979758029322,-0.7567335673353511,9.63655611968465
675,11.254668595476064,672.615925058548,434.5480093676815,992.6662269129288,584.4234828496042,427,758,-0.8685186183452464,-5.150346078740785,0.5302458139892111,9.236971100307114
676,11.271342178580474,678.4226044226044,440.35380835380835,1016.3151432469303,538.0886766712142,407,733,-0.8493709610729226,-4.993952947481333,1.6826888124325845,9.395347471782
677,11.288015761684884,689.4574468085107,451.656914893617,1038.588904694168,495.402560455192,376,703,-0.8124057148393384,-4.837037865009673,2.7792709102538886,9.323899739804904
678,11.304689344789292,706.5869565217391,468.13858695652175,1057.145922746781,457.84263233190273,368,699,-0.7566901520893534,-4.683027313143704,3.791176547722875,9.118038753778723
679,11.3213629278937,729.6582633053222,487.515406162465,1073.825284090909,425.09659090909093,357,704,-0.685980720375451,-4.532977111188971,4.550595746153181,8.772741369162185
680,11.33803651099811,757.2386363636364,508.2244318181818,1089.0839363241678,397.5513748191027,352,691,-0.6049406793932433,-4.390481248599279,5.045175513484829,8.12022435694339
681,11.35471009410252,788.6268221574344,528.0233236151604,1104.2482168330955,375.4835948644793,343,701,-0.5177384139746138,-4.2621906399050875,5.3707221883634695,7.265999325107499
682,11.371383677206929,823.4604519774011,545.8050847457627,1120.0199714693294,358.13409415121254,354,701,-0.4258423139165,-4.14818076143176,5.483826744972878,6.248531261595846
683,11.388057260311337,859.2835820895523,560.5462686567164,1137.1178977272727,345.55397727272725,335,704,-0.334868332049642,-4.053819829363656,5.327056926259994,4.941829618983665
684,11.404730843415743,894.7210031347962,570.8620689655172,1156.9827586206898,336.62931034482756,319,696,-0.2482000611926731,-3.983384747751853,5.024921257692408,3.5419406939677196
685,11.421404426520157,928.3312302839116,578.4889589905363,1179.4971346704872,331.66332378223495,317,698,-0.1673014476831507,-3.935706144340138,4.6474874145646945,2.145512057891331
686,11.438078009624563,959.643504531722,582.570996978852,1205.014025245442,329.64936886395515,331,713,-0.0932195259257945,-3.911838000554327,4.204222731497155,0.8088171237261859
687,11.454751592728972,987.765395894428,584.633431085044,1232.296191819464,331.0070521861777,341,709,-0.0271025334770244,-3.908734385282703,3.729157890610252,-0.4800313681083945
688,11.471425175833382,1012.6184615384616,584.76,1262.0527817403708,335.75178316690443,325,701,0.0311373220713105,-3.927845686372084,3.2769803455831075,-1.773994931006161
689,11.488098758937792,1034.3940298507462,583.8388059701492,1293.5718390804598,345.0402298850575,335,696,0.0821754747701651,-3.967892089100566,2.9108737672945817,-2.955953654805732
690,11.5047723420422,1053.9298245614036,581.6345029239766,1325.7880886426592,359.09556786703604,342,722,0.128206713402171,-4.026418364204454,2.6248903217480537,-3.9618335306212016
691,11.521445925146608,1071.516129032258,579.3577712609971,1358.388362652233,377.83897158322054,341,739,0.1697081286094152,-4.100008010337859,2.419061990196796,-4.951017047665459
692,11.538119508251018,1087.9913544668589,576.3717579250721,1391.0447154471544,402.50542005420056,347,738,0.2088755756586976,-4.191520752595645,2.359763053236178,-5.905246832855642
693,11.554793091355426,1104.4712990936555,572.6253776435045,1422.7012987012988,432.24285714285713,331,770,0.2483995393591098,-4.296931257977192,2.42561527886598,-6.817532253509557
694,11.571466674459836,1121.6344410876134,568.2960725075528,1452.7523178807946,468.2145695364238,331,755,0.2897629715216898,-4.418866133787406,2.5904561234635377,-7.853677918437187
695,11.588140257564245,1140.0159744408943,562.5015974440895,1480.3567708333333,509.82421875,313,768,0.3347839102648987,-4.558829160873841,2.996541652052232,-8.973966971540886
696,11.604813840668651,1162.0598591549297,554.3239436619718,1504.5398692810456,556.2875816993464,284,765,0.3896891440443215,-4.718122501939822,3.698302624679163,-10.556499083834268
697,11.621487423773065,1188.8709677419354,542.4767025089606,1523.9890510948906,609.874695863747,279,822,0.4581118225805825,-4.910858490405697,4.774339379217608,-12.835489663863566
698,11.638161006877471,1222.996,523.8,1533.1656662665066,667.4645858343338,250,833,0.5488998328603959,-5.146149709132246,6.0275772572817905,-15.198354951347232
699,11.65483458998188,1262.7267759562842,498.09289617486337,1523.2848410757947,719.9254278728606,183,818,0.6591144432156495,-5.417680559068884,8.452304187079958,-18.96309025079254
700,11.67150817308629,1315.809230769231,447.083076923077,1482.2918149466193,748.473309608541,325,843,0.8307602254344393,-5.77851503155824,8.181955056372264,-18.739948910728316
701,11.688181756190698,1342.5873015873017,413.03809523809525,1425.2310426540284,749.9028436018957,315,844,0.931959458393574,-6.042604750139699,4.732311739985968,-14.488669650038249
702,11.704855339295108,1356.049723756906,392.93646408839777,1363.5496183206108,741.4847328244275,362,786,0.988569411579692,-6.261671106522722,2.316444783106479,-12.18568815828025
703,11.721528922399516,1360.4597402597403,385.2987012987013,1302.8329411764705,729.7235294117647,385,850,1.009206327589375,-6.448962918522695,0.3720542408559923,-10.483543136194015
704,11.738202505503926,1358.0213333333334,387.9066666666667,1245.4354285714285,718.6685714285715,375,875,1.0009763661882125,-6.611267561942697,-1.2343224528743486,-9.487913114979754
705,11.754876088608334,1350.1727019498608,399.53203342618383,1188.007371007371,709.3771498771499,359,814,0.9680451715980982,-6.765357934142749,-2.655238606537728,-8.918213171824796
706,11.771549671712744,1336.202380952381,418.6547619047619,1131.370068027211,702.2721088435375,336,735,0.9124316830519285,-6.908664698869208,-3.9361866628813225,-8.062149625658787
707,11.788223254817153,1315.6864686468648,443.4950495049505,1077.0283870967742,699.1522580645161,303,775,0.8367845007220622,-7.034207777709952,-5.0082721878144145,-7.144865490473947
708,11.80489683792156,1288.484251968504,471.33858267716533,1021.4679665738162,699.483286908078,254,718,0.7454199979858808,-7.14692571591969,-5.8129265610755665,-5.9074696693305215
709,11.82157042102597,1254.9610389610389,499.3290043290043,968.6393210749646,704.939179632249,231,707,0.6429398725302227,-7.231205150646668,-6.419953039347946,-4.300082235105636
710,11.83824400413038,1215.9402985074628,526.6567164179105,916.3927576601671,715.9888579387186,201,718,0.5313327569299388,-7.290321272925343,-6.804869964809227,-2.5835182649086117
711,11.85491758723479,1171.9202127659576,548.7393617021277,865.7850877192982,730.843567251462,188,684,0.4160167427843361,-7.317358163630092,-7.145992988235193,-0.6299700001976916
712,11.871591170339196,1122.879746835443,567.5759493670886,814.3292011019283,753.6446280991736,158,726,0.293034141024212,-7.311328987228505,-7.414754897735246,1.377441695629224
713,11.888264753443606,1071.1125,579.4125,765.3079096045198,780.8855932203389,80,708,0.1687556788119117,-7.271424386462988,-8.062392440669072,3.60403905439108
714,11.904938336548016,1009.687898089172,586.4904458598726,718.4650259067357,813.8367875647668,157,772,0.0241762002645029,-7.191144497858654,-11.29339190243362,8.471963915914772
715,11.921611919652424,911.3106796116504,575.4466019417475,679.6952908587258,847.2576177285318,103,722,-0.2078469380198611,-6.98890839764387,-12.218766788288598,11.481992038430985
716,11.938285502756834,838.6392914653784,556.5958132045089,657.780701754386,868.7923976608187,621,684,-0.3832850466913419,-6.808252600944772,-11.228387112388218,12.14204101855581
717,11.954959085861242,763.09375,516.8697916666666,657.911465892598,855.9100145137882,192,689,-0.5822818293136206,-6.584005737683804,-12.940932973511144,13.924825305635418
718,11.971632668965652,687.284375,452.284375,665.2420289855072,814.8913043478261,320,690,-0.8148284894561909,-6.343899137048993,-11.277094230455434,11.017547172180835
719,11.98830625207006,647.7117117117117,405.1261261261261,671.7758369723435,766.0043668122271,222,687,-0.95834096496912,-6.216601760919597,-7.880450819192946,6.577471143944509
