frame,t,x_m1_px,y_m1_px,x_m2_px,y_m2_px,area_m1,area_m2,th1,th2,w1,w2
0,0.0,1333.920792079208,432.8118811881188,1624.0987654320988,217.34567901234567,404,729,0.8718627752732196,2.2095002497741194,-0.084154645690122,0.0227204316185454
1,0.0166744152046783,1333.740099009901,433.4504950495049,1624.5507649513213,217.34353268428373,404,719,0.87045954576958,2.2098790996845565,-0.0772990329611878,-0.007645549619395
2,0.0333488304093567,1333.4078624078625,433.8329238329238,1624.6300417246175,217.7065368567455,407,719,0.8692849429321897,2.209245279636476,-0.0510906452773189,-0.054962082374637
3,0.050023245614035,1333.1786600496278,433.9379652605459,1624.757281553398,218.0887656033287,403,721,0.868755732504722,2.2080461785204997,-0.0494286831183085,-0.0813569865371824
4,0.0666976608187134,1332.7894736842106,434.2406015037594,1624.647222222222,218.86805555555551,399,720,0.8676365541615194,2.206532119289831,-0.0922552791049011,-0.0814484666824843
5,0.0833720760233918,1332.2266009852217,434.8694581280788,1624.125,220.00842696629215,406,712,0.8656791268474848,2.2053299674180034,-0.1283594389835667,-0.054417914486925
6,0.1000464912280701,1331.595061728395,435.6469135802469,1623.6542185338865,220.9432918395574,405,723,0.8633559169994163,2.2047173454883757,-0.1526291712742462,0.0064195089982497
7,0.1167209064327485,1330.927680798005,436.645885286783,1622.8217821782175,221.6916548797737,401,707,0.8605891224991393,2.2055440505348973,-0.1284205861620996,0.0234242056335406
8,0.1333953216374269,1330.6010101010102,437.22727272727275,1622.4616477272727,222.3181818181818,396,704,0.8590732406504262,2.2054985153495226,-0.07579615183035,-0.0474490991841484
9,0.1500697368421052,1330.149625935162,437.4139650872818,1622.111581920904,223.1214689265537,401,708,0.8580614094860671,2.2039616785731284,-0.0490986332683527,-0.0519692678811808
10,0.1667441520467836,1330.1699507389162,437.7881773399015,1622.334745762712,223.43502824858757,406,708,0.8574358586562287,2.203765401048454,-0.0319223920219114,-0.045441613392886
11,0.183418567251462,1330.1399491094148,438.0127226463104,1622.8219749652294,223.87343532684284,393,719,0.8569968350482674,2.2024462539145615,-0.0267588454674394,-0.0624421463953176
12,0.2000929824561403,1330.0345679012346,438.1802469135802,1623.036465638149,224.1500701262272,405,713,0.8565434824567849,2.201683028497921,-0.0589646130447279,-0.072153282939728
13,0.2167673976608187,1329.5528255528257,438.6265356265356,1623.4426002766252,224.68741355463348,407,723,0.8550304341676854,2.200040026318326,-0.0608119917952302,-0.0966693367302762
14,0.2334418128654971,1329.387254901961,438.7769607843137,1623.420979020979,225.44335664335665,408,715,0.8545154736555506,2.198459219181518,-0.0186793222574204,-0.0780614209972569
15,0.2501162280701755,1329.358208955224,438.8134328358209,1623.5710267229254,225.8087201125176,402,711,0.854407500617561,2.1974367692279753,-0.0038062860565738,-0.061590233513206
16,0.2667906432748538,1329.2962962962963,438.7703703703704,1623.6886395511922,226.09817671809256,405,713,0.8543885384673604,2.1964052569292134,-0.0004012418323524,-0.029358621346211
17,0.2834650584795322,1329.2716049382716,438.7456790123457,1623.4481792717088,226.2058823529412,405,714,0.8543941196717407,2.196457693543648,-0.0008472504903527,0.0061981658385576
18,0.3001394736842105,1329.2493827160497,438.7456790123457,1623.1049645390071,226.36879432624113,405,705,0.8543602836544434,2.1966119585106125,-0.0090279930010109,-0.0027972069730648
19,0.3168138888888889,1329.0875,438.7575,1622.7954220314734,226.59799713876967,400,699,0.8540930466642132,2.1963644099626833,-0.0019672216237021,-0.0063535444687558
20,0.3334883040935673,1329.213399503722,438.7518610421836,1622.631884057971,226.7855072463768,403,690,0.8542946791141369,2.1964000752336257,0.0093974758737991,-0.0298576569280048
21,0.3501627192982456,1329.3541147132169,438.81047381546136,1623.4651493598865,226.8051209103841,401,703,0.8544064414934045,2.1953686920253705,0.0033834720938335,-0.0450242995078499
22,0.366837134502924,1329.3564356435645,438.8118811881188,1623.9144079885878,226.69472182596292,404,701,0.854407513951189,2.1948985675050383,0.024793696759295,-0.0690132443594141
23,0.3835115497076024,1329.6074074074074,438.558024691358,1625.0796586059744,226.6031294452347,405,703,0.8552332822818512,2.193067181043229,0.0407073573372854,-0.0682603662679235
24,0.4001859649122807,1329.8215158924206,438.440097799511,1625.700557103064,226.39275766016712,409,718,0.8557650567074432,2.1926221641266888,0.0563335898768125,-0.0169567034943317
25,0.4168603801169591,1330.3422982885086,438.12224938875306,1626.5112676056335,225.92112676056337,409,710,0.8571119416170033,2.1925016948140947,0.0681817549252349,-0.0276528173010582
26,0.4335347953216374,1330.634328358209,437.8457711442786,1627.115330520394,225.7805907172996,402,711,0.8580388384894572,2.191699975012175,0.0838681807020128,-0.0662694355055759
27,0.4502092105263158,1331.0618811881188,437.1485148514852,1627.7366946778711,225.57563025210084,404,714,0.859908847351976,2.1902916866480955,0.090204167407538,-0.0795704603932592
28,0.4668836257309942,1331.4679802955666,436.8497536945813,1628.3323863636365,225.69886363636363,406,704,0.8610470419705484,2.1890463932229256,0.056262060328548,-0.0370838401322543
29,0.4835580409356725,1331.7334963325184,436.6577017114914,1628.4101838755305,225.63649222065064,409,707,0.8617851212603538,2.1890549839525972,0.0304436948539307,-0.0159426354929517
30,0.500232456140351,1331.8325242718447,436.5849514563107,1628.886075949367,225.53727144866383,412,711,0.8620623035872663,2.188514724975593,0.0235825867739322,-4.799754111100691
31,0.5169068713450292,1331.8106796116506,436.27669902912623,1638.7307692307693,284.90384615384613,412,52,0.8625715729472916,2.0289887980948875,0.0386215134481654,-4.848333268768917
32,0.5335812865497076,1331.9578163771712,435.96029776674936,1639.8591549295777,284.92957746478874,403,71,0.8633502858894019,2.026828481027376,0.0345889115344797,-0.0660037892805825
33,0.550255701754386,1332.074074074074,435.8469135802469,1640.6666666666667,284.4927536231884,405,69,0.8637250726920992,2.0267876489197945,0.0486736861664962,-0.0364685127324009
34,0.5669301169590644,1332.5643564356435,435.5569306930693,1642.3076923076924,284.0897435897436,404,78,0.8649734963947666,2.025612298780982,0.0977947932466815,-0.0681613929934854
35,0.5836045321637428,1333.0965346534654,434.8688118811881,1642.3684210526317,284.05263157894734,404,57,0.8669864146670009,2.024514546184389,0.0931896295272842,0.0642906096097081
36,0.600278947368421,1333.435960591133,434.53694581280786,1640.9375,283.3482142857143,406,112,0.8680812615457828,2.0277563154177702,0.0425390841808251,0.2232547268155582
37,0.6169533625730994,1333.4019851116625,434.32506203473946,1641.4205607476636,281.2710280373832,403,107,0.8684050433711166,2.0319598302070485,-0.1724065296922537,-0.5936806315577654
38,0.6336277777777778,1331.7089552238806,436.3258706467662,1636.871794871795,293.71794871794873,402,39,0.8623317054256101,2.0079577607186305,-0.5920048488008544,-0.5725535593336585
39,0.6503021929824562,1327.603535353535,440.57070707070704,1641.5,292.0,396,34,0.84866237406694,2.0128658386565568,-1.040691743168411,0.4280956161438888
40,0.6669766081871346,1321.5973684210526,447.37105263157895,1640.825,292.6,380,40,0.8276258529742689,2.022234248820402,-1.470810500752883,2.153210021105882
41,0.6836510233918129,1313.0943396226414,455.95417789757414,1626.667022411953,278.95517609391675,371,937,0.799612564113031,2.084672874486144,-1.8489391919793992,0.2680655874740384
42,0.7003254385964912,1302.642857142857,466.0054945054945,1622.602105263158,307.3315789473684,364,950,0.7659658934237349,2.0311739226356584,-2.178183161921449,-3.5486231435591566
43,0.7169998538011696,1290.2401129943505,477.3305084745763,1617.7679324894514,340.57489451476795,354,948,0.7269727032455963,1.9663304430848716,-2.3850886072552555,-4.355201941911966
44,0.733674269005848,1276.9797101449276,488.6927536231884,1611.5039603960397,379.6376237623762,345,1010,0.6864259779490905,1.8859330316763352,-2.4588184501508477,-5.323275836812347
45,0.7503486842105264,1262.720238095238,499.42857142857144,1603.8347659980898,423.86150907354346,336,1047,0.6449739837441183,1.78880541998079,-2.4308875348858834,-6.247627125871653
46,0.7670230994152047,1248.9208211143696,509.4398826979472,1593.9693654266955,472.45295404814,341,914,0.605358721803962,1.6775819741947446,-2.239535710167912,-7.484275366398091
47,0.783697514619883,1236.7142857142858,518.3613445378152,1580.5061590145576,529.2228443449048,357,893,0.5702880871500303,1.539213590049854,-1.8301790069236952,-9.110012952539192
48,0.8003719298245614,1227.2773333333334,524.3813333333334,1561.7004504504505,591.1362612612612,375,888,0.5443243924832988,1.373773697213472,-1.154741869577426,-10.684469637304744
49,0.8170463450292398,1222.6346666666666,527.1573333333333,1537.7510288065844,655.9135802469136,375,972,0.5317787963749092,1.182899024101457,-0.1842250260728185,-12.399149470474637
50,0.8337207602339182,1225.0027472527472,525.739010989011,1504.2818791946308,721.1486097794823,364,1043,0.538180703331637,0.960276564302348,1.177218816868928,-14.728165134109972
51,0.8503951754385966,1236.9619883040937,518.1491228070175,1455.4164456233425,781.9027409372237,342,1131,0.5710376670533747,0.6917319428030229,2.292892846077488,-16.827678830569358
52,0.8670695906432749,1252.478134110787,507.5481049562682,1386.5475024485795,825.4554358472086,343,1021,0.6146459980023025,0.3990931567985683,1.7777402644517444,-16.226128255381873
53,0.8837440058479532,1257.2883116883118,502.6805194805195,1309.4519832985386,846.4081419624217,385,958,0.6303232256444609,0.1506095434138215,-0.1763349775735035,-13.467882546407916
54,0.9004184210526316,1249.8904494382025,508.2668539325843,1232.4063526834611,857.34282584885,356,913,0.608765432739966,-0.0500449742147247,-2.2726005856795823,-11.071416451545188
55,0.91709283625731,1230.363344051447,521.0032154340836,1154.2828729281769,863.4618784530387,311,905,0.5545346541244277,-0.2186092462201209,-4.057129996940097,-9.066251667860696
56,0.9337672514619884,1200.048611111111,538.1840277777778,1078.4943705220062,868.7246673490276,288,977,0.4734648925232967,-0.3523938635347586,-5.436879134797789,-7.1871879589453
57,0.9504416666666669,1160.9885496183206,556.4427480916031,1003.7766599597586,875.1207243460765,262,994,0.3732210939018861,-0.4582935585831584,-6.661863289345715,-5.14656707433465
58,0.967116081871345,1111.1973094170403,573.0807174887892,932.3399168399168,882.5654885654885,223,962,0.2512995434765871,-0.524025856087124,-7.896865258288741,-2.7125691544500725
59,0.9837904970760234,1051.2777777777778,584.1041666666666,863.7603833865815,890.8093716719915,288,939,0.1098698736376739,-0.5487545672885661,-9.323473633397311,0.2389352780062636
60,1.000464912280702,978.2972972972972,586.0565110565111,801.1430143014302,898.3113311331133,407,909,-0.0596273975496888,-0.5160576440220807,-10.890966356477788,3.60907250336358
61,1.0171393274853802,895.7346221441124,573.7065026362038,746.9165727170237,899.5749718151071,569,887,-0.2533311163785135,-0.4283962204388215,-12.018731803153669,6.173177038225303
62,1.0338137426900584,811.989247311828,542.6451612903226,702.4453125,884.3971354166666,558,768,-0.4604380461886026,-0.31018940988737,-11.770572750150611,6.058135578436253
63,1.050488157894737,744.9875259875259,499.1767151767152,664.0336239103362,850.6737235367373,481,803,-0.6458659508442819,-0.2263644844366607,-10.497311224377905,3.794893710751167
64,1.0671625730994152,691.8072916666666,452.4166666666667,625.6281287246723,808.7425506555423,384,839,-0.8105110979646182,-0.1836341431059948,-8.967361255237488,1.231414656687848
65,1.0838369883040937,654.2878787878788,408.3030303030303,587.3244228432563,765.539489671932,264,823,-0.9449169605646331,-0.1852982458871814,-7.365519384735634,-1.043761244366638
66,1.100511403508772,627.4542124542124,368.4542124542125,548.6046511627907,723.6572827417381,273,817,-1.0561425548029963,-0.218442359832237,-6.1439552368834125,-2.688262276828125
67,1.1171858187134502,607.8202614379085,332.91503267973854,508.8282442748091,683.8346055979644,306,786,-1.1498106818021372,-0.2749486486529938,-5.009106995004478,-4.10110770710343
68,1.1338602339181287,594.5838323353294,303.8622754491018,467.883950617284,645.4234567901235,334,810,-1.2231904144817232,-0.3552095052469351,-3.8150822670571176,-5.205907650189946
69,1.150534649122807,586.1737967914438,281.9197860962567,427.8748481166464,610.8323207776427,374,823,-1.2770392133239692,-0.4485595800059511,-2.630681558838129,-5.835700954758651
70,1.1672090643274855,581.2279411764706,267.93382352941177,390.0695652173913,579.8447204968944,408,805,-1.310920567648438,-0.5498233067069025,-1.3946705057072355,-6.717291277504367
71,1.1838834795321638,579.4943310657596,262.6734693877551,351.4632911392405,548.9822784810127,441,790,-1.3235498434957316,-0.6725733876296954,-0.0220676329682491,-7.859885166789857
72,1.200557894736842,581.019801980198,267.6559405940594,315.18599311136626,519.7393800229621,404,871,-1.3116564973978322,-0.8119412841711959,1.489604210783324,-8.872629774422023
73,1.2172323099415203,586.3181818181819,283.32085561497325,283.9938042131351,491.18835192069395,374,807,-1.2738732852932548,-0.9684652132619044,3.040947972208459,-10.116411412231887
74,1.2339067251461988,596.4268292682926,309.1920731707317,260.79904306220095,459.67224880382776,328,836,-1.210244439188975,-1.149311772708998,4.271893958839304,-10.96707097785672
75,1.2505811403508773,611.4026402640264,340.0561056105611,252.5326215895611,426.5824436536181,303,843,-1.1314106181331671,-1.3342042033898265,4.6284620554474385,-10.43483323564682
76,1.2672555555555556,627.6518771331058,368.4675767918089,258.8325301204819,395.6228915662651,293,830,-1.0558906430457158,-1.497301256634503,4.376982886225297,-9.042284968853872
77,1.283929970760234,644.1836065573771,394.0262295081967,274.6986794717887,369.99159663865544,305,833,-0.9854433581557832,-1.6357538313292097,4.0781467038063655,-7.579099271233287
78,1.3006043859649123,661.3366336633663,416.5082508250825,296.9352517985611,350.4772182254197,303,834,-0.9198892202360002,-1.750055352886541,3.8797102493387703,-6.244744412043699
79,1.3172788011695906,679.3385093167702,437.2639751552795,322.7146282973621,337.33093525179856,322,834,-0.8560595590131415,-1.8440087536762328,3.818918298101975,-5.136075019425776
80,1.3339532163742691,698.0855457227138,457.1032448377581,351.4174641148325,330.3468899521531,339,836,-0.7925327615654082,-1.9213374476791047,3.8725370367296184,-4.096643478427201
81,1.3506276315789474,718.6371428571429,476.38,380.8220024721879,329.6229913473424,350,809,-0.7269149781212926,-1.9806270222858988,4.043799054449293,-3.016306851483247
82,1.367302046783626,741.6021798365123,495.2452316076294,410.88402366863903,335.02840236686393,367,845,-0.6576767926890617,-2.0219277533318003,4.294636961386267,-1.8967267976591875
83,1.3839764619883042,767.5367847411444,513.550408719346,441.6600698486613,346.74970896391153,367,859,-0.5836938584262669,-2.0438806425939173,4.603364745300037,-0.7710514912900239
84,1.4006508771929824,796.5828571428572,531.4714285714285,472.25817757009344,363.92289719626166,350,856,-0.5041599624856391,-2.047641418751713,4.9223192405925165,0.5118986749437977
85,1.417325292397661,829.2732394366197,547.2676056338029,502.55386416861825,387.0140515222482,355,854,-0.4195402688510334,-2.026809420496442,5.189242116341826,1.886227655663816
86,1.4339997076023392,864.5115606936416,561.2947976878613,532.92,415.6181818181818,346,825,-0.3311048071946642,-1.9847379325495416,5.3779873758880745,3.259071289451302
87,1.4506741228070177,901.8253012048192,572.6987951807229,563.1597701149425,450.10114942528736,332,870,-0.2401906799088806,-1.9181232047725272,5.525509330587064,4.827351427722039
88,1.467348538011696,941.1734317343172,580.309963099631,592.7121729237771,490.23549488054607,271,879,-0.1468355336035979,-1.8237514084600737,5.436219151522273,6.424321270273552
89,1.4840229532163742,978.6804511278197,584.8947368421053,624.6977205153618,537.5054509415263,266,1009,-0.0588991293566672,-1.703879604234951,5.112487708314192,8.088131923935313
90,1.5006973684210527,1014.1788321167884,585.6861313868613,658.8865619546248,591.6465968586388,274,1146,0.0236599519508928,-1.5540216686002506,4.528767537073525,9.484534921092608
91,1.517371783625731,1043.5993265993266,584.1346801346801,694.7668269230769,648.7708333333334,297,1248,0.0921299712005979,-1.3875814576398124,3.612747167508521,10.956966170181577
92,1.5340461988304095,1065.8393351800555,581.5734072022161,737.2532637075718,713.644908616188,361,1149,0.1441408445520183,-1.1886196619898064,2.4010010679975764,12.291392884135592
93,1.5507206140350878,1077.8678756476684,580.2435233160621,783.5750798722045,778.6208732694356,386,939,0.1722005486299334,-0.9776778808520006,0.7584593944349708,13.775172598024833
94,1.567395029239766,1076.7763157894738,580.9342105263158,838.4654226125137,847.6388583973655,380,911,0.1694345782694135,-0.7292337671586584,-1.4405634915514591,15.971122802234955
95,1.5840694444444443,1057.5621118012425,584.7080745341615,903.1316648531013,908.4776931447224,322,919,0.124159441056273,-0.4450596150732569,-4.5798999412544905,19.17290104156616
96,1.6007438596491228,1011.235142118863,588.7596899224807,979.2025316455696,944.3518987341772,387,790,0.0167002718366947,-0.0898399418680896,-7.093415023228103,22.208007158682268
97,1.6174182748538013,955.4171974522292,585.9363057324841,1058.1339491916858,923.3002309468824,314,866,-0.1123976535765441,0.2955514493914181,-5.8497112261650335,20.96759138864363
98,1.6340926900584796,927.4328767123288,580.1917808219179,1127.472906403941,866.768472906404,365,812,-0.1783807557883931,0.6094047074444753,-2.5152267222597295,16.813890564061197
99,1.6507671052631578,919.9448621553884,578.2531328320802,1182.2968929804372,805.8227848101266,399,869,-0.196277522978266,0.8562750343337783,-0.032001661117014,13.884948604093005
100,1.6674415204678363,927.1718309859154,579.0507042253521,1230.6888888888889,744.2111111111111,355,810,-0.1794479737578021,1.0724515036850073,1.8173717616057776,12.244511734754846
101,1.6841159356725146,945.8459119496856,581.5283018867924,1272.7150192554557,684.8587933247753,318,779,-0.1356703003097211,1.264615179621496,3.210843529419729,11.066501760324943
102,1.700790350877193,972.8835616438356,584.7260273972603,1311.5602165087955,628.7591339648174,292,739,-0.0723700974242032,1.4415063941149315,4.185925861295478,9.923738996039036
103,1.7174647660818714,1005.6875,585.5859375,1348.1390728476822,577.1037527593819,256,906,0.0039254313447622,1.5955602684271215,4.875934035835697,8.235971372688699
104,1.73413918128655,1042.7296137339056,583.5665236051502,1381.101818181818,534.0278787878788,233,825,0.0902365998240917,1.716166406679044,5.295549844829296,6.633405679529189
105,1.750813596491228,1081.2067510548522,578.548523206751,1413.5373711340203,495.1121134020619,237,776,0.1805258250442697,1.8167765894702044,5.465723137528626,5.1812297837732455
106,1.7674880116959064,1119.75,569.7112068965517,1445.391364902507,462.4623955431755,232,718,0.2725120738020311,1.8889543600500056,5.445898639681162,3.6091273659482064
107,1.784162426900585,1156.327935222672,557.6072874493927,1478.7764227642276,433.8970189701897,247,738,0.3621401752055433,1.9371367659229797,5.279665674360229,2.0814142894954237
108,1.8008368421052632,1190.5116279069769,543.0348837209302,1511.115845539281,412.1584553928096,258,751,0.4485827489943723,1.9583670922020004,5.058269316255655,0.5883274588990961
109,1.8175112573099417,1221.9325842696628,526.7715355805243,1544.175603217158,395.83109919571046,267,746,0.5308275407982059,1.9567567985749732,4.788800851004948,-0.7561740372232773
110,1.83418567251462,1250.111111111111,508.9462365591398,1576.8830486202364,385.0696452036794,279,761,0.6082836564387195,1.9331495724746828,4.555820043618133,-2.019129151071773
111,1.8508600877192984,1275.8483754512636,489.8050541516246,1608.8896103896104,379.9467532467533,277,770,0.6827588108083752,1.889421202941292,4.386767244560287,-3.202375998381386
112,1.8675345029239767,1299.342465753425,469.6575342465753,1641.2646691635457,380.32334581772784,292,801,0.7545772133228816,1.8263540783976675,4.275232091413277,-4.393940952671982
113,1.884208918128655,1321.0718954248366,448.2320261437909,1671.9763872491146,387.24085005903186,306,847,0.825332800785556,1.742888411281907,4.303753675640767,-5.599844831120162
114,1.9008833333333337,1341.8405315614618,424.66445182724254,1699.0790697674418,400.0441860465117,301,860,0.8981023647754712,1.6396058028059284,4.506026735177147,-6.8862103884816115
115,1.917557748538012,1362.2091503267975,398.0686274509804,1721.0811724915443,418.74633596392334,306,887,0.975603522197006,1.5132413488732832,4.861403467147717,-8.423505540913641
116,1.93423216374269,1381.926517571885,367.2044728434505,1733.5782608695652,442.9304347826087,313,920,1.0602244845528392,1.358691745069723,5.214354600903854,-10.099669475213084
117,1.9509065789473683,1399.9723076923076,332.9723076923077,1730.4619750283769,470.51191827468784,325,881,1.1494961494767977,1.1764291843538452,5.089678473005892,-11.082572754430268
118,1.9675809941520468,1413.0961538461538,300.62179487179486,1709.5353658536585,495.55853658536586,312,820,1.2299593087872664,0.9891009057828702,4.09992158817687,-10.619224402540558
119,1.9842554093567253,1420.6933701657458,277.41160220994476,1679.3040380047505,517.6116389548694,362,842,1.2862237392125686,0.8222904706746177,2.5978096468516534,-9.443031965239577
120,2.000929824561404,1424.0944881889764,264.6745406824147,1643.6691729323309,539.4548872180451,381,798,1.3165932221359131,0.6741868342239611,1.1142500665407753,-8.291095358354305
121,2.017604239766082,1424.2261306532664,261.6683417085427,1606.8199767711965,562.3182346109176,398,861,1.3233826757152514,0.5457921376610553,-0.2467503986270795,-7.1586582433425
122,2.0342786549707603,1421.9055118110236,267.78477690288713,1570.24842370744,586.6380832282472,381,793,1.3083643849386577,0.4354539545081885,-1.474721715264696,-6.275537639097594
123,2.0509530701754386,1416.9457994579946,281.7235772357724,1533.189964157706,614.0250896057348,369,837,1.2742024313318934,0.3365102972072547,-2.6353795454425555,-5.581453359906797
124,2.067627485380117,1408.903409090909,303.47159090909093,1495.809756097561,644.7939024390244,352,820,1.220477559413406,0.2493190129709225,-3.749932553326616,-4.807983721887965
125,2.0843019005847956,1396.6306306306303,331.63963963963965,1458.412037037037,678.6967592592592,333,864,1.149146566564478,0.1761696634550652,-4.787682123524131,-3.842678264735976
126,2.100976315789474,1379.114006514658,365.3387622149837,1421.7458379578247,715.4495005549389,307,901,1.060813960222091,0.1211701872025212,-5.769407167121414,-2.537162124606727
127,2.117650730994152,1355.0735785953177,403.0200668896321,1387.3744239631335,754.823732718894,299,868,0.9567435853856188,0.0915582740405123,-6.893770920868815,-0.9402457589620123
128,2.1343251461988304,1320.9967320261435,444.9019607843137,1352.6741440377805,796.6528925619834,306,847,0.8309147629010819,0.0898140908437801,-8.270029602279884,1.026428492154016
129,2.1509995614035087,1274.3930817610062,489.248427672956,1318.5562130177516,838.4852071005918,318,845,0.6809477706988271,0.1257884637526883,-9.0662946831082,2.744013614325444
130,2.1676739766081874,1221.2870813397128,527.5980861244019,1284.758152173913,873.7961956521739,209,736,0.528564439072854,0.1813237355088854,-10.450030247674764,5.2881747566975195
131,2.1843483918128657,1144.775641025641,563.2564102564103,1248.0495750708214,894.5963172804533,156,706,0.3324514841964733,0.3021429068888351,-14.008877324446251,9.901725283197262
132,2.201022807017544,1030.530612244898,587.1938775510204,1202.5418326693227,893.6042496679947,98,753,0.0613847649544129,0.5115346927382706,-12.964822445473455,7.605868180105596
133,2.217697222222222,960.9781420765028,584.688524590164,1147.1404958677683,884.4187327823691,183,726,-0.0999101808250424,0.5557897149430994,-9.015437927060782,1.129307556482637
134,2.2343716374269005,901.8526315789474,574.2561403508772,1085.3992248062016,874.1692506459948,285,774,-0.2392695455412196,0.5491957789194151,-8.02604705126486,-1.6321690426925974
135,2.251046052631579,849.3014492753623,557.2637681159421,1018.0857142857144,865.225974025974,345,770,-0.3675694627951919,0.5013587863389418,-7.197827972568826,-3.823851765691771
136,2.2677204678362575,805.5,537.4497041420118,949.6016646848988,858.6872770511296,338,841,-0.4793086899141413,0.4216747948748409,-6.260495850853187,-5.711448508572422
137,2.2843948830409357,769.2939560439561,516.6291208791209,877.7141242937853,854.0632768361581,364,885,-0.5763496772037763,0.3108886586347867,-5.117695156310573,-7.69243325505144
138,2.301069298245614,743.2552631578948,498.5315789473684,801.8008705114255,849.8215451577802,380,919,-0.649977837768729,0.1651411428168345,-3.603032225987804,-9.653896356636832
139,2.3177437134502923,727.3625304136253,486.2968369829684,723.4105960264901,843.6810154525386,411,906,-0.6965065878676906,-0.0110574937522017,-1.7223367178493076,-11.68721574988313
140,2.334418128654971,723.7790973871734,483.249406175772,643.8407367280606,833.136511375948,421,923,-0.7074157528800936,-0.2246138331835808,0.5784969020268975,-14.148794839304925
141,2.3510925438596493,733.8080808080808,491.55555555555554,566.9541984732824,809.7928026172301,396,917,-0.6772143927896573,-0.4829032533449633,2.6781363762636508,-16.298506316507776
142,2.3677669590643275,753.9107611548557,507.24146981627297,503.8834688346883,766.0460704607046,381,738,-0.618103037054948,-0.768149956258628,3.1640351673921003,-16.539204872790158
143,2.384441374269006,770.8697916666666,517.8828125,461.5213068181818,701.7755681818181,384,704,-0.5716975205830576,-1.0344663917532486,1.992891668582365,-14.705262775598872
144,2.401115789473684,778.5344418052257,521.914489311164,435.3725714285714,632.688,421,875,-0.5516424307751747,-1.2585532706871012,0.5952340608657938,-11.945197130483184
145,2.417790204678363,778.7022332506203,521.4739454094292,420.4154013015184,571.2234273318873,403,922,-0.5518471608333715,-1.432824745064067,-0.4456569897282503,-10.153354251080058
146,2.434464619883041,773.4135338345865,518.0526315789474,410.685230024213,508.48910411622273,399,826,-0.5665045701463666,-1.5971557596924912,-1.1146900238176511,-9.040229682586697
147,2.4511390350877194,765.3053435114504,512.7760814249364,406.12659846547314,453.51790281329926,393,782,-0.5890207693966681,-1.7343058316102835,-1.5093366562253931,-7.664663946001754
148,2.4678134502923976,755.5572519083969,505.8625954198473,404.43249701314215,404.14695340501794,393,837,-0.6168391823254528,-1.8527633377724144,-1.736430174211664,-6.625076384862655
149,2.484487865497076,745.0922693266833,498.2793017456359,405.58560794044666,360.9218362282878,401,806,-0.6469286847941427,-1.9552443804181023,-1.7621511736264497,-5.678406439037578
150,2.5011622807017546,735.4835443037974,490.5746835443038,407.83151515151513,323.58787878787876,395,825,-0.6756048629703701,-2.042131551103278,-1.6315885603812104,-4.795355877143207
151,2.517836695906433,726.9975186104218,483.4987593052109,411.639263803681,292.58650306748467,403,815,-0.7013402549921421,-2.115163890317463,-1.4314972942243078,-4.05105997046577
152,2.534511111111111,719.5925925925926,477.6148148148148,415.9343675417661,266.99045346062053,405,838,-0.7233436234669096,-2.1772296630364747,-1.1528478697267202,-3.296663177715706
153,2.5511855263157894,714.6115107913669,472.5923261390887,420.7683073229291,247.2076830732293,417,833,-0.7397863830874467,-2.2251037515478753,-0.7515802905637735,-2.539704737693921
154,2.5678599415204677,711.9528301886793,470.01650943396226,426.14993804213134,233.5898389095415,424,807,-0.748407947115936,-2.261925845623669,-0.327857794752575,-1.8703919821301744
155,2.5845343567251464,711.2004662004662,469.3682983682984,431.2209737827715,225.44569288389513,429,801,-0.750720057083036,-2.287479136558955,0.1111957849430186,-1.1982225311619012
156,2.6012087719298247,713.1435294117647,471.0729411764706,436.5721518987342,223.02151898734175,425,790,-0.7446996977416359,-2.3018851656080574,0.5872119725265112,-0.5421763794523635
157,2.617883187134503,717.3708133971292,475.07655502392345,441.2229064039409,225.5677339901478,418,812,-0.7311372245969056,-2.305560084689271,1.04277948264597,0.1295235379745604
158,2.6345576023391812,724.0306603773585,481.2971698113208,446.6646415552855,234.6865127582017,424,823,-0.7099242216205187,-2.297565707106124,1.5357265395393431,0.8588909341492961
159,2.65123201754386,733.9012048192772,489.5831325301205,451.6492082825822,248.87697929354445,415,821,-0.6799225406746597,-2.276917076586192,2.0091452678749695,1.6492394943131246
160,2.6679064327485382,746.7218045112782,498.9749373433584,457.1935866983373,268.7600950118765,399,842,-0.6429215768143948,-2.2425654989058623,2.405411436638573,2.4675690189910027
161,2.6845808479532165,761.6862244897959,509.9362244897959,462.23604651162793,294.4197674418605,392,860,-0.5997048826094729,-2.1946265358484784,2.7521470284900245,3.3237090550385067
162,2.7012552631578948,779.2047244094488,521.2362204724409,467.56615017878426,325.45172824791416,381,839,-0.5511406922996659,-2.13172368929934,3.025414796023956,4.259144199964476
163,2.717929678362573,798.5573333333333,532.648,473.3037825059102,362.5756501182033,375,846,-0.4988108376589114,-2.052589058234868,3.172202326777702,5.311679990323426
164,2.734604093567252,819.109375,542.8619791666666,480.3577235772358,406.0696864111498,384,861,-0.4453514548797895,-1.9545853741132704,3.15763421175489,6.46442565744291
165,2.75127850877193,839.4418604651163,551.8940568475452,488.94880952380953,456.3202380952381,387,840,-0.3935074298363147,-1.8370080232909096,2.971727904048688,7.619231506405567
166,2.7679529239766083,858.2467532467532,559.5142857142857,500.0057971014493,512.7893719806764,385,1035,-0.3462478049849167,-1.7004929147565235,2.59892872254484,8.835510749038487
167,2.7846273391812866,874.16,565.315,513.9841565703634,575.5619757688723,400,1073,-0.3068361966221608,-1.542354073741177,1.9906268233205744,9.965182032505044
168,2.801301754385965,885.1361386138614,569.0965346534654,532.2311926605505,641.6009174311927,404,1090,-0.2798627286456823,-1.368165749156144,0.9743982431019838,11.532095263200471
169,2.8179761695906436,887.3293556085919,570.073985680191,558.5607476635514,714.1507009345794,419,856,-0.2743411548617775,-1.1577721845441584,-0.4080840000649655,13.565506882754258
170,2.834650584795322,879.2176165803108,568.4378238341969,594.3261608154021,787.2808607021517,386,883,-0.2934718527566208,-0.9157719607062108,-2.3278918785895355,15.837801690675798
171,2.851325,854.978436657682,561.2803234501348,643.4206257242179,851.6813441483198,371,863,-0.3519736263321788,-0.629600021904788,-4.625964812444416,19.07141541450461
172,2.8679994152046784,816.9539641943734,544.9795396419437,717.9497142857143,889.5851428571428,391,875,-0.4477423687664813,-0.2797625623815049,-4.801984820038503,19.79811878529979
173,2.8846738304093567,792.6496163682865,531.4987212276214,803.5695159629248,887.7332646755922,391,971,-0.5121142037239482,0.0306440838904741,-2.356360620410109,16.782404472538833
174,2.9013482456140354,787.6188118811881,527.9579207920792,885.7650531286895,869.3860684769776,404,847,-0.5263242394798247,0.2799109982344224,0.37779005798677,13.536231174026456
175,2.9180226608187136,797.7120418848167,533.565445026178,961.498708010336,846.5930232558139,382,774,-0.4995153471498064,0.4820615616949301,2.52790717117081,11.467420668742877
176,2.934697076023392,820.028901734104,544.2601156069364,1036.0956221198155,821.3202764976959,346,868,-0.4420214919378526,0.6623360653490806,4.109854820579006,9.762618835288563
177,2.95137149122807,851.5062893081761,557.6572327044025,1103.6817625458996,798.8604651162791,318,817,-0.3624564957312399,0.8076334815841602,5.361691304383602,7.953661742790259
178,2.9680459064327485,892.0934959349594,570.8089430894308,1170.6550060313632,779.605548854041,246,829,-0.2632153579206412,0.9275813819427816,6.256823314636889,6.181528636147561
179,2.984720321637427,938.0976744186048,580.6325581395349,1233.1805392731535,764.4103165298945,215,853,-0.153798756110105,1.0137802317416271,6.902581122519137,3.984839926131677
180,3.0013947368421054,989.7807486631016,585.9411764705883,1291.6869671132763,754.9439707673569,187,821,-0.0330223506789233,1.0604711328477805,7.443146780550952,1.791035055288707
181,3.0180691520467837,1044.5961538461538,584.1987179487179,1348.9531859557867,749.3992197659297,156,769,0.0944214835864381,1.0735091560576633,7.894375306883222,-0.4363308581558502
182,3.034743567251462,1102.3148148148148,574.9537037037037,1403.3826405867972,749.2885085574572,108,818,0.2302458326181386,1.045920009056772,8.463604038494644,-2.9261614079968608
183,3.0514179824561403,1162.6363636363635,556.5681818181819,1451.8102094240835,752.2329842931937,88,764,0.3766727793181427,0.9759250955119716,11.72939217401112,-8.732925000485118
184,3.068092397660819,1253.0,503.27272727272725,1488.8585572843,754.0820367751061,33,707,0.6214073430340715,0.7546871742379623,13.29784169365282,-12.189704642802186
185,3.0847668128654973,1318.9276315789473,449.29605263157896,1507.0532212885155,743.1778711484594,152,714,0.8201402467702436,0.5694127026390131,10.21315595854144,-8.915155410035362
186,3.1014412280701755,1357.036036036036,401.6336336336336,1511.1534320323017,714.7617765814266,333,743,0.9620041490397812,0.4573771683956338,8.526110228100398,-6.445246527175896
187,3.118115643274854,1388.540350877193,349.080701754386,1510.5823293172691,678.8313253012049,285,747,1.1044760508186455,0.3544712692577287,7.633974453800196,-4.970188869207272
188,3.134790058479532,1408.3950177935942,305.0711743772242,1509.5587096774193,642.0748387096775,281,775,1.2165882684489255,0.2916271826939681,6.210061130294766,-3.144759577849258
189,3.151464473684211,1421.3154362416108,266.19127516778525,1508.297635605007,607.4144645340751,298,719,1.3115743262845838,0.2495972154178336,5.266613395117231,-2.145778607657649
190,3.168138888888889,1430.1086261980831,232.43450479233223,1507.179806362379,576.9778699861687,313,723,1.3922236653943365,0.2200679758111675,4.374683590766015,-1.393733158208113
191,3.1848133040935673,1435.0884955752213,204.58997050147497,1506.4172461752437,550.9165507649514,339,719,1.4574649074476351,0.2031178446888541,3.536129421113987,-0.8375861828448167
192,3.2014877192982456,1437.68156424581,181.85754189944137,1505.2995720399429,529.4450784593438,358,701,1.5101494457646036,0.1921354562462553,2.7942479294814726,-0.5901404168895045
193,3.218162134502924,1439.573726541555,164.30026809651474,1504.2582972582973,512.961038961039,373,693,1.5506498077696091,0.1834373520082989,2.075252156147916,-0.4731223725519585
194,3.2348365497076026,1440.7237851662403,151.7851662404092,1503.038291605302,501.4565537555228,391,679,1.5793566779766324,0.1763573784811475,1.3137263348902402,-0.3963505133082368
195,3.251510964912281,1441.2,145.17560975609757,1501.3901018922852,495.3566229985444,410,687,1.5944610445161695,0.170219525957321,0.5870740758048318,-0.3779445988958957
196,3.268185380116959,1441.679518072289,143.20481927710844,1499.7252906976744,494.5014534883721,415,688,1.5989349117683775,0.1637533681484359,-0.132005491404605,-0.3285413774826973
197,3.2848597953216374,1441.6044226044226,147.0933660933661,1498.0557939914163,498.5450643776824,407,699,1.5900588157702136,0.1592630552771941,-0.9063789938829974,-0.2163100024077751
198,3.3015342105263157,1440.9770408163265,156.4362244897959,1496.5189340813463,508.343618513324,392,713,1.56870823241477,0.1565396825622915,-1.6284106150974695,-0.1597497712543842
199,3.3182086257309944,1439.7935656836462,170.80160857908848,1494.4522821576763,523.0677731673583,373,723,1.5357532263305318,0.1539355872476981,-2.388599032451384,-0.0307778320836448
200,3.3348830409356727,1437.6028169014085,191.04788732394368,1492.758152173913,542.8505434782609,355,736,1.489051248365595,0.1555132778597664,-3.161393345916798,0.2277408709097878
201,3.351557456140351,1433.6396396396397,216.27627627627623,1490.9099590723056,567.7353342428377,333,733,1.4303244557802837,0.1615304789289478,-3.8766133050420737,0.5501362492516944
202,3.368231871345029,1427.3071895424837,246.20261437908496,1489.0240320427235,597.5994659546061,306,749,1.3597707286930911,0.1738596783381007,-4.678883024475716,1.077165786806863
203,3.384906286549708,1417.1326530612246,281.74149659863946,1487.1190798376183,631.5696887686062,294,739,1.274289179291825,0.1974526980759312,-5.632444846687731,1.8904213573900217
204,3.401580701754386,1401.6756756756756,323.125,1485.305740987984,669.5100133511348,296,749,1.171935280710847,0.2369030195879265,-6.578219584542375,3.0257345319851914
205,3.4182551169590645,1378.93,368.15,1484.0993548387096,710.1225806451613,300,775,1.0549132499714122,0.2983574058468397,-8.113104194170685,5.085683522251862
206,3.4349295321637427,1342.1017441860463,423.0697674418605,1481.9354838709678,747.9005376344086,344,744,0.901372744846008,0.4065046168871638,-9.365088370714162,7.034442429707691
207,3.451603947368421,1295.8333333333333,473.47222222222223,1474.1045392022008,775.6863823933975,144,727,0.7425985061278267,0.5329478334595448,-13.041974093301356,12.114877188292615
208,3.4682783625730997,1199.090909090909,543.0,1452.0405405405406,783.5486486486486,99,740,0.4664381626052771,0.8105216016697188,-13.447938611822227,11.95481050983563
209,3.484952777777778,1129.064935064935,568.4025974025974,1411.3649815043157,778.2231812577065,77,811,0.2941254820067271,0.9316267817280486,-9.505272217366306,5.472690995221895
210,3.5016271929824563,1068.1923076923076,581.8538461538461,1360.5105328376703,772.4399008674102,130,807,0.149448451433558,0.9930294455521874,-8.432709227128711,2.4331806305485766
211,3.5183016081871346,1009.5573770491804,586.2076502732241,1304.564225690276,770.3517406962785,183,833,0.0129044920997941,1.0127705099315447,-7.977469968586542,0.0525869287750744
212,3.534976023391813,953.925925925926,583.0555555555555,1245.9353348729792,772.7113163972286,216,866,-0.1165908416445708,0.9947831581216564,-7.422562432244552,-2.23913889286089
213,3.5516504385964915,903.9186991869918,574.2154471544716,1184.6096385542169,780.033734939759,246,830,-0.2346292836559917,0.938097846730532,-6.784009808103302,-4.497349553985013
214,3.56832485380117,859.3905723905724,560.6767676767677,1119.7957746478874,791.8462441314554,297,852,-0.3428296342304205,0.844801810554214,-6.0655588282700466,-6.579948940220766
215,3.584999269005848,821.9827586206897,545.2729885057471,1051.5319396051104,807.7026713124274,348,861,-0.436908576357946,0.7186642454208833,-5.047290080224052,-8.306386387242668
216,3.6016736842105264,793.562827225131,530.7198952879581,982.057387057387,826.2307692307693,382,819,-0.5111508551426409,0.567793539611469,-3.77191059434314,-10.031068994555811
217,3.6183480994152046,774.4191176470588,519.5245098039215,906.5075949367088,846.2974683544304,408,790,-0.5626973830879514,0.3841398266968849,-2.112651000370968,-11.88389903476902
218,3.6350225146198833,767.437037037037,515.3333333333334,827.9492924528302,864.751179245283,405,848,-0.5816052950681702,0.1714794060990388,0.1500929041883166,-13.939226574755924
219,3.6516969298245616,775.8213333333333,521.3466666666667,747.1395833333333,875.9114583333334,375,960,-0.5576919602805274,-0.0807170763822488,2.9785156146901706,-17.08871515060577
220,3.66837134502924,803.7925925925925,537.958024691358,665.5596658711218,866.3651551312649,405,838,-0.4822752829622467,-0.3984092573723179,5.077824518016863,-19.53474768487505
221,3.685045760233918,840.5096418732783,555.1267217630854,601.7741514360313,820.7284595300262,363,766,-0.3883524515807094,-0.7321780640147207,4.4154953853950945,-18.243029738616475
222,3.701720175438597,862.3622047244095,562.3543307086615,560.274656679151,753.4369538077403,381,801,-0.3350236761814085,-1.00679296227829,2.1686651442062517,-15.087250800760188
223,3.718394590643275,870.2407862407863,564.5847665847666,532.4089264173704,682.3715319662243,407,829,-0.316030005471892,-1.2353202323127035,0.4569423526903691,-12.478586973600564
224,3.7350690058479534,868.8592964824121,563.6155778894472,513.5317919075145,616.5394990366088,398,1038,-0.3197851831546849,-1.4229392430093033,-0.7694813163691878,-10.733065673510549
225,3.751743421052632,860.0559796437659,560.2671755725191,499.477344573235,552.1675447839831,393,949,-0.3416913073946566,-1.593255419231095,-1.5943944779721635,-9.58393718418824
226,3.76841783625731,847.4113110539846,555.7300771208227,490.7855530474041,493.86794582392776,389,886,-0.3729563742061935,-1.7425523388187247,-2.1728553575395395,-8.424923645086078
227,3.785092251461988,831.0657894736842,548.9315789473684,484.8355663824604,440.53105968331306,380,821,-0.4141534922173049,-1.8742167690828504,-2.506061744526714,-7.288665516705602
228,3.801766666666667,814.5833333333334,541.1935483870968,481.0873786407767,394.3288834951457,372,824,-0.4565306023197915,-1.9856208090458665,-2.5792996814332025,-6.186514526157466
229,3.8184410818713457,798.1741424802111,532.131926121372,478.1244019138756,353.2212918660287,379,836,-0.5001701198683286,-2.0805297928406974,-2.5761361656997264,-5.264920597457355
230,3.835115497076023,782.4151436031332,523.1436031331592,476.9280575539568,318.42446043165467,383,834,-0.5424417304211222,-2.1611997531692007,-2.4279386115447976,-4.3913605175427115
231,3.8517899122807018,768.3258145363409,514.3458646616541,476.13708690330475,289.35985312117504,399,817,-0.5811390328690651,-2.2269765300065743,-2.1594171604009635,-3.4469865854188173
232,3.86846432748538,756.5883838383838,506.17676767676767,474.9483394833948,266.3640836408364,396,813,-0.6144557670863886,-2.2761527242296604,-1.7867191826698143,-2.6022275648109323
233,3.885138742690059,747.4479418886199,499.57869249394673,474.1289111389236,248.52565707133917,413,799,-0.6407240278810652,-2.3137577757520074,-1.38703829669456,-1.8573008526741577
234,3.901813157894737,740.6904761904761,494.2952380952381,473.3585147247119,236.47119078104993,420,781,-0.6607118720141385,-2.3380915353846445,-0.9493870927227722,-1.1094342372631798
235,3.9184875730994153,736.6152019002375,491.3729216152019,472.56598984771574,230.1802030456853,421,788,-0.6723849770291092,-2.350756109980831,-0.4398904609205085,-0.3881386401789464
236,3.9351619883040936,735.5953488372093,490.5883720930233,471.5090909090909,229.212987012987,430,770,-0.6753817043940703,-2.3510355050712906,0.0369854593159075,0.3264635579656317
237,3.951836403508772,736.9606481481482,491.78935185185185,470.0761421319797,233.4796954314721,432,788,-0.6711515552187708,-2.3398689321514,0.5095292628980634,1.0550261223037725
238,3.9685108187134506,741.3717026378897,495.0431654676259,468.7137546468402,243.54275092936803,417,807,-0.6583894994170782,-2.315851617841141,0.9681372829566988,1.810900340071261
239,3.985185233918129,748.0686274509804,500.0808823529411,467.3114355231144,259.4051094890511,408,822,-0.6388653091564724,-2.279477523822117,1.3933158968133412,2.575060852520391
240,4.001859649122808,757.3275434243176,507.01488833746896,465.7958687727825,281.138517618469,403,823,-0.6119240438675894,-2.2299763501766647,1.7654858458162683,3.3562361377552787
241,4.018534064327485,768.719298245614,514.6466165413534,464.7188612099644,308.11387900355874,399,843,-0.579988421094226,-2.167550974050362,2.0502060397621307,4.235519855111575
242,4.035208479532164,782.1240506329113,522.7037974683544,464.2304964539007,341.5626477541371,395,846,-0.5435520703433232,-2.0887267168330856,2.2427452272781117,5.147709374466292
243,4.051882894736842,796.4405063291139,530.8101265822785,464.4244851258581,380.5114416475973,395,874,-0.505195490858334,-1.99588088712463,2.2783630959306955,6.078639803382734
244,4.068557309941521,810.6517412935324,538.455223880597,465.8534482758621,426.02093596059115,402,812,-0.4675713258461935,-1.8860111889105091,2.221869584000266,7.063946324789355
245,4.085231725146199,824.605,545.5525,469.2075055187638,477.3830022075055,400,906,-0.4310987389098012,-1.760306539118431,1.9649944978627008,8.106517872690581
246,4.101906140350877,835.9381188118812,550.7747524752475,476.12886597938143,534.6185567010309,404,970,-0.4020410575816512,-1.615668299163732,1.422581828733947,9.38994185072649
247,4.118580555555556,843.1065375302663,554.1089588377724,486.88376753507015,598.375751503006,413,998,-0.3836572987599203,-1.447162960784832,0.6585546660988187,10.542731999077136
248,4.135254970760234,844.3294930875576,555.1935483870968,502.71164309031553,663.3873775843308,434,919,-0.3800790297066311,-1.26408051767521,-0.4597971573343537,12.434234859022515
249,4.1519293859649125,836.6237113402062,552.520618556701,528.9274092615769,736.2528160200251,388,799,-0.3989909961825679,-1.0324957712011784,-2.116665378649019,15.145373491693322
250,4.168603801169591,816.0335195530727,543.9804469273743,569.3643771827707,804.0291036088475,358,859,-0.4506673444525541,-0.7590000256143626,-4.090219141541698,17.92706479237189
251,4.185278216374269,783.6972010178117,526.9109414758269,633.1590909090909,851.1647727272727,393,880,-0.5353950206709467,-0.4346491277028184,-4.5136690482293,18.624859761836603
252,4.201952631578948,760.1303258145364,511.0751879699248,711.062105263158,864.6863157894737,399,950,-0.6011929280659156,-0.1378827360188216,-2.5649711602708423,16.242183174526094
253,4.2186270467836255,753.2898550724638,506.0096618357488,791.3384785005512,860.2171995589856,414,907,-0.62093380889971,0.1070086844621596,0.0656640651002294,13.635073628650987
254,4.235301461988304,761.2900763358779,511.05089058524175,872.1833333333333,849.2678571428571,393,840,-0.5990031082948991,0.3168310220421524,2.2492786418716535,11.313423543792204
255,4.251975877192983,780.6711229946524,523.1363636363636,945.4560301507538,836.3643216080402,374,796,-0.545922996928544,0.4842981275733094,3.953574449363941,9.374385656569348
256,4.268650292397661,810.1993769470405,539.7476635514018,1017.814064362336,824.8224076281288,321,839,-0.4671560244722951,0.6294558194949897,5.25855940964467,7.796339621071232
257,4.2853247076023395,848.1726618705036,556.6187050359712,1086.8,815.714606741573,278,890,-0.3705561909787768,0.7442969354101624,6.1505948431017,5.903469879066016
258,4.301999122807017,892.4784172661871,571.3237410071943,1151.946996466431,810.3757361601885,278,849,-0.2620408801330325,0.826329635318708,7.00451577945361,3.696498263990058
259,4.318673538011696,945.2010309278352,582.1340206185567,1212.4070351758794,808.6758793969849,194,796,-0.1369637821501153,0.8675708291244484,7.658890345790498,1.584272987337633
260,4.335347953216375,1001.1439393939394,586.4621212121212,1272.120893561104,810.8541392904074,132,761,-0.0066258448674056,0.8791632864955556,8.117582209573985,-0.6737981852518568
261,4.352022368421053,1061.5,582.875,1325.1154345006485,816.7535667963683,112,771,0.1337480902909787,0.8451004477143519,9.142491490581463,-3.6134918767934354
262,4.368696783625731,1130.9405940594058,568.4257425742575,1371.9320905459388,822.6631158455393,101,751,0.2982655533709825,0.7586575587107832,13.013973968191946,-9.997270664833852
263,4.385371198830409,1235.4015748031495,518.3385826771654,1404.933042212518,820.212518195051,127,687,0.5677489011079951,0.5117031637563708,13.73152672899446,-12.019029222778729
264,4.402045614035088,1299.0079365079366,468.2857142857143,1421.990789473684,797.1736842105263,126,760,0.7561959095177676,0.3578369914752328,10.035252292095969,-7.360580712147724
265,4.418720029239767,1340.8181818181818,421.4848484848485,1433.2369426751593,760.3745222929937,264,785,0.902412827912212,0.2662364058725742,8.325870446354518,-4.652462284158149
266,4.435394444444444,1373.2181818181818,375.3127272727273,1444.0161725067385,719.8207547169811,275,742,1.0338539510435196,0.2026828157749143,7.293700426509389,-2.927989200886821
267,4.452068859649123,1395.8054607508532,332.91808873720134,1454.7733860342555,679.3662714097496,293,759,1.1456492064925263,0.1685913905717717,6.204828755635923,-1.444572239976453
268,4.468743274853801,1411.5295950155764,295.1214953271028,1465.632167832168,642.4909090909091,321,715,1.240777732934322,0.154508021129875,5.299679267411354,-0.3454921952513605
269,4.48541769005848,1422.6180758017492,261.70553935860056,1477.695652173913,609.4741847826087,343,736,1.3223873116054117,0.1570696299445777,4.497677700716946,0.5043978283697138
270,4.502092105263158,1429.7005813953488,233.0,1489.8161073825504,580.4375838926175,344,745,1.3907700238114769,0.1713290987670244,3.6703960964512663,1.0965277272431673
271,4.518766520467836,1434.2893982808023,210.03151862464185,1502.21534320323,556.4253028263795,349,743,1.4447907285611297,0.1936375471595675,2.8503573800068853,1.5500557656150893
272,4.535440935672515,1436.7146739130435,192.3804347826087,1514.8947368421052,537.0983379501386,368,722,1.4858261086833848,0.2230216456195676,2.073221350141475,1.8675344411509796
273,4.552115350877193,1437.9876543209878,180.22962962962964,1527.6225352112676,522.7985915492958,405,710,1.5139302357680553,0.2559176365211443,1.2651607741225583,2.0745628784636208
274,4.5687897660818715,1438.5024509803925,174.12254901960785,1540.4736842105262,513.103840682788,408,703,1.5280177407801685,0.2922058912269978,0.470423531492572,2.170839758121357
275,4.58546418128655,1438.872180451128,173.44110275689223,1553.0345323741008,508.5812949640288,399,695,1.5296183103403718,0.3283126034606224,-0.2652449622617618,2.225389395425554
276,4.602138596491228,1438.7394736842105,177.98684210526315,1565.6671511627908,508.7427325581395,380,688,1.5191721315167648,0.3664200247698255,-1.033080980412033,2.338303936005186
277,4.618813011695907,1438.0051948051948,188.4103896103896,1578.143661971831,514.1394366197183,385,710,1.495166267925479,0.4062923048679907,-1.8632315320306707,2.513047299172887
278,4.635487426900585,1436.2225352112675,204.90704225352113,1590.6138888888888,524.3361111111111,355,720,1.457035539141708,0.4502272129606341,-2.754185073297461,2.848692898335184
279,4.652161842105263,1432.1130952380952,227.90178571428572,1602.4092769440656,538.6712141882674,336,733,1.4033174170001002,0.5012928812229096,-3.711003179550029,3.4223272342767292
280,4.668836257309942,1425.0903010033444,257.46488294314383,1614.5426251691474,556.7401894451962,299,739,1.3332779234583103,0.5643578235018516,-4.781701847751838,4.241993625482469
281,4.68551067251462,1413.4701492537313,294.3805970149254,1625.5182186234815,577.549257759784,268,741,1.2438532530113164,0.6427584072366967,-6.087188569927315,5.414003926531188
282,4.7021850877192986,1394.7110389610389,339.711038961039,1633.770252324037,598.9575033200531,308,753,1.1302773041700298,0.7449085222833316,-7.626141047124632,7.063198713230007
283,4.718859502923976,1365.2313624678663,392.8457583547558,1634.6939058171745,616.3725761772853,389,722,0.989530368552923,0.8783078232717909,-9.607014095975948,9.307052487836796
284,4.735533918128655,1318.0375939849623,454.5413533834586,1621.2332015810275,626.3359683794466,133,759,0.8098946203430284,1.0552878373111825,-9.56828459901972,8.553773210980868
285,4.752208333333334,1272.8406593406594,494.55494505494505,1591.774798927614,632.1246648793566,182,746,0.6704392681517545,1.1635661554448906,-8.07314342370264,5.332627868424268
286,4.768882748538012,1226.042105263158,525.3894736842105,1552.16318537859,639.896866840731,190,766,0.5406647294355555,1.2331247397314729,-7.624138478353879,3.1550375615487596
287,4.78555716374269,1178.3193717277486,549.9109947643979,1506.982905982906,652.3040293040293,191,819,0.4161831670196799,1.2687829680201306,-7.23763605244249,1.104260275161962
288,4.802231578947368,1131.015625,567.15625,1459.2129514321296,668.983810709838,192,803,0.2992980321580049,1.2699505283756387,-6.813764945723401,-0.9307708277978686
289,4.818905994152047,1084.9864253393664,579.0226244343892,1408.5030599755205,690.9400244798042,221,817,0.1889520753955305,1.2377428495339229,-6.440976921716973,-2.8769867177083372
290,4.835580409356726,1040.3636363636365,584.8512396694215,1356.4088269454123,717.2787456445993,242,861,0.084498985125085,1.1740063862368115,-5.971897421406219,-5.003304640738358
291,4.8522548245614034,999.6023622047244,586.4251968503937,1299.273607748184,750.1004842615013,254,826,-0.0102037189330202,1.070888491583592,-5.321197152172797,-6.731400339165458
292,4.868929239766082,963.9820143884892,584.7769784172662,1243.1925601750547,784.6455142231947,278,914,-0.0929567162774775,0.9495220579084964,-4.447832876395568,-8.519440145723866
293,4.88560365497076,935.9392097264438,581.2310030395137,1179.7119496855346,824.3333333333334,329,795,-0.1585337432170973,0.7867751269811813,-3.237894711929404,-10.61749519595327
294,4.902278070175439,917.9253333333334,578.1066666666667,1111.6564495530013,864.0715197956578,375,783,-0.2009367179089642,0.595441011246491,-1.5864029292231372,-12.746563590869146
295,4.918952485380117,913.4424552429668,577.4117647058823,1036.5053908355794,902.6859838274931,391,742,-0.2114384254646664,0.3616921394872051,0.6509268767369982,-15.468056359728672
296,4.935626900584795,926.991643454039,580.5738161559889,954.8443113772456,929.7449101796408,359,835,-0.1792290678877698,0.0795994229435277,3.049123478054879,-18.2450103496922
297,4.952301315789474,956.5869565217392,585.776397515528,870.654501216545,926.925790754258,322,822,-0.1097537236978263,-0.2467576164816383,3.6185342426358704,-18.65272568672228
298,4.968975730994152,978.744623655914,586.3279569892474,796.4402439024391,888.7768292682927,372,820,-0.058555183099656,-0.5424471626552256,1.830201610855999,-16.093143441559075
299,4.9856501461988305,983.0255754475704,585.690537084399,733.4733542319749,836.2194357366772,391,957,-0.0487186405624581,-0.7834451278676433,-0.3365161682133362,-13.316365765000336
300,5.002324561403509,973.9758064516128,585.0994623655914,678.4050925925926,780.5543981481482,372,864,-0.0697776037234091,-0.9865323862211856,-1.9814117879590432,-11.388340800486615
301,5.018998976608187,954.6828571428572,583.2342857142858,628.6974358974359,723.974358974359,350,975,-0.1147964062502045,-1.1632329738670293,-3.1751881517496257,-9.548407620403902
302,5.035673391812866,928.8153409090908,579.1051136363636,584.1032818532818,672.9633204633204,352,1036,-0.1756664149139062,-1.3049606126334448,-4.043906208334721,-7.869935370443997
303,5.052347807017544,897.7183098591549,572.3521126760563,542.0341013824885,624.3308755760369,355,1085,-0.2496559485833039,-1.425686113868564,-4.645439506811213,-6.341599460383965
304,5.069022222222222,864.487323943662,562.0507042253521,503.32819383259914,581.6993392070484,355,908,-0.3305863892034791,-1.5164455375618575,-4.978992668359573,-4.672283055694477
305,5.085696637426901,830.5042735042736,548.5584045584045,466.9729397293973,544.6666666666666,351,813,-0.4156995306898578,-1.5815012891174305,-5.1465260327688735,-3.1656271368231423
306,5.102371052631579,797.2748538011696,531.9444444444445,431.71163366336634,513.2042079207921,342,808,-0.5022170130676278,-1.6220155000870302,-5.226551735825654,-1.7591488574952616
307,5.119045467836258,764.8097982708933,512.7608069164265,397.59090909090907,487.2457002457002,347,814,-0.5899989181536366,-1.6401668460308534,-5.244204284393298,-0.4216110397271657
308,5.135719883040935,734.528901734104,490.7341040462427,365.3121951219512,466.5975609756098,346,820,-0.6771050923798818,-1.636075735149604,-5.229972353128947,0.9026323162610804
309,5.152394298245614,705.8510638297872,466.4559270516717,334.578125,451.86899038461536,329,832,-0.7644123792037582,-1.6100651139938578,-5.213922034393304,2.2056574223929712
310,5.169068713450293,679.695652173913,439.8528428093646,306.24664224664224,442.943833943834,299,819,-0.8509832940724723,-1.562519639829082,-5.259186051000026,3.535374773826932
311,5.185743128654971,655.0520833333334,410.4791666666667,282.31042944785275,439.8490797546012,288,815,-0.9398000829098124,-1.4921645002279855,-5.373188451265211,4.886851001617422
312,5.202417543859649,632.3602941176471,378.6102941176471,264.0810810810811,442.3009828009828,272,814,-1.03017284449123,-1.3995488745403477,-5.462135749777268,6.182048294272878
313,5.219091959064328,612.1047297297297,344.27027027027026,253.83291457286433,449.15577889447235,296,796,-1.1219559217020192,-1.2860004200798263,-5.38147001149461,7.171458282975826
314,5.235766374269006,596.111801242236,309.59316770186336,254.8370646766169,458.08706467661693,322,804,-1.2096385752576029,-1.16038912847361,-4.806102925368631,7.437846704105254
315,5.252440789473685,584.7933884297521,279.9641873278237,265.7710843373494,468.1036144578313,363,830,-1.282233833090051,-1.0379569317338273,-3.792602961914885,6.985016782764667
316,5.2691152046783625,577.4760705289673,257.49874055415614,282.65259348612784,478.546441495778,397,829,-1.3361174482445262,-0.9274469883786808,-2.6303746270546142,6.323805113855315
317,5.285789619883041,573.5085574572128,243.16625916870416,303.3333333333333,491.7151515151515,409,825,-1.3699537504407702,-0.8270654274500436,-1.4585991505053977,5.626452230657682
318,5.30246403508772,572.0204081632653,236.82766439909295,325.18082524271847,507.2645631067961,441,824,-1.3847600239499624,-0.7398113871321308,-0.3307141542332631,4.973679365578693
319,5.319138450292398,572.6224256292907,238.40274599542337,348.37745098039215,526.625,437,816,-1.380982680684269,-0.6611990377768429,0.721144747956549,4.351474435731848
320,5.3358128654970765,574.8650602409639,247.0289156626506,370.7249357326478,548.8431876606684,415,778,-1.3607106900497612,-0.5946948041442581,1.7204083714775638,3.747334136319475
321,5.352487280701754,579.7150395778364,262.5910290237467,393.7516339869281,575.4941176470588,379,765,-1.3236090736690262,-0.5362298271775314,2.7265735466806795,3.170985971212727
322,5.369161695906433,587.5397727272727,284.8125,416.8900388098318,605.5614489003881,352,773,-1.269782651242869,-0.4889461307598355,3.7522402014675977,2.472702260823793
323,5.385836111111112,598.6955223880597,313.8089552238806,439.7987341772152,639.6101265822784,335,790,-1.1984762515351128,-0.4537680988284858,4.798511951275133,1.629742396500563
324,5.4025105263157895,615.7588424437299,348.37942122186496,463.5702702702702,676.2337837837838,311,740,-1.1097578899625231,-0.4345961279679997,5.920620424848553,0.4805238083830419
325,5.419184941520468,640.0139664804469,388.7067039106145,487.3685636856368,714.8536585365854,358,738,-1.0010304850686649,-0.4377431918350615,7.192229022875763,-1.0882839510606417
326,5.435859356725146,674.3719912472648,433.66739606126913,511.635593220339,753.3319209039548,457,708,-0.8699054640133859,-0.4708891248891457,8.62150462950296,-2.941864682659948
327,5.452533771929825,721.9385665529011,481.358361774744,539.8244382022472,788.0491573033707,586,712,-0.7135133893058868,-0.5358509382243641,9.951211898687925,-4.7832688099627685
328,5.4692081871345035,783.0273722627737,525.801094890511,574.4775510204082,811.5891156462585,548,735,-0.5380441860364695,-0.6304055452349596,10.421899169707595,-5.072212945194298
329,5.485882602339181,849.799154334038,557.9069767441861,621.1815889029003,826.5914249684741,473,793,-0.3659552413518925,-0.7050033075337926,9.678002522529145,-3.2131979847623833
330,5.50255701754386,911.9678284182304,576.367292225201,674.9764982373678,837.1903642773208,373,851,-0.2152941212113185,-0.7375619399004871,8.646053445357019,-0.5760797986196289
331,5.519231432748538,970.594249201278,585.0287539936103,737.2752100840336,848.7993697478992,313,952,-0.0776194712924469,-0.724214895040215,7.649237954487736,2.0578327252336877
332,5.535905847953217,1021.1326164874552,585.7921146953405,803.1207584830339,861.5738522954092,279,1002,0.0397990180937076,-0.6689356253358445,6.560842195569166,4.427924313601115
333,5.552580263157895,1064.6220735785953,582.0769230769231,873.2388663967612,876.4008097165992,299,988,0.1411769424301408,-0.5765487980404641,5.551248951215297,6.439284672745596
334,5.569254678362573,1100.1301587301589,575.6793650793651,945.9253246753246,891.5194805194806,315,924,0.224926677927906,-0.4541930128268815,4.370564053433158,8.292281168193966
335,5.585929093567252,1126.13353115727,569.4362017804154,1022.2097826086956,905.3804347826087,337,920,0.2869301418413139,-0.300010919655661,2.882841313324799,10.437832285211469
336,5.60260350877193,1140.1791443850268,564.9973262032086,1102.9078014184397,914.951536643026,374,846,0.321066063983062,-0.1061035141060558,1.0818222784459055,12.968484771350514
337,5.619277923976608,1141.1065573770493,565.1284153005464,1187.4329774614473,912.785290628707,366,843,0.3230076495382703,0.1324728796504325,-0.5587234664934195,14.938979601980508
338,5.635952339181287,1132.8071625344353,568.3636363636364,1266.1756756756756,890.8955773955774,363,814,0.302433289853245,0.3920939831292315,-1.0109379028937746,15.3595488579674
339,5.652626754385965,1127.3378016085792,569.9061662198392,1335.59100877193,846.8870614035088,373,912,0.2892940528602751,0.6446958696790162,-0.0736551013263296,13.874974739843898
340,5.669301169590644,1131.6049723756903,568.0718232044198,1392.334851936219,794.9054669703872,362,878,0.2999769783703293,0.8548081626623941,1.260402981748485,11.57897318104764
341,5.6859755847953215,1144.4561403508771,563.8187134502924,1439.6937269372693,740.7749077490774,342,813,0.3313270181460528,1.0308410826082637,2.4331345094191357,9.565497960305605
342,5.70265,1164.411003236246,555.84142394822,1481.6849489795918,688.858418367347,309,784,0.3811191684881014,1.1738063319216734,3.2788201673481203,7.932997007259722
343,5.719324415204679,1187.986531986532,545.6565656565657,1518.987293519695,639.1905972045744,297,787,0.4406718358497239,1.2953972544413026,3.8050993665407273,6.377991583607151
344,5.735998830409357,1213.7173913043478,532.2028985507246,1551.4986807387863,595.1675461741424,276,758,0.5080147819536188,1.3865048915956928,4.152399304897127,4.795527198367207
345,5.7526732456140355,1239.8056537102473,516.1095406360424,1581.8197596795728,555.7797062750334,283,749,0.579149496060669,1.4553224777031082,4.320296505231943,3.4647190751534453
346,5.769347660818713,1265.5017182130584,498.02405498281786,1608.8026490066225,521.6622516556291,291,755,0.6520916174247354,1.5020492204490483,4.403643674643239,2.211320613525664
347,5.786022076023392,1289.8645833333333,477.53472222222223,1634.642105263158,491.93026315789473,288,760,0.7260058621495828,1.5290674338242902,4.375508195875095,0.9789391035915884
348,5.802696491228071,1312.144781144781,455.993265993266,1657.6339165545087,468.4710632570659,297,743,0.7980096982037244,1.534695694595812,4.271828303192475,-0.1254717310052706
349,5.819370906432749,1332.5140186915887,433.5389408099688,1679.6368352788586,449.4876783398184,321,771,0.8684663397706388,1.524883098345827,4.144324204465525,-1.085094185278746
350,5.836045321637427,1350.505988023952,410.6047904191617,1698.664596273292,435.816149068323,334,805,0.9362180632598374,1.498509072632772,3.967869733461679,-2.0409151611861014
351,5.852719736842105,1366.3162393162393,387.7606837606838,1714.2506112469437,427.58924205378975,351,818,1.0007901545982718,1.4568209647555468,3.8427595685259335,-2.928203288822016
352,5.869394152046784,1380.4088397790056,364.30939226519337,1726.503631961259,423.6973365617433,362,826,1.0643696004145415,1.400856917749726,3.6364841965609735,-3.660571805263545
353,5.8860685672514625,1391.91643454039,342.3036211699164,1733.3406326034062,424.42822384428223,359,822,1.1220626493556896,1.33474517642054,3.23917956139809,-4.159312139892131
354,5.90274298245614,1400.8773841961852,322.574931880109,1734.8331303288671,429.0523751522534,367,821,1.172392450273061,1.2621487225768846,2.7181358307470536,-4.42446040528425
355,5.919417397660819,1407.0938337801608,306.3699731903485,1732.061298076923,437.52524038461536,373,832,1.212709300204869,1.1871945967118018,2.036579804542201,-4.43748045572345
356,5.936091812865497,1411.292875989446,295.2532981530343,1724.8140096618358,449.274154589372,379,828,1.2403100047898596,1.1141639394141285,1.1992401934032306,-4.173354930329953
357,5.952766228070176,1412.9871134020618,290.19329896907215,1714.5918114143922,463.9950372208437,388,806,1.2527025580347575,1.0480180909021757,0.3083920116207834,-3.792480376843885
358,5.969440643274854,1412.6302083333333,291.03125,1702.59200968523,482.2953995157385,384,826,1.2505945176850015,0.9876891544959484,-0.5867186556409218,-3.339730239932263
359,5.986115058479532,1410.0708446866486,298.09809264305176,1689.420987654321,503.5592592592593,367,810,1.2331361770897826,0.9366419935176742,-1.4832807764501768,-2.8609045921234233
360,6.002789473684211,1405.345945945946,311.03783783783786,1674.8159898477156,528.2868020304569,370,788,1.2011288386217056,0.8922813324358744,-2.42271729416437,-2.411072531076786
361,6.019463888888889,1397.1869688385268,330.38243626062325,1658.2328244274809,556.8371501272264,353,786,1.1523413889168794,0.856235544574136,-3.418282159088492,-1.69859405141787
362,6.036138304093567,1385.1707317073171,355.7439024390244,1641.2234993614304,587.2809706257982,328,783,1.0871331266069335,0.8356352074807977,-4.380283876149494,-0.9614046194654212
363,6.052812719298246,1367.319018404908,385.60736196319016,1620.5719844357975,619.9442282749676,326,771,1.0062640447863302,0.8241738249648115,-5.298965552437466,-0.3066235370690643
364,6.069487134502924,1343.925696594427,419.5479876160991,1597.172242874845,653.2986369268897,323,807,0.9104188230536734,0.8254096711435643,-6.149443978129693,0.3106531451631414
365,6.086161549707603,1313.165625,455.078125,1568.467277486911,686.4476439790576,320,764,0.8011872804478432,0.8345337440189904,-6.731044994763405,0.4243839221646995
366,6.1028359649122805,1277.1569965870308,489.23549488054607,1532.9924623115578,718.7562814070352,293,796,0.6859463450455592,0.8395623785922925,-6.918244035465493,0.0013485067124726
367,6.119510380116959,1237.0662020905922,518.7630662020906,1491.983830845771,749.7636815920398,287,804,0.5704719333785607,0.8345787151406505,-6.770674509581622,-1.1084763742853374
368,6.136184795321638,1195.797709923664,542.4961832061068,1443.0842450765865,781.4201312910285,262,914,0.4601522690685671,0.8025959879734722,-6.403067052377791,-2.5826592366374803
369,6.152859210526316,1154.893536121673,560.1634980988593,1389.474025974026,812.7521645021645,263,924,0.3569371361490741,0.7484500502528685,-5.9093019793441455,-4.223410665162238
370,6.1695336257309945,1116.390510948905,572.8284671532847,1328.7122940430925,845.4157160963244,274,789,0.2630839595217432,0.6617501819519083,-5.277406780578289,-5.806632114138788
371,6.186208040935672,1081.759493670886,580.5759493670886,1264.910643889619,876.1064388961893,316,761,0.1809417924223795,0.5548056606289296,-4.475446041166838,-7.498617084339105
372,6.202882456140351,1053.0823529411764,584.8441176470589,1192.7395973154362,904.696644295302,340,745,0.1138330684886434,0.4116800725015784,-3.5986550015523315,-9.496828378833072
373,6.21955687134503,1030.313953488372,586.8662790697674,1112.8502994011976,926.9401197604792,344,668,0.0609308570738274,0.2380975415964592,-2.74551692135381,-10.854069497943216
374,6.236231286549708,1013.6239554317548,587.5682451253482,1031.0739130434783,938.3173913043478,359,690,0.022273290292396,0.0497095495632985,-2.2611919096988102,-11.490146618338937
375,6.252905701754386,997.7444444444444,587.5416666666666,946.8044009779952,936.1784841075796,360,818,-0.0144772484457276,-0.1450854093571696,-2.4360456575791742,-10.99393633275033
376,6.269580116959064,978.541076487252,586.7677053824362,868.4859154929577,922.3215962441316,353,852,-0.0589659832116617,-0.3169253687288574,-3.123883451827321,-9.979707884824222
377,6.286254532163743,952.9055555555556,584.1083333333333,790.2602579132474,898.1313012895662,360,853,-0.1186551078993128,-0.4778969951430927,-4.071879376343214,-8.544865115106216
378,6.302928947368422,920.4955223880596,578.844776119403,720.0536480686695,870.6469957081545,335,932,-0.1947583979806888,-0.6018866263233631,-4.932973661700287,-6.6069153273696415
379,6.319603362573099,883.4985590778098,569.6397694524495,655.8121951219512,840.9317073170731,347,820,-0.2831640099571791,-0.6982298939245225,-5.693098905763651,-4.962004968950355
380,6.336277777777778,842.2134831460675,555.2162921348314,595.9722222222222,810.5033333333333,356,900,-0.3846165878926951,-0.7673636885232739,-6.3608632641205185,-3.355336765390659
381,6.352952192982456,799.2269326683291,534.5885286783042,541.433734939759,779.9373493975903,401,830,-0.4952913602094416,-0.8101264506798151,-6.8628105633672085,-1.871201228776216
382,6.369626608187135,755.7675,508.0675,492.805912596401,748.6722365038561,400,778,-0.6134832935019701,-0.8297660609635118,-7.158699599690123,-0.5703736968182695
383,6.386301023391813,714.9088729016787,475.95443645083935,451.3172119487909,717.4352773826458,417,703,-0.7340256191110374,-0.8291477463649655,-7.108817604566873,0.1244914178210865
384,6.402975438596491,679.4986666666666,440.272,415.7225433526012,683.6416184971098,375,692,-0.8505540462077202,-0.825614417783176,-6.718542753071335,0.1582467796179325
385,6.41964985380117,650.5405405405405,403.993993993994,386.53909465020575,648.4252400548697,333,729,-0.958081161981226,-0.8238704013486602,-6.045329075454283,-0.0030918224461926
386,6.436324269005848,627.9427710843373,370.1596385542169,362.4700399467377,615.0439414114514,332,751,-1.0521587003137984,-0.8257175264455899,-5.119005625734461,-0.6349077862815911
387,6.4529986842105265,611.6217008797654,341.208211143695,340.421188630491,581.843669250646,341,774,-1.1287940124583875,-0.8450438334389451,-4.1082303550917105,-1.5379094888362883
388,6.469673099415205,600.2486338797814,317.551912568306,321.26214833759593,549.5933503836317,366,782,-1.1891633777083233,-0.8770050091737318,-3.123035800307273,-2.202659156741118
389,6.486347514619883,592.6683937823834,300.03367875647666,303.3199481865285,521.0479274611399,386,772,-1.2329436037251844,-0.9184999401067212,-2.136942633996712,-2.7559643830117744
390,6.503021929824562,588.366265060241,288.8313253012048,287.22952853598014,495.6836228287841,415,806,-1.2604279152040037,-0.9689131979970188,-1.1809553538196191,-3.3121205826938542
391,6.51969634502924,586.4597701149426,283.983908045977,272.7657430730479,472.8073047858942,435,794,-1.2723270835407368,-1.0289552877143184,-0.2220835350146905,-3.795812912277257
392,6.536370760233918,587.1282660332541,285.8313539192399,260.1697877652934,454.0998751560549,421,801,-1.267834141349919,-1.0954991190741996,0.7166964884941814,-4.1839837564412905
393,6.553045175438597,589.9285714285714,293.83251231527095,250.63171036204744,438.20973782771534,406,801,-1.2484260938909628,-1.1684862524433823,1.6152419073093378,-4.5163586039898105
394,6.569719590643275,595.5770234986945,307.7780678851175,244.93258426966293,425.8027465667915,383,801,-1.213967712912974,-1.246114396226495,2.4214603504746695,-4.665615735585137
395,6.5863940058479535,603.9653179190751,326.1300578034682,243.89147286821705,416.8139534883721,346,774,-1.1676732233200016,-1.3240790803646372,3.001419659270856,-4.49294747147441
396,6.603068421052631,614.3181818181819,347.0994318181818,248.23852040816325,411.7678571428572,352,784,-1.113873877708641,-1.395948939490843,3.4059223291563594,-4.046006789408671
397,6.61974283625731,627.3391812865497,369.5409356725146,257.26960784313724,411.0833333333333,342,816,-1.0540896971775249,-1.4590086746197328,3.7338903350792614,-3.4204980507771223
398,6.636417251461989,642.6358208955224,393.0238805970149,270.9580335731415,415.6414868105515,335,834,-0.9893530021569464,-1.5100185489017446,3.934559018187955,-2.6087530019504928
399,6.653091666666667,659.6463414634146,416.1737804878049,288.45346062052505,425.3770883054893,328,838,-0.9228767557443696,-1.54600753606168,4.132336405755258,-1.72179173828495
400,6.669766081871345,679.6151761517615,439.6016260162602,309.03221957040574,440.84606205250594,369,838,-0.8515444161670037,-1.567438289582041,4.280571211656465,-0.7579765103010979
401,6.686440497076024,701.0362116991644,461.6991643454039,331.9540507859734,461.5187424425635,359,827,-0.7801247123516636,-1.5712851661579874,4.372879536407861,0.3606204421048252
402,6.703114912280702,724.8607242339833,483.1114206128134,357.25534441805223,488.7672209026129,359,842,-0.7057139981067915,-1.5554120196161398,4.448957749851936,1.4936443569301356
403,6.719789327485381,749.8834688346883,502.7669376693767,384.30955259975815,520.8125755743652,369,827,-0.6317571748534581,-1.5214738738068316,4.437773559986575,2.6095154130963767
404,6.736463742690058,776.2786458333334,520.5911458333334,413.5674157303371,557.8662921348315,384,890,-0.5577194402596719,-1.4683877326541863,4.328020984957085,4.004855765162032
405,6.753138157894737,802.4692307692308,535.7102564102564,446.1041041041041,601.6186186186186,390,999,-0.4874227370179871,-1.3879166180805085,4.086944560372563,5.275655664491212
406,6.769812573099416,827.8756476683938,548.4093264248704,480.80795344325895,647.5887487875849,386,1031,-0.4214246192233643,-1.2924507866009067,3.696384192564438,6.909469497423578
407,6.786486988304094,850.6111111111111,557.957671957672,521.9125395152793,702.1127502634351,378,949,-0.3641526474523287,-1.1574938915923063,3.048506276162499,8.579262465566615
408,6.803161403508772,868.5324675324675,564.6363636363636,565.9055555555556,756.2511111111111,385,900,-0.3197605004177615,-1.006342417599366,2.115904624500545,10.15523174677462
409,6.81983581871345,879.1845386533665,568.3715710723192,618.2183406113537,812.4475982532751,401,916,-0.2935897029674864,-0.818828790301404,0.8507714289105311,12.446813119657932
410,6.836510233918129,880.0268292682927,568.8682926829268,681.2760869565218,864.9032608695652,410,920,-0.2913882683178981,-0.5912557577349373,-0.5521640541353101,14.504040847744252
411,6.853184649122808,871.3968253968254,566.6455026455027,754.4450867052024,902.449710982659,378,865,-0.3120037283669877,-0.3351359918195983,-1.276380290120746,15.647503966440569
412,6.8698590643274855,862.4601990049752,563.4776119402985,837.909429280397,916.514888337469,402,806,-0.3339540581509804,-0.069429801628374,-0.428089496369544,14.74234946497562
413,6.886533479532164,865.8302872062663,563.8563968668408,920.6819338422392,911.470737913486,383,786,-0.3262800123814426,0.1565041203233444,1.3749094750484816,12.278866784001428
414,6.903207894736842,881.5,568.8876404494382,998.5182679296346,899.6346414073072,356,739,-0.2881024352393709,0.340056044370373,3.147317826819884,10.048415645070024
415,6.919882309941521,909.4615384615385,575.6794871794872,1073.901215805471,882.7826747720364,312,658,-0.2213206439304811,0.4916070295535114,4.626329766273618,8.101235151279472
416,6.9365567251461995,946.4745762711864,582.8220338983051,1144.5105782792666,866.0338504936531,236,709,-0.1338197484461531,0.6102227615367115,5.741529763275903,5.805462989965232
417,6.953231140350877,991.1463414634146,586.0195121951219,1208.3813813813813,851.8093093093094,205,666,-0.0298473415647189,0.685212430253659,6.632968722026563,3.6810579849566376
418,6.969905555555556,1041.5561224489795,584.2295918367347,1271.4587280108256,839.5913396481732,196,739,0.0873820005752783,0.7329817400040388,7.175195019348534,1.8316409857512828
419,6.986579970760234,1093.1194029850749,574.8059701492538,1328.110671936759,828.9328063241106,67,759,0.2094370202895963,0.7462955148583055,7.815524394315062,-0.1963264530784601
420,7.003254385964913,1151.442857142857,561.9428571428572,1379.4479578392622,818.5559947299078,70,759,0.3480205981614818,0.7264344824154547,10.68885559662304,-5.031938244928126
421,7.019928801169591,1234.2238805970148,517.9701492537314,1420.870026525199,803.7957559681697,67,754,0.5658978528514815,0.5784862596978413,11.323572675162737,-6.939639997276682
422,7.036603216374269,1289.1694915254238,476.9830508474576,1452.7213333333334,779.9493333333334,118,750,0.7256485029335097,0.4950056050442858,8.610397221631082,-3.707768134223155
423,7.053277631578948,1327.318021201413,437.8127208480566,1478.4607464607463,746.8764478764479,283,777,0.8530445295528528,0.4548365289924163,7.521854279139374,-2.1350879909868388
424,7.069952046783626,1359.4628099173551,395.74793388429754,1501.8416565164434,711.3447015834348,242,821,0.9764935456524227,0.4238029177238116,6.748136710895623,-0.9947673670107228
425,7.086626461988304,1382.2783882783883,358.61172161172163,1524.4776674937966,675.6191066997519,273,806,1.0780869963036652,0.4216622007732133,5.580142208880196,0.3906665962165724
426,7.103300877192983,1398.875816993464,326.31045751633985,1546.4968474148802,642.4728877679697,306,793,1.1625847618364618,0.4368311917876387,4.557107253535245,1.3896042830154711
427,7.119975292397661,1410.5929203539822,299.6873156342183,1568.3682219419925,611.8310214375788,339,793,1.2300611932590615,0.468003878343612,3.5567422162928075,2.3553777991349816
428,7.13664970760234,1418.2437673130194,278.9584487534626,1590.9701298701298,583.8896103896104,361,770,1.2811979548174102,0.5153802865609551,2.587573677866943,3.144517166111194
429,7.1533241228070175,1422.7372654155497,264.4289544235925,1613.4531835205992,560.1011235955057,373,801,1.3163537490139616,0.5728698480355653,1.5938561007502248,3.7005527511576903
430,7.169998538011696,1425.028350515464,256.9716494845361,1635.408215661104,540.2490372272143,388,779,1.334351191618248,0.6387893926801914,0.6094237178586741,4.226243031330934
431,7.186672953216375,1425.34025974026,256.0103896103896,1657.3953185955786,523.9180754226268,385,769,1.3366773172282702,0.7138101101561463,-0.3748042500490265,4.726255601955373
432,7.203347368421053,1424.2712328767122,262.3643835616438,1678.2824427480916,510.84478371501274,365,786,1.3218519082466569,0.7964044892210733,-1.416009316580228,5.272961641826203
433,7.220021783625731,1420.971264367816,276.0316091954023,1698.1466498103666,500.6953223767383,348,791,1.289455062671567,0.8896572137044515,-2.549810213819827,5.999953606048488
434,7.236696198830409,1414.206153846154,297.8553846153846,1715.1718009478673,492.59597156398104,325,844,1.236818719849934,0.9964959244931928,-3.771058238117499,6.80428190987139
435,7.253370614035088,1402.2475570032573,327.2442996742671,1725.3027744270205,484.98431845597105,307,829,1.163694681024779,1.1165720571742064,-4.808085131886864,7.2748619609015694
436,7.270045029239767,1385.4647435897436,361.11538461538464,1725.404761904762,478.19642857142856,312,840,1.0764747041928893,1.2391040622787797,-5.29520141950173,6.932609059437855
437,7.2867194444444445,1364.9934640522877,393.94444444444446,1714.043010752688,473.1099163679809,306,837,0.9871059069024308,1.3477664609917694,-5.318641126023116,5.917615603839271
438,7.303393859649123,1342.238596491228,424.4280701754386,1693.8111111111111,471.9469135802469,285,810,0.8991042432729143,1.4364496214789784,-5.233503515404591,4.69696129511565
439,7.320068274853801,1317.426523297491,452.3620071684588,1668.8075916230366,475.7251308900523,279,764,0.8125746857204309,1.5044046266618938,-5.155136284834869,3.4139656734430384
440,7.33674269005848,1290.479704797048,477.4612546125461,1640.568988173456,484.63731931668855,271,761,0.7271864775728349,1.5503013837459956,-5.096972649988171,2.1204631867979233
441,7.3534171052631585,1262.215909090909,500.4621212121212,1610.0497311827958,498.9583333333333,264,744,0.6425966092148458,1.5751195938677018,-5.06304289987839,0.7800515853447298
442,7.370091520467836,1232.1921568627452,520.843137254902,1577.9160305343512,518.9351145038167,255,786,0.5583399185494928,1.5763151917762068,-5.031883073252261,-0.6444784248873087
443,7.386765935672515,1200.8645418326694,538.5258964143426,1544.097812097812,544.4195624195625,251,777,0.4747891939652435,1.5536269921736456,-5.011770810385176,-2.0049595539535683
444,7.403440350877193,1168.1680327868853,553.5450819672132,1509.53875,574.5125,244,800,0.3912032237433933,1.5094521356337898,-4.893125887498905,-3.5939163260469664
445,7.420114766081872,1136.026717557252,565.4160305343512,1471.7925033467202,611.7135207496653,262,747,0.3116091685714094,1.433774086110887,-4.656709370868531,-5.067064777359563
446,7.43678918128655,1104.7306273062732,574.5682656826568,1434.1390306122448,651.8099489795918,271,784,0.2359074126686364,1.3404714517004008,-4.306301839849107,-6.63063703979628
447,7.453463596491228,1076.047138047138,580.3400673400673,1392.9074074074074,698.937037037037,297,810,0.1679990388227807,1.2126500959647215,-3.695558492682235,-8.3168813885634
448,7.470138011695907,1052.4492307692308,583.7384615384616,1348.798387096774,748.6036866359447,325,868,0.1126648592283185,1.0631131847384647,-2.739921784308719,-9.946960841447495
449,7.486812426900585,1037.0285714285717,585.7257142857143,1299.1397590361446,801.9963855421687,350,830,0.0766258519029671,0.8809305857747769,-1.4418959928775938,-11.587404695738272
450,7.503486842105263,1031.8620689655172,586.3740053050398,1246.2545454545457,853.2981818181818,377,825,0.0645793142939126,0.6766867906557053,0.2602700394367643,-13.995582979262489
451,7.520161257309942,1040.7877906976744,585.7325581395348,1180.163215590743,902.7637028014616,344,821,0.0853055533087803,0.4141942625192726,2.372842391001846,-17.28371550496218
452,7.53683567251462,1065.9415384615384,583.5723076923077,1100.9329359165424,931.2861400894188,325,671,0.1437108327795657,0.1002950934371521,3.2705336262081843,-18.570207197576455
453,7.553510087719299,1087.4956772334294,579.6657060518731,1016.0451693851944,923.1355081555836,347,797,0.1943740245572956,-0.2051004279793201,1.8355691089335455,-16.291445616162164
454,7.570184502923976,1091.6842105263158,577.4052631578948,940.3665919282512,896.3329596412556,380,892,0.2049249156980446,-0.4430055635394979,-0.3742676480898597,-13.143839501839157
455,7.586858918128655,1081.9798850574712,579.5028735632184,870.0269966254218,862.1473565804274,348,889,0.181892636233438,-0.643432102453958,-2.2159924866804146,-10.997971640818196
456,7.603533333333334,1060.3024691358023,582.7777777777778,803.7700205338809,827.0985626283367,324,974,0.1310241580713307,-0.8097750546360587,-3.694424802738097,-9.127818820683652
457,7.620207748538012,1029.2676923076924,585.5846153846154,741.3649085037675,792.4111948331539,325,929,0.0586878900268041,-0.9478341843122716,-4.773551145729992,-7.3975661048293935
458,7.636882163742691,991.8705501618124,585.9935275080907,681.5522727272727,761.3375,309,880,-0.0281681895380092,-1.0564752321080195,-5.511165704430465,-5.603160065063979
459,7.653556578947368,950.2822822822824,582.6636636636637,624.8293556085919,734.3341288782816,333,838,-0.1251030404081104,-1.1346930190785705,-6.102210945250631,-3.761856486557844
460,7.670230994152047,905.0833333333334,574.827380952381,570.2557297949337,712.0168878166465,336,829,-0.2316697874732929,-1.1819287461025758,-6.628243444844422,-1.7789327260859664
461,7.686905409356726,857.9472140762464,560.4721407624634,518.9169811320754,694.6201257861635,341,795,-0.3461472069621575,-1.194018344870466,-7.198660296001515,0.2731422459135154
462,7.7035798245614036,808.3414634146342,539.0518292682926,470.8592777085928,680.9327521793275,328,803,-0.4717366888592171,-1.1728197716659752,-7.892185981116541,2.4884568224171995
463,7.720254239766082,757.5043478260869,508.6985507246377,428.9017857142857,671.4081632653061,345,784,-0.6093423788055157,-1.111031220318668,-8.677763752868632,4.846284497477059
464,7.73692865497076,706.179203539823,468.16150442477874,395.0204865556978,663.066581306018,452,781,-0.761129960586096,-1.011201851844118,-10.005548777477998,7.811398597065605
465,7.753603070175439,652.0641711229947,410.93048128342247,376.8871181938911,652.4090305444887,187,753,-0.943015728138176,-0.8505302132452401,-9.354627263868936,8.031393262307235
466,7.770277485380117,622.25,362.9359756097561,373.464,633.568,328,750,-1.073095838751606,-0.7433642799885839,-7.4723272578499005,6.123563986559143
467,7.786951900584795,599.1285714285714,316.57142857142856,377.92724867724866,609.7830687830688,280,756,-1.1922091026234258,-0.6463165163566349,-6.37669295362583,5.029186031583155
468,7.803626315789474,584.5206896551724,278.4413793103448,384.9627727856226,585.9435173299102,290,779,-1.2857510906346137,-0.5756468079242115,-5.048083449151936,3.759744398938687
469,7.820300730994152,575.3241590214067,247.0,393.1608751608751,564.4671814671815,327,777,-1.3605567814614743,-0.5209334380138998,-3.982771567546024,2.9793343961324537
470,7.836975146198831,568.9721448467967,222.26183844011143,401.5854304635762,546.7152317880794,359,755,-1.418571864199914,-0.4762894904148271,-3.021574512621409,2.420596791929993
471,7.853649561403509,565.4809160305343,203.72264631043257,410.0560747663551,533.6862483311081,393,749,-1.4613227574521204,-0.4402093661103935,-2.145300068362048,2.0034672506634887
472,7.870323976608187,563.6770334928229,191.1267942583732,418.40135135135137,525.8567567567568,418,740,-1.4901151123569012,-0.4094762008417502,-1.3037010964543052,1.7248348214007916
473,7.886998391812866,562.7291196388262,184.68848758465012,426.6345108695652,522.7839673913044,443,736,-1.5047996642222674,-0.3826881421673454,-0.4965753022482624,1.495120354415452
474,7.903672807017544,562.8307349665924,183.85077951002228,434.5613333333333,525.0253333333334,449,750,-1.5066753178970536,-0.359615685700772,0.2866983682625889,1.2921493877700976
475,7.920347222222222,563.692671394799,188.85579196217495,442.3814569536424,532.2384105960265,423,755,-1.495238608960439,-0.3395964713710463,1.0947575602075246,1.0626723638919529
476,7.937021637426901,565.837037037037,199.76543209876544,449.9916897506925,544.51108033241,405,722,-1.4701664336823317,-0.324176805256629,1.882861412182472,0.8021690148305254
477,7.953696052631579,569.0106951871658,216.0909090909091,457.2386206896552,561.6344827586207,374,725,-1.432447383041244,-0.3128450729358223,2.6489970333279285,0.5062632435438933
478,7.970370467836258,574.0571428571428,237.75142857142856,464.2435723951285,583.7889039242219,350,739,-1.3818254808629895,-0.3072935182051929,3.494666864375502,0.1103336554365375
479,7.987044883040936,581.6298507462686,265.57611940298506,471.22646657571624,611.2264665757162,335,733,-1.3159043304439868,-0.3091655745722249,4.406259095360406,-0.5399183277723923
480,8.003719298245615,593.4221453287197,298.87543252595157,477.5950069348128,642.2898751733703,289,721,-1.2348818935521295,-0.3252991629529779,5.381930011576758,-1.5458888545247922
481,8.020393713450293,611.0863309352518,337.80575539568343,483.62158469945354,675.7076502732241,278,732,-1.1364232592128862,-0.3607191598134869,6.401806789112979,-2.6775398700402606
482,8.03706812865497,635.3529411764706,381.242214532872,490.0193370165746,711.4696132596686,289,724,-1.0213891246285325,-0.4145919859932416,8.944172833382883,-5.678988266860562
483,8.053742543859649,684.280701754386,443.1754385964912,498.0644257703081,746.8291316526611,114,714,-0.8381455562404249,-0.5501067764217464,10.85382702920326,-8.288470222264625
484,8.070416959064328,739.609756097561,496.5894308943089,512.3669985775249,771.3613086770981,246,703,-0.6594266877391408,-0.6910027737885478,10.025656317690771,-7.339879973588075
485,8.087091374269006,795.9349593495934,532.9654471544716,542.1375661375662,781.9933862433862,492,756,-0.5038016439592595,-0.7948831888859689,9.75834674125418,-6.024455984744399
486,8.103765789473684,862.8108108108108,562.4103194103194,585.5156054931335,786.1373283395756,407,801,-0.3339972371893562,-0.8919113347324229,9.521112025795194,-4.291985481490449
487,8.120440204678363,924.2,578.9323529411764,636.9773013871375,789.5762925598991,340,793,-0.1862836937025287,-0.9380158848276152,8.276856401993685,-1.2918881802032762
488,8.137114619883041,979.0328358208956,585.6925373134328,693.569512195122,796.3756097560976,335,820,-0.0579737567166704,-0.9349942945618744,7.320855871320013,1.3428764010468353
489,8.15378903508772,1028.8947368421052,585.3263157894737,753.7879818594105,806.68820861678,285,882,0.0578582872014658,-0.8932325274683769,6.6048816524757425,3.5596239546305575
490,8.170463450292399,1073.5652173913045,580.4021739130435,817.8295081967213,820.8087431693989,276,915,0.1622913213856149,-0.8162849989778163,5.8897161736990045,5.48850635069092
491,8.187137865497077,1112.2941176470588,572.204152249135,883.5060975609756,838.2764227642276,289,984,0.2542734330373993,-0.710197259978508,4.999073879584743,7.229775615957614
492,8.203812280701754,1143.1437908496732,563.0784313725491,951.603889457523,858.5271238485159,306,977,0.3290045883997315,-0.5751804380635432,3.77338652322679,9.011169365026552
493,8.220486695906432,1163.9205882352942,555.785294117647,1023.6004390779364,878.9121844127333,340,911,0.3801114602694417,-0.4096853010342468,2.2132807438528377,10.943427746594994
494,8.237161111111112,1172.9921052631578,552.1131578947368,1099.3541666666667,897.2109375,380,768,0.4028149125747747,-0.210229922045298,0.2870594100280958,13.346412688202475
495,8.25383552631579,1168.137535816619,555.1919770773638,1180.594430992736,906.915254237288,349,826,0.3896845558518787,0.0354019522779043,-2.0161526725479204,16.040271451243264
496,8.270509941520467,1146.495145631068,564.0906148867314,1258.0753968253969,895.5753968253969,309,756,0.3355785790186028,0.3246943703022598,-3.369846583341117,17.665654085707324
497,8.287184356725147,1122.464071856287,571.7185628742515,1324.8534385569335,852.5140924464487,334,887,0.2773041136384856,0.6245308544525177,-2.474441652113447,16.36597584797715
498,8.303858771929825,1112.158904109589,573.7698630136987,1375.3737024221452,795.6147635524799,365,867,0.2530588440044229,0.8704805233400779,-0.6455846174645244,13.534092732613292
499,8.320533187134503,1113.235457063712,573.2493074792244,1414.8620689655172,736.0443349753695,361,812,0.2557746217157717,1.0758770177369457,0.8074377996499591,11.356741886562467
500,8.337207602339182,1123.189349112426,570.0414201183432,1447.37875,678.04375,338,800,0.2799859502510536,1.2492145825178875,1.8927088549781257,9.686390402876212
501,8.35388201754386,1139.1748466257668,564.9447852760736,1474.9245541838134,623.2318244170096,326,729,0.318894248334725,1.398906808561285,2.6190662667874984,8.162790770961383
502,8.370556432748538,1158.650684931507,557.431506849315,1498.8862690707351,574.2399445214979,292,721,0.3673287470130169,1.521434107605741,3.0461993215428156,6.773328212373728
503,8.387230847953216,1179.635761589404,548.3145695364238,1520.2731213872833,529.9046242774566,302,692,0.4204814329019539,1.6247893824226478,3.2909461198377064,5.526840920777885
504,8.403905263157895,1201.5016722408027,537.6120401337793,1539.4305555555557,491.7291666666667,299,720,0.4770779510498151,1.7057477881722556,3.388848121105106,4.307339038830015
505,8.420579678362573,1222.4920634920634,525.4603174603175,1557.571018651363,458.3601147776184,315,697,0.5334955541757552,1.7684341015441916,3.33012910917886,3.2302468751008706
506,8.437254093567251,1242.218954248366,512.7516339869281,1574.562412342216,430.4782608695652,306,713,0.5881338619530831,1.813472743390349,3.2011954275773196,2.160260200363445
507,8.45392850877193,1260.448275862069,499.7805642633229,1591.1155433287483,408.3796423658872,319,727,0.6402516775972394,1.840476252606195,3.0191310893142336,1.130725388848475
508,8.470602923976609,1276.7355623100304,486.77507598784194,1606.959497206704,391.6801675977654,329,716,0.68881835263424,1.8511811126226108,2.8008950757848363,0.2398229624685132
509,8.487277339181286,1291.5285285285286,474.4594594594595,1622.644569816643,380.0775740479549,333,709,0.7336582524739903,1.848474067909827,2.5380643192615344,-0.6071136745423189
510,8.503951754385966,1304.0773480662983,462.853591160221,1637.7788732394365,374.0323943661972,362,710,0.7734598291853323,1.8309345816510976,2.2174769791197946,-1.455889279967309
511,8.520626169590644,1314.334269662921,452.3707865168539,1652.1023513139696,373.59612724757955,356,723,0.807608516187309,1.7999218632173968,1.936189854387712,-2.2461689083167236
512,8.537300584795322,1323.1854838709678,442.76344086021504,1665.1447902571042,378.6874154262517,372,739,0.8380294962796252,1.7560274756568732,1.693736465448468,-2.9856465039596665
513,8.553975,1330.789757412399,434.5417789757413,1676.895697522816,389.44850065189047,371,767,0.8640926463316932,1.700354044294557,1.454929910418166,-3.6951093431780024
514,8.570649415204679,1337.048,427.19466666666665,1685.897114178168,405.5370138017566,375,797,0.8865497071196612,1.6327999008272005,1.3019448017037152,-4.483493417418517
515,8.587323830409357,1342.8880208333333,420.3255208333333,1692.3763570566948,427.3027744270205,384,829,0.907510982726054,1.5508347826755997,1.207109190338277,-5.307876663880075
516,8.603998245614035,1348.451030927835,414.12628865979383,1695.3502415458938,454.1992753623188,388,828,0.9268053867938284,1.4557884221296815,1.118838986720115,-6.18967109282636
517,8.620672660818714,1353.291338582677,408.0498687664042,1693.2891859052247,486.3608748481166,381,823,0.9448229543495597,1.3444164911112355,1.0943122078592604,-7.112537768665792
518,8.637347076023392,1358.2423469387754,401.7933673469388,1684.6654676258993,521.7625899280575,392,834,0.9632994190286156,1.2185936063023015,1.020416610560515,-7.959416053482826
519,8.65402149122807,1362.0051679586563,396.2377260981912,1668.6951219512196,560.5390243902439,387,820,0.9788526548420328,1.0789792749861256,0.7468637396879418,-8.409671965764945
520,8.67069590643275,1364.1989528795812,392.85078534031413,1645.128537735849,598.8254716981132,382,848,0.9882064512223666,0.938140882117685,0.2141470055822822,-8.399124939850664
521,8.687370321637427,1363.6871794871795,393.65641025641025,1613.627878787879,636.9478787878788,390,825,0.985994207013868,0.7988782817800473,-0.6534737392985194,-7.908696759070243
522,8.704044736842105,1358.889784946237,400.6075268817205,1576.8982630272951,673.3114143920595,372,806,0.966413866313532,0.6743950951404223,-1.7420085017955975,-7.092812511261764
523,8.720719152046783,1349.1064425770307,414.0280112044818,1535.7013463892288,710.108935128519,357,817,0.927900260915829,0.5623412802166151,-2.9066780910728967,-6.048796078705328
524,8.737393567251463,1333.3172205438066,433.6465256797583,1493.020594965675,745.9725400457666,331,874,0.8694795515997493,0.4726748205308963,-4.059794100146459,-4.701397106058966
525,8.75406798245614,1310.7590759075908,457.9504950495049,1449.2353591160222,780.4707182320442,303,905,0.7925108759731377,0.4055551854396141,-5.212471973403302,-3.4225155763036144
526,8.770742397660818,1280.2790697674418,486.44573643410854,1403.3304157549237,814.8150984682713,258,914,0.6956497077451976,0.3585379290033653,-6.3302597246595775,-2.1651680299276106
527,8.787416812865498,1240.955974842767,516.0911949685535,1355.5765247410818,847.1047180667434,318,869,0.5814041179682843,0.3333493640017972,-7.360779016903677,-0.8758383762808016
528,8.804091228070176,1192.0276923076924,544.5969230769231,1304.9911838790931,875.1158690176322,325,794,0.4501763366297254,0.3293297435267704,-8.222671743358367,0.0668334122789938
529,8.820765643274854,1134.932098765432,568.2623456790124,1249.8428571428572,897.7371428571429,324,700,0.3071876324872165,0.335578180133568,-8.614769172405381,0.5045325778485142
530,8.837440058479533,1074.1189024390244,582.1981707317074,1192.5997248968365,910.6932599724896,328,727,0.1628838604834239,0.3461553149014361,-8.3294798522521,-0.2957031306603891
531,8.854114473684211,1016.7,587.26,1128.386066763425,917.9404934687954,300,689,0.0294092214963075,0.3257168265776589,-7.579283929258883,-1.988262180530969
532,8.870788888888889,965.2577639751552,585.416149068323,1061.9659259259258,921.92,322,675,-0.0898763938977934,0.279849096633571,-6.687508774421737,-3.804886108266986
533,8.887463304093568,920.9497041420118,579.1005917159763,990.076071922545,922.1756569847856,338,723,-0.1936113744829679,0.1988283250261458,-5.7262108873905175,-5.766959562401241
534,8.904137719298246,884.4903047091412,569.819944598338,915.2181818181818,919.9874125874126,361,715,-0.2808388296695918,0.0875277402094339,-4.557787673898697,-7.42773781041344
535,8.920812134502924,857.9653333333333,561.1066666666667,840.7631578947369,912.767105263158,375,760,-0.3456082626616721,-0.0488780435384986,-3.3078133319848044,-9.10395443318145
536,8.937486549707602,839.644908616188,554.0548302872063,763.9731113956466,898.7925736235595,383,781,-0.3911505355037623,-0.2160784922372454,-2.229406299417743,-10.660027849602878
537,8.954160964912282,828.155388471178,549.3333333333334,689.199730094467,874.0242914979757,399,741,-0.419956355254506,-0.4043775044539247,-1.5217206094612592,-11.170811470104512
538,8.97083538011696,819.5412371134021,545.4149484536083,623.353164556962,839.3088607594937,388,790,-0.4418981380391087,-0.5886119894886578,-1.4489969727265264,-10.895978565369056
539,8.987509795321637,809.3704663212435,540.3160621761658,563.2592592592592,795.2733077905492,386,783,-0.4682787095616342,-0.7677456457744033,-1.8955378659308653,-9.91324168780581
540,9.004184210526317,795.5412371134021,532.5103092783505,512.2241847826087,748.6005434782609,388,736,-0.5051121088645512,-0.919207005342259,-2.5228387164614703,-8.358783710582163
541,9.020858625730996,777.9243243243243,522.272972972973,468.8523676880223,701.0027855153203,370,718,-0.552412430067067,-1.0465013061671014,-3.0612478571768347,-7.05460082837978
542,9.037533040935672,758.3108108108108,509.154054054054,429.9372738238842,654.3522316043426,370,829,-0.6072011444945481,-1.1544696919736035,-3.4664502826267993,-5.62214366701185
543,9.054207456140352,737.1693989071039,493.69945355191254,396.2303980699638,613.0772014475272,366,829,-0.6680144926648548,-1.2339932218553185,-3.692149872016527,-4.383165594484614
544,9.07088187134503,716.5549295774648,476.5070422535211,366.2628361858191,573.5110024449878,355,818,-0.7303300244223554,-1.3006431380401984,-3.800951136168174,-3.362207872698794
545,9.087556286549708,696.0812324929972,457.7226890756302,340.04545454545456,539.0896464646464,357,792,-0.794771767499179,-1.3461189220029546,-3.849670526991379,-2.2361670173537536
546,9.104230701754386,677.3323262839879,437.4894259818731,317.23086269744834,508.82989064398544,331,823,-0.8587120339588898,-1.3752166926689258,-3.7498341350248823,-1.3883651661440073
547,9.120905116959063,660.3517441860465,417.2936046511628,296.93398533007337,482.8154034229829,344,818,-0.9198243501313408,-1.3924192764749497,-3.565896347888556,-0.6171697005154065
548,9.137579532163745,645.1580459770115,397.4367816091954,280.2386091127098,461.9568345323741,348,834,-0.9776305065219698,-1.3957985803452075,-3.269478007738498,0.0529696633630111
549,9.15425394736842,633.0166666666667,378.88055555555553,266.18831942789035,445.6865315852205,360,839,-1.0288576177385331,-1.3906528001546157,-2.92921773789747,0.5568875810821271
550,9.1709283625731,622.2821917808219,361.8219178082191,254.9132530120482,433.83493975903616,365,830,-1.075316492095192,-1.3772270308466228,-2.56859983422022,1.0472823814164638
551,9.187602777777778,613.5917312661498,347.1447028423773,247.40193704600483,427.13801452784503,387,826,-1.1145174179994453,-1.3557271576260508,-2.074369503773399,1.382332381546378
552,9.204277192982456,607.8328981723238,335.44386422976504,242.8790523690773,424.6259351620948,383,802,-1.1444942888828726,-1.3311278626850704,-1.4762431935198763,1.5193271306689722
553,9.220951608187136,604.1177884615385,327.9230769230769,241.26270136307312,426.6827757125155,416,807,-1.1637484019031068,-1.3050593748090369,-0.8384517564533461,1.6468274224061747
554,9.237626023391812,602.7276995305165,324.3943661971831,242.58677685950417,433.66706021251474,426,847,-1.1724556743152623,-1.2762080942617688,-0.1873648174645957,1.7345959433464158
555,9.254300438596491,603.2105263157895,325.35240274599545,246.66590909090908,444.92727272727274,437,880,-1.1699967994254137,-1.247212628865619,0.5324316338723375,1.6933661861459706
556,9.27097485380117,605.6887254901961,331.5367647058824,253.6678486997636,460.4574468085106,408,846,-1.1546997020526772,-1.2197363124990477,1.2347266876203111,1.6771072365257844
557,9.287649269005849,610.7807881773399,341.5935960591133,263.472553699284,480.1169451073986,406,838,-1.1288201085180571,-1.1912830640564156,1.9191424262283936,1.6593849623831556
558,9.304323684210528,618.7394736842106,356.1421052631579,276.2128418549346,503.55053507728894,380,841,-1.0906985467489851,-1.164397764804695,2.608391469102086,1.6263475240765528
559,9.320998099415204,629.7193460490463,374.299727520436,292.36727272727273,530.550303030303,367,825,-1.0418333037737588,-1.1370462762893094,3.2071342385794503,1.7063672664790073
560,9.337672514619884,643.5722222222222,395.31388888888887,312.39906103286387,560.7582159624413,360,852,-0.9837443709265576,-1.107492412218809,3.7483501603661504,1.8433196356274892
561,9.354346929824562,660.9190751445087,418.4884393063584,336.5066505441354,593.7085852478839,346,827,-0.916830209960823,-1.075573722370531,4.183791997786017,2.083505665179086
562,9.37102134502924,681.2112676056338,442.40845070422534,365.2118226600985,628.7426108374384,355,812,-0.844219801124368,-1.0380099351338177,4.446017858311332,2.6322293510971395
563,9.38769576023392,703.986301369863,465.81369863013697,400.10121951219514,666.2170731707317,365,820,-0.768560714407027,-0.9877919521422616,4.599819013638214,3.307178703534771
564,9.404370175438595,729.1013698630137,488.041095890411,439.4139650872818,705.1147132169576,365,802,-0.6908212169248127,-0.9277193934162004,4.671472881678138,3.895843267485519
565,9.421044590643277,755.8740157480315,508.4488188976378,483.12865497076024,744.272514619883,381,855,-0.6127725575140338,-0.8578701357134527,4.610274631332017,4.8506790242464435
566,9.437719005847953,783.4084880636605,525.9787798408488,534.6120092378753,784.6431870669746,377,866,-0.5370739501039616,-0.7659549212663818,4.419104679187275,5.807859055191772
567,9.454393421052632,810.3641160949868,541.1029023746702,589.7787913340935,822.8814139110605,379,877,-0.4654005850066226,-0.6641848290404155,4.215177690431354,6.544725935959936
568,9.47106783625731,837.3306666666666,553.608,652.1733966745843,857.1745843230403,375,842,-0.3965027041604624,-0.5476959659523354,3.994933335249076,7.336032690975912
569,9.487742251461988,863.3590425531914,563.2287234042553,718.8552472858867,887.2159227985525,376,829,-0.3321742307127153,-0.4195367189515629,3.804340487204308,8.097649236516041
570,9.504416666666668,889.0300546448087,571.5327868852459,792.0802469135803,911.6950617283952,366,810,-0.2696323984332364,-0.2776488348493049,3.7818289515714225,8.439987701499469
571,9.521091081871344,915.699421965318,577.9682080924855,867.1693648816937,927.2129514321296,346,803,-0.2060546583695646,-0.1380730004372007,4.034411090429561,7.885072243711673
572,9.537765497076023,945.8953846153846,583.0184615384616,940.7371273712736,934.1124661246612,325,738,-0.135089507176873,-0.0146908978282384,4.506964335741845,7.274249853548144
573,9.554439912280705,979.9485530546624,586.459807073955,1016.4285714285714,934.2298850574712,311,609,-0.0557526690758907,0.1045147242840643,5.036702063359942,6.5351795827253785
574,9.57111432748538,1018.1824104234528,586.7459283387623,1088.4765506807869,927.821482602118,307,661,0.0328786157565747,0.2032496977707608,5.511312892214861,5.766690234839464
575,9.58778874269006,1059.1392857142855,583.8035714285714,1160.828729281768,916.270718232044,280,724,0.1280431698994839,0.2968270989490191,5.9914594620683,4.77466542854431
576,9.604463157894736,1103.5584905660378,575.6415094339623,1226.532033426184,899.9080779944289,265,718,0.2326867812616261,0.3624792054087036,6.325602544215248,3.65521881264802
577,9.621137573099416,1147.4945054945056,562.4798534798534,1288.1214689265537,878.4646892655368,273,708,0.3389946163835137,0.4187243712411082,6.416414023398143,3.2967708179725808
578,9.637811988304094,1190.471264367816,544.8582375478927,1347.9567307692307,853.0384615384615,261,832,0.446666684364149,0.4724226563157874,6.311690140714152,3.0625846992840717
579,9.654486403508772,1229.2335766423355,523.3175182481751,1401.629268292683,823.8146341463415,274,820,0.5494821004825988,0.5208579889918235,5.980165394453449,2.9174150162810606
580,9.671160818713451,1263.5620689655173,499.7413793103448,1450.4014598540143,791.4197080291971,290,822,0.646098205923681,0.5697150349274552,5.5000315477231645,3.1732719759975936
581,9.687835233918127,1292.3708609271523,475.8807947019867,1495.6011976047905,756.5676646706587,302,835,0.7329017198137304,0.6266828979621315,4.839857005166211,3.709188360933454
582,9.704509649122809,1315.687898089172,453.72929936305735,1536.7801242236026,719.7565217391304,314,805,0.807501776394506,0.6934121285325848,4.06938126585039,4.358869046678119
583,9.721184064327486,1333.144578313253,433.9909638554217,1575.1032338308455,682.4987562189054,332,804,0.8686108255195885,0.7720460825763945,3.3107133933740163,4.884839299222558
584,9.737858479532164,1346.6972222222223,417.60833333333335,1608.858695652174,644.993961352657,360,828,0.917910195884122,0.8563158058993189,2.596424011982705,5.2520846610593726
585,9.754532894736842,1356.14745308311,404.5924932975871,1638.4786845310596,607.6894031668696,373,821,0.9551985295659812,0.9471969632336472,1.91936714314042,5.450568406064618
586,9.77120730994152,1362.7367021276596,395.13563829787233,1663.626598465473,572.5294117647059,376,782,0.9819188452340034,1.0380858873077656,1.3250575427850326,5.513719912015917
587,9.7878817251462,1367.0876288659797,388.9742268041237,1684.1590628853266,538.1381011097411,388,811,0.9993876488429584,1.1310730735041594,0.8209579161207589,5.449123267212477
588,9.804556140350876,1369.4156171284635,385.3853904282115,1699.7816377171216,506.348635235732,397,806,1.0092968315519335,1.2198077750257144,0.3844140386319429,5.104903163251532
589,9.821230555555555,1370.074358974359,384.31538461538463,1710.5571776155718,478.35644768856446,390,822,1.0122074074242708,1.3013156233516234,0.0027237538239493,4.706777517177341
590,9.837904970760237,1369.345088161209,385.2947103274559,1717.146572104019,453.63593380614657,397,846,1.0093876655562852,1.3767733002206346,-0.3232544227107847,4.272521916486472
591,9.854579385964913,1367.5103626943005,388.19948186528495,1720.436984687868,433.2626619552414,386,849,1.0014272505022144,1.4437992321647906,-0.6491395904953433,3.724818506095352
592,9.87125380116959,1364.220744680851,393.1063829787234,1719.4724880382776,417.944976076555,376,836,0.9877396194408568,1.500991640886042,-0.9574043036215758,3.1060312281806337
593,9.88792821637427,1359.642857142857,399.510582010582,1715.1779141104294,407.8368098159509,378,815,0.9694989367475502,1.5473817408395525,-1.2885560577545916,2.5648085055511824
594,9.904602631578948,1353.4375,408.1848958333333,1708.1405672009864,402.6054254007398,384,811,0.9447677819978496,1.586525004770144,-1.6132305549299946,2.0008235892051753
595,9.921277046783626,1345.7615176151762,418.0921409214092,1698.5686777920412,402.8023106546854,369,779,0.9156995845599972,1.6141068673949963,-1.906826580453299,1.3595901079938573
596,9.937951461988304,1336.5149051490514,429.7479674796748,1686.9650711513584,408.31953428201814,369,773,0.8811773457462589,1.6318657447078702,-2.2245654675515083,0.6543075500696133
597,9.954625877192983,1325.0336134453785,442.40896358543415,1673.4583333333333,419.68359375,357,768,0.8415129280481107,1.6359272589178295,-2.5054423523353107,-0.046771665691242
598,9.97130029239766,1311.9517045454545,456.0369318181818,1658.9113756613756,435.36507936507934,352,756,0.7976237736378089,1.6303059643607698,-2.711519966536816,-0.8115960343465397
599,9.98797470760234,1297.7687687687687,470.1771771771771,1642.57908847185,457.0455764075067,333,746,0.7510869085324898,1.6088614804075003,-2.8941242402668816,-1.7009941629375511
