t,th1,w1,th2,w2,energy
0.0,0.18600478123770117,0.0,-0.6159089316634969,0.0,-0.6095665641513102
0.008333333333333333,0.18505797914075617,-0.22746829345914482,-0.6138563273607897,0.49291339909478027,-0.6095665801125127
0.016666666666666666,0.18220571961810153,-0.45779108636028765,-0.6076839462763617,0.9893458786489048,-0.6095667117494068
0.025,0.17741207062806663,-0.6938984871773848,-0.5973472208707106,1.4929907461235798,-0.6095671327451664
0.03333333333333333,0.17061621836625943,-0.9388410600150549,-0.5827697396228925,2.007818805581258,-0.6095680894960531
0.041666666666666664,0.1617312607128338,-1.1958350082508806,-0.5638404331613734,2.5381931210173962,-0.6095699171765564
0.05,0.1506427474758739,-1.468272546247786,-0.5404100027126008,3.088927564251295,-0.6095730636925514
0.058333333333333334,0.13720743315362302,-1.7596489377698046,-0.5122873480950861,3.6652092032104244,-0.6095781237340232
0.06666666666666667,0.12125332062751598,-2.0733008770300034,-0.4792377679200747,4.2722092110923775,-0.6095858847488225
0.075,0.10258337527660409,-2.411736543909983,-0.44098688168443595,4.914013288085513,-0.6095973834436003
0.08333333333333333,0.08098792145874345,-2.775125782629437,-0.39723866668232843,5.591140434987218,-0.6096139601723379
0.09166666666666666,0.05627560006840943,-3.158203560005118,-0.347724288794455,6.295372886679313,-0.6096372674893487
0.1,0.02833998684807226,-3.5446839452639,-0.2923108448478374,7.0003270898275725,-0.6096691191146564
0.10833333333333334,-0.0027168620548750477,-3.8995090654316096,-0.23120671049985586,7.648231979577971,-0.6097109582896995
0.11666666666666667,-0.0364037748756421,-4.164584097703258,-0.1652651901825061,8.142407693474881,-0.6097627296248445
0.125,-0.07168651609094116,-4.272186672886646,-0.09624608135025141,8.369564435953588,-0.6098215081319446
0.13333333333333333,-0.10705390084146524,-4.182930533114864,-0.026707471397073544,8.263845476735804,-0.609881414116107
0.14166666666666666,-0.14090573855303118,-3.916566881596446,0.040646252219822404,7.858901027443973,-0.6099360046997708
0.15,-0.17201306054352208,-3.5360508097487644,0.10373785341187032,7.260757945968524,-0.6099812416251434
0.15833333333333333,-0.19970509334186334,-3.1061847285123863,0.16142719203441283,6.5778168102922505,-0.610016251019817
0.16666666666666666,-0.22376849751845646,-2.6704278677335807,0.2133357579222184,5.881971229352377,-0.6100421571107176
0.175,-0.24425818471509428,-2.2507679405811376,0.25952518865076873,5.208828270726845,-0.6100607581188762
0.18333333333333332,-0.26134957156051186,-1.8554627920003977,0.30024883595651314,4.57105670009058,-0.6100737993852114
0.19166666666666665,-0.27525375390650386,-1.485688292138275,0.33581105333167083,3.9697025999603377,-0.610082726536825
0.2,-0.28617656224735266,-1.1394652416875235,0.3665008634043634,3.4008125622253225,-0.6100886632708405
0.20833333333333334,-0.29430149433685143,-0.813629373379552,0.3925657177331803,2.8587211994345467,-0.6100924621672338
0.21666666666666667,-0.2997840613608849,-0.5047197295839055,0.4142041852026197,2.337510280306209,-0.6100947658316334
0.225,-0.30275103395723957,-0.20933170053501501,0.43156659763794814,1.8315702838085373,-0.6100960585669561
0.23333333333333334,-0.30330145546044907,0.07577939428056714,0.4447584195090107,1.3357471944255197,-0.6100967050543629
0.24166666666666667,-0.301507995536281,0.3537045023071216,0.4538439758796278,0.8453075371747918,-0.6100969795216481
0.25,-0.2974180332626506,0.6274336330049897,0.4588495270583764,0.355826943036539,-0.6100970939990663
0.2583333333333333,-0.2910542018016832,0.8999282158196946,0.45976526029130915,-0.1369522102235085,-0.6100972139941697
0.26666666666666666,-0.28241432648811493,1.1741914450941162,0.4565460933198683,-0.6372573445400643,-0.6100974754338432
0.275,-0.271470810208063,1.453332505902272,0.4491114049594655,-1.1494140750290336,-0.6100980503072533
0.2833333333333333,-0.2581695020189803,1.7406213153610977,0.4373436617740941,-1.6779711373772968,-0.6100991924528266
0.2916666666666667,-0.2424282791073295,2.039496971191901,0.4210863060403595,-2.227743311737245,-0.6101012601413766
0.3,-0.22413589882859986,2.3534827556879887,0.4001418566348474,-2.803698125051313,-0.6101047468183824
0.30833333333333335,-0.2031522942220928,2.685899285044721,0.3742721861679237,-3.410503812799597,-0.610110322512185
0.31666666666666665,-0.17931281628693685,3.039153376694254,0.3432051898398719,-4.051361064040025,-0.6101188840445981
0.325,-0.15244155108803026,3.4131783425338,0.3066565254273466,-4.725395665239936,-0.6101316014366258
0.3333333333333333,-0.1223835116637885,3.80232637412956,0.26438308354189904,-5.422414709171616,-0.6101499191234195
0.3416666666666667,-0.08907192634457992,4.189970493787586,0.21629588764615879,-6.113741868868033,-0.6101754084718838
0.35,-0.05264891814958099,4.541481954483226,0.16266388874645202,-6.740231046501063,-0.6102092812743611
0.35833333333333334,-0.013634013630428758,4.801418958775409,0.10439973203066659,-7.207385909276766,-0.6102514060551637
0.36666666666666664,0.026945335370688377,4.907752057478873,0.04328159412498551,-7.409521819838988,-0.6102991927061112
0.375,0.06763646287423856,4.826969628388813,-0.018188206632200915,-7.289642328204228,-0.6103476462370906
0.3833333333333333,0.10692880248384984,4.579775929603815,-0.07741026476227014,-6.883293439422068,-0.6103914363053187
0.39166666666666666,0.14366703841085607,4.2248683642185325,-0.13239297688959303,-6.290784545379932,-0.6104273029745886
0.4,0.17721187961424947,3.8219207232568646,-0.18202598801266764,-5.6139694122095065,-0.6104546131326939
0.4083333333333333,0.20734583241326793,3.411137316899983,-0.22591874403643708,-4.921462614451369,-0.6104743785835279
0.4166666666666667,0.23410063849785315,3.0130647889578768,-0.2641064890380097,-4.248452560577014,-0.6104881611083417
0.425,0.2576210777403087,2.635478344939849,-0.29681913085360634,-3.608507485133889,-0.6104974672130101
0.43333333333333335,0.2780853806518903,2.279433991291048,-0.32434685014078657,-3.0038893030470764,-0.6105035396694902
0.44166666666666665,0.2956660140993132,1.942927223470588,-0.34697434945742206,-2.4317558134644597,-0.6105073378943119
0.45,0.3105129474962627,1.6227727310331972,-0.36495310313058504,-1.8873253868949353,-0.6105095810844415
0.4583333333333333,0.32274793270239727,1.3154750710409684,-0.37849206976790156,-1.3653265905012753,-0.6105108008142726
0.4666666666666667,0.3324636552687384,1.0175876200358525,-0.3877564484446672,-0.8605821138986949,-0.6105113858103133
0.475,0.33972472859379027,0.7258266224660191,-0.3928693674267306,-0.36818073797874123,-0.6105116155895116
0.48333333333333334,0.34456910724643525,0.43707255061261374,-0.39391411822225264,0.11653871537417898,-0.6105116840292288
0.49166666666666664,0.34700928330911945,0.1483247791308404,-0.3909358890096536,0.5980764535606329,-0.610511724282015
0.5,0.34703302020600263,-0.14336385573776467,-0.38394263498352044,1.0808933150543185,-0.610511871925122
0.5083333333333333,0.3446034726120135,-0.44096434146419916,-0.37290476596046596,1.56956275333934,-0.6105123070288516
0.5166666666666666,0.3396586993605436,-0.7475390749335253,-0.35775365710187196,2.0688990967228102,-0.6105132781259742
0.525,0.3321106834207409,-1.066288154700122,-0.33837922223821704,2.5840483160670042,-0.6105151236572174
0.5333333333333333,0.3218441727759973,-1.4005385242266253,-0.31462706864154094,3.1204849867877904,-0.6105182979421669
0.5416666666666666,0.3087160706305108,-1.7536063435922802,-0.28629644001263377,3.6837982031610372,-0.6105234077279535
0.55,0.29255697693762084,-2.1283838205347108,-0.25314162457961337,4.2790157675678895,-0.6105312599919072
0.5583333333333333,0.27317828253793125,-2.5263525181435575,-0.21488254876031837,4.908961054037852,-0.6105429159263035
0.5666666666666667,0.2503916658888692,-2.9454773490833293,-0.1712361506396934,5.570709988324049,-0.6105597287535672
0.575,0.22405356410649796,-3.376175872804739,-0.12198994880192401,6.248758948405966,-0.6105833000994372
0.5833333333333334,0.19415338466720872,-3.7948846547648896,-0.06715003053014708,6.904042268583159,-0.6106152078401804
0.5916666666666667,0.16095938457202738,-4.1574911130526955,-0.007187966119885102,7.462587761308811,-0.6106562844976554
0.6,0.12519054926622492,-4.401905352319356,0.05666597745746584,7.819577589357601,-0.6107054184898337
0.6083333333333333,0.08808148522075696,-4.472514073460821,0.1223089562247469,7.880666490316075,-0.6107586809680822
0.6166666666666667,0.0511704372790271,-4.357253166064774,0.18712128286941276,7.625009861128129,-0.6108102750828727
0.625,0.015865121164244676,-4.097104886707714,0.24870060277318815,7.121535350928939,-0.6108552022598606
0.6333333333333333,-0.01688978114798171,-3.7555390282009635,0.3054242126714235,6.477107241310596,-0.6108911453748638
0.6416666666666666,-0.046650076261150704,-3.3854439296776366,0.35651114420442026,5.780536246393178,-0.6109182305357006
0.65,-0.07332409771331774,-3.0184681995301075,0.4017713220179177,5.084750408721222,-0.6109378163544634
0.6583333333333333,-0.09700817436158542,-2.6692755163979274,0.4413285793160196,4.4142041579440825,-0.6109515431052299
0.6666666666666666,-0.11787481148044489,-2.3425296557298285,0.4754341079351607,3.7767815668173292,-0.6109608908065892
0.675,-0.13611198285918585,-2.0379097935690114,0.5043666473320699,3.1722699923687347,-0.6109670556432404
0.6833333333333333,-0.15189456072990312,-1.7529174236633067,0.5283867488366262,2.597056942628585,-0.6109709598755908
0.6916666666666667,-0.16537267175902656,-1.4842644667057499,0.5477191971375841,2.0464189440219225,-0.6109733001842296
0.7,-0.1766680929819889,-1.22849987507314,0.5625485519884125,1.515526437819997,-0.6109745975753392
0.7083333333333334,-0.18587411124365102,-0.9822598765425451,0.5730201165625611,0.9998183867728643,-0.6109752380343072
0.7166666666666667,-0.19305663471206194,-0.742340850819655,0.5792426409535754,0.4950820991922572,-0.610975502666763
0.725,-0.19825553138924806,-0.5056916800733368,0.581291063737143,-0.002599529770009039,-0.6109755888309828
0.7333333333333333,-0.20148574032520933,-0.26937263066447814,0.5792085524413485,-0.4969528059611515,-0.6109756285834468
0.7416666666666667,-0.20273799135276888,-0.030503067622517737,0.5730076219977304,-0.9916311779160594,-0.6109757454297803
0.75,-0.20197902376492233,0.21380513240669996,0.5626701082619983,-1.490369808986164,-0.6109761074803749
0.7583333333333333,-0.1991512640931639,0.4665085095959065,0.5481458858628577,-1.9971263107033022,-0.6109769434176949
0.7666666666666666,-0.19417202594377986,0.7306852741957727,0.5293504820642689,-2.5162051165714563,-0.6109785614674361
0.775,-0.18693234948467674,1.0095641188227484,0.5061617903830709,-3.052342369396592,-0.6109813703135027
0.7833333333333333,-0.17729581720001023,1.3064928496076629,0.4784164270816101,-3.6106930332188223,-0.6109859083801539
0.7916666666666666,-0.16509812613617458,1.6247699479772784,0.44590700759003143,-4.196592663250456,-0.6109928843201615
0.8,-0.15014915642253807,1.9671761073280079,0.4083832181192671,-4.814821320870189,-0.6110032289722024
0.8083333333333333,-0.13224124844799043,2.3348788367705167,0.36556287445624286,-5.467817661567291,-0.6110181519179935
0.8166666666666667,-0.111171182906096,2.7251124035675702,0.31716557875401036,-6.15182420793848,-0.611039174752923
0.825,-0.08678958474043859,3.126765314798659,0.2629922687933715,-6.84946444270266,-0.6110680620109511
0.8333333333333334,-0.059097881603249545,3.5134463895964196,0.20308522465173443,-7.517952456098487,-0.611106476324656
0.8416666666666667,-0.028405963321624712,3.836854829925206,0.13799204884190228,-8.077614389614258,-0.6111551128060789
0.85,0.004490179176546391,4.03112239755401,0.0690665518375518,-8.41877181273757,-0.6112123411178075
0.8583333333333333,0.03826270644660068,4.041190362753369,-0.0014496247861617378,-8.449341499328714,-0.6112733855539293
0.8666666666666667,0.07131039983803084,3.8614045651401017,-0.07085779160498071,-8.159995476047348,-0.6113316930502593
0.875,0.10222502418911977,3.5402039662301843,-0.13678412512474564,-7.6320447923250985,-0.6113819960138053
0.8833333333333333,0.1301085652996312,3.144519934835594,-0.19770901765220533,-6.97723567608544,-0.6114221309189778
0.8916666666666666,0.15457512912763197,2.726951897927377,-0.2529644350337353,-6.282568060600065,-0.6114525032767552
0.9,0.17558210365988536,2.3175863669783054,-0.30244624914359736,-5.59696060776055,-0.6114747025249246
0.9083333333333333,0.19326212779506874,1.9297182321695807,-0.34633159410257086,-4.9412683538337525,-0.6114905222105451
0.9166666666666666,0.20781481437822355,1.5671740997900525,-0.384899154988537,-4.320785969673277,-0.6115015401217867
0.9249999999999999,0.21945019187517117,1.2292301984355598,-0.418437290649962,-3.7335528139590806,-0.6115090185327676
0.9333333333333333,0.22836306754891986,0.9132575344299702,-0.4472041211809911,-3.1747696838009745,-0.6115139295928682
0.9416666666666667,0.23472310319955644,0.6159858373501381,-0.4714136842195743,-2.6388759224112612,-0.6115170124209963
0.95,0.2386720859179188,0.3340498199480518,-0.4912337888330159,-2.12042150611582,-0.6115188277397134
0.9583333333333334,0.24032413003545017,0.06418970796511997,-0.5067884359362941,-1.6143638340715192,-0.611519800999883
0.9666666666666667,0.23976680225935226,-0.1967065720825992,-0.5181614768865189,-1.1161032700127107,-0.611520253900102
0.975,0.23706227480745412,-0.4516290968348263,-0.5254000347655856,-0.6214067597202334,-0.6115204307668338
0.9833333333333333,0.23224812188861646,-0.7035019349983179,-0.5285170609245518,-0.12628337040141477,-0.6115205199871256
0.9916666666666667,0.225337602020182,-0.9552471284410273,-0.5274927783516566,0.37315280284595637,-0.6115206639154903
1.0,0.21631943245183058,-1.2098416109424641,-0.5222750458793219,0.8808028303594988,-0.6115209980061093
1.0083333333333333,0.20515709735377277,-1.4703731000281832,-0.5127786963205963,1.4007137488988692,-0.611521719165149
1.0166666666666666,0.19178775740105,-1.7400735252308517,-0.4988838715538525,1.9371736953858472,-0.6115231117061621
1.025,0.17612108396725445,-2.022298188075669,-0.4804339223456021,2.494713512756088,-0.6115255698952322
1.0333333333333332,0.1580386726012807,-2.32039345136118,-0.4572339689626277,3.0779228185117558,-0.6115296294447522
1.0416666666666667,0.13739542489260187,-2.6373277648960483,-0.4290524442200057,3.6908693496429277,-0.6115360085102441
1.05,0.11402579303562882,-2.974837721738403,-0.3956304865417511,4.335700722752933,-0.611545654255196
1.0583333333333333,0.08776065001240659,-3.33163487187879,-0.3567089261366221,5.009654684562723,-0.6115597775917757
1.0666666666666667,0.05846535944102041,-3.699984535020257,-0.3120908318091238,5.699296349954737,-0.6115798253551936
1.075,0.026115282694958945,-4.060128348896046,-0.26176737060741273,6.37105613196217,-0.6116072739652371
1.0833333333333333,-0.009076747251926854,-4.373969703842533,-0.20613213741170922,6.960438450614647,-0.6116430584268815
1.0916666666666666,-0.0464990662169842,-4.585063175425983,-0.14625392718273783,7.3718672254962545,-0.6116865573112648
1.1,-0.08504866165685959,-4.6368812767010725,-0.0840335910949887,7.5096353609301705,-0.6117346727311762
1.1083333333333334,-0.12327081432056984,-4.507162461797965,-0.021966527566863226,7.336322942269247,-0.6117822983683875
1.1166666666666667,-0.1597422472986192,-4.225188894070931,0.03750897298745447,6.902137783508423,-0.6118245379376361
1.125,-0.19343188646992818,-3.849829518280098,0.0926242011840705,6.307370827987627,-0.6118587331419436
1.1333333333333333,-0.22380071368976534,-3.4358216652005495,0.142447344712873,5.644963647300971,-0.6118846283102216
1.1416666666666666,-0.25068794962039126,-3.0184609899995047,0.18668774397359728,4.9746214225717305,-0.6119033413512118
1.15,-0.27414882424499065,-2.6152904029292006,0.2254194173649841,4.325882904994252,-0.6119163940286594
1.1583333333333332,-0.2943337972784795,-2.2326987701879344,0.25887638169699306,3.709449215360052,-0.611925210934522
1.1666666666666667,-0.31141951099090787,-1.8712802640129778,0.28733645401977637,3.1263193423005267,-0.6119309581891862
1.175,-0.325575055073868,-1.5290025825673188,0.311065087375704,2.5731592502105642,-0.6119345370628348
1.1833333333333333,-0.336947624713701,-1.202823146752074,0.33029197565585894,2.045021808668686,-0.6119366270479102
1.1916666666666667,-0.34565763155214096,-0.8894344222901048,0.34520350188581184,1.5365881556303478,-0.6119377347865663
1.2,-0.3517979678610821,-0.5855673719869191,0.35594205339791035,1.0426628859264235,-0.6119382349910333
1.2083333333333333,-0.35543480432872465,-0.2880825298444333,0.36260779149468214,0.5583127245261407,-0.6119384009109293
1.2166666666666666,-0.3566086845636542,0.00603700218215401,0.36526080517843706,0.07884165795748123,-0.611938425421573
1.225,-0.3553353595885033,0.29973386681061365,0.363922724734121,-0.4003015030398648,-0.611938437329801
1.2333333333333334,-0.35160617025234187,0.5959346892011423,0.3585775058333484,-0.8836268907883812,-0.6119385547738047
1.2416666666666667,-0.3453878861439336,0.8976216227562338,0.34917122237792275,-1.375738689658562,-0.6119389527825375
1.25,-0.3366219934198695,1.2078869071556908,0.3356107980677154,-1.881441525054044,-0.6119398832961283
1.2583333333333333,-0.3252236830845811,1.529946214749346,0.31776212473705456,-2.4057757399057134,-0.6119416942895878
1.2666666666666666,-0.31108104059195696,1.8670657259953616,0.29544840732263183,-2.95390878962823,-0.6119448576955366
1.275,-0.29405552279594693,2.2223029639916594,0.2684505534847342,-3.5307139987163256,-0.611950007271649
1.2833333333333332,-0.273986017451422,2.5978605667298424,0.2365134732796683,-4.13969587645834,-0.6119579847592113
1.2916666666666667,-0.2507011343953134,2.9936743995744584,0.19936615993208046,-4.7806162970401305,-0.6119698833209684
1.3,-0.22404852717769633,3.404616558273764,0.15677052110409267,-5.4447589216687655,-0.6119870524042579
1.3083333333333333,-0.19395575042424487,3.8156458163539932,0.10862376755054262,-6.106672851187539,-0.6120109746784619
1.3166666666666667,-0.160539352756819,4.19539613843085,0.055143167267790526,-6.71319126396177,-0.6120428489891088
1.325,-0.12425954679135191,4.493028311861951,-0.0028706847717176035,-7.177918680706478,-0.6120827269372217
1.3333333333333333,-0.08604977811363425,4.6494958931416175,-0.06381194721572662,-7.400258732487472,-0.6121284671776674
1.3416666666666666,-0.04726629271185511,4.62838067118191,-0.12535342569610514,-7.31793255396565,-0.6121756017032802
1.35,-0.009372228790452788,4.442314909350581,-0.18498332757690505,-6.95211861881775,-0.6122190242670169
1.3583333333333334,0.026457663188642743,4.143103710853245,-0.2406781253941556,-6.390688121847872,-0.6122552798323739
1.3666666666666667,0.059526907078318356,3.788331987391331,-0.2912257796513004,-5.7313469204578515,-0.6122833700155407
1.375,0.08955902800397024,3.4194039324165817,-0.33612682697778157,-5.044348525087437,-0.6123040132717829
1.3833333333333333,0.11654160335132904,3.0589097213282495,-0.3753302712504679,-4.368148583461431,-0.6123186111484967
1.3916666666666666,0.1405912812106401,2.7163351547647645,-0.409006045133468,-3.7191881360738606,-0.6123286077659914
1.4,0.1618700718063867,2.3938881177514997,-0.43740493309712486,-3.1017971167439464,-0.6123352360578013
1.4083333333333332,0.18054182477771127,2.090262513118284,-0.460786595678487,-2.5145495996320992,-0.6123394684492215
1.4166666666666667,0.19675234830637647,1.8026667787972708,-0.47938736222491285,-1.9536578652201844,-0.612342044387056
1.425,0.21062166086022244,1.527810298969549,-0.49340820189733975,-1.4145975501434247,-0.6123435156440951
1.4333333333333333,0.22224191685151054,1.2623406362179501,-0.5030119336965123,-0.8928051940921673,-0.6123442880372871
1.4416666666666667,0.2316777086296259,1.0030092493412532,-0.5083241186860992,-0.3839196816086837,-0.6123446540626583
1.45,0.2389671435861949,0.7467080124001656,-0.5094349523661055,0.11619180200536298,-0.6123448164785932
1.4583333333333333,0.24412295297048472,0.4904492931428369,-0.5064009331567622,0.6114968788115489,-0.6123449144277202
1.4666666666666666,0.24713332314393419,0.2313197403500362,-0.49924584138145844,1.1059036371457547,-0.6123450917261775
1.475,0.24796224539982914,-0.033584701135635844,-0.48796062252126293,1.6034077526549704,-0.6123455372075329
1.4833333333333334,0.24654934078407514,-0.30721785812347563,-0.4725021014869632,2.108222720272703,-0.6123464940315448
1.4916666666666667,0.2428092400482126,-0.5926298741761686,-0.4527906960062667,2.624888202711495,-0.6123482802683307
1.5,0.23663067491728518,-0.8929847841056782,-0.4287073996051878,3.158328738305587,-0.6123513157613423
1.5083333333333333,0.2278756998093443,-1.2115009809374298,-0.40009072905348003,3.7137861297804995,-0.6123561525309458
1.5166666666666666,0.2163800254795513,-1.5512223779777639,-0.3667352525786606,4.296471621544843,-0.6123635155744647
1.525,0.20195657606263448,-1.914429954580347,-0.3283952102869574,4.9106179223817605,-0.6123743532656595
1.5333333333333332,0.18440664613675722,-2.3013245099020527,-0.2848005638376205,5.55730508436097,-0.6123898868485115
1.5416666666666667,0.16354717588656534,-2.70734682961273,-0.23569987177242002,6.229974790944703,-0.6124116230965732
1.55,0.1392688238952398,-3.1183534615652015,-0.1809550203517099,6.906270346969938,-0.6124412371166671
1.5583333333333333,0.11164358945761146,-3.503776952644369,-0.120720225097043,7.536341466659655,-0.6124801420324557
1.5666666666666667,0.08108547017029423,-3.8120448112810554,-0.05571260630260245,8.034767814287278,-0.6125285455770378
1.575,0.04850135880367046,-3.979887409788518,0.01253035536288223,8.295852601044214,-0.6125842024975445
1.5833333333333333,0.015269971199122321,-3.9638932829598446,0.08168099310767825,8.24671967970813,-0.6126420575304894
1.5916666666666666,-0.017070575976643586,-3.7720811297841363,0.14914338224280307,7.900716257387808,-0.6126960302366462
1.6,-0.047256458105559104,-3.4575317728978585,0.2127806622343016,7.3466712009367034,-0.6127417806383936
1.6083333333333334,-0.074529886995404,-3.0824901349297784,0.271301155044882,6.688282673686581,-0.6127778675628655
1.6166666666666667,-0.09859213057979278,-2.6926323228960585,0.32417502470828635,6.000961473773502,-0.6128049700296706
1.625,-0.11943725311159493,-2.313155548890017,0.37135272541950737,5.3256447989218945,-0.6128246523023225
1.6333333333333333,-0.13720424391334493,-1.9548508294047025,0.41301744772067456,4.6793156853449736,-0.6128385746534061
1.6416666666666666,-0.15208505677737538,-1.62053060966331,0.44943336771874165,4.065935639550866,-0.6128481741951542
1.65,-0.16427702767496472,-1.309179562185847,0.48086899805847216,3.483428808050618,-0.6128545979344344
1.6583333333333332,-0.1739612679860426,-1.0181711743027408,0.5075640152888956,2.9273653572265,-0.6128587314104006
1.6666666666666667,-0.1812942444343698,-0.7443321149334444,0.5297178358863573,2.392696893406268,-0.6128612501486546
1.675,-0.18640544390622096,-0.4844072496104995,0.5474879804079575,1.8744872856918111,-0.6128626676285983
1.6833333333333333,-0.18939754950082094,-0.23523325950321372,0.5609922589562579,1.3681593776929954,-0.6128633729583333
1.6916666666666667,-0.19034742557564518,0.006223200184647202,0.5703119611885855,0.8695186997520067,-0.6128636582363848
1.7,-0.18930713613282577,0.24288711304323685,0.575494778298011,0.3746793718024824,-0.6128637378837664
1.7083333333333333,-0.18630466783533617,0.4776209315114279,0.5765569175980635,-0.12004967639430533,-0.612863766035493
1.7166666666666666,-0.18134422666192018,0.7132778990780422,0.5734842137368257,-0.6182850813803848,-0.6128638585917839
1.7249999999999999,-0.1744061042951602,0.9527535723915078,0.5662322753455765,-1.1236872063923655,-0.6128641575800627
1.7333333333333334,-0.1654461007368021,1.199037305291581,0.5547255592972867,-1.6400905240689625,-0.6128648745297132
1.7416666666666667,-0.15439461166994323,1.4552381945224755,0.5388555359571366,-2.1715861645911256,-0.6128663062732376
1.75,-0.14115567405060875,1.724563462661946,0.5184784589247755,-2.7225254247298594,-0.6128688562567269
1.7583333333333333,-0.12560656353665545,2.0101947496417676,0.49341372009354545,-3.297354229035381,-0.612873064239068
1.7666666666666666,-0.10759921250615702,2.3149487799174255,0.4634448997607678,-3.9000879164272724,-0.6128796448788284
1.775,-0.08696607744683585,2.6404985570387955,0.4283279131873365,-4.533048091214729,-0.6128895316488825
1.7833333333333332,-0.06353566796219753,2.985745835394823,0.3878150364983617,-5.194165315266968,-0.6129039104492431
1.7916666666666667,-0.03716730702193111,3.343715673850223,0.341711039666172,-5.871767966007139,-0.6129241974859763
1.8,-0.007820034723851543,3.696435217834862,0.2899869004024429,-6.535911516198947,-0.612951857066896
1.8083333333333333,0.024329841869083643,4.008841664187343,0.23297625679570894,-7.127965748894006,-0.6129878863655203
1.8166666666666667,0.058734556575575,4.227651714152207,0.17163519658722234,-7.558496081305594,-0.6130318670037515
1.825,0.09437107013357791,4.296398362632279,0.10771847766427946,-7.732547335117026,-0.6130810114699015
1.8333333333333333,0.12984261333731914,4.187499050016166,0.043608771421441664,-7.603946815765908,-0.6131303996858064
1.8416666666666666,0.1637270693255851,3.9229398371328204,-0.018272309593563033,-7.210325549569166,-0.6131749834180861
1.8499999999999999,0.19494586448462253,3.5578313142483218,-0.07608692342044557,-6.645045829807733,-0.6132117242587241
1.8583333333333334,0.22290039819119778,3.1474669468689016,-0.1288081966797334,-6.001270417804147,-0.6132400264213578
1.8666666666666667,0.2473841157249224,2.729454619599897,-0.1760676128378557,-5.341875156597819,-0.6132608276640937
1.875,0.26842587631249376,2.323498232521369,-0.21788816873352296,-4.699366222432033,-0.6132755996403271
1.8833333333333333,0.28616500997016375,1.937471110743333,-0.2544732576297989,-4.086355061908501,-0.6132857842501964
1.8916666666666666,0.3007768474585676,1.5728732389123772,-0.28608207653539913,-3.504868723118403,-0.6132925900525714
1.9,0.31243502423248604,1.2282035944067542,-0.3129675596759225,-2.9520615288617806,-0.6132969656917634
1.9083333333333332,0.321294708272578,0.9007310431257673,-0.33534963009872953,-2.423190722451974,-0.6132996353859816
1.9166666666666667,0.32748630676785623,0.5873336583890046,-0.353405981015838,-1.9130113103165243,-0.613301145925352
1.925,0.3311139230884866,0.2848549117224609,-0.3672706933418489,-1.4163562253712685,-0.6133019077978419
1.9333333333333333,0.3322556784413184,-0.009776150422347564,-0.3770358368983207,-0.9283209683004925,-0.6133022264928922
1.9416666666666667,0.33096451667228927,-0.29953453519140066,-0.3827537449595315,-0.444264829057474,-0.6133023255095228
1.95,0.32726886993867954,-0.5873368239085084,-0.38443891961934473,0.04026815204526751,-0.6133023705008896
1.9583333333333333,0.3211729094656377,-0.8760983553765468,-0.38206912316478586,0.5296563021179544,-0.6133024918949043
1.9666666666666666,0.3126563331256897,-1.168786533159313,-0.37558561944645213,1.028299238003536,-0.6133028408608262
1.9749999999999999,0.30167371636479345,-1.4684688174636915,-0.36489254182732245,1.54072159952773,-0.6133036411011198
1.9833333333333334,0.28815361847286125,-1.7783168028295433,-0.34985566705889554,2.071599295219843,-0.6133052093059527
1.9916666666666667,0.27199798107717305,-2.1015217858733823,-0.33030152430982807,2.625636416676149,-0.6133079807346958
2.0,0.253082902558933,-2.441026864098005,-0.3060186592154082,3.2071336165214053,-0.6133125436422517
2.0083333333333333,0.2312630224908893,-2.798885695135655,-0.27676482182530115,3.818925247030194,-0.6133196806158066
2.0166666666666666,0.20638395094163633,-3.1748973253112522,-0.2422875953582849,4.460087146771389,-0.6133304061518323
2.025,0.1783109688956995,-3.5639583491883404,-0.20237246629173022,5.121457378136151,-0.613345967288149
2.033333333333333,0.14698726469816983,-3.951560684146013,-0.1569410080978519,5.777979794668443,-0.6133677269899848
2.0416666666666665,0.11253651127361713,-4.307950428489344,-0.1062246574551989,6.378722230785201,-0.6133967848081774
2.05,0.0754065714520826,-4.585334530037287,-0.05100904432104632,6.84203529331231,-0.6134332056101142
2.058333333333333,0.036490174195962725,-4.728061535994506,0.007160235280682893,7.072838260478836,-0.61347508808991
2.0666666666666664,-0.0029170268285296647,-4.700582392646846,0.06604895768490689,7.010340966054933,-0.6135184181404262
2.075,-0.04140285265353058,-4.512470593416168,0.12322322847134058,6.670819111698794,-0.6135585257276946
2.0833333333333335,-0.07780992990976349,-4.211173224114297,0.17668376458249757,6.1352424843994315,-0.6135921498107615
2.091666666666667,-0.1114289014662863,-3.8516602749653823,0.22519593600026952,5.497442942791062,-0.6136182555077146
2.1,-0.1419577485852064,-3.4747753901686678,0.2682206983444189,4.8272211298536645,-0.6136374316400544
2.1083333333333334,-0.16935869539436318,-3.1035348132260507,0.30567141955131116,4.164121387906597,-0.6136509509720417
2.1166666666666667,-0.19372772038344283,-2.7480374969826857,0.3376928022749919,3.5258514986266154,-0.6136601578073433
2.125,-0.21521090746104546,-2.4109961380460816,0.3645198181001119,2.9177039801246827,-0.6136662126902931
2.1333333333333333,-0.2339597512668645,-2.0914596340166676,0.3864028361227081,2.33886356154674,-0.6136700354152339
2.1416666666666666,-0.2501101475005369,-1.7868746011949492,0.40357276780213064,1.7858761094362856,-0.6136723261290641
2.15,-0.2637738383686827,-1.4941106335116294,0.4162270763575592,1.2543543639817207,-0.6136736063659282
2.158333333333333,-0.2750358134875082,-1.2099254775865926,0.42452561207073,0.7397346673066933,-0.613674258072086
2.1666666666666665,-0.28395427161141235,-0.9311475239575786,0.4285905333613526,0.23755700637830285,-0.6136745544842116
2.175,-0.2905614620245516,-0.654721394725927,0.42850748659773513,-0.25648399228522983,-0.6136746827470596
2.183333333333333,-0.29486461999105706,-0.3776941265781781,0.42432675577261014,-0.7465807351339786,-0.6136747801919574
2.1916666666666664,-0.2968466446791285,-0.09716764219450316,0.4160638228889881,-1.2369160401341566,-0.6136750041888117
2.2,-0.2964663004324945,0.18976159722379884,0.40369889622180355,-1.7317920895009529,-0.6136755568803797
2.2083333333333335,-0.29365795951768886,0.4860508151025216,0.38717546729048785,-2.235733564667786,-0.6136766993315227
2.216666666666667,-0.288331022957235,0.794737085009224,0.3663981487474284,-2.7535519673940527,-0.6136787785000608
2.225,-0.28036932990047203,1.1189045714498633,0.341230324729967,-3.2903115228390076,-0.6136822538539151
2.2333333333333334,-0.2696313264322843,1.4615187286887819,0.3114928906784521,-3.8510743013385866,-0.6136877307730859
2.2416666666666667,-0.2559526337416872,1.824983009719911,0.276966818650683,-4.440180848608483,-0.6136960029931882
2.25,-0.2391543788373057,2.2101367061980395,0.23740519827795303,-5.059589149252779,-0.6137080977199012
2.2583333333333333,-0.2190638326106584,2.6142011517988073,0.19256582332153516,-5.705429191900011,-0.6137253000111539
2.2666666666666666,-0.19555888390770987,3.0270011824562686,0.14228396780132666,-6.361607261358873,-0.6137490934079625
2.275,-0.1686525340278493,3.42521369679853,0.08661321045587894,-6.989985614252113,-0.6137808840291166
2.283333333333333,-0.13862711276781334,3.7669853894137306,0.026051712730806226,-7.521040211427274,-0.6138213259911638
2.2916666666666665,-0.10618538728284531,3.995182023166975,-0.03820041349422894,-7.8590149904416755,-0.6138692629211004
2.3,-0.07249970520320084,4.059570307341843,-0.10415371650333417,-7.9192343495731885,-0.61392101281504
2.308333333333333,-0.03901662862329147,3.9490506302235753,-0.16935512464534785,-7.682710025192778,-0.6139712437546159
2.3166666666666664,-0.007068794763016444,3.7000693808569234,-0.23154085978127698,-7.210492051399114,-0.6140153089507776
2.325,0.022428390948923994,3.370512699947009,-0.289146290815378,-6.599513056140021,-0.614050937990154
2.3333333333333335,0.049022804150541846,3.0101745086487988,-0.34138103621865673,-5.932769567537161,-0.6140781047960875
2.341666666666667,0.07260006903419619,2.650058747304668,-0.3880157698281075,-5.261527544586757,-0.6140979845407262
2.35,0.09323413340587135,2.3053533112924085,-0.42913104193512525,-4.610602082159051,-0.6141120802972954
2.3583333333333334,0.11108108315176755,1.9815327535694924,-0.4649406965387588,-3.988779820740612,-0.6141217889755324
2.3666666666666667,0.12631906246481972,1.679017509316007,-0.4956936115647305,-3.3966922491149,-0.6141282634130973
2.375,0.13911865530048476,1.3958947684387986,-0.521626677006356,-2.831365388005249,-0.6141324076340356
2.3833333333333333,0.14962995202388396,1.1293157782488037,-0.5429455047932694,-2.2885218303732957,-0.6141349151021346
2.3916666666666666,0.15797785134425454,0.8761534063072044,-0.5598185711680249,-1.7636361400956009,-0.6141363125045717
2.4,0.16426108401680953,0.6332816524532859,-0.5723772104225135,-1.2523579145141284,-0.6141369968464857
2.408333333333333,0.1685527057712163,0.3976712542246792,-0.5807177052097424,-0.7506296450266202,-0.6141372635231144
2.4166666666666665,0.17090098151306618,0.1663990408252588,-0.5849036909072985,-0.25466261739364554,-0.6141373262186983
2.425,0.17133016380943633,-0.0633813409482529,-0.5849680593374768,0.23914996530364704,-0.6141373303495079
2.433333333333333,0.1698409665539365,-0.294479478964246,-0.5809140582780813,0.7343317566210812,-0.6141373820683043
2.4416666666666664,0.16641068067957304,-0.5297168378770072,-0.5727155228286178,1.234441713391977,-0.6141376220716949
2.45,0.16099285107459183,-0.7719780109291928,-0.560316024191633,1.7432023195875868,-0.6141382575077291
2.4583333333333335,0.1535166043535314,-1.0242418878784167,-0.5436271043149186,2.264589669325305,-0.6141395745918985
2.466666666666667,0.14388584460320988,-1.2895776699965928,-0.5225259700668378,2.8028658564889977,-0.6141419571967621
2.475,0.13197876345695214,-1.5710634967001964,-0.4968533795558328,3.3624839950305674,-0.6141459132510838
2.4833333333333334,0.11764863155485986,-1.871540109638135,-0.4664133188671298,3.947719707160485,-0.6141521098786494
2.4916666666666667,0.10072789211803858,-2.193025251026494,-0.4309778340553313,4.561735807757059,-0.6141614155214504
2.5,0.08103961376063935,-2.535461750720549,-0.3903038245986213,5.204525511716424,-0.6141749387829878
2.5083333333333333,0.05842395584347364,-2.894259031509363,-0.3441747327297852,5.868809425512873,-0.614194031693206
2.5166666666666666,0.03279240327868783,-3.256003195361406,-0.29248886325873186,6.532797991326831,-0.6142201778981533
2.525,0.004225393965971144,-3.5925458908617127,-0.23542129632003436,7.1501157957238695,-0.6142546157449362
2.533333333333333,-0.02688478729093207,-3.857150857393321,-0.1736636169083289,7.643057371470335,-0.6142975402837043
2.5416666666666665,-0.05969957513974868,-3.992350423007896,-0.10865168811518841,7.915563718846723,-0.6143470578862565
2.55,-0.09294503409658676,-3.956779902256934,-0.042549823799983164,7.898419600215598,-0.6143988456488978
2.558333333333333,-0.12517641432290438,-3.753738799153208,0.022193227251728235,7.597525651689645,-0.6144475636692889
2.5666666666666664,-0.15516777737256998,-3.428804801501883,0.08349934286652105,7.089750861116915,-0.6144892083423329
2.575,-0.18214567986746721,-3.0394546225539525,0.14005123006524775,6.47145171515959,-0.6145222668793104
2.5833333333333335,-0.20577193852827827,-2.630214105946147,0.19125853538159174,5.816631809075704,-0.6145471823886577
2.591666666666667,-0.2260004588001763,-2.226941053828837,0.2370134411234801,5.1676317272088275,-0.6145652910813353
2.6,-0.2429377758320381,-1.8414603773671652,0.27745529373284,4.543240221467269,-0.6145780823594554
2.6083333333333334,-0.25675146145903394,-1.4774497804645357,0.31281778330285787,3.9487635298348174,-0.6145868740443073
2.6166666666666667,-0.2676206194005966,-1.1345082415642154,0.3433477916483143,3.3829197266362487,-0.6145927296839603
2.625,-0.27571237243387015,-0.81042476557644,0.3692681080313336,2.8416480752624325,-0.6145964747402592
2.6333333333333333,-0.2811720576317556,-0.5023058383923369,0.39076304751486485,2.319979320483412,-0.6145987400946681
2.6416666666666666,-0.28411996044919696,-0.20708499180103956,0.4079748322928499,1.8128638945838254,-0.6146000051805223
2.65,-0.28465084987528255,0.07827776388446817,0.4210044516839419,1.315480683617519,-0.6146006326222936
2.658333333333333,-0.28283448210450834,0.35674393391996995,0.42991393809883965,0.8232996853944486,-0.6146008955705995
2.6666666666666665,-0.27871622003810026,0.6312127076367685,0.43472863604360074,0.3320316762196638,-0.6146010051752256
2.675,-0.27231736750321295,0.9045676830634725,0.43543880973394256,-0.1624714775259864,-0.6146011258369809
2.683333333333333,-0.26363509395823703,1.1797243646870135,0.43200039283782704,-0.6643147740523118,-0.6146013939318065
2.6916666666666664,-0.25264200193971564,1.4596697586372773,0.4243349924916335,-1.1776477474829172,-0.6146019853029344
2.7,-0.23928541655882077,1.747482416550935,0.412329188767676,-1.7067304515896904,-0.6146031582170364
2.7083333333333335,-0.22348675740246376,2.046285138897602,0.39583372447122495,-2.2558814958407294,-0.6146052746200458
2.716666666666667,-0.20514178442285963,2.359067386877751,0.37466393554045535,-2.8292070842901937,-0.6146088282892627
2.725,-0.1841232948630628,2.68824446299709,0.3486040753673707,-3.4298862088903674,-0.6146144802079633
2.7333333333333334,-0.16028940745482345,3.0347023554864063,0.31742083505277097,-4.058584624848103,-0.6146230954283352
2.7416666666666667,-0.13350336285203138,3.3959020418855266,0.2808961247849565,-4.710269282402468,-0.6146357616711208
2.75,-0.10367498954262198,3.762486261672247,0.23889641500514938,-5.36846518535664,-0.6146537382712779
2.7583333333333333,-0.07083764738102556,4.11323404120521,0.19150229732169774,-5.9966709244514504,-0.6146782300978526
2.7666666666666666,-0.03526843885315505,4.410399821853203,0.1392118580208397,-6.530380929467371,-0.6147098449670994
2.775,0.002376447070841829,4.602340557327419,0.08317030486664026,-6.881494859181079,-0.6147477439854233
2.783333333333333,0.04101151782658122,4.642215428605866,0.025254929227082508,-6.970172612490164,-0.6147890345791983
2.7916666666666665,0.07928214573541477,4.516449647322447,-0.03219877437009999,-6.773416449067344,-0.6148293871206428
2.8,0.11590603973577197,4.254783099256198,-0.08698041179646876,-6.3421951554873965,-0.6148648798930213
2.808333333333333,0.1499635150119112,3.9094724964722727,-0.1375000657152793,-5.765858243823234,-0.6148934762612795
2.8166666666666664,0.1809652972119457,3.528052186389309,-0.18290345195049756,-5.125630497483385,-0.6149150484946975
2.825,0.2087515250856259,3.141486705180987,-0.22289933532817494,-4.47448072107185,-0.6149305534001642
2.8333333333333335,0.23335399451635053,2.7656129319650136,-0.25752501874916167,-3.839670927735539,-0.61494127442821
2.841666666666667,0.2548921472315416,2.4065177879337685,-0.2869699174512629,-3.2319629949564184,-0.6149484212815812
2.85,0.273511753906613,2.0650308812452693,-0.3114720273238124,-2.653269308692176,-0.6149529932871033
2.8583333333333334,0.28935367491247405,1.7394766974333065,-0.3312654971824814,-2.1013157144600956,-0.6149557681574325
2.8666666666666667,0.3025397611318932,1.4271351046881602,-0.34655715895720746,-1.5720992323071183,-0.614957333691573
2.875,0.3131674641356205,1.124946650587614,-0.35751765029041155,-1.0610618433086259,-0.6149581264719284
2.8833333333333333,0.32130847798670037,0.8298191931829828,-0.36427919195208636,-0.5635894202019274,-0.6149584651822178
2.8916666666666666,0.3270090069243757,0.5387349831611414,-0.3669359564690522,-0.07517458791688503,-0.6149585757506164
2.9,0.3302904768611473,0.24876269213292096,-0.36554504498738466,0.4085781517412793,-0.6149586108077645
2.908333333333333,0.33115016352012944,-0.042969239721249115,-0.36012722903854744,0.8920057675947132,-0.6149586973925756
2.9166666666666665,0.32956148462842655,-0.33932421556881526,-0.3506670181453244,1.3794932775838535,-0.6149589964662597
2.925,0.3254738660899922,-0.6432032006011223,-0.3371118388876178,1.8755683778433312,-0.6149597290846445
2.933333333333333,0.3188123098333786,-0.9575670854269683,-0.31937059373987337,2.384951506612158,-0.6149611983697685
2.9416666666666664,0.3094769956710271,-1.2853978938754214,-0.2973121677244113,2.912504671760557,-0.6149638111264976
2.95,0.29734367974550907,-1.6295307959966232,-0.2707651519817532,3.4629641810196254,-0.6149681072875368
2.9583333333333335,0.2822664689963396,-1.992221039012223,-0.23952143501878323,4.040227469907278,-0.6149747971180031
2.966666666666667,0.26408614505208833,-2.374188719707005,-0.20334901543376016,4.645756886578555,-0.6149848001884726
2.975,0.2426500763773046,-2.7727032683458357,-0.16202428022042006,5.27535025776745,-0.614999265287592
2.9833333333333334,0.21785410545310654,-3.1781326446674636,-0.1154014745946121,5.913282928876989,-0.6150195168020061
2.9916666666666667,0.1897205877058612,-3.568795975169091,-0.06354376173203322,6.523509134117111,-0.6150468155095826
3.0,0.15852054101958107,-3.906225253344027,-0.006930076997939146,7.041455316441966,-0.6150817831091715
3.0083333333333333,0.12491077025078977,-4.137951310557881,0.053310858615883666,7.378511451021072,-0.615123501374279
3.0166666666666666,0.08998296099516172,-4.216721347970315,0.11531420982872813,7.4545066416331665,-0.6151688729468968
3.025,0.055098157734376,-4.129316163437905,0.17675671428250075,7.246700640267477,-0.6152132815639363
3.033333333333333,0.02154019584564426,-3.9061660800332296,0.23544273218984277,6.806237223391238,-0.6152525417655328
3.0416666666666665,-0.009774542173827706,-3.5999419227122678,0.2897953824603946,6.221844432325226,-0.6152844503140731
3.05,-0.03836210680844505,-3.2582867742766783,0.338965751659632,5.57364367783341,-0.6153088142789077
3.058333333333333,-0.06406848724129238,-2.9122180885703846,0.38265910406820414,4.913659725901905,-0.6153265956059181
3.0666666666666664,-0.08693200351673411,-2.577686091045567,0.42090308261175846,4.2686293052697355,-0.6153391212769138
3.075,-0.10707977772203182,-2.260934208434436,0.4538746855093313,3.6491583296284693,-0.6153476609067705
3.0833333333333335,-0.12466658389511072,-1.9629465127905696,0.4817993037556684,3.0572511578010935,-0.6153532774487716
3.091666666666667,-0.13984345956704172,-1.6821719312439556,0.504899947353701,2.490881953551364,-0.6153568095518944
3.1,-0.15274331126337914,-1.4159766368048823,0.5233748421641943,1.9464015484232102,-0.6153589004758035
3.1083333333333334,-0.16347521849481875,-1.1613535908514943,0.5373893202540762,1.4196878995364812,-0.6153600359145708
3.1166666666666667,-0.17212283386931132,-0.91523962446785,0.5470742401306614,0.906636680045459,-0.6153605774261138
3.125,-0.17874450912354545,-0.6746356617608855,0.5525269624395495,0.4033229196706249,-0.6153607882432376
3.1333333333333333,-0.18337397651917495,-0.4366314541937918,0.5538129309178558,-0.09399579894153676,-0.6153608517298447
3.1416666666666666,-0.1860210330100593,-0.19838849306513603,0.5509669541894093,-0.5889412443443408,-0.615360892369572
3.15,-0.18667200540166803,0.04289555871592129,0.5439938675557747,-1.085105410551804,-0.6153610400149596
3.158333333333333,-0.18528984205251883,0.2900368062221047,0.5328682504183185,-1.5861772058489647,-0.6153614735135036
3.1666666666666665,-0.18181382599028703,0.5459044613303212,0.5175331724649045,-2.096045292844244,-0.6153624370727295
3.175,-0.17615902318920754,0.8134421024362534,0.49789820170475574,-2.618868522650414,-0.6153642585518291
3.183333333333333,-0.16821572669928206,1.0956409270299168,0.47383710775104126,-3.1590680394566255,-0.6153673705218728
3.1916666666666664,-0.1578494999155653,1.3954099346595286,0.44518625085782276,-3.7211492593247137,-0.6153723392655089
3.2,-0.1449030921456889,1.715230691669982,0.4117457672073866,-4.309165636822367,-0.6153799021258765
3.2083333333333335,-0.1292028355980275,2.0563783229726478,0.37328790696554015,-4.92545574323702,-0.6153910090882361
3.216666666666667,-0.11057462824740631,2.417316918305354,0.32958111288774594,-5.567986541943624,-0.615406852207374
3.225,-0.08887872158110702,2.7906838971049464,0.28044547343630766,-6.225294260800042,-0.6154288370602128
3.2333333333333334,-0.06407735250465248,3.1584065633802836,0.2258635929762189,-6.868205315589094,-0.6154583940128823
3.2416666666666667,-0.036348177024173894,3.486051134987764,0.16616958954148836,-7.440127207377167,-0.6154964653520852
3.25,-0.006230538481646363,3.7220671164100354,0.10229560216799559,-7.85545162037393,-0.615542583237712
3.2583333333333333,0.02527844813804241,3.8122173029685675,0.035936418629475234,-8.023596292372282,-0.6155939591426216
3.2666666666666666,0.05682181836123908,3.7296523900234697,-0.03061160779421066,-7.899680323532482,-0.6156457142640573
3.275,0.08701216955260282,3.49445374588128,-0.09500231656626015,-7.5175323160091,-0.6156927945663493
3.283333333333333,0.11478389735751407,3.1588481871454266,-0.15542973482402342,-6.964639477802955,-0.6157320529436286
3.2916666666666665,0.1395311890642665,2.776387450583704,-0.21085584594843026,-6.330135552615267,-0.615762739306692
3.3,0.16103225617628414,2.384419724939077,-0.2608788672352005,-5.675510721753306,-0.6157856713477002
3.308333333333333,0.17930238047873795,2.0031788094046923,-0.3054843298773023,-5.033438499312436,-0.615802261827327
3.3166666666666664,0.19447280056731375,1.6412542016727194,-0.34484229453930393,-4.417232586472712,-0.6158139427491746
3.3249999999999997,0.20671647267043936,1.3007785948845019,-0.3791848843279224,-3.8296756870289266,-0.6158219415068311
3.3333333333333335,0.21620931172092192,0.9807332741960306,-0.4087439169145528,-3.268588117721185,-0.6158272391485073
3.341666666666667,0.22311218665139404,0.6787305328058973,-0.43372332917800677,-2.7297960411445317,-0.6158305970526192
3.35,0.2275635966231194,0.39188434730857447,-0.4542892666407515,-2.2085565731842918,-0.6158325994460901
3.3583333333333334,0.229677364522359,0.11719771828133796,-0.4705682854264567,-1.7001711528317711,-0.6158336924984809
3.3666666666666667,0.22954243572702226,-0.14829065798980462,-0.48264879204044825,-1.2001975888300236,-0.6158342149441148
3.375,0.2272233650640018,-0.40747322905875477,-0.4905833616189864,-0.704473180224504,-0.615834423556146
3.3833333333333333,0.22276083012958733,-0.6631942255256793,-0.49439083757340835,-0.20904992730275201,-0.6158345164475232
3.3916666666666666,0.2161718640424794,-0.9182913148055727,-0.4940577163117093,0.28990430264735195,-0.6158346439490877
3.4,0.20744974537419777,-1.1756333309131912,-0.4895387318659112,0.7961931043269357,-0.6158349385794395
3.408333333333333,0.19656360021858946,-1.4381529051716433,-0.48075673916779166,1.3136790343113485,-0.61583558596254
3.4166666666666665,0.18345781035714306,-1.708852335106247,-0.46760195668090454,1.8463317768494065,-0.6158368556764542
3.425,0.1680516359290399,-1.9907394588055256,-0.4499312725136768,2.3981546928072843,-0.6158391213209079
3.433333333333333,0.15023986802456502,-2.286629009183481,-0.4275689924413391,2.9728860042432323,-0.6158428875372903
3.4416666666666664,0.12989612925034347,-2.5986757397576774,-0.4003117476024176,3.573248399606728,-0.6158488230614655
3.4499999999999997,0.10688198772978189,-2.927392548225857,-0.3679429052318769,4.199327518881142,-0.6158577932342918
3.4583333333333335,0.08106775483578522,-3.2697467503367905,-0.33026643640837927,4.845384107718583,-0.6158708711018926
3.466666666666667,0.05237475996188465,-3.6158343386924887,-0.2871769246450901,5.494237604728478,-0.6158892752751262
3.475,0.020851832546354705,-3.944096721371936,-0.2387875426079453,6.109136556432664,-0.6159141329508804
3.4833333333333334,-0.013208410156308917,-4.217235261132397,-0.185625922567209,6.626755563703342,-0.6159459417084147
3.4916666666666667,-0.04914364340991864,-4.385478473652092,-0.12884707952833868,6.962655612388625,-0.6159837656451483
3.5,-0.08588321132764301,-4.404941912810411,-0.07029853047377732,7.042463764258752,-0.6160247126210969
3.5083333333333333,-0.12210993068960309,-4.264120942444671,-0.012244543165787936,6.846961477314429,-0.6160645859475804
3.5166666666666666,-0.15658610493294947,-3.9923265592654107,0.043188922368773155,6.426376215170004,-0.6160996397328217
3.525,-0.1884249057772367,-3.6397365622867217,0.09447527843022974,5.866274428692543,-0.6161279391772961
3.533333333333333,-0.21715222429432252,-3.251956540300794,0.14079079212655599,5.244219317550927,-0.6161493634192936
3.5416666666666665,-0.24261094944645376,-2.8589217320459004,0.18185023267500702,4.610997134514357,-0.6161648276948047
3.55,-0.2648303182320538,-2.4761628404542995,0.21768423236644224,3.9929111081599573,-0.6161755673622625
3.558333333333333,-0.28392640631860566,-2.1098275466863323,0.24847056322132288,3.4004027703743946,-0.6161827549151417
3.5666666666666664,-0.3000427901218156,-1.7609389272272404,0.27443413548365997,2.835313886806584,-0.6161873659242036
3.5749999999999997,-0.31331988749845,-1.4280372422283174,0.29579578136184087,2.295367279749978,-0.6161901653860877
3.5833333333333335,-0.32388083727860717,-1.1085981286061268,0.3127490152597517,1.7765570949371414,-0.6161917364065951
3.591666666666667,-0.3318258778187561,-0.7997252554580058,0.3254510655903311,1.2743055134624675,-0.6161925164973537
3.6,-0.33723070633044244,-0.498455473486558,0.33402051226479684,0.7839636939726893,-0.6161928291948654
3.6083333333333334,-0.34014647011902227,-0.20186813327532802,0.3385375633894613,0.3009829228175291,-0.6161929080183038
3.6166666666666667,-0.34060022458784434,0.09290033629050491,0.339045013462467,-0.1790728729504366,-0.6161929130545849
3.625,-0.3385953263848121,0.3886786118868701,0.3355490066828873,-0.6605719745301208,-0.6161929576145542
3.6333333333333333,-0.33411158050559636,0.6882986823788313,0.3280193290979221,-1.1478888567995236,-0.6161931840713033
3.6416666666666666,-0.32710502713668305,0.9946361079465097,0.31638897433011975,-1.6454880953486033,-0.6161938036887195
3.65,-0.31750754362187766,1.310609600732885,0.3005532833815677,-2.157935636722498,-0.6161951116894455
3.658333333333333,-0.3052267335928657,1.6391032845772344,0.2803694678651205,-2.6897802076098376,-0.6161975085430133
3.6666666666666665,-0.2901470509167381,1.9827293460721154,0.25565810810270995,-3.245166217797064,-0.6162015287582199
3.675,-0.2721340791004186,2.343272873844113,0.22620986554959402,-3.826909524735122,-0.6162078753837265
3.683333333333333,-0.2510456949344272,2.720533889486721,0.19180372745641477,-4.434549758969105,-0.6162174514535633
3.6916666666666664,-0.22675689603820437,3.1101200704161265,0.1522483230475653,-5.0606128502836185,-0.61623136214884
3.6999999999999997,-0.19920910496773866,3.499726253128975,0.10746480780278204,-5.684277341906515,-0.6162508254548917
3.7083333333333335,-0.16849633160251118,3.864213765854484,0.057632676106002624,-6.262948680428919,-0.6162768781523376
3.716666666666667,-0.1349880197902052,4.162628349482241,0.003398716711143134,-6.7270657240793446,-0.6163097644864772
3.725,-0.09944320447305298,4.344792754487546,-0.05392770542105123,-6.991189371224279,-0.6163481355156104
3.7333333333333334,-0.06300597226605228,4.373072830475686,-0.112380692076836,-6.991034207809197,-0.6163887396233236
3.7416666666666667,-0.026992723967301492,4.246449101436262,-0.16969873986420372,-6.724562234164931,-0.6164273896998774
3.75,0.007437304434315188,4.001148787086862,-0.2238853592463903,-6.25314331696016,-0.6164607373601506
3.7583333333333333,0.03950318112017355,3.687125169324844,-0.27358558256026677,-5.661523149769438,-0.6164873116746387
3.7666666666666666,0.06881523349717165,3.34584361918578,-0.31810828187012746,-5.020066849605372,-0.6165072700004343
3.775,0.09526437005544605,3.0030903815861874,-0.35723879789804214,-4.372630248452751,-0.6165216093804778
3.783333333333333,0.11889894314183863,2.671665937764011,-0.3910311962906655,-3.7412202410891546,-0.6165315409639411
3.7916666666666665,0.13983700877068359,2.356256995481042,-0.4196611181578738,-3.134295406987304,-0.6165381793337382
3.8,0.15821548888199394,2.057196909628047,-0.44334130333754374,-2.553130781430065,-0.6165424419953223
3.808333333333333,0.17416422475213325,1.7727257268526861,-0.4622791032824838,-1.9956136036276975,-0.6165450454972827
3.8166666666666664,0.1877941018017413,1.500191933358771,-0.47665751306885434,-1.4582377362846448,-0.6165465340321579
3.8249999999999997,0.19919237677131396,1.236640492757757,-0.4866280562512853,-0.9370584227160009,-0.6165473128354934
3.8333333333333335,0.20842139781095761,0.9790747878088406,-0.4923090825847786,-0.42809722123372695,-0.6165476768163217
3.841666666666667,0.21551873858845463,0.7245530886102932,-0.4937861497286228,0.07253055377783504,-0.6165478322469602
3.85,0.22049776348741035,0.4702065528865746,-0.4911128533134987,0.5686157496943383,-0.6165479194812118
3.8583333333333334,0.2233481825426192,0.21322084106668932,-0.4843114157493636,1.063913330761696,-0.6165480778657246
3.8666666666666667,0.22403632813628233,-0.0492076017015873,-0.47337252699658855,1.5622542046579864,-0.6165484912530608
3.875,0.22250508142854689,-0.3199084266017621,-0.458254300200854,2.0676393863984073,-0.6165493980095026
3.8833333333333333,0.21867356233893442,-0.601755413952191,-0.43888056846918855,2.5843012930704816,-0.6165511110263349
3.8916666666666666,0.212436817460362,-0.8976422087106064,-0.41513892525900514,3.116693155854707,-0.6165540423229164
3.9,0.203666076895302,-1.2103575037844416,-0.38687945876298474,3.6693122513437704,-0.6165587302273783
3.908333333333333,0.1922108108868171,-1.54225381174744,-0.3539162239852987,4.246179022399463,-0.6165658740790455
3.9166666666666665,0.17790506892794405,-1.8945055090416842,-0.3160356074988424,4.849626749659553,-0.6165763727948396
3.925,0.1605829057430617,-2.265593576455557,-0.2730196813078486,5.477783763905332,-0.6165913521071774
3.933333333333333,0.14011148011257163,-2.6484822517691566,-0.22469912544910298,6.1198257855046005,-0.6166121386365908
3.9416666666666664,0.1164547846370444,-3.026076974561376,-0.17105793713830922,6.748261693282195,-0.6166400883965031
3.9499999999999997,0.08977996857925061,-3.3659546251186687,-0.11241092003703171,7.3098638065226025,-0.6166761217445706
3.9583333333333335,0.0605949946518964,-3.6194330187473285,-0.04963614109938975,7.723781603898356,-0.6167198826593383
3.966666666666667,0.02984332718727995,-3.7343360424181915,0.015662375305909613,7.902780584540391,-0.6167688793675108
3.975,-0.00117667872783043,-3.682646473814961,0.08128614694773324,7.799840676355155,-0.6168186112583872
3.9833333333333334,-0.031112193007131975,-3.4802203673893297,0.1449449164096002,7.4415037398966035,-0.6168642532794215
3.9916666666666667,-0.05889536431622932,-3.1752582576777906,0.2048254919150884,6.908391299146172,-0.6169026349429572
4.0,-0.08389402486516395,-2.8196578174687836,0.2598418069047035,6.286878512785942,-0.6169328401638036
4.008333333333333,-0.10585499029436614,-2.451003721731723,0.3095361134588543,5.63895695597664,-0.6169555184672225
4.016666666666667,-0.12476761969153163,-2.090434480827277,0.35384823571782287,4.998966079919455,-0.6169719686694232
4.025,-0.14074489745610821,-1.747409521051447,0.39291672795350724,4.381849493652804,-0.616983559974157
4.033333333333333,-0.15394782757593856,-1.4246957340051845,0.4269542659419326,3.79163944670476,-0.6169914898050258
4.041666666666667,-0.16454469105229133,-1.1216857987003785,0.45618206041203563,3.227043172533318,-0.61699672698737
4.05,-0.17269144086611726,-0.8362437236903743,0.4807996719788739,2.684512560815987,-0.6170000292099991
4.058333333333334,-0.17852329910759715,-0.5656334660547457,0.5009733242277256,2.159761129132109,-0.6170019805577845
4.066666666666666,-0.1821517895341577,-0.30694855879307636,0.516832984154298,1.6484425565209435,-0.6170030280919693
4.075,-0.1836641692662484,-0.05728765508014236,0.5284731250860276,1.1464054421850536,-0.6170035112486715
4.083333333333333,-0.1831237438887345,0.18619376754461778,0.5359546516355763,0.6497428011557536,-0.6170036835524749
4.091666666666667,-0.1805703454608647,0.42628849518314516,0.5393067922269773,0.1547472669162333,-0.6170037313429501
4.1,-0.1760206429811833,0.6657689190328808,0.5385284174402367,-0.3421749183619035,-0.6170037902056882
4.108333333333333,-0.16946817437868836,0.9074190676624119,0.5335886400240507,-0.8445847810911068,-0.6170039819356952
4.116666666666666,-0.16088311406941555,1.1540672671792949,0.5244267141529979,-1.3561034568575585,-0.6170044820663548
4.125,-0.15021182692341484,1.4085978001723032,0.5109512303927468,-1.8804724079823678,-0.6170055439886952
4.133333333333333,-0.1373765272513585,1.6739092268268336,0.49303916852210095,-2.4215207668798575,-0.6170075160156326
4.141666666666667,-0.12227566105096241,1.9527705699738571,0.47053584860254083,-2.9829624539198,-0.6170108648962301
4.15,-0.1047862418248902,2.247473334769545,0.44325783676234937,-3.567851185085088,-0.6170162054759972
4.158333333333333,-0.08477055669642723,2.559088885397562,0.41100286741163833,-4.177370641267037,-0.6170243324049234
4.166666666666667,-0.06209178477057029,2.8860045729944432,0.373574455919125,-4.8084030717849275,-0.6170362396992674
4.175,-0.036646392580805084,3.2212812832688478,0.33083456367695835,-5.449089928636706,-0.6170530910182327
4.183333333333334,-0.008424698524688932,3.5485418298167555,0.2828038043401429,-6.071866912176608,-0.6170760620647222
4.191666666666666,0.0223908080407135,3.8374109214382335,0.2298258777383004,-6.625669371680995,-0.6171059355157404
4.2,0.055301425701323216,4.04305645501915,0.17277647384196163,-7.035016944772516,-0.6171423936583005
4.208333333333333,0.08940941046443188,4.117802370212809,0.11320350173990086,-7.219574825965691,-0.6171833162646619
4.216666666666667,0.12349142690768829,4.035584820391079,0.053202978481775666,-7.135599822069672,-0.6172248977943244
4.225,0.1562672618274267,3.8097631528531264,-0.005036159765682125,-6.806124628156303,-0.6172630390142622
4.233333333333333,0.18670913177889747,3.4838445787586267,-0.059755349036106076,-6.305069732767555,-0.6172950061817342
4.241666666666666,0.21418871420268765,3.106105399199151,-0.10987309108458763,-5.714074675860154,-0.617319979182678
4.25,0.23843491643170367,2.7124855439148825,-0.15491048295385523,-5.093577434261989,-0.6173385038043604
4.258333333333333,0.25941138343103165,2.323740981715082,-0.19478198766010643,-4.478190036028018,-0.6173517111744833
4.266666666666667,0.2772046458170616,1.9494402009663636,-0.22960583987930464,-3.883635210769314,-0.6173608057382182
4.275,0.2919507544822905,1.592564119041754,-0.2595806702182861,-3.3146178365158185,-0.617366843589456
4.283333333333333,0.3037947625286395,1.2526962779516577,-0.28491814864724274,-2.7702464546893455,-0.6173706771300962
4.291666666666667,0.31287079395616546,0.9278455297477923,-0.3058105106791009,-2.247110276066434,-0.6173729686062699
4.3,0.31929327709780775,0.6153811034970706,-0.3224168656381401,-1.7408445150984604,-0.617374223143378
4.308333333333334,0.32315368629112134,0.3124710660528578,-0.3348586777796297,-1.2468545749121438,-0.6173748215139483
4.316666666666666,0.32451973954823765,0.01626235414304036,-0.34321926214195037,-0.7606047005643092,-0.6173750464790199
4.325,0.32343549890202583,-0.27606695266467784,-0.34754468189003856,-0.2776919267516644,-0.6173751024839507
4.333333333333333,0.31992163145227215,-0.5673136452800864,-0.34784479703218496,0.2061782397914551,-0.6173751373237896
4.341666666666667,0.3139755060927954,-0.8602769776598914,-0.3440939432715718,0.6952451283048015,-0.6173752756181294
4.35,0.3055710577325472,-1.1577864890755434,-0.3362311618292456,1.1937515588170418,-0.6173756848223051
4.358333333333333,0.2946584707017654,-1.462709508114953,-0.32415997368723554,1.7059767919838043,-0.6173766095566912
4.366666666666666,0.2811640562047539,-1.7778897616941693,-0.30774833461984386,2.236148642566369,-0.6173783898061559
4.375,0.2649911293017733,-2.105953842199458,-0.2868301452634492,2.788132938367126,-0.6173814854561785
4.383333333333333,0.2460234644256043,-2.448857370731444,-0.2612109802186252,3.3646829587768647,-0.6173865064734393
4.391666666666667,0.22413437495986158,-2.8069393796533086,-0.2306831964116991,3.9658541107651564,-0.6173942425394012
4.4,0.19920696400282967,-3.1771136603286463,-0.19505985643994803,4.585948003986251,-0.6174056730615674
4.408333333333333,0.1711745953775647,-3.5497629116994656,-0.15424292056420752,5.2082365383874505,-0.6174219111192183
4.416666666666667,0.14009296454172834,-3.9043662633158585,-0.10834524783498117,5.797500189402361,-0.6174439920674863
4.425,0.1062480410368428,-4.2058898462324485,-0.05787398795803411,6.293824276351791,-0.617472398216838
4.433333333333334,0.07027162006181749,-4.407882679583067,-0.003927488919900167,6.617806289362049,-0.6175063518224179
4.441666666666666,0.03317755326133401,-4.468992132597032,0.0517426364441303,6.6987057776308125,-0.6175433410807862
4.45,-0.003782125428892818,-4.376876063344341,0.10697690112413429,6.515307065179198,-0.617579643953341
4.458333333333333,-0.03941279998980473,-4.15674123906327,0.1597128230888734,6.110547615868996,-0.617611834257809
4.466666666666667,-0.07283339933533481,-3.8544687874700645,0.20842262643598342,5.562711762957414,-0.6176380280641645
4.475,-0.1035475300424435,-3.5133775508403065,0.2522351625245823,4.945783664350719,-0.6176579794616445
4.483333333333333,-0.13136513060550004,-3.1629802003271754,0.29080305224600594,4.310321468250713,-0.6176724381741033
4.491666666666666,-0.15628324894625806,-2.819256977322974,0.3241006068346754,3.683979218264573,-0.6176825029179638
4.5,-0.17839056234642678,-2.488979021682551,0.35226252897840155,3.078891666171903,-0.617689250820112
4.508333333333333,-0.19780808472182942,-2.173684085775473,0.37548425523923246,2.498428701095639,-0.6176935940715402
4.516666666666667,-0.21465726806719646,-1.872261221939431,0.3939687220356827,1.9415616138690233,-0.6176962543548197
4.525,-0.22904457656966912,-1.582393887802457,0.4079008638984356,1.4052809146923622,-0.6176977825248845
4.533333333333333,-0.2410548667879003,-1.3012953298105079,0.41743678379573895,0.8858111311115208,-0.6176985891297999
4.541666666666667,-0.25074909679804974,-1.0260529395383597,0.42269999866371044,0.37916357266478723,-0.61769897259938
4.55,-0.2581639607660682,-0.7537686986626756,0.4237806989255071,-0.11865449922857135,-0.6176991413031224
4.558333333333334,-0.2633122267469986,-0.48160088905979426,0.42073597828934356,-0.6115920876774088,-0.6176992393421931
4.566666666666666,-0.2661832078839725,-0.2067571348936615,0.41359012224726344,-1.1035875193152456,-0.6176994141719025
4.575,-0.2667430293061352,0.07354104462453082,0.40233432213844256,-1.5986592087403872,-0.6176998560971521
4.583333333333333,-0.26493462166859133,0.3620846333186466,0.38692569728690346,-2.100974784534585,-0.6177008083554475
4.591666666666667,-0.2606775883905607,0.6616781959170469,0.3672859036709687,-2.614876491250255,-0.6177025899564007
4.6,-0.253868268362392,0.9750830308640961,0.3432998820143,-3.1448080338812794,-0.6177056213517527
4.608333333333333,-0.24438075454307437,1.3048290690664832,0.31481601754395944,-3.695022894378163,-0.6177104517090296
4.616666666666666,-0.23207044630669735,1.6527657421382684,0.2816503500591363,-4.268854585361868,-0.6177177920546852
4.625,-0.21678321461286104,2.0191121372228293,0.24360001892195177,-4.86714153865424,-0.6177285476998114
4.633333333333333,-0.1983758799243136,2.4006132128052644,0.2004756005879676,-5.485132677581666,-0.6177438286795313
4.641666666666667,-0.17675748320739726,2.7873214503468167,0.15216851999242795,-6.107037038415451,-0.6177648859062714
4.65,-0.15196364454742517,3.157970588251078,0.09877476070310437,-6.698116695144035,-0.6177928711292251
4.658333333333333,-0.12426949919952543,3.4759945933108236,0.04078499462075779,-7.197750201524138,-0.6178282935901993
4.666666666666667,-0.09431266598741778,3.6925238439673644,-0.020706181156527247,-7.524207335244269,-0.6178702040197442
4.675,-0.06313390118484496,3.763827994391631,-0.0839279879340129,-7.60394239648106,-0.6179156406601479
4.683333333333334,-0.032025573346231205,3.6769857889160273,-0.14668543092268796,-7.415023164032803,-0.6179602367835066
4.691666666666666,-0.0022171948389575753,3.4589825593742476,-0.2068874318277806,-7.002602037171914,-0.6179999778494113
4.7,0.0253951597315012,3.1583717421678332,-0.26300116716152644,-6.4479263728535505,-0.6180326467850115
4.708333333333333,0.05032037282015341,2.8205118628213244,-0.31417021997637506,-5.826577993189735,-0.6180579224784564
4.716666666666667,0.07238657245191783,2.4760055346557013,-0.36006846814646587,-5.189180101264619,-0.6180766318613217
4.725,0.09161527027416189,2.1413175710183743,-0.40068825786578094,-4.5626805408156805,-0.6180900089052876
4.733333333333333,0.10812236826721278,1.8234398836038785,-0.43617551420593825,-3.9583578541532325,-0.6180992741051069
4.741666666666666,0.12205750539904489,1.5240431994168442,-0.4667302043344505,-3.378857166283197,-0.6181054723223033
4.75,0.13357174731059712,1.2421260995523198,-0.49255461120678296,-2.8226339340128592,-0.6181094430306028
4.758333333333333,0.14280205001341645,0.9754740311274699,-0.5138295916435831,-2.286369635869614,-0.6181118411924261
4.766666666666667,0.14986458399115005,0.7213952447014544,-0.5307053824389597,-1.7661648028039132,-0.6181131703970215
4.775,0.15485237738982263,0.4770634106461649,-0.5432992998112246,-1.258071605981294,-0.6181138136996976
4.783333333333333,0.15783487637878202,0.23965808927638688,-0.5516963111712222,-0.7582892923741388,-0.6181140580182481
4.791666666666667,0.15885820938394365,0.006405131286797356,-0.5559504613929457,-0.2631937829659647,-0.6181141118037748
4.8,0.15794556567037724,-0.22542982910955017,-0.5560861788887698,0.2307100143204894,-0.6181141174134295
4.808333333333334,0.15509744299025582,-0.4585621907291874,-0.5520990739134695,0.7268541368479835,-0.6181141820393161
4.816666666666666,0.1502916858112212,-0.6957195616963413,-0.5439561311238374,1.2286945175941235,-0.618114450476119
4.825,0.14348325533145068,-0.9396684382710263,-0.53159511512465,1.7397979306655915,-0.6181151355905402
4.833333333333333,0.13460390164299768,-1.1932083649733254,-0.514923484327866,2.263869604961588,-0.6181165312011586
4.841666666666667,0.1235621021564199,-1.4591068775316398,-0.49381743696160674,2.8046824817365836,-0.618119030415936
4.85,0.11024398659592488,-1.7399138652885267,-0.4681222854864834,3.365805791980358,-0.6181231502915919
4.858333333333333,0.09451669227719045,-2.037537727978785,-0.43765656987028,3.9499348888694614,-0.6181295617277399
4.866666666666666,0.07623694380320818,-2.352369074540794,-0.4022246024985189,4.557459111587356,-0.6181391185549423
4.875,0.05526999100675623,-2.6816005685260045,-0.361646120220474,5.183667264961912,-0.6181528672590038
4.883333333333333,0.03152744679640511,-3.016302808929054,-0.3158175763895847,5.813828743409726,-0.618171992012805
4.891666666666667,0.005035345830843174,-3.3371621040164157,-0.26482452294128905,6.415956450938377,-0.618197606213596
4.9,-0.023961287127496306,-3.610515870488517,-0.2091163509976927,6.933978849569267,-0.6182302747754693
4.908333333333333,-0.054879455967123125,-3.7901227374979634,-0.14970681256771515,7.290530307003908,-0.6182692715199986
4.916666666666667,-0.08674476436391805,-3.8319877483003997,-0.08826531147601997,7.411861586903546,-0.6183120043818584
4.925,-0.11831126074759929,-3.718800362595525,-0.026915931821485113,7.269141809739501,-0.6183544346267302
4.933333333333334,-0.14835120153026596,-3.471975718632041,0.03225078033568268,6.898783564702364,-0.6183926419752743
4.941666666666666,-0.17593329429862492,-3.137164216879296,0.08764568893627066,6.3777817950709705,-0.6184242937478541
4.95,-0.20052074254213376,-2.759898494526123,0.1383431409029523,5.7824779164711835,-0.6184488990682772
4.958333333333333,-0.22190410648859177,-2.3722442642946864,0.18396426671993396,5.166165793819948,-0.6184671573073652
4.966666666666667,-0.2400798472197984,-1.9920740612596872,0.2244703850171328,4.558117504760031,-0.6184802273331091
4.975,-0.25514872618230944,-1.627338620030967,0.25999181684171546,3.9709787852911855,-0.6184892873033304
4.983333333333333,-0.26725151009691606,-1.2802777778257504,0.2907207767062637,3.407960004508019,-0.618495355666214
4.991666666666666,-0.27653402009943023,-0.9502140759208879,0.3168541804714605,2.867568161989928,-0.6184992527785839
5.0,-0.28313004342882364,-0.6351211651225355,0.3385665989814807,2.3462412888174415,-0.6185016184329792
5.008333333333333,-0.28715381424726255,-0.3324220205786237,0.3559992096021652,1.8396739478633946,-0.6185029440160892
5.016666666666667,-0.2886971841356879,-0.03936088347397598,0.3692564764262508,1.3434226746945694,-0.6185036031379525
5.025,-0.2878288680420801,0.24684539833833374,0.3784061533455543,0.8531404725556576,-0.6185038763311299
5.033333333333333,-0.28459444911668597,0.5289636460575374,0.38348039540844164,0.36463019525029206,-0.6185039759820721
5.041666666666667,-0.27901649758916197,0.809754003058438,0.38447690319681116,-0.12618945459885916,-0.6185040670395114
5.05,-0.2710945325604943,1.091991205589805,0.3813596651740342,-0.623334172360905,-0.6185042844624927
5.058333333333334,-0.2608048445895923,1.3784770900582135,0.3740593552844058,-1.130790978501887,-0.6185047970411485
5.066666666666666,-0.2481002800822648,1.6720293372351402,0.362473473303,-1.6525268306303447,-0.6185058521189043
5.075,-0.23291041934380527,1.975389026596839,0.3464669383633887,-2.1923555116935227,-0.6185077947881799
5.083333333333333,-0.2151430919759308,2.290975701167675,0.325874751267768,-2.7535468997086094,-0.6185110918031389
5.091666666666667,-0.19468902162929358,2.6203505262088918,0.3005097525975998,-3.3379423714686043,-0.6185163594561466
5.1,-0.17143296213361817,2.9631440928468287,0.27018117709595507,-3.9441609487417097,-0.6185243873121561
5.108333333333333,-0.14527723328164,3.3150844872824416,0.2347340587292191,-4.564271775043772,-0.6185361352934663
5.116666666666666,-0.11618673989713979,3.6647787302217987,0.19412500340488145,-5.178332429836628,-0.6185526533211512
5.125,-0.08426539616835792,3.9895742300848904,0.14855138079691185,-5.747334370339107,-0.6185748349292048
5.133333333333333,-0.0498631098674695,4.2530909562355745,0.09863274918222675,-6.208963404604469,-0.618602920253151
5.141666666666667,-0.013676004135538678,4.410532533432726,0.045581070938678574,-6.486619855698856,-0.6186358467401241
5.15,0.02324986344312219,4.4265541561660315,-0.008793542727830768,-6.519912263457049,-0.6186709618116506
5.158333333333333,0.05969044310753424,4.296408295053958,-0.06237711217911453,-6.300791451044951,-0.6187047291146154
5.166666666666667,0.09453015790350858,4.049234338964644,-0.1132417494312457,-5.879157597684715,-0.6187341626108149
5.175,0.1269771319047337,3.7296358088721298,-0.16001365403119902,-5.331346945187388,-0.6187577975697552
5.183333333333334,0.15660098446622495,3.3772322545237596,-0.2019378176990994,-4.725209009020399,-0.618775611460619
5.191666666666666,0.18324707157614867,3.0181951575160797,-0.23873198797134568,-4.105707302746213,-0.618788397307847
5.2,0.20692513673685575,2.6664136442710316,-0.27039739731128487,-3.496956812216492,-0.6187972030126985
5.208333333333333,0.2277237622369264,2.3276109182968363,-0.29707377530868717,-2.9092598352987045,-0.6188030263835027
5.216666666666667,0.24575801081884796,2.0029037160854624,-0.31895095373817395,-2.345160879059178,-0.6188067031313771
5.225,0.26114136798484866,1.6910792382837108,-0.33622171684413443,-1.8033004772770709,-0.6188088915148375
5.233333333333333,0.2739721638949521,1.3898618047803581,-0.34905908727243734,-1.2805440214637291,-0.6188100930047139
5.241666666666666,0.28432772238618526,1.0965579010735456,-0.3576065387198221,-0.7730532693938897,-0.6188106807136451
5.25,0.2922623028976182,0.8083570934263637,-0.3619744548287792,-0.27677475715170013,-0.6188109248984595
5.258333333333333,0.2978067162680524,0.522452935527824,-0.36223925097909554,0.21237523595942018,-0.6188110126548477
5.266666666666667,0.30096854336564965,0.2360787893465555,-0.3584433743242976,0.6984632274400572,-0.6188110782958166
5.275,0.30173245709431634,-0.05350131293297419,-0.3505953743640447,1.185570268297014,-0.6188112707991006
5.283333333333333,0.3000603646301417,-0.34901798610602525,-0.3386694903900947,1.6778576661846485,-0.6188117836748636
5.291666666666667,0.2958914135496186,-0.6532015327082621,-0.32260484394093997,2.1795925566460785,-0.6188128756857224
5.3,0.28914210524200074,-0.9687440425153117,-0.3023046820966009,2.6950988823110245,-0.6188148938208107
5.308333333333334,0.27970710267633214,-1.2981581745008928,-0.2776366610513588,3.2285358930068444,-0.6188182957035985
5.316666666666666,0.26746197347290296,-1.6434313322285432,-0.24843625002384737,3.7833324460226976,-0.6188236775606233
5.325,0.25227027458393503,-2.005289084804833,-0.21451731513579222,4.360960641696338,-0.6188318038056039
5.333333333333333,0.23399943485124847,-2.3817569837340145,-0.1756974394020074,4.95851683138623,-0.6188436240434021
5.341666666666667,0.21255298330339428,-2.7656065173626128,-0.13185085275064992,5.564393264621389,-0.6188602414360457
5.35,0.18792966027990557,-3.140481716140082,-0.08300709356843355,6.15166617952625,-0.618882758265369
5.358333333333333,0.16031733988342264,-3.476811732154878,-0.02950939053744906,6.671037517413713,-0.618911890394375
5.366666666666666,0.13020823597051576,-3.7318611920051357,0.027789426209117816,7.050709382160412,-0.6189473106483182
5.375,0.09847140491305795,-3.8609874738588426,0.08740164116585367,7.215282140598654,-0.6189870153526423
5.383333333333333,0.06627893303730284,-3.8400707040614193,0.14732651226304852,7.1237635595142805,-0.6190274446846518
5.391666666666667,0.034855811636520996,-3.6813391308512355,0.20547152910000607,6.796504422180793,-0.6190647434319421
5.4,0.005194936432985598,-3.424937742142698,0.2601335708868436,6.300968083260643,-0.6190962705065861
5.408333333333333,-0.022081944167859704,-3.1160852308520126,0.3102330524161875,5.713065157235682,-0.6191211393563026
5.416666666666667,-0.046691169460388565,-2.789231894328274,0.3552571925457826,5.090455233934489,-0.6191397656708024
5.425,-0.06857716516094871,-2.464912459692292,0.3950743671716793,4.467396981013317,-0.6191531654389748
5.433333333333334,-0.08780824308941614,-2.1530549412985103,0.4297595699491645,3.86046794223061,-0.6191624688093934
5.441666666666666,-0.10450596364626734,-1.8571247272152782,0.459477308095955,3.275612495052685,-0.6191686938625698
5.45,-0.11880471070134677,-1.577121357133575,0.48441566068607794,2.7131928287707794,-0.6191726788072085
5.458333333333333,-0.13083092727970444,-1.311353798468466,0.5047533252660216,2.1709499023463934,-0.6191750846281885
5.466666666666667,-0.14069341275166952,-1.0573880200795256,0.5206449949857183,1.645558931012414,-0.6191764207407713
5.475,-0.14847932624969876,-0.81251620305108,0.5322159984416002,1.133377535638324,-0.6191770733501083
5.483333333333333,-0.1542529165213909,-0.5739694231279064,0.5395611862211155,0.6307634295750024,-0.6191773294802837
5.491666666666666,-0.15805541254825464,-0.33899845223905334,0.542745443543672,0.13417206062710016,-0.6191773950863788
5.5,-0.15990528335532128,-0.10488988180947642,0.5418045128763604,-0.3598521903101155,-0.6191774087556453
5.508333333333333,-0.15979851195294567,0.13104227626793571,0.536745571028824,-0.8547189768312036,-0.619177482213419
5.516666666666667,-0.15770872425364968,0.3714828651341322,0.5275472909246107,-1.3538758039857828,-0.6191777671193669
5.525,-0.15358709221747663,0.619138170730802,0.5141591751344399,-1.860885493224975,-0.6191784798499007
5.533333333333333,-0.14736214338855533,0.8767326639809331,0.49650042901785363,-2.37945605103,-0.6191799150599604
5.541666666666667,-0.1389397962841761,1.1469516395014692,0.4744589111904725,-2.913381481228085,-0.6191824629531866
5.55,-0.12820427849549934,1.4322739979799248,0.4478912492673823,-3.4662999860758283,-0.6191866327252602
5.558333333333334,-0.11502124419059506,1.734587669475652,0.4166263162986639,-4.0410888335743085,-0.6191930813206529
5.566666666666666,-0.09924564161746047,2.05439180074239,0.3804763460039386,-4.638564135207357,-0.6192026422239176
5.575,-0.08073902845840301,2.3892614948319033,0.3392636181098004,-5.254931675986917,-0.6192163378091681
5.583333333333333,-0.05940422485444676,2.7311534464221294,0.2928761323944137,-5.877258533973796,-0.6192353345472362
5.591666666666667,-0.03524809409439255,3.062389145033166,0.2413708131988052,-6.476653225155455,-0.619260759665917
5.6,-0.00847976938987956,3.3516087755615818,0.18513728158264967,-7.001293272293196,-0.6192932663820766
5.608333333333333,0.020372297192751892,3.5544450739747697,0.12509503448485398,-7.37732276948536,-0.6193323252277629
5.616666666666666,0.05039449016561867,3.6261452459480013,0.0628061975355689,-7.529946207284222,-0.6193755979212089
5.625,0.08037953245885172,3.544961618103435,0.00032379691479168934,-7.42286188352386,-0.6194191838416462
5.633333333333333,0.10909406125111164,3.3268059253538778,-0.06025713637093447,-7.082998375798362,-0.6194590484824121
5.641666666666667,0.13556446742970635,3.01444385851245,-0.1172788479857737,-6.582168174912614,-0.6194925720894567
5.65,0.15920177568928875,2.6537386070304447,-0.1697276363009801,-5.996926885115656,-0.6195189915789455
5.658333333333333,0.17975462946385315,2.278565885762525,-0.21715109640318395,-5.383299555318246,-0.6195388468804872
5.666666666666667,0.1971933391286293,1.908613848580899,-0.25946111672490463,-4.7733491646744906,-0.6195532405800003
5.675,0.21160564551520933,1.5531438798568797,-0.2967587415355265,-4.181726857716169,-0.6195633544080982
5.683333333333334,0.22312809032730385,1.2152175501768994,-0.3292203262631316,-3.6128937959251566,-0.6195702361165786
5.691666666666666,0.2319075956389201,0.8946392185814095,-0.35703506239936955,-3.066100079849866,-0.6195747426067113
5.7,0.2380821221557866,0.5896564377644804,-0.3803746453243561,-2.5382338150083408,-0.6195775493982154
5.708333333333333,0.24177181478358414,0.2978466940031838,-0.3993804177096336,-2.0252871684222837,-0.6195791800291819
5.716666666666667,0.2430754228743646,0.016543475074132785,-0.41415915640542467,-1.5230446982496288,-0.6195800362512012
5.725,0.24206914907407368,-0.2569798667053806,-0.42478271016365443,-1.027364853355714,-0.6195804233127292
5.733333333333333,0.23880647000180705,-0.5254467902010918,-0.4312890420308033,-0.5342592573148063,-0.6195805753831206
5.741666666666666,0.2333182005931761,-0.791574822768539,-0.4336834656300882,-0.03987267993580563,-0.6195806750419026
5.75,0.2256124780380555,-1.0580914729400799,-0.4319395431910631,0.45956739895145965,-0.619580863336749
5.758333333333333,0.21567464059404426,-1.3277415472937888,-0.42599963309424566,0.9677824238318529,-0.6195812886423859
5.766666666666667,0.20346709025737234,-1.6032804122056992,-0.4157751969768829,1.4884644325706773,-0.6195821684539708
5.775,0.18892943268658163,-1.8874040875175397,-0.4011472945204336,2.0251894269777506,-0.6195838105155247
5.783333333333333,0.17197966440248183,-2.1825555207051046,-0.38196859628182833,2.581120081531119,-0.6195866334827598
5.791666666666667,0.15251784211996144,-2.490498152211956,-0.35806933757448817,3.158315626712036,-0.619591191775453
5.8,0.13043491666644594,-2.8114614406971277,-0.32927175190405933,3.756316231413755,-0.6195981989096035
5.808333333333334,0.10563149338947105,-3.1425537378683277,-0.2954210717432845,4.3694808704865835,-0.6196085329482984
5.816666666666666,0.07805411165161368,-3.4750967235210126,-0.25644604290594986,4.982482440002982,-0.6196231858940533
5.825,0.047758456528599925,-3.7909112247073384,-0.2124650907344612,5.563996291354324,-0.6196430856278372
5.833333333333333,0.015003320993956567,-4.059139262078867,-0.16394488229284304,6.061266320515803,-0.6196687036496885
5.841666666666667,-0.01964629523779929,-4.238278058501068,-0.11187475435767105,6.4035233992371685,-0.6196994648334755
5.85,-0.055276267391124,-4.2892160672029895,-0.05783893959445666,6.524173821911834,-0.6197333038441052
5.858333333333333,-0.09072938558768393,-4.196003832374234,-0.003834949501522665,6.396217448524387,-0.6197669925989006
5.866666666666666,-0.12485644067133715,-3.976410100165271,0.04815533138220956,6.05022149878174,-0.6197973530723633
5.875,-0.1567628718320436,-3.6704109866658596,0.09658644947629348,5.55459713395436,-0.6198224328862916
5.883333333333333,-0.18590602867793712,-3.319379412334246,0.14051471274741523,4.980052510217284,-0.6198417656862522
5.891666666666667,-0.21204607862594413,-2.953585135524206,0.1795138836224284,4.378319054709722,-0.619855891654524
5.9,-0.23514112670102555,-2.590604568204612,0.21349631093648966,3.779519736200581,-0.6198657678847039
5.908333333333333,-0.25525401778870327,-2.2386727133316735,0.24255454846714083,3.1979342631312497,-0.619872390526487
5.916666666666667,-0.27249057361341456,-1.9004102642676561,0.2668568091348066,2.6383628682228206,-0.619876629939564
5.925,-0.28696459665208646,-1.5754492315986763,0.2865880189582379,2.1005880880183674,-0.6198791884494249
5.933333333333334,-0.29878002407133214,-1.2619756580633985,0.3019199462141089,1.5819822687566985,-0.6198806102254903
5.941666666666666,-0.30802267188709703,-0.9575485083924078,0.3129974895183294,1.078881215032334,-0.6198813066374966
5.95,-0.31475688812609154,-0.6595000836886636,0.3199331593512274,0.5872472851568904,-0.619881581805438
5.958333333333333,-0.31902450425579254,-0.365111302273538,0.3228053280401161,0.10295176326315708,-0.6198816532291245
5.966666666666667,-0.3208447136032843,-0.07167285232903914,0.32165793535682735,-0.37813392004132595,-0.6198816679865532
5.975,-0.3202142289787806,0.22350156672130797,0.31650059304987177,-0.8601217021509782,-0.6198817454344165
5.983333333333333,-0.31710743238688166,0.5230878039166049,0.3073085905214766,-1.3471451473114906,-0.619882043388957
5.991666666666666,-0.3114764254582719,0.829755166612224,0.2940225853740352,-1.8433804008402659,-0.6198827872883028
6.0,-0.30325121948630723,1.1461224311935059,0.27654843247194866,-2.3529830174850437,-0.619884286001651
6.008333333333333,-0.2923406603218415,1.4746141677233684,0.2547581552717532,-2.8798576798368436,-0.6198869514224045
6.016666666666667,-0.27863527646086383,1.8171215390694495,0.22849406068020128,-3.427097862934032,-0.6198913233225632
6.025,-0.2620143325149158,2.1742952176191155,0.19757985812864706,-3.9958020332245336,-0.6198980953679444
6.033333333333333,-0.24236124193543396,2.5441898336022364,0.1618458396258883,-4.582785904708306,-0.6199081294457777
6.041666666666667,-0.21959423970055295,2.919898230356964,0.12117990125070222,-5.176565592517081,-0.6199224264673407
6.05,-0.1937217320917383,3.286023193465129,0.07562059178616884,-5.7513320619165915,-0.61994198946183
6.058333333333334,-0.16492911593014306,3.615007203045883,0.02550411541886043,-6.26062626346505,-0.6199674868306091
6.066666666666666,-0.13368468174830364,3.86715915707064,-0.028355254823212883,-6.637243251895495,-0.6199986818169945
6.075,-0.10080799709165418,4.000570241097345,-0.08454737748197995,-6.809969181730179,-0.6200338720673462
6.083333333333333,-0.06740849088110089,3.9911945801656326,-0.14116858873408858,-6.737726506486628,-0.6200699535618598
6.091666666666667,-0.034662439992003344,3.848016450154031,-0.19619932192544912,-6.435462517659363,-0.62010347161769
6.1,-0.0035472396215174354,3.6069783858131834,-0.24795511837351325,-5.963893179972441,-0.6201319594823159
6.108333333333333,0.02530118250375271,3.3106249256544813,-0.2953286646203043,-5.394936914505026,-0.6201544965558751
6.116666666666666,0.05157096531455919,2.992621675498708,-0.33776039229303617,-4.785492613900483,-0.6201713727429667
6.125,0.07517679042411997,2.6737608058666824,-0.37507381484984414,-4.170766765453539,-0.6201834728638015
6.133333333333333,0.0961609562421813,2.364519362183598,-0.4073092888437314,-3.5686909022759568,-0.6201918214698693
6.141666666666667,0.11462349979532352,2.0688617472018414,-0.43460745373623433,-2.986391319918358,-0.6201973580859744
6.15,0.1306808842593582,1.787150405699663,-0.45714109942404885,-2.425104382563294,-0.6202008625780747
6.158333333333333,0.14444411757847153,1.5179331084753818,-0.4750797213026102,-1.8831680052288926,-0.6202029510292328
6.166666666666667,0.15600815582826422,1.2589248373404323,-0.48857285863570976,-1.3576428800169495,-0.620204096512891
6.175,0.1654472932507236,1.007508061879069,-0.49774322355033357,-0.8451184263107009,-0.6202046542608725
6.183333333333334,0.17281350267353737,0.7609679970771002,-0.5026844917278083,-0.34207223124927205,-0.6202048836436852
6.191666666666666,0.17813609234142483,0.5165885962351175,-0.5034610078561821,0.15500392254069265,-0.6202049649608876
6.2,0.181421846513014,0.27168232048658214,-0.5001080264743648,0.6495838771967838,-0.6202050237768102
6.208333333333333,0.18265526932531947,0.023585829640129084,-0.4926318921132238,1.1451450785287418,-0.6202051985576928
6.216666666666667,0.18179868932439072,-0.2303624496120354,-0.4810096757560939,1.6452464307884047,-0.6202056763786928
6.225,0.17879223309104883,-0.4928287261117333,-0.4651882814360881,2.1535734870341314,-0.6202067068560732
6.233333333333333,0.17355385382995286,-0.7664601151350652,-0.44508336761997647,2.6739311673315536,-0.6202086218906263
6.241666666666666,0.16597982135232342,-1.0537881276784586,-0.420578768175029,3.2101156624334637,-0.620211855514315
6.25,0.15594656158507614,-1.3569850160751458,-0.3915278883248918,3.7655410265053644,-0.6202169688135925
6.258333333333333,0.14331558345552964,-1.6773363479978,-0.3577599841368014,4.342389555627095,-0.6202246783711788
6.266666666666667,0.12794477021243053,-2.014190617052594,-0.31909684362805557,4.939879018567055,-0.6202358792843808
6.275,0.10971182492623523,-2.363024396385462,-0.275389684806609,5.551025264388638,-0.6202516383824254
6.283333333333333,0.08855885204656999,-2.7122660194882258,-0.22659162668488247,6.157271077824855,-0.6202731031491534
6.291666666666667,0.06456812813116754,-3.039152496608609,-0.17288319419296153,6.72140137394946,-0.6203012314171071
6.3,0.038069055808254475,-3.3070939667756756,-0.11485169622244659,7.18288774585571,-0.6203362494583399
6.308333333333334,0.009740734814104531,-3.470594001838786,-0.053665278053875914,7.465922733619629,-0.6203769376562334
6.316666666666666,-0.01937883277518806,-3.4928656299097685,0.008908647214466218,7.508980270119837,-0.6204202926197547
6.325,-0.048060169586080385,-3.3675399687273573,0.07078239517246954,7.301449698828394,-0.6204622716057536
6.333333333333333,-0.07517191829164768,-3.1230476556497107,0.13003329288424048,6.89102588166579,-0.6204993790354393
6.341666666666667,-0.09990595326740548,-2.8045472637363282,0.1852798171995137,6.353160605323754,-0.6205297962413238
6.35,-0.12182362638305493,-2.452889402327686,0.23575594717029208,5.7556586623383845,-0.6205533500967291
6.358333333333333,-0.14077271283443477,-2.0955009863764507,0.2811688969162831,5.143557066259894,-0.6205708364130766
6.366666666666666,-0.15677487278202226,-1.7472780952806242,0.32150936770589145,4.54088638702353,-0.6205833878242085
6.375,-0.16993786961631893,-1.4146884809038818,0.35690525368953424,3.957735907512472,-0.6205921181710283
6.383333333333333,-0.18040127273523388,-1.0993937444656419,0.3875325865676684,3.3964071454915543,-0.6205979842576357
6.391666666666667,-0.1883069965115644,-0.8005859271246132,0.4135684752190357,2.855343176216202,-0.6206017598089086
6.4,-0.19378473791872516,-0.5162949690406309,0.43516897008101313,2.331300697210259,-0.6206040531652837
6.408333333333333,-0.1969454147114595,-0.24405967066808099,0.4524601192945479,1.8204439825517396,-0.6206053359733815
6.416666666666667,-0.19787857266360315,0.0187541061780053,0.46553540904918606,1.318845300247741,-0.6206059700700575
6.425,-0.19665159223882447,0.2748189660611143,0.47445594639185595,0.8226775887412222,-0.6206062295068222
6.433333333333334,-0.1933095925190793,0.5268027474332182,0.47925153872976806,0.3282546892692438,-0.6206063226688264
6.441666666666666,-0.18787548150347627,0.7773702415310184,0.4799217599023228,-0.1680015816461045,-0.6206064072964291
6.45,-0.18034993776988675,1.0291923322779455,0.47643666197380696,-0.6696028896302886,-0.6206066097208213
6.458333333333333,-0.1707113475455325,1.2849485637199414,0.46873720117462014,-1.1800275776449451,-0.6206070921295237
6.466666666666667,-0.1589157788349498,1.5473076835479505,0.4567354273503481,-1.7027271493944658,-0.6206080922389221
6.475,-0.14489739037568497,1.8188352885812369,0.44031510146914554,-2.2410048769556252,-0.6206099394631315
6.483333333333333,-0.12857010413180153,2.1017690532748814,0.419334157661824,-2.797671445651053,-0.620613075150519
6.491666666666666,-0.1098320812719488,2.397545260828893,0.39363160299755046,-3.374281105504633,-0.6206180758120318
6.5,-0.08857583797822899,2.7058770478576935,0.3630436503623699,-3.9696084757550034,-0.6206256724297313
6.508333333333333,-0.06470891506115263,3.02308749508247,0.32743742761282646,-4.576857604812347,-0.6206367473900885
6.516666666666667,-0.03819263279671923,3.339403009839033,0.28677511166291875,-5.179092259438854,-0.6206522682328064
6.5249999999999995,-0.009107469230147915,3.63539236056779,0.24122316920997064,-5.743183940460414,-0.6206730868231038
6.533333333333333,0.022253859698500782,3.8794170397128918,0.1913088662751013,-6.215432399723478,-0.6206995293070083
6.541666666666667,0.05529194651896931,4.030857406635682,0.13807964662420585,-6.526974328427916,-0.6207308280919447
6.55,0.08907592476606953,4.053960042883768,0.08314459080804901,-6.617279447416066,-0.6207647738408503
6.558333333333334,0.1224664114405282,3.937272595546162,0.028464902202657374,-6.467193624247688,-0.6207981579750997
6.566666666666666,0.1543637012839961,3.701210479684821,-0.024068425419071865,-6.111751784978651,-0.6208279825976337
6.575,0.18393152537037372,3.385269502238906,-0.07301456361080719,-5.61830276132032,-0.6208525031450755
6.583333333333333,0.2106729508668084,3.028630928240007,-0.11751044847944135,-5.053463081867112,-0.6208713785293251
6.591666666666667,0.23437498524659037,2.659440323078987,-0.15717514856188328,-4.4649546924271215,-0.6208851821605927
6.6,0.25500794413730743,2.2939183365818674,-0.1919381643186517,-3.880210347796326,-0.6208948529696053
6.608333333333333,0.27263865998838266,1.939641275311238,-0.22189212627923377,-3.3120337806984166,-0.6209013534642704
6.616666666666666,0.2873734255842445,1.5990015380640092,-0.24719651786250105,-2.7645149664941058,-0.6209055227659742
6.625,0.29932563152680275,1.2716197232894226,-0.26802349859366725,-2.237130822267092,-0.6209080400306394
6.633333333333333,0.3085991484868582,0.9557612380955609,-0.2845304277304643,-1.7271400153768588,-0.6209094345598434
6.641666666666667,0.3152805263160885,0.649090541095528,-0.29684724730492673,-1.230848689606679,-0.620910109662039
6.6499999999999995,0.31943572299984935,0.3490415763739432,-0.3050714314578299,-0.7442247623713654,-0.6209103664732794
6.658333333333333,0.32110896547460405,0.05298111557723009,-0.30926643939261805,-0.2631621229858558,-0.6209104230771402
6.666666666666667,0.3203224808384732,-0.24173288286328495,-0.3094615426327045,0.21643204708055597,-0.6209104285125335
6.675,0.31707650965661116,-0.5377335522680533,-0.3056520480272105,0.6986141941363477,-0.6209104958858341
6.683333333333334,0.3113493858102596,-0.8376467101756758,-0.29779958277834356,1.1874161714527978,-0.6209107774427539
6.691666666666666,0.3030976145055253,-1.1440791300952087,-0.2858322578034657,1.6868415050703511,-0.6209114962906042
6.7,0.29225629086495436,-1.4595420304690314,-0.2696452931791037,2.2007479118619244,-0.6209129607918172
6.708333333333333,0.27874060749189666,-1.7862526956049105,-0.24910338568256965,2.732523964680717,-0.6209155839966841
6.716666666666667,0.2624498872167037,-2.125702543033014,-0.22404724586778432,3.284370418557786,-0.6209199069396943
6.725,0.24327681750097988,-2.477800696398839,-0.19430884451084904,3.8558602876847567,-0.6209266198839737
6.733333333333333,0.22112656058356567,-2.8393056227026854,-0.15974332685322287,4.441284498203321,-0.6209365651853999
6.741666666666666,0.19595299665113394,-3.201244315943479,-0.12029000458701242,5.025261953701597,-0.6209506847259333
6.75,0.16782063508923759,-3.5454329966922282,-0.07607711956250487,5.576791888307218,-0.6209698448910627
6.758333333333333,0.13699443693323252,-3.8417429180960116,-0.027574494097734416,6.044534436188029,-0.6209944626002719
6.766666666666667,0.10403484386494304,-4.050546918749213,0.024244309444315888,6.360894383896428,-0.6210239596739401
6.7749999999999995,0.06983198611109036,-4.135333850595942,0.07784288735417133,6.463476255247254,-0.6210563736997273
6.783333333333333,0.03550012137176185,-4.081758295364171,0.13130113476539518,6.327602588228591,-0.6210886816519108
6.791666666666667,0.002141999056925335,-3.906744900405328,0.18271670851097968,5.981912051032845,-0.621117910069867
6.8,-0.029378851723912924,-3.647702284309528,0.2305934623492797,5.490006159114379,-0.6211422015344471
6.808333333333334,-0.05852882608530864,-3.343565575632041,0.27399653294785664,4.918161309052515,-0.6211610656933058
6.816666666666666,-0.08506112824062513,-3.023246689112518,0.3124797001705577,4.3157051052230955,-0.6211749615403706
6.825,-0.10891981812262691,-2.703909793291026,0.3459232433597515,3.7121385983181585,-0.6211847630434414
6.833333333333333,-0.13015261432339628,-2.393871817283028,0.3743870762958365,3.1221003565083336,-0.6211914039117042
6.841666666666667,-0.14885173425336204,-2.095997141453915,0.3980116621584301,2.551133072428303,-0.6211957140591811
6.85,-0.16511947397553786,-1.8101616998808703,0.41696083577847043,1.9998437528718336,-0.6211983713482059
6.858333333333333,-0.17905008446034418,-1.5347407530988026,0.4313920426493737,1.4663947831051891,-0.6211999050319555
6.866666666666666,-0.19072101692564894,-1.2674224653384067,0.4414421798381786,0.9478478973376004,-0.6212007162809327
6.875,-0.20018912459350954,-1.0056215950353382,0.4472215449599174,0.4408305210776405,-0.6212011006128674
6.883333333333333,-0.2074892987586299,-0.7466727294617919,0.448811627248141,-0.058169904740217625,-0.6212012667385353
6.891666666666667,-0.2126341849221171,-0.4879103291000478,0.44626446718628004,-0.5526986882317181,-0.621201357264283
6.8999999999999995,-0.21561431863255567,-0.22669353350751809,0.4396025198369943,-1.046316438043252,-0.6212015113888673
6.908333333333333,-0.21639829597857166,0.03960422764352442,0.4288183193841299,-1.5426524176359897,-0.6212019113959802
6.916666666666667,-0.2149328670257459,0.31359816338620206,0.4138737355434742,-2.045439574299086,-0.6212027923295654
6.925,-0.2111431091179609,0.5978667774969774,0.39469912047681116,-2.5585007839442055,-0.6212044610355694
6.933333333333334,-0.2049330313146801,0.8948650621399233,0.3711929468534665,-3.085630474391916,-0.6212073191326047
6.941666666666666,-0.1961873975207997,1.2067035355099398,0.34322325911571283,-3.630252278643935,-0.6212118858435707
6.95,-0.18477634866199422,1.5346706803718835,0.31063358552674347,-4.19464535572816,-0.6212188239964962
6.958333333333333,-0.1705657741832531,1.8782858730108172,0.27325828668219376,-4.778376776558163,-0.6212289618908959
6.966666666666667,-0.15343862058000352,2.233560405832075,0.23095614424921104,-5.37538565393148,-0.621243290203063
6.975,-0.13333520479859923,2.5901364095530863,0.18367599029976428,-5.969138365633631,-0.6212628873037446
6.983333333333333,-0.1103218405748247,2.927480631799928,0.1315705310729932,-6.526115335338092,-0.621288690473944
6.991666666666666,-0.08468918660957318,3.2121416946682726,0.07516150273705835,-6.990989266699042,-0.621321025761821
7.0,-0.05705193298969384,3.401270872085893,0.015509014115868138,-7.292314514702103,-0.6213589561497538
7.008333333333333,-0.02837276394474807,3.457623337429967,-0.0457450610718321,-7.367682362525542,-0.6213998910391348
7.016666666666667,0.0001723893798229099,3.3702162985526902,-0.10660096030996473,-7.198602023716185,-0.6214401169681711
7.0249999999999995,0.02745895327239582,3.1615901290482356,-0.16514448409300944,-6.8228035218631,-0.621476196509762
7.033333333333333,0.052644952087809685,2.8734539984742558,-0.21993422306613203,-6.309992524195923,-0.6215061388759984
7.041666666666667,0.07524272155704657,2.546312692428172,-0.2701196171858899,-5.727532353347835,-0.6215295410344662
7.05,0.09505597972701602,2.2088416282499628,-0.3153330017929279,-5.122728668205239,-0.6215470243392208
7.058333333333334,0.11207435206391667,1.8774179495757317,-0.3555118316567847,-4.5222707453305135,-0.6215596216809978
7.066666666666666,0.12638473031846673,1.5596687592491403,-0.3907509009957278,-3.938359445084764,-0.6215684005067144
7.075,0.13811381853458868,1.2580268305816513,-0.4212079381982057,-3.374751506400533,-0.6215743007974639
7.083333333333333,0.1473957775120613,0.9721582774705465,-0.4470516559862428,-2.83084348783933,-0.6215780933831103
7.091666666666667,0.15435563027640026,0.7003734905779025,-0.46843617767488926,-2.3040167268521863,-0.6215803891960037
7.1,0.1591014312180451,0.4403759520839275,-0.4854899211870089,-1.7908593626703269,-0.6215816639045754
7.108333333333333,0.16172093951467092,0.18963206607324146,-0.49831173979456095,-1.287749956432964,-0.6215822830730039
7.116666666666666,0.16228043703792683,-0.05446219640440971,-0.50697035533027,-0.7911008696538514,-0.6215825228336476
7.125,0.16082445329825862,-0.29451801400144806,-0.5115050153016897,-0.29742896719361384,-0.6215825861791318
7.133333333333333,0.1573757853038365,-0.5331403735279034,-0.5119263511246211,0.19665653027968677,-0.6215826196151762
7.141666666666667,0.15193553427862438,-0.7729314149236058,-0.5082170006428456,0.6944874912323022,-0.6215827388113937
7.1499999999999995,0.1444831186035533,-1.0164938300886952,-0.5003319597938005,1.199374784718943,-0.6215830957927598
7.158333333333333,0.134976288026231,-1.2664196667064915,-0.4881986141927559,1.7146305427384985,-0.6215839133715804
7.166666666666667,0.12335144605427902,-1.5252220085856907,-0.47171697115930245,2.243489195659683,-0.6215854988704993
7.175,0.10952492547804012,-1.7951636169430276,-0.4507611949509454,2.788855579780619,-0.621588261978099
7.183333333333334,0.09339641953331242,-2.07789085339757,-0.42518446348843764,3.352725665189341,-0.6215927361503962
7.191666666666666,0.07485679986599687,-2.3737131255770616,-0.3948309072592624,3.935008555500595,-0.6215995988333622
7.2,0.05380425325187434,-2.680277903893392,-0.3595612892081548,4.5313225278910725,-0.62160967725535
7.208333333333333,0.030175034462436162,-2.9903427456176503,-0.3193031476034866,5.129249046780299,-0.6216239091381706
7.216666666666667,0.003996976901549818,-3.28858549154299,-0.2741393718536142,5.702925586413457,-0.6216432002649472
7.225,-0.02452935033899322,-3.548499074840532,-0.22444385437645475,6.207728113333639,-0.6216681023192693
7.233333333333333,-0.05493507774778673,-3.7328666261818917,-0.17104224896104192,6.580970994040966,-0.6216982973801407
7.241666666666666,-0.08642515400303219,-3.8030943733146256,-0.11530975204725986,6.757631042585997,-0.6217321230550996
7.25,-0.11793897556685327,-3.737257161388006,-0.059068505848216504,6.700912707386309,-0.6217666710177677
7.258333333333333,-0.14835529214592091,-3.543619829004241,-0.004240525310282017,6.425148150159961,-0.6217987445683917
7.266666666666667,-0.176736117524838,-3.2554343432083117,0.04756492662568353,5.9868587140974645,-0.6218260543058725
7.2749999999999995,-0.20246186018165965,-2.912702759100855,0.09527845570395801,5.453725275222149,-0.6218477260433432
7.283333333333333,-0.2252205427681535,-2.547727460466249,0.13834994515543042,4.880131356072757,-0.6218640098007233
7.291666666666667,-0.244919839218524,-2.180929345386492,0.1765979896194755,4.300222937762725,-0.621875722116061
7.3,-0.2615943502511443,-1.8229185143837299,0.21005252190015133,3.7315572029284216,-0.621883822629281
7.308333333333334,-0.2753384140549494,-1.4779687191526942,0.2388416284445607,3.1810684352623766,-0.6218891995218883
7.316666666666666,-0.2862655466729959,-1.146779002501049,0.26312390692064996,2.649773464781737,-0.6218925956434375
7.325,-0.29448652523735924,-0.8282079747590732,0.2830524964667878,2.1357080486156463,-0.621894602496513
7.333333333333333,-0.30009849968374785,-0.5202406137723905,0.2987577224057604,1.635551935029311,-0.6218956788827931
7.341666666666667,-0.3031800247810815,-0.22048519114072962,0.31033964963489263,1.145455332163389,-0.6218961742372442
7.35,-0.30378902946930364,0.07359188742893813,0.3178654850623618,0.6614218616220258,-0.6218963490097618
7.358333333333333,-0.30196210908430293,0.3645675363895998,0.32136909960191123,0.17946095149956293,-0.6218963920403119
7.366666666666666,-0.297714331268046,0.6550292551743928,0.3208513002235871,-0.30437004806363205,-0.6218964429529528
7.375,-0.29103919991069443,0.947562390636103,0.3162802906559062,-0.7939499608776412,-0.6218966300548636
7.383333333333333,-0.28190873437177294,1.2447338615529224,0.30759225595984535,-1.293081449426598,-0.6218971347687193
7.391666666666667,-0.2702738154740861,1.5490332804005034,0.2946922383398309,-1.8054103978272786,-0.6218982170719333
7.3999999999999995,-0.256065412827501,1.862710308610052,0.2774563668972264,-2.3341659347913453,-0.6219002320275898
7.408333333333333,-0.23919788100676015,2.1874210359193835,0.2557374606697461,-2.881577305228666,-0.6219036502218586
7.416666666666667,-0.21957651223523036,2.5235271923295337,0.22937771323336206,-3.4477013146411033,-0.6219090779405356
7.425,-0.19711318383628623,2.868807296256249,0.19823498783285995,-4.028247882090307,-0.6219172651091746
7.433333333333334,-0.17175619555409177,3.2162983964992646,0.16223312776102192,-4.610918701124699,-0.621929073161194
7.441666666666666,-0.14354207127108679,3.55122912059148,0.12144961545649731,-5.170181639597829,-0.6219453499517089
7.45,-0.11267380042400102,3.8480694122462213,0.07624838506869995,-5.662218134505996,-0.6219666416112617
7.458333333333333,-0.07961257845177185,4.0710211460226,0.027435932870946547,-6.025718692329274,-0.6219927267797564
7.466666666666667,-0.04513354171325927,4.18287353990864,-0.0236436933939451,-6.196968495496931,-0.6220221788453348
7.475,-0.010269463588934496,4.162043351145292,-0.07520512472497459,-6.138961992782706,-0.6220524307613263
7.483333333333333,0.02388230643108256,4.015520138727051,-0.12535174592830714,-5.863557019404596,-0.6220806107406135
7.491666666666666,0.0563925231012003,3.7744076117365815,-0.17247372164543814,-5.423876776861345,-0.6221046195434043
7.5,0.08663329775380375,3.4769345366132502,-0.21547624310266078,-4.885294329226773,-0.6221236203050319
7.508333333333333,0.11427324754697868,3.154517297885047,-0.25377201606939986,-4.301657780403799,-0.622137807233695
7.516666666666667,0.13919630304319527,2.8273566429588013,-0.2871436896389299,-3.707811930070535,-0.622147910490602
7.5249999999999995,0.1614129238847025,2.5061334822838104,-0.3155935826779627,-3.1225116207694468,-0.6221548058348602
7.533333333333333,0.18099422907515023,2.1952463646369456,-0.33923254760755367,-2.5539355834275628,-0.6221593098393494
7.541666666666667,0.19803141987622844,1.895479325037237,-0.35821181246889844,-2.004208434908348,-0.622162105382988
7.55,0.21261342985949058,1.6057198564599826,-0.37268563689784395,-1.4722950643318997,-0.6221637321679242
7.558333333333334,0.22481561508496617,1.3239392298151056,-0.38279249700699663,-0.9556369771906563,-0.6221646020009375
7.566666666666666,0.2346945159968551,1.0477099262293545,-0.38864634011994653,-0.451002066232792,-0.622165019623902
7.575,0.24228572337309293,0.7744591892394894,-0.39033287479047507,0.04511236191894191,-0.6221652014528568
7.583333333333333,0.2476032078834501,0.5015832145775881,-0.3879081303099357,0.5363087334707131,-0.6221652959357928
7.591666666666667,0.2506392898939581,0.2264924216295224,-0.38139794138607863,1.0262310819857534,-0.622165444428954
7.6,0.251364781964599,-0.05338546843126816,-0.37079751942018074,1.5185895378799543,-0.6221658283580066
7.608333333333333,0.24972915926243663,-0.3405954728946002,-0.35607084204860356,2.017167748477189,-0.6221666793864793
7.616666666666666,0.2456609328858283,-0.6376127493909142,-0.3371501911237175,2.525773715219455,-0.6221682999029813
7.625,0.23906863490349206,-0.9467283205361141,-0.31393654145823036,3.0480682272592725,-0.6221710860640302
7.633333333333333,0.22984332435794885,-1.2697814669826577,-0.28630233261878546,3.5871361451257275,-0.6221755493758205
7.641666666666667,0.21786439673511018,-1.6076058995641993,-0.2540996234565528,4.144574502804731,-0.6221823397931213
7.6499999999999995,0.20301193300234963,-1.9589689625499,-0.2171791087623863,4.718720084533795,-0.6221922612381882
7.658333333333333,0.18519104873832137,-2.3186986093016313,-0.17542929836270832,5.301489155919031,-0.6222062558897894
7.666666666666667,0.16437614011941032,-2.6747725089201335,-0.12884941882755355,5.873424651590511,-0.6222253080182185
7.675,0.1406825489991311,-3.0048478601411963,-0.07766920631778612,6.397726984660644,-0.6222501891732517
7.683333333333334,0.11446183802340361,-3.274725228056951,-0.02250983311721281,6.817469110786868,-0.6222809850838757
7.691666666666666,0.0863843681638416,-3.4438985185431954,0.03547488839369153,7.0647676384566305,-0.6223165236012705
7.7,0.05743197008555423,-3.4814115658632145,0.09460790924913787,7.087490313564943,-0.6223541704457436
7.708333333333333,0.02874001351572226,-3.383496226378688,0.15295280385036072,6.879126185159319,-0.6223905036540425
7.716666666666667,0.0013461348707891952,-3.175976990920595,0.20873601061361785,6.482911552101945,-0.6224225992370805
7.725,-0.02399985841332186,-2.898786623780879,0.26066593157401363,5.965671948518186,-0.6224489186287756
7.733333333333333,-0.04687596124905962,-2.5884179119947976,0.3079986497003186,5.388253172227195,-0.6224692870944961
7.741666666666666,-0.06711884780125471,-2.2700025707269775,0.350420467103807,4.792320661464363,-0.6224843586187487
7.75,-0.08472701420880771,-1.9576979010809707,0.38788514977089633,4.201186481801385,-0.6224950982516885
7.758333333333333,-0.09978258456326408,-1.6580041671680383,0.42048383250243576,3.625506908745474,-0.622502476409139
7.766666666666667,-0.11240110393832523,-1.3728799582923754,0.4483626509933607,3.0685641717508676,-0.6225073405597129
7.7749999999999995,-0.1227031599388525,-1.1018449330658209,0.47167721019272424,2.5297957166419036,-0.6225103839859853
7.783333333333333,-0.13079966962751746,-0.8432067390921996,0.49056986576789086,2.0068276388363677,-0.6225121553475135
7.791666666666667,-0.13678482060157962,-0.5947191542657436,0.5051595898131049,1.4965439901139534,-0.6225130804043583
7.8,-0.1407329959603365,-0.35391206894978716,0.5155382172088158,0.9956032445734926,-0.622513483868983
7.808333333333334,-0.14269762912762277,-0.11824338755978084,0.5217696209500564,0.5006563985595283,-0.6225136072724522
7.816666666666666,-0.14271089588310207,0.11484148377895291,0.5238899897414393,0.008410941484264332,-0.6225136219932275
7.825,-0.14078369866318355,0.3478918729396985,0.5219083027617031,-0.48437302304098273,-0.6225136437923628
7.833333333333333,-0.13690573982594414,0.5834471964706972,0.5158067023574489,-0.9809031952663786,-0.6225137909867782
7.841666666666667,-0.1310455790354962,0.8240415916871106,0.5055405571839356,-1.484403311473466,-0.6225142404746131
7.85,-0.12315075270255849,1.072178373378727,0.4910382949436277,-1.9981077487542835,-0.6225152415125065
7.858333333333333,-0.11314832876795906,1.3302453860569894,0.47220166451864687,-2.525155394781654,-0.6225171293406971
7.866666666666666,-0.10094658510089613,1.600317826752493,0.4489075815897304,-3.068295274379525,-0.6225203432184405
7.875,-0.08643912258373503,1.8837497037775666,0.42101375633269617,-3.6292369953012105,-0.622525447238332
7.883333333333333,-0.06951381687668387,2.180386007811423,0.3883721539779717,-4.20736059292052,-0.6225331481357552
7.891666666666667,-0.050070768201893094,2.4871428024815536,0.3508573346492403,-4.797352637891516,-0.6225442947652949
7.8999999999999995,-0.02805570138396534,2.7956833555300005,0.3084206744754011,-5.385295027545345,-0.622559825310309
7.908333333333333,-0.0035165780525092095,3.089245944814441,0.2611838441821651,-5.943276270836215,-0.6225806013777524
7.916666666666667,0.023313646992414512,3.3399387051960243,0.20957697124871277,-6.424725442799537,-0.622607057551759
7.925,0.051925867460029224,3.5102739706443415,0.1544920314996264,-6.766861029675508,-0.6226386800548642
7.933333333333334,0.08149184004036453,3.563769547085173,0.09735595614908261,-6.908498434100024,-0.622673593965474
7.941666666666666,0.1109453913552351,3.48275979538432,0.03999434358374555,-6.820140176497973,-0.6227087862870808
7.95,0.1391956658201903,3.279356266809396,-0.015727992106536727,-6.522485050839196,-0.6227411325639068
7.958333333333333,0.16535646688720076,2.987915736259872,-0.06829309544698672,-6.07357694595965,-0.6227685172960667
7.966666666666667,0.18885807820962244,2.6471252707614936,-0.11671627708392886,-5.538432856055177,-0.6227902166195819
7.975,0.2094233896992226,2.287273431066462,-0.16050309158803686,-4.967608260360965,-0.6228065543784419
7.983333333333333,0.2269795319139449,1.927197226290725,-0.19949850675510897,-4.392220562299197,-0.6228183613266892
7.991666666666666,0.2415701578275782,1.576583314562977,-0.2337386600904189,-3.8279971409140807,-0.6228265842453135
8.0,0.25329317566548354,1.2392755954722112,-0.26334665256346573,-3.280951156096704,-0.6228320927099482
8.008333333333333,0.26226339851966646,0.9158269666063776,-0.2884709060534047,-2.7517217400328073,-0.6228356142580013
8.016666666666666,0.26859233330626947,0.6050876563995073,-0.3092525716848653,-2.2382550970500343,-0.6228377305994299
8.025,0.2723780610134856,0.3050897352470735,-0.3258099057773295,-1.7372839106128983,-0.6228388957572222
8.033333333333333,0.2737005391467927,0.013503142683601609,-0.3382316636555605,-1.2450793914550407,-0.6228394581477898
8.041666666666666,0.2726196086888464,-0.2721465172844039,-0.34657490722124007,-0.7578004298958877,-0.6228396804093616
8.05,0.2691742443839826,-0.5543837801544884,-0.3508647542776058,-0.27163372366947003,-0.6228397622120401
8.058333333333334,0.2633822932883412,-0.8357519883037143,-0.35109480439810703,0.21716974593600585,-0.6228398584911051
8.066666666666666,0.2552403951355952,-1.1187931089770942,-0.3472277493591246,0.7122727986927402,-0.6228401026018658
8.075,0.24472411485207843,-1.4060166499266444,-0.3391962358290724,1.2172170419691344,-0.6228406727326294
8.083333333333334,0.23178846856403443,-1.6998247699154607,-0.3269041974248252,1.7353216876469297,-0.6228418257607901
8.091666666666667,0.21636950008686956,-2.002324081925668,-0.3102297745393597,2.2693859099302225,-0.6228439134342799
8.1,0.19838818667626443,-2.314934804521374,-0.2890320036151589,2.821047976828396,-0.6228474012178168
8.108333333333333,0.17775896450180145,-2.637640329072933,-0.2631651594397576,3.3895337845718636,-0.6228528852410615
8.116666666666667,0.15440678872557412,-2.9676457632917685,-0.23250741014836812,3.9693984614032973,-0.6228610942840004
8.125,0.12829870870788418,-3.2972056676261183,-0.19701399316264986,4.546847253689702,-0.622872847981008
8.133333333333333,0.09949700938899599,-3.6106929542410366,-0.15680700428545327,5.094749398204174,-0.6228889197035974
8.141666666666666,0.06823638852100448,-3.882122378247609,-0.11230615840147692,5.568406109119846,-0.6229097432700256
8.15,0.035008915048478265,-4.0765129408621235,-0.06437295786961635,5.907853749620045,-0.6229349714853104
8.158333333333333,0.0006058514154191154,-4.1593978051241995,-0.014381383260721933,6.054089450547066,-0.6229631117908854
8.166666666666666,-0.03395255781932751,-4.11301718440724,0.035902763620161794,5.976745173745171,-0.622991676243052
8.175,-0.06760981630207441,-3.946935393584452,0.0846519666521744,5.692239613301826,-0.6230180136304438
8.183333333333334,-0.09948805432185681,-3.692173968189068,0.13034490136177249,5.253730542600425,-0.6230402706842281
8.191666666666666,-0.12900145245498842,-3.3850835757262407,0.17196074546660625,4.723532246475713,-0.6230577698668949
8.2,-0.15584328518367097,-3.0550010404713257,0.20895750051127535,4.152040926967033,-0.6230707565408891
8.208333333333334,-0.17990715977999927,-2.720668645498482,0.24113811384001924,3.5716510609380245,-0.6230799420737332
8.216666666666667,-0.2012039748748886,-2.3919814826847836,0.26850951563839415,2.9997572128183245,-0.623086155362505
8.225,-0.21980079655197945,-2.0730061200508825,0.29117912492703324,2.443901288322588,-0.6230901626118344
8.233333333333333,-0.2357831531742824,-1.7644415544325132,0.3092912056836735,1.9059508251145627,-0.6230926027945562
8.241666666666667,-0.2492341460940154,-1.4652061192048598,0.32299170823261336,1.3847792279954885,-0.6230939805207173
8.25,-0.26022377970000915,-1.17334753474408,0.3324103152572205,0.8777909639664999,-0.6230946806467221
8.258333333333333,-0.2688039431233847,-0.8865262150303302,0.3376519103778929,0.38172104251750355,-0.6230949875602618
8.266666666666666,-0.27500630061745907,-0.6022540101794425,0.3387928119896467,-0.106979911432566,-0.6230951023114893
8.275,-0.27884157311536234,-0.31800507558675695,0.3358792148049326,-0.5919727992558592,-0.6230951645228568
8.283333333333333,-0.28029945629900543,-0.031262379866397245,0.32892660573372245,-1.076964905152806,-0.6230953151214965
8.291666666666666,-0.27934875066446885,0.26046897161133076,0.3179193736794226,-1.5657109778973115,-0.6230957354816252
8.3,-0.27593765949074667,0.5596293463752258,0.3028105268305845,-2.0619767601329198,-0.6230966641033503
8.308333333333334,-0.26999452159753157,0.8685262497050323,0.28352200692745444,-2.569421830087364,-0.6230984191761705
8.316666666666666,-0.2614295905311146,1.1891481613127326,0.2599466443194863,-3.0913009339659614,-0.6231014169263429
8.325,-0.2501391405480441,1.5227714968283779,0.23195390912878983,-3.6298160870138787,-0.6231061918860632
8.333333333333334,-0.2360142502123123,1.8691967906692448,0.1994034392722591,-4.184839481557066,-0.6231134148955639
8.341666666666667,-0.2189583228463037,2.225369314844084,0.16217325204358288,-4.751586448165421,-0.6231238943123337
8.35,-0.19891960277522835,2.583126553539165,0.12021335318901927,-5.3167881778582515,-0.6231385282611547
8.358333333333333,-0.1759461302733414,2.92614088643799,0.07363761978223637,-5.8534566871385785,-0.6231581502419774
8.366666666666667,-0.1502657781794577,3.2273409426060957,0.022858903486763525,-6.316395087542355,-0.6231832001528564
8.375,-0.12237411442629913,3.450413206784576,-0.03126136340421075,-6.6445729432775265,-0.6232132315501387
8.383333333333333,-0.09307608254335506,3.559915716886357,-0.08734049593474617,-6.778135624333683,-0.6232465126849009
8.391666666666666,-0.06340949312827027,3.5382199976883872,-0.14360161050378487,-6.687116094896734,-0.6232802126572872
8.4,-0.03444232937693013,3.396123181637534,-0.1982149559058433,-6.389501170205533,-0.6233113446986732
8.408333333333333,-0.007052049172697605,3.1661006301965147,-0.2496703554209376,-5.939849557762349,-0.6233378294370129
8.416666666666666,0.018186189071667233,2.8854473059157453,-0.29696543394041586,-5.4007752891619445,-0.6233588952693371
8.425,0.04098174566750841,2.583893731009689,-0.3395750112533824,-4.822082465979309,-0.6233747890829348
8.433333333333334,0.061246245229121817,2.2802978955769344,-0.3773124038815974,-4.235304052743079,-0.6233862746235638
8.441666666666666,0.07900917508191393,1.9845985025243156,-0.4101881199985551,-3.6571065603036295,-0.6233942538464877
8.45,0.09435655208893698,1.7009105307877235,-0.4383081488239229,-3.0945635027913427,-0.623399570858363
8.458333333333334,0.10739331997154324,1.4299949629193263,-0.4618124874582501,-2.5493232247279174,-0.6234029402244288
8.466666666666667,0.11822253382889317,1.1708354398422642,-0.48084187180014254,-2.0202430081414104,-0.623404937107222
8.475,0.12693467546299628,0.9215389125766877,-0.4955213314443266,-1.5048721637606293,-0.6234060112435531
8.483333333333333,0.13360256347672372,0.6798147773568465,-0.5059528670714465,-1.0002216682978464,-0.6234065065836816
8.491666666666667,0.13827915612853495,0.4432135887959517,-0.5122126877474089,-0.5031289472242579,-0.6234066792869006
8.5,0.14099674356803352,0.2092355131250127,-0.5143504819420317,-0.010404331275305843,-0.6234067117339469
8.508333333333333,0.14176673586459312,-0.024626318320685847,-0.5123893988020443,0.4811291238352346,-0.6234067261196182
8.516666666666666,0.14057969446859034,-0.2608676129751736,-0.5063261917478192,0.9746333967927064,-0.6234068371698546
8.525,0.1374054304632032,-0.5019723677383361,-0.49613118447740245,1.4732957826704502,-0.623407210824933
8.533333333333333,0.13219315246699204,-0.7503952568894795,-0.4817479899537134,1.9803353077064902,-0.6234080808915548
8.541666666666666,0.12487193454036317,-1.0084975403993979,-0.4630934770680472,2.498929947897296,-0.6234097611414565
8.55,0.11535205068681993,-1.2783933619578263,-0.4400588979503167,3.031994290341162,-0.6234126615319917
8.558333333333334,0.10352822661045075,-1.561625762160808,-0.4125139347900507,3.581671542325042,-0.6234173078382156
8.566666666666666,0.08928675817596532,-1.8585332515984996,-0.3803169451146323,4.148303855574995,-0.6234243606187824
8.575,0.0725199283196683,-2.167088436263285,-0.3433372092016638,4.728507326841452,-0.6234346221331741
8.583333333333334,0.05315325091920043,-2.48093786314737,-0.30149859077710794,5.311882213467075,-0.6234490048713532
8.591666666666667,0.03119290793651584,-2.7865386150859446,-0.2548572717417593,5.876158687638164,-0.6234684111108776
8.6,0.006798756075021811,-3.0601425593547193,-0.20372309018277482,6.382016867554446,-0.62349345278043
8.608333333333333,-0.01962569039656376,-3.2674255211365235,-0.1488105968486534,6.772299476907933,-0.6235239821323894
8.616666666666667,-0.04736785316928555,-3.3705457861163284,-0.09135006470160834,6.983760582494012,-0.6235586028358474
8.625,-0.07543862799299218,-3.344027449472971,-0.03303419675366733,6.9738071594689135,-0.6235946266623814
8.633333333333333,-0.10274342289860372,-3.189490625899463,0.024268752413081504,6.745364314465314,-0.6236288450475945
8.641666666666666,-0.12831735266726751,-2.934692325783831,0.07890995500684761,6.345193480416302,-0.6236587061949543
8.65,-0.15148327750682422,-2.61788350508491,0.12972401759400917,5.837401433394462,-0.6236829928952349
8.658333333333333,-0.17187053155832402,-2.2725264846310886,0.1760576290911448,5.277698418258998,-0.62370169347643
8.666666666666666,-0.18934305401556561,-1.921189790691111,0.21764637664247935,4.703282334478398,-0.6237154891822042
8.675,-0.2039092936118125,-1.576442298468819,0.2544624714908062,4.13453980960066,-0.6237253008020511
8.683333333333334,-0.21565159964199063,-1.243986244789054,0.286596672405604,3.5804512315630572,-0.623732031471041
8.691666666666666,-0.224681299842074,-0.9254652434135444,0.31418422005903585,3.0433747952186865,-0.6237364626792747
8.7,-0.23111331873430152,-0.6203370581435315,0.3373639245836926,2.5222090802983943,-0.6237392319146366
8.708333333333334,-0.23505294534208004,-0.32696290052165716,0.3562576816286949,2.014214343777454,-0.6237408438398151
8.716666666666667,-0.23658939130383883,-0.04319065481774436,0.37096127468545675,1.5159735830557612,-0.6237416908372052
8.725,-0.23579287468498314,0.23335346835969226,0.3815409280007669,1.0238604142261039,-0.6237420732111538
8.733333333333333,-0.2327134150694754,0.5051292260136054,0.3880325425149528,0.5342434304361934,-0.6237422215655436
8.741666666666667,-0.22738037741301934,0.7746289967915684,0.39044199864349366,0.043553868639421844,-0.6237423163075702
8.75,-0.21980230417953464,1.0443538085414208,0.38874576306668956,-0.45169510594188306,-0.6237424974671343
8.758333333333333,-0.20996696752398242,1.31678116791575,0.3828917131602802,-0.9548710005697345,-0.6237429116806916
8.766666666666666,-0.19784175673670304,1.594312171577415,0.37280033704877036,-1.4691626827609985,-0.6237437720811273
8.775,-0.18337479099573167,1.8791382259245273,0.3583669047214057,-1.997383315909286,-0.6237453772255798
8.783333333333333,-0.1664977172138714,2.17295597362073,0.33946626634334,-2.54151442347753,-0.6237481274742386
8.791666666666666,-0.14713189709671262,2.4764139450291927,0.31596316632500615,-3.101795398458477,-0.6237525418095826
8.8,-0.12520094180180727,2.7881060437931287,0.28773309514732,-3.675042550925598,-0.6237592666638757
8.808333333333334,-0.10065432755133426,3.102881300498136,0.2547017414466433,-4.25180154395818,-0.6237690571895409
8.816666666666666,-0.07350845178940925,3.409360355645121,0.21691392108162624,-4.812139303208305,-0.6237826929280254
8.825,-0.043910235858531294,3.687199974114716,0.1746407987685493,-5.320987804990775,-0.6238007722854451
8.833333333333334,-0.012217846143558897,3.906261938665503,0.12851633009462907,-5.726711993422181,-0.6238233522980235
8.841666666666667,0.020933261040626514,4.031677611993683,0.0796488444789254,-5.969726152539949,-0.623849535112309
8.85,0.05464068954629333,4.03690857944432,0.029602421991502738,-6.004773491683437,-0.6238773366989858
8.858333333333333,0.08786775073020146,3.918009034204947,-0.019830440134977735,-5.825269133278047,-0.6239041830266384
8.866666666666667,0.11965344334132344,3.6960911040758835,-0.06698803257608081,-5.467472322218746,-0.6239278451741321
8.875,0.14927838131326623,3.4053637153520913,-0.11062299048627997,-4.990005537690392,-0.6239471142080188
8.883333333333333,0.1763098622233611,3.078428952850454,-0.14997914259450357,-4.448732313842627,-0.6239618260252126
8.891666666666666,0.2005509611801007,2.7387176310473826,-0.1847045905798944,-3.883877303101377,-0.6239724806763607
8.9,0.22195864714600602,2.40002684880338,-0.21471225871836766,-3.31927973955317,-0.6239798434031657
8.908333333333333,0.24057323115444587,2.0690487445992822,-0.24006005767345975,-2.766729586108968,-0.6239846945713511
8.916666666666666,0.25647078357705794,1.7480682866609236,-0.26087031063987487,-2.230567617836011,-0.6239877179572256
8.925,0.26973509221222086,1.4369076822705669,-0.27728243048478785,-1.7109862970433052,-0.6239894698281396
8.933333333333334,0.2804425429626655,1.1341151953214874,-0.2894274836464805,-1.2060371736659365,-0.6239903840147216
8.941666666666666,0.2886545485022791,0.8376275660051167,-0.2974154582396713,-0.7127407471953167,-0.6239907886235505
8.95,0.29441405070708165,0.5451143154928505,-0.3013293220539115,-0.2276557957695996,-0.6239909235147703
8.958333333333334,0.2977440759215617,0.2541445041813169,-0.3012224422400683,0.25285162852283616,-0.6239909547710051
8.966666666666667,0.2986472708538874,-0.037732620486815,-0.29711757446458936,0.7324791224300132,-0.6239910045977309
8.975,0.2971059124580151,-0.3329513374444334,-0.28900658512777255,1.21493995497672,-0.6239912159395449
8.983333333333333,0.2930821618559778,-0.6338976373786903,-0.27685043507824236,1.7039275107448273,-0.6239917872262641
8.991666666666667,0.2865187219729143,-0.9428379052765069,-0.26057973049122074,2.203005636996657,-0.6239929909444903
9.0,0.277340428730505,-1.2617550769546768,-0.24009675915907128,2.7153433589489917,-0.6239951886336956
9.008333333333333,0.26545786937039856,-1.5920080635002716,-0.21528085568440433,3.2431506446105676,-0.6239988486420179
9.016666666666666,0.2507750379765675,-1.93367425672914,-0.18600050378209293,3.7865759080593024,-0.6240045628847617
9.025,0.23320449729108886,-2.2843654062350014,-0.1521380807017996,4.341705283102483,-0.6240130512627419
9.033333333333333,0.21269543728584195,-2.6372837444626596,-0.11363646429030147,4.897258520451418,-0.6240251284094334
9.041666666666666,0.1892813142605097,-2.9785124052306173,-0.0705790262678462,5.42995510245274,-0.6240415861998555
9.05,0.16315064451495234,-3.2844528020763217,-0.02330940279672914,5.900083473652866,-0.6240629321100326
9.058333333333334,0.13472949186967564,-3.5222386413093907,0.02742803322857278,6.252085833709323,-0.6240889721012346
9.066666666666666,0.10473326080696611,-3.657295365423296,0.08039886921417796,6.427299046518557,-0.6241184116634118
9.075,0.0741220726791886,-3.6681632057388307,0.13395266506552123,6.389131229955954,-0.6241488797881102
9.083333333333334,0.04393386259922404,-3.5586537139674035,0.18630505468054034,6.143791341897789,-0.6241776352022647
9.091666666666667,0.015072178981612366,-3.3554557990523413,0.23589745017960317,5.7362872980322726,-0.6242025508770379
9.1,-0.01182844067007789,-3.0937565456757485,0.281625361207132,5.226038843267171,-0.6242226426548433
9.108333333333333,-0.03641355171130583,-2.804028579386319,0.3228572908316051,4.664506274393341,-0.6242379386382991
9.116666666666667,-0.05854252435897651,-2.5068922192661534,0.3593229721057058,4.08656193231137,-0.6242490481823267
9.125,-0.07820728329979534,-2.2139385765448507,0.3909768948020851,3.511959353131776,-0.6242567831214646
9.133333333333333,-0.09546821193046748,-1.9304783805051111,0.41789136984617387,2.950022998872781,-0.6242619396286119
9.141666666666666,-0.11041272129712162,-1.6580388806338913,0.4401880900696113,2.403871829547737,-0.624265207029296
9.15,-0.12313135457943172,-1.3960635253291394,0.45799924004695775,1.873270095081569,-0.6242671459198995
9.158333333333333,-0.1337050383707078,-1.1429251205825997,0.4714472084772724,1.3563065519370243,-0.6242681958396493
9.166666666666666,-0.14219873032546348,-0.8964844071838286,0.4806348176724904,0.8503020961139709,-0.6242686919278121
9.175,-0.14865849605901152,-0.6543795505448808,0.48564104447344564,0.35226271567020323,-0.6242688816446509
9.183333333333334,-0.1531103108531861,-0.41416581023229077,0.4865193581128581,-0.14091959414779173,-0.6242689383472376
9.191666666666666,-0.15555967036727725,-0.17338039087845258,0.483297148869051,-0.6323870516084178,-0.6242689824838784
9.2,-0.15599157808607667,0.07043068900208727,0.4759755611685566,-1.1253007643023316,-0.6242691463530371
9.208333333333334,-0.15437064926289962,0.31970378386851805,0.4645292184062596,-1.6228660253491776,-0.6242696113899505
9.216666666666667,-0.15064136444011375,0.5768273621470126,0.44890588940601545,-2.128315367564144,-0.6242706236259258
9.225,-0.1447287339094911,0.8440671509926743,0.42902657365233177,-2.644815032154889,-0.6242725092808736
9.233333333333333,-0.13653994687240184,1.1233939605519432,0.40478696711955164,-3.175209161037838,-0.6242756909885449
9.241666666666667,-0.12596813818348454,1.4161292391314289,0.376062205735745,-3.721457778423502,-0.6242807068035906
9.25,-0.11290034535101531,1.722263565804205,0.3427183784836202,-4.283522448080226,-0.6242882273373914
9.258333333333333,-0.09723324784087035,2.039227892277931,0.30463689567171515,-4.857322091393352,-0.6242990583022271
9.266666666666666,-0.07890232282606381,2.359865931887503,0.26176132499604715,-5.4313201408799054,-0.6243141000892547
9.275,-0.05793151196293218,2.669583445832008,0.21417893806389543,-5.981676581761317,-0.6243342122190892
9.283333333333333,-0.03450739736325792,2.943615190243142,0.16224422402000388,-6.46752372476217,-0.6243599156665651
9.291666666666666,-0.009066059509004163,3.1474214200035857,0.1067250635290082,-6.831451131965811,-0.6243909219439439
9.3,0.017652498814234623,3.2447425024060976,0.04889576207399943,-7.012918924576315,-0.6244256902541456
9.308333333333334,0.04465309922745678,3.213483365983136,-0.009542927752802813,-6.974990235829674,-0.6244614774156547
9.316666666666666,0.07086469593672123,3.0585742551169304,-0.06676389666185166,-6.726036115564096,-0.6244951656688786
9.325,0.09536550727250452,2.808949234487493,-0.12119099010021031,-6.314598204827307,-0.6245243807235483
9.333333333333334,0.11752154044099579,2.5018649721041943,-0.17172978383393644,-5.802896829283079,-0.6245480587198768
9.341666666666667,0.13699271226092705,2.1690065057591013,-0.21777520044680707,-5.2434904090286905,-0.6245662638907424
9.35,0.15365950971025166,1.831458487675629,-0.25908641811155825,-4.6709954729851715,-0.6245796897970021
9.358333333333333,0.16753698522661187,1.5008868872965757,-0.2956421004849435,-4.104263752724832,-0.6245892388425608
9.366666666666667,0.17870862109179306,1.182551690974309,-0.3275303504863,-3.5515675607425496,-0.6245957881742822
9.375,0.187284446438177,0.8779269527206258,-0.35488012411142317,-3.015052629015216,-0.6246000960540518
9.383333333333333,0.19337731331170413,0.5864368890830863,-0.3778233662623356,-2.4936599175312675,-0.6246027823203856
9.391666666666666,0.19709043908642715,0.306467426479339,-0.3964760124867238,-1.984808185813879,-0.6246043392154617
9.4,0.19851127040067865,0.035911240359790784,-0.41092942952427997,-1.4852844779522112,-0.6246051506683976
9.408333333333333,0.19770865667642304,-0.22755661723029844,-0.4212471936900065,-0.9916794868833384,-0.6246055112091523
9.416666666666666,0.1947316534431613,-0.48634788106543664,-0.42746437109217594,-0.5005786525372169,-0.6246056466034831
9.425,0.1896090599874177,-0.7429069172538326,-0.42958779883456605,-0.00862620795337566,-0.6246057313409468
9.433333333333334,0.18234926473931995,-0.999683244915757,-0.4275966628777053,0.48745405813042636,-0.6246058989710225
9.441666666666666,0.17294034109660364,-1.2590964656351922,-0.4214433083809734,0.9908214527614252,-0.6246062930667146
9.45,0.1613504920616919,-1.52348242430774,-0.4110544025708504,1.504462670895988,-0.6246071235047812
9.458333333333334,0.14752921981344466,-1.7949621998586112,-0.3963330317178426,2.0310026685409093,-0.6246086830419885
9.466666666666667,0.13141012363263946,-2.0751693898892656,-0.37716329214453337,2.5722743629083245,-0.6246113623776544
9.475,0.11291691283753837,-2.3647283093708342,-0.353420061237243,3.1284666917166515,-0.62461566544989
9.483333333333333,0.09197537104363283,-2.6623142715989943,-0.3249885894178688,3.696562688264483,-0.6246222171445996
9.491666666666667,0.06853562686603214,-2.9630855199674446,-0.29180132704169315,4.267705826603214,-0.6246317455280228
9.5,0.042610588517172684,-3.2563804781864696,-0.2539020044648408,4.823305662093882,-0.6246450040701752
9.508333333333333,0.014335400677649702,-3.5231411578082046,-0.21154536768968793,5.330655449955401,-0.6246625831383434
9.516666666666666,-0.015956359575894304,-3.7349513347678487,-0.16532549656689174,5.741270409080429,-0.6246845775899422
9.525,-0.047667499695482,-3.858306262793152,-0.11628564791289211,5.998120568158884,-0.6247101936922625
9.533333333333333,-0.07993925944172806,-3.866397607893944,-0.06591386636843771,6.055680882356589,-0.6247375922237726
9.541666666666666,-0.1117673923770776,-3.752943664727509,-0.015944468000756183,5.903479455052726,-0.6247643039085237
9.55,-0.14219952230623878,-3.5360096571660593,0.03197870475887635,5.5725550297680755,-0.6247880993267833
9.558333333333334,-0.17050308322979607,-3.247833341865799,0.07658829990282107,5.118037012143853,-0.6248076821339833
9.566666666666666,-0.19622244967343802,-2.9206063623352834,0.11709010975027397,4.594882063453657,-0.6248227810302002
9.575,-0.21913886895802553,-2.5782994745700822,0.1530941430523242,4.043985757526064,-0.6248338155958857
9.583333333333334,-0.23919343229647438,-2.2355091266552827,0.18448321242289212,3.4902844396512958,-0.6248415066510884
9.591666666666667,-0.2564169817987428,-1.8996347988882305,0.2112938299277764,2.9465110025690486,-0.62484661717039
9.6,-0.2708812664044663,-1.5734875237722437,0.2336335582610727,2.4176545258006508,-0.6248498294301507
9.608333333333333,-0.28266943643246367,-1.2572545176132954,0.2516313446225973,1.9043026309807722,-0.6248517063258038
9.616666666666667,-0.29185976590157087,-0.9497325164463688,0.2654103080736854,1.404729222082985,-0.6248526920988495
9.625,-0.29851727958882834,-0.6490290937079174,0.27507387076115825,0.9160739329984356,-0.624853126916286
9.633333333333333,-0.3026897317767805,-0.352934802983682,0.28069917771813235,0.43496167880838243,-0.6248532634181622
9.641666666666666,-0.3044058300125928,-0.05910853933596398,0.2823342274623966,-0.0421944344038145,-0.6248532805471929
9.65,-0.30367455602287496,0.23483145739215755,0.2799967755263578,-0.5190473585655658,-0.6248532990630872
9.658333333333333,-0.3004850761334622,0.5312525952748374,0.27367418555725975,-0.9992293306674042,-0.6248534422277503
9.666666666666666,-0.29480701239867924,0.8324696597263349,0.26332379348605733,-1.4863027444901085,-0.6248538923331654
9.675,-0.286591182503552,1.140660533846699,0.2488739510921783,-1.9836286375041297,-0.6248549046433505
9.683333333333334,-0.2757714079793321,1.457684280474754,0.23022679009293306,-2.494069210581455,-0.6248568208424032
9.691666666666666,-0.26226851918109173,1.7847176492089893,0.20726461867664692,-3.0193825425959404,-0.6248600851266617
9.7,-0.24599860482938787,2.1215716633896053,0.1798634277740008,-3.559073257256031,-0.6248652583440376
9.708333333333334,-0.22688895883217075,2.465491166633247,0.14791939028781054,-4.108360596068751,-0.6248730185932901
9.716666666666667,-0.204906903054119,2.809241657400643,0.1113972155089271,-4.654923643847353,-0.6248841234415512
9.725,-0.18010747565496132,3.138557891216598,0.07041068278505597,-5.17453829701938,-0.6248992902314208
9.733333333333333,-0.15270205227594078,3.429969743445422,0.025339108114309415,-5.627323249865594,-0.62491894329899
9.741666666666667,-0.12313450290254373,3.651787350727774,-0.023042799529843574,-5.959339775800126,-0.6249428312001251
9.75,-0.09212275556740253,3.771888981785311,-0.07349338257180488,-6.1157962439309035,-0.6249696905877775
9.758333333333333,-0.06060642551476913,3.7716258513329204,-0.12439225103657918,-6.064743622448525,-0.6249973189688891
9.766666666666666,-0.029584185786221684,3.6562306196254535,-0.17401667365209028,-5.814871517360265,-0.6250232439495983
9.775,8.237787139212319e-05,3.451650890675041,-0.22087559801110532,-5.410168509953455,-0.6250455913552637
9.783333333333333,0.02778837761408729,3.1910991942980926,-0.263913651647251,-4.907047216118222,-0.6250635224554401
9.791666666666666,0.05319216319103974,2.9031470757083784,-0.30252289990653064,-4.354118339512936,-0.6250770978177251
9.8,0.0761526690727294,2.6071714359814453,-0.33643725795593554,-3.784497502009325,-0.6250868903484605
9.808333333333334,0.0966537261343145,2.314135052412163,-0.3656051358735748,-3.2171716704764726,-0.6250936492404681
9.816666666666666,0.11474414990462131,2.02910493630397,-0.3900891044065001,-2.661287962559442,-0.6250981058869959
9.825,0.13049866215331118,1.7535579522695337,-0.41000091962478374,-2.1200538194213054,-0.6251008920065837
9.833333333333334,0.1439950896206026,1.48696838293699,-0.42546399100466137,-1.593402639322057,-0.6251025195794891
9.841666666666667,0.1553020332456098,1.2277661046137625,-0.43659334998967064,-1.0795851974052546,-0.6251033874772302
9.85,0.1644726219935881,0.9738718063790665,-0.4434856497468831,-0.5760424163607349,-0.6251037963513109
9.858333333333333,0.1715415738133172,0.7229786074675577,-0.4462144853646412,-0.07984891078302478,-0.6251039636300493
9.866666666666667,0.1765239523068991,0.4726924838221547,-0.44482831403064027,0.4120802722110602,-0.6251040376971437
9.875,0.17941477403803943,0.22060379554033316,-0.4393495878758048,0.9028929777445042,-0.6251041446057398
9.883333333333333,0.18018900834703083,-0.035686376566200266,-0.4297743105640626,1.3957906759786185,-0.6251044474735358
9.891666666666666,0.17880176177582205,-0.2985397542172913,-0.41607160632174106,1.8940172517649922,-0.6251051600202115
9.9,0.17518879808700755,-0.5702236210479832,-0.3981835926679127,2.400792986201945,-0.6251065624832772
9.908333333333333,0.16926776590063233,-0.8527894790736491,-0.37602619833046413,2.9191392460783265,-0.6251090203357571
9.916666666666666,0.16094093876067758,-1.1478170177123483,-0.34949228234001045,3.451477351191288,-0.6251130014159577
9.925,0.1501010125979913,-1.455913085520575,-0.31845965279507554,3.9988140808687485,-0.625119093453497
9.933333333333334,0.13664268528366874,-1.7757896772459685,-0.2828085965651781,4.559212886414354,-0.6251280141927565
9.941666666666666,0.12048447864809907,-2.1026876818800244,-0.24245651483373878,5.125147271914847,-0.6251405949020904
9.95,0.10160707105814774,-2.4259870569607616,-0.19742043167399217,5.679447693186709,-0.6251576989577476
9.958333333333334,0.08011399970507926,-2.7263790288091214,-0.14791765732619186,6.190447830787167,-0.625180016293648
9.966666666666667,0.05631206489230144,-2.974453384469829,-0.09450070393453225,6.6094418460565025,-0.6252076873619987
9.975,0.030784567827956962,-3.1345806369825695,-0.038181637128113066,6.877040910434743,-0.6252398349073637
9.983333333333333,0.004397925762490853,-3.177066938920964,0.019554587579623313,6.943559034327946,-0.6252743369770712
9.991666666666667,-0.021813538521776785,-3.093423149015482,0.07694183716674682,6.794772406849622,-0.625308262224422
10.0,-0.04685681828393366,-2.901499499110424,0.1322832775491494,6.4605986364460435,-0.6253388848245124
10.008333333333333,-0.06996502867335394,-2.6350983590705637,0.18426059852515322,5.997548743801599,-0.6253645437291311
10.016666666666666,-0.09066442452298518,-2.3285255518951953,0.23204451108031307,5.462707138313566,-0.6253847978576237
10.025,-0.10873460619488824,-2.007501749515463,0.275225928458663,4.898561367071485,-0.625400052935542
10.033333333333333,-0.12412712012183197,-1.6877818477500095,0.3136785166777954,4.330864813663317,-0.625411102880549
10.041666666666666,-0.13689084055758982,-1.3774558696451766,0.3474340676873616,3.7726496794214426,-0.6254188182258019
10.05,-0.1471199743397919,-1.0797323821931886,0.3765968046381489,3.2289776416982754,-0.625423994710506
10.058333333333334,-0.1549226768726632,-0.7950283898370066,0.4012926802201741,2.7004687092965836,-0.6254273023682274
10.066666666666666,-0.1604037108094061,-0.5222757136527412,0.42164227074946825,2.1854828575091116,-0.6254292825019011
10.075,-0.16365546632049588,-0.25966201927309035,0.4377475446830858,1.6813386302688271,-0.6254303622494053
10.083333333333334,-0.16475358032871065,-0.005024513306599669,0.44968611606569714,1.1849438872910356,-0.6254308725579871
10.091666666666667,-0.16375493626175291,0.24395262747856405,0.4575092366173986,0.6930957838450131,-0.6254310644649855
10.1,-0.16069683014871905,0.48964466831381653,0.4612414804691131,0.20260596856197968,-0.6254311267889697
10.108333333333333,-0.1555966658704316,0.7344456106732762,0.4608810590934341,-0.28966082614056043,-0.6254311999923451
10.116666666666667,-0.14845192993022738,0.9807354802140762,0.45640037785635407,-0.7867562615635734,-0.6254314056693593
10.125,-0.13924046072989044,1.230842347150552,0.44774686631155,-1.2916171701344694,-0.6254319130967062
10.133333333333333,-0.12792115453321307,1.4869648409374605,0.4348442344810045,-1.8069721950231825,-0.6254329646886513
10.141666666666666,-0.11443567814718482,1.7509998111467486,0.4175951399984984,-2.335083964942699,-0.6254348885707288
10.15,-0.09871223996082583,2.0242048620046535,0.39588705401075974,-2.87721250738806,-0.6254381131196427
10.158333333333333,-0.08067326385847416,2.3065742017629884,0.3696044445219104,-3.43259312803957,-0.6254431794585095
10.166666666666666,-0.06025005447848921,2.5957518564493403,0.3386525190920909,-3.996627575049505,-0.6254507416496397
10.175,-0.037409115683354,2.885297233431835,0.30300047490490295,-4.557968131155077,-0.625461532735748
10.183333333333334,-0.01219571657525065,3.16232392124148,0.26275386062804196,-5.0945187539693775,-0.62547625803996
10.191666666666666,0.015202545260404307,3.4053023613574025,0.21826093061055457,-5.569683037200322,-0.6254953680531755
10.2,0.044382098301900895,3.584381892019458,0.17023643000374608,-5.93285986057798,-0.6255187040618331
10.208333333333334,0.07467531149839565,3.6677277660503993,0.11984242926386199,-6.130154492630764,-0.6255451569599035
10.216666666666667,0.1051843134016324,3.6343010665352837,0.06863034574872803,-6.126067314008695,-0.6255726669192537
10.225,0.13492368857982098,3.485257934330547,0.018298121813966225,-5.922840993937376,-0.6255987956287079
10.233333333333333,0.16301314991942228,3.2433659054520443,-0.029637122895366044,-5.5593918738155,-0.6256215779222974
10.241666666666667,0.1888121315555886,2.9409880294444832,-0.07406697082798042,-5.090798530801317,-0.6256400352384778
10.25,0.2119442909937032,2.6075798074311005,-0.11433201931581027,-4.567042062136456,-0.625654116366839
10.258333333333333,0.23224417503362535,2.263934195289395,-0.1501302086475713,-4.023299266176412,-0.6256643340550105
10.266666666666666,0.2496825548616109,1.9222507649453968,-0.1813896307088415,-3.4801504931430074,-0.6256714169901506
10.275,0.264304000018982,1.5884730157797924,-0.20816277773616035,-2.947611395934251,-0.625676097674934
10.283333333333333,0.27618495682995686,1.2646510864078944,-0.23055597902475486,-2.4291721156810637,-0.6256790185214055
10.291666666666666,0.2854088501746791,0.9506316276438902,-0.24868786199064888,-1.9246702551123025,-0.6256807060856376
10.3,0.29205243456451896,0.6450960957849114,-0.26266689031568796,-1.4320461949909413,-0.6256815757234601
10.308333333333334,0.2961787668742333,0.34614554971419864,-0.2725800620270223,-0.9483245483832128,-0.6256819461310688
10.316666666666666,0.2978338008708892,0.051610014691865866,-0.2784876578447398,-0.4701274115526592,-0.6256820544587072
10.325,0.2970448528636291,-0.2407956422848317,-0.28042106777313375,0.006072716879791475,-0.6256820688162804
10.333333333333334,0.2938200167519131,-0.5333887177507565,-0.2783821336201421,0.48382225779897287,-0.6256821083226479
10.341666666666667,0.2881481461722606,-0.8284613911232309,-0.27234340104160626,0.9665935813912736,-0.6256823034440038
10.35,0.279999287403154,-1.128221814401049,-0.26224905311509766,1.4577013647750716,-0.6256828465192574
10.358333333333333,0.26932583208321237,-1.4346700108539696,-0.24801693261679852,1.9601054863738252,-0.6256840056151731
10.366666666666667,0.25606517824480135,-1.749347781775643,-0.2295430207248926,2.4759987800574446,-0.6256861380241464
10.375,0.24014532782998663,-2.0728630647725512,-0.2067107975397124,3.0060118305553596,-0.6256897046266722
10.383333333333333,0.22149590149468293,-2.4040354352971303,-0.1794097037666167,3.54777246366693,-0.6256952784088196
10.391666666666666,0.20006851568264908,-2.738472562608984,-0.14756943559390356,4.093492469988671,-0.6257035317883075
10.4,0.175871843446436,-3.066474684135389,-0.111219192524063,4.626399296387056,-0.6257151729592181
10.408333333333333,0.14902594270820452,-3.3706445646988517,-0.07057980988139215,5.116646864941473,-0.6257307865345034
10.416666666666666,0.11983277026075342,-3.624802015162708,-0.026183702011510716,5.519428405015223,-0.6257505449641836
10.425,0.08883962159202285,-3.797365631261886,0.021016916516214387,5.780703179030257,-0.6257738495081528
10.433333333333334,0.05684615038415751,-3.861545042160796,0.06963781934561754,5.85457575661177,-0.6257991434464569
10.441666666666666,0.024809018638629554,-3.8082958467385772,0.11802535674636501,5.725441521551778,-0.625824209101701
10.45,-0.006336215991133938,-3.65144788295193,0.1645606880222698,5.416788533031152,-0.6258469155875058
10.458333333333334,-0.03584085326854551,-3.4199079161915455,0.20794323716924476,4.9779151800365735,-0.6258659008372237
10.466666666666667,-0.06321367046772346,-3.1445519562348845,0.24731195173288026,4.461579921725689,-0.625880749401802
10.475,-0.08819638671962073,-2.8495708747991113,0.2822043951289087,3.90926636851449,-0.6258917425981287
10.483333333333333,-0.11069557164374998,-2.5504082074698102,0.3124417995524068,3.3476947209638808,-0.6258995037374562
10.491666666666667,-0.13071501278605874,-2.2553446942089646,0.3380150605938369,2.7915314817006998,-0.6259047380275173
10.5,-0.14830601490336476,-1.9678806127956041,0.3590012696441729,2.247435536669779,-0.6259080969553314
10.508333333333333,-0.16353609738131897,-1.6886731676392555,0.37551141474390776,1.7173309372037315,-0.6259101275443899
10.516666666666666,-0.17647104881994954,-1.4168132242788178,0.3876605746910956,1.200548081956953,-0.6259112648697365
10.525,-0.1871653189978563,-1.150581420861289,0.3955520296883879,0.695077412779604,-0.6259118418402053
10.533333333333333,-0.19565719038082593,-0.8878667266796868,0.39926923400226544,0.1982497736823683,-0.6259121032733926
10.541666666666666,-0.20196653082596416,-0.6263863194725905,0.3988719232089979,-0.2929190630158386,-0.6259122192612434
10.55,-0.20609389668540404,-0.3638022041638334,0.39439430062567,-0.7815521786377727,-0.6259123197308147
10.558333333333334,-0.20802033547619772,-0.09777563094259309,0.38584421839390215,-1.2708475975006397,-0.625912560463266
10.566666666666666,-0.20770752064630868,0.1739971130836271,0.37320265632519106,-1.7640487054042908,-0.6259131430994576
10.575,-0.20509827069843486,0.4537238927563691,0.3564236172183289,-2.2643680408729434,-0.6259143262714907
10.583333333333334,-0.20011777935980468,0.7434000848547304,0.33543500593465814,-2.7748155097674627,-0.6259164465139665
10.591666666666667,-0.1926762540972947,1.0445730173246714,0.3101416803876153,-3.297825555049552,-0.6259199355834757
10.6,-0.182674356575648,1.3578843183303624,0.28043302364425216,-3.8345094108099658,-0.6259253364154185
10.608333333333333,-0.17001390352290008,1.6822335223127998,0.24619920243798546,-4.383263940877463,-0.6259333129806623
10.616666666666667,-0.15461783592109507,2.0133538746323802,0.20736294302936442,-4.9373754782115595,-0.6259446375156417
10.625,-0.136465111444929,2.3416483778130983,0.16393654113862124,-5.481345093144607,-0.6259601221338928
10.633333333333333,-0.11564601361953893,2.6495757431691667,0.11611372649524562,-5.986400091710826,-0.6259804430039916
10.641666666666666,-0.09243642451648576,2.910123957286679,0.06439445613518167,-6.407773342434028,-0.6260058122368174
10.65,-0.06736905280958012,3.0897406280193778,0.0097059582627829,-6.689471879288339,-0.6260355506640487
10.658333333333333,-0.041249770827307956,3.158749862529541,-0.04656758038729952,-6.781744193740945,-0.6260678332912236
10.666666666666666,-0.015064776565783871,3.1056987202213806,-0.10273915168380356,-6.665300856684478,-0.6260999959794421
10.675,0.010208469886590991,2.944020425148902,-0.1571357790867294,-6.3626056847676535,-0.6261294148306888
10.683333333333334,0.03378516344340966,2.704263002428965,-0.2084068813098668,-5.924761103346087,-0.6261543552904717
10.691666666666666,0.05515580226304878,2.419699352189714,-0.2556617727299093,-5.407252458643797,-0.6261742243656276
10.7,0.07406279393552546,2.116556085787093,-0.2984288574266592,-4.853585595283601,-0.6261892877535798
10.708333333333334,0.09042746374364963,1.8116145900578815,-0.3365324162638545,-4.291405324891777,-0.6262002446329964
10.716666666666667,0.10427698573305744,1.5139263968739858,-0.36997051028207745,-3.7355130006435586,-0.626207912003832
10.725,0.11569089336816121,1.2274166898263303,-0.3988266612592904,-3.1923145831736415,-0.626213059014177
10.733333333333333,0.1247676253429322,0.9529840767115035,-0.42321556852097447,-2.6633680861963684,-0.626216343982124
10.741666666666667,0.13160547394326869,0.6898688253416517,-0.4432530392111959,-2.1476700738299384,-0.6262183037678805
10.75,0.13629242048307835,0.43645370247116083,-0.4590406775663919,-1.6429742766444306,-0.6262193641772461
10.758333333333333,0.13890100698426108,0.1907022947304455,-0.47065878562879315,-1.146495923926498,-0.6262198558833859
10.766666666666666,0.13948589688583754,-0.04961383979169636,-0.47816350789253154,-0.6552601159700914,-0.626220029324384
10.775,0.13808279797008355,-0.28680291858907225,-0.4815859866077821,-0.16625689694884865,-0.6262200673198759
10.783333333333333,0.13470805215404366,-0.5231981531141527,-0.480932358396181,0.32349935056588197,-0.6262200999371818
10.791666666666666,0.12935858238949094,-0.7611207487419922,-0.4761841093494136,0.8169329649842919,-0.6262202411574416
10.8,0.12201213611950515,-1.0028451166159642,-0.46729869280766934,1.3168835592853887,-0.6262206531412702
10.808333333333334,0.11262791206300925,-1.2505319811360855,-0.4542104707138685,1.8260312183769127,-0.6262215674418958
10.816666666666666,0.1011480446570124,-1.5060827010060276,-0.43683280681216974,2.3466848996028986,-0.626223296218225
10.825,0.08750082270209644,-1.770855282600572,-0.41506279953531944,2.8803377696642465,-0.6262262457056486
10.833333333333334,0.071607194202018,-2.0451382611145688,-0.3887912743361508,3.426813112217466,-0.6262309287801234
10.841666666666667,0.053393183957699084,-2.3272280473778317,-0.3579224870267829,3.9827367895270767,-0.6262379684621238
10.85,0.03281228771374586,-2.61192977444836,-0.32241045917917216,4.539025136051734,-0.6262480745933078
10.858333333333333,0.009883070884219296,-2.888425212694646,-0.2823209135972737,5.0772808711955575,-0.6262619609638933
10.866666666666667,-0.015254215672520197,-3.1380078988855056,-0.23792549625183984,5.565929304007962,-0.6262801577656685
10.875,-0.04226723268392469,-3.3334805376720507,-0.18981974834863544,5.959131350318627,-0.6263026958852631
10.883333333333333,-0.07057405423179243,-3.4434229495603104,-0.1390198474217128,6.203936420649295,-0.6263287504842
10.891666666666666,-0.09934940783879258,-3.4430878474736155,-0.08695188413768512,6.258701273808174,-0.6263565178803827
10.9,-0.1276345215708284,-3.3268005652161596,-0.035265778187509915,6.11408827833592,-0.6263836163993026
10.908333333333333,-0.15451921652315787,-3.1112985842370326,0.014472985092922053,5.7986678337962845,-0.6264078908906489
10.916666666666666,-0.1792973764432805,-2.826618973829676,0.06104579091027514,5.363374044266494,-0.6264280562541965
10.925,-0.2015226654821922,-2.5031958866833848,0.10367361668707024,4.85959858087723,-0.6264437979077166
10.933333333333334,-0.22097476011362063,-2.1641548019707115,0.14195823291063367,4.32620004605268,-0.6264554749933279
10.941666666666666,-0.23758932096895902,-1.8239518513865902,0.17576277688137937,3.7873129610957976,-0.6264637581183873
10.95,-0.25139229276886277,-1.4902030811951748,0.20510055607123082,3.255539983199913,-0.6264693791103275
10.958333333333334,-0.2624529364764408,-1.166052645637684,0.23005618299165806,2.7360138534046707,-0.6264730064174818
10.966666666666667,-0.2708547347245365,-0.8520195632901842,0.2507372541511648,2.2295422163697625,-0.6264752016665701
10.975,-0.27667888651027184,-0.5471875872780063,0.26724740533683455,1.73462113785992,-0.6264764160326567
10.983333333333333,-0.27999551144314355,-0.24989826150444186,0.27967237088466,1.2485991082622205,-0.6264770016884409
10.991666666666667,-0.2808592057604727,0.04187091884879529,0.2880733183361855,0.7683050769916784,-0.6264772263172954
11.0,-0.2793069219350252,0.33030868945850256,0.29248401066526397,0.2903700128653776,-0.6264772871828468
11.008333333333333,-0.27535706096503737,0.617666447480646,0.2929099065958895,-0.1886113259771381,-0.626477330984714
11.016666666666666,-0.26900923171369845,0.9061917007266207,0.2893283004133677,-0.671974762015978,-0.6264774813217155
11.025,-0.2602445680221829,1.1980585642102468,0.2816893471901504,-1.162880408135517,-0.6264779005043912
11.033333333333333,-0.24902673732446842,1.4952593786791517,0.26991811375030217,-1.6641488203811663,-0.6264788217805072
11.041666666666666,-0.23530427073019386,1.7993850581239523,0.25391872719896463,-2.177903553717229,-0.6264805616207189
11.05,-0.21901545559148458,2.111212020983911,0.2335827463391747,-2.70488517806772,-0.626483532746296
11.058333333333334,-0.2000979176917311,2.4299636658177914,0.20880537099768318,-3.2432115012085996,-0.6264882530778152
11.066666666666666,-0.17850630093759653,2.7520766041586286,0.1795152977545608,-3.786292417455752,-0.6264953382948777
11.075,-0.15424276649576021,3.069353424251507,0.14572629837928247,-4.3196932198773235,-0.6265054537244673
11.083333333333334,-0.12740487371364603,3.3667344801778785,0.10761837319129058,-4.817336224938993,-0.6265191873604263
11.091666666666667,-0.09824995292618978,3.6208871090849866,0.06564708063386897,-5.23908137762611,-0.6265368087835961
11.1,-0.06725904174762748,3.8022592033160776,0.02065225977064517,-5.5342130874795625,-0.6265579430456125
11.108333333333333,-0.03515920836086467,3.8832356090751285,-0.02610419044360811,-5.655365602450712,-0.6265813412118708
11.116666666666667,-0.0028568892290827563,3.85034647815624,-0.07305261318282244,-5.5794030948146185,-0.6266050375706377
11.125,0.028717566260471283,3.711616583378279,-0.1185818533746101,-5.320007945068762,-0.6266269653395905
11.133333333333333,0.05877841772191152,3.4920512013940277,-0.1613280173671491,-4.919976095111809,-0.6266456446326814
11.141666666666666,0.0867778208164447,3.221685070855363,-0.20033468663265144,-4.43079490338125,-0.6266604743402009
11.15,0.11240325837676896,2.9258612380531,-0.23504938619696367,-3.896046120906793,-0.6266715799908534
11.158333333333333,0.13551981967078236,2.6217390552128443,-0.2652259682539674,-3.3454585324966772,-0.6266794893149283
11.166666666666666,0.15610348988972217,2.31909374268598,-0.2908117440167837,-2.7962784313477997,-0.6266848610619908
11.175,0.17418846270902033,2.022492868078405,-0.31185852518246177,-2.2569725147869097,-0.6266883295614076
11.183333333333334,0.18983240898325324,1.7332868800946344,-0.3284641530221795,-1.7306001988640245,-0.6266904391184598
11.191666666666666,0.2030958778282887,1.4509979767340404,-0.340737911866744,-1.2171535885372062,-0.6266916281130941
11.2,0.21403092936286416,1.1741731004620062,-0.34878144111053067,-0.7149825629372945,-0.6266922347593715
11.208333333333334,0.22267523195257094,0.9008700361484085,-0.35267872465997663,-0.22159559135028115,-0.6266925095503444
11.216666666666667,0.2290491968414468,0.6289205364172313,-0.3524910346318061,0.2659172678079107,-0.6266926279625054
11.225,0.2331547505933365,0.3560742514559866,-0.3482544809364528,0.7506572897035622,-0.6266927219311595
11.233333333333333,0.23497499908053643,0.08007258806006622,-0.33997892379713446,1.2358146143796982,-0.6266929450145068
11.241666666666667,0.23447436179366812,-0.2013007987445971,-0.3276474608614115,1.724609217190892,-0.626693494086338
11.25,0.23159921716287796,-0.49014283681917514,-0.31121658348805975,2.22018216956305,-0.6266946214448802
11.258333333333333,0.2262794115625261,-0.7882933690967959,-0.29061761853679297,2.725382744135965,-0.6266966559497852
11.266666666666666,0.21843139134357176,-1.0970682840143093,-0.26576075274993016,3.242336693140124,-0.6267000189076417
11.275,0.20796445301839817,-1.4167569025681543,-0.23654416703478776,3.771615310591717,-0.6267052377216936
11.283333333333333,0.19479268409821973,-1.7457285308696728,-0.20287265192485476,4.310738687191425,-0.6267129514632211
11.291666666666666,0.17885663658596018,-2.0789604277293683,-0.16469261215618125,4.851686912990911,-0.6267238907663593
11.3,0.16016006029206475,-2.4059074704457717,-0.12205264414170613,5.37726836966407,-0.6267387989158298
11.308333333333334,0.13882590942284645,-2.7081631566204636,-0.07519714443385234,5.857085119410101,-0.6267582467045475
11.316666666666666,0.1151673053343816,-2.9586418206240697,-0.024686113310897373,6.246014193103223,-0.6267823115159699
11.325,0.08974797909014912,-3.125509139287501,0.028501581813517887,6.490701804126666,-0.626810199374911
11.333333333333334,0.06338147295208876,-3.182883266618392,0.08296745882822246,6.54757509424967,-0.6268400845414195
11.341666666666667,0.037026341992876195,-3.1235674067197863,0.13706829327676623,6.404394138060989,-0.6268694836337249
11.35,0.011604231616514788,-2.9631428867421015,0.1892217808862797,6.087224692811013,-0.6268960794304099
11.358333333333333,-0.01216106788674377,-2.7313395150589583,0.23817704744683652,5.645872513474107,-0.6269184230575781
11.366666666666667,-0.03380620962815408,-2.458995688346102,0.2831191430048702,5.1318921440831415,-0.6269360847819615
11.375,-0.05309872632724344,-2.1699323046361627,0.32361848696768303,4.584970343652718,-0.6269493706219118
11.383333333333333,-0.06996797463559082,-1.879275955569411,0.359514664647366,4.0302252613636576,-0.6269589467370594
11.391666666666666,-0.08443858554702378,-1.595161142664159,0.3908054092173608,3.4811720060025624,-0.6269655693018044
11.4,-0.09658213300023308,-1.3210873336522448,0.4175668707031314,2.9437382450441842,-0.6269699442023869
11.408333333333333,-0.10648679927680225,-1.0577975199531344,0.4399043873191181,2.4194314626273434,-0.6269726739582433
11.416666666666666,-0.11423993704107022,-0.8045065460313274,0.4579248946920855,1.907387317102569,-0.6269742490649989
11.425,-0.11991864165659977,-0.5596269541107171,0.47172260609243066,1.4055613802676457,-0.6269750572762386
11.433333333333334,-0.1235849142979469,-0.3211716085703553,0.4813721515568909,0.9113732170833758,-0.6269753976079262
11.441666666666666,-0.12528331405812843,-0.08696622008585676,0.4869256227991543,0.4220299211241742,-0.6269754934052003
11.45,-0.12503989805301666,0.14524303606358183,0.48841150245647463,-0.06532660150570224,-0.6269755025020389
11.458333333333334,-0.12286182246385892,0.3777301712044054,0.4858344302584822,-0.5535508136270335,-0.6269755335941188
11.466666666666667,-0.11873736118129583,0.6127477888172344,0.4791754380533897,-1.0454513921193016,-0.6269757091316447
11.475,-0.11263622378921317,0.8524898032463818,0.4683924037757735,-1.5437679080555085,-0.626976210978154
11.483333333333333,-0.10451034498158628,1.0990092309757737,0.4534209845900967,-2.0510673469092207,-0.6269772908942636
11.491666666666667,-0.09429566676461308,1.3540542195827652,0.4341769375804478,-2.5695019832549515,-0.6269792817330044
11.5,-0.08191584512213199,1.6187559526085258,0.4105613977470348,-3.1003176866246394,-0.6269826104132327
11.508333333333333,-0.06728953209259265,1.8930606919149018,0.3824719008907938,-3.6429293879514324,-0.6269878088719346
11.516666666666666,-0.05034398016622863,2.1747513974236505,0.3498238102905681,-4.193298791044909,-0.6269955137756508
11.525,-0.031039101465260007,2.4578946163005235,0.3125891963057805,-4.74132831207394,-0.6270064356256428
11.533333333333333,-0.009406993884213783,2.730714685469607,0.27086179913575004,-5.267260436251465,-0.6270212631801235
11.541666666666666,0.014390255810089906,2.9735290119691067,0.22495311454170855,-5.7381380341963935,-0.6270404600776023
11.55,0.03999205843108126,3.1587029081091216,0.17550718296428922,-6.107636732474249,-0.6270639417851521
11.558333333333334,0.06678969100126526,3.255728659230548,0.12358427303856293,-6.324556590110086,-0.6270907431687498
11.566666666666666,0.09394576157097874,3.242414932011828,0.07062835657671343,-6.351694589534407,-0.6271189608446526
11.575,0.12051418883004382,3.1161894914516037,0.018264828242741945,-6.1849437260132945,-0.6271462172883056
11.583333333333334,0.14561913664523493,2.895627363096166,-0.032001215331947046,-5.855819869992225,-0.6271704570595873
11.591666666666667,0.16859585160032858,2.6106461677772854,-0.07902160018863806,-5.414792054131484,-0.627190517097345
11.6,0.1890326692920312,2.2903870883714386,-0.12207407624335198,-4.910775875606997,-0.6272061658246648
11.608333333333333,0.20673207123565387,1.9565586816615594,-0.1607948029385004,-4.379973800755543,-0.6272177950388563
11.616666666666667,0.22164218652209622,1.622590515682577,-0.19506187100860942,-3.844576547652412,-0.6272260753633145
11.625,0.23379475596491667,1.2955096249816769,-0.2248907536389387,-3.3160368925080435,-0.6272317254358739
11.633333333333333,0.24326132751620794,0.9781828111257388,-0.25036122000640515,-2.7989133395467074,-0.6272353988142605
11.641666666666666,0.25012618979383167,0.6710323020300996,-0.27157282304657654,-2.2937871345590777,-0.6272376452113906
11.65,0.2544709668675347,0.3731358357074727,-0.2886201469224982,-1.799118778236271,-0.6272389078703189
11.658333333333333,0.25636634270615294,0.08286835698366839,-0.3015800387429298,-1.3123209042897026,-0.6272395345280074
11.666666666666666,0.2558678251626672,-0.20174530418150818,-0.3105055542689535,-0.8303393376279298,-0.6272397912403225
11.675,0.2530136960692571,-0.48284191956673217,-0.31542346460015785,-0.3499547902523851,-0.6272398800356448
11.683333333333334,0.24782412061164874,-0.7626205122702776,-0.31633358455264937,0.13206476459358457,-0.6272399579266664
11.691666666666666,0.24030092400520073,-1.0432710126505953,-0.3132091118986128,0.6188553486942588,-0.6272401539596368
11.7,0.2304279993636591,-1.3268923979990839,-0.3059979428988488,1.1133321080001568,-0.6272406289639211
11.708333333333334,0.21817252296823436,-1.6153693338900852,-0.2946251854319841,1.618004508065249,-0.6272416140750834
11.716666666666667,0.20348764165170385,-1.9101303422864706,-0.2789979856326456,2.1345856702992303,-0.6272434229052407
11.725,0.1863179428769342,-2.211704297057341,-0.25901491628468104,2.663258848764932,-0.6272464630213297
11.733333333333333,0.1666098933277177,-2.5189465437410528,-0.2345836421690988,3.2013817680267818,-0.6272512419584491
11.741666666666667,0.1443306446141192,-2.827780099313932,-0.20565265449487752,3.7413633064795815,-0.6272583548106311
11.75,0.11949968508409615,-3.129377995194657,-0.17226473411081583,4.267582296776176,-0.6272684290067965
11.758333333333333,0.09223710022894543,-3.408109955809421,-0.13463862319416564,4.752894124618279,-0.6272819904514851
11.766666666666666,0.0628258770789782,-3.6405558922113825,-0.09327462867407736,5.156945285193984,-0.627299224065375
11.775,0.03176931943830913,-3.7981591420987693,-0.0490519193762134,5.4306975698270366,-0.627319672115429
11.783333333333333,-0.00019717757277036433,-3.85561875393725,-0.0032478899197657023,5.530768186595036,-0.6273420568067887
11.791666666666666,-0.03218112866366935,-3.8022604214304145,0.04259083354369184,5.4388778773363144,-0.6273644840062056
11.8,-0.0632859392435027,-3.647824422321771,0.08691077911225494,5.171751308338728,-0.6273850440853158
11.808333333333334,-0.09276620428476713,-3.4171802306850787,0.1284179364283505,4.772066245137986,-0.627402424213665
11.816666666666666,-0.1201074152962789,-3.1389972539493685,0.16621468784607227,4.289070782257777,-0.6274161332131625
11.825,-0.14501763012286945,-2.837069552539018,0.19978619904311767,3.7637591591758466,-0.6274263357978577
11.833333333333334,-0.16737106832243254,-2.5274058427551807,0.2289047325436627,3.223912410340406,-0.6274335505245643
11.841666666666667,-0.18714530833790793,-2.2191108247917715,0.25352311217234547,2.6856086241114308,-0.6274384052401127
11.85,-0.20437212725620932,-1.9164342397949998,0.2736914677045671,2.1567125927349267,-0.6274414987552474
11.858333333333333,-0.21910508848488758,-1.6206177297732047,0.28950244978578304,1.640009103704008,-0.6274433430865555
11.866666666666667,-0.23140023204364887,-1.3311830429753237,0.30105862588638227,1.1353777394638476,-0.6274443499771452
11.875,-0.24130534239231863,-1.0467266594020257,0.30845431281006636,0.6411247119945703,-0.6274448366254542
11.883333333333333,-0.24885432230533408,-0.7653759423092915,0.31176592611592907,0.1547384943797512,-0.6274450372184176
11.891666666666666,-0.2540644324225167,-0.48503974445403647,0.3110470388307587,-0.3267027506569985,-0.6274451150022172
11.9,-0.2569351162946625,-0.20355089945770655,0.3063260066692037,-0.8063009809385386,-0.6274451984256081
11.908333333333333,-0.2574477251440983,0.08125576735918105,0.2976050026904644,-1.287225672495975,-0.6274454418496554
11.916666666666666,-0.2555658037114991,0.3714747530842258,0.28485981727096454,-1.7726186548741867,-0.6274460438657721
11.925,-0.25123608602716707,0.6690237763027764,0.2680407063874515,-2.2654309614528825,-0.6274472658942694
11.933333333333334,-0.2443906690212677,0.9754557685260065,0.24707510710570207,-2.7681190580436565,-0.6274494492407373
11.941666666666666,-0.2349513768397019,1.291605017746242,0.2218739388314513,-3.282060621451085,-0.6274530279671785
11.95,-0.2228381562210342,1.6169499911278395,0.19234461285240476,-3.806488259722117,-0.6274585385728316
11.958333333333334,-0.20798450994759018,1.9485326933150742,0.15841587972696589,-4.336664956041328,-0.6274666159201584
11.966666666666667,-0.19036431632440512,2.279292678468997,0.1200819758818121,-4.861050960466995,-0.6274779535791485
11.975,-0.17003478460566462,2.595921636216201,0.0774743186962391,-5.357626148435685,-0.6274931923346847
11.983333333333333,-0.14719664931498622,2.8771214641850174,0.03096295119679843,-5.790850124887391,-0.6275126969788183
11.991666666666667,-0.12225984490633249,3.094524890232673,-0.018731818657850684,-6.113097497720079,-0.6275362282081864
12.0,-0.09587994869670932,3.2191650537365395,-0.07047629351185992,-6.275513184439834,-0.6275626544631859
12.008333333333333,-0.06891669151378355,3.23307987263184,-0.12279173939199721,-6.247651577107851,-0.627589995417297
12.016666666666666,-0.04229805105291479,3.1386746095015967,-0.1740828758784353,-6.0333911751642,-0.6276159656657558
12.025,-0.01684769241602274,2.957331972534358,-0.2229289398331949,-5.668631102248446,-0.6276387308426726
12.033333333333333,0.006831880822765529,2.718659309504049,-0.2682807153868902,-5.203113401078628,-0.627657352608793
12.041666666666666,0.028379895281455424,2.449688031718933,-0.3094949039900091,-4.682200812034817,-0.6276717398974279
12.05,0.04763052513732571,2.1698371478424505,-0.3462551835610263,-4.138451992645138,-0.6276823346344446
12.058333333333334,0.0645467390248689,1.8908360180498986,-0.3784613077207729,-3.5915804823899977,-0.627689801539509
12.066666666666666,0.07916377801303091,1.618669324374562,-0.4061350815653532,-3.051792883894618,-0.6276948302492804
12.075,0.0915501183047572,1.3556333166792882,-0.42935613400159256,-2.52327382959254,-0.6276980408968102
12.083333333333334,0.1017834994143935,1.1018588158895972,-0.44822311026447403,-2.0067429100630143,-0.6276999526841818
12.091666666666667,0.10993725421065598,0.8562803635289489,-0.46283207162910844,-1.5010626468758448,-0.6277009826887766
12.1,0.11607292721950462,0.6172038410197985,-0.4732652502014319,-1.004163315248574,-0.6277014560048316
12.108333333333333,0.12023648099400198,0.3826213446314861,-0.4795855759033711,-0.5135399205922587,-0.6277016181004226
12.116666666666667,0.1224564545114972,0.15037879423206316,-0.4818342115351575,-0.02650090996299019,-0.6277016455707309
12.125,0.12274315237330786,-0.0817344925981047,-0.48002954876831305,0.4597124910870819,-0.6277016572791692
12.133333333333333,0.12108843410626723,-0.3159269521367822,-0.4741669783132135,0.947854201896528,-0.6277017636897589
12.141666666666666,0.11746589882957889,-0.554365715873198,-0.46421905213021764,1.4406464175266982,-0.6277021257164339
12.15,0.11183146034183283,-0.7991135385528194,-0.45013598785380227,1.940708091568872,-0.6277029692098214
12.158333333333333,0.10412467925787466,-1.052004438402242,-0.4318471695872687,2.4503787569464066,-0.6277045945823283
12.166666666666666,0.0942715504140339,-1.3144075923487981,-0.4092648210263377,2.9713543619235034,-0.6277073887604016
12.175,0.08219000847463462,-1.586793276056157,-0.3822919801687519,3.5039887681816064,-0.6277118370740452
12.183333333333334,0.06780031090057868,-1.8679709572627223,-0.3508384313264425,4.046038911398269,-0.6277185287598039
12.191666666666666,0.05104369995088387,-2.1538373689745027,-0.3148503851814168,4.5905731934623395,-0.6277281420971087
12.2,0.031913950034910994,-2.4355365811765552,-0.27436181084713207,5.122865009239497,-0.6277413826245162
12.208333333333334,0.010505992281493928,-2.6973065740994775,-0.2295747535654615,5.616717289627833,-0.6277588346628032
12.216666666666667,-0.0129200715143933,-2.915266331660401,-0.18096617578221225,6.0323246872021805,-0.6277806939111327
12.225,-0.03787759428021658,-3.0597875310367644,-0.12939124345269173,6.3201589555638025,-0.6278064235462766
12.233333333333333,-0.06363617452158209,-3.103892149840622,-0.07611295168462141,6.435059441412553,-0.6278345378973725
12.241666666666667,-0.08929389418968972,-3.0352819720555857,-0.022681184544799553,6.356520079192953,-0.6278628133039845
12.25,-0.11393484669563128,-2.8630799783769207,0.029332111962200084,6.100051672634003,-0.6278889702744631
12.258333333333333,-0.1367947248056263,-2.612832135483952,0.0786109869116864,5.708673555863103,-0.6279113974592946
12.266666666666666,-0.15734927246354394,-2.3145935857910227,0.12424275126860682,5.232754538975194,-0.6279294387061533
12.275,-0.1753086848353134,-1.9935316630846667,0.16570651776243367,4.714212109507775,-0.6279432172755856
12.283333333333333,-0.19055940160451518,-1.6666803490600364,0.2027738264818245,4.181171463343704,-0.6279532891806467
12.291666666666666,-0.20309823555392223,-1.3438167065675333,0.23539749570125554,3.649574760774813,-0.627960357333045
12.3,-0.2129806995719812,-1.0296175391710278,0.26362532391848065,3.126901557159476,-0.6279651078506305
12.308333333333334,-0.2202869854060438,-0.725605037318435,0.28754404776645703,2.6154859215447464,-0.6279681402637605
12.316666666666666,-0.2251017152286947,-0.43149673774810937,0.3072466870511437,2.1147985452905935,-0.6279699497015018
12.325,-0.22750265303676373,-0.146032287551135,0.3228149733258065,1.6228311279362038,-0.6279709319028043
12.333333333333334,-0.22755471062168298,0.13255539503526062,0.3343105934785046,1.1368744979470533,-0.6279713954881884
12.341666666666667,-0.22530690936593306,0.4062819120115932,0.3417712665817552,0.6539343970593803,-0.627971577713333
12.35,-0.22079094556304504,0.6772733336270819,0.3452093578218554,0.1709446413379476,-0.6279716645575866
12.358333333333333,-0.21402062668826274,0.9476848995094058,0.34461180277976294,-0.31511442892809144,-0.6279718005883065
12.366666666666667,-0.20499194769855522,1.219621731125081,0.33994097168375426,-0.8070963648911451,-0.6279721192042083
12.375,-0.19368389900238628,1.49503998493757,0.33113662781244196,-1.3075448720191225,-0.6279728060435662
12.383333333333333,-0.1800603461650132,1.775574365838762,0.3181194735386351,-1.8184284624569909,-0.6279741214302529
12.391666666666666,-0.16407392149474953,2.0622155276107743,0.30079790332646167,-2.340616614904495,-0.627976411053436
12.4,-0.14567354747587308,2.3547410088643312,0.2790807240594232,-2.8729373180355564,-0.6279801145167537
12.408333333333333,-0.12481819234480825,2.650764362139584,0.2529002656139417,-3.4105842768474353,-0.627985763397238
12.416666666666666,-0.10150059660184826,2.944279992772765,0.22225226117938002,-3.9426621308530225,-0.6279939519012715
12.425,-0.07578512877845248,3.2237725714679946,0.18725962486381195,-4.448982116596118,-0.6280052518484193
12.433333333333334,-0.04786119953263371,3.470568038156651,0.1482626449588387,-4.897257649874635,-0.6280200392568033
12.441666666666666,-0.01810357704623665,3.659230538736414,0.10592092939105179,-5.243779143246396,-0.6280382306175053
12.45,0.01288813721618322,3.76254101693278,0.0612798165696763,-5.44190906708785,-0.6280590274192889
12.458333333333334,0.044313574130123726,3.7614030890799,0.015728292728974785,-5.45900252814679,-0.6280808932437589
12.466666666666667,0.07528184149191151,3.65423793110761,-0.02919031872854446,-5.292456366724452,-0.6281019366240751
12.475,0.1049688463417398,3.4578804468610356,-0.07204800258328242,-4.971216075008536,-0.6281205350048267
12.483333333333333,0.13273990002796712,3.1991036596086233,-0.11174209699639724,-4.54125601754168,-0.6281357757593327
12.491666666666667,0.15818760500424978,2.9042245911031404,-0.14756033766547624,-4.047803085440327,-0.6281474886032684
12.5,0.18109948050112443,2.593193080620838,-0.17912584550225366,-3.525249515764855,-0.6281560065902031
12.508333333333333,0.20139818953756053,2.278617613370717,-0.2062954507588623,-2.995507198351881,-0.6281618918873612
12.516666666666666,0.21908573063866837,1.967258198690034,-0.2290649000251032,-2.470564091723207,-0.628165746686165
12.525,0.2342028938501304,1.6619667467456691,-0.2475001255335525,-1.9557902093756085,-0.628168117293278
12.533333333333333,0.24680352374149336,1.363237698413161,-0.2616936947025007,-1.452568999426494,-0.6281694593838755
12.541666666666666,0.25693949882587935,1.0702377165886754,-0.2717394052664028,-0.9600360122434503,-0.6281701341170529
12.55,0.2646524850503125,0.7814263053960689,-0.2777182838350756,-0.47611931548202086,-0.6281704163986321
12.558333333333334,0.2699696564354077,0.49490881733513215,-0.27969120373356765,0.0018754652360111652,-0.628170505825444
12.566666666666666,0.27290164199970995,0.20863409739238922,-0.27769516793463933,0.47694173816177304,-0.6281705401006332
12.575,0.273441763249416,-0.07948553932813017,-0.2717417078207805,0.9521761202797084,-0.6281706443948435
12.583333333333334,0.27156606239685754,-0.37149613800573544,-0.26181651093381025,1.4306652816957937,-0.6281709801578537
12.591666666666667,0.26723403121664197,-0.6693039344400783,-0.24788008293584368,1.915334484463274,-0.628171766233399
12.6,0.2603903804889561,-0.9745146880839608,-0.22987007103351362,2.4086863535893213,-0.628173294264983
12.608333333333333,0.25096864712684436,-1.28813969879323,-0.20770660697918392,2.912314252466844,-0.6281759400303495
12.616666666666667,0.23889813423230877,-1.6100700854314074,-0.18130320656877966,3.4260213625420657,-0.6281801732626119
12.625,0.22411666489815849,-1.9381818605464447,-0.15058745593144593,3.9463089994248852,-0.6281865582109836
12.633333333333333,0.20659283855932942,-2.266932125332773,-0.11553780442601778,4.463990474527353,-0.6281957284149424
12.641666666666666,0.18636217738144986,-2.5854608823026872,-0.07624404391931962,4.960944014187026,-0.6282083069055552
12.65,0.1635795140873846,-2.8757622434284853,-0.032995699431196825,5.406949819818128,-0.6282247354136973
12.658333333333333,0.13858096106020393,-3.112605490661057,0.013612682834191531,5.759465155313953,-0.6282450007701671
12.666666666666666,0.11193003890884824,-3.267845637874392,0.06260235003425713,5.9708524482712715,-0.6282683440017337
12.675,0.08440466583884927,-3.320080074058457,0.1126310133654515,6.004741109806049,-0.6282931810309016
12.683333333333334,0.05689572094908859,-3.264880672243094,0.16216369471451303,5.853439775250989,-0.628317452821082
12.691666666666666,0.030248122735436755,-3.1171502233893498,0.20974163478836738,5.541997019680713,-0.6283392890878345
12.7,0.005126701215842964,-2.903369227775536,0.25420953326414303,5.115080659501728,-0.6283575400618241
12.708333333333334,-0.01803414101327737,-2.650765615079152,0.2948009030427396,4.61864278920905,-0.6283718775751251
12.716666666666667,-0.03900462502294894,-2.380585547141967,0.33109470147920456,4.08857262459322,-0.6283825683084151
12.725,-0.0577005433981615,-2.106590081717225,0.36291616499981955,3.5482165590652235,-0.6283901759684282
12.733333333333333,-0.07412536049561008,-1.8363807946921258,0.39024007217969886,3.010667066620948,-0.6283953425566332
12.741666666666667,-0.08832709631607452,-1.573362305071718,0.4131192676563315,2.4820965506556796,-0.6283986706563596
12.75,-0.10037048598226422,-1.3183678070615519,0.4316390274111785,1.964495246974061,-0.6284006761082293
12.758333333333333,-0.11032047889406076,-1.070758622953591,0.4458904402953997,1.457504998533876,-0.6284017780377668
12.766666666666666,-0.11823301674802424,-0.8290956109823461,0.45595585454706417,0.9595227658865954,-0.6284023048020726
12.775,-0.12415012391076814,-0.5915247643801983,0.46190134171015274,0.46831904917788025,-0.6284025046521513
12.783333333333333,-0.1280974253906949,-0.35598971589375816,0.4637729850414793,-0.018636311641333825,-0.6284025560315255
12.791666666666666,-0.13008299354928007,-0.12034938188973622,0.46159514261559975,-0.5040058716263904,-0.6284025803266345
12.8,-0.1300969743915704,0.11754852971863355,0.4553697998650161,-0.9904869377917604,-0.6284026944437301
12.808333333333334,-0.1281116938144218,0.3598198825755185,0.44507645814072977,-1.4807701979117678,-0.6284030603760468
12.816666666666666,-0.12408222137559852,0.6084759101921029,0.43067248251984774,-1.9774585187195204,-0.6284039013244443
12.825,-0.11794769293297136,0.8653024542738029,0.41209446311452785,-2.482894840678315,-0.6284055128857182
12.833333333333334,-0.10963403491192708,1.131633804829989,0.38926167302287235,-2.9988131559126607,-0.6284082743502882
12.841666666666667,-0.0990592787657658,1.4079404582829254,0.3620836260850462,-3.5256750325923694,-0.6284126600415534
12.85,-0.08614349622296413,1.6931084439428725,0.33047517442543084,-4.061482456944513,-0.6284192448294237
12.858333333333333,-0.0708265580698044,1.98325669582767,0.29438460121616916,-4.599801291305477,-0.6284286908125153
12.866666666666667,-0.053098077819736536,2.2699938610750707,0.25384219863885893,-5.126816247409823,-0.6284416904369816
12.875,-0.03304362797346154,2.538348553298155,0.20903649004840483,-5.6177942744456,-0.6284588285871923
12.883333333333333,-0.010906114809934019,2.765497289301526,0.16041661664021592,-6.034841187412236,-0.6284803313820712
12.891666666666666,0.012853679969878146,2.9227310379542484,0.10879429816794033,-6.330088676270497,-0.6285057350166428
12.9,0.037535727176703115,2.9831022926093422,0.055380735612831945,-6.4584922809671035,-0.6285336575050772
12.908333333333333,0.06226303516700376,2.932966502580299,0.0016829409338992066,-6.397271316337654,-0.6285619608989887
12.916666666666666,0.08612917237952927,2.7792657780518044,-0.050743633805441904,-6.158189446242063,-0.6285883803508417
12.924999999999999,0.10836194185576212,2.545752412106383,-0.10056950318368253,-5.78113786559179,-0.628611243343858
12.933333333333334,0.12841865735604938,2.2617792695577346,-0.14684977937115706,-5.315195009167195,-0.6286298003861386
12.941666666666666,0.1459893342317208,1.9527164006805957,-0.18902759161090288,-4.802527751914673,-0.6286440939828133
12.95,0.16094388312768382,1.6361903019254913,-0.22684396465282422,-4.272188523426747,-0.6286546297823532
12.958333333333334,0.17326778967938197,1.3225932701053835,-0.2602294727614848,-3.7411091564812855,-0.6286620877314079
12.966666666666667,0.18300989692671882,1.017094176944283,-0.2892172320987228,-3.217576765055906,-0.6286671488950581
12.975,0.1902472285960823,0.7215661993097723,-0.3138851215428573,-2.7045198736102187,-0.6286704173949118
12.983333333333333,0.19506366736242522,0.4359645672620339,-0.33432151499160767,-2.2018348779922734,-0.6286723973000186
12.991666666666667,0.19753786682813104,0.1591875552517914,-0.35060653357640276,-1.7078246589866268,-0.6286734947563736
13.0,0.1977367209198341,-0.11042438306326849,-0.3628025250625926,-1.2200199931143292,-0.62867402887667
13.008333333333333,0.19571198726217243,-0.3748107185596002,-0.3709496782847453,-0.7356246757202479,-0.6286742461956495
13.016666666666666,0.19149865019594114,-0.636039502729652,-0.3750643712636306,-0.2517470261015111,-0.6286743396348525
13.025,0.18511423953716416,-0.8962192964268421,-0.3751389388949495,0.2344743968296676,-0.6286744582280844
13.033333333333333,0.1765588151244606,-1.1574197358580354,-0.3711423850507007,0.7257555596290978,-0.6286747294423735
13.041666666666666,0.16581567433895197,-1.4215761462468288,-0.3630221525511428,1.22453029999294,-0.6286753233359966
13.049999999999999,0.15285303963310495,-1.6903366355457012,-0.35070730048643073,1.732722944025957,-0.6286764809484058
13.058333333333334,0.13762752174467582,-1.9647779039601803,-0.33411445020861386,2.251293588878198,-0.628678524206245
13.066666666666666,0.12009077116591405,-2.2449068285983493,-0.31315891307879773,2.7794196557526183,-0.6286818641742875
13.075,0.10020158602529565,-2.5288272708984016,-0.2877748548733899,3.313107671482364,-0.6286870009553905
13.083333333333334,0.07794679505630883,-2.811451969244047,-0.2579501554486331,3.8430279641812404,-0.6286945010648131
13.091666666666667,0.05337482010688926,-3.0827755751466097,-0.22378265198775155,4.35159462389738,-0.6287049279501303
13.1,0.026644034967245222,-3.326198047831058,-0.1855614567881183,4.810118176998125,-0.6287186950344286
13.108333333333333,-0.001919746922717269,-3.518349801484093,-0.14386381342203883,5.178502868841367,-0.62873583043326
13.116666666666667,-0.03177867403648509,-3.632751878478954,-0.09963005286712244,5.411476335772179,-0.6287557214650907
13.125,-0.06218976238140622,-3.6483816659405934,-0.054150791943009015,5.473193374595068,-0.6287770279441113
13.133333333333333,-0.09229247308028574,-3.5593437732001854,-0.008916558938296728,5.3537276498111215,-0.6287979584808243
13.141666666666666,-0.12125471185515867,-3.3780403689764524,0.03463210681413437,5.074448805173965,-0.6288168391640594
13.15,-0.1484044877083462,-3.128865398776217,0.07532970286500658,4.677208107645844,-0.6288326042224373
13.158333333333333,-0.17328742413974774,-2.8380830185018118,0.11238388800671485,4.207033027946391,-0.6288449216095371
13.166666666666666,-0.19564981976766285,-2.52687423281775,0.14534646179781724,3.700270936931651,-0.6288540108415301
13.174999999999999,-0.21538497878629217,-2.2093339893422583,0.1740218542885284,3.1812016755688086,-0.6288603760771522
13.183333333333334,-0.2324770755454367,-1.8934611432321757,0.19837164516998854,2.6637500416514035,-0.6288646011369768
13.191666666666666,-0.2469579115676389,-1.5829908003898967,0.21844120554912064,2.1546186891574055,-0.628867236044493
13.2,-0.25887839665468393,-1.2790017262919249,0.23431145705098388,1.6560240786622655,-0.628868750365139
13.208333333333334,-0.2682914124121198,-0.9810356918017623,0.24606996539703926,1.1675932358555752,-0.628869522868049
13.216666666666667,-0.2752421511027029,-0.6877932617843466,0.2537946698491431,0.687536084061342,-0.6288698468495808
13.225,-0.2797629528080024,-0.39753928093484964,0.2575451653285875,0.2133229595252468,-0.6288699400392963
13.233333333333333,-0.28187072008872127,-0.10833240140526748,0.25735826801445233,-0.25793661270980406,-0.6288699542928504
13.241666666666667,-0.28156582496619476,0.18183391051161749,0.2532460422181818,-0.7292601554276172,-0.6288700024943
13.25,-0.2788319956327689,0.474933423790347,0.2451954313137369,-1.2036384023097235,-0.6288702226177866
13.258333333333333,-0.27363697798607967,0.7728079772892587,0.23316907061595898,-1.6838819587952463,-0.6288708112402771
13.266666666666666,-0.26593424770754764,1.0770053961285129,0.21710778845067188,-2.1723558754589116,-0.6288720346675624
13.275,-0.25566654170853476,1.3884927158818705,0.19693611207901715,-2.670503007272213,-0.6288742388390707
13.283333333333333,-0.24277260405885062,1.7071530666655301,0.1725731490631477,-3.177999006578902,-0.6288778580357678
13.291666666666666,-0.22719945410138573,2.030940607595217,0.14395278031775044,-3.691323092935362,-0.6288834151258477
13.299999999999999,-0.20892357204534584,2.3545698762756158,0.11105897985616196,-4.201529359681821,-0.6288914985074715
13.308333333333334,-0.18798498671020988,2.667759958369121,0.07398313450986152,-4.691244923939605,-0.6289026901967886
13.316666666666666,-0.16453634738202255,2.953548613779689,0.033007077630057724,-5.131762020557393,-0.6289174129439719
13.325,-0.1389009341475657,3.188182998154567,-0.0112982284456169,-5.482787503449832,-0.6289356854045856
13.333333333333334,-0.11161675862054929,3.3449577371412533,-0.057997108907487126,-5.698908015260377,-0.6289568578478496
13.341666666666667,-0.08342750096292602,3.4029666079920506,-0.10580365711099517,-5.744458590853427,-0.6289795263047495
13.35,-0.05519205259887752,3.35672326407186,-0.15323477709080469,-5.609928943333844,-0.6290018236417385
13.358333333333333,-0.027737324415248128,3.219008062369112,-0.1988601846343674,-5.316863765618253,-0.6290220074839586
13.366666666666667,-0.0017280982946196416,3.014304634185162,-0.2415238237987637,-4.906736940843008,-0.6290389617821478
13.375,0.022388064795146632,2.7687205303115014,-0.28043790632431226,-4.4238437392773164,-0.6290523238331726
13.383333333333333,0.04436260588626364,2.5032214808556015,-0.3151526245227419,-3.903844618512398,-0.6290622996857878
13.391666666666666,0.06409239726898003,2.231750417872108,-0.34546617147594993,-3.370614479554576,-0.6290693938104646
13.4,0.08156426845731514,1.9622363805309366,-0.3713318326773165,-2.837981983945925,-0.6290742001714889
13.408333333333333,0.0968123395754709,1.6983974559255715,-0.3927869335009615,-2.3127910691517077,-0.6290772847882115
13.416666666666666,0.10988979905490916,1.4413151901887649,-0.40990622539132365,-1.797554743052475,-0.6290791356986856
13.424999999999999,0.12085183484758079,1.1905327796450385,-0.4227739991740105,-1.2922899964814325,-0.6290801501839272
13.433333333333334,0.12974591506077018,0.9447411222257759,-0.43146841056999236,-0.795649221630194,-0.6290806385999141
13.441666666666666,0.13660651620292652,0.7021809526537706,-0.43605307564725304,-0.30556916748009594,-0.6290808336042991
13.45,0.14145240831556258,0.4608696953540943,-0.4365727288458269,0.1803767814841765,-0.6290808995812557
13.458333333333334,0.14428538801058846,0.2187338413210143,-0.4330510830426841,0.6647811734692629,-0.629080954155757
13.466666666666667,0.14508988742780168,-0.026311095680490885,-0.42548995795681405,1.1502961403023484,-0.6290811310733287
13.475,0.1438331203548211,-0.2763014768651507,-0.41386902790715335,1.6395704583705482,-0.6290816102570722
13.483333333333333,0.14046582024054685,-0.5331382941362097,-0.3981462858245003,2.1351336014857503,-0.6290826306118524
13.491666666666667,0.13492391495071887,-0.7984418922567601,-0.3782598375270215,2.6391799237556084,-0.6290845040779016
13.5,0.12713186147615202,-1.0732866096039726,-0.35413225100115475,3.153150666869001,-0.6290876268341092
13.508333333333333,0.11700898640819417,-1.3577269062369992,-0.3256797328433657,3.6769628592341674,-0.6290924890197184
13.516666666666666,0.10448107312920596,-1.6499879616559503,-0.2928299379584999,4.207666917576855,-0.6290996760894138
13.525,0.08950059717009815,-1.9451785092604148,-0.2555542248770253,4.737284798467958,-0.6291098466556351
13.533333333333333,0.07207989697511676,-2.2334895488769586,-0.21392175699072283,5.249753007746694,-0.6291236597223139
13.541666666666666,0.05234036783682061,-2.4982821898116003,-0.16818096494316764,5.717633120337368,-0.6291416145015927
13.549999999999999,0.03057364279267831,-2.715466371575312,-0.11886198186233064,6.100948444659521,-0.6291637822394187
13.558333333333334,0.007293931476333617,-2.8567049684981654,-0.06686524774209843,6.352453055334952,-0.6291894934750556
13.566666666666666,-0.016759323332624355,-2.8981191379644726,-0.01346729657489824,6.432225712952026,-0.6292171927375759
13.575,-0.040704959700646054,-2.8311334666035286,0.03981837788936811,6.325947049770005,-0.6292447149614792
13.583333333333334,-0.06367391876310621,-2.667086974483262,0.09149903280499828,6.052675597781505,-0.6292699515168082
13.591666666666667,-0.0849567613194922,-2.431247384032918,0.1403496160006606,5.654723358187042,-0.6292914782201484
13.6,-0.10407410037932384,-2.1517952508471447,0.18552954594067367,5.179084535365614,-0.6293087590009135
13.608333333333333,-0.12076380952227504,-1.8518435599117027,0.22655956767686153,4.6640739772208075,-0.6293219555080519
13.616666666666667,-0.13492504618109577,-1.5469478480503767,0.2632268336036842,4.135271314184695,-0.6293316096909285
13.625,-0.14655783664006125,-1.2460616847437591,0.2954836288466347,3.607251228822873,-0.6293383902332291
13.633333333333333,-0.15571613080179295,-0.9535017332529382,0.3233695866977655,3.0869634160607307,-0.6293429480002346
13.641666666666666,-0.16247676496499525,-0.6706914628086283,0.3469610825177659,2.576694199259508,-0.6293458537219249
13.65,-0.16692077608867117,-0.39737503755886094,0.3663415071469653,2.076107451046776,-0.6293475813882895
13.658333333333333,-0.1691228106883686,-0.13236920059235957,0.38158507713349016,1.583493192487857,-0.629348512043353
13.666666666666666,-0.16914538401621432,0.12600081184988987,0.39274863714716507,1.0964779964893998,-0.6293489443093138
13.674999999999999,-0.1670359023319212,0.37965647359707355,0.39986790496588653,0.6124106365752844,-0.6293491079978528
13.683333333333334,-0.1628252287535926,0.6306300587720725,0.40295609154767564,0.1285644104453938,-0.6293491809631556
13.691666666666666,-0.15652712813739156,0.8809800724117397,0.4020037854371877,-0.3577457675351332,-0.6293492980827895
13.7,-0.14813838639800542,1.1327081150650709,0.39697978150024915,-0.8490438468423048,-0.629349585905185
13.708333333333334,-0.13763967398981164,1.3876607377639896,0.38783296177912413,-1.3475580368096047,-0.6293502235856415
13.716666666666667,-0.12499745899702688,1.6473629077976353,0.3744956696299236,-1.854971557699941,-0.6293514610173626
13.725,-0.11016782211758498,1.9127176402806796,0.3568900517350177,-2.371943175569155,-0.6293536276995324
13.733333333333333,-0.09310360754159333,2.1834885579016885,0.3349398083911982,-2.8972593415489256,-0.6293571394118298
13.741666666666667,-0.07376718436829227,2.4574503989126373,0.3085912188944354,-3.426420945034237,-0.62936249529635
13.75,-0.052152053080000385,2.7291048287960202,0.2778489613334216,-3.9494866287731734,-0.6293702508056402
13.758333333333333,-0.028316888218254423,2.9880166610264727,0.24283289214081843,-4.448260428585562,-0.6293809425714036
13.766666666666666,-0.0024333970718529627,3.2173195598038147,0.20385824403906397,-4.893751261932459,-0.6293949373080958
13.775,0.02515883761291094,3.3938684595235826,0.16152776507098263,-5.246417366079313,-0.6294122007193311
13.783333333333333,0.05391329539521082,3.492216507388955,0.11679715836884381,-5.462915142976769,-0.6294320627572219
13.791666666666666,0.08309016654750052,3.4930757423383545,0.0709509289655957,-5.5104917997056475,-0.6294531647702685
13.799999999999999,0.11184694336218773,3.392212299766192,0.025447306846310906,-5.382119118572511,-0.6294737562540155
13.808333333333334,0.1393797969243222,3.2027158549075163,-0.018323090692434197,-5.1003145692692815,-0.6294922444230656
13.816666666666666,0.16504576696054526,2.9485271735976193,-0.05924543314743236,-4.706051631794675,-0.6295076408141513
13.825,0.18841284278810905,2.6548836530069853,-0.09656557212885655,-4.242449861204611,-0.6295196573745515
13.833333333333334,0.20924099057688314,2.341982512946519,-0.12985724444346183,-3.7439986692008596,-0.6295285236581353
13.841666666666667,0.2274302287610372,2.023250246847352,-0.15893343070945504,-3.2336536968819454,-0.6295347338555878
13.85,0.2429672327262918,1.7063300183325412,-0.18375556415710737,-2.7245558435264767,-0.6295388550275912
13.858333333333333,0.2558843086995264,1.3948159237754412,-0.20436403843915404,-2.2230030135053123,-0.6295414211467782
13.866666666666667,0.26623225607044027,1.0897670183528383,-0.2208324477611185,-1.7310306191960074,-0.6295428893204015
13.875,0.274063960173926,0.7907643605401334,-0.23324007630638488,-1.2482048126280405,-0.6295436298889951
13.883333333333333,0.2794250616918459,0.4965719238862326,-0.24165636367478224,-0.7727374952880934,-0.6295439312122614
13.891666666666666,0.28234891567019843,0.2055254418702538,-0.24613258346711767,-0.30213724640045314,-0.6295440087849392
13.9,0.28285403961930605,-0.08424370717365935,-0.24669766794371428,0.1664202627837406,-0.6295440138949429
13.908333333333333,0.28094303660975833,-0.37466545884911945,-0.24335646616426734,0.6358556627065141,-0.629544054435999
13.916666666666666,0.2766025595247025,-0.6676222673948078,-0.23608972266498698,1.1090093562486705,-0.6295442635332047
13.924999999999999,0.26980413980505824,-0.9648372531334946,-0.22485541918779944,1.5884658551900237,-0.6295448351121765
13.933333333333334,0.2605062298625868,-1.2676858818790766,-0.2095920775026362,2.0762440911468825,-0.6295460324149665
13.941666666666666,0.24865833004766802,-1.5768711869673266,-0.19022552097635753,2.5732554135459202,-0.6295481969362442
13.95,0.23420870785592476,-1.8918680007953357,-0.1666816613580248,3.0783679879594033,-0.6295517549349202
13.958333333333334,0.21711812342048187,-2.2100167331564107,-0.13890943110943205,3.586872073861061,-0.6295572133628189
13.966666666666667,0.19738292490035347,-2.5251738744060894,-0.10691962507025304,4.08818372752235,-0.6295651294333482
13.975,0.17507100948345297,-2.8260239196894075,-0.07084568715869127,4.562958528527159,-0.6295760285626866
13.983333333333333,0.1503712412902948,-3.094721740012366,-0.031027586661347917,4.980749253586551,-0.6295902434465789
13.991666666666667,0.12364748681295258,-3.307495718510099,0.011896124426657922,5.300989710171809,-0.6296076771829406
14.0,0.09547184586774274,-3.4393309209757925,0.056931354333753126,5.480940287575668,-0.6296275815306842
14.008333333333333,0.06660011380507637,-3.4727939425461782,0.10276981997802313,5.490732153544953,-0.6296485437021244
14.016666666666666,0.037871502205595375,-3.4062072631728806,0.147959700665662,5.32734317859357,-0.6296688241664834
14.025,0.010067401800108176,-3.2544699765374956,0.1911465042618766,5.016043450386895,-0.6296869046137397
14.033333333333333,-0.01620041241843803,-3.0417884352340767,0.23126406743109082,4.598034974893654,-0.6297018888409842
14.041666666666666,-0.04052796274606342,-2.7925096625144072,0.26760031827361686,4.114856934153685,-0.629713555198087
14.049999999999999,-0.06269391107351394,-2.5256042667197347,0.29975535606120807,3.5990177105447057,-0.6297221618048116
14.058333333333334,-0.08260733198891865,-2.2534629620284545,0.32755366394283275,3.0719698775961994,-0.629728204037848
14.066666666666666,-0.1002567022325047,-1.9830243337493896,0.3509585246641624,2.546036428192936,-0.6297322369460262
14.075,-0.11567147202742674,-1.717453406174348,0.37000782353656914,2.0272550452797504,-0.6297347785105584
14.083333333333334,-0.12889681471680456,-1.4575580697554922,0.3847721159094807,1.5177632340904272,-0.6297362698253685
14.091666666666667,-0.13997835631141048,-1.2027680946240853,0.3953294383389971,1.0174331157215102,-0.6297370660603318
14.1,-0.1489534546875892,-0.9517470296148037,0.40175099700086514,0.5248800192083074,-0.629737440847717
14.108333333333333,-0.1558464557185277,-0.7027532995636478,0.40409335301394494,0.03804488117200175,-0.6297375947508458
14.116666666666667,-0.16066626368044984,-0.45384918379498035,0.4023942865947558,-0.445479441849091,-0.6297376663770956
14.125,-0.1634052881528083,-0.20302987636050648,0.39667078958875956,-0.9282520375199005,-0.6297377793940709
14.133333333333333,-0.16403922593952694,0.05169939240057473,0.3869182416955963,-1.4128871078521756,-0.6297380947036377
14.141666666666666,-0.1625274650621223,0.31224177203010706,0.37311036080346727,-1.9019467028377013,-0.6297388210096996
14.15,-0.15881431950037728,0.5802864598572897,0.3552003157303176,-2.397762057093724,-0.6297402291060061
14.158333333333333,-0.15283158868154048,0.8571026836036741,0.3331238518124541,-2.902111842648343,-0.6297426662324214
14.166666666666666,-0.1445034429156085,1.1431726315773882,0.30680612687789066,-3.4156281812743154,-0.6297465661161006
14.174999999999999,-0.13375539063909786,1.4375584474068799,0.276175235146785,-3.936750310926685,-0.6297524542012153
14.183333333333334,-0.12053008728093613,1.7368708532598771,0.24118712855493682,-4.459996374065905,-0.6297609375440705
14.191666666666666,-0.10481376834833546,2.033746692952379,0.20186844138435636,-4.97338568545428,-0.6297726589415176
14.2,-0.08667701955722952,2.3149995592051704,0.15838372233832348,-5.455272374973821,-0.6297881838056654
14.208333333333334,-0.06632967112080115,2.5603122576671518,0.11112708335108588,-5.8720439031338625,-0.6298077897570151
14.216666666666667,-0.04417779092202993,2.743456942774512,0.06081835984604013,-6.180047773852122,-0.6298311760074595
14.225,-0.020851570583891352,2.838325569380329,0.008551238038576544,-6.335651057519538,-0.6298572284958475
14.233333333333333,0.002836584956545798,2.829064795740758,-0.044275700549126606,-6.312297181201282,-0.6298840861881194
14.241666666666667,0.02601503585324686,2.7179951498065944,-0.096164622167283,-6.113877765596197,-0.6299096321027076
14.25,0.047906500419011594,2.5243799556105166,-0.1457758103753959,-5.772655388573493,-0.629932155875255
14.258333333333333,0.06793392720727098,2.275202438186924,-0.19210447989893698,-5.333703365085863,-0.6299507504039974
14.266666666666666,0.08574277667469456,1.9956320746467797,-0.23451680018161297,-4.838885757050208,-0.6299652838489946
14.275,0.1011623408864685,1.7042590110546265,-0.2726838956286191,-4.318943372713812,-0.6299761305678185
14.283333333333333,0.1141471037802205,1.4127098340740276,-0.3064832653887711,-3.79297120344221,-0.6299838924340073
14.291666666666666,0.12472467321774508,1.127224270097302,-0.3359121679483282,-3.271159772513195,-0.6299892129186997
14.299999999999999,0.13295863077438283,0.8504727266742795,-0.361026642252304,-2.757894426207507,-0.6299926832945001
14.308333333333334,0.1389250019441823,0.582963402425335,-0.3819036314083676,-2.254128919934013,-0.6299948078859919
14.316666666666666,0.14269839760982167,0.32396806452445287,-0.39861933705734165,-1.758929238187796,-0.629995999157421
14.325,0.14434424659597242,0.07208108217127442,-0.41123766237411197,-1.2703909565461526,-0.6299965848394806
14.333333333333334,0.14391461655966697,-0.17445902906095634,-0.41980448045175567,-0.7861531324360678,-0.6299968182007892
14.341666666666667,0.14144608092247488,-0.41758675928940436,-0.42434510980194445,-0.30367680608149955,-0.6299968910390756
14.35,0.13695875554524486,-0.6593035210344048,-0.42486351657227317,0.1796047675133765,-0.629996947327362
14.358333333333333,0.13045608207458514,-0.9015954476433714,-0.42134255274274335,0.6661715592036831,-0.6299971023164391
14.366666666666667,0.12192531439437498,-1.1463464514850288,-0.41374518221157003,1.1582975638759192,-0.6299975038870385
14.375,0.11133882289866674,-1.3952180186238807,-0.4020168075962948,1.657883849623502,-0.629998364110032
14.383333333333333,0.0986567667837515,-1.6494324607120125,-0.3860896322203114,2.1661229532860324,-0.6299999677507104
14.391666666666666,0.08383217765072333,-1.9093978102969669,-0.365890846584959,2.682894556166792,-0.6300026799461151
14.4,0.06682014793688093,-2.1740797630966404,-0.3413575135148621,3.2057312746298146,-0.6300069489813752
14.408333333333333,0.0475936928356435,-2.4400109021875163,-0.312462526454906,3.7281654667166895,-0.6300132943999202
14.416666666666666,0.02616961507717349,-2.699884925015779,-0.2792573400669816,4.237362977731866,-0.6300222627863313
14.424999999999999,0.0026472456866008355,-2.940947665792303,-0.24193645223101673,4.711395943893184,-0.6300343256786655
14.433333333333334,-0.022741223736732413,-3.1440436909950513,-0.20092161489941415,5.117607735578526,-0.6300496986962846
14.441666666666666,-0.049581097615857515,-3.285090494663379,-0.1569450797824242,5.415085862518395,-0.6300681041917902
14.45,-0.07725471354825443,-3.340783774464448,-0.11108353229619475,5.564327019966528,-0.6300885956926627
14.458333333333334,-0.10498442263582641,-3.297554106675694,-0.06468440230919066,5.542441869439286,-0.6301096368229889
14.466666666666667,-0.1319454463886781,-3.15819451011101,-0.019173573567045615,5.354392298873558,-0.6301295134258118
14.475,-0.15740275501725481,-2.940494698822446,0.024177365023325105,5.030608186462804,-0.6301468639615931
14.483333333333333,-0.18080472946726825,-2.6690972955861327,0.06440984435977358,4.613080639718708,-0.6301609878040174
14.491666666666667,-0.20180328407655074,-2.3670948007890154,0.10091169595054562,4.1410664709430005,-0.6301718154235686
14.5,-0.22021974771679032,-2.0517124517434246,0.1333584808127908,3.6437928492301523,-0.6301796874206437
14.508333333333333,-0.23599205254732025,-1.7338454227378226,0.16162349867172832,3.1397295226606095,-0.6301851257919775
14.516666666666666,-0.24912699732360574,-1.4194055509304049,0.18569686259912627,2.6389215428225263,-0.6301886802869442
14.525,-0.2596656230482967,-1.110950924259422,0.20562712943759373,2.145780189419748,-0.6301908504756565
14.533333333333333,-0.2676609665695906,-0.808981400470517,0.22148406933040424,1.6612892739834957,-0.6301920569820818
14.541666666666666,-0.2731648061502158,-0.5128084683911416,0.23333671202574147,1.184478799194359,-0.6301926377502034
14.549999999999999,-0.27622017863248405,-0.2210902803326096,0.24124114385882764,0.7133256004506874,-0.6301928543334318
14.558333333333334,-0.27685736441705694,0.06785342958745913,0.24523411973911316,0.24527862442827292,-0.630192900441513
14.566666666666666,-0.2750919120615558,0.35585307013501816,0.2453300560201052,-0.22243168211276096,-0.630192911391494
14.575,-0.2709239620104899,0.6447561188647235,0.24152015572066715,-0.6925730563189343,-0.6301929970503903
14.583333333333334,-0.26433858246621583,0.936313357436235,0.2337732114422667,-1.1677267538653207,-0.6301933058453066
14.591666666666667,-0.2553071368883551,1.2320317254203965,0.2220380454046453,-1.6500529863494924,-0.6301940494488982
14.6,-0.24379026383968858,1.532925008619257,0.20624858248673283,-2.140878193142654,-0.6301955107764725
14.608333333333333,-0.22974359421335552,1.8390913834098377,0.18633348650919063,-2.6399874944192434,-0.6301980513280763
14.616666666666667,-0.21312805693862036,2.149016004543129,0.16223351365856417,-3.1444481075105464,-0.6302021127771591
14.625,-0.1939275187225389,2.4584938821237836,0.13393127469873145,-3.646782779361973,-0.630208201914966
14.633333333333333,-0.17217709380017507,2.7591623622256196,0.10149913175857166,-4.132470751597144,-0.6302168399572192
14.641666666666666,-0.1480043651124494,3.036973428192968,0.06516912989044897,-4.577334257598247,-0.6302284507655678
14.65,-0.12168023109831756,3.271666698425892,0.02541946800898171,-4.946618890990252,-0.63024317279814
14.658333333333333,-0.09366358399381729,3.439119730716975,-0.016949359270732996,-5.198980382491914,-0.63026063270351
14.666666666666666,-0.06460890199144648,3.517931323563384,-0.06080157185208336,-5.297714710367706,-0.6302798153254573
14.674999999999999,-0.03530684634159427,3.498162804013595,-0.10476754718253985,-5.225704442582927,-0.6302992076422762
14.683333333333334,-0.00656354986921457,3.3862033933384645,-0.14745020931987898,-4.993763755560152,-0.6303172350603048
14.691666666666666,0.02092747228316713,3.201525353551475,-0.1876443011453507,-4.635126304539215,-0.6303327367674603
14.7,0.046660462751169175,2.9682289303635327,-0.22446543661722904,-4.191027717785222,-0.6303451867196204
14.708333333333334,0.07032280777811997,2.7076671834389834,-0.25736021744007437,-3.6981345972198314,-0.6303546152018041
14.716666666666667,0.09175579684523878,2.435220746358057,-0.28604033372486015,-3.183057123504684,-0.6303613913435773
14.725,0.11090352242816805,2.160357168643747,-0.31039652233149057,-2.662455127427409,-0.6303660207428405
14.733333333333333,0.12776910230289293,1.8880425903778633,-0.3304249901254318,-2.145434982521147,-0.6303690160093479
14.741666666666667,0.14238364047793048,1.620255750711406,-0.3461754171998022,-1.6361084636615748,-0.630370833234168
14.75,0.15478646354698905,1.357150542564521,-0.3577179656171469,-1.135545811322076,-0.6303718495976506
14.758333333333333,0.16501337545360903,1.0978281577537048,-0.36512370678445205,-0.6430612516520627,-0.6303723614908012
14.766666666666666,0.1730900314114297,0.8408117713854091,-0.36845352000426324,-0.15699189400726232,-0.6303725906758488
14.775,0.17902839372992982,0.5843275273726138,-0.3677519985142694,0.32485161481669095,-0.6303726929268453
14.783333333333333,0.18282503291903449,0.3264779811660157,-0.3630442927701534,0.8049108494346956,-0.6303727920982615
14.791666666666666,0.18446057281270967,0.06534728690094788,-0.35433470709836973,1.285729387320183,-0.6303730401260479
14.799999999999999,0.1838998991107689,-0.2009090773242938,-0.34160633509416466,1.7698300289710756,-0.6303736325502572
14.808333333333334,0.1810932310541391,-0.47394167323206543,-0.32482193478594223,2.259532596579525,-0.6303748187911004
14.816666666666666,0.1759784748660487,-0.7550138475983766,-0.3039267679383077,2.756650371908594,-0.6303769188827301
14.825,0.16848571221424044,-1.0446680727937188,-0.2788548620077681,3.2619480611770038,-0.6303803339271651
14.833333333333334,0.15854538300491805,-1.3421548144653452,-0.24954134133917807,3.7741958201821837,-0.630385551401763
14.841666666666667,0.14610262847882727,-1.6445045935685374,-0.21594503749818944,4.288612279552255,-0.6303931376856409
14.85,0.1311412099821553,-1.9451514173567206,-0.17808725313262014,4.794531920218536,-0.630403700265812
14.858333333333333,0.11372051258534878,-2.2322221631052956,-0.1361128125595655,5.272476125136026,-0.6304177920494767
14.866666666666667,0.09402607526341501,-2.4871925882909545,-0.09037447058490125,5.691798878951059,-0.6304357292260576
14.875,0.07242427194989033,-2.6856001125392606,-0.04152520850035188,6.011768581064886,-0.6304573294449641
14.883333333333333,0.049494695890884344,-2.8019751887348523,0.009426092424193788,6.189780409850597,-0.6304816757202868
14.891666666666666,0.02600239623820013,-2.8189548033611436,0.06115982229092076,6.196693879103489,-0.6305071205603165
14.9,0.002792713471244372,-2.7355197207464936,0.11222137657831766,6.030753877949293,-0.6305316782924669
14.908333333333333,-0.019353831106001407,-2.5675201367839917,0.1612645034478905,5.7184963872518715,-0.6305536357856377
14.916666666666666,-0.039834040803249045,-2.340006834625298,0.20723970336968098,5.301812597578565,-0.630571985412019
14.924999999999999,-0.05825836594301811,-2.077878745709272,0.24945425291884196,4.822214222026425,-0.6305864706313408
14.933333333333334,-0.07442338861382772,-1.8004110798856485,0.2875251550853253,4.311704460018716,-0.6305973658321533
14.941666666666666,-0.0882580231163213,-1.5201689771951017,0.3212886876544719,3.791059054220301,-0.6306052098550164
14.95,-0.09977181010357124,-1.2442202411708634,0.350714309604876,3.271951953976712,-0.6306106128953017
14.958333333333334,-0.10901629593746089,-0.9758516501245031,0.37584111819634847,2.759885901431996,-0.6306141516771749
14.966666666666667,-0.1160597700622773,-0.7159942356437656,0.3967369839594898,2.2565985453694584,-0.630616326106321
14.975,-0.12097199829568546,-0.46419946221896385,0.4134744745594045,1.7616919099027013,-0.6306175490493768
14.983333333333333,-0.12381546777272072,-0.21924580647033984,0.42611757728084015,1.273629537718422,-0.6306181506038199
14.991666666666667,-0.12464056801197616,0.020504304279142342,0.43471482742442136,0.7903091663682347,-0.6306183868926263
15.0,-0.12348305798138426,0.25689885700683246,0.43929604204668565,0.3093789345824764,-0.6306184493971084
15.008333333333333,-0.12036286396180546,0.49187385584505955,0.43987103965437946,-0.17158716432745583,-0.6306184773204458
15.016666666666666,-0.11528371695675153,0.7273657417380817,0.4364295370035921,-0.6549667080787542,-0.6306185795735745
15.025,-0.10823350404523598,0.9652266455556615,0.4289420457133579,-1.1429740759416018,-0.6306188951303493
15.033333333333333,-0.09918538088016463,1.2071164617482146,0.4173617668444502,-1.63751523184101,-0.6306196241836338
15.041666666666666,-0.08810009101534906,1.4543135243045182,0.4016282396468329,-2.139899503109125,-0.630621035927105
15.049999999999999,-0.07493037730988977,1.707390393645247,0.3816742660077326,-2.6503225163077215,-0.6306234759195987
15.058333333333334,-0.0596289381562367,1.9656711751493787,0.35743857456616285,-3.166978109782446,-0.63062736989006
15.066666666666666,-0.04216217219380033,2.226367893697691,0.32888804317598763,-3.6846228440540134,-0.630633215940588
15.075,-0.02253273711306309,2.483325648522909,0.2960546565180393,-4.192468680031358,-0.6306415502411727
15.083333333333334,-0.0008139083474642207,2.725495624821326,0.2590923643405591,-4.671597692561016,-0.6306528634249752
15.091666666666667,0.022804124272442754,2.9357661913676396,0.21835424566633557,-5.092960105784244,-0.6306674449448496
15.1,0.0479645206718874,3.0916208148114244,0.1744757669976052,-5.418448710361808,-0.6306851622657405
15.108333333333333,0.07411384991701508,3.169485776753714,0.128424841331113,-5.608228767903659,-0.6307052614540424
15.116666666666667,0.10052522674761055,3.152806898576506,0.08146216217834738,-5.634410999853794,-0.6307263637239531
15.125,0.12639104369038245,3.0396328708241676,0.03498366747423572,-5.4938926720091175,-0.630746783509727
15.133333333333333,0.15095490652574833,2.843660445299958,-0.00970320109717851,-5.210078169869098,-0.6307650409340742
15.141666666666666,0.1736189520645426,2.5877772630532965,-0.0515609382444273,-4.821856290681448,-0.6307802444966377
15.15,0.1939839119973823,2.2954943098938503,-0.08988889364714639,-4.3690405341212735,-0.6307921519328373
15.158333333333333,0.2118286095748575,1.985506033640381,-0.12428751216197156,-3.883180812498989,-0.6308009930920784
15.166666666666666,0.2270616541772047,1.6702905480944623,-0.15457590649017336,-3.3852600008183966,-0.6308072393597437
15.174999999999999,0.23967257625824753,1.3570366121974378,-0.18070905454909636,-2.887328135773079,-0.630811430298534
15.183333333333334,0.24969420301602518,1.0492034824990881,-0.20271447623398292,-2.3951848312371085,-0.6308140769628731
15.191666666666666,0.2571775243880477,0.7478854532442859,-0.22065030296723034,-1.9107081156280235,-0.6308156208707015
15.2,0.262176272723916,0.4527743664976234,-0.23457987939818112,-1.4334875118593662,-0.6308164237228071
15.208333333333334,0.2647379881786641,0.16277047386057844,-0.24455733742486502,-0.9618537064437657,-0.630816770770683
15.216666666666667,0.26489908546472674,-0.12365016645785629,-0.25061988914557903,-0.49349227366431225,-0.6308168784491901
15.225,0.26268231430054045,-0.40821430047161195,-0.2527840932100894,-0.02580779560585873,-0.6308169050859427
15.233333333333333,0.2580957081576397,-0.6927059692629292,-0.2510445516486215,0.443838877223022,-0.6308169709170922
15.241666666666667,0.25113263548607356,-0.9788395813772779,-0.24537442755704492,0.917919691597689,-0.6308172043790865
15.25,0.24177293781715037,-1.2681191138674246,-0.2357277209366983,1.398517192621886,-0.6308177901348402
15.258333333333333,0.22998553556687984,-1.561613855754502,-0.222043897211578,1.8869579877591303,-0.6308189803694114
15.266666666666666,0.2157334845593205,-1.8595824481656789,-0.20425657189120042,2.383186250405878,-0.630821101572119
15.275,0.19898309600349684,-2.1608568444791123,-0.18230900065834973,2.884728153964802,-0.6308245569708546
15.283333333333333,0.17971953796041826,-2.461888423359752,-0.15618050123999658,3.3850789278110653,-0.6308298155995696
15.291666666666666,0.1579719559168201,-2.755425690002772,-0.12592900903242937,3.8714574143736744,-0.6308373720212049
15.299999999999999,0.13385049782735522,-3.029057018518271,-0.09175388517779595,4.322322587199891,-0.6308476542469731
15.308333333333334,0.10759342899549829,-3.264453921956934,-0.05407595485066379,4.706076292038603,-0.6308608627150567
15.316666666666666,0.07961221103713902,-3.438930636099563,-0.013614137129835982,4.983717080909072,-0.6308767623890013
15.325,0.05050818196064525,-3.5308261275324084,0.028586379249016504,5.11803346118216,-0.6308945323045639
15.333333333333334,0.021030735505174803,-3.527629430952646,0.07122598067678232,5.087505835493556,-0.6309128359256172
15.341666666666667,-0.008027089239090623,-3.431839269848135,0.11292963480147009,4.896348294942354,-0.6309301752371999
15.35,-0.03595390754778927,-3.2597005636866445,0.15246179830721499,4.5723672584088435,-0.6309453469377193
15.358333333333333,-0.06220663499119499,-3.03394055864801,0.18887535640554318,4.154553237042126,-0.6309577152569158
15.366666666666667,-0.08643116804145558,-2.776162938288368,0.22154787242374996,3.680089212376327,-0.6309671981629051
15.375,-0.1084331951583968,-2.5027690685370265,0.25013268272528877,3.1773892732714963,-0.630974083482043
15.383333333333333,-0.12813044947517518,-2.2243444799106604,0.27447832594925353,2.6650513132024445,-0.6309788297626121
15.391666666666666,-0.14550826486753488,-1.9467712531330819,0.29455357092573864,2.153745528937778,-0.6309819272923153
15.4,-0.16058651376265062,-1.6726872824081032,0.31039174152643195,1.648684687064388,-0.6309838242919051
15.408333333333333,-0.17339785292630308,-1.4026924459811754,0.32205414387743164,1.1516564767486692,-0.630984897395019
15.416666666666666,-0.183974464755579,-1.1361836124763833,0.32960776437480765,0.6624205457635527,-0.6309854457286969
15.424999999999999,-0.19234041143083422,-0.8718827944521818,0.333112314364747,0.1795823511776807,-0.6309856950879849
15.433333333333334,-0.19850745499805925,-0.6081568307186633,0.3326129668803076,-0.298886881077449,-0.6309858055151267
15.441666666666666,-0.20247299117771062,-0.34321755008881877,0.32813651376459235,-0.775327309580636,-0.6309859020978864
15.45,-0.20421932007107363,-0.07524675887732282,0.31968963544329987,-1.25220247692257,-0.630986134556847
15.458333333333334,-0.20371381938215818,0.19749966379144043,0.30725847612022694,-1.731948898000013,-0.6309866939671126
15.466666666666667,-0.2009100964475171,0.47655522868399575,0.2908096834447394,-2.2167666448793533,-0.6309878226976494
15.475,-0.19575054177005133,0.7630346485870616,0.27029364692741953,-2.708286465980969,-0.6309898312070545
15.483333333333333,-0.18817114851854472,1.057283609656457,0.24565141701815305,-3.206995023228156,-0.6309931075633181
15.491666666666667,-0.17811016624964182,1.3582915384925143,0.21682797214921182,-3.7112562243241567,-0.6309981208478644
15.5,-0.16552301484094126,1.6627585804952245,0.18379598353919044,-4.215739185002212,-0.6310054109274813
15.508333333333333,-0.15040668540607144,1.963751764569701,0.14659564084610807,-4.709133806829161,-0.6310155473805797
15.516666666666666,-0.13283662770490065,2.249115479102763,0.10539580990197749,-5.171420499229965,-0.6310290318784557
15.525,-0.11301558260140385,2.500391982195415,0.06057590687807345,-5.571962388387261,-0.6310461204849935
15.533333333333333,-0.09132382834632877,2.6939031398906645,0.012810993551069351,-5.8712218584866696,-0.6310665805574961
15.541666666666666,-0.06834453732913065,2.805860835826235,-0.03688428581694064,-6.029300915302013,-0.6310894901920041
15.549999999999999,-0.04482993957459846,2.8210109783343604,-0.08721124595396358,-6.020516792869856,-0.6311132756591252
15.558333333333334,-0.02159689036641966,2.739796490258203,-0.1367620018011902,-5.845531235182032,-0.6311360973590825
15.566666666666666,0.0006090702731202558,2.5781174013552635,-0.18424780677948557,-5.530973264492525,-0.6311564046699293
15.575,0.02121481291274168,2.359912834557971,-0.22866870084550386,-5.116926886627114,-0.631173307349456
15.583333333333334,0.03984962183973639,2.108634713207958,-0.2693633353286389,-4.642580599106064,-0.6311865987384678
15.591666666666667,0.056317744150610506,1.842387011763042,-0.30596237169292134,-4.138110479831202,-0.6311965505154629
15.6,0.0705478523865446,1.5730078339931768,-0.3383037041002593,-3.623225159344843,-0.631203671813556
15.608333333333333,0.08254478265608287,1.3071982879728776,-0.36635219793389134,-3.1091351795657625,-0.6312085351651915
15.616666666666667,0.09235334038912046,1.048101801362905,-0.3901401665527678,-2.601244118075497,-0.6312116813264017
15.625,0.10003442613659871,0.7966233159514792,-0.40972872559356616,-2.1013718450120864,-0.6312135792647269
15.633333333333333,0.1056504543401608,0.5523417880530033,-0.42518472847875133,-1.609274922901159,-0.6312146161969477
15.641666666666666,0.10925689169865865,0.31408402721845396,-0.43656782978744707,-1.1235877551041742,-0.6312151009907921
15.65,0.11089754265987462,0.08026722657201561,-0.44392363064076795,-0.6423704414222607,-0.6312152718748948
15.658333333333333,0.11060204494694535,-0.15090049064186362,-0.4472802977920371,-0.16341615731069392,-0.6312153042246266
15.666666666666666,0.10838467723011878,-0.3812964920817609,-0.446647136062956,0.31557149172078586,-0.6312153201017592
15.674999999999999,0.10424404758000355,-0.6127897647566448,-0.442014411675972,0.7968445958313116,-0.6312154245162812
15.683333333333334,0.09816351209738197,-0.8471572443850016,-0.43335418503706385,1.2825025416429814,-0.6312157658859253
15.691666666666666,0.09011238305792131,-1.0859674744949874,-0.4206221739691289,1.7743311657056526,-0.6312165537737681
15.7,0.0800484178557238,-1.3303829995688232,-0.40376150608800465,2.273500404262897,-0.6312180657155986
15.708333333333334,0.0679224705827698,-1.5808272848368918,-0.38270986451782774,2.780032454399472,-0.6312206539023617
15.716666666666667,0.053686761263312906,-1.8364339843411677,-0.35741249546726367,3.291900049706177,-0.631224747749553
15.725,0.03730897862203498,-2.094182089272181,-0.32784485258574586,3.8035883024703505,-0.6312308440929906
15.733333333333333,0.01879513348278784,-2.3476608086525634,-0.29404987859727466,4.304018926341609,-0.631239470054576
15.741666666666667,-0.0017761239615439067,-2.5856084831802852,-0.2561946431335681,4.774072272926999,-0.6312510964407383
15.75,-0.024208087587816347,-2.7908817025507133,-0.21464591768017208,5.184810718524684,-0.6312659812015521
15.758333333333333,-0.048138551832782074,-2.941302476247047,-0.17004954708689327,5.498858999762771,-0.6312839540040232
15.766666666666666,-0.07301350678921915,-3.0141031800013103,-0.12337450077705446,5.677876300779798,-0.6313042313323061
15.775,-0.09811353068109703,-2.993783915798256,-0.07586805770710718,5.695829443745525,-0.6313254305914185
15.783333333333333,-0.12264648872740959,-2.879165690026888,-0.028898916473479745,5.550913173225783,-0.6313458926413271
15.791666666666666,-0.14587514732000745,-2.6840280740057114,0.01625852787168134,5.266579669420313,-0.631364177589012
15.799999999999999,-0.16721877180037978,-2.4307430740281704,0.05859534478403353,4.880695397333742,-0.6313794243790943
15.808333333333334,-0.18628983998736465,-2.1421163844398348,0.09742899015432556,4.4317094132219355,-0.6313914014144663
15.816666666666666,-0.2028734631907613,-1.836272473069137,0.13236736938546714,3.9500433441586518,-0.6314003337283013
15.825,-0.21688076119881963,-1.52535370349268,0.16322938436362808,3.455970282840528,-0.6314066813601453
15.833333333333334,-0.2283018328172334,-1.2164064926904816,0.189965448780451,2.96118531724016,-0.6314109725379679
15.841666666666667,-0.2371694323762055,-0.9128667368100143,0.21259660081770637,2.4713627468819817,-0.6314137098815746
15.85,-0.2435345636623075,-0.6158650578431585,0.23117403658510075,1.9883835312739195,-0.6314153299032135
15.858333333333333,-0.2474513927662699,-0.32515349521922654,0.24575449600665467,1.5119061193829058,-0.6314161922347092
15.866666666666667,-0.2489684278588024,-0.039698447235753054,0.25638623625356444,1.040363976267678,-0.6314165822468706
15.875,-0.24812360210455775,0.24195834589339255,0.2631015420311717,0.571566368878665,-0.6314167184104171
15.883333333333333,-0.244941729673155,0.5214783151313468,0.2659131551046422,0.10306046414112216,-0.6314167664782883
15.891666666666666,-0.23943345135902805,0.8005800050148075,0.2648131230348814,-0.3676322777229417,-0.6314168554083068
15.9,-0.23159531354579826,1.0809042625210947,0.2597734977927534,-0.8427942893175652,-0.6314171122527582
15.908333333333333,-0.22141102232185,1.3638625481427367,0.25074893505406065,-1.3242720694713428,-0.6314177159601486
15.916666666666666,-0.20885424335525093,1.650403405174537,0.23768175600429128,-1.8130974705461709,-0.6314189117164702
15.924999999999999,-0.1938939412998165,1.9406251986537841,0.22051119132087493,-2.308844609005135,-0.631421016707267
15.933333333333334,-0.17650386487841635,2.2331528858422085,0.199189548112571,-2.8085848346138915,-0.6314244209371753
15.941666666666666,-0.1566785190237878,2.5241927878512525,0.17370929375019178,-3.3052916569230835,-0.6314295740901835
15.95,-0.13445844102861707,2.8062583115222988,0.1441458779760717,-3.7856810834087464,-0.6314369429770808
15.958333333333334,-0.10996669964112933,3.066833907429354,0.11071960641172972,-4.227940480829515,-0.6314469189517291
15.966666666666667,-0.08345409543030298,3.287827921307797,0.07387231773085656,-4.600797331879733,-0.6314596620409301
15.975,-0.05534043976850769,3.447348102680841,0.03433735152448998,-4.866553005934408,-0.6314749082973071
15.983333333333333,-0.02622640795629406,3.525064157543844,-0.006840789079590553,-4.990254060796678,-0.6314918428616416
15.991666666666667,0.003151093031803696,3.5098570357647203,-0.048383424698164625,-4.952785745153702,-0.6315091861204638
16.0,0.03202084936944927,3.4049706669465105,-0.08895279183261975,-4.759697634630632,-0.6315255354014165
16.008333333333333,0.05969547918257272,3.2264326397002714,-0.12735494942192954,-4.438506550598706,-0.6315397836157339
16.016666666666666,0.08565103944515016,2.9961107074548594,-0.1626767759219774,-4.026817108856395,-0.6315513588583587
16.025,0.1095446623231002,2.73465147217577,-0.1943169564768338,-3.5602449061908845,-0.6315602024486527
16.03333333333333,0.13118615525800928,2.457735274537817,-0.2219382568916421,-3.0660151901059978,-0.6315665961024999
16.041666666666668,0.15049262964286972,2.1755257094237463,-0.24539078538974718,-2.5620192446539156,-0.6315709778146459
16.05,0.16744630123036786,1.8937121303313436,-0.264640615332866,-2.0585841051797047,-0.6315738135107702
16.058333333333334,0.18206295685264418,1.614879546736111,-0.27971649975452023,-1.5607933378051622,-0.6315755285979977
16.066666666666666,0.19437107050511976,1.3396488398104385,-0.2906745946472986,-1.0704109050207666,-0.6315764803441893
16.075,0.20439898186020583,1.0674728937879416,-0.2975767491125919,-0.5872161311009576,-0.6315769521453759
16.083333333333332,0.21216745090516292,0.7971454173140665,-0.30047777332986203,-0.10984869953585627,-0.6315771572077613
16.091666666666665,0.21768557394956448,0.5271141868996013,-0.2994182545130568,0.3636780657004775,-0.6315772461779933
16.1,0.22094879996327216,0.2556829622809993,-0.2944208080902273,0.8356474068718195,-0.6315773435413489
16.108333333333334,0.22193830947440107,-0.018857790801808258,-0.28548850487539934,1.3084395045186306,-0.6315776019959553
16.116666666666667,0.2206213944764362,-0.2981089836128669,-0.27260480027153056,1.7843463258736867,-0.6315782150187527
16.125,0.21695300334230974,-0.5833997682088436,-0.25573527717302913,2.2653131400737108,-0.6315794304918344
16.133333333333333,0.21087895966025896,-0.87553832637727,-0.2348320874658219,2.7525314179619214,-0.6315815650607461
16.141666666666666,0.20234188383030452,-1.1743978060988614,-0.20984285126340585,3.245751294724827,-0.6315850105169665
16.15,0.19129157168876748,-1.4782440039435234,-0.18072700513325496,3.7421523028578028,-0.6315902329823437
16.15833333333333,0.17770238655058632,-1.782712264941274,-0.14748398711456237,4.234609938294275,-0.6315977544732013
16.166666666666668,0.1616007098046955,-2.079433715216185,-0.11019853545835633,4.709349096202839,-0.6316080982129729
16.175,0.14310437515533245,-2.354631167838676,-0.06910656799040246,5.143515972440248,-0.6316216735551811
16.183333333333334,0.12247079278623707,-2.5886734111416927,-0.024676341791562147,5.504338879434615,-0.6316385875102422
16.191666666666666,0.10013893545199766,-2.7583062880352793,0.022319989039572538,5.7528061218182245,-0.6316584216937524
16.2,0.07673655952559448,-2.842797252283622,0.07079293173926683,5.853998249833812,-0.6316801055575383
16.208333333333332,0.05302481854637953,-2.832138241014582,0.11942786949029105,5.790966356607364,-0.6317020571538622
16.216666666666665,0.029784563123355524,-2.731817309319426,0.16687612762413798,5.572842723455394,-0.6317226134771632
16.225,0.007693281972360252,-2.560106091839679,0.21196218034178774,5.230283527819862,-0.6317405114982154
16.233333333333334,-0.012750370023360243,-2.34024440979191,0.25381059719682036,4.802279887266809,-0.6317551298125261
16.241666666666667,-0.031236125472996125,-2.0933057701704794,0.29186186166682837,4.324151271315574,-0.631766430846039
16.25,-0.047607328741069856,-1.834842841735619,0.3258138310094871,3.821954729286653,-0.6317747511378045
16.258333333333333,-0.06181263258938427,-1.5747168740205875,0.3555409793869017,3.312267207561872,-0.6317805947699091
16.266666666666666,-0.07386329993390195,-1.31834001933812,0.38102358054670377,2.8043248048237683,-0.6317844949468723
16.275,-0.08380219461646031,-1.0681039704217414,0.4022968403267728,2.3024455598425964,-0.6317869420231226
16.28333333333333,-0.09168359122653419,-0.8245128448963602,0.41941828652736163,1.8079310563210562,-0.6317883550580426
16.291666666666668,-0.09756088540716955,-0.586952907379255,0.4324483491060204,1.3203428506584116,-0.6317890762247425
16.3,-0.10147945419659633,-0.35417514032583064,0.44143941655847985,0.8382886271175976,-0.6317893749869807
16.308333333333334,-0.10347267537389562,-0.12458544604021646,0.44642997764181197,0.3598815742016046,-0.6317894550794136
16.316666666666666,-0.10355983538575281,0.1035815523944229,0.44744169416401774,-0.11699724383678634,-0.6317894610288386
16.325,-0.1017452097547489,0.33214543957100656,0.44447820204155325,-0.5945292426085205,-0.6317894940112327
16.333333333333332,-0.0980180191584235,0.5628863865061637,0.43752517243336914,-1.0748278146310886,-0.6317896738986295
16.341666666666665,-0.09235311632124024,0.7974537789679025,0.42655132957331343,-1.5598208504162465,-0.6317901761324142
16.35,-0.08471263520530108,1.0372200830629674,0.41151080589998484,-2.051035917833942,-0.6317912386009478
16.358333333333334,-0.07504921676931746,1.2830401077903402,0.3923478992807156,-2.549224641545069,-0.6317931682401152
16.366666666666667,-0.06331185110039152,1.5348510099023045,0.36900599493421127,-3.0537169195699474,-0.6317963462242914
16.375,-0.04945601091191721,1.7910267790611683,0.3414434995694272,-3.5613568867936416,-0.6318012264558395
16.383333333333333,-0.033460496928256686,2.0474016471338063,0.30966092384850213,-4.064871287475208,-0.6318083170674608
16.391666666666666,-0.015353868903133389,2.295961618747791,0.2737440678435738,-4.550661012400681,-0.6318181276560279
16.4,0.004747676836691251,2.5234952679146594,0.23392662697687885,-4.99649848381928,-0.6318310599481481
16.40833333333333,0.02659388822209057,2.7111102364626025,0.1906675429108151,-5.3706592238423925,-0.63184722962399
16.416666666666668,0.04975907433570892,2.8362227539816556,0.14472035061926558,-5.635217948326226,-0.6318662540247548
16.425,0.07363259450780192,2.878276497640729,0.09714916837396072,-5.755663231305665,-0.6318871256362173
16.433333333333334,0.09746869104338184,2.826665434366218,0.04924468307156628,-5.7142671748071905,-0.631908333772498
16.441666666666666,0.12049437719793056,2.6857569697179575,0.0023421635363439844,-5.518552473288998,-0.6319282664500547
16.45,0.1420306881970276,2.472805538991864,-0.04238278981144607,-5.197711529473614,-0.6319456770791203
16.458333333333332,0.16157105897721455,2.2105535068474325,-0.0840455536980905,-4.790051346068977,-0.6319599338020961
16.466666666666665,0.17879533638588985,1.9200644427971896,-0.12207482536283697,-4.330893332467083,-0.6319709775114823
16.475,0.19353809020032212,1.617126289704055,-0.15615810623982682,-3.8465674501750713,-0.6319791227225882
16.483333333333334,0.20574145869855548,1.3118843437067826,-0.18616175319989436,-3.353880015994997,-0.631984854626947
16.491666666666667,0.21541242847202446,1.0099969643820472,-0.21205918486044836,-2.862133813724362,-0.6319886908837391
16.5,0.2225914128749535,0.71404846983259,-0.23387861356356485,-2.3755526338988666,-0.6319911091409864
16.508333333333333,0.22733165336062852,0.4246931097488858,-0.2516692688082458,-1.8952276195783941,-0.6319925182542755
16.516666666666666,0.22968664092831115,0.14144032360019448,-0.26548121746988135,-1.4204430087964404,-0.631993252537654
16.525,0.22970281022301786,-0.13684895928742527,-0.2753540487296045,-0.9495060193288669,-0.6319935758130031
16.53333333333333,0.22741550807781014,-0.411657226488362,-0.2813109995102109,-0.4802492086830506,-0.6319936916109263
16.541666666666668,0.222846984505209,-0.6846199259649537,-0.28335638058599,-0.010338304115133722,-0.6319937596979698
16.55,0.21600570891012363,-0.9573863036903372,-0.2814751312552045,0.46250490042179404,-0.6319939064828366
16.558333333333334,0.20688684556061734,-1.231475200921667,-0.27563424838758344,0.9402683797866336,-0.6319942682166277
16.566666666666666,0.19547402360052074,-1.5081008203557906,-0.2657862765195829,1.4243764947235305,-0.6319950379791424
16.575,0.1817429405260671,-1.7878938065816183,-0.2518757277455897,1.9152358318546017,-0.6319964754253137
16.583333333333332,0.16566796402280076,-2.0704486059412157,-0.23385044357115414,2.411483812236075,-0.6319989106230044
16.591666666666665,0.14723350866644105,-2.353616191992151,-0.2116809265922073,2.908803356867629,-0.6320027403902533
16.6,0.1264526063626101,-2.6324804764145284,-0.18539177052943534,3.3981968144436436,-0.6320084065693917
16.608333333333334,0.10339517378699895,-2.898086944262673,-0.155109478449647,3.8638335547663183,-0.6320163397160379
16.616666666666667,0.07822662023067484,-3.1363488262504546,-0.12112780715723882,4.2811946982685285,-0.6320268498608733
16.625,0.05125143215996302,-3.328178008619709,-0.08398153108763949,4.617303591288026,-0.63203996199009
16.633333333333333,0.02294530698997639,-3.45233963163696,-0.04450059518499442,4.8356090223450545,-0.6320552443239279
16.641666666666666,-0.006050647575476674,-3.4915958776559135,-0.0037993745574038396,4.9064965732218875,-0.6320717473729821
16.65,-0.03499335544306343,-3.4396897498273145,0.03683270145457827,4.8192407816567835,-0.6320881735097854
16.65833333333333,-0.06314588419305459,-3.3042910160807613,0.07611696929433756,4.5870442248262995,-0.6321032474921006
16.666666666666668,-0.08988275899224217,-3.1034323166763365,0.11296651236910665,4.240929424067256,-0.6321160734066268
16.675,-0.1147473141211182,-2.858392054272468,0.14658498842194567,3.817552348912323,-0.6321262768362458
16.683333333333334,-0.1374522446729917,-2.5878328131815445,0.17646823426864175,3.349173323630306,-0.6321339245752648
16.691666666666666,-0.15784504619358614,-2.3052876663220463,0.20234581452392406,2.859359166717728,-0.6321393485678789
16.7,-0.1758643061515008,-2.019228398467709,0.22410691969330926,2.3630961112358815,-0.632142985979338
16.708333333333332,-0.1915020135036505,-1.7342200363471012,0.24173648791724336,1.8687515814159603,-0.6321452763332648
16.716666666666665,-0.20477637370621815,-1.45218197745494,0.2552691567036624,1.3802115778782755,-0.6321466100586232
16.725,-0.21571412461701883,-1.173380528741715,0.2647592873203637,0.8985559301210514,-0.6321473096322591
16.733333333333334,-0.22433978583710454,-0.8971067778367451,0.2702626605790073,0.42319543272446847,-0.6321476273192304
16.741666666666667,-0.23066946993336612,-0.6221078494195573,0.2718257948336071,-0.04741142403971193,-0.6321477495422854
16.75,-0.2347075620587999,-0.34685867306512985,0.2694800086166568,-0.5153104150434149,-0.6321478080570961
16.758333333333333,-0.236445263040848,-0.06974422687598213,0.26323855682127023,-0.9827529945595332,-0.6321479295283319
16.766666666666666,-0.2358603945673643,0.2108097185634592,0.25309577149955637,-1.4519955744323914,-0.6321482746050603
16.775,-0.2329183340984285,0.4961869991561253,0.23902795676752017,-1.9250625161633428,-0.6321490497624007
16.78333333333333,-0.22757441076729587,0.7873729423256378,0.22099663854100565,-2.4034062166227126,-0.6321505232072065
16.791666666666668,-0.21977849150244386,1.0846235752223228,0.19895542753967746,-2.887357812446731,-0.6321530325648491
16.8,-0.20948311814415757,1.3869297215281668,0.1728628138997678,-3.375227752963837,-0.6321569869812818
16.808333333333334,-0.19665727580281436,1.691187462982221,0.14270445688240585,-3.8619019352387216,-0.6321628576604968
16.816666666666666,-0.18130849284638056,1.9910304028704249,0.10852962798795354,-4.336851335610298,-0.6321711428149461
16.825,-0.16351567473845022,2.275476462333574,0.07050602587541926,-4.781805178634015,-0.6321822866110091
16.833333333333332,-0.14347203002028497,2.5280214712058173,0.028992090318116736,-5.169153154741022,-0.6321965337574089
16.841666666666665,-0.1215292558985261,2.727518463336895,-0.015387938596406886,-5.463353964320983,-0.6322137306776249
16.85,-0.09822137921210275,2.8523672104301894,-0.06170277832858625,-5.627965122481324,-0.6322331548304289
16.858333333333334,-0.07423958440280067,2.8877633760425345,-0.10875552365299519,-5.63790666004173,-0.6322535235343152
16.866666666666667,-0.05034608445048952,2.832180906911192,-0.15522841819320268,-5.490475568408265,-0.6322732816275812
16.875,-0.027255470645147377,2.698077854330957,-0.1998830590925592,-5.206583254332018,-0.6322910526585849
16.883333333333333,-0.0055385665728023056,2.5062287882166174,-0.24172277867141242,-4.821185907939505,-0.6323059798171848
16.891666666666666,0.014415040164639122,2.2782401519737765,-0.28005591510610645,-4.37064804392013,-0.6323177927817112
16.9,0.03238096266947162,2.031649277004728,-0.3144688979849387,-3.8845042092622,-0.63232666386907
16.90833333333333,0.048258052343437434,1.778483353393695,-0.3447559661953221,-3.383081789683812,-0.632333006924563
16.916666666666668,0.062024349408523735,1.5259195288393028,-0.37084579583252913,-2.8786596996220957,-0.6323373179338255
16.925,0.07370205280467697,1.2776029656974954,-0.3927436211724089,-2.3777125687690326,-0.6323400803999807
16.933333333333334,0.0833333547919895,1.0348644354633707,-0.4104917565833959,-1.8829626295666813,-0.6323417210497057
16.941666666666666,0.0909651130450767,0.7976140926985303,-0.4241449409172327,-1.3948703313166615,-0.6323425952177544
16.95,0.09663964652313489,0.564929163863524,-0.4337558322975346,-0.9126006085399105,-0.6323429866253305
16.958333333333332,0.10038943886632475,0.3354186422975552,-0.4393668680927846,-0.43460937670535754,-0.6323431126192659
16.966666666666665,0.10223423548419397,0.10744485376807539,-0.44100591696697744,0.0410127551772629,-0.632343130315256
16.975,0.1021796148270744,-0.12073429696091863,-0.43868417102094426,0.5163284928050074,-0.6323431470056412
16.983333333333334,0.10021659184910822,-0.35085637601983094,-0.4323955658880948,0.9933959713566592,-0.6323432722164956
16.991666666666667,0.09632203113178217,-0.5845631494273784,-0.4221173000678196,1.4741514196659973,-0.6323436655690875
17.0,0.0904599385252594,-0.8232724293485979,-0.4078115497459644,1.960224263584478,-0.6323445460964842
17.008333333333333,0.08258411300829914,-1.0679729478167488,-0.38942922525573226,2.4526211156401843,-0.632346198322017
17.016666666666666,0.07264300992984078,-1.318887537773863,-0.3669172116229393,2.951186454403592,-0.6323489778201514
17.025,0.06058822218981772,-1.5749272705266992,-0.34023148319945,3.453707417812623,-0.6323533121590902
17.03333333333333,0.046388684461220187,-1.8328506273909715,-0.30935968645022666,3.9545135021536097,-0.6323596890024664
17.041666666666668,0.03005328741870957,-2.0860897102259406,-0.27435781441771484,4.442499769586026,-0.6323686169316587
17.05,0.01166421505938509,-2.323408250912413,-0.23540503727583825,4.898842070252506,-0.6323805384556995
17.058333333333334,-0.008579853077506132,-2.5280418159376277,-0.19287547342310685,5.295495678927175,-0.6323956778800938
17.066666666666666,-0.030319872954335848,-2.6786736484187728,-0.14741160951476504,5.596770122576433,-0.632413838291327
17.075,-0.05301388006712238,-2.7537521037003856,-0.09996234398054299,5.766551478801371,-0.6324342346830859
17.083333333333332,-0.07596438058904588,-2.738817769639409,-0.05173713093332121,5.7806393470174875,-0.6324555178998295
17.091666666666665,-0.09840677151042211,-2.6329135828215833,-0.004057261069019004,5.637554512277804,-0.6324760830073057
17.1,-0.11962903127148543,-2.4490792278199836,0.041845459857273226,5.359337568792528,-0.6324945332068799
17.108333333333334,-0.13906708016760833,-2.2084868222541427,0.0849885722050485,4.981599944393021,-0.6325100176477357
17.116666666666667,-0.15634037826418232,-1.9329018950101595,0.12469767575828827,4.5407927325566675,-0.6325222852923491
17.125,-0.17123413239638993,-1.639850284077604,0.16057526361991928,4.066110186623273,-0.6325315290911885
17.133333333333333,-0.18365632871869153,-1.3412754504899436,0.19242774016601707,3.577315959733064,-0.6325381789920917
17.141666666666666,-0.19359340089598123,-1.0442686806605332,0.22019087766410397,3.0860555585053397,-0.6325427417520916
17.15,-0.2010753406892046,-0.7524197068672795,0.24387175161637004,2.5981850972002936,-0.6325457078668071
17.15833333333333,-0.20615182908230234,-0.467041652802116,0.2635095632531277,2.1158597724628185,-0.6325475092651772
17.166666666666668,-0.208877209757417,-0.18806053872909037,0.27915147675711216,1.6390375152344305,-0.6325485062790215
17.175,-0.20930153553746,0.08540378259284233,0.29083867804913294,1.166451448640679,-0.632548988390565
17.183333333333334,-0.20746547952762182,0.3546752631951726,0.2985988633175643,0.6962076053969681,-0.6325491819378051
17.191666666666666,-0.20339765044224276,0.6212959336594006,0.3024426565492357,0.22614978597810328,-0.6325492657617464
17.2,-0.1971134379537887,0.8868735843109546,0.3023624772639043,-0.24589913412113845,-0.6325493801923002
17.208333333333332,-0.18861504451499012,1.152940339349617,0.2983332894761161,-0.7219107514852364,-0.6325496484127862
17.216666666666665,-0.17789276537600235,1.420792215788502,0.29031534634614287,-1.203398507640336,-0.6325502342306489
17.225,-0.16492783297847924,1.6912598595736128,0.27825938741620143,-1.6910535758394374,-0.6325513641757105
17.233333333333334,-0.1496977267025167,1.9643359979568653,0.2621158355918856,-2.1841327647193327,-0.6325533319649879
17.241666666666667,-0.13218541749922436,2.2385906421304997,0.2418505089818102,-2.6794849610679603,-0.6325564978138127
17.25,-0.11239462332543948,2.510304726304998,0.21747038634865495,-3.170096933881998,-0.632561274670301
17.258333333333333,-0.09037348801908195,2.7723295363829115,0.18906355291772,-3.643168867162377,-0.6325680879262107
17.266666666666666,-0.06624817147310905,3.012924167078179,0.15685589681316553,-4.0781472449599665,-0.6325772913389102
17.275,-0.040263835803012564,3.215320806784539,0.12128031394832095,-4.4459934771117195,-0.632589029054346
17.28333333333333,-0.012821772718885578,3.359328655837891,0.08303925425784506,-4.7119294921561865,-0.6326030675496314
17.291666666666668,0.015509517002959005,3.4260478891065724,0.04312272255889308,-4.843497714123222,-0.6326186840707779
17.3,0.04403296223880648,3.404640084945252,0.0027412664626314948,-4.822138153260263,-0.632634735578491
17.308333333333334,0.07201322105048118,3.2971460740832352,-0.03682935773692027,-4.651421188779728,-0.6326499489563857
17.316666666666666,0.09878456912833347,3.1175566436065942,-0.07443349537874122,-4.355439825014772,-0.6326632903287502
17.325,0.12382796037537742,2.8859056930267486,-0.1091680034459715,-3.968686147942058,-0.6326741939983207
17.333333333333332,0.14679322670945694,2.6217840280819997,-0.14042069928339668,-3.5249487293249064,-0.6326825641503643
17.341666666666665,0.1674773391929305,2.3405594099180997,-0.1678336399684268,-3.0508505601039317,-0.6326886317358303
17.35,0.18578405136403467,2.05253084877366,-0.19123459365384912,-2.564406012152609,-0.632692788709931
17.358333333333334,0.20168425759348588,1.76370619351727,-0.2105697326642624,-2.076346424963211,-0.6326954660885147
17.366666666666667,0.21518527621636277,1.477020056836189,-0.22585151889829652,-1.5921906345627885,-0.6326970654050281
17.375,0.2263099151210807,1.193410865563084,-0.23712319362781706,-1.1140698140202434,-0.6326979288457518
17.383333333333333,0.23508329885525037,0.9126020372806836,-0.2444363904804674,-0.6420448889859155,-0.6326983311606893
17.391666666666666,0.24152504823763998,0.6336168872182116,-0.2478377490763701,-0.17496912785085766,-0.6326984814959782
17.4,0.2456449094701306,0.3551053445628143,-0.24736128373748226,0.2889693810785623,-0.6326985289210679
17.40833333333333,0.24744060711477606,0.07556282346214345,-0.2430244441671877,0.7518833883908292,-0.6326985894815984
17.416666666666668,0.24689723270600458,-0.20651545890220793,-0.234826707069085,1.215938857867466,-0.6326988004809821
17.425,0.24398784092850392,-0.4924857770995682,-0.22275006984329684,1.6831198952026445,-0.6326993418468392
17.433333333333334,0.23867545619910968,-0.7833602536820143,-0.20676182311831215,2.1549076514781076,-0.6327004515660442
17.441666666666666,0.23091708621345594,-1.0795086824845581,-0.1868206458456085,2.6317839779821623,-0.6327024329391739
17.45,0.22067090490491076,-1.3801830648410214,-0.16288800295909273,3.112432597297222,-0.6327056571616261
17.458333333333332,0.2079084192974154,-1.6827837015256222,-0.13494795190345418,3.592496710193897,-0.6327105568055716
17.466666666666665,0.1926340365245273,-1.9818158121872846,-0.1030395190513245,4.0628014600569795,-0.6327175985378183
17.475,0.17491436426403714,-2.2676369605281694,-0.06730571699170697,4.5072044153829784,-0.6327272175164786
17.483333333333334,0.1549173296745714,-2.5254819327149898,-0.0280595153275095,4.9008942800807285,-0.6327396956746729
17.491666666666667,0.13295463652198966,-2.7358737492980896,0.014144051101829664,5.211023637568077,-0.6327549864851643
17.5,0.10950988139318177,-2.877863411716118,0.058459568992789604,5.402146999114582,-0.6327725449786052
17.508333333333333,0.0852260729713386,-2.935357133990398,0.10377146682066332,5.446936350619653,-0.6327912901921241
17.516666666666666,0.060836201586431396,-2.9037145547498437,0.1488109034496751,5.337403881908705,-0.6328098117970948
17.525,0.03705448922712483,-2.791882944034766,0.192339697476107,5.088567474570984,-0.6328267655285272
17.53333333333333,0.014476579158268778,-2.6182918134912914,0.23331942412228346,4.731519989621925,-0.632841227612215
17.541666666666668,-0.006470558020034475,-2.403855196754561,0.27099643671689494,4.301591677745565,-0.6328528195046578
17.55,-0.02552471759089586,-2.166576174424937,0.3048956174345987,3.8292449536985416,-0.6328616141253768
17.558333333333334,-0.04255312733578881,-1.9193999151903116,0.334761240819925,3.3364831153407124,-0.6328679551086501
17.566666666666666,-0.057510037635366086,-1.6704155866050998,0.3604861976031967,2.8372270222221196,-0.6328722964190235
17.575,-0.07040073823862543,-1.4239948676808665,0.3820523036578803,2.339256157052094,-0.6328750992924573
17.583333333333332,-0.08125569300699591,-1.1819891888012342,0.3994877642223294,1.846229054467906,-0.6328767798270356
17.591666666666665,-0.09011364110370858,-0.9446626256819608,0.41283970400002185,1.359242958090114,-0.632877688785675
17.6,-0.09701120832639464,-0.7113282328641581,0.42215752204159696,0.8778844793184079,-0.6328781081204539
17.608333333333334,-0.1019768031297831,-0.48075329811986584,0.4274832643504231,0.4008861253368837,-0.6328782545322719
17.616666666666667,-0.10502719723679413,-0.2514102263282234,0.4288462905357115,-0.07347939431734768,-0.6328782848710582
17.625,-0.10616578479374199,-0.021639007651120166,0.42626053506078215,-0.5471517046831132,-0.6328783077185779
17.633333333333333,-0.10538200342884729,0.21023324772339194,0.4197235248941813,-1.0221064917478082,-0.6328784357287233
17.641666666666666,-0.10265163510830594,0.44579295746322,0.40921661482892635,-1.500224589775393,-0.6328788275306035
17.65,-0.09793803626181496,0.6864096505524814,0.39470650840487914,-1.983102058646871,-0.632879699278038
17.65833333333333,-0.09119471720429242,0.9330348625552837,0.3761488136398163,-2.471739675663957,-0.6328813309028928
17.666666666666668,-0.08237007418469813,1.1858761006949892,0.3534949933975406,-2.966020655635836,-0.6328840712915528
17.675,-0.07141560713115656,1.4438726421251176,0.32670497688391,-3.4638507095268927,-0.632888339097247
17.683333333333334,-0.0582996195372133,1.7038914847447153,0.2957688439474572,-3.9598184204396034,-0.6328946114102136
17.691666666666666,-0.043028953502445906,1.9596060636864638,0.2607419804320237,-4.4433055684741785,-0.6329033866638885
17.7,-0.025680987490096126,2.200207382027644,0.2217976261915898,-4.896290169433608,-0.6329151023470255
17.708333333333332,-0.006445215563228182,2.4095465107073384,0.17929590502605453,-5.2918458331301865,-0.6329299906712064
17.716666666666665,0.014333996877312247,2.5669689934170297,0.1338554026904916,-5.595471305877902,-0.6329478838996196
17.725,0.03613394905234613,2.651291624366804,0.08639285598431849,-5.771726076107201,-0.6329680484490275
17.733333333333334,0.058276870319012415,2.647749917930283,0.038084483415976186,-5.79591298652543,-0.6329891934590591
17.741666666666667,0.08001221657602386,2.554372271490843,-0.009772088195602767,-5.664819917383166,-0.6330097513529075
17.75,0.10063212054220923,2.382941208682891,-0.055951696263093056,-5.39831596787873,-0.6330283229507853
17.758333333333333,0.11956727287314171,2.1537100092831465,-0.09946221195011398,-5.030400471659941,-0.633044021427206
17.766666666666666,0.13642661824312335,1.8880964388522707,-0.13961013611271667,-4.596878519727783,-0.6330565480839349
17.775,0.15098394717014324,1.603719275019355,-0.17597688616931137,-4.12705156570138,-0.6330660550445116
17.78333333333333,0.1631376035807722,1.312818179880406,-0.208350422586055,-3.6411462297341726,-0.6330729454268096
17.791666666666668,0.1728670655434894,1.022812976055238,-0.2366523593552701,-3.1513399361931733,-0.6330777121718404
17.8,0.1801979453330963,0.7375762723943912,-0.26087983549478067,-2.663958532149132,-0.6330808411471571
17.808333333333334,0.18517763350690117,0.45863946462055505,-0.2810656377285273,-2.1815321952893156,-0.633082765191483
17.816666666666666,0.18785975249372244,0.1860889756015489,-0.29725327374221133,-1.7043089992221643,-0.6330838485143522
17.825,0.1882947770168527,-0.08083902454691894,-0.3094824108121829,-1.2312486336701547,-0.6330843858988974
17.833333333333332,0.186524633755212,-0.34338328949885183,-0.31778091957201476,-0.7606397516132918,-0.6330846093953463
17.841666666666665,0.18257980055851963,-0.6030219724863713,-0.32216098830996054,-0.2904789405956313,-0.6330847028855572
17.85,0.1764780015673956,-0.8613145887388064,-0.322617777706034,0.18128099373458426,-0.6330848105316187
17.858333333333334,0.16822411198059248,-1.119760493071915,-0.3191299696125593,0.6565077638220157,-0.6330850527004133
17.866666666666667,0.1578113040512857,-1.3796405992843301,-0.31166228354271547,1.1366412308524072,-0.6330855825566193
17.875,0.14522369384344821,-1.6418024379099028,-0.30017032396697213,1.6223567793264098,-0.6330866135840504
17.883333333333333,0.13044128225721394,-1.9063146253581649,-0.2846091099936158,2.1130019092127656,-0.6330884240241458
17.891666666666666,0.11344853186805083,-2.171928012221803,-0.2649475894897944,2.6057034703104436,-0.6330913564428643
17.9,0.09424847635655625,-2.435278136893686,-0.24119237044493325,3.0940333990764923,-0.633095805741431
17.90833333333333,0.07288461010543765,-2.6898263768027877,-0.21342451348826688,3.566226345926025,-0.6331021835766444
17.916666666666668,0.049472098610893196,-2.9247447884298654,-0.18185204585161655,4.003295829020613,-0.6331108433501896
17.925,0.024236491977321497,-3.124384813250195,-0.14687515157307207,4.378138888681013,-0.6331219550092467
17.933333333333334,-0.002449520221839639,-3.269504059643038,-0.10914795414120748,4.657634710770901,-0.6331353469061078
17.941666666666666,-0.030051065631215283,-3.3413506774204804,-0.06960320848707632,4.809620325704148,-0.633150387770793
17.95,-0.05790081160287582,-3.327978472460106,-0.02940053530100371,4.813676536924541,-0.6331660238841372
17.958333333333332,-0.08527940563330869,-3.229359998969663,0.010211946577801827,4.6698533334511625,-0.6331810276028705
17.966666666666665,-0.11151919326114275,-3.0574333235502094,0.048075609062523235,4.398724097212804,-0.6331943488750884
17.975,-0.13608529087337887,-2.8310325637350413,0.08326035962593725,4.032692108960057,-0.6332053633090504
17.983333333333334,-0.15860594844665993,-2.5695357703814525,0.1151168233216608,3.6051191561241014,-0.6332139078810153
17.991666666666667,-0.17885769700933296,-2.288721698253512,0.1432512022756855,3.1432474124989422,-0.6332201608821328
18.0,-0.19672839807975182,-1.9995132358087675,0.16746242877170575,2.666061043922139,-0.6332244823416427
18.008333333333333,-0.212178226928211,-1.7085101752007559,0.18767584620352581,2.1852004953027695,-0.6332272885322081
18.016666666666666,-0.2252082373198899,-1.4191186585486368,0.20388984196232204,1.7068878518366466,-0.6332289775204587
18.025,-0.23583836934988467,-1.1326237131905847,0.2161385492455746,1.2337486120785217,-0.6332298944716248
18.03333333333333,-0.24409333224192914,-0.8489957416319528,0.22446789969677017,0.7661758847231263,-0.6332303204798725
18.041666666666668,-0.24999407709578272,-0.5674345716045452,0.2289211085055125,0.3032455681543834,-0.6332304727146739
18.05,-0.2535529431649551,-0.28671983574277005,0.22953031815140648,-0.15669874627877842,-0.6332305086587823
18.058333333333334,-0.2547711877041772,-0.0054455485465408245,0.22631221459963963,-0.6156540693981819,-0.6332305416837997
18.066666666666666,-0.2536381930680343,0.2778074295221517,0.2192664429975501,-1.0756739155187283,-0.6332306940448066
18.075,-0.25013198913985213,0.5643163643507231,0.2083761364200388,-1.538621816109057,-0.6332311315075855
18.083333333333332,-0.2442212169050072,0.8550178823924028,0.19361078480790664,-2.005842995294576,-0.6332320771399332
18.091666666666665,-0.2358691191554402,1.1502094166994463,0.174932475300034,-2.477665797293273,-0.6332338167079117
18.1,-0.22504066849385554,1.449082572512462,0.15230739504845744,-2.952616042025354,-0.6332367005615194
18.108333333333334,-0.211714546723798,1.7490136680238306,0.12572553196046282,-3.4262146607917225,-0.6332411367513217
18.116666666666667,-0.19590222065744312,2.0445706045216197,0.09523243820364927,-3.8892850824820635,-0.6332475645084146
18.125,-0.17767619555727135,2.326343619752266,0.060976684593952835,-4.325947462120686,-0.63325639207856
18.133333333333333,-0.15720729487798898,2.5800705526700507,0.02327288503147718,-4.7120952505761755,-0.6332678832638703
18.141666666666666,-0.13480460242094833,2.787090817399708,-0.01733038125162846,-5.016115888620154,-0.633281996251158
18.15,-0.11094141373029726,2.9274344094283906,-0.060006005562705564,-5.204095329148907,-0.6332982290834517
18.15833333333333,-0.08624296431136363,2.9857379119082306,-0.10366848993930709,-5.249859956199724,-0.633315586273751
18.166666666666668,-0.0614210635448324,2.9573939790712176,-0.14708439351244004,-5.1454555064023095,-0.6333327660610506
18.175,-0.037171810759241856,2.85061731449561,-0.18904583973690342,-4.904701355964763,-0.6333485195953991
18.183333333333334,-0.014080706607733917,2.6827452311244753,-0.22853178732230406,-4.556938367327307,-0.6333619776341955
18.191666666666666,0.00742661451514434,2.473736796305886,-0.26479203811318386,-4.13601290803725,-0.6333727724956243
18.2,0.027082824132934127,2.2410123537347766,-0.2973451605726355,-3.6715460799657738,-0.6333809591553778
18.208333333333332,0.044746673625391524,1.9972769150542065,-0.3259246325437736,-3.1852731023607777,-0.6333868513890438
18.216666666666665,0.06036291704771559,1.7505927421930783,-0.35041190534824096,-2.691189679783407,-0.6333908721980681
18.225,0.073927600096357,1.505403729663795,-0.3707786922274238,-2.1972950965929297,-0.633393455376959
18.233333333333334,0.08546270532321655,1.263664323105834,-0.38704510089724536,-1.7074961061753253,-0.6333949940985485
18.241666666666667,0.09499935846985014,1.0257407973181207,-0.39925214669502274,-1.2231138793586693,-0.6333958201942371
18.25,0.10256737937823256,0.7910371597351413,-0.4074448196176216,-0.7439183194873221,-0.6333961997580083
18.258333333333333,0.10818907892881774,0.5584002082411519,-0.4116621147996289,-0.2687855824537406,-0.6333963358333703
18.266666666666666,0.11187576027672852,0.32637486924177533,-0.41193140112226323,0.20389872025665867,-0.6333963732394619
18.275,0.11362595540889686,0.0933756181600477,-0.4082654988660347,0.6759739071594797,-0.6333964181530283
18.28333333333333,0.11342488130536486,-0.1421904525434303,-0.40066161778550885,1.149324314241653,-0.6333965955882155
18.291666666666668,0.11124482478828943,-0.3818127808247764,-0.38910158591953886,1.6257271001261595,-0.6333970758061024
18.3,0.10704658446784637,-0.6267300433505516,-0.3735535998669058,2.106632113824628,-0.6333980854541466
18.308333333333334,0.10078241404559334,-0.8777080865535233,-0.3539762804543695,2.5928141077638562,-0.6333999145527944
18.316666666666666,0.09240133143100512,-1.1346834063135782,-0.3303264995957137,3.083796814049987,-0.6334029206920556
18.325,0.08185820773692214,-1.3961992175742584,-0.3025733865950828,3.5769228091926175,-0.633407527664877
18.333333333333332,0.06912868587929874,-1.658560247165333,-0.27072202600999823,4.065939691594064,-0.6334142099842045
18.341666666666665,0.05423239609228706,-1.9146971406482085,-0.23485111683562993,4.5390792636353625,-0.6334234489256401
18.35,0.03726622813716888,-2.152956126809897,-0.19516774498595094,4.976983798758815,-0.6334356411229655
18.358333333333334,0.01844579370750636,-2.356514076998617,-0.15207637195464574,5.35165542901155,-0.633450947022761
18.366666666666667,-0.0018552374796880385,-2.5047259433635314,-0.10624487051919623,5.628644658752425,-0.6334691011349118
18.375,-0.023089733929105544,-2.577630818256392,-0.05863087259156346,5.774578262977865,-0.6334892749664195
18.383333333333333,-0.04457095437214615,-2.562869136218249,-0.010425486443864105,5.768792961361582,-0.6335101336753665
18.391666666666666,-0.06556129612387547,-2.4611042671742993,0.03709542669333492,5.61247070998747,-0.6335301496365829
18.4,-0.08538422913571134,-2.285727950243646,0.08275897536262965,5.328121621360191,-0.6335480309126638
18.40833333333333,-0.10350883705318135,-2.0570899144698784,0.12563655649321134,4.9498298937564575,-0.6335630114420463
18.416666666666668,-0.11957839737177467,-1.7956631958283134,0.16509076637114095,4.511748827290155,-0.6335748815201891
18.425,-0.13339148374114837,-1.517829981096364,0.20074266036078525,4.041069531141584,-0.6335838376885986
18.433333333333334,-0.14486148658796189,-1.2347775213300962,0.23240335428241438,3.55625290520371,-0.6335902930049297
18.441666666666666,-0.15397550260032128,-0.9531988004024544,0.26000528369565895,3.0682863083664174,-0.6335947313084814
18.45,-0.16076195811381236,-0.6765269813566759,0.28354868461268623,2.5828081792596116,-0.6335976219314142
18.458333333333332,-0.16526829289695064,-0.40605489456098476,0.30306527547377804,2.1020110845239985,-0.6335993801339179
18.466666666666665,-0.16754675458660695,-0.14175503182814725,0.31859566130817335,1.626021641754138,-0.6336003542062788
18.475,-0.16764582399465996,0.11717779425465473,0.3301761631942845,1.1538026890310547,-0.6336008253946797
18.483333333333334,-0.16560527950766069,0.37198177702390184,0.33783165086059513,0.6837158383206478,-0.6336010151091463
18.491666666666667,-0.1614535680532431,0.6241092362558217,0.3415720981499247,0.21387009379088406,-0.6336010985237854
18.5,-0.1552066812630112,0.8750740240362908,0.3413915065417917,-0.25764138450242174,-0.633601211330408
18.508333333333333,-0.14686823209510128,1.1263078575406986,0.33726869309591045,-0.7325157462461294,-0.6336014717941785
18.516666666666666,-0.1364307921957044,1.3789994948297852,0.3291700542483723,-1.211992274799513,-0.6336020378287658
18.525,-0.12387878249334888,1.63386923702689,0.3170547231271535,-1.6964991849173008,-0.6336031271183205
18.53333333333333,-0.10919375791783081,1.8908110454706437,0.3008835678964976,-2.185071042464038,-0.6336050203192832
18.541666666666668,-0.09236342822403686,2.148342673451705,0.2806343287239904,-2.674439173638526,-0.6336080590911911
18.55,-0.07339627011974686,2.402807308096724,0.25632605722878865,-3.1576975820825846,-0.6336126316985562
18.558333333333334,-0.052343819760178205,2.647343891719381,0.22805643673457313,-3.6225711149311204,-0.6336191342680384
18.566666666666666,-0.029331809598760774,2.8708630851615986,0.19605401000357736,-4.049686446771453,-0.6336278929321512
18.575,-0.004597686224279506,3.0576957990896685,0.16074118288728761,-4.411980619048486,-0.6336390390022567
18.583333333333332,0.021475610094983073,3.1890510592912404,0.1227908219634592,-4.677187523358857,-0.6336523588979406
18.591666666666665,0.04834916048608347,3.247208371545696,0.08314313327579491,-4.814986605974293,-0.6336671938052819
18.6,0.07536186950583809,3.221579950624344,0.04294701533614936,-4.8073412732579905,-0.6336824961526395
18.608333333333334,0.10181128888052278,3.1132327770620596,0.003421256809770381,-4.6561995279406165,-0.633697082173123
18.616666666666667,0.1270528462978059,2.934448682335514,-0.03431546540810572,-4.382709492654301,-0.6337099646392886
18.625,0.1505743393901844,2.7036662727950933,-0.06937206071809887,-4.018549300762478,-0.6337205738558183
18.633333333333333,0.17202162108547647,2.4395143798226413,-0.10112895094372154,-3.595725146029391,-0.6337287779482946
18.641666666666666,0.1911824828174302,2.157046338249114,-0.12921059914199431,-3.140149096787175,-0.633734763495953
18.65,0.20795078445528417,1.8666603877214254,-0.15342441864450243,-2.66981129362338,-0.6337388845153736
18.65833333333333,0.22228924511034243,1.5746459416704308,-0.17369750951826732,-2.1957229891284187,-0.633741545356808
18.666666666666668,0.23419958999693571,1.2842596254250354,-0.19002600204522893,-1.723754772561586,-0.6337431315166314
18.675,0.2437016449474577,0.9967386124746898,-0.20243965282791637,-1.2563604076557968,-0.633743977364879
18.683333333333334,0.25081987190313,0.7120634968070294,-0.21097907445243955,-0.7938691466601867,-0.6337443556789837
18.691666666666666,0.2555752048714223,0.4294760258090546,-0.21568192324527635,-0.3353581791201993,-0.633744477671356
18.7,0.2579803989394997,0.1478165176723734,-0.21657498869460404,0.12078273631292273,-0.6337444967709707
18.708333333333332,0.25803769442716074,-0.13424543791099264,-0.2136701507528557,0.5764651259542224,-0.6337445213408385
18.716666666666665,0.25573817040871016,-0.4180315055667197,-0.20696316776516585,1.0336040185866802,-0.6337446676889564
18.725,0.2510624872587427,-0.7046905202786606,-0.19643471998541373,1.4938538481218675,-0.6337451005172563
18.733333333333334,0.24398317707072503,-0.9949807884410692,-0.18205398964208117,1.9582468913627313,-0.633746041816994
18.741666666666667,0.23446916374674712,-1.2889431393124735,-0.16378596344418891,2.42664541117232,-0.6337477746063512
18.75,0.22249368510062292,-1.5853995044489289,-0.14160445853784498,2.896895379952034,-0.6337506430101214
18.758333333333333,0.2080473580766289,-1.881210916125728,-0.11551385569148809,3.3635670993615623,-0.6337550421111875
18.766666666666666,0.19115851500552958,-2.1702819566751184,-0.08558320593914749,3.816256970948035,-0.6337613863831314
18.775,0.17192241775846204,-2.4424788157009663,-0.05199552581551777,4.237730268587374,-0.6337700414866656
18.78333333333333,0.15053809900443396,-2.6830169930525174,-0.01511026569447041,4.602848818258572,-0.6337812075481717
18.791666666666668,0.12734478403368732,-2.87338467172368,0.024474640567850516,4.8801039959481844,-0.6337947657059803
18.8,0.10284012891885991,-2.9949058421574897,0.06589137932445949,5.0376527986332915,-0.6338101508949003
18.808333333333334,0.07765797981938095,-3.0346278614044055,0.10803963858475034,5.0533410653127815,-0.6338263601666974
18.816666666666666,0.052496821094575374,-2.9905913698434543,0.14970807713845344,4.923706066612499,-0.6338421664749875
18.825,0.028020739322954576,-2.872673205337731,0.1897428945705533,4.665451000839081,-0.6338564587062356
18.833333333333332,0.004775780390207815,-2.698331193359855,0.22719049704513775,4.308233008131104,-0.6338685134488544
18.841666666666665,-0.016847634971595755,-2.4865075835950643,0.26136200366682627,3.884314041264294,-0.6338780689683146
18.85,-0.03660687159250514,-2.2532339035924633,0.2918206806319731,3.4211103271859655,-0.6338852313898584
18.858333333333334,-0.05437424481908925,-2.0099907058910373,0.3183270702453286,2.93842557832022,-0.6338903216670791
18.866666666666667,-0.07009929712436334,-1.7639669333772419,0.3407759494076706,2.4489022766746835,-0.6338937442222041
18.875,-0.0837770061293103,-1.5190616353134623,0.3591433927645449,1.9597193714511947,-0.6338959031237722
18.883333333333333,-0.095424807283271,-1.2769234047242646,0.37344872137112606,1.4743415073847825,-0.633897159286835
18.891666666666666,-0.1050674224717767,-1.0377664424362258,0.3837295384698871,0.993881057226124,-0.6338978137716639
18.9,-0.11272742166704793,-0.8009358207371805,0.3900262845577267,0.5180304303123847,-0.6338981047223171
18.90833333333333,-0.11841962776261782,-0.5652756519495924,0.3923730820057424,0.04565834379024768,-0.6338982100612575
18.916666666666668,-0.12214800047978398,-0.3293671575855519,0.3907925499158075,-0.4248135950540942,-0.6338982541390346
18.925,-0.12390418277320836,-0.09169623710010041,0.38529323632220036,-0.8951491763980408,-0.6338983481581282
18.933333333333334,-0.12366722644513911,0.14922567997362582,0.3758688225012151,-1.3671259011325594,-0.6338986381637589
18.941666666666666,-0.12140432977208139,0.3947297790236135,0.36249876449924484,-1.8423425802687685,-0.6338993161924823
18.95,-0.11707284993461277,0.6458110747271026,0.3451508543068057,-2.3219437187912355,-0.6339006315078043
18.958333333333332,-0.1106241530112241,0.9028557885710716,0.32378667295506,-2.8061838533328416,-0.6339028969830975
18.966666666666665,-0.10201035224288352,1.165209295760343,0.2983717220811588,-3.2937204511916,-0.6339064910372213
18.975,-0.09119556295133549,1.4305120735386159,0.268893017183265,-3.780508999249402,-0.6339118509815546
18.983333333333334,-0.07817385995429109,1.6937521315111965,0.23538790712733787,-4.25820723994137,-0.6339194472368204
18.991666666666667,-0.06299615526138806,1.9461018929850569,0.19798800146334772,-4.712194357294208,-0.6339297223909316
19.0,-0.04580649243466839,2.1739261207448854,0.15697925916668376,-5.11984886551501,-0.6339429779451814
19.008333333333333,-0.026882855547491966,2.358896846071475,0.11287022483198252,-5.450665023276386,-0.6339592076164683
19.016666666666666,-0.006667703346150824,2.480560145513973,0.06644363357834514,-5.670497141065208,-0.633977924397882
19.025,0.014235794593107929,2.52192535039002,0.018750784600646872,-5.750928704468731,-0.6339980955934599
19.03333333333333,0.03512068026706431,2.47602341607668,-0.028983436801760486,-5.680316400347395,-0.6340183053755989
19.041666666666668,0.05527668905290544,2.3490647126281696,-0.07552893885344095,-5.4691112015223275,-0.634037126806616
19.05,0.07409231172860811,2.1576296248768245,-0.11982138629955247,-5.14510560947692,-0.6340535008364309
19.058333333333334,0.09111513243106854,1.922180154826674,-0.16106271260615093,-4.742493013241791,-0.6340669127408213
19.066666666666666,0.10605847794068635,1.6613046200724904,-0.19873129917299232,-4.2922125425895645,-0.6340773365456713
19.075,0.11877213677177055,1.3889566501545219,-0.23253215994260223,-3.817380179389833,-0.6340850636825235
19.083333333333332,0.12920151584118097,1.1142321948159735,-0.26232837240408785,-3.332998159682859,-0.6340905335854751
19.091666666666665,0.13735077325344344,0.8423340979688072,-0.28807982140492416,-2.8476397400655302,-0.6340942172045905
19.1,0.14325532793726115,0.5757466317240262,-0.3097981083848427,-2.3654571178707813,-0.6340965538606348
19.108333333333334,0.14696343769638515,0.31520392716434364,-0.32751687689460984,-1.887818614683683,-0.634097924346228
19.116666666666667,0.14852464647145774,0.06037220959921796,-0.3412736917471969,-1.4144491818998894,-0.6340986438511952
19.125,0.14798287896179999,-0.18970474521622885,-0.3510996372279142,-0.9441640274619346,-0.6340989639896009
19.133333333333333,0.14537252859207464,-0.43632057852756095,-0.35701379648796105,-0.4753273325868674,-0.6340990818604146
19.141666666666666,0.14071646987675276,-0.6809205467530274,-0.35902078919946745,-0.006143197891412273,-0.6340991515551413
19.15,0.1340254027730905,-0.9249576879759138,-0.3571103703955837,0.4651232735073282,-0.6340992915389533
19.15833333333333,0.12529839923823222,-1.1697440832267962,-0.35125889716203906,0.9399134897210923,-0.6340996273785309
19.166666666666668,0.11452476263192254,-1.416277727503732,-0.34143280967277,1.4191130720863958,-0.6341003367727257
19.175,0.10168766087667662,-1.664978744971761,-0.32759486498743834,1.9026324288597518,-0.6341016570390055
19.183333333333334,0.08677052506950612,-1.9152805001847157,-0.3097148417270022,2.3887387606302033,-0.6341038864060476
19.191666666666666,0.06976766561928319,-2.1650166046593666,-0.2877871919369343,2.873040024100691,-0.6341073781673352
19.2,0.05070099450330867,-2.4095679707167097,-0.2618588675248773,3.347057831911554,-0.6341125191456455
19.208333333333332,0.02964466341799152,-2.6408452986881574,-0.23207043616339904,3.7965144552786607,-0.6341196798657549
19.216666666666665,0.00675778848351152,-2.8464582942827055,-0.19871083957920302,4.199928639994763,-0.6341291234844457
19.225,-0.01767930154441502,-3.00987463458315,-0.16227810725749967,4.52888676704826,-0.6341408734830108
19.233333333333334,-0.043238173954192424,-3.11268263068205,-0.12352415984767807,4.751891111879648,-0.6341545770448261
19.241666666666667,-0.06934519137014895,-3.1394153393851116,-0.08344891752705776,4.842571955306767,-0.6341694509884669
19.25,-0.09533038100867866,-3.083261682473825,-0.043216146321488735,4.789409094131711,-0.6341844016694964
19.258333333333333,-0.12051512896707697,-2.9490494466764017,-0.004003284050374101,4.600789875265366,-0.6341983098475212
19.266666666666666,-0.14430399078724282,-2.7511730240011496,0.03315545777836445,4.301435093236007,-0.634210331514082
19.275,-0.16624257583458554,-2.50808863104468,0.0674678184594918,3.9229794857740616,-0.6342200499213687
19.28333333333333,-0.18602827970258184,-2.2370748738043247,0.09840164031847341,3.4950311559575638,-0.6342274438791795
19.291666666666668,-0.20348700241526443,-1.9514535275774498,0.1256450722679145,3.0404489124581326,-0.6342327554701273
19.3,-0.21853699588397138,-1.660125335837299,0.14904499828047937,2.5745726535436,-0.6342363516608965
19.308333333333334,-0.23115465183516512,-1.3683116902329622,0.16854893256039535,2.106502764155503,-0.634238625606579
19.316666666666666,-0.24134817440024456,-1.0785955355195633,0.18416043884587582,1.6408795293445395,-0.6342399415563155
19.325,-0.24913953523659738,-0.7918295266405315,0.19590867571134635,1.1794284901483871,-0.6342406106726467
19.333333333333332,-0.2545529903794121,-0.5078000831164483,0.20382908421747625,0.7220853309515627,-0.6342408842292631
19.341666666666665,-0.2576081883835801,-0.22567484757517178,0.20795183395915431,0.26774969168000357,-0.6342409547433914
19.35,-0.2583163282026168,0.05570145752943973,0.20829539065348085,-0.18521984512228398,-0.6342409596761958
19.358333333333334,-0.25667839570540146,0.33759203273243726,0.20486356009538964,-0.6386450889635242,-0.6342409992155932
19.366666666666667,-0.25268502900596335,0.6211900257248993,0.19764525968443303,-1.0942337748357178,-0.6342411972815313
19.375,-0.24631782491053464,0.9074368212117013,0.18661664180944046,-1.5532831579279467,-0.6342417307575694
19.383333333333333,-0.23755244748629276,1.196762838861938,0.1717461969603326,-2.0162476435459786,-0.6342428337535703
19.391666666666666,-0.22636439194779973,1.4886993249196916,0.153004306737418,-2.4820859477813673,-0.6342447997322984
19.4,-0.21273874578945037,1.7812966440193196,0.13037954131646373,-2.9472769791040063,-0.6342479778092951
19.40833333333333,-0.1966857810140038,2.070303499613679,0.10390484755484614,-3.404424569638703,-0.6342527552625656
19.416666666666668,-0.17826426990872665,2.348157315484228,0.0736968975025337,-3.840533234023252,-0.6342595140260882
19.425,-0.15761308926928308,2.6030863978927696,0.04000963482114212,-4.235463853503677,-0.6342685473862207
19.433333333333334,-0.1349874550047732,2.8190603209987963,0.003295876079754889,-4.561824713252533,-0.6342799330938391
19.441666666666666,-0.11078821592839491,2.9776907285598484,-0.035742699475961835,-4.788185645554202,-0.6342933921971526
19.45,-0.08556450110125682,3.062711072014658,-0.07615081837117195,-4.886704002139674,-0.6343082136389809
19.458333333333332,-0.059971987634948924,3.0657092177617895,-0.11679055828312117,-4.842913631570014,-0.6343233415258283
19.466666666666665,-0.03468988709715748,2.989664973823797,-0.15648289260324122,-4.661789891363757,-0.6343376382957147
19.475,-0.010328065181619292,2.8476060629664897,-0.1941663464861431,-4.365491224501831,-0.6343501938058542
19.483333333333334,0.012636706161697426,2.657457522231475,-0.22900622857857178,-3.9846038501077286,-0.6343605081860548
19.491666666666667,0.03387811919557971,2.4366595559596247,-0.26042499966916,-3.54898992509985,-0.6343684892952487
19.5,0.05320137789586257,2.1990352093528442,-0.28807090902280774,-3.08246875991484,-0.6343743334310635
19.508333333333333,0.07050857605242511,1.9540369623682425,-0.3117600569445446,-2.601543362342764,-0.6343783857935756
19.516666666666666,0.08576420390976926,1.707342355117626,-0.3314187064071162,-2.1164119131324766,-0.6343810345755019
19.525,0.09896780292223156,1.4618544097182393,-0.34703769068946194,-1.6326563113333432,-0.6343826483920152
19.53333333333333,0.11013480905632281,1.2186198291230483,-0.3586406019880076,-1.1527824139137526,-0.6343835465848502
19.541666666666668,0.11928411962220078,0.9775176431749542,-0.3662632151283476,-0.677365229495756,-0.6343839890554958
19.55,0.12643045181974594,0.7377283362184306,-0.3699408348317958,-0.2058189330798043,-0.6343841757064386
19.558333333333334,0.13157989139532017,0.4980410378786017,-0.36970083489281164,0.2631085033314662,-0.6343842498851638
19.566666666666666,0.13472755702279612,0.25706427488359695,-0.3655585827448438,0.7309993326217337,-0.634384322208954
19.575,0.13585675058663038,0.013374360543524214,-0.3575156947443904,1.1995419720407343,-0.6343845263284834
19.583333333333332,0.13493922415102444,-0.23435289113397031,-0.3455599239841473,1.6703389361622323,-0.6343850365929528
19.591666666666665,0.13193667064484194,-0.4871753437719784,-0.32966688472209155,2.1446508401716167,-0.6343860767310696
19.6,0.12680386148445302,-0.7456480864699769,-0.3098043548058186,2.623020049952989,-0.6343879301137529
19.608333333333334,0.11949425155998915,-1.0094563863935588,-0.28594056188239836,3.1046717967491513,-0.6343909431169699
19.616666666666667,0.10996942332879324,-1.2768498834841786,-0.2580587947288766,3.5865749321094027,-0.6343955217152499
19.625,0.0982142915889362,-1.543819177886176,-0.22618164438238325,4.062057724909444,-0.6344021135068145
19.633333333333333,0.08426023535426029,-1.8030328048584674,-0.19040864679685524,4.519001328674745,-0.6344111616448896
19.641666666666666,0.06821734716012108,-2.0427849930581874,-0.15096952268835534,4.93802476067394,-0.6344230141037793
19.65,0.05031315344126003,-2.2466596946610835,-0.10828879155660723,5.29184880557383,-0.6344377801073068
19.65833333333333,0.030927076760981772,-2.3951074115264253,-0.06304386262145124,5.547870986447112,-0.6344551601232743
19.666666666666668,0.010600072157562883,-2.4698804713509723,-0.016181912861580425,5.675578489130604,-0.6344743368613446
19.675,-0.01000221034617911,-2.460343574171175,0.03114122105516188,5.657165266226869,-0.6344940491587118
19.683333333333334,-0.030174591420804024,-2.368027890895051,0.07770357847572928,5.495213862521511,-0.6345128887973238
19.691666666666666,-0.04927496789209451,-2.2059432410669157,0.12238902912345934,5.211532407131764,-0.6345296824581645
19.7,-0.06679964856803373,-1.9932079322355842,0.16431320074754613,4.83809718184381,-0.634543740698681
19.708333333333332,-0.08240786581108618,-1.7489312737096154,0.20286381745991364,4.406770802404911,-0.6345548784341581
19.716666666666665,-0.09590399158944854,-1.488465513303063,0.23767018116207708,3.943056523675285,-0.6345632796836481
19.725,-0.10720046196034005,-1.2224010689200195,0.26854081028559285,3.464488362721102,-0.6345693280469253
19.733333333333334,-0.11627993819816465,-0.9571696569215863,0.29540042525143917,2.981712424647276,-0.63457347510066
19.741666666666667,-0.12316516271655353,-0.6961457631068141,0.3182403201740116,2.5003784939659357,-0.6345761617881521
19.75,-0.12789788253660164,-0.4406656698543078,0.3370841985742145,2.022867250648842,-0.6345777806962365
19.758333333333333,-0.13052522155267585,-0.19078796611494947,0.35196656879995253,1.5495650295803256,-0.6345786627497875
19.766666666666666,-0.1310913215836747,0.054193478468306786,0.3629199176000271,1.0797119343063557,-0.6345790759995998
19.775,-0.12963245353019415,0.29541746216876125,0.3699675715596129,0.6119397769665635,-0.6345792302652291
19.78333333333333,-0.12617437727138472,0.5342386698634277,0.3731201549443899,0.14461339374720006,-0.6345792881163627
19.791666666666668,-0.12073120636635294,0.7720740610774481,0.3723743855245969,-0.32393375080206266,-0.6345793727906459
19.8,-0.11330548754555858,1.0102577958207892,0.36771374009690966,-0.7951741436295747,-0.6345795964176492
19.808333333333334,-0.10388952510759612,1.2498852330714485,0.3591110347612825,-1.2701511223589486,-0.6345801138933124
19.816666666666666,-0.0924682110247632,1.4915950570236989,0.3465332912265706,-1.7491403999155364,-0.634581136875765
19.825,-0.07902413462143233,1.735232643529544,0.32995023244624927,-2.2311060731577155,-0.6345829359636491
19.833333333333332,-0.06354617064906201,1.9793422071563038,0.30934845815772377,-2.7128648383527896,-0.6345858380400078
19.841666666666665,-0.04604319086511443,2.2204399643509722,0.2847541091813787,-3.187875495503909,-0.6345902121666676
19.85,-0.02656472646113064,2.452086664797841,0.2562671589149131,-3.644681951871092,-0.6345964335441127
19.858333333333334,-0.005229576958430616,2.6639677872955283,0.2241090851159489,-4.0653601687284056,-0.6346048127207868
19.866666666666667,0.017739784490223322,2.8415561255455137,0.18868035325321567,-4.424944117390808,-0.6346154831876374
19.875,0.041985749129898935,2.967337770084046,0.15061293632142683,-4.693501921571695,-0.6346282654386662
19.883333333333333,0.06700407727164705,3.0244443398925474,0.1107889595663873,-4.8423038114088195,-0.6346425709550072
19.891666666666666,0.09217138742203017,3.002082490025871,0.07029310699146045,-4.8530498417215115,-0.6346574400605959
19.9,0.11681608905013947,2.899924838836442,0.030291219654043827,-4.725322313118374,-0.6346717567821059
19.90833333333333,0.140309882746944,2.72829731482698,-0.008125863859656638,-4.476865695405507,-0.6346845518559299
19.916666666666668,0.1621413420979035,2.5040010348484176,-0.044067602751077,-4.136430454132963,-0.6346952246426297
19.925,0.18194659531104207,2.244808908252214,-0.0768957302700237,-3.7343826355195304,-0.6347035877718322
19.933333333333334,0.19949972042086728,1.9656316022359317,-0.10620760161201227,-3.296186718635013,-0.6347097728770391
19.941666666666666,0.21468162193040294,1.6771401199369607,-0.13178307710335602,-2.8400878306063353,-0.6347140927439634
19.95,0.22744511294404995,1.38604832252916,-0.15352517668167392,-2.377618568952098,-0.6347169265180178
19.958333333333332,0.23778562372941234,1.0960389067652991,-0.17141048764730957,-1.915190876241112,-0.6347186476362362
19.966666666666665,0.2457200139547866,0.8087171764594224,-0.18545345153774467,-1.455724691068829,-0.6347195876133455
19.975,0.2512725596865353,0.5243634524188239,-0.19568287401762516,-0.9999266073318085,-0.6347200223181626
19.983333333333334,0.2544662532945108,0.24246082093813104,-0.20212744261618074,-0.5471821743204986,-0.6347201697800952
19.991666666666667,0.2553177315611591,-0.03795136322642409,-0.20480736158890278,-0.09614980980639726,-0.6347201926109521
20.0,0.25383464855128274,-0.3180328229779459,-0.20373007997890108,0.35483090421384117,-0.634720203857438
20.008333333333333,0.25001486472701506,-0.5989438054281044,-0.1988890597362853,0.8074052432222291,-0.6347203069391503
20.016666666666666,0.24384718182378337,-0.8816668679625757,-0.19026512131928436,1.262911151516811,-0.6347206491518925
20.025,0.23531371293124184,-1.166779395611809,-0.17783046596078786,1.7220036161092869,-0.634721432259935
20.03333333333333,0.22439455700379982,-1.4541202355340392,-0.16155654035064604,2.1840957889975647,-0.6347229149521187
20.041666666666668,0.21107588343742031,-1.7422944369721127,-0.14142763842679018,2.6465234033158267,-0.6347254113887426
20.05,0.19536300862098205,-2.0279645653993774,-0.11746294826314806,3.1033431995156393,-0.6347292796093318
20.058333333333334,0.177300273870964,-2.3049389895529138,-0.08975015604070954,3.5437806726278156,-0.6347348897678642
20.066666666666666,0.1569988063717791,-2.5632473597854752,-0.05849250075305721,3.950648699524569,-0.6347425594832068
20.075,0.13467030946045502,-2.788745603948506,-0.024066185339104408,4.299661071242005,-0.6347524482770299
20.083333333333332,0.11065873569972928,-2.9641974614019655,0.012925697514803887,4.561261273511594,-0.6347644255221663
20.091666666666665,0.08545353978551053,-3.0726906122799225,0.05163055444274603,4.706442825649885,-0.6347779694840667
20.1,0.05966564938117644,-3.102904079638172,0.09098730251833963,4.715748684630553,-0.6347921880770712
20.108333333333334,0.03396046571519862,-3.053571721939067,0.12984087999488447,4.586916693910136,-0.6348060109744555
20.116666666666667,0.008968548462883825,-2.9339960701373813,0.16709509529483957,4.335786581354097,-0.6348184791544047
20.125,-0.014788805473607818,-2.7602201209659887,0.20184027492264522,3.989788290569287,-0.6348289713870434
20.133333333333333,-0.03693321603791594,-2.5496636865647457,0.23341149106758044,3.57880457541391,-0.6348372649482893
20.141666666666666,-0.05722277413937822,-2.31721139483999,0.2613784814910956,3.1285088646512236,-0.634843456311218
20.15,-0.0755229931634323,-2.0736774468692145,0.2854970906118407,2.65775281142552,-0.6348478307436277
20.15833333333333,-0.09177272604065125,-1.825959438089524,0.3056521359045211,2.1788248359358304,-0.6348507484270287
20.166666666666668,-0.10595488155782924,-1.5778943872447089,0.32180838146396445,1.6988954237282827,-0.634852570153818
20.175,-0.11807486366414173,-1.331187419173662,0.3339745252587997,1.2215784105356473,-0.6348536182673848
20.183333333333334,-0.12814608729044993,-1.0861624529886718,0.3421790475570201,0.7481845623499145,-0.634854160626129
20.191666666666666,-0.13618083304667472,-0.8422958852999608,0.34645493507320063,0.27860370521740296,-0.634854406917334
20.2,-0.1421847773325604,-0.5985744283375443,0.346830439723588,-0.18811277438203403,-0.6348545104363579
20.208333333333332,-0.1461539883418291,-0.3537400386037801,0.34332382721498744,-0.653357002178355,-0.63485458493911
20.216666666666665,-0.14807365417865148,-0.10646333039848674,0.3359408954454266,-1.118694091126369,-0.6348547592206341
20.225,-0.14791807366177168,0.14451493625423067,0.3246743964299894,-1.585652215492306,-0.6348552003319071
20.233333333333334,-0.14565191245853334,0.4002154803103103,0.30950537766335656,-2.0554621326651668,-0.634856119580598
20.241666666666667,-0.14123308951626765,0.6611910598128062,0.2904070866856615,-2.528691076261303,-0.6348577839367431
20.25,-0.13461800961545756,0.92718162059272,0.2673526730880659,-3.0046787845490663,-0.634860520706229
20.258333333333333,-0.12577038381345995,1.1965873930920188,0.2403288109737194,-3.4806618548671393,-0.6348647146613647
20.266666666666666,-0.11467540210544298,1.4657046380778667,0.20935827668480217,-3.9504879634058834,-0.6348707922345693
20.275,-0.10136127608820558,1.7277340543268627,0.17453499462046737,-4.4029298200595655,-0.6348791806266104
20.28333333333333,-0.08592936993661858,1.971773790758243,0.13607377947482582,-4.819948549838643,-0.6348902265903007
20.291666666666668,-0.06859082946465882,2.182412210106078,0.0943714722713759,-5.175941388896858,-0.6349040660804381
20.3,-0.04970045269055147,2.341000013178709,0.050064047377915165,-5.439806768044905,-0.6349204650244202
20.308333333333334,-0.029769317760336894,2.42955433808065,0.004048525205199257,-5.581463103040927,-0.6349387058562438
20.316666666666666,-0.009435282946616965,2.43664014322523,-0.04256577952114114,-5.581742988955343,-0.6349576321905115
20.325,0.010613458750421155,2.362083924714933,-0.08858512725571582,-5.440349392167612,-0.6349759037125547
20.333333333333332,0.02973637911489668,2.2170510792182676,-0.1328956431004609,-5.175991918308942,-0.6349923545654073
20.341666666666665,0.04741816762063678,2.019424570702559,-0.1745931440771503,-4.818595718559756,-0.6350062535690276
20.35,0.0632996263387565,1.7879025560032547,-0.21303439105826483,-4.39937634050767,-0.6350173548612347
20.358333333333334,0.07716596767770005,1.5380162857121453,-0.24781690343468601,-3.9441896687667284,-0.6350257873455647
20.366666666666667,0.08891323532688687,1.2807917474501205,-0.27872250089845346,-3.471352940788583,-0.635031895305206
20.375,0.0985115579632603,1.0231252025464401,-0.30565610248674635,-2.992340077390949,-0.6350361065398927
20.383333333333333,0.10597475373728706,0.7687840071663841,-0.32859563857583174,-2.513503714365596,-0.6350388496051936
20.391666666666666,0.11133852733581491,0.5194033802494485,-0.34755663025266115,-2.0377655238250276,-0.6350405118413791
20.4,0.11464609428493043,0.27525821944343104,-0.3625692961220001,-1.56591031297602,-0.6350414229717183
20.40833333333333,0.11593921561009886,0.03579605623616053,-0.37366467618313165,-1.0974676159783066,-0.635041851980427
20.416666666666668,0.11525286395635256,-0.20001328895056325,-0.3808667131115681,-0.6312790339287534,-0.6350420098322838
20.425,0.1126122674683579,-0.43344704231333214,-0.38418814328044476,-0.16586191727919794,-0.6350420576171932
20.433333333333334,0.10803155415751285,-0.6658680702077425,-0.3836288759549883,0.30034307078047645,-0.6350421161208447
20.441666666666666,0.10151364139079692,-0.8985793640723048,-0.3791762854197878,0.7687465962684205,-0.6350422921468637
20.45,0.0930513537306892,-1.1326732743209136,-0.3708073864855117,1.2403845959117612,-0.6350427322702681
20.458333333333332,0.08262995930935914,-1.3688296959147936,-0.35849314294865786,1.715608050571108,-0.6350436378558194
20.466666666666665,0.0702318007967489,-1.6070084334364523,-0.3422060841135128,2.19358895044989,-0.6350452672179911
20.475,0.055844093596914855,-1.845987602969823,-0.3219330668558821,2.671563810950164,-0.635047933693967
20.483333333333334,0.03947138643507736,-2.082700483623533,-0.29769573656550286,3.143732225485537,-0.6350519938558942
20.491666666666667,0.021154410551649894,-2.311374768017078,-0.26958165261034905,3.599814125962185,-0.6350578165164935
20.5,0.0009964582512681447,-2.522634027211191,-0.23778807938112118,4.023533242102181,-0.6350657205760488
20.508333333333333,-0.020804102933141735,-2.7030374340039,-0.20267616960830442,4.391832490554328,-0.6350758735898768
20.516666666666666,-0.04392222814993997,-2.8359281182270037,-0.16482366919778382,4.676301718349717,-0.6350881628100695
20.525,-0.06789038286835299,-2.904472136291268,-0.12505092806734805,4.848324302838957,-0.6351020906001675
20.53333333333333,-0.09211706861592861,-2.8966571462833843,-0.0843886946552545,4.887556929517977,-0.6351167812207504
20.541666666666668,-0.11594778910172855,-2.809938733104981,-0.0439739175290067,4.7898069004692205,-0.635131155926185
20.55,-0.1387518673634848,-2.6523676683754975,-0.004901837325074508,4.568911875298842,-0.6351442181628122
20.558333333333334,-0.15999962508838517,-2.439314275190354,0.03190518206187868,4.251126145420221,-0.6351552940212238
20.566666666666666,-0.17930162437456545,-2.1882072437611613,0.06576400890410732,3.866149667349499,-0.6351641130058969
20.575,-0.19640699807814138,-1.9143725328572767,0.09622746545464889,3.440061227796899,-0.6351707406690096
20.583333333333332,-0.21117671974178828,-1.6292020287993074,0.12303861710679563,2.9922356184599197,-0.6351754493698626
20.591666666666665,-0.2235498199357007,-1.340129550291326,0.14607334912619951,2.535336190698335,-0.6351785999734444
20.6,-0.23351344498545573,-1.051427324435221,0.165289717029159,2.0766923567079423,-0.6351805625560626
20.608333333333334,-0.2410804454297783,-0.7651388089129793,0.1806902415308382,1.619896686441015,-0.6351816738417784
20.616666666666667,-0.24627418470290321,-0.48185472620062086,0.1922965306437399,1.1661261715538234,-0.6351822192372644
20.625,-0.24911891242406592,-0.20127387770017358,0.2001333526592323,0.715092008767902,-0.6351824282409552
20.633333333333333,-0.24963402746051824,0.0774148339157853,0.20421927817159713,0.26568252040289975,-0.6351824757222291
20.641666666666666,-0.24783098910754478,0.35526822645910144,0.20456176152848699,-0.1835961465721868,-0.6351824869351395
20.65,-0.24371215500246793,0.6333814922255464,0.201155435007193,-0.6342724012168011,-0.635182563014849
20.65833333333333,-0.23727124933364122,0.9127002319111546,0.19398314333380606,-1.0875962542032733,-0.635182835583646
20.666666666666668,-0.22849546916393068,1.1938023231986805,0.18301966427843286,-1.5441823362056069,-0.6351834885778103
20.675,-0.2173697763096328,1.4765834614707498,0.16823905138112963,-2.0034843101747346,-0.6351847608215632
20.683333333333334,-0.20388438146184848,1.7597962865784729,0.1496273346712042,-2.463018984408855,-0.6351869448721266
20.691666666666666,-0.18804685668968088,2.0403945827484815,0.12720303512998452,-2.917256661091024,-0.635190377023324
20.7,-0.16990054840480967,2.3126863137071703,0.1010483627422931,-3.3561823074404256,-0.6351954095592207
20.708333333333332,-0.1495503817382578,2.5674537830798974,0.07135299392050913,-3.763795427987852,-0.6352023537443872
20.716666666666665,-0.12719465167624391,2.79150766812657,0.03846808017530096,-4.117344275400595,-0.6352113854020273
20.725,-0.10315588606213776,2.968518759496708,0.002958726954138764,-4.388738177402086,-0.6352224233299815
20.733333333333334,-0.07789632845777664,3.0819689530253545,-0.034369738736077585,-4.549584037985469,-0.6352350283420525
20.741666666666667,-0.05200017072274435,3.1199822616009176,-0.07250231589677399,-4.57944832571753,-0.6352484041540072
20.75,-0.026114797619047055,3.079814279777361,-0.11031503693915772,-4.473549646589065,-0.6352615549836359
20.758333333333333,-0.0008669106116274369,2.9689814834044097,-0.14671880049958907,-4.244713068770497,-0.6352735490637552
20.766666666666666,0.02321256123059158,2.8021750310181095,-0.18078837213074347,-3.918115125834104,-0.6352837460621878
20.775,0.045727485925138305,2.596227876603738,-0.2118298890350647,-3.5226969504931964,-0.6352918792720046
20.78333333333333,0.06641614259202458,2.366070845305833,-0.23938111788598004,-3.084264139122658,-0.6352979987094798
20.791666666666668,0.08512619116619567,2.12289177527472,-0.26316966190259844,-2.622344904801654,-0.6353023527476237
20.8,0.10178221331029111,1.8740436151874142,-0.283058464197383,-2.15002658546259,-0.635305276654448
20.808333333333334,0.11635650654481099,1.6237741046029388,-0.2989967723028091,-1.675185825527401,-0.6353071160756939
20.816666666666666,0.12884694366101995,1.3741150171736698,-0.31098300476943963,-1.201984402103266,-0.6353081848124921
20.825,0.13926178451379503,1.1256362604449075,-0.31903928426619965,-0.7321307956657782,-0.6353087462164145
20.833333333333332,0.14760992964853406,0.8779976184118706,-0.32319504006591804,-0.2657952543299116,-0.6353090078114526
20.841666666666665,0.15389501200630748,0.6303263433050676,-0.3234769399032814,0.1977719724330158,-0.63530912211328
20.85,0.15811211048267157,0.3814794337169871,-0.3199030948234643,0.6598140842235566,-0.6353092035368572
20.858333333333334,0.16024632451692766,0.13023068827585488,-0.31248026871244644,1.1217723153811812,-0.6353093818761721
20.866666666666667,0.16027271712007346,-0.1245757257604529,-0.3012031875131804,1.5850531715752236,-0.6353098238231373
20.875,0.15815761924670044,-0.38384578910526185,-0.2860559508895721,2.0507467289233916,-0.6353107381056265
20.883333333333333,0.15386165828402837,-0.6479948197870709,-0.2670161855814815,2.5192388799458754,-0.6353123867385018
20.891666666666666,0.14734522299719777,-0.9165925532302484,-0.24406317165682215,2.9896272847521828,-0.6353150894640761
20.9,0.1385775877442782,-1.187830061410999,-0.21719203716688118,3.4588317983498387,-0.6353192195926469
20.90833333333333,0.12755139461182463,-1.4577625402044916,-0.1864369488927376,3.920316596870693,-0.635325186458933
20.916666666666668,0.11430433137663994,-1.719356415577352,-0.15190651135308295,4.362465343961388,-0.6353333927864628
20.925,0.09894885213049845,-1.961579061821923,-0.11383297238214893,4.767004709941305,-0.6353441531090451
20.933333333333334,0.08170728646664428,-2.1691599893298124,-0.0726309641213644,5.108536411174926,-0.6353575673020034
20.941666666666666,0.06294263524658031,-2.324049437294832,-0.028949568566962056,5.356922487308222,-0.6353733728333829
20.95,0.043167053101814394,-2.4093561106582153,0.016312687115429072,5.483871564713758,-0.6353908497399269
20.958333333333332,0.02300927058869207,-2.4149202696001053,0.06206179570758278,5.47232462447532,-0.6354088803352896
20.966666666666665,0.0031389224609319824,-2.341460920425666,0.10713494069857102,5.323463944262938,-0.6354261999436731
20.975,-0.015826338020570895,-2.20025956048506,0.15045632250080063,5.056190949981675,-0.6354417291912565
20.983333333333334,-0.033391971009754454,-2.008631245723935,0.1911563570364255,4.699494802729234,-0.6354548044651533
20.991666666666667,-0.04921335723758413,-1.7844289321739029,0.22861625169496727,4.28321303066758,-0.6354652146747948
21.0,-0.06308340005128137,-1.5424188234847893,0.26244683967424853,3.831978538283513,-0.6354730945563885
21.008333333333333,-0.07490037908383913,-1.2930915075292408,0.2924346675231922,3.363283929425834,-0.6354787767066609
21.016666666666666,-0.08463316480047714,-1.043031760788372,0.3184841578018321,2.8881590027093895,-0.6354826699813942
21.025,-0.09229243900581147,-0.7958561339780481,0.34057024464374436,2.412780360461677,-0.6354851829691356
21.03333333333333,-0.09790995861910647,-0.5531468226411875,0.3587047120513445,1.9400521434331033,-0.6354866848360234
21.041666666666668,-0.10152479609668537,-0.3151791345969581,0.3729142771878669,1.470823307469283,-0.6354874897272139
21.05,-0.1031746991436673,-0.08142818896730677,0.3832271866239377,1.0047236953880803,-0.6354878535180393
21.058333333333334,-0.10289091969355633,0.14909511726181485,0.38966548804556816,0.5407075046911018,-0.635487975920446
21.066666666666666,-0.10069534101886164,0.37761921934108994,0.39224097218143883,0.07740659770359705,-0.6354880067412721
21.075,-0.09659918482451504,0.60545008031848,0.3909535623450718,-0.3866216015147686,-0.6354880565144094
21.083333333333332,-0.09060297827422503,0.8338240372595984,0.3857916448469483,-0.8526661251131132,-0.6354882317861938
21.091666666666665,-0.0826977481214657,1.0637571316486918,0.3767342626121015,-1.321639243038386,-0.6354886834205995
21.1,-0.07286765962804619,1.2958381693873238,0.3637554823109185,-1.7937566135958347,-0.6354896159106348
21.108333333333334,-0.06109478261526406,1.5299186485608052,0.34683212769751454,-2.2680392709198918,-0.6354912889461636
21.116666666666667,-0.04736703118890204,1.7646526086790257,0.3259566684626827,-2.741559588428588,-0.6354940146668426
21.125,-0.031690720550515576,1.9968440830305547,0.30115773274954544,-3.2083573903526617,-0.6354981447952757
21.133333333333333,-0.014109356470737558,2.2206148969367243,0.27253102593544953,-3.6580444907188814,-0.635504038545827
21.141666666666666,0.005270394279392356,2.426562554673144,0.24028233821196499,-4.074381498985831,-0.6355120000624415
21.15,0.026247191450512842,2.6013839732428368,0.2047799647821835,-4.434631400085292,-0.6355221786091086
21.15833333333333,0.048495133988466874,2.728800966665849,0.1666044855001546,-4.711110864858613,-0.6355344447547914
21.166666666666668,0.0715499970945871,2.7925854886397827,0.1265713588875376,-4.876302516616448,-0.6355482941048427
21.175,0.0948290090630389,2.781374457415329,0.08569675972840615,-4.911008957630326,-0.635562861030321
21.183333333333334,0.11769095904171603,2.6930203007006015,0.04509511431345788,-4.811716426790974,-0.6355770923919339
21.191666666666666,0.13951997517596326,2.535531552164631,0.005836691033092975,-4.592155018733822,-0.6355900216345199
21.2,0.15979918686450537,2.323874531398117,-0.03117728431429055,-4.277824829792002,-0.6356009964074397
21.208333333333332,0.17814792500827273,2.0749552196434116,-0.06527730739838669,-3.8974523511483987,-0.6356097537530473
21.216666666666665,0.19431999575779374,1.8036631169978206,-0.09602213252692754,-3.4762852050371538,-0.6356163553363513
21.225,0.2081780763202793,1.5211168502468304,-0.12315498014259837,-3.033149082928274,-0.6356210640138064
21.233333333333334,0.21966126413874365,1.2346236819509597,-0.14654844128599342,-2.5804173326530786,-0.6356242303192753
21.241666666666667,0.22875616311144942,0.9484279016771605,-0.16615566765388753,-2.125309316323026,-0.6356262156959214
21.25,0.23547510308551672,0.6646000301967878,-0.1819738476380467,-1.671414588128661,-0.6356273507186401
21.258333333333333,0.23984127630761062,0.38378403690000495,-0.19401950080075886,-1.2199656517481994,-0.6356279170079819
21.266666666666666,0.24187925654493062,0.10574266576527352,-0.20231291597852336,-0.7707614558337214,-0.6356281421916957
21.275,0.24160932025604862,-0.17026666885550962,-0.2068690082827246,-0.32279958551258053,-0.6356282008101027
21.28333333333333,0.2390443946712079,-0.44522750202884975,-0.2076925742678358,0.1252835545700819,-0.6356282214439288
21.291666666666668,0.23418893457678377,-0.7201567410390071,-0.204776756801819,0.5748653585580238,-0.6356283081149461
21.3,0.2270394644030558,-0.9959078523445201,-0.1981043086484337,1.0270085515023921,-0.6356285892053436
21.308333333333334,0.21758683249847252,-1.2729454738001826,-0.1876516666397007,1.4820932076392133,-0.6356292438693558
21.316666666666666,0.20582070995345159,-1.5510233932042035,-0.1733967351969192,1.939279598490536,-0.6356305044742779
21.325,0.19173733829409265,-1.8287187256859363,-0.15533211452688686,2.395725070949305,-0.6356326544678943
21.333333333333332,0.1753519096971943,-2.1027818365708724,-0.13348613856734903,2.8454856372574775,-0.6356360170446368
21.341666666666665,0.1567171084345861,-2.3673200719121494,-0.10795434452751027,3.278131583364167,-0.6356409259953627
21.35,0.13594861490337357,-2.6129934982963667,-0.0789427683843893,3.677379587516678,-0.6356476681840163
21.358333333333334,0.11325573078837764,-2.8267006179219427,-0.046819958966707334,4.020557044509436,-0.6356563914848586
21.366666666666667,0.0889698403097947,-2.9925626078986496,-0.012165297016564342,4.2802827637730605,-0.635666990907084
21.375,0.06355652362845834,-3.0949272252557622,0.024210624701954953,4.429603567540837,-0.6356790208879813
21.383333333333333,0.03759494830098531,-3.123001527366318,0.061301611562940936,4.449925716368285,-0.6356917087527184
21.391666666666666,0.01171901733532664,-3.0749088049038136,0.0980069946139598,4.337970860007001,-0.6357041128618915
21.4,-0.013462983950318492,-2.958444342551856,0.13326968714369714,4.107086943691007,-0.6357153697006893
21.40833333333333,-0.037438199656022554,-2.7879670474599507,0.16619634362707716,3.781944779604065,-0.6357248980743928
21.416666666666668,-0.059824193504585337,-2.579649965757364,0.1961180494089595,3.39042331001931,-0.6357324667263824
21.425,-0.08036721528252577,-2.347752778313115,0.22258825831336437,2.9572395689457727,-0.6357381366709556
21.433333333333334,-0.09891791198419721,-2.1029533722663882,0.2453421740762786,2.5010942293816374,-0.6357421502338718
21.441666666666666,-0.11540041440835114,-1.8522866725426175,0.26424475744226217,2.034557044178915,-0.6357448279958089
21.45,-0.12978459522688982,-1.5998360734577848,0.2792440376531468,1.5652309667100357,-0.635746498225624
21.458333333333332,-0.14206499323080715,-1.3475715423570245,0.2903356462348859,1.0971616431616265,-0.6357474578521445
21.466666666666665,-0.1522463008288593,-1.0960633143823366,0.29753836514225873,0.6320318363592433,-0.6357479551524828
21.475,-0.1603340198478053,-0.8450082662097105,0.3008782942130162,0.1700353416233809,-0.6357481846322288
21.483333333333334,-0.16632879939370757,-0.5935951455955182,0.30037910052391315,-0.2895233487408115,-0.6357482880678308
21.491666666666667,-0.17022334158504066,-0.34076491901434747,0.2960564747779064,-0.7478026777530767,-0.6357483787403899
21.5,-0.17200115924276912,-0.08539816100268303,0.2879155855030977,-1.206128493258742,-0.6357485926609281
21.508333333333333,-0.17163675656775676,0.17351822979573325,0.27595073781378254,-1.6657354528592332,-0.6357491019599604
21.516666666666666,-0.16909731271594025,0.43669134532514287,0.26014740181968676,-2.127448413729825,-0.6357501209323435
21.525,-0.16434628909158736,0.7042530853778385,0.24048734543764663,-2.5912432830309524,-0.635751916759623
21.53333333333333,-0.1573497575130071,0.9753654857529382,0.21695825017701742,-3.0555921260542567,-0.635754811268796
21.541666666666668,-0.14808674701650373,1.2476429612928472,0.1895700378568812,-3.5164931843531764,-0.6357591734153577
21.55,-0.13656528132055532,1.5163651343988112,0.15838080280512626,-3.966135970359483,-0.6357653961014453
21.558333333333334,-0.12284564280100713,1.7735580510150417,0.12353506317543879,-4.3913264591903145,-0.6357738455006472
21.566666666666666,-0.10707083216183669,2.0072703542831696,0.08531445040700039,-4.772218736685895,-0.635784771233593
21.575,-0.08949989324323858,2.201762999057785,0.044193710769547916,-5.08256923951405,-0.6357981783551004
21.583333333333332,-0.07053243421546516,2.3395840476848795,0.0008824200556639406,-5.2931716408521705,-0.6358136962679722
21.591666666666665,-0.0507061533724109,2.405917500726708,-0.04367840058688916,-5.379156727836182,-0.6358305250404728
21.6,-0.03065287089307377,2.393765658852612,-0.08838953552724897,-5.328738546548656,-0.6358475446321571
21.608333333333334,-0.011018676550183739,2.306830193693272,-0.13212748907237717,-5.1480961658158,-0.6358635840431689
21.616666666666667,0.007621815193883847,2.157943644343818,-0.17388849256598993,-4.8587406090910825,-0.6358777184705098
21.625,0.024822678216273642,1.9642548433821414,-0.21288446596688906,-4.489404725610802,-0.6358894374018058
21.633333333333333,0.04028137946985575,1.7423588411981354,-0.24856745082710874,-4.067861939592234,-0.6358986368878317
21.641666666666666,0.05382076762768771,1.5054820827347526,-0.28059924529527397,-3.616235191053917,-0.6359055033766869
21.65,0.06535693605133666,1.2627942917061292,-0.3087977113799319,-3.149895014895439,-0.6359103787511604
21.65833333333333,0.07486710360695056,1.0199345805178088,-0.33308353807975444,-2.6783882688134932,-0.6359136566576905
21.666666666666668,0.08236389931293764,0.779915575923128,-0.35343805386911775,-2.206981401866886,-0.6359157197625078
21.675,0.0878771043108426,0.5439661110901655,-0.369873685748214,-1.7380809827042905,-0.6359169086670248
21.683333333333334,0.09144161001535635,0.31217319380479447,-0.38241483935150145,-1.2723030993097186,-0.6359175101160829
21.691666666666666,0.09308987914664447,0.08392711760183119,-0.39108622950036825,-0.8092035787396286,-0.6359177550624152
21.7,0.09284746294016745,-0.14178089892032808,-0.3959061772226344,-0.34775574621444966,-0.6359178208335972
21.708333333333332,0.09073057519765515,-0.36615427717745846,-0.3968831633968781,0.11333132848838537,-0.6359178366985998
21.716666666666665,0.08674514365050154,-0.5904332129766476,-0.3940146598593506,0.5753696961127304,-0.6359179004548206
21.725,0.08088712006193383,-0.8157479886514524,-0.3872879061284988,1.0394683072194908,-0.6359181292874622
21.733333333333334,0.07314403284946432,-1.0429584160891605,-0.37668253769309756,1.5062949591420915,-0.6359186898585906
21.741666666666667,0.06349814382759203,-1.272422304475881,-0.36217567010860546,1.9757126852530542,-0.6359198016890777
21.75,0.0519319618576172,-1.5036539795046395,-0.3437507459723051,2.4462281265691863,-0.635921737522821
21.758333333333333,0.03843722386924396,-1.7348260875901074,-0.3214120408268683,2.91417197096975,-0.635924818049358
21.766666666666666,0.02302879908067862,-1.9620850770059581,-0.29520732461575555,3.372558693515417,-0.6359293945248532
21.775,0.005764960818210337,-2.178726581300915,-0.26526118298837503,3.8097000790765745,-0.6359358097915109
21.78333333333333,-0.013225602202743408,-2.3744650078808838,-0.23181971967432768,4.207965483126204,-0.6359443274166201
21.791666666666668,-0.033712883504157194,-2.5353533209898766,-0.19530192943041894,4.543629711809425,-0.6359550264222088
21.8,-0.055339600962526075,-2.6451957532589128,-0.15634287003549538,4.789242025489523,-0.6359676834246503
21.808333333333334,-0.07761554171354684,-2.689025059908785,-0.11580263592249877,4.919495848280089,-0.6359817019868509
21.816666666666666,-0.09994745100214412,-2.6578638673708195,-0.07471525890742982,4.919281247463196,-0.6359961665610847
21.825,-0.12170554879646225,-2.5522490291760955,-0.034175682571822484,4.78963608383447,-0.6360100451477224
21.833333333333332,-0.14230499633316668,-2.382045268672913,0.004798348687162947,4.547391296089544,-0.6360224548669381
21.841666666666665,-0.16126968012208795,-2.162676919677845,0.04137407428078514,4.218742001949289,-0.6360328491837842
21.85,-0.17825838394983842,-1.9103740290368998,0.07494749315740486,3.831173904974465,-0.6360410528538869
21.858333333333334,-0.19305624784699457,-1.6388608822892865,0.10512832458136928,3.407870921085909,-0.6360471795397971
21.866666666666667,-0.20554743102247455,-1.3581189456492722,0.13169338320937304,2.9656596474980885,-0.6360515115131192
21.875,-0.21568404759562576,-1.074578788355199,0.154533990108483,2.515375277573345,-0.6360543975759614
21.883333333333333,-0.22345964158979975,-0.7918977525701398,0.17361136880996733,2.063208040738054,-0.6360561869991563
21.891666666666666,-0.22888961449141026,-0.5117929639926623,0.18892400313795157,1.612129716730098,-0.6360571947322252
21.9,-0.2319980119524265,-0.23471854254855648,0.20048584886959664,1.1630456464909331,-0.6360576869179729
21.90833333333333,-0.23280916013491293,0.03964476977988625,0.20831277029458664,0.715622229629051,-0.6360578772590172
21.916666666666668,-0.23134272558805977,0.3120485244314896,0.21241474136446153,0.268858472284512,-0.6360579293009533
21.925,-0.2276111884945708,0.5834304596841595,0.21279207038419073,-0.1785056074668929,-0.6360579678547159
21.933333333333334,-0.22161914749170003,0.8547104587712392,0.20943467182946718,-0.627647215502974,-0.6360580992092209
21.941666666666666,-0.21336432146426362,1.126584526667447,0.20232417835463187,-1.0793197405757455,-0.6360584591326871
21.95,-0.20284039069115106,1.3992769116373858,0.1914390609046886,-1.5334473736979402,-0.6360592339180386
21.958333333333332,-0.19004232001742657,1.6721846776431395,0.17676385684091825,-1.9885320748915383,-0.63606066121254
21.966666666666665,-0.17497523838682888,1.9433727437072619,0.15830435635193746,-2.4408050500890086,-0.636063025412347
21.975,-0.1576682522853876,2.2088948441083978,0.13611110145717006,-2.883080292145242,-0.6360666419604672
21.983333333333334,-0.13819449365500644,2.4619977682179686,0.11031342960781453,-3.3034067530034537,-0.6360718217235347
21.991666666666667,-0.11669751739054111,2.692457787070511,0.08116428117663887,-3.6839429833614745,-0.6360788062031797
22.0,-0.09342086065176096,2.88660577487039,0.04909035361666569,-4.001005266116014,-0.6360876720657668
22.008333333333333,-0.06873176861305864,3.0288332328742102,0.01473224653176997,-4.227646621839799,-0.6360982262293337
22.016666666666666,-0.043124294856743316,3.1050299822987726,-0.02105070747061353,-4.339543343679741,-0.6361099463127261
22.025,-0.017188142174932232,3.1070718225198037,-0.05723429563913378,-4.3226846734833835,-0.6361220337398181
22.03333333333333,0.008456134075097496,3.0359413373512325,-0.0927409454879286,-4.178727381813993,-0.636133595873553
22.041666666666668,0.03323402731400431,2.9013151097628773,-0.12657206857820594,-3.92430048660533,-0.6361438778470776
22.05,0.056675891519332194,2.717925296878187,-0.15790951730998132,-3.584784591820011,-0.6361524218843517
22.058333333333334,0.0784402570964344,2.501137978714976,-0.18615633143463445,-3.18674786416198,-0.6361590937825266
22.066666666666666,0.09830509849615371,2.2639142324302908,-0.2109226530308469,-2.752745465289303,-0.6361640089385611
22.075,0.11614189140292999,2.015679593514257,-0.23198216682155176,-2.299378985824041,-0.6361674264492829
22.083333333333332,0.1318862727309184,1.762502187594516,-0.24922264597917032,-1.8375876959540554,-0.6361696592806435
22.091666666666665,0.14551290043325907,1.507813639647014,-0.2626035430692449,-1.3738621482725693,-0.6361710158176679
22.1,0.1570167859666002,1.2531881554741193,-0.2721244728634957,-0.91155365191603,-0.6361717688218617
22.108333333333334,0.16640060367730505,0.9989824644483564,-0.27780371933553394,-0.45194453779099103,-0.6361721423549827
22.116666666666667,0.17366660501596282,0.7448030870494198,-0.27966441693255367,0.004976590432733366,-0.636172308418196
22.125,0.17881181435353877,0.489835526783305,-0.27772615275922186,0.4599729804260839,-0.6361723913935678
22.133333333333333,0.1818255801408898,0.2330858233903303,-0.27200044666048295,0.9141633785644266,-0.6361725079444595
22.141666666666666,0.18268885406189633,-0.02643846911593589,-0.2624890077379504,1.3687385692212677,-0.6361728053385671
22.15,0.181374957937968,-0.28954223444690685,-0.24918432871894491,1.824665298049491,-0.6361734668245785
22.15833333333333,0.1778520707683261,-0.5566105039464078,-0.232073047350255,2.2823093012541564,-0.6361747209941844
22.166666666666668,0.17208798037925094,-0.8272882106864156,-0.21114302198395296,2.740905512567162,-0.6361768489404376
22.175,0.1640580765420747,-1.1000132850385527,-0.18639580538637027,3.1977764596632996,-0.6361801812647105
22.183333333333334,0.1537580008230466,-1.371361868431831,-0.157866955823981,3.647225193426096,-0.6361850841240259
22.191666666666666,0.1412225158118691,-1.6352225308131305,-0.12565691435510615,4.079125920673214,-0.6361919253030602
22.2,0.1265514385844136,-1.8819774254082358,-0.08997401091864943,4.4775075045659865,-0.6362010088403652
22.208333333333332,0.1099408193280448,-2.0981749031655603,-0.05118669410383504,4.819946980500279,-0.6362124717318492
22.216666666666665,0.09171199294171382,-2.2675227975133057,-0.009872669081849311,5.079183424606445,-0.636226157286911
22.225,0.07232400531705693,-2.373954691971593,0.033159547189675814,5.228245756578192,-0.6362415188970563
22.233333333333334,0.052352528832674335,-2.4063861242588316,0.07690537945908532,5.248469428550046,-0.6362576379924524
22.241666666666667,0.03242943224955567,-2.3628968202191354,0.12026540997768854,5.136575467302726,-0.6362734047029189
22.25,0.013160145707084103,-2.251516363753649,0.16218427095148788,4.906019376658878,-0.636287798526332
22.258333333333333,-0.004948149295781387,-2.087023591480292,0.20177141147770195,4.5816019668898385,-0.6363001208674643
22.266666666666666,-0.02152248123419192,-1.8860602016196735,0.23836147930956963,4.191242029761229,-0.6363100739613089
22.275,-0.0363223191625363,-1.6633080265065687,0.2715112748809126,3.7595657939728016,-0.6363176984362499
22.28333333333333,-0.04921472227984166,-1.4297877438414444,0.3009581567013793,3.305088636391933,-0.6363232499774836
22.291666666666668,-0.06014276926405759,-1.1928023228830953,0.3265675255855119,2.840164643691009,-0.636327083720021
22.3,-0.06909725603994907,-0.9566437636862588,0.34828612234108747,2.372204858571756,-0.6363295742458868
22.308333333333334,-0.07609518254870411,-0.7234442717495237,0.36610691034702364,1.9051194283153379,-0.6363310705533509
22.316666666666666,-0.08116489011782584,-0.4938977937919503,0.3800451637759774,1.440526267378335,-0.636331875365696
22.325,-0.08433641223176283,-0.2677895284384433,0.39012323767639717,0.9786265913446006,-0.6363322383524127
22.333333333333332,-0.08563551542728534,-0.04435952644593161,0.3963613921077549,0.5187955202247447,-0.6363323560192029
22.341666666666665,-0.08508024849882069,0.1774504276243497,0.3987726459043832,0.05997314844463052,-0.6363323741573779
22.35,-0.08267923617738869,0.3988169520274184,0.3973603556536881,-0.39905798126861836,-0.6363323956057801
22.358333333333334,-0.07843134633659045,0.6208807289584206,0.39211791990188766,-0.8594331789721412,-0.6363325199039807
22.366666666666667,-0.07232659252702527,0.8445996642449954,0.38303035865442375,-1.3219889657663617,-0.636332889402226
22.375,-0.06434840975648197,1.070556505761997,0.3700779464285577,-1.7869676568787807,-0.6363336970788999
22.383333333333333,-0.05447786817870775,1.2986804354978068,0.35324289164560085,-2.2535729949495007,-0.6363351878338461
22.391666666666666,-0.04270070761129267,1.5278407924436674,0.33252057370795535,-2.7193074052161292,-0.6363376562573415
22.4,-0.029018436104527146,1.7552731308016027,0.30793746632034225,-3.179021378523085,-0.6363414360051748
22.40833333333333,-0.013464933729581042,1.9758389478201948,0.27957823374712293,-3.6236738249633764,-0.6363468730682605
22.416666666666668,0.0038704388768491032,2.1812415819387487,0.2476237719539845,-4.039006475727969,-0.6363542730344395
22.425,0.02281418220643561,2.35956693832103,0.21239869088950666,-4.404753314194148,-0.6363638150152744
22.433333333333334,0.04307983261892889,2.495840089569605,0.1744192458838638,-4.695556931277746,-0.6363754396086292
22.441666666666666,0.06425079707371474,2.5743666686806557,0.13442176822038887,-4.884903035057226,-0.636388749524099
22.45,0.08579071676120112,2.582881170386138,0.09334471001178897,-4.952121096514838,-0.6364029934614954
22.458333333333332,0.10709089787094857,2.5168824196398134,0.052248093948884015,-4.889706501916242,-0.6364171913280429
22.466666666666665,0.12754521149965492,2.3814705927057283,0.01218663978195707,-4.70640235015637,-0.6364303741455247
22.475,0.14662422161741673,2.189335730285381,-0.025915505227444915,-4.423753066300041,-0.6364418186800451
22.483333333333334,0.16392078170242722,1.9563525866306897,-0.06134141656272105,-4.068616773258574,-0.6364511609180841
22.491666666666667,0.17915848735332754,1.6974766095162808,-0.09359504608095344,-3.6662220026894774,-0.6364583694679756
22.5,0.19217322822091348,1.424496638093504,-0.12236951471603391,-3.2363991289644916,-0.6364636412978281
22.508333333333333,0.20288384914119073,1.145561802317217,-0.14749732598321547,-2.7928256540614704,-0.6364672898766429
22.516666666666666,0.21126353962017508,0.8656911618804549,-0.1689021736183277,-2.3439273688976354,-0.6364696618192313
22.525,0.21731706476891002,0.5875792789909857,-0.1865608987965128,-1.8942659869540113,-0.6364710873107365
22.53333333333333,0.22106460214272977,0.31234136562119624,-0.20047677202052586,-1.4458112633726157,-0.6364718559455795
22.541666666666668,0.22253109431078782,0.04008641559409861,-0.21066215992640816,-0.9989126313187981,-0.6364722077900479
22.55,0.2217396638250054,-0.22967475088574052,-0.2171280547604461,-0.5529855070738808,-0.6364723323847792
22.558333333333334,0.21870790289952025,-0.4977392801026779,-0.21987841469026315,-0.10699411614708795,-0.6364723766627486
22.566666666666666,0.2134462495064084,-0.764993280518193,-0.2189079647300625,0.3401855567644939,-0.6364724564747897
22.575,0.2059581030083544,-1.0322046509687823,-0.2142028945505381,0.7894192738252851,-0.6364726844566525
22.583333333333332,0.19624171013639302,-1.2998016568515267,-0.20574448726668637,1.2409532706610573,-0.6364732146601414
22.591666666666665,0.18429414498690022,-1.5675792087634535,-0.19351616773624275,1.6939303299328108,-0.6364742511589997
22.6,0.17011822990754813,-1.8342808442221854,-0.17751544023288532,2.1456911935836622,-0.6364760460645318
22.608333333333334,0.15373357592367892,-2.0970242733759563,-0.15777273332349223,2.5908088531678657,-0.6364788899338978
22.616666666666667,0.1351930536649161,-2.3505818684225472,-0.1343793941697853,3.019874172824946,-0.636483087471736
22.625,0.1146054508455182,-2.5866551668226427,-0.10752613640943932,3.418269140584749,-0.6364889096800265
22.633333333333333,0.09216298448984267,-2.793524070090138,-0.07754968773110911,3.7655775144992067,-0.6364965165670029
22.641666666666666,0.06816793259910625,-2.956736561439458,-0.04497785634032729,4.036772192986377,-0.6365058585885214
22.65,0.04304672332610796,-3.0615044562700877,-0.010553081872188135,4.206321097174458,-0.636516592887292
22.65833333333333,0.017336910428057017,-3.096675948380048,0.024790474261302424,4.254994456836071,-0.6365280759888865
22.666666666666668,-0.008360324045998735,-3.0586433239251574,0.06000892179614728,4.176564008217133,-0.6365394787707315
22.675,-0.03345134259726999,-2.9527594989304293,0.09407124197455799,3.9802359946279657,-0.636549994157316
22.683333333333334,-0.057418210991343005,-2.7912471874377465,0.12607677378353407,3.6870746712177977,-0.6365590330004293
22.691666666666666,-0.07985931043655921,-2.589079807912542,0.1553255494090774,3.3229500673778083,-0.6365663138614678
22.7,-0.10049578522625298,-2.360253938763108,0.18133013163446798,2.9121548255880896,-0.6365718354246511
22.708333333333332,-0.1191537206828499,-2.115775219652136,0.20378587819151023,2.4739515467604374,-0.6365757855716908
22.716666666666665,-0.13573661108684235,-1.8632438113410352,0.2225245222202125,2.0218527917371003,-0.636578445400984
22.725,-0.15019857875525064,-1.607325748819505,0.23746892588597465,1.564411431552911,-0.6365801178640645
22.733333333333334,-0.16252297891763387,-1.3504963791890452,0.24859689597399534,1.1064723991089644,-0.636581085233265
22.741666666666667,-0.17270712451911294,-1.0937338999291826,0.2559152921628376,0.6503371149044808,-0.6365815883203017
22.75,-0.1807521710675154,-0.8370586360525739,0.2594427773098045,0.196663801132631,-0.6365818187997068
22.758333333333333,-0.18665684394829468,-0.5799212811267079,0.2591989589429847,-0.25488951186406217,-0.6365819184134853
22.766666666666666,-0.19041392952387198,-0.3214867654136248,0.25519810318892944,-0.7051948504512903,-0.6365819985408682
22.775,-0.1920088148652999,-0.06084477805729868,0.2474462183330088,-1.1553143758678754,-0.6365821890907849
22.78333333333333,-0.19141962713772157,0.20280397991845714,0.2359406811597544,-1.6062046369401601,-0.636582653088219
22.791666666666668,-0.1886190361377947,0.4699292070325068,0.22067253869623926,-2.0583615245061946,-0.636583593186248
22.8,-0.18357812823770475,0.7403854370021918,0.2016322044894943,-2.5113483090354394,-0.6365852613566328
22.808333333333334,-0.17627312073199292,1.0130062394234876,0.17881988306104943,-2.963116652340273,-0.6365879584831744
22.816666666666666,-0.16669612740651923,1.285032471593622,0.1522628065603301,-3.4090410136390483,-0.6365920245155079
22.825,-0.15487141989507583,1.5513708024631867,0.12204179572204182,-3.840655342198897,-0.6365978128699935
22.833333333333332,-0.14087824950691877,1.8037955842999762,0.0883290556071997,-4.244278282928766,-0.6366056388206014
22.841666666666665,-0.12487943014650262,2.0304509913647797,0.05143599996639369,-4.600127652461684,-0.6366156936813959
22.85,-0.10715053895579256,2.216338280956706,0.011862547399411014,-4.883087325120078,-0.6366279306967685
22.858333333333334,-0.08809811552007239,2.345574424499263,-0.029671710218881667,-5.0664732533454,-0.636641959961303
22.866666666666667,-0.06825089867969193,2.405498913363269,-0.0722415840639935,-5.128950897649004,-0.636657023790042
22.875,-0.04821393715723899,2.391072272939792,-0.11479306276509711,-5.0619795584521885,-0.6366721153236617
22.883333333333333,-0.02859424797423286,2.306876159816571,-0.15626834012300672,-4.873217872511487,-0.6366862198598826
22.891666666666666,-0.009925800640706497,2.1652647808267336,-0.19573217854956834,-4.58342012475501,-0.6366985601744626
22.9,0.007377939562447939,1.982019619131099,-0.23245185804218144,-4.219113436186277,-0.6367087238453207
22.90833333333333,0.023034332044272052,1.772194631171658,-0.26591459144756807,-3.8056111903504735,-0.636716646095954
22.916666666666668,0.036874316382600573,1.5477727187998496,-0.295798705052237,-3.36309942490372,-0.6367225078374447
22.925,0.048813505482008336,1.3171103845117798,-0.3219254964676706,-2.9057413469339894,-0.6367266210040448
22.933333333333334,0.05882346287190528,1.0853995324685242,-0.3442116992964655,-2.4424844265406733,-0.6367293405282878
22.941666666666666,0.066908550363271,0.8554538237418537,-0.36263150362785274,-1.97839703274471,-0.6367310104007465
22.95,0.07308929615194851,0.6284504534989745,-0.37718959367009125,-1.5159146485771704,-0.6367319362993571
22.958333333333332,0.07739127809236762,0.40450503412737676,-0.38790340036427706,-1.0557942938083016,-0.6367323746721151
22.966666666666665,0.07983807783043977,0.1830786279829566,-0.3947920658133475,-0.5977798128021968,-0.6367325304074396
22.975,0.08044706248189144,-0.03674293526579528,-0.3978699850565433,-0.1410485625749643,-0.6367325581330155
22.983333333333334,0.07922712466901871,-0.25605023810053223,-0.39714344022789794,0.3154789317337704,-0.6367325658715124
22.991666666666667,0.07617791454955929,-0.4759451056700352,-0.3926095524245041,0.7728817864152122,-0.6367326459613981
23.0,0.07129036109719973,-0.6973941212630823,-0.3842572122014306,1.2320202869701782,-0.636732927693833
23.008333333333333,0.064548490718688,-0.9210527618399746,-0.372069939030114,1.6932693120331113,-0.6367335893025048
23.016666666666666,0.05593299497701411,-1.1470166172233123,-0.356031463998073,2.1561241312363904,-0.6367348594257884
23.025,0.045427300313458506,-1.374462384730589,-0.33613532976623045,2.6186179172211252,-0.6367370159277215
23.03333333333333,0.033027234920079446,-1.6011378207909233,-0.3124003824305958,3.0764800542821504,-0.6367403780501986
23.041666666666668,0.018755641537214145,-1.8226874580246644,-0.28489447996756695,3.5220097634011127,-0.6367452852780661
23.05,0.002683078221559267,-2.031891351243977,-0.25376842362407404,3.9427914855827035,-0.63675205386486
23.058333333333334,-0.015045637382963748,-2.218093171328875,-0.2192998085181715,4.320715651369573,-0.6367609026959458
23.066666666666666,-0.034182799244490705,-2.3673926455407814,-0.18194056237543654,4.632277752265651,-0.636771850261874
23.075,-0.05435664008959335,-2.4643606354711913,-0.14235212899711822,4.851446227938373,-0.6367846099826279
23.083333333333332,-0.07507228307600934,-2.4955985625941293,-0.10140348918206372,4.955655518018582,-0.6367985442497788
23.091666666666665,-0.09574699727125291,-2.4540934065410425,-0.06011134728036075,4.933153637193359,-0.6368127426101207
23.1,-0.11577680295612235,-2.3419447367934048,-0.019527450659764304,4.787592425478586,-0.6368262280507221
23.108333333333334,-0.13461164161308956,-2.1695521896797056,0.0193883354561525,4.5366178110545325,-0.6368381985723668
23.116666666666667,-0.15181013601373153,-1.9518481257635023,0.055860129029156595,4.205465079346465,-0.6368481805096401
23.125,-0.1670590435491364,-1.7040274978551049,0.08932824970576189,3.8197328053068635,-0.6368560428765564
23.133333333333333,-0.18016243308160698,-1.4387474114399428,0.11943034805027357,3.400677136180379,-0.6368619138874525
23.141666666666666,-0.19101541313813877,-1.1651658023393772,0.14595674893283894,2.963633598562484,-0.63686607036476
23.15,-0.19957544033951535,-0.8891877141740621,0.16880209623550202,2.518477729582827,-0.6368688463631408
23.15833333333333,-0.20583809005414014,-0.6141885379894091,0.1879248570334891,2.0708784210984894,-0.6368705744096704
23.166666666666668,-0.20981918842159067,-0.3417694518226077,0.2033177729579294,1.6235910278139265,-0.6368715543874991
23.175,-0.21154270353259685,-0.07237130723904077,0.21498813125532065,1.1774999183847394,-0.6368720403054028
23.183333333333334,-0.2110330520674567,0.19427643077112947,0.22294550684597822,0.7323747551513741,-0.6368722368642223
23.191666666666666,-0.2083105803119328,0.45883501300087537,0.2271948254173635,0.28740478410408055,-0.6368723051043677
23.2,-0.2033893337589121,0.7221204984754089,0.22773322336061533,-0.1584111290634394,-0.6368723730288806
23.208333333333332,-0.19627663121637381,0.9848957770327228,0.22454989250205076,-0.6059191876740099,-0.6368725487908604
23.216666666666665,-0.18697440754106193,1.2476524320272913,0.21762886266624537,-1.0554512626851984,-0.6368729668568334
23.225,-0.17548251335102188,1.5103472806126634,0.20695497264771245,-1.5063958420404073,-0.6368738097543035
23.233333333333334,-0.16180463293340155,1.7720306486778334,0.192524156005244,-1.956580218992937,-0.6368753074786231
23.241666666666667,-0.1459578657000139,2.030334467425058,0.1743598427354199,-2.4014132205776244,-0.6368777303934622
23.25,-0.12798719224517646,2.280816688983284,0.15253756257094145,-2.8327821497948125,-0.6368813701499991
23.258333333333333,-0.10798573370034677,2.516255020099307,0.1272193096168895,-3.2378616834949163,-0.6368865006401324
23.266666666666666,-0.08612019157703249,2.726180212232563,0.09869663770721314,-3.5983297191319115,-0.6368933122229947
23.275,-0.06265732165409973,2.8972079303525495,0.06743542027653612,-3.890946007338911,-0.6369018222805135
23.28333333333333,-0.037981923202890455,3.0148391080992942,0.034106013003033425,-4.090641428204041,-0.6369117878524551
23.291666666666668,-0.012592754994438196,3.066895844405032,-0.0004244276932798546,-4.176406825145488,-0.6369226729259666
23.3,0.012933617885651382,3.0474705971292426,-0.03515458736601737,-4.1380613894848635,-0.6369337225269895
23.308333333333334,0.03800636411485095,2.9591656888626643,-0.06905857743930838,-3.9800917033936294,-0.6369441400378225
23.316666666666666,0.06208939986940185,2.8120805755282565,-0.10120490821032471,-3.7199170746811467,-0.6369532860791829
23.325,0.08475013307514488,2.620265353516277,-0.13084073260612272,-3.3818127948835346,-0.6369607990315158
23.333333333333332,0.10567575778086932,2.3978597132590638,-0.15742048937277334,-2.9902944930777573,-0.6369666006135516
23.341666666666665,0.12466240269033751,2.156600248949724,-0.1805880271991031,-2.565844941034198,-0.6369708230329697
23.35,0.14159057986082227,1.904972993200432,-0.20013521635774248,-2.123454383822463,-0.6369737156422969
23.358333333333334,0.15639855059304567,1.6484423203956415,-0.2159569007573827,-1.6729986251968387,-0.636975568358835
23.366666666666667,0.16905977001732653,1.3901112247689251,-0.22801269860387338,-1.2203513087555615,-0.6369766624559094
23.375,0.17956616181413912,1.1314169877539086,-0.2362986221374243,-0.7685544611336455,-0.6369772445101216
23.383333333333333,0.18791672676832832,0.8727034155128859,-0.24082765556790134,-0.3187772588135953,-0.6369775153796265
23.391666666666666,0.19411029329800797,0.6136448885169338,-0.24161725217157734,0.1289781909834117,-0.6369776272887526
23.4,0.19814129268120545,0.35355685779246127,-0.23868185486862165,0.5753610964254361,-0.6369776931672547
23.40833333333333,0.19999779522584804,0.09163059357869319,-0.23202917015804528,1.021285664347621,-0.6369778322145814
23.416666666666668,0.19966128312602036,-0.17287334797648926,-0.22165924662151934,1.4676223549621,-0.6369781943478637
23.425,0.19710810265112413,-0.44040832905103705,-0.20756626109975396,1.9148446141027455,-0.6369789662027949
23.433333333333334,0.19231293459733564,-0.7108681334425223,-0.18974362089962282,2.362576011998326,-0.6369803811900122
23.441666666666666,0.18525494367130738,-0.9832081333780655,-0.1681935324854804,2.808955540923924,-0.6369827200105149
23.45,0.17592768947084234,-1.2549161506370616,-0.1429429005718826,3.249743555512543,-0.6369863021872387
23.458333333333332,0.16435412181584333,-1.5213254771693145,-0.11406785521561981,3.677151384297133,-0.6369914638280062
23.466666666666665,0.1506076971095679,-1.7748619082145436,-0.08172875631322507,4.078545686602946,-0.6369985124000589
23.475,0.13483909087680843,-2.0045281518744607,-0.046214914398672424,4.435538206168553,-0.6370076505501859
23.483333333333334,0.11730422767574966,-2.1962263484759417,-0.00799191379984087,4.724481208480697,-0.6370188723047698
23.491666666666667,0.09838350808680375,-2.3346553309974283,0.03226553500719668,4.919629490572109,-0.6370318616746536
23.5,0.07857756348523831,-2.406982594405056,0.07368013787244142,4.999327780279575,-0.637045955736062
23.508333333333333,0.058468671854376,-2.4070729969221745,0.11523658209994231,4.953171979478705,-0.6370602340268303
23.516666666666666,0.038652996398191745,-2.3378440919243095,0.15589561417909945,4.786019227309208,-0.637073729565697
23.525,0.019667530596714354,-2.210096400105998,0.194717287800819,4.516033107981587,-0.6370856638308948
23.53333333333333,0.00193936700585203,-2.0386680414073557,0.23094663169871607,4.168200434415823,-0.6370955877960719
23.541666666666668,-0.014230275399571472,-1.8383469804941557,0.264040732111778,3.767447228119643,-0.6371033877472816
23.55,-0.028653636187072083,-1.6213064914186492,0.2936480979320463,3.33434120574726,-0.6371092003659005
23.558333333333334,-0.041230187130292244,-1.3962890625507733,0.3195650012912436,2.883749492825896,-0.6371133049050032
23.566666666666666,-0.05191874248556189,-1.1688944393100047,0.34168926997051563,2.4253501192521965,-0.6371160350621833
23.575,-0.06071410419110547,-0.9422868377836572,0.35998188059284997,1.9648352906812903,-0.6371177222491412
23.583333333333332,-0.06762984199621183,-0.7179169815555186,0.37443892456846384,1.5051253751618934,-0.6371186652492913
23.591666666666665,-0.07268655450202824,-0.4961042271580525,0.3850727407068253,1.0473366586897492,-0.6371191170463252
23.6,-0.0759043039735434,-0.2764589323668023,0.39189994159910096,0.5914733753088214,-0.6371192810445108
23.608333333333334,-0.07729800819898498,-0.05817668468377642,0.3949342419964826,0.13690017333167298,-0.6371193115446934
23.616666666666667,-0.07687490024157902,0.15975191389407364,0.3941825694432509,-0.31732903519487415,-0.6371193164272289
23.625,-0.07463355532781422,0.37836838040337095,0.38964362430701077,-0.7722007643613525,-0.637119385846218
23.633333333333333,-0.07056425749807524,0.5985964981778024,0.3813085015961345,-1.2285178684584739,-0.6371196455729567
23.641666666666666,-0.06465066411964905,0.8210691534907665,0.3691632466492267,-1.6866368458489664,-0.6371202691783473
23.65,-0.05687317551244372,1.0458878366509823,0.3531940637756724,-2.1460872684420917,-0.6371214793204817
23.65833333333333,-0.04721470582902056,1.2722798666443749,0.33339637490621155,-2.6050163633637187,-0.6371235466026707
23.666666666666668,-0.03566987663663383,1.4981141300577596,0.3097894781911192,-3.059390582580582,-0.6371267822594218
23.675,-0.022258904202971615,1.7192608165848795,0.28243899928782473,-3.501926473607045,-0.6371315185119111
23.683333333333334,-0.007047288062985802,1.9288619718965652,0.2514890830195356,-3.920859564863168,-0.6371380681037253
23.691666666666666,0.009828820743438944,2.116760326907113,0.21720423080482268,-4.29896568657004,-0.6371466549347251
23.7,0.02813487372409068,2.269611282888759,0.18001533269472816,-4.613721900212427,-0.637157316467286
23.708333333333332,0.04751646355749996,2.3723947606957894,0.1405553528202281,-4.839825952454365,-0.6371698015232962
23.716666666666665,0.06749789478847382,2.4116957489496142,0.09966144241197078,-4.954710337673608,-0.6371835185511252
23.725,0.08751304610595276,2.37989590435971,0.05832268354768058,-4.945606809335482,-0.6371975981633534
23.733333333333334,0.10696746213798915,2.2780543250496224,0.01757520536758116,-4.81439534324129,-0.6372110817414437
23.741666666666667,0.12531154739481834,2.115513047894421,-0.021621252869785387,-4.576906387645743,-0.6372231561780396
23.75,0.1420968872125939,1.9065046602681772,-0.0584779902144732,-4.2571572868093375,-0.6372333155589968
23.758333333333333,0.15699932746914347,1.6659883099750326,-0.09241565499486191,-3.8803108024880557,-0.6372413907861333
23.766666666666666,0.16981162122159169,1.4067301996931676,-0.12305123449694677,-3.467771045111815,-0.6372474778608997
23.775,0.180419275482539,1.1381628745052554,-0.15015699519368136,-3.0353042455919743,-0.6372518318801517
23.78333333333333,0.18877263773668063,0.8664986596920733,-0.17361347625552964,-2.5932769333640895,-0.6372547750956883
23.791666666666668,0.19486262068105908,0.5953863699495145,-0.19336896586820923,-2.1477985456393998,-0.6372566355822691
23.8,0.19870244369010445,0.3266462445916306,-0.20940935385414114,-1.701980928417744,-0.637257713502175
23.808333333333334,0.20031507040441335,0.060885936604448396,-0.22173770319625677,-1.256984782971683,-0.6372582659217425
23.816666666666666,0.19972511857638045,-0.20204075503448193,-0.23036138886725,-0.8127922500139744,-0.6372585021829131
23.825,0.19695403049833496,-0.46270317657878446,-0.235284699553644,-0.36875755290052764,-0.6372585890023877
23.833333333333332,0.19201760436727586,-0.7218508253335415,-0.23650535258763114,0.07599189531292114,-0.6372586601510485
23.841666666666665,0.1849253677733369,-0.9802037868361537,-0.23401404382156785,0.5222098110670277,-0.637258824626469
23.85,0.17568172682820318,-1.2382335950678751,-0.2277969377083199,0.9701691988393647,-0.6372592083219495
23.858333333333334,0.16428904808496192,-1.495908907327753,-0.21784130682515385,1.4192503665195728,-0.6372599830039992
23.866666666666667,0.15075323933331244,-1.7523422020089814,-0.20414526496063093,1.8673563690094959,-0.6372613666576998
23.875,0.13509280084978736,-2.0053063624679743,-0.18673327403977186,2.310105797941752,-0.6372636168869823
23.883333333333333,0.11735248145576856,-2.2506169326087773,-0.1656793623637982,2.7397959456668413,-0.6372670133671526
23.891666666666666,0.09762240853099785,-2.4814613301899637,-0.1411395444557732,3.1442741467755617,-0.6372718220080741
23.9,0.07606221411529455,-2.6879335501764214,-0.1133926404543858,3.5061580462345843,-0.6372782343928487
23.90833333333333,0.05292650684899244,-2.857280045205106,-0.08288327662917615,3.80326906138279,-0.6372862844887973
23.916666666666668,0.02858310357061951,-2.97548547520658,-0.05025240415926579,4.011355602627186,-0.6372957647247185
23.925,0.003511378398624143,-3.0304188710447515,-0.01633371919951938,4.109485617959946,-0.637306188614769
23.933333333333334,-0.021729377682374845,-3.0156141322296386,0.017901307435881607,4.086523980547138,-0.6373168501066364
23.941666666666666,-0.04655882744839717,-2.9326583962820076,0.0514450493380639,3.9452229258919616,-0.637326983123959
23.95,-0.0704424111120697,-2.7905888003239196,0.0833689463693871,3.7011845699514003,-0.6373359517139465
23.958333333333332,-0.09294138389520736,-2.6027190131222806,0.11290992898063053,3.3774191104469593,-0.6373433757390845
23.966666666666665,-0.11373251552041519,-2.382897311278879,0.1395048301019985,2.9979304045818655,-0.6373491490198596
23.975,-0.13260063167386005,-2.1429140933331574,0.16277824136692942,2.5832709467409414,-0.6373533772873894
23.983333333333334,-0.14941624478017085,-1.8914879868629322,0.18250478346556467,2.1487980896142225,-0.6373562900218608
23.991666666666667,-0.16410982871678004,-1.634365369177802,0.19856554919311914,1.7048325776234887,-0.6373581645445259
24.0,-0.17664934988572611,-1.3749118792480568,0.21091000556881864,1.2576554375379492,-0.6373592754145269
24.008333333333333,-0.18702325689814783,-1.1147839194305154,0.2195270983790353,0.8106394209497706,-0.6373598666043856
24.016666666666666,-0.195228713085846,-0.8545001569452162,0.22442517716597468,0.3652085650139391,-0.6373601390420783
24.025,-0.2012640102253981,-0.5938739783827038,0.22561892275578757,-0.078439819981613,-0.6373602467176697
24.03333333333333,-0.20512408457893447,-0.3323333628647146,0.2231214430548563,-0.520802366719462,-0.6373603026868176
24.041666666666668,-0.20679837806981718,-0.06916695376215762,0.21694027942038419,-0.9626612515651409,-0.63736042055481
24.05,-0.20627052107535,0.1962747555073504,0.20707638442996593,-1.4047606763019471,-0.6373607428055175
24.058333333333334,-0.20351974563592104,0.4643573966287691,0.193525903670094,-1.8474433941658195,-0.6373614479852568
24.066666666666666,-0.19852434862768745,0.7348871141816709,0.1762853416877055,-2.29019239028496,-0.6373627601892654
24.075,-0.1912678350187048,1.00673415140514,0.15536121071266148,-2.730998680212071,-0.6373649486532473
24.083333333333332,-0.1817487667926092,1.27731562244897,0.13078592821198468,-3.1654858927656253,-0.637368318873953
24.091666666666665,-0.16999553649696983,1.5419361286290667,0.10264208304146814,-3.58578557003561,-0.6373731903891358
24.1,-0.1560869437892914,1.7930841970815485,0.07109664478573594,-3.9793253401138986,-0.6373798527040283
24.108333333333334,-0.140177869403473,2.0199848980094712,0.03644403488266173,-4.328036603490351,-0.6373884924864122
24.116666666666667,-0.12252570866215771,2.2089799372480723,-0.0008491781766066875,-4.608953245371892,-0.637399096260523
24.125,-0.10350778930909388,2.345404892055834,-0.04011447767883486,-4.797348920820517,-0.6374113577127379
24.133333333333333,-0.08361606184384546,2.4170960802181063,-0.08048981595083698,-4.87265552745918,-0.6374246471065755
24.141666666666666,-0.06341937209189304,2.418342445897609,-0.12098288437429339,-4.825164513574709,-0.6374380978609075
24.15,-0.04349872972714788,2.352033337130942,-0.16058027263005656,-4.659689988780396,-0.637450803422116
24.15833333333333,-0.02437806940395968,2.2285219521789323,-0.19836448389690128,-4.393669659025833,-0.6374620342953102
24.166666666666668,-0.00647611413959393,2.0620141036675035,-0.23359541481392748,-4.0510730068519445,-0.6374713684084189
24.175,0.009909122328898318,1.8667224320297024,-0.26573678180443866,-3.655918633582506,-0.637478697413466
24.183333333333334,0.02458899162592252,1.654421760536186,-0.29443737333876624,-3.2281706389488543,-0.637484148911579
24.191666666666666,0.03745953346870379,1.433636705137693,-0.3194900167931255,-2.7823951982612782,-0.6374879863530036
24.2,0.04847490239523482,1.2098807583701934,-0.3407875526466427,-2.3281844529842797,-0.6374905261917438
24.208333333333332,0.05762488168393493,0.9863104052639192,-0.3582858224469688,-1.8712675187996282,-0.6374920838003805
24.216666666666665,0.06491814580498256,0.7644087380894649,-0.371976362477566,-1.4146585591310694,-0.637492944022316
24.225,0.07037075220168959,0.544545104861615,-0.3818678345844975,-0.9595863938490822,-0.6374933480108693
24.233333333333334,0.07399867120966994,0.3263865830900804,-0.3879741219296629,-0.5061683138639548,-0.6374934891216554
24.241666666666667,0.07581321470537164,0.10918848026526856,-0.3903071304505339,-0.05387657153267563,-0.6374935129963339
24.25,0.07581852227807803,-0.10799467860063491,-0.38887285935590593,0.3981297304639573,-0.6374935210261712
24.258333333333333,0.07401063805643728,-0.3261333190432171,-0.3836699719652376,0.8507288217293562,-0.6374936053084435
24.266666666666666,0.07037794463767601,-0.5460699478460449,-0.374690445394997,1.3046088350338274,-0.6374938964981008
24.275,0.06490294505468538,-0.7683382070337249,-0.361922243464622,1.7599900513211435,-0.6374945722669995
24.28333333333333,0.057565813757396195,-0.9929146473628936,-0.34535476127749937,2.216230478729575,-0.6374958581913303
24.291666666666668,0.04835041490014613,-1.2188681325424164,-0.32498823863197834,2.6712562069451042,-0.637498025889387
24.3,0.03725379847837022,-1.44387100836268,-0.3008488767206487,3.12075380126026,-0.6375013845479156
24.308333333333334,0.024300390085038984,-1.6635651942444158,-0.27301176195809185,3.5571098385600037,-0.6375062596392234
24.316666666666666,0.009561837321397664,-1.8708639334619637,-0.24163330616656054,3.9682296840836706,-0.6375129505933866
24.325,-0.006817889858297911,-2.055454315486104,-0.2069926396969906,4.336679818526152,-0.6375216602714864
24.333333333333332,-0.024595842116588496,-2.2040308908679735,-0.1695358430029005,4.6400503939758035,-0.6375323988070414
24.341666666666665,-0.043410813826121324,-2.3019361768515485,-0.1299080132251616,4.853688139406163,-0.637544887624106
24.35,-0.06278483889149303,-2.3364680926124355,-0.08895053991408226,4.956251825120264,-0.6375585186054147
24.358333333333334,-0.08215636655869261,-2.3008881157502237,-0.04764507883951986,4.936462818310021,-0.6375724268233154
24.366666666666667,-0.10094235133279822,-2.1969572050524793,-0.007008837622269856,4.797369397478127,-0.6375856802179879
24.375,-0.11860869690296359,-2.0342717725106736,0.032024052476270715,4.555197009911858,-0.637597503659496
24.383333333333333,-0.13472263053241734,-1.826866009360049,0.06869040848610945,4.233584908780475,-0.6376074257591544
24.391666666666666,-0.14897277259659059,-1.5892501054053527,0.10243119806929772,3.8568968220058277,-0.6376152992087126
24.4,-0.16116066181407213,-1.333712336117253,0.13287668741191183,3.4456983965695103,-0.6376212281857317
24.40833333333333,-0.1711769643356795,-1.069304744746453,0.15980608638366373,3.015094086373732,-0.6376254663850836
24.416666666666668,-0.17897455296120177,-0.8019875906632188,0.1831023194771575,2.575017282221154,-0.6376283298176896
24.425,-0.18454524170072867,-0.535266899520802,0.20271329885777992,2.1313389287921174,-0.6376301388762826
24.433333333333334,-0.1879023044484729,-0.2708971926641393,0.21862316611216945,1.687070832191889,-0.637631186421739
24.441666666666666,-0.18906843342143792,-0.009469720362454928,0.23083280556747424,1.2433636018389664,-0.6376317233125602
24.45,-0.18806797634229383,0.2491472354372747,0.23934758506413734,0.8002465537612897,-0.6376319541971924
24.458333333333332,-0.18492231637872458,0.5054883019451429,0.24417034819658426,0.35715912174788217,-0.6376320437691944
24.466666666666665,-0.17964754667433097,0.7602528827240698,0.2452981995413508,-0.08665726435906151,-0.6376321245892271
24.475,-0.17225397327751016,1.014094764777578,0.2427222910509732,-0.531813406669968,-0.6376323047747794
24.483333333333334,-0.16274740933855078,1.2674003770917648,0.23643056404461565,-0.9784075963219874,-0.6376327099174504
24.491666666666667,-0.1511324305111602,1.52003020788974,0.22641367648835642,-1.425607660500695,-0.6376335105167112
24.5,-0.13741816421368414,1.7709621047139845,0.212675073605519,-1.871061833995176,-0.6376349215107247
24.508333333333333,-0.12162755830090015,2.0178100590868975,0.19524683699301734,-2.310096583795955,-0.6376371947281015
24.516666666666666,-0.1038111866712181,2.2562222683393625,0.17421311875685921,-2.734707978782742,-0.637640600173286
24.525,-0.08406629951569358,2.4792517617229843,0.1497423758618129,-3.132504887176701,-0.637645389219168
24.53333333333333,-0.06256037797890951,2.676968634869205,0.12212715531730307,-3.4860626793035325,-0.6376517342588247
24.541666666666668,-0.039555254149663766,2.8368113801381596,0.09182471982400137,-3.773537553002364,-0.6376596483572647
24.55,-0.015423159615018396,2.945253225921919,0.059483768536070424,-3.9715273923949472,-0.6376689081301866
24.558333333333334,0.00935734560441679,2.9909078450673783,0.025936660659167665,-4.060393482540594,-0.6376790255036687
24.566666666666666,0.0342343466232097,2.9680899589080054,-0.007857870308654947,-4.030358163982543,-0.6376893129962975
24.575,0.05864046604968987,2.8788994414312286,-0.0409146607862805,-3.8850698800751196,-0.6376990399628377
24.583333333333332,0.0820565644346847,2.7324419005622427,-0.07233195466767872,-3.6402598947921074,-0.6377076106844697
24.591666666666665,0.10405818867377734,2.5417198953662616,-0.10137161683910391,-3.3184086163897626,-0.6377146771589344
24.6,0.12433294487575125,2.3201012367956673,-0.1274894810612779,-2.9426901059961,-0.6377201509020965
24.608333333333334,0.14267248141202424,2.078917919343777,-0.15032216633114984,-2.5328549245268404,-0.6377241419136973
24.616666666666667,0.15895076747414058,1.8265468175319621,-0.1696503770820718,-2.103649214747238,-0.6377268751307158
24.625,0.17309943510013368,1.568522103320915,-0.1853571044529792,-1.6649967917454032,-0.6377286191716385
24.633333333333333,0.18508629752697014,1.3081014633517885,-0.19739116353009267,-1.2229545542156717,-0.6377296389092627
24.641666666666666,0.19489907181850877,1.046905434450364,-0.20573951349932945,-0.7807908201267747,-0.6377301693175358
24.65,0.20253409930496688,0.7854633880669092,-0.21040799513059044,-0.33990314590386556,-0.6377304036617623
24.65833333333333,0.20798907451367343,0.5236300726585027,-0.21140879092867962,0.09948507261309394,-0.6377304897011512
24.666666666666668,0.21125878228220965,0.26089857800039945,-0.20875290824101717,0.537801680352548,-0.6377305364048005
24.675,0.21233314884534502,-0.0033547401094214738,-0.2024465330220711,0.9757182404137178,-0.6377306553909925
24.683333333333334,0.21119713207934904,-0.26966306937059603,-0.19249039446918906,1.4138147770044638,-0.6377309868966003
24.691666666666666,0.20783241727858934,-0.5382363508886132,-0.17888207547014337,1.8521961257626764,-0.6377317088416852
24.7,0.20222126246862224,-0.8086715769332528,-0.16162189458436466,2.29000752755032,-0.6377330440261909
24.708333333333332,0.19435316145336687,-1.0795587948056369,-0.14072351945757022,2.7247708686217913,-0.6377352574815692
24.716666666666665,0.18423534022064322,-1.3479525648550652,-0.11623106249140237,3.1514878287632584,-0.637738645586255
24.725,0.17190819397128748,-1.6087239567868106,-0.08824459147092986,3.561532182592091,-0.6377435110192005
24.733333333333334,0.15746623635982188,-1.8539215408652705,-0.05695510732869748,3.941545828097808,-0.6377501156502136
24.741666666666667,0.14108325598203772,-2.0724783659671235,-0.022686879542093873,4.272908893074275,-0.6377586064929348
24.75,0.12303652830755495,-2.250841347397483,0.014061506841261073,4.532766343801742,-0.6377689227264716
24.758333333333333,0.10371982680661174,-2.3750954648553013,0.052594770575996964,4.697594954515104,-0.6377807166049989
24.766666666666666,0.08363241515081789,-2.434490683429117,0.0920390704649875,4.749170176873323,-0.6377933439486208
24.775,0.06333712236716738,-2.4250033479287803,0.13141256424993492,4.680617349472623,-0.6378059674075265
24.78333333333333,0.043396008949952006,-2.350831562924375,0.16973413793336395,4.4989736187659,-0.637817750602557
24.791666666666668,0.024306489455927727,-2.222798420465919,0.20613158712820628,4.222507030351444,-0.6378280514968108
24.8,0.006460421069942598,-2.0547650781202575,0.23991107353189678,3.8746607414638015,-0.6378365242530628
24.808333333333334,-0.00986600332614027,-1.8601488423012023,0.27057458496739345,3.478179852219396,-0.637843109083348
24.816666666666666,-0.024498816491465885,-1.6498581396993177,0.29779774078541493,3.0516425535283793,-0.6378479534798269
24.825,-0.03734204224504277,-1.4316980444511143,0.3213895399568863,2.6084775903872357,-0.6378513197944788
24.833333333333332,-0.04835268738888185,-1.2106709465878822,0.3412509552501912,2.1574858816265388,-0.6378535114032875
24.841666666666665,-0.05751993295468069,-0.9896081926988171,0.3573406857490039,1.7039091691117314,-0.6378548253915093
24.85,-0.06484975160045477,-0.7698059716670274,0.3696500419677574,1.2504949472245663,-0.6378555271070524
24.858333333333334,-0.07035436021036626,-0.551540839747846,0.3781858874043824,0.7983503690453831,-0.6378558389244762
24.866666666666667,-0.0740453929181798,-0.3344495453913531,0.3829597022973826,0.3475622412296983,-0.6378559368140267
24.875,-0.07592976293884307,-0.11780052971811983,0.38398099752534637,-0.10236848292343317,-0.6378559504659383
24.883333333333333,-0.07600747708984548,0.09930088744308282,0.3812538280472098,-0.5522024149497907,-0.6378559719433254
24.891666666666666,-0.0742710174858406,0.3177399025047132,0.3747757775740588,-1.0026932299619011,-0.6378561022737645
24.9,-0.0707060722623768,0.5382332890820694,0.3645389835961939,-1.454350684003731,-0.6378564845678097
24.90833333333333,-0.06529372643265241,0.7611308782021066,0.350533391821693,-1.9071306985622625,-0.6378573083268574
24.916666666666668,-0.05801458791619563,0.9861441782944083,0.33275307586516895,-2.360000613262853,-0.637858809583975
24.925,-0.04885560319645456,1.2119661082774809,0.31120691378624765,-2.810317583700126,-0.6378612673941645
24.933333333333334,-0.03782060462470861,1.43575283867728,0.2859354157592894,-3.252968614944453,-0.637864992343891
24.941666666666666,-0.02494573378486002,1.6524801399737477,0.2570356959414481,-3.679289476602589,-0.6378703004694539
24.95,-0.010320390276761935,1.8542950790153148,0.22469577975426447,-4.075962270452143,-0.6378774645840235
24.958333333333332,0.005887436236324433,2.030188056834106,0.18923644368136916,-4.424437811202607,-0.6378866379238117
24.966666666666665,0.023406356135026243,2.166556741419363,0.15115243166390063,-4.701850855652312,-0.6378977578270681
24.975,0.041847375754651354,2.2492614552297905,0.11113609136233858,-4.884451205178515,-0.6379104624071581
24.983333333333334,0.06071336370530628,2.267151316696621,0.07006133630477605,-4.9535281109893115,-0.637924077584945
24.991666666666667,0.07943995056203725,2.215753783485625,0.028914727498057926,-4.901621580615714,-0.6379377211978525
25.0,0.09746031695540405,2.0989766079347048,-0.011313631557798716,-4.735376670720258,-0.6379505048084987
25.008333333333333,0.11427104702771711,1.9276437693480666,-0.04974080889221644,-4.4730463707039725,-0.6379617389329285
25.016666666666666,0.12947544343371234,1.715876545847771,-0.0856635219591505,-4.138366742825487,-0.6379710442885191
25.025,0.14279525718482217,1.4774754667223886,-0.11857727955730707,-3.754462789498731,-0.6379783442584424
25.03333333333333,0.15405771172046065,1.2237288280305694,-0.14815405532319806,-3.3401903182645944,-0.6379837831294578
25.041666666666668,0.1631709348899224,0.962756103743973,-0.17420079087337806,-2.909078357857956,-0.6379876287900922
25.05,0.17009834631865164,0.6998011124147765,-0.19661653484751368,-2.4698669482420352,-0.6379901948256345
25.058333333333334,0.17483730712066298,0.43788178591689075,-0.21535707229560028,-2.027631509468502,-0.6379917907433689
25.066666666666666,0.17740337839043133,0.17844953288425533,-0.23040918743013641,-1.5849085570683552,-0.6379926953704131
25.075,0.17781960281165315,-0.0780740597801565,-0.2417734622320924,-1.1426032731748534,-0.6379931452014448
25.083333333333332,0.17610967612188086,-0.33189706009789144,-0.24945362067481328,-0.7006588528710788,-0.6379933325393582
25.091666666666665,0.17229398303096163,-0.5835644568847277,-0.2534506359034807,-0.25854033890619965,-0.6379934135736898
25.1,0.16638775786908847,-0.8337324948250914,-0.2537603334590335,0.18439596622925641,-0.6379935131428905
25.108333333333334,0.15840103362377875,-1.0829566500621584,-0.25037392014424037,0.6285542016352335,-0.6379937374277457
25.116666666666667,0.1483404142176582,-1.3314649029371266,-0.24328150912361418,1.0737294838381202,-0.6379942193316909
25.125,0.13621289433414233,-1.5788816231303096,-0.23247895275198233,1.51866088339698,-0.6379951362997516
25.133333333333333,0.12203238980251477,-1.8238484481037691,-0.2179791179849807,1.9604047484492477,-0.6379967074963248
25.141666666666666,0.1058299224646893,-2.0635251661477243,-0.1998292304612249,2.393503033057192,-0.6379991837789329
25.15,0.08766841338868793,-2.2929930429172445,-0.17813591781796156,2.8089844205089096,-0.6380028252226634
25.15833333333333,0.06766246214414391,-2.5046895674241036,-0.15309860687960905,3.193417394618142,-0.6380078597135163
25.166666666666668,0.04600168954043337,-2.688189557250085,-0.12504886318536299,3.528552358273349,-0.6380144191175978
25.175,0.022972716294102198,-2.8308472954467168,-0.09448727691447918,3.7924323460563363,-0.6380224607020301
25.183333333333334,-0.0010296002285289743,-2.919784417245006,-0.06210188743886336,3.962802137421882,-0.6380317018940281
25.191666666666666,-0.025513046048487406,-2.945103933826284,-0.028748714300600896,4.022612103080305,-0.6380416141671607
25.2,-0.04992693171723006,-2.903103617660391,0.004615644462558465,3.9655166782532683,-0.6380515102236831
25.208333333333332,-0.0737212356599897,-2.797643256454231,0.037036057073174346,3.7982068067790253,-0.638060705348051
25.216666666666665,-0.09640561787553512,-2.6387476028348655,0.06766059112260744,3.5380055069579623,-0.6380686777445814
25.225,-0.11758797293932023,-2.4393768109016185,0.09580711008265855,3.2073265620961027,-0.6380751533529014
25.233333333333334,-0.13698492240751567,-2.212214035421076,0.1209817439415701,2.8281667574463203,-0.6380800974135821
25.241666666666667,-0.15441026008188122,-1.9676911510149466,0.14285956223892987,2.418720791777558,-0.6380836479024641
25.25,-0.1697527867555182,-1.7133631667124356,0.16124703837781978,1.9923043338446194,-0.6380860367221788
25.258333333333333,-0.18295290825929925,-1.4541405054047893,0.1760423341730062,1.557742424162745,-0.6380875263324197
25.266666666666666,-0.19398288794204635,-1.1928627053999772,0.18720174909116047,1.1203390637314394,-0.6380883690432382
25.275,-0.2028321379556515,-0.930899591804579,0.19471468167599504,0.6828918468772927,-0.6380887851919848
25.28333333333333,-0.20949714656778287,-0.6686528773000436,0.19858640321228266,0.24653556261879242,-0.6380889536013494
25.291666666666668,-0.21397507991192335,-0.405938423159842,0.1988269970337007,-0.18861802774287362,-0.6380890087939322
25.3,-0.21626017162027553,-0.14228060155418445,0.19544496344956197,-0.6229863541876031,-0.6380890530494
25.308333333333334,-0.21634230952709427,0.12285303379042055,0.18844450523557318,-1.0571268371690672,-0.6380891996648766
25.316666666666666,-0.21420744581918796,0.3898364409500153,0.1778257961306948,-1.4913861678900113,-0.638089592617167
25.325,-0.20983992585125197,0.6586355558232161,0.16358840862351784,-1.9254853469755737,-0.638090416788713
25.333333333333332,-0.203227150034361,0.9284898240302353,0.14573864590170718,-2.3579845634637104,-0.6380919003412656
25.341666666666665,-0.1943673304656147,1.197482846193021,0.12430209037868326,-2.7855572776961828,-0.6380943092242021
25.35,-0.18328135319894143,1.4619872190401961,0.09934311821953273,-3.2020452535444877,-0.6380979323371987
25.358333333333334,-0.1700296623140816,1.7160313154068454,0.07099299296890463,-3.5973726457546533,-0.6381030506407362
25.366666666666667,-0.15473416305198504,1.950775693149519,0.03948661528268506,-3.9566352653882393,-0.6381098833406231
25.375,-0.13760270338438862,2.1545050925466502,0.005203877653592138,-4.260054739050374,-0.6381185099877998
25.383333333333333,-0.11894946577609182,2.313716105287138,-0.03129563335557236,-4.484789317839579,-0.6381287835510621
25.391666666666666,-0.09920018593561293,2.4156835533150534,-0.06926342763804871,-4.609265098080152,-0.6381402740303649
25.4,-0.07887109988540829,2.452012886881481,-0.10779737615648932,-4.6192033091867595,-0.6381522948950138
25.40833333333333,-0.05851964407828562,2.4215267666138742,-0.14592499592031705,-4.512538805077552,-0.6381640351612515
25.416666666666668,-0.03868048373934133,2.3306836690461354,-0.1827118408490726,-4.300157928636586,-0.6381747511388581
25.425,-0.019810054072642025,2.19124586925284,-0.21735566971170353,-4.00196670249718,-0.638183924863508
25.433333333333334,-0.0022570547691275183,2.0167210809021427,-0.24923678143470232,-3.6408779053333844,-0.6381913234197687
25.441666666666666,0.013738970558267831,1.8194240823433658,-0.27792091517678164,-3.237852866196959,-0.6381969633863906
25.45,0.02803045333814497,1.608985124332129,-0.30313081534433073,-2.8093964019895594,-0.6382010287116231
25.458333333333332,0.040537715720323234,1.3920990576068002,-0.3247062647118798,-2.367147785863564,-0.6382037876883321
25.466666666666665,0.051225970104065724,1.1729415696656507,-0.34256604199918167,-1.9185906845894998,-0.638205531124026
25.475,0.06008687160668049,0.9537871704863896,-0.3566775837568565,-1.4680934759408575,-0.6382065344909492
25.483333333333334,0.06712515032729734,0.7355861629581373,-0.3670351583186998,-1.017871386342531,-0.6382070383689534
25.491666666666667,0.07234956407964722,0.518420012367771,-0.37364520647007166,-0.5687371054369837,-0.6382072402597128
25.5,0.07576712618936235,0.30183559791962755,-0.37651704273609304,-0.12064316080346582,-0.6382072924027518
25.508333333333333,0.0773797156781927,0.08508923561650496,-0.3756573876573091,0.32692939226043244,-0.638207303069582
25.516666666666666,0.07718249588575936,-0.13265727272517827,-0.3710677748265948,0.7746594172445632,-0.6382073621404175
25.525,0.07516382814777706,-0.35217165044011933,-0.3627442920855614,1.2231357242999628,-0.6382075884422491
25.53333333333333,0.07130656637936908,-0.5739752927075954,-0.35067940290966193,1.672588164585204,-0.6382081443886718
25.541666666666668,0.06559101026453037,-0.798115882341198,-0.334866360256551,2.122527033766626,-0.6382092380378032
25.55,0.05800008446963731,-1.0238546227927385,-0.31530719067040835,2.5712364965499885,-0.6382111217189667
25.558333333333334,0.048527599272902906,-1.2492345746664306,-0.29202571745716965,3.015063109635528,-0.6382140853757969
25.566666666666666,0.037190666379481055,-1.4705163680325435,-0.26508748249921665,3.4474731998100783,-0.6382184394482845
25.575,0.024047227290403775,-1.6815333487998567,-0.2346282598375995,3.857962909310955,-0.6382244801389164
25.583333333333332,0.009218678355482382,-1.8731631828342297,-0.2008912455491093,4.231149687461446,-0.6382324300124935
25.591666666666665,-0.007084973081988718,-2.0333397727430484,-0.1642687249375543,4.546760243807676,-0.6382423534058713
25.6,-0.024544394656538,-2.14820924158986,-0.12533655441020516,4.781540667054535,-0.6382540639994139
25.608333333333334,-0.04272620127161518,-2.2048213327801522,-0.08486199521329114,4.913762129122733,-0.6382670682391545
25.616666666666667,-0.06110565020862378,-2.1948202375329693,-0.04376551689379563,4.929426604644901,-0.6382806006511258
25.625,-0.07911846268944295,-2.117386568341566,-0.003033597183972638,4.827216493760434,-0.6382937727645727
25.633333333333333,-0.09622716538022803,-1.9795617137379267,0.03639284242279349,4.619022543607543,-0.6383057818864271
25.641666666666666,-0.11197765077551688,-1.7937244636249003,0.07371332031425164,4.32566557362946,-0.6383160779015575
25.65,-0.12602823182810002,-1.573871695304819,0.10831616045080016,3.970619070305751,-0.6383244201517262
25.65833333333333,-0.13814969411789335,-1.332624614938366,0.1397780316767639,3.574985885109128,-0.638330833523089
25.666666666666668,-0.1482066818122766,-1.0797685332155131,0.16783232013671018,3.155082182805935,-0.6383355180162021
25.675,-0.15613260702362594,-0.822064200998785,0.19232698709941823,2.7221675682089908,-0.638338760353936
25.683333333333334,-0.1619061449171728,-0.5637183296915715,0.21318546030588767,2.2832751148431902,-0.638340869716254
25.691666666666666,-0.16553265367837366,-0.3070363176067943,0.23037607002555108,1.842333051511509,-0.6383421392828745
25.7,-0.16703089246054828,-0.053018030984999666,0.2438905354100933,1.401176954235098,-0.638342826867932
25.708333333333332,-0.16642417773941395,0.19817582008882173,0.2537299553255167,0.9603340448472392,-0.6383431473193137
25.716666666666665,-0.16373490622804435,0.44687752901980077,0.25989642779149075,0.5195979875064439,-0.6383432752838538
25.724999999999998,-0.15898156423052534,0.693655710635841,0.2623887758641857,0.07845052203515593,-0.6383433527288762
25.733333333333334,-0.15217766032795513,0.9391015743055069,0.2612014169797171,-0.36359057244270215,-0.6383434918633862
25.741666666666667,-0.14333243252011452,1.1836113841026905,0.25632613462242554,-0.806613974580809,-0.6383438026987749
25.75,-0.13245343857661654,1.4271483246589556,0.24775691576087908,-1.2499318620645676,-0.6383444334503909
25.758333333333333,-0.11955139348287888,1.6689310743771009,0.23549841731560206,-1.6915716824548712,-0.6383455751565859
25.766666666666666,-0.10464803868282256,1.907015236584818,0.2195794260376462,-2.127582890854595,-0.6383474558965069
25.775,-0.08778796835531373,2.1377649105641803,0.20007289657811736,-2.5511559043331498,-0.638350326202102
25.78333333333333,-0.06905514684401948,2.355274022244877,0.17712382695225604,-2.95165403884362,-0.6383544298077559
25.791666666666668,-0.04859384637263366,2.5509317723638705,0.1509845240586192,-3.3138891528465586,-0.6383599543225528
25.8,-0.026631322697636895,2.7135211520236515,0.12205270166987361,-3.618304667423937,-0.6383669622367225
25.808333333333334,-0.0034956432862109674,2.830366866570674,0.09090118686107271,-3.842948604524126,-0.638375317323461
25.816666666666666,0.020381613539036184,2.889814194794635,0.058281687454632275,-3.9677189043442533,-0.6383846416882576
25.825,0.04448736321194105,2.8844958449180695,0.025086276548794296,-3.9799525166443757,-0.6383943463821892
25.833333333333332,0.0682744092359134,2.8138541229726637,-0.007734537662121909,-3.8787344932084062,-0.6384037499703855
25.841666666666665,0.09122100201688904,2.6843618086860745,-0.039274473626045414,-3.675262698157592,-0.6384122416609888
25.849999999999998,0.11288147446550041,2.507289733246314,-0.0687587420421645,-3.3890114999226935,-0.6384194105958971
25.858333333333334,0.1329126541981676,2.295429493167945,-0.09558973494174983,-3.042110654583188,-0.6384250895334621
25.866666666666667,0.15107455283985985,2.0604117767247674,-0.11934861350519646,-2.6547491625511808,-0.638429319703965
25.875,0.16721408696020562,1.8113451589745482,-0.1397678148789093,-2.242841785771464,-0.6384322785001116
25.883333333333333,0.18124249583911495,1.554587685889673,-0.15669273614913862,-1.817632955712885,-0.6384342081073929
25.891666666666666,0.19311378117650843,1.2941348373623072,-0.17004511107413045,-1.3863523244222382,-0.6384353630725631
25.9,0.2028074067625411,1.0322002791406928,-0.17979359443185147,-0.9531973597648838,-0.6384359786575943
25.90833333333333,0.2103158005046043,0.7697650917114685,-0.18593246331279362,-0.5202603947397135,-0.6384362548211053
25.916666666666668,0.21563600510420955,0.5070199196282805,-0.18846730857565688,-0.08827202626736058,-0.6384363497362594
25.925,0.2187645590971534,0.2437025595576261,-0.18740614628230942,0.34283333195147697,-0.63843637932136
25.933333333333334,0.21969488548365607,-0.020632071375960497,-0.1827547403384878,0.7734628233242115,-0.6384364418463435
25.941666666666666,0.2184167152174338,-0.2863891462668463,-0.1745153211537434,1.2039991287123066,-0.6384366573105889
25.95,0.21491735906587633,-0.5537029346590652,-0.16268833086051637,1.6344196636928463,-0.6384371817335492
25.958333333333332,0.20918507616415336,-0.8221591904683183,-0.14727766156412309,2.0638309208504166,-0.6384382135327518
25.966666666666665,0.20121509329565748,-1.0904300084726044,-0.12830035391333205,2.4898524751460323,-0.6384399909039988
25.974999999999998,0.19101913316033717,-1.3557945395811386,-0.10580223427775758,2.907803404525035,-0.6384427822688379
25.983333333333334,0.17863939328877726,-1.6135578640699368,-0.07988113154352326,3.309709483682512,-0.63844686474305
25.991666666666667,0.16416746832136522,-1.8564757681590685,-0.050718573106914557,3.6833116749028068,-0.6384524839464691
26.0,0.14776713863565877,-2.0744669781468703,-0.018618209415205225,4.011553193203453,-0.6384597907672833
26.008333333333333,0.1296967255438815,-2.255098317407097,0.015956266021630645,4.2733732279058625,-0.6384687607886202
26.016666666666666,0.11032233537648446,-2.3853493650036093,0.05235842604569746,4.4466776568344795,-0.6384791220566656
26.025,0.0901107337027879,-2.4546592040722297,0.08977085683847376,4.513503796595396,-0.6384903369334449
26.03333333333333,0.06959475108432682,-2.458204382142661,0.12726356696284355,4.465599561045797,-0.6385016779833248
26.041666666666668,0.04931667803517571,-2.3986076966382552,0.16388994401565776,4.307351061448746,-0.6385123885429966
26.05,0.029768423514420495,-2.2849587192090066,0.19878843104289542,4.0541456086066505,-0.6385218571832818
26.058333333333334,0.011349320201011221,-2.129807826660565,0.2312544411457439,3.727290363168686,-0.6385297243783213
26.066666666666666,-0.005648709618911673,-1.9459065501154802,0.2607660023857646,3.3485004737116015,-0.638535891499046
26.075,-0.02103281812529193,-1.7440392546626087,0.2869702547569542,2.936240373063456,-0.6385404608929163
26.083333333333332,-0.034688597910001465,-1.5322055548128823,0.30964923884516155,2.5043530628791943,-0.6385436546200002
26.091666666666665,-0.0465568827270835,-1.3157297093965472,0.3286814326999307,2.0622527312125905,-0.6385457444472786
26.099999999999998,-0.056613471877905615,-1.0977782293764247,0.34400826104678894,1.6157988907565926,-0.6385470042142309
26.108333333333334,-0.06485361414063968,-0.8799455383368837,0.3556086054496742,1.1682767297344707,-0.6385476825761447
26.116666666666667,-0.07128108198044708,-0.6627568512464738,0.3634809635618401,0.7212307673500654,-0.6385479898660397
26.125,-0.07590094460689588,-0.4460529062976205,0.36763170451177357,0.2750944516212749,-0.638548093171629
26.133333333333333,-0.07871510211354472,-0.22927270598260296,0.36806780748873147,-0.1703549986470558,-0.6385481155096335
26.141666666666666,-0.07971987789302849,-0.01167218850213992,0.3647928930012212,-0.6156473808119206,-0.6385481477735296
26.15,-0.07890526977820957,0.20749562390397952,0.35780588923634343,-1.0613385489868297,-0.638548295194028
26.15833333333333,-0.07625561909394585,0.42881071641177265,0.3471018561540434,-1.5077536718593962,-0.6385487015466769
26.166666666666668,-0.07175182553696992,0.6524802941235857,0.33267519788565575,-1.9546631692125498,-0.6385495546989243
26.175,-0.06537553451247978,0.8780649829665867,0.31452601973693844,-2.400841913185211,-0.6385510865294053
26.183333333333334,-0.057116011180778706,1.1041026141147867,0.29267085387253156,-2.8434523096683684,-0.6385535685714925
26.191666666666666,-0.04698066415227237,1.3276069329342557,0.2671594175907626,-3.2772101792924753,-0.6385572996093962
26.2,-0.035010221777589244,1.5434622915219371,0.23809916253403413,-3.6933652820153635,-0.6385625790106434
26.208333333333332,-0.021298995518161525,1.7438429573592849,0.20568844704052192,-4.078709529765952,-0.6385696586542619
26.216666666666665,-0.006018850667921594,1.9179766925198598,0.17025612976114546,-4.415150295377549,-0.6385786697247126
26.224999999999998,0.010558084625968453,2.0527838891383667,0.1322993211716165,-4.680749066963829,-0.6385895332697997
26.233333333333334,0.02804758804058909,2.1349063098718757,0.09250312546725771,-4.853103957491478,-0.6386018865714701
26.241666666666667,0.04596423427230153,2.1540259938334048,0.0517223394986298,-4.914920516994667,-0.6386150776702857
26.25,0.0637613459837692,2.1062169860277415,0.01091430525534681,-4.859650493099154,-0.6386282674371566
26.258333333333333,0.08089220711823955,1.9953984662049393,-0.028963990497710933,-4.6939287634625515,-0.6386406176838709
26.266666666666666,0.09687138887008374,1.831906188966621,-0.06705886731271966,-4.435145280636616,-0.6386514789696984
26.275,0.11131493246088822,1.6291430159745077,-0.1026871124719164,-4.105786847523085,-0.6386604918228964
26.28333333333333,0.12395140339751656,1.4002439793044283,-0.1353540419724363,-3.727829617614852,-0.6386675801600501
26.291666666666668,0.13461007934529143,1.156031935284081,-0.16473324857019514,-3.319332735016861,-0.6386728767766588
26.3,0.143198173045458,0.9043736112241197,-0.19062824856539246,-2.893401589587972,-0.6386766335809968
26.308333333333334,0.14967679447342908,0.6504201796956729,-0.21293238749228266,-2.458634729778087,-0.6386791486034353
26.316666666666666,0.15404067256052578,0.3971954894027091,-0.23159536835104622,-2.020142005764608,-0.6386807184386635
26.325,0.15630302791867418,0.14620888082738903,-0.24659862154481063,-1.5805895385282598,-0.6386816121345545
26.333333333333332,0.15648515841368402,-0.10203640541079047,-0.2579386695928457,-1.1410575215386018,-0.6386820592347662
26.341666666666665,0.1546097412869883,-0.34765733314156133,-0.2656167282584887,-0.7016834993993208,-0.6386822477386537
26.349999999999998,0.15069691724963738,-0.5911046483415994,-0.2696329161793264,-0.2621338581716354,-0.6386823311308236
26.358333333333334,0.14476247065258732,-0.8329382382901186,-0.2699838969670168,0.17803051259780767,-0.6386824316736418
26.366666666666667,0.1368177968278878,-1.0736149793934142,-0.26666342756984746,0.6190077764413127,-0.6386826522508344
26.375,0.12687169098621875,-1.3132629158673987,-0.25966588376067434,1.0603890194266445,-0.6386831205478012
26.383333333333333,0.11493416055962334,-1.5514107156287769,-0.24899303746381946,1.5007225616130062,-0.6386840064713275
26.391666666666666,0.10102286848305682,-1.7866228740355035,-0.23466512566602402,1.9369134718549788,-0.6386855187536843
26.4,0.08517305554940982,-2.0160294190732753,-0.21673767490999657,2.3634426335382885,-0.6386878945037548
26.40833333333333,0.06745175060111144,-2.234777968771935,-0.19532546620432617,2.7714522998226068,-0.6386913770171793
26.416666666666668,0.04797647753340334,-2.435535796570488,-0.17063401011631402,3.1479148321197448,-0.6386961762513023
26.425,0.02693694986615029,-2.6083358315251357,-0.14299597832286695,3.4753854212367226,-0.6387024094834022
26.433333333333334,0.004615046062213156,-2.741227348732065,-0.11290458319556647,3.7331255054559147,-0.6387100300015561
26.441666666666666,-0.018605533722393597,-2.8221427229725253,-0.08102924524973379,3.900300474588473,-0.6387187695964408
26.45,-0.04225006527074687,-2.84184029696289,-0.048196256493007905,3.9610129443922553,-0.6387281352202799
26.458333333333332,-0.0657890838418051,-2.7968184341008113,-0.015325876654955318,3.909281157402799,-0.6387374889191798
26.466666666666665,-0.08869308627499772,-2.690573435520298,0.016661996726927596,3.7511777398123702,-0.6387461935924196
26.474999999999998,-0.1104874092893721,-2.532380514048272,0.046942328327631476,3.5027267169170364,-0.6387537586937208
26.483333333333334,-0.13078889355824233,-2.334387105168201,0.07484814145887735,3.184915074499826,-0.638759919859134
26.491666666666667,-0.14931698924293949,-2.1086484717955734,0.09988988387121459,2.81861207734656,-0.6387646349098399
26.5,-0.16588419250458575,-1.8652350926942574,0.12173938205163558,2.4213277720529867,-0.6387680255944264
26.508333333333333,-0.18037599439549482,-1.6115685794018935,0.1401958312873812,2.0060744426452732,-0.6387703058104283
26.516666666666666,-0.19272905748939403,-1.352575545396679,0.15514872536291532,1.5816251021086651,-0.6387717222223838
26.525,-0.20291241252931783,-1.091192341269589,0.16654589973212028,1.1533690177347258,-0.6387725150218996
26.53333333333333,-0.21091321795776136,-0.8289214511314849,0.17436930354324698,0.7242532177461283,-0.6387728961505669
26.541666666666668,-0.21672687672755517,-0.5663099177380465,0.17861813403387333,0.2955894576550792,-0.6387730392322527
26.55,-0.22035070046337363,-0.30332305968028755,0.1792979424588551,-0.13231808686374152,-0.6387730760788126
26.558333333333334,-0.22178032617140134,-0.03963828009719464,0.17641436165872573,-0.559678419575759,-0.6387731043628193
26.566666666666666,-0.22100836327251483,0.22511165465903482,0.1699705900583181,-0.9868065530627741,-0.6387732275089785
26.575,-0.2180249461392201,0.49111420668968464,0.1599680202126223,-1.4137557158329974,-0.6387735808933741
26.583333333333332,-0.21282027124387787,0.7581195695712053,0.1464101551135525,-1.839886387447293,-0.6387743407446382
26.591666666666665,-0.20538954319701602,1.0251132628467918,0.12931057389157016,-2.263314523944902,-0.6387757232560369
26.599999999999998,-0.19574105500458058,1.289887978572255,0.10870619414914408,-2.680186015705971,-0.638777977658766
26.608333333333334,-0.18390828104669868,1.5485122931757895,0.08467735499263106,-3.0837710434937007,-0.6387813697876095
26.616666666666667,-0.1699666295304054,1.7947643939767457,0.05737586929385598,-3.4634919554018215,-0.638786150096261
26.625,-0.15405440124844022,2.019739007934854,0.027060340539745875,-3.8042370953839297,-0.6387925008989617
26.633333333333333,-0.1363949760707668,2.212027524719712,-0.005866251918010742,-4.086642121443488,-0.6388004642975726
26.641666666666666,-0.1173133389066854,2.358973342171974,-0.040828376224568266,-4.289199190854175,-0.6388098679866435
26.65,-0.09723667916141299,2.449219750980736,-0.07707667743570536,-4.392574609501462,-0.6388202864174621
26.65833333333333,-0.07667019774557407,2.4759160653346926,-0.11372881702870616,-4.385064661209361,-0.6388310801001458
26.666666666666668,-0.05614868631990956,2.439030534706812,-0.14985161796671667,-4.266549053120732,-0.6388415234906873
26.675,-0.03617791001754114,2.345338251319285,-0.1845607515212573,-4.048496834883542,-0.6388509731925451
26.683333333333334,-0.017186350135165646,2.206097060497946,-0.21710302552530428,-3.750039762575813,-0.6388589970703398
26.691666666666666,0.0004988291180537888,2.033852551650344,-0.24689768616608435,-3.392563516481853,-0.6388654154715321
26.7,0.016651158100366735,1.8399083955066744,-0.2735359917369164,-2.9954290896532902,-0.6388702641603039
26.708333333333332,0.03112843213148791,1.633079718385903,-0.2967540801528649,-2.5738706210060687,-0.6388737210810502
26.716666666666665,0.04385063962673878,1.4195091950524354,-0.316396350178277,-2.1386903939208475,-0.6388760342971571
26.724999999999998,0.05477905358817207,1.2030496004338271,-0.33238083765257714,-1.6969057313934066,-0.638877468597227
26.733333333333334,0.06389943408687167,0.9858183516689971,-0.3446715104741615,-1.2526788240887836,-0.6388782726487713
26.741666666666667,0.07120979470148629,0.768717574303405,-0.3532581857370427,-0.808181465388533,-0.6388786618010861
26.75,0.07671208573744037,0.5518499998186739,-0.35814292663422354,-0.3642789430868397,-0.6388788106688714
26.758333333333333,0.08040689613507594,0.33483067310201375,-0.3593313696036705,0.07896503684276673,-0.63887885092
26.766666666666666,0.08229041684177943,0.11702493549588237,-0.35682769065212866,0.521906876062019,-0.6388788773573036
26.775,0.08235320180039692,-0.10225663580577996,-0.3506324495068748,0.9650140177754053,-0.6388789891715889
26.78333333333333,0.08058042002432851,-0.3235869678280645,-0.3407427367790137,1.4086055072065966,-0.6388793196859088
26.791666666666668,0.07695362664360685,-0.5472239492747426,-0.3271546575210399,1.8525407790633526,-0.6388800437862676
26.8,0.07145439408783015,-0.7728565861393664,-0.309868771734367,2.2958118981257916,-0.638881379557374
26.808333333333334,0.06407041657386017,-0.9992599802734827,-0.2888995462583937,2.735979289048763,-0.6388835849102555
26.816666666666666,0.05480496196271898,-1.22383443834889,-0.2642903265515387,3.1684064358090196,-0.6388869474033391
26.825,0.04369063885818245,-1.4420373279525822,-0.23613552124455572,3.5853046453710014,-0.6388917617396074
26.833333333333332,0.030808057634708938,-1.6468040137050206,-0.20461106718367517,3.974746456161344,-0.6388982881665906
26.841666666666665,0.016308528229842554,-1.8282192553367387,-0.17001184928650662,4.3200861103940875,-0.6389066870710577
26.849999999999998,0.0004368854716897681,-1.9739074180836633,-0.13278960427339598,4.6005794968199645,-0.6389169348265393
26.858333333333334,-0.016453824501164546,-2.070667246585766,-0.09357743744097706,4.794100083979389,-0.6389287460275478
26.866666666666667,-0.03390708293775117,-2.1074418884189647,-0.05318188768357692,4.882116727616218,-0.638941548948668
26.875,-0.05139510980896456,-2.0786896510313855,-0.012528857091023932,4.855361737307377,-0.6389545584168129
26.883333333333333,-0.06837465647856401,-1.9863619679434565,0.027430120699469127,4.717155177457806,-0.6389669420562077
26.891666666666666,-0.08434845907732681,-1.839198836728367,0.06582105008371887,4.482201889476855,-0.638978009382413
26.9,-0.098910655016308,-1.6498141977622631,0.10192348564668346,4.171666823659289,-0.6389873348359201
26.90833333333333,-0.1117647151104673,-1.4313292360130256,0.13520019849392892,3.8075099160646,-0.638994776540122
26.916666666666668,-0.12271691732648127,-1.1950262161386394,0.16528580800010248,3.408566715119123,-0.639000417198772
26.925,-0.131656167393192,-0.9493955398817503,0.1919527573366191,2.9889895931631094,-0.6390044780022246
26.933333333333334,-0.1385304342784207,-0.7001829318848729,0.21507196971523176,2.5583702854929613,-0.6390072424462778
26.941666666666666,-0.1433258307597163,-0.45089737630086796,0.23457826759382164,2.122625347118065,-0.6390090036531403
26.95,-0.14605049132832393,-0.2034115423391528,0.25044405897431193,1.685022595951362,-0.6390100338081168
26.958333333333332,-0.1467232001856447,0.041513637716725435,0.26266109766255147,1.2470677329651756,-0.6390105691345831
26.966666666666665,-0.14536590406457223,0.2838213675461984,0.27122877406889373,0.8091851867069061,-0.639010804954291
26.974999999999998,-0.14199918049449736,0.5238533312434763,0.276147310437794,0.37122180535891974,-0.6390109008113916
26.983333333333334,-0.13663992912655565,0.7621148648517505,0.2774145997164721,-0.06717060023291198,-0.6390109848732624
26.991666666666667,-0.12930088632788134,0.9990641005733218,0.27502600282356515,-0.506192971527757,-0.6390111596489418
27.0,-0.11999193177283782,1.2348908609641593,0.26897706928510295,-0.9455388720279319,-0.6390115407813511
27.008333333333333,-0.10872332472935164,1.4692666796675338,0.25926936138008394,-1.383994780544747,-0.6390122842740691
27.016666666666666,-0.09551134187946156,1.7010124415688008,0.24592016478509074,-1.818896136498129,-0.6390135851163211
27.025,-0.0803870920892785,1.9276674881777416,0.2289774330846369,-2.245414264664819,-0.6390156688083766
27.03333333333333,-0.06340929954445353,2.1449753537000595,0.20854132189106905,-2.6557001327623895,-0.6390187728652114
27.041666666666668,-0.04468143246732892,2.3463809498273025,0.18479296874302667,-3.0380455190702245,-0.6390231129844113
27.05,-0.024372208851713744,2.5227772928221923,0.15802888876463925,-3.3764667433194226,-0.6390288304675148
27.058333333333334,-0.0027358092976268204,2.6629070511432995,0.1286947527401899,-3.6514022958705854,-0.6390359253732609
27.066666666666666,0.019875547022429708,2.7548499115670815,0.09740604121714733,-3.8422608707120403,-0.6390441953364202
27.075,0.043016352035459865,2.7886393533269356,0.06493905761409041,-3.9318949233790965,-0.6390532159847399
27.083333333333332,0.06617658997136155,2.759199705969886,0.03218087998137495,-3.911616243395061,-0.6390623962075666
27.091666666666665,0.08883114196038973,2.6680984501088147,4.413022975506065e-05,-3.7841790490499085,-0.6390711052551293
27.099999999999998,0.11049460622745369,2.5230154208888322,-0.03062738164407151,-3.562853700856731,-0.6390788189278162
27.108333333333334,0.13076283937309408,2.3352694954177533,-0.05913014793353624,-3.2671791299693163,-0.639085217127609
27.116666666666667,0.1493307175096556,2.1168516178689925,-0.08493166221948734,-2.9178776504010697,-0.6390902014360808
27.125,0.16598789355887167,1.8782578324797157,-0.10766342723343737,-2.5331452340983796,-0.6390938505433967
27.133333333333333,0.18060153074889426,1.6275245975557036,-0.127091674711519,-2.1270011067539003,-0.639096352180096
27.141666666666666,0.19309514286108548,1.370183493796239,-0.1430814192301811,-1.7092084603988162,-0.6390979412907378
27.15,0.20342927054934026,1.1096762397418998,-0.15556362401526516,-1.2859792014766331,-0.6390988564254901
27.15833333333333,0.21158629544917762,0.8478914833723241,-0.16450938863856776,-0.860884046476811,-0.6390993140426862
27.166666666666668,0.21755960287684536,0.585655565124978,-0.16991149943181136,-0.4356821369079204,-0.639099495709941
27.175,0.22134644154757863,0.32312704622196564,-0.17177221835335515,-0.010985394141844917,-0.6390995429744772
27.183333333333334,0.22294369329810187,0.06010580482492385,-0.17009596459854973,0.4132218677862748,-0.6390995585270209
27.191666666666666,0.2223459901593093,-0.20370865990498738,-0.1648859551690947,0.8371468844500147,-0.6390996361023317
27.2,0.21954582889476035,-0.46849012567411386,-0.15614417621048804,1.2608149963725748,-0.6390998973145133
27.208333333333332,0.21453563131979958,-0.7340376190368135,-0.14387456884306796,1.6836556645818608,-0.6391005033571969
27.216666666666665,0.20731209711308968,-0.9994672179830737,-0.12809006570736894,2.103983205486701,-0.6391016547990094
27.224999999999998,0.19788348533939246,-1.2628137514307425,-0.10882457375470063,2.5183224198172645,-0.6391035857851055
27.233333333333334,0.1862806296116519,-1.5205350649897904,-0.08615129670883881,2.920564607121912,-0.6391065500608084
27.241666666666667,0.17257234535316604,-1.7669700999825033,-0.060208557514402516,3.301039210858689,-0.639110793341803
27.25,0.15688500665833055,-1.9939223049795343,-0.03123279761201899,3.6457913854241295,-0.6391165068472187
27.258333333333333,0.13942393235708753,-2.1907145139909523,0.0004052025783408482,3.9366551263188914,-0.6391237618902968
27.266666666666666,0.12049071965616662,-2.3451834914656855,0.0341708180489283,4.152923746727634,-0.6391324385145691
27.275,0.10048721233870035,-2.4458976378597037,0.06935865963169603,4.275109514756681,-0.6391421799057475
27.28333333333333,0.07989701940019131,-2.4851746851185736,0.10512380183831993,4.290080772313246,-0.6391524133259525
27.291666666666668,0.05924296124689756,-2.461568414992898,0.14055406132205397,4.195311526254805,-0.6391624555932994
27.3,0.039031361388138175,-2.380356705253843,0.17476484755533778,3.9997372121254857,-0.6391716688726947
27.308333333333334,0.019702265374575464,-2.251716842288455,0.20698413798922974,3.7206741921945667,-0.6391795948397598
27.316666666666666,0.0016008424101874108,-2.087733394490138,0.2366016015623547,3.3787503891257944,-0.639186012251392
27.325,-0.015026884296620116,-1.8997655557581041,0.26317650061694314,2.9934456589374325,-0.6391909157295551
27.333333333333332,-0.030020979757209278,-1.696971731398712,0.28641625951974486,2.5805966839076917,-0.6391944512127986
27.341666666666665,-0.04328704414657987,-1.4859270209237128,0.30614237432179925,2.151752873773526,-0.6391968457415276
27.349999999999998,-0.054775508559432244,-1.2708903839540404,0.32225607858664745,1.7146273998649892,-0.6391983522591198
27.358333333333334,-0.064464391124203,-1.0543136598642466,0.334709828046151,1.2739506705320174,-0.6391992139984851
27.366666666666667,-0.07234642383763719,-0.8373560389251373,0.34348608824888527,0.8323266916883889,-0.6391996448841767
27.375,-0.0784201315509517,-0.620311094277959,0.3485826710515608,0.3909368797585723,-0.6391998204466819
27.383333333333333,-0.08268404444598557,-0.40293347114377825,0.35000320405465096,-0.04992872926682028,-0.6391998746038853
27.391666666666666,-0.08513328949425562,-0.18468941798966984,0.34775144396521995,-0.49046837250243375,-0.6391999039254563
27.4,-0.08575807209411272,0.035038269547171055,0.3418286296568441,-0.9310412899238985,-0.639200006068049
27.40833333333333,-0.08454371173057786,0.2567747900858782,0.33223325694869,-1.3719001247334748,-0.6392003105733205
27.416666666666668,-0.08147221239684292,0.48075445365918507,0.31896322002698035,-1.8128790474205956,-0.6392009859895821
27.425,-0.07652567218325723,0.7066730621327315,0.3020208775652005,-2.252995720340645,-0.639202242905301
27.433333333333334,-0.06969208498732093,0.9333559078853756,0.2814220002712109,-2.6899082671628762,-0.6392043308780031
27.441666666666666,-0.06097435170479028,1.1583170268704666,0.2572100106485328,-3.1191834709907122,-0.6392075288723682
27.45,-0.050403414342478144,1.3772162400139192,0.2294771139807592,-3.5333838414965633,-0.6392121242201564
27.458333333333332,-0.03805608317049124,1.5833005409594896,0.19839337071148405,-3.921115767667767,-0.6392183737199292
27.466666666666665,-0.02407682437771967,1.7670682373279336,0.16424259130591481,-4.26643834759035,-0.6392264422169366
27.474999999999998,-0.008699972061591222,1.9165891013571368,0.12745921070540814,-4.54936561861694,-0.6392363226857924
27.483333333333334,0.007735259162140064,2.018983514675487,0.0886533600393552,-4.748319533629706,-0.6392477601593949
27.491666666666667,0.024787644891768927,2.0631931432425348,0.04860609574691543,-4.844770004519263,-0.6392602226872894
27.5,0.041942887968310784,2.0432401591278047,0.008220877973220823,-4.828713697720704,-0.6392729626391684
27.508333333333333,0.05866605735932257,1.960309248911696,-0.031564477526507,-4.702175011697923,-0.6392851696856889
27.516666666666666,0.07446140393680652,1.8223274874813973,-0.0698781996565481,-4.478486023809719,-0.639296153548638
27.525,0.0889186009762171,1.6413201005849778,-0.10599198194052364,-4.177820264485169,-0.6393054711258384
27.53333333333333,0.10173310304816077,1.4301456480244916,-0.13935476978827746,-3.821699346631821,-0.6393129551860603
27.541666666666668,0.11270217656938704,1.2000923788692632,-0.16958572428078142,-3.4289750677016286,-0.6393186641746511
27.55,0.12170647720055393,0.9598078820711264,-0.19644316737482373,-3.014071275099442,-0.6393228007096167
27.558333333333334,0.12868730321265,0.715246527252128,-0.21978661705773986,-2.586937777990783,-0.6393256362212879
27.566666666666666,0.13362583406291867,0.4701192064979725,-0.2395424721903466,-2.153837887562532,-0.639327457180001
27.575,0.1365268329635804,0.22646957985087546,-0.2556774050264424,-1.718334442893686,-0.6393285329669351
27.583333333333332,0.13740698847172056,-0.014806104464234717,-0.26817964281450574,-1.2821686027740233,-0.6393290995001063
27.591666666666665,0.13628714084356963,-0.253548159319262,-0.2770467807377827,-0.8459462147943316,-0.6393293530104546
27.599999999999998,0.13318750289771034,-0.4900221634341106,-0.282278564158707,-0.40965064154806646,-0.6393294537819677
27.608333333333334,0.1281251476963795,-0.7246800164639406,-0.28387338409441276,0.02696823388015366,-0.6393295308009906
27.616666666666667,0.12111333752892126,-0.9579490516521045,-0.28182775619752864,0.4640526827322651,-0.6393296859507327
27.625,0.1121626334354972,-1.1900130850620423,-0.2761386973510911,0.9012805749725451,-0.6393300294223309
27.633333333333333,0.10128389741683716,-1.420570692684251,-0.26680914528463495,1.337480048074479,-0.6393307101236282
27.641666666666666,0.08849359345559274,-1.6485185323834017,-0.25385708260120066,1.7701131120315097,-0.6393319152308541
27.65,0.07382210920449965,-1.8715423372425208,-0.23732962346269096,2.1946003429810723,-0.6393338623217378
27.65833333333333,0.057325845193430085,-2.085627882046127,-0.21732334389545868,2.603508053180122,-0.6393367822782346
27.666666666666668,0.03910346178290483,-2.2845750922133568,-0.19401153482082556,2.98573856553915,-0.6393408879762216
27.675,0.019315477602044537,-2.4597287033770514,-0.16767702660142547,3.3260864090498927,-0.639346325318998
27.683333333333334,-0.001796034230728905,-2.600296564582315,-0.1387450664708602,3.605793020502313,-0.639353110042173
27.691666666666666,-0.02389433818224477,-2.694669804419693,-0.10780487344252966,3.8048073720678417,-0.6393610676588778
27.7,-0.04655065330544622,-2.7328389012007124,-0.07560430631561883,3.9059138026617384,-0.6393698093547431
27.708333333333332,-0.06926943893543756,-2.7092304605839472,-0.0430058241904725,3.8995731881684432,-0.639378776637663
27.716666666666665,-0.09153434641520751,-2.624579936712162,-0.010907213561349795,3.7871097764742436,-0.6393873567051745
27.724999999999998,-0.11286143131859848,-2.485699081299892,0.0198499519376945,3.580294118330931,-0.6393950233438884
27.733333333333334,-0.1328416469915641,-2.3032829345860026,0.04855336297821055,3.2975751732256158,-0.6394014385654901
27.741666666666667,-0.15116122507115604,-2.0890498543251033,0.0746550915082997,2.9591791650043637,-0.6394064794641657
27.75,-0.16760019616015082,-1.8535150894357109,0.09776927420671314,2.583299844617419,-0.6394102019105041
27.758333333333333,-0.1820170433737504,-1.6049008895897692,0.11764608192771553,2.1842361495504887,-0.6394127767090708
27.766666666666666,-0.19432845043490282,-1.3489824769362841,0.13413731131918682,1.7721293215563272,-0.6394144284483353
27.775,-0.20449015960587594,-1.0894383012719369,0.1471638655426915,1.3535590775511668,-0.639415390759207
27.78333333333333,-0.2124815932930953,-0.828359387683629,0.15668963363459348,0.9324085545771565,-0.6394158790528102
27.791666666666668,-0.21829469723086592,-0.5667345967732749,0.1627025284897895,0.5106858862020747,-0.6394160763898368
27.8,-0.22192648187091635,-0.30484934938845754,0.16520177529757232,0.08919677048307821,-0.6394161274313235
27.808333333333334,-0.22337452018862475,-0.042600388156148965,0.16419017807499858,-0.3319260814256644,-0.639416137608646
27.816666666666666,-0.22263483673573384,0.22023966942409892,0.15967042000212547,-0.7527753702241913,-0.6394161957312126
27.825,-0.21970185380141635,0.4837900805057912,0.15164481385515638,-1.1732850536748887,-0.6394164156281521
27.833333333333332,-0.21457028572450842,0.7478168680085159,0.14011827382680994,-1.5928217442658876,-0.6394169500453495
27.841666666666665,-0.20723929085728668,1.0114308177173652,0.1251050783550193,-2.0096758183567545,-0.6394179900797227
27.849999999999998,-0.1977194723720108,1.2727023933193298,0.10664044417322073,-2.4204095332132582,-0.6394197595423915
27.858333333333334,-0.18604347039524935,1.5281869055493529,0.08479819622543835,-2.8190490486358755,-0.6394225016488893
27.866666666666667,-0.17228074686741265,1.7724085936819105,0.05971559181897246,-3.196201497123434,-0.639426452953881
27.875,-0.15655633579241005,1.997464216303153,0.03162495992462384,-3.538369175365189,-0.6394317997283835
27.883333333333333,-0.13907133764568477,2.1930682410894162,0.000888426375305883,-3.8280098251872405,-0.6394386166165086
27.891666666666666,-0.12011967945956192,2.3474758419141066,-0.031973569948118535,-4.045090138130706,-0.6394467993323408
27.9,-0.10009241858969516,2.4495564204657465,-0.066274841696669,-4.170605086780675,-0.6394560203477085
27.90833333333333,-0.07946094123161597,2.491648521117589,-0.10119191628200784,-4.191442106331691,-0.6394657453515262
27.916666666666668,-0.05873712875264135,2.4719796293708463,-0.13583180561637453,-4.10451887833854,-0.6394753286725039
27.925,-0.03842022540687047,2.3952580061271656,-0.16932260030940693,-3.917815269727585,-0.6394841584568661
27.933333333333334,-0.018948223727225693,2.2710612582650933,-0.20089657231619545,-3.647652671585665,-0.6394917858363798
27.941666666666666,-0.0006687001890271524,2.111024175705336,-0.22994033930853833,-3.3139258049142515,-0.6394979847748248
27.95,0.016167050532629998,1.926268945852118,-0.25600551481998657,-2.9357444945394073,-0.6395027370085377
27.958333333333332,0.031392635099056786,1.725895719433547,-0.27879012031460126,-2.5288761479273534,-0.6395061733149812
27.966666666666665,0.044907215810116315,1.516531192130401,-0.2981065081981038,-2.1049816708736824,-0.6395085068062218
27.974999999999998,0.05665545734513146,1.302535678703823,-0.31384807839780293,-1.671963101897371,-0.6395099790702116
27.983333333333334,0.0666105253274372,1.0864745823290924,-0.32596111373161946,-1.234753070482548,-0.639510824619607
27.991666666666667,0.07476122870579391,0.869614835079451,-0.33442353358522187,-0.7961408683946426,-0.639511250842511
28.0,0.08110302015935501,0.6523462003410685,-0.33923004051463346,-0.3574671058354844,-0.6395114283794848
28.008333333333333,0.08563211220042817,0.43450865169761754,-0.34038237475841526,0.08084324734402046,-0.6395114874600435
28.016666666666666,0.08834199378202268,0.21564708430693677,-0.33788345614989435,0.5188695909025172,-0.6395115230776758
28.025,0.08922187309393331,-0.004780075642169861,-0.33173463299388617,0.9568621516797844,-0.6395116346464766
28.03333333333333,0.08825670529694218,-0.22722084416397362,-0.32193540624271644,1.3949657806472224,-0.6395119530395639
28.041666666666668,0.08542879860530958,-0.45182538870548944,-0.30848560419946724,1.8328978988660396,-0.6395126463947537
28.05,0.08072130026487892,-0.6781944065858105,-0.29139055809587416,2.2695426941508856,-0.6395139235236281
28.058333333333334,0.07412409804743024,-0.905045588622768,-0.2706702087010357,2.702404180901556,-0.639516030511285
28.066666666666666,0.06564292610083396,-1.1297763841321002,-0.24637350806348687,3.1268788384659887,-0.6395192405090937
28.075,0.05531252509742303,-1.347935090642724,-0.21859960997837935,3.535364691380336,-0.6395238320160359
28.083333333333332,0.04321430967193368,-1.5526939805438282,-0.18752670286583872,3.9163612857403853,-0.6395300496224338
28.091666666666665,0.029497639322089514,-1.7345674538803972,-0.15344707607377084,4.253968247591597,-0.6395380432774155
28.099999999999998,0.014400995228662554,-1.8817989929278125,-0.11680229974570898,4.528499623204343,-0.6395477910810624
28.108333333333334,-0.0017345317733121687,-1.9818819565246226,-0.07820577681235676,4.719007554634112,-0.6395590284208362
28.116666666666667,-0.01846966824647238,-2.02428638153242,-0.038435392113399594,4.807849407054949,-0.6395712251870436
28.125,-0.03529660163109554,-2.0035603058998146,0.0016161652825093,4.785901391934009,-0.639583650459619
28.133333333333333,-0.05169054066034757,-1.9212098105846447,0.04102794344071379,4.655720386511698,-0.6395955222426768
28.141666666666666,-0.06716726725845344,-1.785169844917344,0.07894730154505364,4.430642690893355,-0.6396061811642624
28.15,-0.08132687737590287,-1.6072119401287857,0.11466313364425568,4.130409138791024,-0.639615208348782
28.15833333333333,-0.09387255090463355,-1.3998273695084102,0.14763702456860664,3.7759241849899294,-0.6396224496910439
28.166666666666668,-0.10460623378614976,-1.1739579172906378,0.177495689739561,3.3854653557741994,-0.63962796654575
28.175,-0.11341071739595428,-0.9379925770186646,0.20400082725107974,2.9730368749022595,-0.6396319577313824
28.183333333333334,-0.12022769110622517,-0.6977238507662089,0.22701254592780032,2.54833637378336,-0.6396346877014014
28.191666666666666,-0.1250377169111031,-0.45677831482743836,0.24645631865864215,2.11750803559997,-0.6396364351872333
28.2,-0.12784447469717836,-0.2171682778665292,0.2622973019148345,1.6840855299055961,-0.639637462333038
28.208333333333332,-0.12866345752664618,0.02020832977022576,0.2745222138510799,1.249835981049231,-0.6396379988014382
28.216666666666665,-0.1275144141175473,0.25517020638663346,0.2831275029086397,0.8154233102798305,-0.6396382356375464
28.224999999999998,-0.12441670137379617,0.4879488621619826,0.2881123364646357,0.38090774066550703,-0.6396383287554537
28.233333333333334,-0.11938685955981385,0.7189530090078005,0.2894752226415531,-0.0538714833560054,-0.639638403089905
28.241666666666667,-0.11243801408609794,0.9485580311948837,0.287213586527027,-0.48895564690661575,-0.6396385575725504
28.25,-0.1035810571708766,1.1768876197755413,0.28132623902836607,-0.9239120187433554,-0.6396389019646951
28.258333333333333,-0.09282771540644771,1.403572447085613,0.27181886823847173,-1.3574497713127653,-0.6396395842737347
28.266666666666666,-0.08019591025599257,1.627435496910321,0.2587132238740851,-1.7869071310574596,-0.6396407893632327
28.275,-0.06571810158508115,1.8460904926122652,0.24206119831460146,-2.2075889719446393,-0.6396427306488244
28.28333333333333,-0.04945330247709744,2.0554692377963186,0.2219649861690305,-2.6119819087067975,-0.6396456326211677
28.291666666666668,-0.031503064219354136,2.2493648310829943,0.19860384795061253,-2.9889938838950116,-0.6396496995237245
28.3,-0.01203051600762858,2.4192036065183053,0.1722659437011698,-3.3235799695547232,-0.639655067262669
28.308333333333334,0.008720853670419344,2.5544039617577576,0.14337962149288871,-3.5973647013420145,-0.6396617425359861
28.316666666666666,0.03041523488393336,2.6437048072714626,0.11253300569138928,-3.790914398223927,-0.6396695465599186
28.325,0.052628056831250415,2.6775198405132534,0.08046706798436694,-3.8877560951324135,-0.6396780948340108
28.333333333333332,0.07487137734819263,2.650639639161221,0.04803145541624262,-3.878984923521008,-0.6396868430463236
28.341666666666665,0.09663872252032944,2.5639634872352643,0.016107190720520782,-3.7662073426319336,-0.6396951990931493
28.349999999999998,0.1174563316075785,2.4242156548295046,-0.014481417274324872,-3.5610357523223968,-0.6397026573201587
28.358333333333334,0.13692377260150496,2.2418211689865077,-0.043036528995176654,-3.281439398324869,-0.6397088941994471
28.366666666666667,0.1547333194469239,2.028171982673078,-0.06902010623962694,-2.9470612872468953,-0.6397137929665402
28.375,0.1706684624869501,1.7935021429119469,-0.09205152994395055,-2.5755847305651223,-0.6397174086746024
28.383333333333333,0.18458915979762233,1.545841461618925,-0.11188256382216384,-2.180947740320169,-0.6397199072284218
28.391666666666666,0.1964123406124136,1.2908599286755917,-0.12836422665359776,-1.7730793399193217,-0.6397215068460743
28.4,0.20609340836225742,1.0321969904053268,-0.14141537927274483,-1.3584613971004087,-0.639722434978209
28.40833333333333,0.21361131753927606,0.7719483075089317,-0.1509973971837904,-0.9409562066308388,-0.6397229018276593
28.416666666666668,0.21895770532175382,0.5111341213947114,-0.15709572612647185,-0.5226002186959928,-0.6397230864376249
28.425,0.22212960934230666,0.2500878811939564,-0.15970750431501698,-0.10426018817613669,-0.6397231305822926
28.433333333333334,0.2231250817779697,-0.011233665466111,-0.15883406617318596,0.31384478090237466,-0.63972313757719
28.441666666666666,0.2219411737528329,-0.2729860574544956,-0.15447744725187035,0.7316955848712284,-0.6397231934068192
28.45,0.2185739920673244,-0.5352022828327819,-0.14664037056879695,1.149083574088897,-0.6397234098585535
28.458333333333332,0.21302072301399355,-0.7975448566666467,-0.1353294935964327,1.565196693092189,-0.6397239372405225
28.466666666666665,0.2052839457010363,-1.0589999613360666,-0.12056250212697796,1.9781038787046064,-0.6397249627567315
28.474999999999998,0.19537881190148196,-1.3174925791296124,-0.10238004742179029,2.3841032929547548,-0.63972670424112
28.483333333333334,0.18334378108007038,-1.5694213675474242,-0.08086371909681409,2.776930813457264,-0.6397293960634564
28.491666666666667,0.16925539737292597,-1.8091709153235602,-0.056160914354898915,3.1469254748579654,-0.6397332623885248
28.5,0.15324668635020727,-2.028771295843712,-0.028515927123864915,3.4804402712696154,-0.6397384736255197
28.508333333333333,0.13552670861728883,-2.2180264186985443,0.0016968939386359859,3.760046892663729,-0.6397450869696578
28.516666666666666,0.11639565882395546,-2.365518665666942,0.03394745453028292,3.9662329874959394,-0.6397529838103242
28.525,0.09624705443246061,-2.460696551508006,0.06754612345807211,4.080951657447213,-0.6397618325589538
28.53333333333333,0.07554923115838122,-2.496609844565832,0.1016751890185235,4.092287282895227,-0.6397711114503979
28.541666666666668,0.05480534605010078,-2.472093450895435,0.13545703710136292,3.998194593461808,-0.639780204519812
28.55,0.034502086475292265,-2.3921424861798064,0.1680417505626474,3.807160925569277,-0.6397885393358345
28.558333333333334,0.015064094633244006,-2.266245268347114,0.1986851596335723,3.535387454996829,-0.6397957045724101
28.566666666666666,-0.0031724515136200716,-2.1056855835943367,0.22679441809920134,3.2022108199252193,-0.6398015008443391
28.575,-0.01996425339376468,-1.921147660727165,0.25193622555678896,2.8260370601253184,-0.6398059228246068
28.583333333333332,-0.03514938363018134,-1.7213378942527182,0.27381802085705975,2.4220025958211906,-0.6398091027012319
28.591666666666665,-0.04862859352003693,-1.5125902847263497,0.2922569807847105,2.0013033636516124,-0.63981124756412
28.599999999999998,-0.06034614145048241,-1.2990767513901442,0.30714817733125177,1.571545778811448,-0.6398125892609506
28.608333333333334,-0.07027358427612294,-1.0832584357952975,0.31843768940541084,1.1375008546886134,-0.6398133513541843
28.616666666666667,-0.07839752039788242,-0.8663584414659687,0.3261023010081326,0.7018897228919694,-0.6398137304440598
28.625,-0.08471101113356026,-0.6487644243441649,0.33013528682616733,0.2660467026024018,-0.6398138871396544
28.633333333333333,-0.08920799091221772,-0.4303443698745586,0.3305370932039029,-0.1695668093640379,-0.6398139426129137
28.641666666666666,-0.09188001625941276,-0.2106979225622243,0.3273098115909102,-0.604955026870433,-0.639813988554793
28.65,-0.09271491852565224,0.01063814304626487,0.3204547246325533,-1.0402610355784874,-0.6398141297448476
28.65833333333333,-0.09169704424398525,0.2340041859404507,0.3099723260144821,-1.475479623250179,-0.6398145026524037
28.666666666666668,-0.08880914652135266,0.4594033243905157,0.29586492997442254,-1.910116542410669,-0.6398152801778355
28.675,-0.08403625071646617,0.6862369478110414,0.278142452977837,-2.342759522315575,-0.6398166743490725
28.683333333333334,-0.07737205146248914,0.9129569140564239,0.25683233577111664,-2.770505348694002,-0.6398189317110017
28.691666666666666,-0.06882861859632348,1.1366190275048857,0.2319949554075931,-3.1882143011991526,-0.6398223212015508
28.7,-0.05845016994338731,1.352363495420345,0.20374587104744,-3.5876318534855463,-0.6398271097260959
28.708333333333332,-0.046331116644084784,1.5529397331092636,0.1722853445552194,-3.9565722840305875,-0.6398335198594044
28.716666666666665,-0.03263700537344628,1.7285464620671303,0.13793293088585679,-4.278619895997436,-0.6398416672635634
28.724999999999998,-0.017624019742271867,1.867416580470678,0.10115992891352096,-4.534076018520836,-0.6398514857335591
28.733333333333334,-0.00164901990573047,1.9575462058614483,0.06260621216996672,-4.702835571309117,-0.6398626658009172
28.741666666666667,0.014839579849367953,1.9894810340624556,0.023065030221356166,-4.769058255297053,-0.6398746482452083
28.75,0.03133545218397211,1.9591769322835622,-0.01657337003816492,-4.725979402645578,-0.639886704394875
28.758333333333333,0.04732675217891003,1.8693958154066206,-0.05540967416560332,-4.578257217116766,-0.6398980893983109
28.766666666666666,0.062350463911759975,1.7287497635141997,-0.09262666640688887,-4.340354677809967,-0.6399082030536969
28.775,0.07603063582295735,1.5490069707468606,-0.1275531993675818,-4.0319980615433355,-0.6399166868888735
28.78333333333333,0.08809218520524476,1.3421793168091158,-0.15968705130430755,-3.6732858614824337,-0.6399234325273737
28.791666666666668,0.09835386174784772,1.1185499181857228,-0.18868288765773672,-3.2814007430990944,-0.6399285271106009
28.8,0.10670982341725038,0.8858872978417506,-0.2143213708859621,-2.8693281776640718,-0.6399321781239219
28.808333333333334,0.11310848844124505,0.6494990436861205,-0.23647401883178737,-2.44598349759554,-0.6399346473544972
28.816666666666666,0.11753373630881993,0.4126758235991556,-0.25507227431908414,-2.016983635670046,-0.6399362048259852
28.825,0.11999030779015459,0.17721900062580537,-0.27008378881350703,-1.5855461645342406,-0.6399371015399242
28.833333333333332,0.12049340814020001,-0.05609130398200525,-0.2814958244021397,-1.1532771655962908,-0.6399375556034912
28.841666666666665,0.11906181037813511,-0.28712473251349935,-0.28930451220123427,-0.7207884791776004,-0.6399377474278563
28.849999999999998,0.11571368354363817,-0.5161151312070431,-0.2935086069788776,-0.28816545548633,-0.6399378238686366
28.858333333333334,0.11046452819759474,-0.7434340584857982,-0.2941066736121628,0.14466649683705712,-0.6399379012837039
28.866666666666667,0.10332690242307364,-0.9693802006283581,-0.2910971651085871,0.577600836300017,-0.6399380746658512
28.875,0.0943119358366225,-1.1939606700896948,-0.28448140237533037,1.0099973078843818,-0.6399384585224559
28.883333333333333,0.08343275426873864,-1.4166419704482853,-0.2742696009697956,1.4402849356781122,-0.6399392054224267
28.891666666666666,0.07071027887431398,-1.6360258889547508,-0.2604907350008543,1.8654327060711327,-0.6399405025185938
28.9,0.05618206643731218,-1.8494443112291976,-0.2432073973502675,2.280280938169177,-0.6399425617742865
28.90833333333333,0.03991479359683001,-2.0524992155597674,-0.22253669389218023,2.6767774816490997,-0.6399456004541297
28.916666666666668,0.022020477074873163,-2.238652897785566,-0.19867734861671976,3.0432964555465505,-0.6399498075888227
28.925,0.002675143589348601,-2.3991006692953096,-0.17194085793123345,3.3644342427995495,-0.6399552946258259
28.933333333333334,-0.017863837392675858,-2.5232845594810476,-0.1427802762837969,3.621893673276017,-0.6399620362935119
28.941666666666666,-0.03924859741244383,-2.6003777773971004,-0.11180500862429582,3.7970194284270473,-0.6399698211321545
28.95,-0.06104804260388442,-2.621677680645303,-0.0797675671417086,3.87487907151511,-0.6399782427715698
28.958333333333332,-0.08277637346617908,-2.583119473315354,-0.04751411503986464,3.848544432762783,-0.6399867569281257
28.966666666666665,-0.10393860692461225,-2.4866335872432237,-0.015906095750200435,3.721392029955997,-0.6399947963215782
28.974999999999998,-0.12407934508584964,-2.3395222407003917,0.014263515526500818,3.5060167668605215,-0.6400018963758639
28.983333333333334,-0.14281900987913598,-2.1522380064078765,0.042332380330343755,3.2204192210937315,-0.6400077763311993
28.991666666666667,-0.15986912403642822,-1.9357975777615464,0.067795056808618,2.8835787114818463,-0.6400123521782081
29.0,-0.17502844806742562,-1.699893350018608,0.09029652130954899,2.512227367878152,-0.6400156973939461
29.008333333333333,-0.18816767860636419,-1.4520320797491686,0.1096061712413906,2.119382953121061,-0.6400179836860448
29.016666666666666,-0.19921054584116346,-1.1974697081696308,0.12558571129812765,1.7142409684828572,-0.6400194266182716
29.025,-0.2081163391983401,-0.9395593286285971,0.1381594952722122,1.3027692207381338,-0.6400202465112268
29.03333333333333,-0.21486599428412864,-0.6802217834883485,0.1472909378566792,0.8885084286984116,-0.6400206447428682
29.041666666666668,-0.21945204988848066,-0.4203889575737379,0.15296549894095476,0.47332371166075055,-0.6400207914109824
29.05,-0.22187199236063712,-0.1603710038483593,0.1551793998467059,0.05802474263841907,-0.6400208199386583
29.058333333333334,-0.22212435090612256,0.09984650431451092,0.15393297782323376,-0.3571335210052974,-0.6400208266932846
29.066666666666666,-0.22020709558352353,0.36034235335818937,0.1492279320394681,-0.7720103174156266,-0.6400208968928756
29.075,-0.2161180864984764,0.6210252416346966,0.14106801104559988,-1.1861901040899692,-0.6400211460624815
29.083333333333332,-0.20985752889515902,0.8813761315478957,0.12946303541014934,-1.5985511493929276,-0.6400217274440412
29.091666666666665,-0.20143281638966673,1.1401297411515756,0.11443693865029249,-2.0067281337142058,-0.6400228290620704
29.099999999999998,-0.19086633913397513,1.3948798609086468,0.09604082229997095,-2.4064432070492914,-0.6400246659638298
29.108333333333334,-0.17820687989172826,1.6416189303492903,0.07437210624889523,-2.7907220607579717,-0.6400274638915261
29.116666666666667,-0.16354488161078845,1.8742908329171022,0.049600287662249845,-3.1491282997208616,-0.6400314298314628
29.125,-0.14703075149428024,2.0845543362281673,0.021997923981889624,-3.4673520061430723,-0.6400367063573789
29.133333333333333,-0.1288931300428283,2.262092914261584,-0.008028359139294516,-3.7277262435973126,-0.6400433129567062
29.141666666666666,-0.1094509828542234,2.3958373024055204,-0.039917293830020115,-3.91130070446584,-0.6400510900426775
29.15,-0.08911124131007214,2.4761764352138305,-0.07295697251814874,-4.0016082505031205,-0.6400596751581502
29.15833333333333,-0.0683457157808806,2.4975551854981606,-0.10632421450140556,-3.98910310920519,-0.6400685412592265
29.166666666666668,-0.04764892711084626,2.460233992517127,-0.13915658773269945,-3.874180057765489,-0.640077100406218
29.175,-0.02748865925424833,2.370178521813597,-0.17063701692331965,-3.66700826953445,-0.6400848343593074
29.183333333333334,-0.008265420069295207,2.237151958246621,-0.20006337855245235,-3.3842982672802537,-0.6400913939124778
29.191666666666666,0.009708387848357057,2.0721157127265775,-0.22688463834182168,-3.044886050526194,-0.6400966318242163
29.2,0.026209030644409766,1.8851162185387627,-0.2507025517498958,-2.6661417944836496,-0.6401005757854472
29.208333333333332,0.04108846833172371,1.6841707625725661,-0.27125035513534107,-2.2620757437988153,-0.6401033718595959
29.216666666666665,0.05425595541556801,1.4750260334085734,-0.28836222178118315,-1.8429240765275705,-0.6401052267189786
29.224999999999998,0.06565998556337369,1.2614191865150497,-0.30194324983817034,-1.41558352506882,-0.640106363142743
29.233333333333334,0.07527334873582124,1.0455217599175999,-0.31194464152628115,-0.9843513913171342,-0.6401069913853742
29.241666666666667,0.08308197149261996,0.8283841263253592,-0.31834517341262436,-0.5516623458998738,-0.6401072932811591
29.25,0.08907718880909513,0.6103093108140988,-0.3211383321578172,-0.11870258820867707,-0.6401074146862955
29.258333333333333,0.09325079518579196,0.3911484246133071,-0.32032399208116685,0.3141099466493168,-0.6401074634017971
29.266666666666666,0.09559231691056741,0.17054256908742002,-0.3159037011417016,0.7467324184453892,-0.6401075304725112
29.275,0.09608810906951051,-0.051879739415535794,-0.3078788962147747,1.1791870709495873,-0.6401077302004748
29.28333333333333,0.09472204816638993,-0.2763067968421318,-0.2962516036694413,1.6112544059609266,-0.6401082085444938
29.291666666666668,0.09147798737681798,-0.5025139065387954,-0.28102793929322467,2.0421044304549887,-0.640109147747918
29.3,0.08634434199020956,-0.7295764047759021,-0.26222505991983597,2.469827687777296,-0.6401107670258903
29.308333333333334,0.07932141312830421,-0.955496211230174,-0.2398826236169852,2.890816360007264,-0.6401133156537824
29.316666666666666,0.0704322073183512,-1.176738936386482,-0.21408008236151685,3.2989872919681096,-0.6401170573674441
29.325,0.05973733847848444,-1.387732708951064,-0.18496087073875245,3.6849298726012627,-0.6401222410287426
29.333333333333332,0.04735376075008178,-1.580488932298528,-0.15276316686343197,4.035246284388138,-0.6401290528857319
29.341666666666665,0.033475106646448406,-1.744662494137381,-0.11785358446783353,4.332619960567332,-0.640137550873518
29.349999999999998,0.018388201882233935,-1.8684797711037504,-0.08075472779225826,4.557340700630927,-0.6401475940076697
29.358333333333334,0.002477142737849609,-1.94080274518973,-0.04215209403955978,4.6907501908679965,-0.6401587976788932
29.366666666666667,-0.013793618225485041,-1.9539688261868287,-0.002865816513166923,4.720009503560573,-0.6401705543103329
29.375,-0.029919137120952354,-1.9062093291636766,0.03621617446041582,4.642168810269595,-0.6401821377661248
29.383333333333333,-0.045407227139721326,-1.8022622427927113,0.0742275099077372,4.465196100079909,-0.6401928601008843
29.391666666666666,-0.05982740435213528,-1.6517871221758251,0.1104054513493403,4.205301482815761,-0.6402022109649165
29.4,-0.0728405387420032,-1.4665611609266422,0.14414043831988324,3.8822171934155913,-0.6402099230840927
29.40833333333333,-0.0842051769679918,-1.2578952986857428,0.1749864417654977,3.514867030621111,-0.6402159575602825
29.416666666666668,-0.09376645232038694,-1.035101604969963,0.2026422396513435,3.118821944255975,-0.6402204419282205
29.425,-0.1014368469677562,-0.8050227531656999,0.22691929848026482,2.7055472598188457,-0.6402235990061858
29.433333333333334,-0.1071761228425586,-0.5722285858967338,0.24770855599438782,2.282765014780291,-0.6402256889816735
29.441666666666666,-0.11097424865407311,-0.3394842799517691,0.26495245710599824,1.8552606338827355,-0.6402269708262628
29.45,-0.11283846386956593,-0.10824806641310784,0.2786240554543631,1.4257269347189412,-0.6402276802283245
29.458333333333332,-0.11278422446890786,0.12090314581285905,0.2887126585073159,0.9954771430041766,-0.6402280187537129
29.466666666666665,-0.1108293159908171,0.3479380732666834,0.29521474444245643,0.5649994457621448,-0.6402281516146409
29.474999999999998,-0.10699043559481076,0.5731108588845418,0.2981289298371986,0.13438099962824038,-0.6402282124235832
29.483333333333334,-0.10128172829085555,0.7967452760169986,0.29745410396635513,-0.2963441731162551,-0.6402283052863547
29.491666666666667,-0.0937150859271679,1.0190220975372926,0.2931904122515146,-0.7268497664217499,-0.6402285249245608
29.5,-0.08430224919053975,1.2397580493617142,0.2853431495011793,-1.1561650580860772,-0.640228996326086
29.508333333333333,-0.07305890606632394,1.4581382837685022,0.27392983165640783,-1.5822450132704242,-0.6402298811133909
29.516666666666666,-0.060011330343800184,1.6723734439921716,0.2589913976764639,-2.0014084280654156,-0.640231371851451
29.525,-0.04520618870470169,1.8792848585741238,0.24060862754972365,-2.407652413435262,-0.6402336795497291
29.53333333333333,-0.02872396623124605,2.0738649541219734,0.21892455741103067,-2.7919222795595444,-0.6402370103444741
29.541666666666668,-0.010695717834834802,2.2489519268974356,0.19417241892156686,-3.141572363353305,-0.6402415277794951
29.55,0.008678828891519847,2.395285931873559,0.16670577415419638,-3.440472266262354,-0.6402473010163032
29.558333333333334,0.029116464710038387,2.502301861200305,0.1370229696200112,-3.670363733001921,-0.6402542487188307
29.566666666666666,0.05024627824446359,2.5598858640843214,0.10577351272638703,-3.813856297417036,-0.6402621015956412
29.575,0.07162338773686856,2.5608224067384704,0.07373385021821334,-3.858596051505771,-0.6402704135455983
29.583333333333332,0.09276279191191918,2.5029712810326807,0.041748896943137936,-3.8009675820978837,-0.6402786370992438
29.591666666666665,0.11318601134015091,2.389996617627048,0.010651874602569972,-3.6473184479759775,-0.6402862426029157
29.599999999999998,0.13246579619814017,2.230199060724197,-0.018812370388942137,-3.4119438562743105,-0.6402928297753221
29.608333333333334,0.15025531244319434,2.034148971592756,-0.04603738852225779,-3.1130299404308666,-0.6402981857217144
29.616666666666667,0.16629686777446887,1.8123332044518148,-0.07057012545117576,-2.768630242420165,-0.6403022796086911
29.625,0.18041416751918554,1.5736306481833586,-0.09209779004594582,-2.394065537380612,-0.640305216462096
29.633333333333333,0.19249593394923054,1.324736790679281,-0.1104200150427292,-2.0009469956203754,-0.6403071800564922
29.641666666666666,0.20247772059892516,1.0702438505181033,-0.12541797858090264,-1.5973170436810413,-0.64030838447606
29.65,0.21032587955387316,0.8130263122761374,-0.1370272211077604,-1.1883081275170362,-0.6403090408661962
29.65833333333333,0.2160251425099889,0.5546946423844102,-0.14521662198372404,-0.7769145122301792,-0.6403093379484912
29.666666666666668,0.21956984462212736,0.2960055902571273,-0.14997356122224864,-0.3646875955101554,-0.6403094321726659
29.675,0.22095826660611234,0.037199829239746574,-0.15129435551631906,0.04769417574380988,-0.6403094435385391
29.683333333333334,0.22018952947296833,-0.22171747186001495,-0.14917899907487214,0.45995169908114786,-0.6403094585034442
29.691666666666666,0.21726270532618513,-0.48072378891011824,-0.14362965332826685,0.8717782521666559,-0.6403095667270584
29.7,0.21217793648795735,-0.7395434571314529,-0.13465249406265178,1.2824480982756103,-0.6403098928759015
29.708333333333332,0.20493965562771926,-0.9973716259406298,-0.12226306630701211,1.6903526667538584,-0.6403105976574348
29.716666666666665,0.19556236082464862,-1.2525348526785878,-0.10649594613717162,2.0924270982521618,-0.6403118732762205
29.724999999999998,0.184079517645292,-1.5020808122932405,-0.08741969760698443,2.483454042307706,-0.6403139330329926
29.733333333333334,0.1705560873821597,-1.741329147357814,-0.06515799612744062,2.8552981971292297,-0.6403169910872091
29.741666666666667,0.15510459812739302,-1.963499131599882,-0.03991680568347134,3.196267830973405,-0.6403212283535797
29.75,0.13790320913260126,-2.1596550313282563,-0.01201500187030276,3.4910141062785134,-0.6403267434151985
29.758333333333333,0.11921170919627504,-2.3193175377210427,0.018088456491184304,3.7215647085507797,-0.6403334955325684
29.766666666666666,0.09937857881978887,-2.4320205177439127,0.04978253032138415,3.8699732030570293,-0.640341259911266
29.775,0.07883141880077404,-2.4896664703465254,0.08232045954945318,3.922339760487103,-0.6403496251912183
29.78333333333333,0.058047101824853876,-2.4888461213673714,0.11487077995469624,3.8727814811768475,-0.6403580544905524
29.791666666666668,0.037506963481107485,-2.4319249162529055,0.14659400437047335,3.725305784746224,-0.6403659984601775
29.8,0.017650716471317593,-2.3262464402221843,0.17672165269687226,3.492471616296165,-0.6403730135888301
29.808333333333334,-0.0011564842955207014,-2.181939545409185,0.2046130021148784,3.1916653020772294,-0.6403788352902658
29.816666666666666,-0.01863693924837196,-2.0095026818169943,0.22977777772732694,2.840992247871262,-0.6403833868623344
29.825,-0.034595698925456136,-1.81809420482892,0.2518688998017874,2.456367967810871,-0.6403867409470557
29.833333333333332,-0.04890562744219269,-1.6147756920529328,0.27065781369043074,2.05022808516707,-0.6403890633445789
29.841666666666665,-0.061489396336462526,-1.4044735539762399,0.2860045580554227,1.6314559480310833,-0.6403905616363935
29.849999999999998,-0.0723029152976433,-1.1903082266982812,0.29783019677779404,1.2059303506633954,-0.6403914479393511
29.858333333333334,-0.0813220870579191,-0.9740304958860614,0.30609478362080084,0.7772509571099935,-0.6403919159371796
29.866666666666667,-0.08853314140149358,-0.7564307043963135,0.3107812611225079,0.3474144473831214,-0.6403921285869439
29.875,-0.09392609006076674,-0.5376761306921138,0.3118844938455499,-0.08263329908687897,-0.6403922125051899
29.883333333333333,-0.09749070256329764,-0.3175828748583335,0.30940441149312453,-0.5125546651566287,-0.6403922617365481
29.891666666666666,-0.09921455315361818,-0.09584123367885429,0.30334252169639386,-0.9422563082156223,-0.6403923747891704
29.9,-0.09908277853067067,0.12779131235918542,0.2937011307527064,-1.3715883000150872,-0.6403926791348971
29.90833333333333,-0.09707949937560291,0.35327790040547297,0.2804851829449915,-1.8000061272248304,-0.640393334126898
29.916666666666668,-0.09319116615692004,0.5800494684559292,0.26370719395024605,-2.226160625436356,-0.6403945352024515
29.925,-0.08741227296695207,0.8066840391709804,0.2433960591344045,-2.6473694007659647,-0.6403965110467601
29.933333333333334,-0.07975410233613721,1.0304995088132567,0.21961089088477076,-3.0589370556737685,-0.6403995130211853
29.941666666666666,-0.0702571755733616,1.2470793953744805,0.1924610810797248,-3.453353653580979,-0.6404037940112987
29.95,-0.05900764369544141,1.4498264349379133,0.16213307060740528,-3.8195284317047173,-0.6404095717564027
29.958333333333332,-0.04615655652270977,1.6297686227830293,0.12892213957563642,-4.142436158176526,-0.6404169740182201
29.966666666666665,-0.03193845322029263,1.7759855494544912,0.09326332078784136,-4.403799417377892,-0.6404259710907807
29.974999999999998,-0.01668244934929091,1.8770296449996722,0.05574997856935963,-4.584447335952203,-0.640436316172556
29.983333333333334,-0.0008070574298504965,1.9233561884176962,0.017125239048436824,-4.668385251845938,-0.6404475288353357
29.991666666666667,0.01520715926345022,1.9100213129095542,-0.02176378743574233,-4.64733101622897,-0.6404589532433974
30.0,0.030863907286760955,1.8383067771849062,-0.06004371315803177,-4.523450517665842,-0.6404698877370352
