t,th1,w1,th2,w2,energy
0.0,-1.2749294625364866,0.0,1.4942116857851337,0.0,-0.14817873481437124
0.008333333333333333,-1.273564048298786,0.32752131294286757,1.494088078992314,-0.03001949296607838,-0.14817874044522678
0.016666666666666666,-1.2694766815589622,0.6529162751874135,1.4936995963013342,-0.06427411491688449,-0.14817878478599866
0.025,-1.262693867824887,0.9740795360884802,1.4929933575712022,-0.10698311856541332,-0.14817891939112085
0.03333333333333333,-1.2532595450176716,1.288936782314741,1.4918813955606383,-0.1623437429860519,-0.14817920799373557
0.041666666666666664,-1.241234700317299,1.5954773868849075,1.4902409859177648,-0.2344914273171983,-0.1481797239027795
0.05,-1.226696639562475,1.8918058109352924,1.4879154334528064,-0.32742912939820534,-0.14818054704580397
0.058333333333333334,-1.2097377401279839,2.1762143421982127,1.48471558869518,-0.4449227361580731,-0.1481817610942264
0.06666666666666667,-1.1904635102758712,2.4472763278268825,1.480422367396889,-0.5903661913476191,-0.14818345124740584
0.075,-1.1689898022680145,2.7039548089758503,1.4747904824797717,-0.7666280490023007,-0.14818570336488385
0.08333333333333333,-1.1454390879110727,2.94571694288463,1.4675534648782311,-0.9758996018552002,-0.14818860517470162
0.09166666666666666,-1.1199358020490995,3.172640812414004,1.4584298510834242,-1.2195716699209405,-0.14819225020243657
0.1,-1.09260088024588,3.38549951068893,1.4471301731459862,-1.4981702173199445,-0.14819674483735717
0.10833333333333334,-1.0635457386725826,3.585809028462691,1.4333641427125385,-1.8113781292119011,-0.1482022186095413
0.11666666666666667,-1.032866035798502,3.7758320975478896,1.4168472279122377,-2.1581610314808435,-0.148208837394935
0.125,-1.000635584968315,3.9585392197163913,1.3973057307921795,-2.5370005715340938,-0.14821681905234413
0.13333333333333333,-0.9669007323054603,4.137538842044826,1.3744795101194645,-2.9462230914991547,-0.1482264511011539
0.14166666666666666,-0.9316753719893661,4.316998552881327,1.3481216463929762,-3.3844004399523384,-0.14823811060353392
0.15,-0.8949365568646698,4.501586228680389,1.317994555938325,-3.85079759029765,-0.14825228748226585
0.15833333333333333,-0.8566204036887893,4.6964638002789965,1.283862240100049,-4.345851460432287,-0.1482696141187665
0.16666666666666666,-0.8166177110408088,4.9073684868903475,1.2454784025477785,-4.871687248242836,-0.14829090636276673
0.175,-0.7747684017513679,5.140820987805479,1.2025699824957212,-5.432712473102066,-0.14831722446815715
0.18333333333333332,-0.730853525726096,5.404513497670112,1.1548151275305842,-6.0363772511071865,-0.14834996801724465
0.19166666666666665,-0.684583003643091,5.707962106371985,1.101813611146502,-6.694262377388874,-0.1483910289602241
0.2,-0.6355763420481667,6.063574918914592,1.0430458872734463,-7.423780712687869,-0.14844304656209895
0.20833333333333334,-0.5833317902412488,6.488422847023695,0.9778137298515286,-8.251011041384766,-0.1485098489443022
0.21666666666666667,-0.5271759992199252,7.007278023363678,0.9051493442207321,-9.215657163726078,-0.1485972563858448
0.225,-0.4661794055602726,7.658067968301048,0.8236679135280932,-10.380126944469273,-0.14871463611972735
0.23333333333333334,-0.3990085192821106,8.502110844038986,0.7313141424535724,-11.846848065167514,-0.14887815007224908
0.24166666666666667,-0.323658181582021,9.64363278314425,0.6249040954067232,-13.79177438262857,-0.14911817904094982
0.25,-0.23696634518708318,11.261937888818865,0.4992897199001364,-16.520877324462678,-0.14949792335685624
0.2583333333333333,-0.13394316332090025,13.596011481972473,0.3461759759165726,-20.45064187743657,-0.1501604576524691
0.26666666666666666,-0.009215719729162047,16.219978064281843,0.15644587752704292,-24.889474543211993,-0.15137523437683376
0.275,0.12829390404864827,16.067050113299075,-0.05502570640378002,-24.65672956062967,-0.15301655416652393
0.2833333333333333,0.25121512350799136,13.3550066650844,-0.24215200715044458,-20.126765313919268,-0.15418351631330818
0.2916666666666667,0.3522831767572523,11.035253441333392,-0.39292574932283075,-16.287210637712988,-0.1548154545858521
0.3,0.43712092051232226,9.422550914834407,-0.5169602815962644,-13.643373579574812,-0.15517920010894676
0.30833333333333335,0.510598312591626,8.271506054317188,-0.6224375240139851,-11.769749550820965,-0.15541035408652104
0.31666666666666665,0.5757677735515349,7.406734488468418,-0.7144229659923377,-10.368407574679917,-0.15556868597329
0.325,0.6345532962502257,6.726675825103569,-0.7960772626445144,-9.269193540827205,-0.15568301555280445
0.3333333333333333,0.6882236606241318,6.171403925625585,-0.8694708007450181,-8.373271089318283,-0.15576871569558787
0.3416666666666667,0.7376521059366047,5.703690438595417,-0.9360276177091914,-7.620552550921188,-0.15583470699939783
0.35,0.7834599202945178,5.299131804748106,-0.9967706977560635,-6.972903934889681,-0.15588652808240056
0.35833333333333334,0.8260992435112617,4.940902930578348,-1.052464284473181,-6.4052984615352555,-0.15592781087314933
0.36666666666666664,0.8659029587828113,4.616847287123031,-1.1037008666163841,-5.900938965356316,-0.1559610461250338
0.375,0.9031159681913895,4.31779325057149,-1.1509569636110624,-5.44843036946744,-0.1559880068067721
0.3833333333333333,0.9379155225792617,4.036547262316312,-1.1946303915180718,-5.040052456797653,-0.15600999506128826
0.39166666666666666,0.9704249424371785,3.767280962329921,-1.2350659181965562,-4.670642199268203,-0.15602799287647837
0.4,1.0007233154684816,3.5051598400655757,-1.2725731772577047,-4.336821580792769,-0.1560427576760219
0.4083333333333333,1.0288527896674202,3.246126475120393,-1.3074390536063412,-4.036425278546068,-0.156054885157392
0.4166666666666667,1.0548245109445449,2.9867848280192297,-1.3399358402433896,-3.7680487004067658,-0.15606485199753473
0.425,1.0786238870613576,2.72434908717379,-1.3703259810761044,-3.530676289599395,-0.1560730457874175
0.43333333333333335,1.1002155964415994,2.4566295085368823,-1.398863989741464,-3.323374268776973,-0.15607978656547686
0.44166666666666665,1.119548554736413,2.1820331348257,-1.4257960674954548,-3.1450461263391265,-0.15608534255108725
0.45,1.1365608870025385,1.899561911351166,-1.4513579599854263,-2.994255372893735,-0.1560899416229282
0.4583333333333333,1.1511848284213964,1.6087958257920167,-1.4757716335385247,-2.8691198948828776,-0.15609377947968275
0.4666666666666667,1.1633513972556075,1.30985452054418,-1.4992413698920957,-2.7672773684951566,-0.15609702510837703
0.475,1.1729946542845744,1.0033368162099476,-1.5219498444374469,-2.685913959687366,-0.1560998240635716
0.48333333333333334,1.1800553809677017,0.6902428241521575,-1.5440546576846608,-2.6218414119206686,-0.15610230004277004
0.49166666666666664,1.1844840640076673,0.3718869462006963,-1.5656856429356416,-2.571602708099209,-0.1561045552597095
0.5,1.186243150949944,0.049811568654679166,-1.5869430992387055,-2.5315849935193593,-0.15610667011931106
0.5083333333333333,1.1853086233156862,-0.2742886250393018,-1.607896925700309,-2.498119561636827,-0.15610870329590318
0.5166666666666666,1.1816710208026324,-0.5986222131528892,-1.628586466536811,-2.4675510975979997,-0.15611070255644757
0.525,1.1753360650262967,-0.92134239531189,-1.6490208225591154,-2.4362811832999873,-0.15611272032653692
0.5333333333333333,1.1663250215141994,-1.2405668141389077,-1.6691793834111872,-2.400775611531617,-0.15611481530819238
0.5416666666666666,1.1546749851929135,-1.554377494516695,-1.6890122739087516,-2.357538601287941,-0.1561170510676017
0.55,1.1404392242551389,-1.8608079833098163,-1.708440488634153,-2.303065705066975,-0.15611949389491772
0.5583333333333333,1.1236876594159588,-2.1578250784793207,-1.7273555900716664,-2.233788576691835,-0.15612221011128866
0.5666666666666667,1.1045074878940582,-2.443313915776083,-1.745618965942509,-2.1460271459864964,-0.15612526303916957
0.575,1.0830038843516483,-2.71507607055447,-1.7630607773140639,-2.0359661087623646,-0.15612870990859204
0.5833333333333334,1.0593006285703503,-2.9708507101430115,-1.7794788720133279,-1.8996729321877073,-0.1561325990333164
0.5916666666666667,1.033540426874745,-3.2083684679526248,-1.794638077449208,-1.733173361451772,-0.15613696762881962
0.6,1.0058846193319408,-3.4254461002395704,-1.8082704071602982,-1.5325967941798029,-0.15614184061465233
0.6083333333333333,0.9765119108975286,-3.620126391804679,-1.820076791141347,-1.2943966131046114,-0.1561472305950277
0.6166666666666667,0.945615751763835,-3.790861435915519,-1.8297309355962963,-1.0156384563469045,-0.15615313890816532
0.625,0.913400044977983,-3.9367279949778635,-1.8368857907822567,-0.694332186885882,-0.15615955719575525
0.6333333333333333,0.8800730013644402,-4.0576519315732495,-1.8411828191458979,-0.32976280245631695,-0.15616646847831786
0.6416666666666666,0.8458392027944489,-4.154607253135586,-1.842263800587021,0.07724336275090726,-0.15617384644321622
0.65,0.8108902461947383,-4.229752192732216,-1.8397843539887466,0.5241814623828026,-0.15618165778237897
0.6583333333333333,0.7753946465865508,-4.286461623195867,-1.8334278494545744,1.0069294323672429,-0.15618990220650072
0.6666666666666666,0.7394880578783551,-4.329218945165662,-1.8229176827439222,1.5200767682513903,-0.15619865854080422
0.675,0.7032648957926297,-4.3633922611005085,-1.8080259049890655,2.0574611030971877,-0.1562081096651778
0.6833333333333333,0.6667722018744666,-4.394928345926279,-1.788576703184553,2.6128540018074364,-0.1562185588530661
0.6916666666666667,0.6300061953563476,-4.430025127617055,-1.7644438836564453,3.1806960816885175,-0.15623043776115017
0.7,0.5929114010053252,-4.474852175638835,-1.7355423934701062,3.7567772058586844,-0.15624430841806652
0.7083333333333334,0.5553816943118227,-4.535378283723137,-1.7018146683429582,4.3387901411762115,-0.1562608644836973
0.7166666666666667,0.5172621984119498,-4.617343805411417,-1.6632129742091055,4.926740593140346,-0.15628093906668677
0.725,0.4783507449307252,-4.726394485555081,-1.6196788045434014,5.52325530744588,-0.1563055276384593
0.7333333333333333,0.4383975224438848,-4.8683838704568805,-1.571119828614599,6.133880919313273,-0.15633583604209123
0.7416666666666667,0.3971014551261478,-5.0498602104686485,-1.5173839297893843,6.767509893172631,-0.15637336696035603
0.75,0.35410160384828404,-5.278786555691103,-1.4582285372122643,7.4371210675148545,-0.15642006610036452
0.7583333333333333,0.30896122871931675,-5.565609066031046,-1.3932815605599396,8.161111765842776,-0.1564785664031908
0.7666666666666666,0.26114073130057525,-5.924912445949984,-1.3219872577004201,8.965682240184288,-0.15655260466902576
0.775,0.20995282019126085,-6.3781404030292945,-1.2435251066688793,9.889122058696117,-0.156647763790972
0.7833333333333333,0.15448748780615126,-6.9583420220489955,-1.1566796546394904,10.98967590482434,-0.15677287653193894
0.7916666666666666,0.09348274903285687,-7.718888151076814,-1.0596189566441585,12.360403588601583,-0.15694288403718837
0.8,0.02509417894705398,-8.749811373232115,-0.9494985446912556,14.157596916524012,-0.15718518167445017
0.8083333333333333,-0.0535175261568664,-10.204976094906097,-0.8217446791908342,16.64939008548902,-0.1575550082175038
0.8166666666666667,-0.14678437272775882,-12.30116360469552,-0.6689831087398846,20.2222424664954,-0.15817368582562197
0.825,-0.25999633292795177,-14.833060762919175,-0.48211856770094613,24.576144458845484,-0.15928023641635503
0.8333333333333334,-0.38811321644639024,-15.258310809283584,-0.2690612898373573,25.465585854015778,-0.1608827442685985
0.8416666666666667,-0.5054965497839778,-12.720654160699908,-0.07224129227302331,21.465939019555094,-0.16215712514119995
0.85,-0.600608704907217,-10.225268405321561,0.08981813313371416,17.64287634121162,-0.1628766891986837
0.8583333333333333,-0.6778606114415495,-8.413656852721807,0.225261578327705,15.03816897944577,-0.1632976784648707
0.8666666666666667,-0.7421368829963961,-7.073112483377574,0.34277368264866115,13.27375685816298,-0.1635716283997678
0.875,-0.7965368486418278,-6.019877309895687,0.44794112917198775,12.03588904578606,-0.1637663400152879
0.8833333333333333,-0.8429587156298772,-5.144662366948432,0.5443207376346337,11.142080933899125,-0.1639143788502962
0.8916666666666666,-0.8825935533733905,-4.382669680847183,0.6343010374232202,10.486682742014366,-0.16403307942496187
0.9,-0.9162047290118052,-3.69367271073907,0.7195815181838032,10.00581331778713,-0.16413255128556758
0.9083333333333333,-0.9442839886219648,-3.0514692915166557,0.801435422242,9.65887490574461,-0.16421916595895625
0.9166666666666666,-0.9671428017409668,-2.4383341152470805,0.8808586748161333,9.418720421078188,-0.16429721633885305
0.9249999999999999,-0.984969285910612,-1.842026445733627,0.9586569917811273,9.266160712738198,-0.16436976708140788
0.9333333333333333,-0.9978663792184367,-1.254144165019351,1.0354975283528065,9.186709954361467,-0.164439114845281
0.9416666666666667,-1.0058796756876527,-0.6692178245756465,1.1119389303853235,9.168539184727123,-0.1645070445336929
0.95,-1.0090196170043948,-0.08422262345914663,1.1884474695709863,9.201123974762814,-0.16457497008974478
0.9583333333333334,-1.0072806802755752,0.5016784499057906,1.2654038584027787,9.274330939636677,-0.1646440087847355
0.9666666666666667,-1.0006589635388345,1.087280795347747,1.3431038260934003,9.377822795797,-0.16471507326201829
0.975,-0.9891686088712204,1.6694878500152492,1.4217549703904446,9.500759979711681,-0.16478895782220415
0.9833333333333333,-0.9728567149410619,2.243532663711153,1.501472336097391,9.631792244678394,-0.164866322249013
0.9916666666666667,-0.9518158999426796,2.8033292073427067,1.5822751444648482,9.759344098373244,-0.16494764662558203
1.0,-0.9261932725399378,3.341984370569742,1.6640870851097218,9.872177580914855,-0.16503318043056553
1.0083333333333333,-0.8961945120116679,3.852452170439137,1.7467422294499417,9.96016155035139,-0.16512290055373563
1.0166666666666666,-0.862082138826837,4.32825736079308,1.829997769870519,10.015113292454432,-0.16521649388111195
1.025,-0.8241678633541796,4.7641711834048275,1.9135534516846617,10.031531060537915,-0.1653133760993354
1.0333333333333332,-0.7827999602923846,5.156708927271951,1.9970760081794499,10.00703499026806,-0.1654127491763883
1.0416666666666667,-0.7383476039023364,5.504350122549896,2.0802255960938876,9.94239385754569,-0.16551368844435788
1.05,-0.6911846589764569,5.807450633212534,2.1626806332766377,9.841122309946593,-0.16561524116933007
1.0583333333333333,-0.6416753446017976,6.067895049490521,2.2441577981419867,9.708746817822105,-0.16571651597260778
1.0666666666666667,-0.5901635198238704,6.28859547713527,2.324425119443063,9.551913147746486,-0.16581674716781686
1.075,-0.5369663557177723,6.472959633446655,2.403307616950875,9.377519413509772,-0.16591532712076648
1.0833333333333333,-0.4823722040310578,6.624429089876376,2.4806863326442343,9.192014430060137,-0.16601180881339467
1.0916666666666666,-0.4266418050657146,6.746145328874675,2.5564924685753727,9.0009304415091,-0.1661058867047249
1.1,-0.3700116846724088,6.840757530117725,2.6306986359206563,8.808653101250796,-0.16619736585504447
1.1083333333333334,-0.31269861510525016,6.910354859823745,2.7033090434440057,8.61838792767464,-0.16628612808469928
1.1166666666666667,-0.2549042315552589,6.956490928043968,2.7743500220848754,8.432264338240138,-0.16637210128367258
1.125,-0.196819182246237,6.9802657848709035,2.843861785428003,8.25151930555925,-0.1664552352036039
1.1333333333333333,-0.13862646067468656,6.982435905308192,2.911891884539227,8.076713668813811,-0.1665354848567834
1.1416666666666666,-0.0805037831255785,6.963530368502562,2.9784904816726048,7.907947942666125,-0.16661280119789507
1.15,-0.02262502404741442,6.923958973660206,3.043707344752376,7.745056939497446,-0.16668712796983937
1.1583333333333332,0.03483918573027628,6.864104085496279,3.1075903341526447,7.587772076347385,-0.16675840325791344
1.1666666666666667,0.09172154375620704,6.784392335831272,3.1701850898988506,7.43584682481125,-0.16682656424114098
1.175,0.14785867008645576,6.685345180987065,3.2315356085299016,7.289144979464613,-0.16689155373300263
1.1833333333333333,0.20309203695808012,6.567609116139226,3.2916854077496733,7.1476939814532106,-0.16695332729185008
1.1916666666666667,0.25726907175763897,6.431967427551859,3.3506790024323605,7.0117070257292085,-0.16701185991406936
1.2,0.31024428952068556,6.2793359767058785,3.4085634504112092,6.881578503948919,-0.16706715157637886
1.2083333333333333,0.3618803334435167,6.110745820441354,3.4653897663012185,6.7578577302658305,-0.16711923114942634
1.2166666666666666,0.4120488258118908,5.927315576010988,3.521214043420781,6.641205995848687,-0.16716815844699928
1.225,0.460630955906401,5.730216398985634,3.5760981655464197,6.532341874940968,-0.1672140243879241
1.2333333333333334,0.5075177548056435,5.5206322994484145,3.630110030155581,6.431979418396313,-0.16725694941860492
1.2416666666666667,0.5526100289102176,5.299718321800055,3.6833232418828974,6.340763485579802,-0.16729708046530298
1.25,0.5958179441790968,5.068558906992926,3.735816268655805,6.25920606756272,-0.1673345867547912
1.2583333333333333,0.6370602716932939,4.828128601848938,3.7876710837018064,6.187627147576231,-0.16736965486509792
1.2666666666666666,0.6762633229274796,4.579257237644924,3.8389713455523986,6.1261035385841325,-0.16740248335479402
1.275,0.7133596211531635,4.3226018143780465,3.889800197380325,6.074429322375801,-0.16743327728321694
1.2833333333333332,0.748286375088078,4.058627604856547,3.9402377990993607,6.032092018551552,-0.16746224289042555
1.2916666666666667,0.7809838434048246,3.787601370270569,3.9903587430287932,5.998269347046826,-0.16748958266777356
1.3,0.8113937042249704,3.5095998860177047,4.040229547530336,5.971852145442623,-0.16751549102704066
1.3083333333333333,0.8394575705036111,3.2245369120010676,4.089906470639299,5.951499163943495,-0.16754015077062315
1.3166666666666667,0.8651158154789904,2.9322108880226776,4.139433930017142,5.935728373132672,-0.16756373057002652
1.325,0.8883068836748241,2.632373552868506,4.18884384282926,5.923046298565211,-0.1675863836576998
1.3333333333333333,0.9089672507673352,2.324816117440884,4.238156189942966,5.912111220692651,-0.16760824790302647
1.3416666666666666,0.9270321480456927,2.0094647842292863,4.287381042141229,5.901918087747039,-0.1676294473530727
1.35,0.9424370770276506,1.6864722504241476,4.336522147740192,5.8919841572674105,-0.16765009516434906
1.3583333333333334,0.9551200110587295,1.3562880609514771,4.385581974919469,5.882507501492603,-0.16767029765440394
1.3666666666666667,0.9650240333341652,1.0196902845144018,4.434567858743412,5.874469004544936,-0.16769015901846765
1.375,0.9721000294029379,0.6777653412003463,4.483498678916037,5.869654899763436,-0.16770978616297594
1.3833333333333333,0.9763089768019216,0.33183167834704097,4.532411358065542,5.8705912413869035,-0.16772929316455099
1.3916666666666666,0.9776233846304133,-0.016685858103875885,4.58136647615097,5.880400637662619,-0.16774880507800805
1.4,0.9760275391526547,-0.36641293293527893,4.630452463369006,5.902610998482805,-0.16776846300720794
1.4083333333333332,0.9715163938322241,-0.7161918876401162,4.679788141009579,5.940955278992688,-0.16778844505125912
1.4166666666666667,0.9640930732373802,-1.0652444952417222,4.729523651742318,5.99919253953371,-0.16780898565367947
1.425,0.9537651287100241,-1.4133062421600138,4.7798401600209335,6.0809974195396235,-0.1678303806136549
1.4333333333333333,0.9405398072110709,-1.7607295376182972,4.830948985671174,6.189936376866288,-0.16785299273442422
1.4416666666666667,0.9244185693230365,-2.108562418496937,4.8830909316894875,6.329538867203551,-0.16787726129974623
1.45,0.9053910062520106,-2.458617120656308,4.936536610201285,6.503465887877075,-0.16790371768556145
1.4583333333333333,0.883428155074697,-2.813550058618165,4.991588585580693,6.7157784309360595,-0.1679330101119358
1.4666666666666666,0.858475004564646,-3.176981424588594,5.048586205466165,6.971317289356626,-0.16796594188081654
1.475,0.8304417148011116,-3.5536914496953926,5.107914158404629,7.276225074013033,-0.1680035299604043
1.4833333333333334,0.7991927076010326,-3.9499457429265052,5.17001618325891,7.638675331649664,-0.16804709543091584
1.4916666666666667,0.7645322392922113,-4.374031405247316,5.235416117463049,8.069932126605055,-0.16809840602803927
1.5,0.7261841756806574,-4.837142539434164,5.304749891706181,8.585968221205631,-0.16815990796001612
1.5083333333333333,0.6837621186763218,-5.354866309359741,5.3788147163979865,9.210068692997398,-0.16823511869692304
1.5166666666666666,0.6367231029630439,-5.949749093527903,5.458646722865948,9.977244432136475,-0.1683293270730215
1.525,0.5842923430668199,-6.655899078474461,5.545648223282361,10.94211029756606,-0.16845092020871577
1.5333333333333332,0.5253348717252148,-7.5275828309325545,5.641805976861066,12.193642216327863,-0.16861409149882833
1.5416666666666667,0.4581263834524616,-8.655659145890988,5.75008319760963,13.883622506210044,-0.16884487040309654
1.55,0.3799364948996174,-10.196539748175312,5.875138997108423,16.27768120434732,-0.169195861917947
1.5583333333333333,0.2863753180043971,-12.38573330679536,6.024480122182914,19.784529748661637,-0.1697839886977267
1.5666666666666667,0.1717280274022071,-15.13441474810818,6.208023696658458,24.2859569146282,-0.1708535413615786
1.575,0.0392583180958883,-16.000501090241507,6.420807305272074,25.682176991802706,-0.17248205081381873
1.5833333333333333,-0.08514306468061902,-13.607430990368067,6.619689087659421,21.642407156105094,-0.17383069615389712
1.5916666666666666,-0.1877242082257641,-11.134911940774098,6.782004743309064,17.526801842930443,-0.1745843564049453
1.6,-0.2727994230692319,-9.389722858783275,6.915349103413716,14.656091620438188,-0.17501231632349218
1.6083333333333334,-0.3456369259870811,-8.15772471599956,7.028650475175736,12.646742692345217,-0.17528091354726966
1.6166666666666667,-0.40964039024776816,-7.244856284378875,7.12757834845259,11.16422941106052,-0.17546368752512342
1.625,-0.46694911378462567,-6.53675900127135,7.215636599354689,10.013963972760775,-0.17559538881681902
1.6333333333333333,-0.5189673230490889,-5.966629721925182,7.295084184131143,9.083429716915663,-0.17569419521560903
1.6416666666666666,-0.5666614627903224,-5.493633103584869,7.367446313107567,8.304610471702421,-0.17577048733300327
1.65,-0.6107239272940093,-5.091489318127627,7.433794773123488,7.63441305369237,-0.17583062842550673
1.6583333333333332,-0.6516666246206141,-4.742435580386513,7.494908549251795,7.044437861481589,-0.17587874952683386
1.6666666666666667,-0.6898767665399149,-4.433896399042381,7.551370851862042,6.515418130820113,-0.17591766255507849
1.675,-0.7256513803538938,-4.156559333921073,7.603630871703724,6.034059573267132,-0.17594935947754514
1.6833333333333333,-0.7592192766504068,-3.903214928768938,7.652045086918344,5.591164391971867,-0.17597530055879795
1.6916666666666667,-0.7907553351303497,-3.6680348730007157,7.696906182405081,5.180466083027725,-0.17599658844296273
1.7,-0.8203899719036776,-3.446116878579244,7.7384640861747025,4.7978647633728615,-0.1760140771959749
1.7083333333333333,-0.8482155837063716,-3.2332028356422193,7.776941660216906,4.440886893543938,-0.1760284426779304
1.7166666666666666,-0.8742911712090313,-3.025516838868889,7.812546448524923,4.108266347293993,-0.17604022913689443
1.7249999999999999,-0.8986459916200579,-2.819689590196921,7.845479222613374,3.7995876370193233,-0.17604988084315182
1.7333333333333334,-0.9212828541067466,-2.612744534362222,7.875939701447016,3.514961573769998,-0.1760577641991948
1.7416666666666667,-0.942181481532386,-2.4021241327009073,7.904129668555173,3.254724969755919,-0.17606418375760496
1.75,-0.961302186122768,-2.18573553912103,7.930253705688583,3.0191708854442014,-0.17606939430873592
1.7583333333333333,-0.9785899382386574,-1.961996226593579,7.9545178554039975,2.80832406301571,-0.17607361034320307
1.7666666666666666,-0.9939787573176938,-1.7298633859221597,7.977126655874169,2.6217771390315603,-0.17607701360899153
1.775,-1.0073962410257373,-1.4888364912350134,7.998279102142008,2.4585977394848806,-0.17607975911168658
1.7833333333333332,-1.018767988962328,-1.2389294294152,8.01816413394258,2.317306944402078,-0.1760819797144592
1.7916666666666667,-1.0280216765311831,-0.9806154567197475,8.03695621014948,2.1959191660029314,-0.1760837894424025
1.8,-1.035090584952992,-0.7147534224238382,8.054811410590167,2.092025358236344,-0.17608528563155904
1.8083333333333333,-1.039916476320715,-0.44250625107342395,8.071864335939042,2.0028976206526905,-0.17608655013082877
1.8166666666666667,-1.0424517952891006,-0.16526252283433052,8.088225893757588,1.9255940173947128,-0.17608764982134611
1.825,-1.0426612612081914,0.11543017415994757,8.103981898426492,1.8570467149233494,-0.17608863676327596
1.8333333333333333,-1.0405229801145133,0.39791263863254184,8.119192288149057,1.794119913309671,-0.17608955130430642
1.8416666666666666,-1.0360292412283476,0.6804443757127152,8.133890693994212,1.733639024690701,-0.17609043388423593
1.8499999999999999,-1.0291871116198281,0.9612204344788075,8.148084160072285,1.6723961502163283,-0.176091329942816
1.8583333333333334,-1.0200189609171535,1.2383724606675348,8.161752795279035,1.6071299635771716,-0.17609228957913614
1.8666666666666667,-1.0085630151057259,1.5099618393917447,8.174849195864326,1.5344928376242637,-0.17609336641240522
1.875,-0.9948739764999682,1.7739718683231418,8.187297582624614,1.45101733178706,-0.17609461586071776
1.8833333333333333,-0.9790236871521041,2.02830645254526,8.198992701465695,1.353095171817465,-0.17609609299098206
1.8916666666666666,-0.9611017485862116,2.270803224867858,8.209798648418225,1.2369824327184773,-0.1760978501317693
1.9,-0.9412159445009741,2.49926900159313,8.219547894028928,1.098844360947021,-0.1760999344756341
1.9083333333333332,-0.919492249405676,2.71154479537137,8.228040888343793,0.9348516170410672,-0.17610238590921976
1.9166666666666667,-0.8960741527620807,2.905605729564717,8.235046711546973,0.7413358227250201,-0.1761052352708653
1.925,-0.8711209975333939,3.0796975206133927,8.240305273816443,0.5150051475957749,-0.17610850311922355
1.9333333333333333,-0.84480504137765,3.232505215210501,8.243531530577732,0.2532095458424609,-0.17611219889269006
1.9416666666666667,-0.8173070177271142,3.363341604702872,8.244422033118191,-0.045769557260676046,-0.17611632007999817
1.95,-0.7888101129730803,3.4723354427333115,8.242663868186957,-0.38244161472155513,-0.17612085303216352
1.9583333333333333,-0.7594924717308966,3.56058870893694,8.23794569238489,-0.7558966889626432,-0.17612579058655575
1.9666666666666666,-0.7295186869415687,3.6302583449745334,8.229969921694597,-1.1637460262918042,-0.17613115732390383
1.9749999999999999,-0.6990309818597084,3.6845455453420324,8.218464715545688,-1.6022348749164372,-0.1761370294633403
1.9833333333333334,-0.6681409245351411,3.727577919390892,8.203194212427144,-2.066550112188064,-0.17614355281903218
1.9916666666666667,-0.6369225442906006,3.7641948791893824,8.183965448321137,-2.5513012448179757,-0.17615095656994184
2.0,-0.6054075226544243,3.7996721340992137,8.160630752852779,-3.051111564258414,-0.17615956118584233
2.0083333333333333,-0.5735827535543108,3.8394380992943704,8.133085057947854,-3.561232975946104,-0.17616978078361642
2.0166666666666666,-0.5413901041251984,3.8888381253334634,8.101258280497804,-4.078101276968622,-0.17618212235559363
2.025,-0.5087277781121736,3.952991747497028,8.065103528872303,-4.599777496876049,-0.17619718608129162
2.033333333333333,-0.4754523816032579,4.036769730628782,8.024582159584982,-5.126264634064202,-0.17621567198992782
2.0416666666666665,-0.4413806434644694,4.144900417823221,7.97964660898357,-5.65973400609208,-0.17623839879921036
2.05,-0.4062897068520882,4.2822064686733174,7.930221478555271,-6.204732507209258,-0.17626634152675016
2.058333333333333,-0.3699148884086916,4.453978140693468,7.8761826327298685,-6.768471461923095,-0.17630069653411914
2.0666666666666664,-0.33194367382324086,4.6665106398215705,7.817333104623084,-7.361329260355308,-0.17634298756646244
2.075,-0.29200432987760905,4.927875466401036,7.753373307245943,-7.997752846232099,-0.17639523667852025
2.0833333333333335,-0.24964664432002573,5.249071733076873,7.683861112743336,-8.697850288825629,-0.1764602449381057
2.091666666666667,-0.20431056532275016,5.645843831067055,7.608154111358019,-9.49018933917212,-0.17654207150754808
2.1,-0.15527511549421869,6.1417255381042155,7.525320373024628,-10.416780844787775,-0.17664689559154512
2.1083333333333334,-0.10157325460411923,6.77342312725767,7.433992328217295,-11.542194884328202,-0.17678467098811523
2.1166666666666667,-0.041845059166125353,7.600726757892575,7.3321149204103735,-12.970699241036309,-0.17697255466756523
2.125,0.02592292400439892,8.724578639415242,7.2164948867562835,-14.878122407065518,-0.1772426484647236
2.1333333333333333,0.10484577478150725,10.31186735233144,7.082012985143062,-17.55775410062335,-0.1776608597155266
2.1416666666666666,0.19961162513644223,12.539720097229594,6.920738413464382,-21.33708867489417,-0.1783704559703868
2.15,0.3141534714766908,14.759687871422479,6.7256577551101655,-25.178195989838777,-0.17960150576350342
2.158333333333333,0.43727224393746805,14.165735281842377,6.51483962635462,-24.387808543748825,-0.18113192020749036
2.1666666666666665,0.5444836989704543,11.519130417767732,6.328541436492776,-20.268235729845607,-0.18219971265843293
2.175,0.6305646021015228,9.255549722533257,6.174537475189082,-16.90060644674826,-0.18280543098758123
2.183333333333333,0.7004498440246406,7.6003694922925025,6.043805980488998,-14.624733737227448,-0.18317460075474773
2.1916666666666664,0.7583358959365385,6.343472754657978,5.928802481162081,-13.070222159570642,-0.1834238173362529
2.2,0.8068473232672888,5.330910935281665,5.824705655743452,-11.974130279178617,-0.18360647416224568
2.2083333333333335,0.84760557109554,4.471133254973124,5.7283915450699485,-11.183195770073892,-0.18374916514176132
2.216666666666667,0.8816357712636486,3.70905196400308,5.637725968524467,-10.60687216230568,-0.18386649935994953
2.225,0.909597327227572,3.0100766239517,5.551171746595797,-10.189064702531807,-0.1839672179596054
2.2333333333333334,0.9319156061571257,2.3516240861975595,5.467570802752492,-9.893090861938433,-0.18405694046964202
2.2416666666666667,0.9488612413961415,1.7185996495410272,5.386019700344075,-9.69352181665738,-0.18413950176806457
2.25,0.960601272203554,1.1009370129828333,5.305796941798767,-9.57153503395756,-0.18421764570211005
2.2583333333333333,0.9672348176760738,0.4922352867208009,5.226320487052734,-9.51212096257923,-0.18429339961978214
2.2666666666666666,0.9688201415021601,-0.11100360750187777,5.147123845010164,-9.502325141750491,-0.18436827803117456
2.275,0.9653968704399145,-0.7098086842542123,5.067844011689815,-9.530115329403136,-0.18444340381541136
2.283333333333333,0.9570053697920564,-1.3030142839079644,4.988216992205306,-9.583674589180667,-0.18451965529798692
2.2916666666666665,0.9437040217990629,-1.887503614075152,4.908077723333622,-9.651042255499062,-0.18459773832796222
2.3,0.9255843636767299,-2.4584899101508078,4.827361716550002,-9.720055230950546,-0.18467816746130797
2.308333333333333,0.9027835074389189,-3.009895105701383,4.7461060126001655,-9.778567928134127,-0.1847612289032675
2.3166666666666664,0.8754929004816866,-3.5348499678388654,4.664447264087949,-9.81491248776524,-0.1848469409050844
2.325,0.843962460458247,-4.026297369812324,4.582615229767416,-9.818523441361974,-0.18493502580328786
2.3333333333333335,0.808499453353043,-4.477637124778253,4.500920776673259,-9.780608308454315,-0.18502490729385385
2.341666666666667,0.769462144384281,-4.883318481268599,4.4197386071900855,-9.694717959549767,-0.1851157417982294
2.35,0.7272490846227986,-5.239279379915651,4.339486145130995,-9.557077860622295,-0.1852064842654233
2.3583333333333334,0.6822856524964809,-5.543157251530114,4.260600991577364,-9.366591487075652,-0.18529597907011533
2.3666666666666667,0.6350098920457229,-5.794248245247845,4.183519774870721,-9.124508521756196,-0.18538305963091803
2.375,0.5858596310034269,-5.993251423401738,4.108660920328059,-8.833834668367105,-0.1854666388961563
2.3833333333333333,0.5352623533231785,-6.141879394796449,4.0364129619328395,-8.498616411826365,-0.18554577719410156
2.3916666666666666,0.48362853270513273,-6.242433018778675,3.9671288252567494,-8.123245985773233,-0.1856197217304666
2.4,0.4313483556335915,-6.297425169703745,3.9011253976691935,-7.711902926818303,-0.18568791975753665
2.408333333333333,0.37879117352113384,-6.309308171853168,3.8386869373367776,-7.268197501544488,-0.18575001250390294
2.4166666666666665,0.32630671181740617,-6.280325561846035,3.780070551030088,-6.795029187985199,-0.1858058184934936
2.425,0.27422701206980443,-6.212481609379869,3.725512035246785,-6.2946343623912755,-0.1858553135755313
2.433333333333333,0.22286821426205516,-6.107605433947888,3.6752306929058474,-5.768775556127592,-0.18589861219077752
2.4416666666666664,0.17253151488344867,-5.96747945764728,3.6294321741906246,-5.219017126145302,-0.18593595137675833
2.45,0.12350289534098956,-5.794000983173232,3.5883088491184383,-4.647033320770843,-0.18596767660430047
2.4583333333333335,0.07605146828337427,-5.589347687832463,3.5520376501134163,-4.054899764587607,-0.18599422714607172
2.466666666666667,0.0304265203420521,-5.356120932355002,3.520775704403319,-3.4453259592598564,-0.18601611840371923
2.475,-0.013146468142850896,-5.097444653583302,3.494654397249767,-2.8217944503924257,-0.1860339193645944
2.4833333333333334,-0.05447038132779509,-4.81700290401109,3.473772750714969,-2.188583101548865,-0.18604822485271444
2.4916666666666667,-0.09338104750901846,-4.519006659858316,3.4581911407173447,-1.5506615812888727,-0.1860596240549251
2.5,-0.1297512456525706,-4.208090494611212,3.4479263753015816,-0.9134713595683541,-0.18606866840458014
2.5083333333333333,-0.16349359598134214,-3.889150983000772,3.4429489991094604,-0.2826176515300899,-0.18607584276725186
2.5166666666666666,-0.19456193572377736,-3.5671496253663153,3.4431833805949412,0.3364808200006906,-0.18608154443556313
2.525,-0.22295103871400493,-3.2469188734480663,3.4485106252957536,0.9389073318130682,-0.1860861143042543
2.533333333333333,-0.24869474689649754,-2.932970813530619,3.458774002023446,1.5205484602106774,-0.18608994056090133
2.5416666666666665,-0.27186260373600657,-2.6293423975468264,3.4737866992358453,2.078323329391235,-0.18609346456248033
2.55,-0.29255550081410725,-2.3395113513293895,3.493340889499416,2.6102751194997516,-0.18609715074923278
2.558333333333333,-0.310900877278794,-2.0663719866052324,3.5172171131033054,3.115559374449424,-0.1861014612381522
2.5666666666666664,-0.3270479406009571,-1.812262579154735,3.545193207543583,3.594351112596142,-0.18610683736287867
2.575,-0.34116328405337365,-1.5790306766750504,3.5770522244464007,4.047699815343744,-0.18611368868345518
2.5833333333333335,-0.35342715319554613,-1.3681210620685404,3.61258902570947,4.477362181320119,-0.18612238891175298
2.591666666666667,-0.3640304913161417,-1.1806727217648492,3.651615483915779,4.885638095700731,-0.18613327756764655
2.6,-0.3731727938492125,-1.0176146825411114,3.6939643960177477,5.275228312967933,-0.18614666598770302
2.6083333333333334,-0.3810607343878869,-0.8797546899844156,3.7394923433391387,5.649125257865058,-0.18616284644881986
2.6166666666666667,-0.38790749102128413,-0.7678585246636795,3.7880818008841453,6.010542634523208,-0.18618210351444925
2.625,-0.39393269692783356,-0.6827208829204664,3.8396428295902947,6.362885871862929,-0.18620472715614983
2.6333333333333333,-0.39936295739559047,-0.6252311668151624,3.8941146943038745,6.709763918997725,-0.18623102769076627
2.6416666666666666,-0.40443291158233197,-0.5964394594498518,3.951467755204283,7.055043381089473,-0.1862613530947902
2.65,-0.4093868687998378,-0.5976297804732,4.011705997120559,7.40294832779498,-0.18629610985416722
2.658333333333333,-0.41448111689148787,-0.6304099032514572,4.074870605482779,7.758213436043675,-0.18633578927506655
2.6666666666666665,-0.4199870899226364,-0.6968301981883148,4.141045088096965,8.126305019385265,-0.18638100228494717
2.675,-0.4261957057176756,-0.7995490464065278,4.2103626046093385,8.513735234750621,-0.18643252748758601
2.683333333333333,-0.43342336197348164,-0.9420707558510439,4.283016441669033,8.928511789200659,-0.18649138012843494
2.6916666666666664,-0.44202034918564537,-1.1290959295780485,4.359275030393751,9.38079317605251,-0.18655891466314325
2.7,-0.45238286097734537,-1.3670476946482997,4.4395036615753565,9.883865435579217,-0.1866369827453994
2.7083333333333335,-0.46497045897987044,-1.6648758591964063,4.524196312853027,10.455632943136319,-0.18672818561529292
2.716666666666667,-0.4803319336851661,-2.0353009182661093,4.614023081326727,11.120938633743275,-0.18683629337286448
2.725,-0.4991441591986049,-2.49673258632582,4.709902028576637,11.915197661557466,-0.18696697129439363
2.7333333333333334,-0.5222705807492282,-3.0760811145719553,4.81310878729049,12.889901894610897,-0.18712909258563062
2.7416666666666667,-0.5508458322057689,-3.81197548173032,4.925439440916047,14.119593181349535,-0.18733719280593064
2.75,-0.586375359168868,-4.753415764138024,5.049417743459263,15.702821725231646,-0.1876160280694339
2.7583333333333333,-0.6307261164045498,-5.926114633805524,5.188357906073301,17.711853883575,-0.1880075711289772
2.7666666666666666,-0.6853647066495633,-7.156425646560764,5.345226813453673,19.904970436979486,-0.1885696713016019
2.775,-0.7480859070481198,-7.6860574149664345,5.51731517454793,21.07240498548412,-0.18930803881701957
2.783333333333333,-0.8092763237893215,-6.780101945407522,5.6899329639259415,20.019670509877137,-0.19005008318503952
2.7916666666666665,-0.859017897489119,-5.1212885807689865,5.847999217938969,17.880499325925058,-0.1906181368881804
2.8,-0.8948069111980589,-3.5023054289596955,5.988579248864084,15.931853539728397,-0.19101611926241224
2.808333333333333,-0.9180287669449584,-2.1078723347512414,6.114796413777702,14.430358591719763,-0.19130375132901328
2.8166666666666664,-0.9304803211829425,-0.9083975037095341,6.2300827566379,13.287881234461164,-0.19152357969733058
2.825,-0.9335649827877078,0.14787753733333614,6.33693335662698,12.38844533100958,-0.19169974566275072
2.8333333333333335,-0.9283063945541782,1.0990142650152186,6.436981614104177,11.642767390347414,-0.19184565626401706
2.841666666666667,-0.915473282379618,1.968740016382484,6.5312265106562615,10.98658937698187,-0.19196917797542407
2.85,-0.895682141649174,2.7705372872856917,6.620208792349442,10.37304305517639,-0.19207528499971893
2.8583333333333334,-0.8694671363695703,3.511189854369195,6.704130773714159,9.76704854991174,-0.19216727203765493
2.8666666666666667,-0.8373244622899239,4.193398623400322,6.782939306485605,9.141964119965838,-0.19224744223917334
2.875,-0.799737855279183,4.817737956788456,6.856387590185377,8.477733334488738,-0.19231753595007217
2.8833333333333333,-0.7571897168335214,5.384179068975957,6.924085438760468,7.759874608904092,-0.1923790176079459
2.8916666666666666,-0.710160918240266,5.893295105340571,6.985542950211827,6.978843445278869,-0.19243327394539966
2.9,-0.6591217370322646,6.34718707148639,7.040209243017429,6.129441980806552,-0.19248174411250046
2.908333333333333,-0.6045162052471977,6.750140444146984,7.0875056918377215,5.210061769134441,-0.19252598803725285
2.9166666666666665,-0.546742053204992,7.109031039510515,7.126851706672909,4.221637881727534,-0.1925676969233885
2.925,-0.4861281456899496,7.43353374049249,7.15768040241503,3.1662648563729947,-0.19260865450720582
2.933333333333333,-0.4229106613469512,7.736237072183239,7.179441289737218,2.0454653584108384,-0.19265066452518348
2.9416666666666664,-0.357208179020816,8.032822288313488,7.191587043020641,0.8580927005888344,-0.19269546385923797
2.95,-0.28899426043501775,8.34252771435247,7.193540971079497,-0.4022294562305034,-0.19274463890517357
2.9583333333333335,-0.21806399563394485,8.689187043149515,7.184640545661009,-1.7503349534853772,-0.1927997932797636
2.966666666666667,-0.14398818699933186,9.103239014417136,7.164049627402484,-3.2139486876480223,-0.192863854875566
2.975,-0.06604505084452769,9.625171622184357,7.13062584965414,-4.840072182941377,-0.19294260135354036
2.9833333333333334,0.016882595464097032,10.31015681349833,7.082727760004865,-6.702695916180792,-0.19304677187900998
2.9916666666666667,0.10643985073295897,11.228600571618088,7.0179760153657025,-8.902774723477892,-0.19319629991308962
3.0,0.2048260602708615,12.429083682867503,6.933207865707847,-11.502967396313165,-0.19342762806047142
3.0083333333333333,0.31392330415848796,13.722081368460822,6.825987660993219,-14.154700686078415,-0.193794251086935
3.0166666666666666,0.4313488070868674,14.224210063076416,6.701399247722289,-15.318737444799611,-0.19429930194684486
3.025,0.5466489708062839,13.245819733550334,6.578500645631586,-13.810566231089851,-0.19478238845399698
3.033333333333333,0.6505698347782196,11.690529528829554,6.474137733471982,-11.216068266795551,-0.19511147367706255
3.0416666666666665,0.7420656092542062,10.319084928485704,6.39073889106522,-8.87954691246566,-0.19531247994761902
3.05,0.8233836348465301,9.242009343566762,6.32480567404625,-7.018001681758679,-0.19543858105450046
3.058333333333333,0.8967353079666014,8.39424973743472,6.272710710260436,-5.538916958891035,-0.1955224119523027
3.0666666666666664,0.9637294638481614,7.7061973908224966,6.231723294035496,-4.337104953062277,-0.1955813218150892
3.075,1.0254744171627133,7.127573915469619,6.199866119045278,-3.3375670940609656,-0.19562468595055557
3.0833333333333335,1.0827302298968284,6.624135732592484,6.175674330448253,-2.490808803939773,-0.19565780921887554
3.091666666666667,1.1360197825107794,6.172445599251402,6.158019498501418,-1.7643327103833237,-0.19568383263674155
3.1,1.1857022318894128,5.756157191377255,6.145995518425809,-1.1364547982954838,-0.1957046903470444
3.1083333333333334,1.232021537019869,5.363664327627442,6.138846346007402,-0.5923231478575222,-0.19572161577258435
3.1166666666666667,1.2751393754100435,4.986633949991346,6.135920367713765,-0.12139441604415681,-0.19573542420623358
3.125,1.3151582488342983,4.619072914817444,6.136641721845882,0.28418245171539236,-0.19574667873722035
3.1333333333333333,1.3521382530401358,4.256713235039637,6.140492526851173,0.6306112011766758,-0.1957558041196853
3.1416666666666666,1.3861095836436883,3.8965874917779177,6.147002238005745,0.9231424642703293,-0.19576315818882845
3.15,1.4170820285100056,3.5367210530878395,6.155741729273544,1.1665249306710728,-0.19576904793897026
3.158333333333333,1.445052222980328,3.1758973637466843,6.166320380232823,1.365287647321138,-0.19577373639573067
3.1666666666666665,1.470009160863889,2.813470963633264,6.178385016746425,1.5239095690917301,-0.195777449053987
3.175,1.4919382945163278,2.4492141194740364,6.1916199207763665,1.646911524610463,-0.19578037965619516
3.183333333333333,1.5108244678693599,2.0831891217867753,6.205747374254094,1.7388960533791686,-0.19578269510844543
3.1916666666666664,1.5266538754965633,1.7156416448734684,6.220528385253934,1.804554036502237,-0.19578453941107815
3.2,1.53941521012979,1.3469121921557028,6.235763381563368,1.8486522635884801,-0.19578603658132104
3.2083333333333335,1.549100139279083,0.9773632563363418,6.251292758600559,1.876012388084906,-0.19578729264458034
3.216666666666667,1.5557032323218947,0.6073198710275158,6.266997243165721,1.8914888265381076,-0.19578839684898586
3.225,1.55922143924766,0.2370210057882706,6.282798087777491,1.8999509382215511,-0.19578942230419671
3.2333333333333334,1.5596531996922038,-0.13342104490270765,6.29865714779573,1.9062732413435992,-0.19579042629126214
3.2416666666666667,1.5569972396858396,-0.5040551525785874,6.3145769202329065,1.915336391743355,-0.1957914565575179
3.25,1.551251090378478,-0.8751255066118757,6.330600643701106,1.9320413280648356,-0.1957925775615914
3.2583333333333333,1.5424092975371133,-1.2471112949791945,6.34681258161403,1.9613396661451266,-0.19579388297732575
3.2666666666666666,1.53046128000037,-1.6207722803001152,6.363338639438947,2.008284268207391,-0.19579549765019838
3.275,1.5153887582860983,-1.9972075512100926,6.380347507273026,2.078105975333879,-0.1957975808594721
3.283333333333333,1.4971626136312945,-2.377934846563155,6.398052581350338,2.1763256976100114,-0.19580033209637557
3.2916666666666665,1.4757389675484789,-2.76500021697392,6.416715013766663,2.3089159790297824,-0.19580400066643386
3.3,1.4510541748617933,-3.161131898308963,6.436648386494153,2.482533682527424,-0.1958089011357936
3.308333333333333,1.4230182820602368,-3.569958920739976,6.4582257309397955,2.7048570332349002,-0.19581543788463915
3.3166666666666664,1.3915062907603513,-3.996325648169428,6.4818899606884965,2.985078222088923,-0.19582414423149638
3.3249999999999997,1.3563462412030787,-4.446750245547919,6.508169318809655,3.334630381880694,-0.19583574558823277
3.3333333333333335,1.317302632270483,-4.930100200368657,6.537700257047813,3.768268221619244,-0.19585126358104316
3.341666666666667,1.274052953370924,-5.458590124752395,6.571261365584887,4.305671681986366,-0.19587219247700585
3.35,1.226154125114787,-6.049224461873941,6.609823523611258,4.973762783404006,-0.19590080768197188
3.3583333333333334,1.1729949069539614,-6.725697406124326,6.654622478979931,5.80972036203032,-0.1959407221581054
3.3666666666666667,1.11373248563816,-7.520026212093306,6.707255953137743,6.863385070261966,-0.19599790917628937
3.375,1.047228357775625,-8.46978196233715,6.769777622362997,8.191838473152323,-0.196082530454656
3.3833333333333333,0.9720774048662889,-9.593353885523145,6.844623766909247,9.815798041097963,-0.19621156762623
3.3916666666666666,0.887104961044303,-10.78982992411889,6.933723976223976,11.545830794566381,-0.19640853445168807
3.4,0.7931680513161252,-11.645681031327475,7.035355074417828,12.648512942996264,-0.1966830471582794
3.408333333333333,0.6954743622481243,-11.64617222783969,7.140110248516833,12.214113537977969,-0.19698540472176185
3.4166666666666665,0.6009771602040922,-10.970632424790404,7.235411205203369,10.536880597537605,-0.19723666212751945
3.425,0.5129615302921527,-10.162173613262942,7.314931955178244,8.550761486012084,-0.19741431762578587
3.433333333333333,0.43125452519630975,-9.473868787370032,7.378327709308038,6.698135891846713,-0.19753671505425313
3.4416666666666664,0.3546306644819602,-8.939843396275895,7.427136485730008,5.047589949634498,-0.19762461892802735
3.4499999999999997,0.28190626268520236,-8.532038393083718,7.4629137704702995,3.562386452163526,-0.19769197716328624
3.4583333333333335,0.2121773823602285,-8.21537403029786,7.4868373404947155,2.195578725212013,-0.19774722857827637
3.466666666666667,0.14481502739892618,-7.959493302465067,7.499733330650522,0.9107500428654974,-0.19779532632939878
3.475,0.0794201361195844,-7.739394264176687,7.502175534068003,-0.3165033517472645,-0.19783900841000296
3.4833333333333334,0.01578424244603607,-7.534104720475631,7.494577013901478,-1.5007642063728306,-0.19787964912279526
3.4916666666666667,-0.04613883285842323,-7.325483671852191,7.4772618056174975,-2.649209238688123,-0.19791842292632578
3.5,-0.10625315405253338,-7.097481717584823,7.450517279073247,-3.763791625174266,-0.19795682050228086
3.5083333333333333,-0.16433657342772587,-6.835834096565212,7.414629778097194,-4.843100061665426,-0.1979966298349604
3.5166666666666666,-0.22005534383163014,-6.5280321097842595,7.369905373732182,-5.884096521533772,-0.19803988405450096
3.525,-0.27297912443761796,-6.163420704788976,7.31667632807326,-6.883814007016766,-0.1980888030894702
3.533333333333333,-0.3225967974062095,-5.733270439637511,7.255293529020818,-7.8410236354053255,-0.19814574823886716
3.5416666666666665,-0.36833226645304284,-5.230677719859436,7.186105226444009,-8.757852204288623,-0.1982132167249887
3.55,-0.4095582405995576,-4.650160110788501,7.109422504393587,-9.64135333398174,-0.1982939076657585
3.558333333333333,-0.4456049578470815,-3.98682745033691,7.025471604401256,-10.505116111910441,-0.19839089533336618
3.5666666666666664,-0.47575982617244983,-3.235009570352868,6.934331956449532,-11.371140560912583,-0.19850795803120003
3.5749999999999997,-0.4992528594392512,-2.3861894010899816,6.835856017760128,-12.27242364034308,-0.19865014552803378
3.5833333333333335,-0.5152212796347166,-1.4260310517108692,6.72956223531172,-13.256961489184366,-0.1988247495159653
3.591666666666667,-0.522644960239014,-0.33036218953747976,6.614485901790385,-14.393950287284762,-0.1990430153136613
3.6,-0.5202464749810013,0.9388717475600631,6.488970396988408,-15.781358962709477,-0.19932328308025488
3.6083333333333334,-0.5063801527069246,2.4293416650722093,6.3504228890030365,-17.542410205574313,-0.19969724882451212
3.6166666666666667,-0.47911929532467123,4.14088828932008,6.1953536358479475,-19.737463317842586,-0.20021930389992354
3.625,-0.4375438422714224,5.758595673819324,6.0213515939437405,-21.924100028358346,-0.2009557941417729
3.6333333333333333,-0.3861814573630501,6.296118247934962,5.834390023143861,-22.533549170849348,-0.20186855263322967
3.6416666666666666,-0.336999375125363,5.323174397330437,5.652446617569251,-20.86209984753405,-0.20271186582767514
3.65,-0.2988319403502115,3.830617822864195,5.488468224644989,-18.50490330194528,-0.20333125842534971
3.658333333333333,-0.2727143300286598,2.478506849892162,5.3430325029135535,-16.477520815196442,-0.20376473864584005
3.6666666666666665,-0.25682992663537224,1.3726277195360088,5.212602444158503,-14.891797243585613,-0.20407905230751716
3.675,-0.24926159576186568,0.4740178058804199,5.093901098577216,-13.643158249229451,-0.20431774455346274
3.683333333333333,-0.24848739100604653,-0.2649050485423218,4.984572005904282,-12.627586476761037,-0.2045059123027591
3.6916666666666664,-0.25333092066034985,-0.8789683947051656,4.8830034434949425,-11.77044928780515,-0.20465827235500966
3.6999999999999997,-0.26285554953865403,-1.391502603692482,4.788099935402795,-11.021096626344157,-0.20478396499793772
3.7083333333333335,-0.276284175005324,-1.818032124625429,4.699115354591556,-10.345232434683425,-0.20488897820546478
3.716666666666667,-0.2929468690407124,-2.169145993192702,4.61554087103117,-9.719479414036272,-0.2049774067465182
3.725,-0.31224831227842104,-2.452415637200753,4.537029621416661,-9.127883857281297,-0.20505216665990506
3.7333333333333334,-0.33364817567023825,-2.6736296592199396,4.4633448372638105,-8.55967933611118,-0.20511541905795566
3.7416666666666667,-0.3566497768552979,-2.837576552499405,4.394323164195101,-8.007812147730359,-0.2051688310345626
3.75,-0.3807939312877523,-2.948528959470175,4.329848208707652,-7.467922791460098,-0.20521374066692216
3.7583333333333333,-0.4056559512332165,-3.0105279979310526,4.269831323631172,-6.93760512257384,-0.20525126277648195
3.7666666666666666,-0.4308444150620183,-3.0275326798525146,4.214197780983536,-6.415841828807004,-0.2052823565894572
3.775,-0.45600078122833426,-3.003479544195741,4.162877120963473,-5.902559868540477,-0.2053078682484714
3.783333333333333,-0.4807992420374691,-2.942285241144077,4.115796818726145,-5.398275050800797,-0.20532855663041966
3.7916666666666665,-0.5049464479265645,-2.847816334980587,4.072878603664338,-4.903808747109985,-0.20534510829030694
3.8,-0.5281809073862893,-2.723844161716574,4.034036875570116,-4.420066556739662,-0.20535814565146424
3.808333333333333,-0.5502719937886599,-2.573997341543416,3.9991787329814086,-3.9478716048594196,-0.2053682313523485
3.8166666666666664,-0.5710185767080574,-2.4017202023998494,3.9682051857204965,-3.487845962869316,-0.20537587073357944
3.8249999999999997,-0.5902473488842006,-2.21024184901095,3.9410131777351944,-3.040333647563541,-0.2053815137220098
3.8333333333333335,-0.607810947570689,-2.002557899016457,3.9174981016669617,-2.6053584812060513,-0.20538555681303386
3.841666666666667,-0.6235859772631975,-1.7814249680859011,3.8975565426317194,-2.1826101248754246,-0.20538834545050272
3.85,-0.6374710358375623,-1.549366736648069,3.8810890432055087,-1.7714519446603276,-0.20539017683703542
3.8583333333333334,-0.6493848332203367,-1.3086897514424733,3.868002731962846,-1.3709450073578522,-0.2053913030531515
3.8666666666666667,-0.6592644750397728,-1.0615068669905416,3.8582137020712923,-0.9798833349898693,-0.20539193429343092
3.875,-0.6670639662818166,-0.8097662786470345,3.851649063238442,-0.5968364632514792,-0.20539224201484718
3.8833333333333333,-0.672752973741951,-0.5552843196865481,3.848248619483232,-0.22019624621791126,-0.2053923618133272
3.8916666666666666,-0.6763158720608059,-0.2997805047416624,3.8479661471467685,0.1517742173176762,-0.2053923959334344
3.9,-0.677751087952336,-0.0449139715039681,3.8507702486563242,0.5208867014735582,-0.2053924221947202
3.908333333333333,-0.6770707490177276,0.20768027268281322,3.856644757595116,0.8889781962489608,-0.20539252148343162
3.9166666666666665,-0.6743006315107295,0.4563557214486638,3.865588779250713,1.2578695074308817,-0.2053927939388485
3.925,-0.6694803961970305,0.6994213196005421,3.8776163707256215,1.6293210889773602,-0.20539336744559333
3.933333333333333,-0.6626640906286204,0.9351102096912355,3.8927558627323235,2.004991523267488,-0.20539439981569269
3.9416666666666664,-0.6539209039032715,1.161550703589918,3.911048851185117,2.3864000463622945,-0.20539608030916837
3.9499999999999997,-0.6433361494903326,1.3767407089214398,3.9325488986649533,2.7748946679586615,-0.2053986315686393
3.9583333333333335,-0.6310124439005153,1.5785264440579985,3.9573200000052777,3.171627807644685,-0.20540231190395414
3.966666666666667,-0.6170710418363232,1.7645863113856508,3.9854348846704157,3.5775419607643095,-0.2054074178822436
3.975,-0.6016532813966882,1.9324207307345942,4.016973252226328,3.99336855799998,-0.2054142872218976
3.9833333333333334,-0.5849220871086361,2.079348486251539,4.052020066370402,4.419643855300228,-0.20542330206753112
3.9916666666666667,-0.5670634758793244,2.2025096244245534,4.090664067738837,4.856746355118861,-0.20543489285235805
4.0,-0.5482880140135866,2.2988740649736203,4.132996705933398,5.304960911334792,-0.20544954315388586
4.008333333333333,-0.5288321856314355,2.3652537531598816,4.179111736955067,5.764575359488148,-0.2054677962416816
4.016666666666667,-0.5089596583659682,2.3983142926662344,4.229105784361309,6.236016393933369,-0.20549026443150542
4.025,-0.4889624762049239,2.394579442257359,4.283080223761138,6.7200328062203125,-0.20551764294380426
4.033333333333333,-0.4691622778971431,2.350418486227864,4.3411448272225694,7.21793669191384,-0.20555073079123287
4.041666666666667,-0.4499117402477587,2.2620020425338208,4.403423709751033,7.731917818604677,-0.20559046242660284
4.05,-0.43159658959631675,2.125205875443683,4.470064277819306,8.265454633770938,-0.20563795573526278
4.058333333333334,-0.4146387280546051,1.9354338493070253,4.541250130636084,8.823859921545365,-0.20569458495857443
4.066666666666666,-0.3995013097138116,1.6873187962138483,4.617219275696508,9.415023816711063,-0.20576209225438363
4.075,-0.38669701737882545,1.374241640587708,4.698289698244533,10.050457393032202,-0.20584276071056928
4.083333333333333,-0.3768013908820272,0.9875831148554772,4.784895427988676,10.746802505023517,-0.20593968837739446
4.091666666666667,-0.3704738921562154,0.5155949276187523,4.8776379608255604,11.528055058582927,-0.20605723439626428
4.1,-0.36849033453187796,-0.05820634780363529,4.977360204312863,12.428789432881649,-0.20620176802558265
4.108333333333333,-0.3717902844668834,-0.7569341671145657,5.085251634587835,13.498331684928624,-0.2063829763036602
4.116666666666666,-0.38153667002313496,-1.610791129366382,5.202985872684985,14.80351913339349,-0.2066162955062284
4.125,-0.39914843691192764,-2.6474404631925794,5.332836860360315,16.416466966908285,-0.20692693330808942
4.133333333333333,-0.4261052467175086,-3.836706256391077,5.477456828478541,18.328485263854652,-0.20735361343184044
4.141666666666667,-0.46279657637266247,-4.9000541441795145,5.6381076599644615,20.13552002386062,-0.20793585269554
4.15,-0.5054281509478634,-5.128627350813396,5.80960223291055,20.71586274114848,-0.20864128395203102
4.158333333333333,-0.5448565798086022,-4.17435927761956,5.978199956344186,19.511208993674625,-0.20931115116849752
4.166666666666667,-0.5735427774880036,-2.684110344198458,6.1327907430811335,17.567423832242113,-0.2098287685525787
4.175,-0.5897077276310816,-1.2203850053210898,6.271427184368059,15.755811586214822,-0.21020382827788353
4.183333333333334,-0.5943752004277781,0.07014408554634169,6.396277755355513,14.258269780767538,-0.21047997889807263
4.191666666666666,-0.5890035535467477,1.1937741258657062,6.509778057940195,13.017022198661321,-0.21068974391047834
4.2,-0.5748575487050825,2.1808593552042552,6.613697856549491,11.945535248873032,-0.2108532447060174
4.208333333333333,-0.5529649681744121,3.0563969163805256,6.709144749385338,10.973496137781092,-0.21098310223287942
4.216666666666667,-0.5241799616325074,3.837291951346712,6.796721957660583,10.049654050252139,-0.21108758725970667
4.225,-0.4892418259210099,4.534662031573933,6.876671210458606,9.13778234483997,-0.21117247223462887
4.233333333333333,-0.44881220298504115,5.156415960685436,6.948981274955372,8.212847069074648,-0.2112421012672645
4.241666666666666,-0.4034929494415824,5.709280464768919,7.0134688415345545,7.258183086148331,-0.21130001139712717
4.25,-0.3538295774375746,6.200250351591883,7.06983901952333,6.26335517929569,-0.2113492892395596
4.258333333333333,-0.300304654684877,6.637567626241947,7.1177295226256225,5.222329464492312,-0.21139276206192598
4.266666666666667,-0.24332459521677072,7.031349065228311,7.156739991097456,4.131703327443637,-0.21143308134004646
4.275,-0.18320224035827345,7.393992003421531,7.186446288635568,2.9888526906191695,-0.21147273869149563
4.283333333333333,-0.12013647420895816,7.740506691243288,7.206398732731651,1.7899183705198518,-0.21151404509052396
4.291666666666667,-0.05418880422978363,8.088940491394672,7.216102667523659,0.5275723041548713,-0.2115590961199179
4.3,0.01474452997056345,8.461046985397612,7.214979345708786,-0.8114712165385004,-0.2116097448334115
4.308333333333334,0.08696714552550583,8.883197314737641,7.202305670333854,-2.2489596699753087,-0.2116681260293739
4.316666666666666,0.16302429002765073,9.387011689365835,7.17713563052298,-3.816694149848344,-0.21173836745157193
4.325,0.2437403631670286,10.006798970345217,7.138226891810481,-5.552095532056334,-0.2118281527128259
4.333333333333333,0.3301873591828344,10.762218320297649,7.084089023756778,-7.467764967442036,-0.211950512949325
4.341666666666667,0.42333583074811326,11.59069701376483,7.013584092925218,-9.434490909106515,-0.21212398696076062
4.35,0.5227699941021646,12.193715981650257,6.928137798856355,-10.918006962269352,-0.21236054359277
4.358333333333333,0.6244998096234526,12.072113359645888,6.835467773176842,-11.048319056372593,-0.21263041346158906
4.366666666666666,0.7218023154403197,11.192442309566093,6.747995187861705,-9.780296469771347,-0.21286474974516295
4.375,0.8103632414617058,10.058639779271319,6.673802312800472,-8.012215061272862,-0.21303065130699833
4.383333333333333,0.8897032029378668,9.008158158439674,6.614104743871389,-6.355345279036076,-0.21314031140783712
4.391666666666667,0.9609476868129654,8.116509375590914,6.567134087235372,-4.962231850062382,-0.21321359171590049
4.4,1.0253679427189089,7.3648167563269915,6.530712767060145,-3.8161813967539095,-0.2132643424068645
4.408333333333333,1.0839885691490352,6.719158232243595,6.502976747195796,-2.8699544603818548,-0.2133008166058906
4.416666666666667,1.1375672012601379,6.150537981877424,6.48244266563098,-2.081599161536553,-0.213327851747481
4.425,1.1866508230277524,5.637302517031945,6.467933592819859,-1.4194706878113976,-0.2133483526015775
4.433333333333334,1.2316323093600177,5.163836883575822,6.458498859504849,-0.8604893427149289,-0.21336412871622384
4.441666666666666,1.272793883000584,4.718955573230913,6.453353112765974,-0.3876804657956137,-0.2133763556841406
4.45,1.310338484233129,4.294638099099335,6.451834046636159,0.011788438230580456,-0.21338583322380042
4.458333333333333,1.3444121607901416,3.8851255919212404,6.453374013201269,0.3479911113879197,-0.21339313469204346
4.466666666666667,1.3751201171745806,3.4862860368295454,6.457481186853958,0.6291789166513178,-0.21339870557073365
4.475,1.4025382812670961,3.0951615364031295,6.463727202258188,0.8624161249927675,-0.2134029118287461
4.483333333333333,1.426721654237044,2.7096410712580106,6.471739118766474,1.0539957940007345,-0.2134060558241172
4.491666666666666,1.4477103083803418,2.328217776501956,6.4811942063018755,1.2097116662263636,-0.21340838768167636
4.5,1.4655336204435205,1.9498047963425078,6.491816576615041,1.335035645032176,-0.21341011446733377
4.508333333333333,1.4802131543655337,1.5735930426172535,6.503375017209383,1.4352334471280694,-0.21341140748164036
4.516666666666667,1.491764492761997,1.1989395723011844,6.515681612866619,1.5154411183321177,-0.2134124079567148
4.525,1.5001982369486615,0.82527849566722,6.528590899072789,1.5807184092636426,-0.21341323141820628
4.533333333333333,1.5055203362271241,0.45204814662489173,6.541999404901817,1.6360904962792504,-0.21341397095969797
4.541666666666667,1.5077318593697393,0.07862920098304264,6.555845525354838,1.6865865697560953,-0.2134146996637969
4.55,1.5068282794509467,-0.2957108451509724,6.570109725762871,1.7372818719582657,-0.2134154731301858
4.558333333333334,1.5027983126397926,-0.6718701696715914,6.584815127945586,1.7933482812640058,-0.2134163467878919
4.566666666666666,1.495622294294914,-1.0509729495777282,6.600028583297143,1.8601220930201041,-0.21341740306109983
4.575,1.4852700091501803,-1.4344399845913935,6.615862402891765,1.943194746676324,-0.21341875906641378
4.583333333333333,1.4716978703599783,-1.824076219079362,6.63247696869965,2.0485356370277423,-0.2134205724708332
4.591666666666667,1.4548452610360951,-2.222186087301658,6.650084548817,2.1826608932779403,-0.2134230508013773
4.6,1.4346297549327214,-2.6317296685383,6.6689547738138195,2.3528669684209307,-0.2134264661476315
4.608333333333333,1.4109408070692906,-3.056537087056928,6.689422417878834,2.567555279674721,-0.21343117837362519
4.616666666666666,1.3836313376934044,-3.5016039487279413,6.711898382482525,2.8366826135369028,-0.21343767201204528
4.625,1.352506424227279,-3.9734944221450794,6.736885095964448,3.172376945319689,-0.21344661564031986
4.633333333333333,1.3173081102365531,-4.480871251263012,6.76499783327522,3.589742553090251,-0.2134589589580128
4.641666666666667,1.2776953407730705,-5.035120741241821,6.796993360168039,4.107784328000648,-0.2134760939541218
4.65,1.2332189652666476,-5.650839094806397,6.83380553832476,4.750024022678116,-0.21350012444092448
4.658333333333333,1.183296001623229,-6.345260854977986,6.876579935316444,5.543184556804978,-0.2135343085406699
4.666666666666667,1.127202314576431,-7.1335804260884705,6.926673293037784,6.508629040070012,-0.21358371762012673
4.675,1.0641483949305317,-8.011523044316814,6.985504700740635,7.631594345403278,-0.21365587131943511
4.683333333333334,0.9936098296080944,-8.908855801630375,7.0539608243751255,8.780147943994333,-0.21375982031053187
4.691666666666666,0.9161612987780272,-9.624784462540722,7.130926494451677,9.593321322439317,-0.21389936777829455
4.7,0.8344548859889731,-9.89688922561305,7.211570319545163,9.601797749103516,-0.21405998770883558
4.708333333333333,0.7525644168515025,-9.693282340921868,7.288478893355486,8.737178714254032,-0.21421135408609954
4.716666666666667,0.6735678381865884,-9.247200650946668,7.355876354757693,7.396257148871675,-0.2143335024890679
4.725,0.5985141220352184,-8.771308729786417,7.411472828314862,5.947620530616211,-0.21442586649704554
4.733333333333333,0.5272111504892902,-8.353654738156854,7.45515399137965,4.549291522197013,-0.21449601851833172
4.741666666666666,0.459081316533231,-8.00912989643671,7.487532962745941,3.2356267113306867,-0.21455148561280935
4.75,0.39355311840559054,-7.7265536409703595,7.509292809361785,1.9979596044741195,-0.21459771036711928
4.758333333333333,0.3301820502443958,-7.488402739777783,7.520994174965752,0.8186621936973107,-0.21463819993001132
4.766666666666667,0.26867217617459904,-7.277023492190746,7.523055189191455,-0.31799484897809344,-0.21467499593437434
4.775,0.20886939742987784,-7.076106955800627,7.515781039766576,-1.4232611310192849,-0.2147091690517824
4.783333333333333,0.15074943151710116,-6.8707774139562705,7.49940204294711,-2.5039771202205405,-0.21474169715793945
4.791666666666667,0.09440670112629437,-6.647390166881285,7.474106700172963,-3.5635135316256674,-0.2147738683577693
4.8,0.04004471096525073,-6.393396297009904,7.440066070776277,-4.602880245912316,-0.2148072901970956
4.808333333333334,-0.012032860595128505,-6.0973023844075644,7.397448440974246,-5.6219442293701025,-0.21484388460134846
4.816666666666666,-0.06143097519902316,-5.74867591004655,7.346423425202901,-6.62074816710089,-0.21488588584169022
4.825,-0.10767198677858791,-5.338108342706516,7.287154636974822,-7.600937085293765,-0.21493585528976056
4.833333333333333,-0.1502035372807395,-4.857027206521899,7.21977996075862,-8.567312624887952,-0.2149967371870417
4.841666666666667,-0.18840384192332424,-4.297236732561446,7.144378171830892,-9.529569002175633,-0.2150719915332973
4.85,-0.22158157475811502,-3.6500597358437488,7.060919929451972,-10.50433644555153,-0.21516585761769025
4.858333333333333,-0.24896650348251276,-2.904956836166506,6.969199705869463,-11.517759194813035,-0.2152838335807462
4.866666666666666,-0.26968618578758696,-2.047568294316308,6.8687430346210245,-12.608875744793558,-0.21543351991257387
4.875,-0.282724853942492,-1.0575385027576643,6.7586824846564015,-13.83359852311378,-0.2156260895295385
4.883333333333333,-0.2868699215115264,0.09151252398645693,6.637606711172162,-15.266069868126582,-0.2158787954385386
4.891666666666667,-0.2806992788165474,1.4187665352728183,6.503458989019242,-16.979938457255344,-0.21621881614043081
4.9,-0.2628626187925098,2.867025105406961,6.353888227674863,-18.93845658108887,-0.2166863020756391
4.908333333333333,-0.23348591733459287,4.091199148549223,6.188440397858288,-20.641423611712288,-0.21731563027699152
4.916666666666667,-0.1973719970668765,4.364359627170932,6.013848804015666,-20.9406175432465,-0.2180531990628376
4.925,-0.16400920316578493,3.5029183387587146,5.844332302744508,-19.539401394032033,-0.21872983534587576
4.933333333333334,-0.1401643167529651,2.2040565524253615,5.689758037823652,-17.549225151769225,-0.2192455282392584
4.941666666666666,-0.12707221436885752,0.965056018968365,5.551324961918505,-15.725113462643542,-0.2196185510697281
4.95,-0.12356849924370983,-0.09325960899970347,5.426804421251509,-14.208527560842922,-0.21989257863778366
4.958333333333333,-0.12814512357274782,-0.9786790572040768,5.313808605102413,-12.946423657184427,-0.2200996550275371
4.966666666666667,-0.1394793730322572,-1.7197436469676042,5.210530572383297,-11.864973505006512,-0.22025996316522412
4.975,-0.15647548061097305,-2.3410436740488323,5.115721093746428,-10.90577312833092,-0.22038629257674414
4.983333333333333,-0.17821448444750138,-2.8605544788530297,5.028543729748459,-10.027637342565267,-0.22048702782790253
4.991666666666666,-0.20390488492261952,-3.2912189807537087,4.948446990893469,-9.202669075510999,-0.22056791472319154
5.0,-0.23284853122154694,-3.6427661417887656,4.875069774250918,-8.412534391454567,-0.2206330790024692
5.008333333333333,-0.2644198124114071,-3.923058732242416,4.8081737643567015,-7.645714761788297,-0.22068561976758438
5.016666666666667,-0.2980540437162453,-4.138968573923233,4.74759524894757,-6.895548642861774,-0.22072796072172346
5.025,-0.3332415672984589,-4.296892338382569,4.6932108871045495,-6.158803936085136,-0.22076205999828213
5.033333333333333,-0.3695250346494387,-4.40301538760089,4.6449138187968035,-5.434600306678114,-0.22078953552656871
5.041666666666667,-0.40649814021257835,-4.4634085629315186,4.60259769025536,-4.723573918088966,-0.22081173967975554
5.05,-0.4438046961856353,-4.484022589890092,4.566146848156623,-4.027224979566122,-0.22082980415004713
5.058333333333334,-0.48113740673657135,-4.470628372860395,4.535431330603648,-3.3474147365855678,-0.22084466837781605
5.066666666666666,-0.5182360437751126,-4.428737828115245,4.510305503313155,-2.6859905810700107,-0.2208570999002574
5.075,-0.554884965768002,-4.363528378132028,4.490609346428201,-2.044522005972786,-0.22086771153166943
5.083333333333333,-0.5909100726082844,-4.279784685457098,4.47617153825258,-1.4241305342648125,-0.22087697786032368
5.091666666666667,-0.6261753700552304,-4.18186371723566,4.466813624913359,-0.8253962438522715,-0.22088525191697406
5.1,-0.660579344006981,-4.073683801519686,4.462354710314791,-0.2483235384880253,-0.2208927818869294
5.108333333333333,-0.6940513341608724,-3.95873461044848,4.4626162405066605,0.3076492351930724,-0.22089972785301662
5.116666666666666,-0.7265480523236936,-3.840100440444962,4.467426532570921,0.8435981536453951,-0.22090620823517793
5.125,-0.7580503432260491,-3.7204959680213316,4.476624818370692,1.3610597016073043,-0.22091238654287848
5.133333333333333,-0.7885602792929426,-3.602307694318001,4.490064867499094,1.861974542118842,-0.22091848298789699
5.141666666666667,-0.8180985801405086,-3.487629672020053,4.507618039777227,2.3486097683039424,-0.22092476290019186
5.15,-0.8467022856718894,-3.378287116082677,4.529175637429433,2.8234677246495776,-0.22093152915232112
5.158333333333333,-0.8744225381518369,-3.2758367348873385,4.55465040692545,3.289170399955504,-0.22093911845030123
5.166666666666667,-0.9013222155700112,-3.1815273694509676,4.583976901925767,3.7482967274172787,-0.22094790077081816
5.175,-0.9274729880387241,-3.0961956961318,4.6171101645334565,4.203133312932276,-0.22095828072117146
5.183333333333334,-0.9529511052500564,-3.0200580817821523,4.654021756530615,4.655274519419663,-0.22097069866980715
5.191666666666666,-0.9778308254113158,-2.9523415861505122,4.694691507998149,5.104975642236569,-0.22098562775186445
5.2,-1.0021738484465994,-2.890681315369686,4.739092415985774,5.55013358806725,-0.22100355979466912
5.208333333333333,-1.026012522372406,-2.8302226776154846,4.787165082102189,5.984783598706419,-0.2210249685760106
5.216666666666667,-1.0493244095381284,-2.7624697694429567,4.838777672207717,6.397165101283839,-0.22105023389904047
5.225,-1.0719972437743923,-2.674230679650433,4.893669632046596,6.7679199731517725,-0.22107951061807368
5.233333333333333,-1.0937885307261894,-2.547602553507636,4.951385916363137,7.069975092444194,-0.22111254715943401
5.241666666666666,-1.11429448318313,-2.3624784598926003,5.011225775751834,7.272573291972021,-0.2211485143815381
5.25,-1.132953818900589,-2.10235527456004,5.07224820979399,7.3507552645709024,-0.2211859788606481
5.258333333333333,-1.149107476155192,-1.7612614959756387,5.133368716127101,7.296643072047618,-0.22122314619827665
5.266666666666667,-1.162103381533694,-1.3467854418300285,5.193528588910641,7.124143088537215,-0.2212583189372206
5.275,-1.1713982846489417,-0.8763612212477687,5.251856355839833,6.86241187535192,-0.22129030303388314
5.283333333333333,-1.1766096414542708,-0.3698955068729656,5.307743719643986,6.5434021664212505,-0.22131853515104005
5.291666666666667,-1.1775096800434601,0.15603280017535295,5.360824890472566,6.192301020274533,-0.2213429492272176
5.3,-1.173986447713212,0.6902815181655019,5.410902633289797,5.824303751805356,-0.22136376611192815
5.308333333333334,-1.1659994344995608,1.226647245239162,5.457867939678536,5.445775684035873,-0.22138138364429322
5.316666666666666,-1.1535440080425545,1.7624810886479982,5.501637043616066,5.0568573714047345,-0.22139630760756718
5.325,-1.1366274516874912,2.297385339555188,5.542110038110453,4.653883987429433,-0.22140910341811962
5.333333333333333,-1.1152542934794314,2.832299951248634,5.579146909917803,4.2311295792200845,-0.2214203843966622
5.341666666666667,-1.089417683080208,3.368946200538522,5.612555490870624,3.7819573145989853,-0.22143082187203783
5.35,-1.0590943727040076,3.9094932115114065,5.642087350172968,3.2996190937387544,-0.22144116635561908
5.358333333333333,-1.024242080876155,4.456292620071144,5.667439822809884,2.777975260096663,-0.2214522726983363
5.366666666666666,-0.9847993904274203,5.0115016697032955,5.688264748390804,2.2124436515958377,-0.22146512299372337
5.375,-0.9406900820793483,5.576344872377,5.704187490665816,1.6016040610014668,-0.2214808385525066
5.383333333333333,-0.8918363871060805,6.149635710609659,5.714844189504362,0.9500970950223634,-0.22150066559378023
5.391666666666667,-0.8381893935305438,6.7250496344458695,5.7199514637523015,0.27365594459280396,-0.22152590741888828
5.4,-0.7797888006019978,7.286803843092465,5.719429064503879,-0.3932357926382017,-0.2215577627663602
5.408333333333333,-0.7168629780026987,7.80467521140349,5.713592553879018,-0.9888868262438225,-0.2215970789880889
5.416666666666667,-0.6499595031880234,8.232798719022274,5.70339459139738,-1.4232233848946167,-0.22164397429631666
5.425,-0.5800428053250938,8.520002717181697,5.690597415112331,-1.5976416684212809,-0.22169723242221984
5.433333333333334,-0.5084468796969708,8.633087426623312,5.677674296733345,-1.4480572549282333,-0.2217541335776428
5.441666666666666,-0.43663447159622176,8.575772304829666,5.667353646484807,-0.9800527872486462,-0.2218112673384705
5.45,-0.3658940147600109,8.383098206738723,5.662042464065676,-0.25978615102402997,-0.22186578006088914
5.458333333333333,-0.29717060424208264,8.098448103498471,5.663484972348461,0.6270276465474243,-0.221915973728544
5.466666666666667,-0.23107998146054665,7.755652598682859,5.672752377119772,1.6080844221951833,-0.22196124391011712
5.475,-0.16801610959136118,7.374170728102495,5.690410978032685,2.6346754277673874,-0.22200204676432084
5.483333333333333,-0.10826199966014372,6.961905016174792,5.7167095111308015,3.6782260929154287,-0.22203971059965544
5.491666666666666,-0.052067404827327496,6.519628430239101,5.751719368152381,4.723709893268347,-0.22207623553824718
5.5,0.0003074166448382414,6.044535303467924,5.795424300879091,5.764420000437884,-0.22211417189236637
5.508333333333333,0.04857263496285744,5.5326652323943755,5.847774709622831,6.798623681045561,-0.22215656997344385
5.516666666666667,0.09240683743306338,4.980671576437142,5.908719306148166,7.827306500333564,-0.22220698153367668
5.525,0.1314692576828588,4.387591496484842,5.978218637734736,8.851864190330412,-0.22226948455035767
5.533333333333333,0.1654295914796992,3.7574609465449647,6.056234226829928,9.870271861480571,-0.22234867086150695
5.541666666666667,0.1940270206970694,3.1039242405890963,6.142672588288333,10.869700161917605,-0.2224494474366211
5.55,0.21718005368674023,2.457919532938161,6.2372452376085326,11.813504989651156,-0.22257632306088626
5.558333333333334,0.23517026496138038,1.8770018242660917,6.339199891235151,12.62441071466243,-0.2227316531892034
5.566666666666666,0.24888000576342964,1.4462202324704436,6.446943800513494,13.179914062920044,-0.22291261758494896
5.575,0.2599332275236715,1.2508760318737253,6.557794008338121,13.352670518734286,-0.22310855396564594
5.583333333333333,0.27047798488487623,1.3225450049474865,6.668281486588693,13.095595590636478,-0.22330262063055406
5.591666666666667,0.28258678741681426,1.6127443292038766,6.775063683475062,12.484226335569348,-0.22347883364042298
5.6,0.2977085068191604,2.0299363098234253,6.875757447204808,11.657976305569989,-0.22362828665215106
5.608333333333333,0.31653958792322856,2.4916098036984673,6.969109318046401,10.738544049279314,-0.22374953673476294
5.616666666666666,0.33920986099440775,2.9449765315161764,7.054683067503573,9.799763844686321,-0.22384548457593134
5.625,0.36552238165385426,3.3628002665545305,7.13248432157651,8.876695354651378,-0.2239205095657384
5.633333333333333,0.39512510214785795,3.7335749697231657,7.20270884018275,7.982418586257909,-0.22397896385129074
5.641666666666667,0.4276088532786055,4.054159769606962,7.265613166485536,7.11990253532818,-0.2240246262428549
5.65,0.4625576170960108,4.325551978531622,7.321459992322862,6.288365471759923,-0.2240606021213099
5.658333333333333,0.4995728274411795,4.55068828675979,7.370500842131733,5.4862143336953615,-0.224089381242694
5.666666666666667,0.53828433840397,4.733320760932158,7.412975078087378,4.7122348445300855,-0.22411293196702853
5.675,0.5783544681050758,4.8774138832369385,7.449115030273321,3.965982378088435,-0.22413279024279836
5.683333333333334,0.6194781455460023,4.986780357774148,7.4791528333239405,3.24785511730882,-0.2241501332804556
5.691666666666666,0.6613805120382481,5.064819219518328,7.503327413501328,2.5590830179514263,-0.22416583846979865
5.7,0.7038125273117096,5.114291785621898,7.52189144082091,1.9017422330010858,-0.2241805306980546
5.708333333333333,0.7465447587966079,5.137106948396959,7.535118679795724,1.2788400607621864,-0.2241946212068462
5.716666666666667,0.7893593922815628,5.134109716592338,7.543312365103818,0.6944731809425724,-0.2242083405669028
5.725,0.8320405420639003,5.104889589430015,7.546815081636825,0.15401982556204985,-0.2242217679803093
5.733333333333333,0.8743631987228163,5.047655743871382,7.546020085016316,-0.3357263660326255,-0.22423486008360227
5.741666666666666,0.9160816788782886,4.959260786953433,7.541383019979501,-0.7666281582777131,-0.22424750445338
5.75,0.9569194094266757,4.8355250402970675,7.533431215785648,-1.129765492645449,-0.2242595729128164
5.758333333333333,0.9965630624934791,4.671963516146926,7.52276561587955,-1.4166499265069974,-0.2242709114904738
5.766666666666667,1.0346644502211195,4.464906771274008,7.510049870386065,-1.6210661232152548,-0.22428133472910752
5.775,1.0708526980776656,4.212783692460806,7.495982694304865,-1.7411366151884904,-0.2242906444090424
5.783333333333333,1.1047561558862729,3.917083613066527,7.481254899973299,-1.78077751867528,-0.22429866826915926
5.791666666666667,1.1360291994659408,3.5825050139483263,7.466499871968528,-1.7497126580614497,-0.22430530298580284
5.8,1.164376212512994,3.216149900816027,7.452250967978363,-1.6618382777218716,-0.22431054177605747
5.808333333333334,1.1895659770846174,2.826119933217534,7.438917380741364,-1.532593457839585,-0.2243144753667537
5.816666666666666,1.2114339714382523,2.420116297748043,7.426782327228998,-1.3764037550901138,-0.22431726950635703
5.825,1.2298746955335198,2.0044943865594607,7.416019304963589,-1.204983495812634,-0.22431913162510483
5.833333333333333,1.24482852350582,1.5838887205871697,7.406718074485444,-1.0266843882019314,-0.22432027915589672
5.841666666666667,1.2562673899261616,1.1612750021665104,7.3989124978334395,-0.8466408300795589,-0.22432091627033574
5.85,1.2641820974439975,0.7382647358646727,7.392605151667457,-0.667339895832637,-0.22432122002870658
5.858333333333333,1.268572466066339,0.31547219712374747,7.38778647556767,-0.489325965949197,-0.22432133382413916
5.866666666666666,1.2694405217710423,-0.10713153896642391,7.3844480679607845,-0.31188527198728755,-0.22432136527994417
5.875,1.2667864887768214,-0.529898806360292,7.382590536049372,-0.13366931309873803,-0.22432139292589254
5.883333333333333,1.2606073285934472,-0.953214818664051,7.3822263632826175,0.04673277010130357,-0.22432150376180143
5.891666666666667,1.2508976073055718,-1.3772210145568275,7.383378144301502,0.23024086544344033,-0.2243218156978425
5.9,1.2376527841129201,-1.8015072989202232,7.386072008425035,0.41667713909311344,-0.2243224816888593
5.908333333333333,1.220875229011317,-2.2247630334537773,7.390325703759292,0.6040879477357567,-0.22432369048138012
5.916666666666667,1.2005833241818806,-2.6443905293619805,7.396130727169341,0.7880016548586001,-0.22432566221548744
5.925,1.176823758486903,-3.0561408649054513,7.403428347160866,0.9607339907434183,-0.22432863738156442
5.933333333333334,1.1496863235309378,-3.453907279959258,7.412080843278135,1.1109886582116943,-0.22433285621092797
5.941666666666666,1.1193190639707824,-3.829885214017327,7.421841943958477,1.2241345485714927,-0.2243385275499686
5.95,1.0859398212240512,-4.175303407800454,7.432333760602181,1.2835353308962125,-0.22434579137971802
5.958333333333333,1.0498391112863739,-4.481750760508583,7.443039581565795,1.2729899072731048,-0.22435468615836643
5.966666666666667,1.0113704673267252,-4.742771203709564,7.453319895028523,1.179714430388669,-0.22436513599310015
5.975,0.9709285274877547,-4.955095279418733,7.462451707739112,0.9967462946526353,-0.22437696696901316
5.983333333333333,0.9289204699401015,-5.118941429551044,7.469681703421829,0.7237428946218091,-0.22438994703048207
5.991666666666666,0.8857393405193081,-5.23729431759805,7.474278290739062,0.365968202672926,-0.22440383008291767
6.0,0.8417463071152845,-5.314581744995555,7.475569881870657,-0.06783230573301911,-0.2244183836110896
6.008333333333333,0.7972643599689643,-5.3553419759141985,7.472964417428927,-0.5676478031427848,-0.22443339703837997
6.016666666666667,0.7525816743976904,-5.363271869469173,7.465952648442259,-1.1238252915813853,-0.22444872572396748
6.025,0.7079610075959737,-5.34072801305714,7.454100879128611,-1.7279781983881741,-0.22446434981100186
6.033333333333333,0.6636515601481724,-5.288612278347221,7.437038846111771,-2.3732814994534737,-0.22448040860497215
6.041666666666667,0.619900714944942,-5.206491389382823,7.414446772438504,-3.0544181974516094,-0.22449723085348744
6.05,0.576964234839945,-5.092832005565885,7.38604354597466,-3.7673909081352117,-0.22451536556602128
6.058333333333334,0.5351142653449241,-4.945285596068572,7.351576573212491,-4.509321462569207,-0.22453561601761374
6.066666666666666,0.4946448385413015,-4.761003340785593,7.3108131831385785,-5.278280141163082,-0.2245590791672767
6.075,0.4558745733024589,-4.5370006877308295,7.263533410177454,-6.073114389532395,-0.22458719226675072
6.083333333333333,0.41914592695989467,-4.2706358428148405,7.209524557843783,-6.8931658380746335,-0.22462178712631314
6.091666666666667,0.38481955276456625,-3.9603363707117034,7.148579342034276,-7.7376408309422935,-0.22466514817537753
6.1,0.3532607382841717,-3.60682965387337,7.0805021763597225,-8.604186830303943,-0.224720058153553
6.108333333333333,0.3248120153758966,-3.2153248486485317,7.0051332279236815,-9.485884514270003,-0.22478978468075034
6.116666666666666,0.2997414164923329,-2.7992899543486502,6.922408138224882,-10.365480714400071,-0.22487789473060849
6.125,0.2781508052464927,-2.38625029622928,6.832481048812245,-11.205918387293668,-0.2249876699752804
6.133333333333333,0.2598312854721196,-2.024112644949439,6.735937086129098,-11.93920609748853,-0.22512079791558215
6.141666666666667,0.24408503433347756,-1.7811415170900529,6.634071084271639,-12.46449084169954,-0.22527524960957834
6.15,0.2296162271113829,-1.7275285401834195,6.529074221956927,-12.67526436822664,-0.22544336653019842
6.158333333333333,0.21466301424784368,-1.8984964806603069,6.423851237173695,-12.516923476646156,-0.22561258363837816
6.166666666666667,0.19741252687345703,-2.270348770871347,6.321392770780825,-12.024555816935804,-0.22576985569851538
6.175,0.17644672974208145,-2.777925558664687,6.224100711253577,-11.294994382257423,-0.2259065196030754
6.183333333333334,0.15093084143704022,-3.3520534572607867,6.13352124438982,-10.428068916766287,-0.22601974443799544
6.191666666666666,0.12053761496624377,-3.9418602663220232,6.050484727388727,-9.493392868210814,-0.22611093339617006
6.2,0.08527474511222677,-4.517196345371867,5.975378580752323,-8.52903705218153,-0.22618354466475854
6.208333333333333,0.04533416642107788,-5.062887839325012,5.908367394101859,-7.552365558758638,-0.2262416329338025
6.216666666666667,0.0009931731683396365,-5.572775134243864,5.849520586931069,-6.570261850520438,-0.22628914630433555
6.225,-0.04744222598536894,-6.0455844197512825,5.798869645039722,-5.585785982102243,-0.22632965959724988
6.233333333333333,-0.09966618968830535,-6.482266115841521,5.7564221337791555,-4.602131521357147,-0.22636629486211346
6.241666666666666,-0.15538312667440207,-6.88402104412399,5.722148967672361,-3.625307880321583,-0.22640169675984279
6.25,-0.21430188538506825,-7.25036922993024,5.695950544396982,-2.6666895548767404,-0.2264380015240638
6.258333333333333,-0.2761124642451248,-7.576839111903801,5.677599469982267,-1.7461643439711088,-0.22647677116001963
6.266666666666667,-0.34044156948844567,-7.852252136652513,5.666654098207948,-0.895894244048384,-0.2265188823578565
6.275,-0.40678649079280854,-8.056503512543673,5.662342959069506,-0.16306158004976293,-0.22656438466224466
6.283333333333333,-0.4744406922079096,-8.161355659793797,5.663444885959549,0.39282431703550064,-0.2266123942612327
6.291666666666667,-0.5424508237828483,-8.137661128083225,5.668235321351551,0.713908453770794,-0.22666117020005805
6.3,-0.6096630046234475,-7.96888546582416,5.6745990017266985,0.7686683423819813,-0.22670841286054666
6.308333333333334,-0.6748804397560796,-7.662241469758716,5.680342670005895,0.5715531952789309,-0.22675182179919268
6.316666666666666,-0.73706404904807,-7.246800054992845,5.683579843254957,0.17876679964804099,-0.22678977099099262
6.325,-0.7954629601263694,-6.760072715918766,5.682981909693944,-0.3368256253993299,-0.2268216106180601
6.333333333333333,-0.8496260960778206,-6.234877706319547,5.677807107776768,-0.9103280931280693,-0.2268475206891401
6.341666666666667,-0.8993342720654263,-5.693759520012422,5.6677783237345265,-1.4957842649889244,-0.22686823909654036
6.35,-0.9445142957914786,-5.1496126771966635,5.652921721007645,-2.0657257510575953,-0.22688478378202487
6.358333333333333,-0.9851701567631749,-4.608578722121124,5.633431952077781,-2.6062906357674644,-0.22689824590626737
6.366666666666666,-1.0213387263256613,-4.072801204774201,5.609579932840054,-3.112321367326833,-0.22690967238839024
6.375,-1.0530650400794583,-3.5423462262295304,5.58165618157427,-3.5837918686821877,-0.22692001343019563
6.383333333333333,-1.080390308851067,-3.016377822287458,5.549938441554888,-4.023490429297058,-0.2269301086858704
6.391666666666667,-1.103347565655875,-2.4938611228066336,5.514674873974153,-4.435524677465335,-0.2269406929999947
6.4,-1.1219620847591307,-1.9740405960852176,5.476077743195002,-4.824237698963651,-0.226952409337278
6.408333333333333,-1.1362555188426768,-1.456880869511056,5.434325557214557,-5.193216742598164,-0.2269658202869699
6.416666666666667,-1.1462540431975055,-0.9436060431367891,5.389573933587941,-5.544157578792284,-0.22698141051263368
6.425,-1.1520016926440888,-0.4374114440140509,5.341977059220054,-5.875446940156152,-0.22699957165531487
6.433333333333334,-1.1535802330457743,0.055705551591631465,5.291722001051584,-6.18053639246929,-0.22702056041299268
6.441666666666666,-1.1511354967663014,0.5263054484887701,5.239075873804622,-6.446617610984832,-0.2270444301361699
6.45,-1.1449060008014118,0.9617475448704118,5.184438977034146,-6.654767289082735,-0.22707097507953786
6.458333333333333,-1.1352427235637472,1.3481899161026254,5.128385164810486,-6.783078260663052,-0.22709965580054553
6.466666666666667,-1.1226039356177193,1.6744768999842627,5.071661787741573,-6.813077390298456,-0.22712955855492165
6.475,-1.107514529526325,1.9363613359056098,5.015130242282825,-6.736875999408466,-0.22715949911535016
6.483333333333333,-1.0904982627272475,2.1383603040726054,4.9596598687334685,-6.5604953875360446,-0.2271882620135489
6.491666666666666,-1.0720100193036821,2.2919140058850984,4.906019790594303,-6.301052514748677,-0.22721485754714424
6.5,-1.0523944433842738,2.4113224147548804,4.854812723552666,-5.9802047638785165,-0.2272386689958537
6.508333333333333,-1.0318785145785687,2.5100374003538284,4.8064637432411175,-5.618140266449211,-0.2272594560986117
6.516666666666667,-1.0105881333251114,2.5986893839065774,4.761247836671441,-5.230415017778986,-0.22727726832235015
6.5249999999999995,-0.9885741100078971,2.684698109605991,4.71933225569174,-4.827387653570438,-0.22729233732203563
6.533333333333333,-0.9658373620104922,2.7727274798666377,4.680817011004425,-4.415025244917498,-0.22730498898150125
6.541666666666667,-0.9423490159188953,2.8653786964478907,4.645766580935571,-3.996083826893368,-0.227315585397948
6.55,-0.9180648844114702,2.9638181172311078,4.614232075811226,-3.571172339733661,-0.22732449201480665
6.558333333333334,-0.8929353517983625,3.0682467188207743,4.586265594454154,-3.1395565094561633,-0.22733206140375284
6.566666666666666,-0.8669120092937829,3.178215194520639,4.561928940776676,-2.6997169853031626,-0.22733862640061853
6.575,-0.8399521923837376,3.292818568015789,4.5412985056862105,-2.2497223410215055,-0.2273444975375075
6.583333333333333,-0.8120222743700845,3.4108054250897335,4.524467598847688,-1.787477096675927,-0.22734996157066062
6.591666666666667,-0.7831003060164635,3.5306295561310943,4.511547068783309,-1.3108908917221995,-0.22735527913594206
6.6,-0.7531783931135998,3.650463975200692,4.502664728046623,-0.8180002512490142,-0.22736068030666423
6.608333333333333,-0.7222650638531231,3.7681912891691027,4.497963889562722,-0.30706260532325047,-0.22736635727610888
6.616666666666666,-0.6903877791635843,3.8813805073344048,4.497601194420105,0.223366195849382,-0.22737245386310853
6.625,-0.6575956587540793,3.987260199594517,4.5017438125446185,0.7743556607151186,-0.2273790739905591
6.633333333333333,-0.6239624329134835,4.082690163084394,4.510566053163058,1.3465451886204343,-0.22738635676295502
6.641666666666667,-0.5895896289864602,4.164136311670141,4.524245686488819,1.9401227611132852,-0.22739451910458167
6.6499999999999995,-0.5546099088980632,4.227659827914518,4.5429601316264465,2.5548174929411305,-0.22740387166316806
6.658333333333333,-0.5191904342739131,4.268921809229869,4.566882724212203,3.189928953461067,-0.22741483529219764
6.666666666666667,-0.4835361201674621,4.28320554379495,4.596179432061845,3.844407797864394,-0.22742795842384855
6.675,-0.4478926303927631,4.265455833761646,4.63100650909917,4.5170029605460424,-0.22744393541419608
6.683333333333334,-0.41254898960123243,4.2103303631058875,4.671509709230597,5.206491602034461,-0.2274636267378447
6.691666666666666,-0.3778397532448613,4.112251975984228,4.717825819620789,5.9120087188409025,-0.22748808326495956
6.7,-0.3441468011125889,3.9654428111015796,4.770087419241993,6.633494933048586,-0.22751857894692568
6.708333333333333,-0.3119010180569605,3.763911554328836,4.828431938781512,7.372285508444926,-0.22755665933578417
6.716666666666667,-0.2815844112820682,3.5013536908887977,4.893016328532566,8.131874190014381,-0.22760421798395247
6.725,-0.25373360061546696,3.170911793062423,4.964038997719851,8.918905858806227,-0.22766361996702467
6.733333333333333,-0.22894611387460848,2.764730219656456,5.041771266552135,9.744484648662182,-0.22773790370175234
6.741666666666666,-0.20789149466130305,2.273234961484069,5.126601453692033,10.625921045187871,-0.2278311130655405
6.75,-0.19132968516866053,1.6841134975825058,5.219095773858772,11.589028281772462,-0.22794884879286398
6.758333333333333,-0.18013857954102366,0.9812167834482647,5.32008025332575,12.670774138096986,-0.22809919018057168
6.766666666666667,-0.17534740258742504,0.14465626149755098,5.43074130181618,13.920523944056267,-0.22829421562539387
6.7749999999999995,-0.17814859071869982,-0.8425437102127292,5.552706578559998,15.391532172230546,-0.22855230168673601
6.783333333333333,-0.1897683160789287,-1.9617699785123293,5.687918521872643,17.090660498411005,-0.2289005219228497
6.791666666666667,-0.21079308596801216,-3.050712903104288,5.837636274392009,18.801387024350205,-0.22936969733707468
6.8,-0.23924071064377783,-3.640260108986001,5.999329568488028,19.80226340957494,-0.22995752219359067
6.808333333333334,-0.26864827110910744,-3.248923837087255,6.163424701183019,19.326284437830644,-0.2305710294586012
6.816666666666666,-0.29131092760097416,-2.1192962457343456,6.318373653701591,17.763565774010026,-0.2310894295964449
6.825,-0.30351390850817517,-0.8121676299332867,6.458969780166958,15.993258869684555,-0.23147937855939782
6.833333333333333,-0.305123498216237,0.4022898217991309,6.585456261083632,14.402237990719406,-0.23176610898563527
6.841666666666667,-0.2972246866474957,1.4688627080647827,6.699626985433992,13.031968476119932,-0.2319796536137042
6.85,-0.2810271051791723,2.397153117015575,6.803122893388895,11.829895022524605,-0.23214163252091463
6.858333333333333,-0.25760163033202704,3.2066992142549586,6.897094732022626,10.737308516696134,-0.2322664306142318
6.866666666666666,-0.22786493460436633,3.9142966024514143,6.982252541476332,9.70799276274348,-0.2323637312796577
6.875,-0.19261036007484267,4.532886525262551,7.058977706611403,8.708943084832217,-0.23244036198293894
6.883333333333333,-0.15253514266079687,5.072845290393479,7.127422655903967,7.7177371525264995,-0.23250142428503406
6.891666666666667,-0.10825575491245246,5.543387964657311,7.187587561594796,6.71984227741714,-0.23255095492450045
6.8999999999999995,-0.060312934489600935,5.9536177809703705,7.239376367892517,5.70635313554995,-0.23259230241933804
6.908333333333333,-0.00916956062754054,6.313203491844676,7.282635534545093,4.67208274790696,-0.23262833233807728
6.916666666666667,0.04479585498380306,6.632771810666058,7.3171778895843005,3.6138799217150517,-0.2326615305244405
6.925,0.10129812806200225,6.924120618612252,7.3427931108165225,2.529093978528958,-0.2326940485810079
6.933333333333334,0.16015573442201567,7.200349410710446,7.35924591316058,1.4141589172859583,-0.23272772005928816
6.941666666666666,0.22130211798276586,7.475967883559423,7.366263014639816,0.26332857098060214,-0.2327640630797833
6.95,0.28479774395847607,7.766943768796456,7.363510707063195,-0.9322565204742287,-0.23280429461157548
6.958333333333333,0.35084131025855947,8.090361944856841,7.350568109665813,-2.1845099442528744,-0.23284983958011835
6.966666666666667,0.4197735635103755,8.462723659246073,7.326909818163356,-3.505763478262318,-0.2329033440743708
6.975,0.4920519892293178,8.893868785604651,7.291937265829677,-4.898347983227195,-0.23296917378631055
6.983333333333333,0.5681331145436321,9.369179952752846,7.2451693931586325,-6.32390538468601,-0.2330534754337471
6.991666666666666,0.6481191228788363,9.809578103440854,7.186838315844317,-7.634871277064309,-0.2331624533398896
7.0,0.7310185404787137,10.029270739159784,7.119141320606349,-8.503546532809825,-0.23329589955592367
7.008333333333333,0.8140515382698128,9.817495291465992,7.047390883842504,-8.567044419068159,-0.23343816692342992
7.016666666666667,0.8934333243155256,9.178857517425115,6.9785833315498795,-7.844548377793566,-0.23356403194433412
7.0249999999999995,0.9664752787702481,8.337478911406654,6.917697649448796,-6.740596629035775,-0.23365961750497768
7.033333333333333,1.0323845998885337,7.489321812629308,6.866290642640792,-5.610759353085074,-0.23372681595072034
7.041666666666667,1.0915069386329659,6.714478211034019,6.823824669612627,-4.606785926050519,-0.2337731266673033
7.05,1.1445322532369022,6.025258488095257,6.789072358678519,-3.7594319171806885,-0.23380524767302077
7.058333333333334,1.1921358107913491,5.410786644176093,6.7607662369040655,-3.0562816922352978,-0.23382783099560966
7.066666666666666,1.2348774370818179,4.8559290370127215,6.737795269475436,-2.4752546290864395,-0.23384390087181417
7.075,1.2731956218499918,4.347124422646803,6.719231629770991,-1.995280517877104,-0.2338554167210699
7.083333333333333,1.3074271082108406,3.8735391950772593,6.704309215424905,-1.5987156769232727,-0.23386367482805837
7.091666666666667,1.337829125030768,3.4268462421906873,6.692394659204683,-1.271254967079738,-0.23386955916802224
7.1,1.364598186862636,3.000714088590221,6.682962181667497,-1.001262451113591,-0.2338736929160546
7.108333333333333,1.387884645392833,2.590321699232085,6.6755742370784,-0.7790948433032854,-0.23387652989648244
7.116666666666666,1.4078035813091574,2.1919682462074848,6.669867285199821,-0.5965550023350473,-0.23387841036432858
7.125,1.4244428413860026,1.8027756382835203,6.665541535699464,-0.44648187012966556,-0.23387959549998907
7.133333333333333,1.4378689196862542,1.420465244132146,6.66235362904482,-0.3224507835383391,-0.2338802890331255
7.141666666666667,1.4481312207086525,1.0431899474808353,6.660111456311414,-0.21855534695603324,-0.23388065096251265
7.1499999999999995,1.4552650986366484,0.6694060932484689,6.6586705421322945,-0.12924689969812933,-0.23388080633995617
7.158333333333333,1.4592939531283946,0.2977733695900142,6.657931590904899,-0.0492132300652553,-0.23388085091232258
7.166666666666667,1.4602305742387391,-0.07292664817713393,6.657838929348812,0.02671724765663005,-0.23388085471525022
7.175,1.4580778630541809,-0.44385950787103845,6.658379676504142,0.10365543574792774,-0.23388086810822972
7.183333333333334,1.4528290081487822,-0.8162017625460599,6.659583543278851,0.18672501325651666,-0.233880947534953
7.191666666666666,1.4444671091628614,-1.191209922610833,6.661523259450063,0.28114016962807065,-0.23388117297092012
7.2,1.4329642081227492,-1.570294524715167,6.66431567574274,0.392291216712414,-0.23388165140796804
7.208333333333333,1.418279653134539,-1.9551077283576244,6.668123648465526,0.5258486490233982,-0.23388252118847194
7.216666666666667,1.4003576469213947,-2.347652841193255,6.673158908351913,0.6878974805353387,-0.2338839587722088
7.225,1.3791237571248578,-2.75042587120335,6.679686226188651,0.8851170375032646,-0.23388618926837182
7.233333333333333,1.3544800695707075,-3.1666021116103553,6.688029333762533,1.1250262304381855,-0.23388950292380575
7.241666666666666,1.326298543163717,-3.6002841683491447,6.698579247757335,1.4163195762119234,-0.23389428120094968
7.25,1.294411977261272,-4.056829979315962,6.7118058685713535,1.7693214664370842,-0.23390103854322486
7.258333333333333,1.2586018610243472,-4.543273913562066,6.728273921443321,2.1965738284564704,-0.23391049017532778
7.266666666666667,1.2185823717480415,-5.0688206077475995,6.748664229418815,2.7135092894900295,-0.23392366353706356
7.2749999999999995,1.173980372387597,-5.645267111250156,6.77380015985916,3.33893869948541,-0.2339420825929367
7.283333333333333,1.1243138255866054,-6.286806940879169,6.804674418177848,4.094373987846568,-0.2339680690422531
7.291666666666667,1.0689797449439484,-7.007464396953117,6.842455968563306,4.999109799596823,-0.2340052037620099
7.3,1.0072888060525063,-7.811202604566783,6.888411502738302,6.0524529336105735,-0.23405887850456292
7.308333333333334,0.9386485765088046,-8.66388860542952,6.943563760125768,7.184464715451663,-0.2341362843577075
7.316666666666666,0.8630889642809897,-9.440803546600874,7.007752551438282,8.164791578514906,-0.2342434977765035
7.325,0.7821503151267257,-9.914244771845556,7.078071352529801,8.582579222263844,-0.23437671316728512
7.333333333333333,0.6991549454286835,-9.92941123293896,7.14839454204922,8.155223796999811,-0.23451577413686953
7.341666666666667,0.6176449297644977,-9.593730924242232,7.212122035178384,7.061468452173976,-0.23463780185579114
7.35,0.5396109646992546,-9.127743677081432,7.265317645807895,5.684933721228776,-0.23473441973807796
7.358333333333333,0.465485156319628,-8.66961630907405,7.306787881071192,4.2730728321567115,-0.23480912951948185
7.366666666666666,0.3949643584279259,-8.265202058527109,7.3366966876413855,2.9169228756640457,-0.2348683841209913
7.375,0.32757742605939694,-7.91593024962332,7.355604530223401,1.6325385548600646,-0.23491752142364064
7.383333333333333,0.26291633019881183,-7.608283419423536,7.364082272340486,0.41163811472932554,-0.2349600764766135
7.391666666666667,0.20070395726136636,-7.325407493260391,7.3626063220321,-0.7583600343375277,-0.23499805873907526
7.3999999999999995,0.14080324790723936,-7.050842331876555,7.351554742033764,-1.8879972312270377,-0.23503266338535123
7.408333333333333,0.08320902408843668,-6.769447013869803,7.3312312292412765,-2.9845931242138604,-0.23506521505491168
7.416666666666667,0.02803633978295907,-6.467501529745177,7.301890269289761,-4.052785903144329,-0.23509735230797735
7.425,-0.024491103236469886,-6.1326342528631805,7.263755261237883,-5.095600829494201,-0.23513102491766236
7.433333333333334,-0.07405176432273475,-5.75371580310709,7.217026651988591,-6.115749737145473,-0.2351685007677189
7.441666666666666,-0.12023604285398018,-5.320709138566909,7.161878674219948,-7.117059710456297,-0.23521239125061394
7.45,-0.16255438030572905,-4.824402118269151,7.098443694729427,-8.10602073612537,-0.23526571540770763
7.458333333333333,-0.20044231581706437,-4.255927504357529,7.026783047309567,-9.093492278676948,-0.23533203601846786
7.466666666666667,-0.23326033361748555,-3.605980003632582,6.946842700758977,-10.096653513919367,-0.23541571853423376
7.475,-0.260285750605771,-2.863692113952367,6.858391314434093,-11.141289682707518,-0.23552239286844784
7.483333333333333,-0.2806942832133989,-2.0153500744949278,6.760938093519897,-12.264281860617885,-0.23565974705261866
7.491666666666666,-0.29353324856165663,-1.0439930937481652,6.653632868828892,-13.514924396582757,-0.2358388449861789
7.5,-0.2977077419142403,0.06580532273367416,6.535179184418692,-14.948484901625434,-0.23607611989948352
7.508333333333333,-0.29207481471135815,1.3024800262598175,6.403909061989601,-16.586653877618325,-0.23639540744592452
7.516666666666667,-0.2759703807696864,2.5399291055703315,6.258553761948575,-18.274035254156747,-0.23682518460857482
7.5249999999999995,-0.2508194642134354,3.381691506391802,6.100832615104245,-19.410585839124572,-0.2373711831989178
7.533333333333333,-0.22216923633772556,3.327802218189368,5.93889709700195,-19.2018125432016,-0.23796125841154447
7.541666666666667,-0.19760434405778798,2.481094130603623,5.784156655258492,-17.81162822251719,-0.23847801454842088
7.55,-0.1814977175335504,1.378119562803573,5.64291279125575,-16.086671856372458,-0.23887363629691027
7.558333333333334,-0.17444654462335515,0.33535419016507323,5.515635137660242,-14.496795523766963,-0.23916571240086648
7.566666666666666,-0.17550714162628078,-0.5652651704557923,5.400661716855594,-13.133145635523155,-0.23938338676134152
7.575,-0.1834756231305244,-1.3251639408034046,5.296212031946738,-11.962621869954114,-0.2395487402062244
7.583333333333333,-0.19725391957662186,-1.9628513159859389,5.200890433389828,-10.934382027381094,-0.23967655103486463
7.591666666666667,-0.21590025734183546,-2.49616620568047,5.113695834470673,-10.006079409816113,-0.2397766340977715
7.6,-0.23860637550188576,-2.9392607098989223,5.033931286554511,-9.146913076630728,-0.23985567853577283
7.608333333333333,-0.2646679753177765,-3.303097717501076,4.961114814299645,-8.335672717454306,-0.23991841792248236
7.616666666666666,-0.2934623620127009,-3.596459700633615,4.894909735112776,-7.558326067270125,-0.23996833689194524
7.625,-0.3244339228864622,-3.8267791294844002,4.835073428296716,-6.806044066911095,-0.2400080961590343
7.633333333333333,-0.35708538381796007,-4.000696901443986,4.781420509296498,-6.073703839685629,-0.2400397902093079
7.641666666666667,-0.3909727251608343,-4.124392668519598,4.733796863821008,-5.3587602709006825,-0.24006510502594972
7.6499999999999995,-0.4257021234708631,-4.2037510656831,4.692061908014479,-4.660386209690117,-0.24008541575717535
7.658333333333333,-0.46092779529493105,-4.2444204044743445,4.656077141192906,-3.9788130669222563,-0.24010184853193856
7.666666666666667,-0.4963500401832925,-4.2518081616406285,4.625699515985735,-3.3148282820364767,-0.24011532139457326
7.675,-0.5317130996685716,-4.231045853418152,4.60077844612213,-2.6694007980249057,-0.2401265735985369
7.683333333333334,-0.5668026769239368,-4.186945700593109,4.581155477895185,-2.043413085912102,-0.24013618877186593
7.691666666666666,-0.601443112102778,-4.123963042872094,4.566665814470572,-1.4374815697296701,-0.24014461498684092
7.7,-0.6354942956096923,-4.046171773540104,4.557141026283955,-0.8518488795688481,-0.24015218314478634
7.708333333333333,-0.66884844017369,-3.9572550604677352,4.552412413628527,-0.28633265062811764,-0.2401591240966901
7.716666666666667,-0.7014268357461648,-3.860509968761784,4.552314607554283,0.2596821355288532,-0.2401655846951506
7.725,-0.7331766791443296,-3.758859269273264,4.556689053766399,0.7872062612658989,-0.24017166692673247
7.733333333333333,-0.764068026477863,-3.654870522731169,4.565387092639815,1.297597250371979,-0.24017751157375086
7.741666666666666,-0.7940909272493134,-3.5507771845420075,4.578272642365707,1.792503385687018,-0.24018331515019825
7.75,-0.8232526863191573,-3.4484871681668037,4.5952242595324435,2.2737719922906607,-0.24018931926577666
7.758333333333333,-0.8515751199253516,-3.3495709058342933,4.616136309558129,2.743325903869889,-0.2401958027366957
7.766666666666667,-0.8790915780366734,-3.255214306219886,4.64091891958238,3.202990854995265,-0.240203076292703
7.7749999999999995,-0.9058433584183644,-3.16611567981785,4.669496187504651,3.6542432176568007,-0.24021147876613014
7.783333333333333,-0.9318749297912868,-3.082297342388722,4.7018018009476386,4.09783140114864,-0.24022137285508735
7.791666666666667,-0.9572271002034553,-3.002794022912199,4.7377707598056675,4.53320769279416,-0.2402331372803715
7.8,-0.9819269360353209,-2.9251789606905834,4.777325333304957,4.9577025625484445,-0.24024715022548154
7.808333333333334,-1.005972990168587,-2.8449148340286925,4.820352934050501,5.36541378671832,-0.24026375653175405
7.816666666666666,-1.0293146192495832,-2.754611588465943,4.866673892600521,5.745937101930442,-0.24028320954817656
7.825,-1.0518256634690835,-2.6434916732037004,4.91599950886171,6.083426622304095,-0.24030558171880742
7.833333333333333,-1.0732766276131704,-2.497699495863829,4.9678870968083055,6.357035389982583,-0.24033065306365972
7.841666666666667,-1.0933159048088197,-2.3022885288349872,5.0217093413444,6.544119796648407,-0.24035781843563175
7.85,-1.111475940808559,-2.0451526678531207,5.076664179900919,6.626647518233097,-0.240386087555995
7.858333333333333,-1.1272160686946668,-1.7214932753614478,5.131844393784922,6.598445590262064,-0.24041423844516605
7.866666666666666,-1.1399948781604552,-1.3359525548089954,5.186354513829636,6.468496339470474,-0.24044109088942667
7.875,-1.1493434477149689,-0.900644249919491,5.239426887064334,6.257384047188183,-0.24046576101905473
7.883333333333333,-1.1549090142823568,-0.43050102679049057,5.290486561299976,5.989373134103335,-0.24048776703262262
7.891666666666667,-1.1564594941315256,0.06099920351485014,5.339150272321511,5.685301646073859,-0.24050697502174545
7.8999999999999995,-1.1538608887678632,0.5639580473584839,5.385181078277446,5.359212325434767,-0.24052347451130734
7.908333333333333,-1.147045687943024,1.072239760865225,5.42842977090151,5.018289149478625,-0.24053750959428674
7.916666666666667,-1.1359843035772563,1.5827220606684729,5.468783414923066,4.664354334948977,-0.24054944021694358
7.925,-1.1206638899766033,2.0943619310140322,5.5061281686355,4.295648563193216,-0.2405597016469885
7.933333333333334,-1.1010743871979474,2.6074248126309665,5.540325917874635,3.9083210292294246,-0.24056878876352633
7.941666666666666,-1.0772000422670285,3.1229359473372216,5.571201734433723,3.4975480434245667,-0.2405772581169772
7.95,-1.049014798983495,3.6422835544168857,5.598539533633389,3.058412884828322,-0.2405857397252614
7.958333333333333,-1.0164807661968702,4.166854187784783,5.622084785402048,2.5867581899308756,-0.24059495227973465
7.966666666666667,-0.9795501125209343,4.697545710386245,5.641555114602341,2.0802770349088746,-0.24060571556163596
7.975,-0.9381722205608828,5.233952524249921,5.656662159355459,1.5401900397754156,-0.24061895170213968
7.983333333333333,-0.8923099034202375,5.772957639972516,5.667151351853474,0.9739472718883737,-0.24063566197205627
7.991666666666666,-0.8419707491077112,6.306480603771007,5.672869934946008,0.3993425368592858,-0.2406568584480742
8.0,-0.7872606855851707,6.818475015379218,5.673874724918591,-0.1502195077094481,-0.24068342429071754
8.008333333333333,-0.728462080889779,7.282395768764704,5.67058175304365,-0.6215854659058401,-0.24071589742407468
8.016666666666666,-0.6661204531888666,7.662374991867894,5.663926618783733,-0.9446915097431586,-0.24075421244232992
8.025,-0.6010915521794693,7.921990302072938,5.655446625786446,-1.0492417800431675,-0.24079739684117524
8.033333333333333,-0.5344854338019331,8.039163252966981,5.647170005759034,-0.8924122563752301,-0.24084354876739883
8.041666666666666,-0.46749589879981085,8.016530634690135,5.641291558184887,-0.4783733566232031,-0.24089033523595454
8.05,-0.40120039217521847,7.8775495162212055,5.639788328642759,0.1479857435940768,-0.2409356914473894
8.058333333333334,-0.33644132618540673,7.652726440549211,5.644177453007263,0.9255936717234903,-0.2409782170259504
8.066666666666666,-0.2738208670519472,7.367845895796987,5.655479193042658,1.798875472752175,-0.2410173375501491
8.075,-0.21376385412073673,7.039494426163494,5.674309310467576,2.7268627665217946,-0.24105332786205508
8.083333333333334,-0.15659340727478047,6.675871138475661,5.701003956467883,3.6829456398861797,-0.2410871921210529
8.091666666666667,-0.10259023932809767,6.279418631260763,5.735725114918554,4.651278890670897,-0.2411205370670058
8.1,-0.05202958224652495,5.849394777683187,5.778534770275547,5.623176316618827,-0.24115548310189755
8.108333333333333,-0.005198863781976684,5.383915747376645,5.829442533087305,6.59436080963099,-0.24119461742130333
8.116666666666667,0.03759996749041034,4.881656201651675,5.88843306883884,7.562765609399022,-0.24124097672858097
8.125,0.07606235894061088,4.343657433757309,5.955474882437136,8.526099660107331,-0.24129803254486265
8.133333333333333,0.10991072569050823,3.775877666531128,6.030504056279231,9.47805509275403,-0.24136962022454528
8.141666666666666,0.13895105034123448,3.193255363921983,6.113365867250019,10.401751184918892,-0.2414596823938519
8.15,0.16317141610494315,2.6256697819616828,6.2036865099275404,11.259525909333734,-0.24157158092486375
8.158333333333333,0.18289279813683668,2.1238033741739537,6.300651915166332,11.981956895202849,-0.24170665891573556
8.166666666666666,0.19894328084976756,1.75695949222295,6.402731786269316,12.468873114325698,-0.24186207810135057
8.175,0.21273712719482823,1.590849215226853,6.507534539122451,12.62249031919472,-0.24202921648299308
8.183333333333334,0.22608846834476223,1.6497128094827962,6.61207174314987,12.406919154878873,-0.24219509800917016
8.191666666666666,0.24076275531278654,1.8982957435851973,6.7134383005427365,11.877016887895145,-0.24234724716344014
8.2,0.2580569971913455,2.265945686955002,6.809448462540084,11.140265944756084,-0.24247811160766558
8.208333333333334,0.27866655863601764,2.6840596484634833,6.898820379705443,10.298225916457636,-0.24258576026658923
8.216666666666667,0.3027964372252652,3.1047201680287584,6.980985140827505,9.418961797354351,-0.2426719436859074
8.225,0.3303417536991248,3.500594162005261,7.055803453719516,8.539181051310681,-0.24273996666033132
8.233333333333333,0.3610333319185825,3.8584501539257263,7.123350841414409,7.675638228520538,-0.2427933900457272
8.241666666666667,0.3945293417577508,4.173277926524964,7.183794089165226,6.834755414511995,-0.2428354596327562
8.25,0.43046661256216273,4.444490462896565,7.237331801751915,6.018441997263057,-0.24286893089107092
8.258333333333333,0.46848755353787086,4.673749030652476,7.284170849861928,5.227110759659311,-0.24289606182000256
8.266666666666666,0.508253348619765,4.863748233041437,7.324520583010031,4.461095551992684,-0.24291866192912553
8.275,0.5494493644629632,5.017504755503657,7.358595122997065,3.7212730735369273,-0.2429381516591844
8.283333333333333,0.5917857784509306,5.137890573957943,7.386619181974981,3.009340767346056,-0.24295561681092576
8.291666666666666,0.6349948341702291,5.227274697580003,7.408835637402822,2.3279878279886064,-0.2429718545692733
8.3,0.6788253178875725,5.2872076095372265,7.425514512359755,1.6810730673647345,-0.24298741185380393
8.308333333333334,0.7230344952961391,5.31812688384044,7.436963608068461,1.0738433984035487,-0.24300261792226824
8.316666666666666,0.7673777304690615,5.319101889641416,7.443541021843068,0.5131550819298522,-0.24301761355803186
8.325,0.81159634889807,5.287683209381051,7.4456691291894845,0.007575537812647401,-0.24303237958966756
8.333333333333334,0.855405080280092,5.219975676974007,7.443848203791461,-0.43284589504028353,-0.2430467710005813
8.341666666666667,0.8984815768015656,5.111094138702427,7.438665820839249,-0.7974155701468039,-0.24306057949653823
8.35,0.9404618977103911,4.956148658310339,7.430795713364677,-1.0765026523289893,-0.24307356940599947
8.358333333333333,0.9809461568494463,4.751657646374693,7.4209793191302165,-1.2639117415470793,-0.24308548208471825
8.366666666666667,1.0195164658419478,4.496993201015388,7.409987002185228,-1.3592283048702452,-0.24309606460064548
8.375,1.0557648626914848,4.195222902912999,7.398563623500382,-1.3690427954300175,-0.24310511797467543
8.383333333333333,1.0893238790741597,3.852857773453528,7.387371713567881,-1.3062335661636655,-0.24311254277703756
8.391666666666666,1.1198904506712248,3.478571622926283,7.376948541959513,-1.1874700030994434,-0.24311836005935386
8.4,1.1472368681591123,3.081496525810549,7.36768777515124,-1.0300317085571538,-0.2431227002210825
8.408333333333333,1.1712082548862377,2.6697903258586346,7.3598460564912545,-0.8491778450417155,-0.24312576932707317
8.416666666666666,1.1917106681536873,2.2498438447581783,7.353566725858349,-0.6567061809103316,-0.24312780931614927
8.425,1.2086952786289051,1.8261047252529854,7.348910608480171,-0.46064590803191807,-0.2431290646181958
8.433333333333334,1.2221428976567397,1.4012951338183532,7.345886022690301,-0.2656758895524553,-0.24312975996862066
8.441666666666666,1.2320511456959327,0.9767958638302157,7.3444737612257605,-0.07385436405752963,-0.24313008850739712
8.45,1.2384249775308303,0.5530513525223357,7.344645675053485,0.11460567473703687,-0.24313020700136345
8.458333333333334,1.2412704368786032,0.12993508765240336,7.346377034892072,0.30062729638391295,-0.24313023634930592
8.466666666666667,1.2405912416398963,-0.2929353105250618,7.349653362234095,0.4856504338951734,-0.24313026609600827
8.475,1.2363878755701097,-0.7159054019121902,7.354472327689447,0.6710558669187942,-0.24313037538687518
8.483333333333333,1.2286590856188244,-1.1389982363740714,7.360840898196082,0.8575979477823087,-0.24313067154017914
8.491666666666667,1.2174058413646824,-1.5616008990135675,7.368767606734444,1.044788417096652,-0.2431312978933758
8.5,1.2026381051937132,-1.9821051426861527,7.378249350321855,1.2302020642588316,-0.2431324316970624
8.508333333333333,1.1843847077878096,-2.3975295610238367,7.389252217363546,1.4087528176959347,-0.24313427749482167
8.516666666666666,1.162706185548066,-2.803206869718416,7.4016866372452395,1.5720917410225066,-0.24313705305375036
8.525,1.1377094147219184,-3.1926988345912,7.415378993510132,1.7084207073181736,-0.24314096556613574
8.533333333333333,1.1095612586588302,-3.55815387465725,7.430044770201417,1.803111729009417,-0.24314617899608001
8.541666666666666,1.0784968016805996,-3.891258880156042,7.44527130378897,1.8404136258558892,-0.2431527794454318
8.55,1.0448173990943956,-4.1846847432890675,7.460518949160852,1.8060847632366164,-0.24316075162887768
8.558333333333334,1.0088761114438085,-4.4335662825482975,7.475145462374305,1.6901527309093387,-0.2431699799635464
8.566666666666666,0.9710529095161361,-4.636377154203476,7.488449938824999,1.4886687132787582,-0.24318027798283393
8.575,0.9317266599615657,-4.794802830279662,7.499724362262962,1.203729898021875,-0.24319143432227333
8.583333333333334,0.8912520647659706,-4.9127437209170175,7.508298473527456,0.8419612065472271,-0.24320325434785722
8.591666666666667,0.8499467750122427,-4.994968700534719,7.513568529081215,0.4123357045369768,-0.24321558062649634
8.6,0.8080893060792691,-5.04593750835879,7.5150083729170944,-0.07577169583689945,-0.2432282876598064
8.608333333333333,0.7659250525505178,-5.069054756081924,7.512167042400547,-0.613831605619346,-0.24324126590260015
8.616666666666667,0.7236766470881347,-5.066353067634187,7.504659061892749,-1.1947050084185722,-0.24325446546361873
8.625,0.6815557012356671,-5.038456834725897,7.49215214852203,-1.8127555437079546,-0.24326795546482075
8.633333333333333,0.6397740490316045,-4.9847194118553535,7.474355196634301,-2.4637020345667535,-0.24328195202512748
8.641666666666666,0.59855349687817,-4.903431191589619,7.451007892188426,-3.144399973573054,-0.2432968448722654
8.65,0.5581337436756307,-4.792045368838001,7.421872058485473,-3.852655378037315,-0.24331322693497784
8.658333333333333,0.518778414798622,-4.647404164871894,7.386724265940106,-4.587110114660048,-0.24333192891396732
8.666666666666666,0.4807791937121788,-4.46597196712828,7.345349102303906,-5.347194019421287,-0.2433540610068149
8.675,0.4444578918903156,-4.2441039660745465,7.2975327076835255,-6.133097414256306,-0.2433810642628086
8.683333333333334,0.4101659330326283,-3.978412533086397,7.2430567958262095,-6.945656895481618,-0.24341477375415915
8.691666666666666,0.37827996850373713,-3.666358728972419,7.181694693585012,-7.785934633396014,-0.24345749294912078
8.7,0.3491908031252839,-3.3073244299868767,7.113213575444256,-8.65405250228456,-0.243512068638695
8.708333333333334,0.3232798033577074,-2.9046509006920314,7.037392240692649,-9.546443041688617,-0.24358192760723868
8.716666666666667,0.3008715943990605,-2.469450531555748,6.954073127624998,-10.450095097525386,-0.24367096816651457
8.725,0.2821443528600332,-2.0270768072167282,6.86328087429892,-11.332110301530152,-0.24378306344870715
8.733333333333333,0.2669761221730199,-1.6255732339233682,6.765447262641502,-12.125235967539785,-0.24392075821920234
8.741666666666667,0.2547325655205951,-1.339328769651463,6.661742511439618,-12.719932724314466,-0.2440828460500618
8.75,0.24409793982357264,-1.2520716561609828,6.554357770486357,-12.98899684002164,-0.2442617034362743
8.758333333333333,0.23316937187781508,-1.4125092221654973,6.44638472999495,-12.85692274742785,-0.2444433954013862
8.766666666666666,0.21992329152411758,-1.7988677508715,6.341107785823722,-12.356168020295362,-0.24461269585328926
8.775,0.2027678007460096,-2.3365223093250878,6.241161610667607,-11.598679727000276,-0.2447593266852453
8.783333333333333,0.1807857668812092,-2.945428343099067,6.148182189749301,-10.700873377515833,-0.244879973944522
8.791666666666666,0.15364076139868646,-3.568360142693884,6.062982135067211,-9.741110357417645,-0.24497628300008856
8.8,0.12136549349987301,-4.172994072089851,5.985889432708063,-8.759287754611028,-0.24505215517486034
8.808333333333334,0.08418472490985196,-4.744153395614889,5.917010576493986,-7.771130526920662,-0.24511203507723894
8.816666666666666,0.04240449635318388,-5.276517542626509,5.856376721899918,-6.78063906054254,-0.24516015506425926
8.825,-0.0036489610594398723,-5.769984086106924,5.80400701971675,-5.787593314489849,-0.2452002944416085
8.833333333333334,-0.05366051959578484,-6.226976871862536,5.759925294548418,-4.7915744070546396,-0.24523574252414876
8.841666666666667,-0.10733952684386469,-6.650686084181104,5.724151264875665,-3.7943174895910463,-0.24526931458436713
8.85,-0.1644196391607696,-7.043470783593937,5.696674288037036,-2.8017415236514718,-0.24530335747949034
8.858333333333333,-0.2246440018975639,-7.4048579660836635,5.677408022367821,-1.8266406672012876,-0.24533971751746375
8.866666666666667,-0.2877306492091923,-7.728757126759504,5.666117473300597,-0.8926832519803711,-0.24537965508309517
8.875,-0.3533115321909979,-8.000020178632319,5.66230763423257,-0.03943624604889584,-0.24542370109211492
8.883333333333333,-0.4208448352756701,-8.191921745395923,5.665074453788078,0.6744174532822607,-0.24547149408451618
8.891666666666666,-0.48952340168978753,-8.268630665801844,5.67295983918534,1.1768084297855994,-0.24552175996438225
8.9,-0.5582421090536115,-8.197327788955397,5.683921889561126,1.404909887444069,-0.24557232203862622
8.908333333333333,-0.6256997794774232,-7.966686740802558,5.695550482172269,1.338321378809888,-0.24562040770227678
8.916666666666666,-0.690630471878276,-7.596482277597185,5.7055118394837185,1.0155988883214806,-0.24566352626123195
8.925,-0.7520337958381049,-7.127652585955453,5.7119840795484045,0.5154571183286281,-0.2457002634628897
8.933333333333334,-0.8092706180579734,-6.602953444708258,5.71384287415667,-0.07898295766450751,-0.245730385536248
8.941666666666666,-0.8620178927041365,-6.054357733993272,5.71058541926662,-0.7038811177482692,-0.24575442674997577
8.95,-0.910163955821029,-5.50088884173142,5.702139145874655,-1.3194722850054499,-0.24577332309198474
8.958333333333334,-0.9537119296923051,-4.95174619070388,5.688678780878067,-1.9050220809740903,-0.24578818413954914
8.966666666666667,-0.9927143235957149,-4.410158860897162,5.670496256680941,-2.4521110720036696,-0.24580012129479478
8.975,-1.0272359413161545,-3.8762177560586153,5.647920881667137,-2.9595036611135823,-0.24581016153103377
8.983333333333333,-1.0573355015628874,-3.348578950134985,5.621274113138587,-3.4299112810871795,-0.24581921756015415
8.991666666666667,-1.0830579573477315,-2.8253927544788957,5.590845293071377,-3.868092006746042,-0.24582808828538422
9.0,-1.1044325719060302,-2.3048061072450388,5.556879711833077,-4.279708243614894,-0.24583747329871702
9.008333333333333,-1.1214743059144667,-1.7852895127396495,5.51957455969116,-4.670516944865437,-0.2458479918807263
9.016666666666666,-1.134187835921345,-1.2659674822947375,5.479081333369516,-5.0455854568288965,-0.24586020010658843
9.025,-1.1425748416855623,-0.7470942882192775,5.43551554175913,-5.408285641277775,-0.2458745999479206
9.033333333333333,-1.1466462732315639,-0.2307885307771067,5.388976451937933,-5.758861785064179,-0.2458916322765226
9.041666666666666,-1.1464419918693007,0.27793827857748493,5.339580902719644,-6.092494177313861,-0.24591164287252587
9.05,-1.1420596827684442,0.7700487364864603,5.287514536530423,-6.397159745110019,-0.24593483211402817
9.058333333333334,-1.1336914485376854,1.2319404571627064,5.233098056825144,-6.652453423038478,-0.24596119215096063
9.066666666666666,-1.121658238097868,1.64672696069802,5.176852163939697,-6.831470825622185,-0.2459903556195279
9.075,-1.1064221569950652,1.9983282576876558,5.119527228833446,-6.907512040338476,-0.2460214688014511
9.083333333333334,-1.0885553069218823,2.27740191577047,5.062060580944542,-6.864069943405511,-0.24605323365239173
9.091666666666667,-1.0686635528037354,2.485517256904068,5.005457014298357,-6.702063448639896,-0.24608417090649243
9.1,-1.0472951594756252,2.634354695943977,4.950641542958277,-6.438810834638407,-0.2461129832826935
9.108333333333333,-1.024875470424226,2.7407562303514768,4.898353234567336,-6.100024068274041,-0.24613881214260502
9.116666666666667,-1.001687203247876,2.821363469089325,4.849113332317607,-5.711050440843762,-0.24616128799702533
9.125,-0.9778870349247513,2.8894850755189863,4.803252562324666,-5.291787055447146,-0.24618043036232581
9.133333333333333,-0.9535378821076209,2.9543324636832766,4.760963630507048,-4.855503838486637,-0.24619650292734968
9.141666666666666,-0.9286412780231095,3.0215708798745866,4.722353233283886,-4.409821416117616,-0.24620989187817377
9.15,-0.9031630960990124,3.0942487263971357,4.68748260634412,-3.9582925980581596,-0.24622102635530974
9.158333333333333,-0.8770517187378447,3.1736377229662165,4.656395267119004,-3.5018242186492334,-0.24623033454633758
9.166666666666666,-0.8502501156405767,3.259848726903881,4.629134423556799,-3.0397277372493754,-0.2462382228351176
9.175,-0.8227037064606605,3.352235075725152,4.605753111331517,-2.5704272164939934,-0.24624506744986865
9.183333333333334,-0.7943655672971186,3.4496359907964957,4.5863195418673355,-2.0919166148647736,-0.24625121159636
9.191666666666666,-0.7652000941289723,3.5505110516035767,4.570919377557573,-1.602052504979066,-0.24625696388093574
9.2,-0.7351858610193499,3.6530043256293925,4.55965602637609,-1.0987452251609056,-0.2462625956280347
9.208333333333334,-0.7043181410257465,3.754964801591594,4.552649617711409,-0.5800895280025267,-0.24626833575266768
9.216666666666667,-0.6726113742287265,3.8539410949277,4.55003505191217,-0.04445922446378787,-0.24627436247209614
9.225,-0.6401017410837793,3.94716364361563,4.551959356146083,0.509417558188042,-0.24628079593262472
9.233333333333333,-0.6068498941833642,4.0315250353022485,4.5585784276749495,1.0823895597732034,-0.2462877479130729
9.241666666666667,-0.5729438708942398,4.103556994348457,4.570053389808967,1.6748612969108865,-0.24629539776758613
9.25,-0.538502162015318,4.159418137837945,4.586546871038562,2.286790677213104,-0.2463040142751769
9.258333333333333,-0.5036768223820941,4.1948960740142756,4.608219365846439,2.917715577890475,-0.24631397108141956
9.266666666666666,-0.46865650052498903,4.205424970556672,4.635226003676024,3.566827385851593,-0.24632576316866273
9.275,-0.4336692566832412,4.1861184727640826,4.667714173591133,4.2331052219299465,-0.24634002435996966
9.283333333333333,-0.3989850550508652,4.13181388103564,4.705822571597539,4.9155256992651495,-0.24635754653698266
9.291666666666666,-0.36491787186684144,4.03711804210545,4.749682364812281,5.613363907681667,-0.24637930241911404
9.3,-0.33182746872169433,3.896438372348285,4.79942130271977,6.326602808908127,-0.24640647557214218
9.308333333333334,-0.30012105340592743,3.70397383114771,4.855171762553819,7.056472068705386,-0.24644050402192114
9.316666666666666,-0.2702553014498791,3.453630598926145,4.917083923058,7.806146104350955,-0.24648314787879483
9.325,-0.24273955132570504,3.1388160246242007,4.985345572294106,8.58164788698977,-0.246536597592797
9.333333333333334,-0.21814141928586916,2.752053776720151,5.06021054710505,9.393031532635835,-0.24660364959966702
9.341666666666667,-0.19709657629007327,2.284360954509297,5.142038536629674,10.25594559761181,-0.24668799351572446
9.35,-0.1803248132906676,1.7243668356581874,5.231349836816616,11.193664502567605,-0.2467946853914183
9.358333333333333,-0.16865403829449746,1.0573589034228699,5.328898625128139,12.239422246057751,-0.24693093178448905
9.366666666666667,-0.16304956003400367,0.26528617474733734,5.435762950510169,13.437625169676668,-0.24710737248898534
9.375,-0.1646269472141919,-0.6680624012191791,5.553421123100295,14.837404284764528,-0.2473400171674467
9.383333333333333,-0.17455478576121855,-1.7316317807286667,5.6836685191373855,16.453801561180843,-0.24765239248061893
9.391666666666666,-0.1935317240189143,-2.80155856002189,5.827856119029566,18.12841783143834,-0.24807277879905687
9.4,-0.22020731410148403,-3.488970647601858,5.984365697980225,19.269472920348953,-0.24860728130433107
9.408333333333333,-0.24916839211151195,-3.2969025005802637,6.145226757443269,19.08747289504741,-0.24918625295433672
9.416666666666666,-0.27290976680131757,-2.313262435181549,6.299136231833968,17.724770725629917,-0.24969476717987932
9.425,-0.28701848970608507,-1.064978193632503,6.439725229520824,16.013970933347235,-0.25008481966235063
9.433333333333334,-0.29082616301824366,0.13116052582701943,6.566405835113825,14.423662867921387,-0.25037285622699174
9.441666666666666,-0.28521524819109884,1.191846584428579,6.680710585713539,13.042663402486857,-0.2505870219057009
9.45,-0.2713386331557149,2.11736087218848,6.784262664116444,11.833823011553834,-0.25074891313770636
9.458333333333334,-0.25025318786783385,2.9249822661547267,6.878265225476968,10.742086500205247,-0.25087317664384157
9.466666666666667,-0.2228700032024492,3.6312919092119986,6.963493643350576,9.721406655142191,-0.25096969694436827
9.475,-0.1899763447539924,4.249424230843409,7.040391275862747,8.738011355642385,-0.25104540303678746
9.483333333333333,-0.1522619739944614,4.789856454234416,7.109165004713513,7.768499501577023,-0.2511054189553102
9.491666666666667,-0.11033597397362131,5.2616726482399905,7.169861226326068,6.797362195782764,-0.2511537494238672
9.5,-0.06473384425986921,5.673591792764503,7.222422319790355,5.81481410226133,-0.251193677123617
9.508333333333333,-0.015917424674303175,6.034663700928832,7.266726528027224,4.814966335176204,-0.2512279848955873
9.516666666666666,0.03572977405453464,6.3546891950364515,7.302613676883206,3.794237923307131,-0.2512590726028321
9.525,0.08990989923478923,6.644453489701524,7.329898358573787,2.749926214840264,-0.25128901285354416
9.533333333333333,0.14641955670030582,6.9158590388234105,7.348371726319493,1.6789009856381933,-0.25131957403647165
9.541666666666666,0.20515952645575963,7.182018739176949,7.357792949874227,0.5764368280769829,-0.2513522273756613
9.55,0.26614510677349884,7.457302119557397,7.357871847913866,-0.5647019213009399,-0.2513881467734214
9.558333333333334,0.3295160404914842,7.757125627230757,7.348246330748729,-1.7544682975374228,-0.2514284582007777
9.566666666666666,0.3955416690176092,8.096853580120131,7.32846438819322,-3.0039781270943355,-0.25147513933068044
9.575,0.46460742939969896,8.487908810609994,7.297996140176288,-4.318956774871346,-0.25153157008837224
9.583333333333334,0.537141817400278,8.92621384456174,7.2563479547989616,-5.679834511651969,-0.25160271894713004
9.591666666666667,0.6133853621397479,9.364302449902857,7.203448157863447,-6.993912165732029,-0.2516943690000266
9.6,0.6928524867801464,9.669174507135631,7.140556986491015,-8.023858561191814,-0.2518092552635326
9.608333333333333,0.7735934818439484,9.637517628686009,7.071504724474767,-8.416807787590196,-0.25193920531135466
9.616666666666667,0.8522515774232589,9.174263975850586,7.002530951095181,-8.015538958044433,-0.2520633877984766
9.625,0.9256898645876354,8.422047300299692,6.939403850091844,-7.080725357146078,-0.25216362121186364
9.633333333333333,0.9924141985859665,7.592181510442435,6.884923166601271,-5.99351335241467,-0.2522362731863978
9.641666666666666,1.0523507954042517,6.804288979755025,6.83930919327249,-4.974209505969627,-0.2522867318580564
9.65,1.1060363231943509,6.093502649241159,6.801628805022439,-4.093569763968383,-0.25232158583760733
9.658333333333333,1.1541185062812709,5.457789862678704,6.77068683166548,-3.3549867123350166,-0.25234586651224444
9.666666666666666,1.1971731118910816,4.884583164767052,6.745365451379163,-2.7412336884499084,-0.2523629563206242
9.675,1.2356647963967498,4.360617647037242,6.7247092943215545,-2.2320782067541827,-0.2523750662829357
9.683333333333334,1.26995543590984,3.874663915307348,6.7079240858535805,-1.8094507776974245,-0.25238365557247966
9.691666666666666,1.300323315408874,3.4178615356240787,6.69435338632556,-1.458336207033594,-0.2523897111702986
9.7,1.3269816599550202,2.983383350280623,6.683454235238174,-1.1664204999858192,-0.2523939210932489
9.708333333333334,1.3500937267551474,2.565992795037889,6.674777101999032,-0.9234957567693405,-0.2523967799832515
9.716666666666667,1.369784376707566,2.1616528506957016,6.667950671395699,-0.7209167992141449,-0.25239865373059844
9.725,1.386148722407462,1.7672157287893238,6.662670691101906,-0.5511716555286916,-0.2523998194640464
9.733333333333333,1.3992585026957063,1.3801851046058586,6.658691939473458,-0.4075588886200794,-0.25240049060989406
9.741666666666667,1.4091667230470653,0.9985349965947226,6.655822516030458,-0.28394878186234196,-0.25240083277688474
9.75,1.4159109695935843,0.6205702711112749,6.653919853181368,-0.17460555472332745,-0.25240097391247196
9.758333333333333,1.4195156903758546,0.24481644255762428,6.652888021958347,-0.07405181529210585,-0.2524010108129462
9.766666666666666,1.419993645429223,-0.13007104975746742,6.6526760436414705,0.023039447473774004,-0.2524010132794637
9.775,1.4173466584214014,-0.5053844359422646,6.653277023902966,0.12193553085355105,-0.25240103287382915
9.783333333333333,1.4115657481393762,-0.8824375719328887,6.65472800669942,0.22792894977943443,-0.25240113187568464
9.791666666666666,1.4026306197682492,-1.26264536276991,6.6571105578547485,0.34642802206109863,-0.25240139820643126
9.8,1.3905084724116448,-1.647609782484525,6.660552138581286,0.48305763355499337,-0.25240194929112875
9.808333333333334,1.3751520285484888,-2.039222102400155,6.66522840465923,0.6437827476735561,-0.25240293763529187
9.816666666666666,1.3564966124048423,-2.4397905908650706,6.671366675730438,0.8350682234453266,-0.2524045595383344
9.825,1.3344560199736846,-2.852204900220725,6.679250945255214,1.0640919324923053,-0.2524070686953427
9.833333333333334,1.3089168192137188,-3.2801509408790044,6.689228960268254,1.3390321839387374,-0.252410797574505
9.841666666666667,1.2797305955240645,-3.7283916803564328,6.701722085853776,1.6694522333865973,-0.2524161913692497
9.85,1.2467035385079,-4.203125334724763,6.717238834567725,2.0667956505309144,-0.25242386257448135
9.858333333333333,1.2095827476357126,-4.712408294301085,6.736392907726248,2.5449607204674196,-0.2524346797242848
9.866666666666667,1.1680390339049833,-5.266542305147433,6.7599257969147795,3.120763689166276,-0.25244991263755934
9.875,1.1216477800925888,-5.878047046416387,6.788730731080372,3.813609514558154,-0.2524714682586303
9.883333333333333,1.0698754108463544,-6.560018876602147,6.8238641326775396,4.642258955761748,-0.2525022553804181
9.891666666666666,1.0120967821522118,-7.319483734792122,6.866499708303364,5.612788851418058,-0.2525466566862505
9.9,0.9477142919140322,-8.137872966716795,6.917701494387477,6.684156541920229,-0.25261074595314725
9.908333333333333,0.8765285412699071,-8.929702015442608,6.977756561193791,7.696221178548062,-0.25270077081433245
9.916666666666666,0.79947389805243,-9.508820969438453,7.04487584411117,8.311921269348543,-0.25281711164236104
9.925,0.719190638613362,-9.68485942176669,7.114191672725027,8.18710312521289,-0.25294632796714156
9.933333333333334,0.6391603879816109,-9.471432124128137,7.179275702484982,7.335724532451137,-0.2530666287294304
9.941666666666666,0.5618799535751452,-9.059413613959885,7.235357333120064,6.086682509507065,-0.2531651347802665
9.95,0.48825630205932025,-8.612939949389506,7.280436476240455,4.729594219610436,-0.25324183121838484
9.958333333333334,0.4182225009057792,-8.203677812301503,7.314263788274718,3.398164168475522,-0.25330205249775417
9.966666666666667,0.3513823486334321,-7.846299103173124,7.337250558410172,2.129704528711042,-0.2533511455356033
9.975,0.28732826307133297,-7.532867035568495,7.349933851282505,0.9239683546392075,-0.25339296745222056
9.983333333333333,0.22575296581983467,-7.248794311902658,7.3527954809101725,-0.2293898683581583,-0.2534298904877165
9.991666666666667,0.16647655521299068,-6.978604021272643,7.346226563145376,-1.3409375517829498,-0.2534632066611239
10.0,0.10944506495784462,-6.707675752450691,7.330540114021938,-2.418702280732829,-0.2534940165758905
10.008333333333333,0.05472133804633984,-6.422612476272646,7.305993484667091,-3.468098291331496,-0.25352369977518396
10.016666666666666,0.0024746842746227087,-6.111250033835397,7.272807340570148,-4.49267631131758,-0.2535539289971559
10.025,-0.04702910146615942,-5.762580659311379,7.231176839014045,-5.495203762405856,-0.253586673269152
10.033333333333333,-0.0934369351587501,-5.3666393129234615,7.181273067476681,-6.4789070870904935,-0.25362421413159053
10.041666666666666,-0.136316414257021,-4.91431256802967,7.123233632970497,-7.448831697742698,-0.2536691878814528
10.05,-0.1751616177532847,-4.3969950322786175,7.057141394663419,-8.41333354551033,-0.25372467764519935
10.058333333333334,-0.2093951211159473,-3.8060116129485313,6.982990040729265,-9.385757108429926,-0.25379439244987956
10.066666666666666,-0.23836400219040285,-3.131748550935848,6.900634629231082,-10.38637813708118,-0.2538829907155854
10.075,-0.2613275057109536,-2.362549686465355,6.809724771211013,-11.444603175165188,-0.25399663924568183
10.083333333333334,-0.277435934237176,-1.4838716464761066,6.709620006332632,-12.600835351577706,-0.2541439486171748
10.091666666666667,-0.2857097887233039,-0.47981488905800207,6.599299986224973,-13.904896294314868,-0.25433745178688716
10.1,-0.28506490137976803,0.6551457790617607,6.477339188620303,-15.39848559959229,-0.2545955132996692
10.108333333333333,-0.27455347229050026,1.8698464053260448,6.342220460366426,-17.040787912554105,-0.25494288924768316
10.116666666666667,-0.25428295030261366,2.936062296764182,6.193764947690763,-18.50681056340801,-0.25540028978994084
10.125,-0.22737086956709998,3.37726919631889,6.036353180837497,-19.05236288292807,-0.2559434411447967
10.133333333333333,-0.200549887011625,2.927190067590076,5.880095366614098,-18.250621832640938,-0.25647526717745617
10.141666666666666,-0.18004149261046612,1.952196600241431,5.734290568432693,-16.68619371679442,-0.25690962867002554
10.15,-0.16820480858649492,0.8976945114183917,5.602143490228555,-15.049844004355233,-0.25723551876881695
10.158333333333333,-0.16477769184178934,-0.05264142289122058,5.482927247254826,-13.59800060504757,-0.2574772061111161
10.166666666666666,-0.1686962827669621,-0.8652460613492914,5.374938455807796,-12.350394379441779,-0.2576590018022889
10.175,-0.17884475691852544,-1.5506567362796806,5.276635885905551,-11.26535941938912,-0.2577981507618956
10.183333333333334,-0.19423606710020438,-2.126354020811152,5.1868560235583825,-10.298199744930935,-0.25790621448364337
10.191666666666666,-0.21402218319734387,-2.607687940532648,5.104770231388512,-9.413816053076118,-0.2579910024868917
10.2,-0.2374693088545067,-3.006776510587269,5.029799662550996,-8.587090319132004,-0.25805795361971473
10.208333333333334,-0.2639334235984833,-3.3331972021458407,4.961540119469289,-7.800858093890664,-0.25811100033384815
10.216666666666667,-0.29284274616129075,-3.594838467304351,4.899704536500998,-7.043863670736564,-0.2581530935313528
10.225,-0.32368654064594143,-3.798551309593033,4.844080839814834,-6.309127846177472,-0.25818652150478466
10.233333333333333,-0.3560083794972312,-3.9505723505961154,4.79450172799946,-5.592704707843274,-0.25821310531309255
10.241666666666667,-0.3894021348380346,-4.056764844679928,4.750823514420359,-4.892735158694246,-0.2582343196658565
10.25,-0.42350941044673335,-4.122731982706842,4.712911895303792,-4.208720657635934,-0.2582513688886556
10.258333333333333,-0.4580175503243195,-4.153848810724481,4.680633039504006,-3.540965389858985,-0.25826523615482844
10.266666666666666,-0.4926577018534721,-4.155248506133621,4.653848747317602,-2.8901529208251824,-0.25827671727695883
10.275,-0.527202667220446,-4.131788829458078,4.632414661358277,-2.257033641017467,-0.25828644597301076
10.283333333333333,-0.5614644552619453,-4.088016020049162,4.616180685993444,-1.642204422052023,-0.25829491463177773
10.291666666666666,-0.5952915594631063,-4.028136379931859,4.604992915441386,-1.0459643183026697,-0.2583024926868059
10.3,-0.6285660492363142,-3.9560002852749268,4.598696499061608,-0.46823160158482,-0.25830944348110324
10.308333333333334,-0.6612005830854313,-3.8750992502925987,4.597138988866557,0.09149102647001815,-0.25831593978421924
10.316666666666666,-0.6931354395387722,-3.788571682077287,4.600173796092508,0.6341061324443821,-0.2583220886333284
10.325,-0.7243356105465513,-3.699213080846813,4.607663385197974,1.1608780006654245,-0.2583280143315215
10.333333333333334,-0.754788014826235,-3.6094924393439474,4.619482132823381,1.6733911392139127,-0.2583339036169082
10.341666666666667,-0.7844988066336562,-3.5215565825918427,4.6355186793381336,2.1734673605726074,-0.2583399976002149
10.35,-0.8134906384670404,-3.43721281686436,4.6556774248566475,2.663042681971111,-0.2583465837981288
10.358333333333333,-0.841799634345624,-3.3578733781309813,4.6798787768650625,3.1439861853571904,-0.25835399088561634
10.366666666666667,-0.8694716567289225,-3.284436388608219,4.708057525929198,3.617824171863391,-0.2583625850720462
10.375,-0.8965571940160907,-3.2170666295140746,4.7401583351894105,4.0853116300404695,-0.25837276601004155
10.383333333333333,-0.9231038356478775,-3.1548266316354963,4.776126745672012,4.545769164926107,-0.25838495849011944
10.391666666666666,-0.9491448567044718,-3.0951035111150484,4.815893350350224,4.996091915447412,-0.2583995935621281
10.4,-0.974682062019845,-3.0328063174037574,4.859348132680676,5.429381792300195,-0.25841706927953484
10.408333333333333,-0.9996612452835855,-2.959430666552376,4.9063022338361595,5.8333532831328325,-0.2584376787043923
10.416666666666666,-1.023940518502978,-2.8623848088079678,4.956437475393166,6.189156552535626,-0.2584614967369423
10.425,-1.0472569500127493,-2.725440871446777,5.009252504104298,6.472048264113826,-0.25848823844072977
10.433333333333334,-1.069205623905476,-2.5314272682396424,5.0640288419731565,6.655769057598512,-0.2585171469125046
10.441666666666666,-1.089251922941605,-2.2673760982341533,5.119851260720213,6.720977996292602,-0.25854701338042796
10.45,-1.1067901812418968,-1.9299111158538353,5.1757039857611025,6.664021028785261,-0.25857640195019804
10.458333333333334,-1.121234525276201,-1.5269868055835092,5.2306183979400105,6.499526840128838,-0.25860400761585195
10.466666666666667,-1.1321017337563801,-1.0743503356891615,5.283804746254819,6.254190659381941,-0.2586289459585429
10.475,-1.1390511138692745,-0.5894730226304477,5.33471003963179,5.95648119218349,-0.25865082752924595
10.483333333333333,-1.1418775843295268,-0.08690031864887501,5.382997394777732,5.628937448268282,-0.2586696456944122
10.491666666666667,-1.1404781909986297,0.4234713108798613,5.428482266572106,5.2855102828510505,-0.2586856042568142
10.5,-1.134813976776341,0.9360182449526241,5.47106299919341,4.93245436728818,-0.2586990163420543
10.508333333333333,-1.1248789212461479,1.448259465190402,5.510665339436091,4.570463953632534,-0.2587102808183247
10.516666666666666,-1.110678505446523,1.9597533351210445,5.547204948189711,4.196728079620439,-0.25871985143757753
10.525,-1.0922163190722254,2.471286776397236,5.580565005638369,3.806474721333393,-0.25872822571524023
10.533333333333333,-1.0694861683088348,2.984353000522538,5.610584565927776,3.3940311984783715,-0.25873595081392325
10.541666666666666,-1.0424676802447974,3.500814532627832,5.6370543691864565,2.9535892995251074,-0.25874363830295033
10.55,-1.011124381364393,4.022623915943556,5.659718571736594,2.479899692005467,-0.2587519821768881
10.558333333333334,-0.9754043674589448,4.551453271432645,5.678282841004959,1.9691527560788502,-0.2587617751085928
10.566666666666666,-0.9352451030998485,5.0880345113815,5.692431699766233,1.4203840027721117,-0.258773916199338
10.575,-0.8905858686520453,5.630929161892215,5.701861359590314,0.8378770945877667,-0.25878939894447983
10.583333333333334,-0.8413940435549713,6.174380925565016,5.706338722602816,0.23513147789702732,-0.25880926043725244
10.591666666666667,-0.7877139247993503,6.70506492721989,5.705801138043263,-0.35935966148492615,-0.25883446516195346
10.6,-0.7297453577812886,7.19844652152932,5.700508125898363,-0.8959041547368988,-0.25886573373921373
10.608333333333333,-0.6679449330653557,7.617757132709363,5.691229408012994,-1.3024533469024964,-0.25890328298464566
10.616666666666667,-0.603106771122192,7.920775233041997,5.679389451204425,-1.4976993998902155,-0.2589463877650369
10.625,-0.5363447353348348,8.076182037743823,5.667027150672805,-1.421379870299797,-0.2589931774770865
10.633333333333333,-0.4689289692243675,8.079483908092273,5.656486368129051,-1.0637564477181833,-0.25904107743781646
10.641666666666666,-0.4020473248146348,7.953348909274135,5.649964288213373,-0.4670668285342951,-0.25908768568884943
10.65,-0.336635733165906,7.732521171734066,5.649177738688008,0.30109761196920587,-0.25913136917230284
10.658333333333333,-0.27334749497387356,7.44812418657856,5.655278208086495,1.1762919366288496,-0.2591713126204445
10.666666666666666,-0.2126187560146796,7.120744307845674,5.668945250543517,2.110629867786709,-0.25920752629704596
10.675,-0.1547583488185776,6.760753469690511,5.690533299546368,3.0734505892654416,-0.25924078241805876
10.683333333333334,-0.10002085065226357,6.371353420901,5.720198501126543,4.04701496871492,-0.2592724676933355
10.691666666666666,-0.04865324178233937,5.951612115216689,5.757987202453343,5.022066495682583,-0.25930447481537405
10.7,-0.0009193236878270606,5.498742123511671,5.803892429947414,5.994636400689439,-0.2593391446776459
10.708333333333334,0.04289203244300561,5.009758739842565,5.8578884616059606,6.963886641517205,-0.2593792504819136
10.716666666666667,0.08247126939347005,4.482934327319814,5.919949337368034,7.930271245971364,-0.259428007547332
10.725,0.11750567292102185,3.919605727640816,5.990050098906664,8.893043146690692,-0.2594890774360211
10.733333333333333,0.14771598284657797,3.32709316292639,6.068140054066975,9.845773703325902,-0.2595664921236888
10.741666666666667,0.17292518464477838,2.7236499835468173,6.154064601422786,10.768211065698878,-0.25966432866230893
10.75,0.19317854848572197,2.1456823458593353,6.247400387194923,11.613766003633842,-0.25978581481931184
10.758333333333333,0.20892367579022963,1.6537804894653048,6.347182149270339,12.297845435377226,-0.2599314987419494
10.766666666666666,0.22119864046226645,1.3260026842162072,6.451596065270873,12.705829534901023,-0.26009673329611
10.775,0.23166066726370488,1.2254383500334558,6.557906684852026,12.742852076648777,-0.26027048204934894
10.783333333333333,0.24227647869827065,1.3579579881901775,6.6629145204488935,12.400952220095265,-0.260438244523049
10.791666666666666,0.2547854778506764,1.6669014254141425,6.76377723561564,11.767817252042512,-0.2605880104862773
10.8,0.27032324860133367,2.0718627018439215,6.858576960390377,10.965238948131338,-0.2607139925363826
10.808333333333334,0.2893956560875579,2.5062082032752264,6.946335576632433,10.090807500351705,-0.26081596414453795
10.816666666666666,0.3120575701128127,2.928334759682563,7.026720826919567,9.202316009472169,-0.26089670299762874
10.825,0.3381064347317414,3.316733257273648,7.099746839962456,8.327438158691047,-0.26095993841138265
10.833333333333334,0.36721669006922153,3.662228851485268,7.165579712287939,7.476882425671182,-0.2610093051384079
10.841666666666667,0.39901721952857405,3.9623416685777912,7.224437064267704,6.653421591164031,-0.261047962945048
10.85,0.43313209444171,4.218001814476266,7.2765446604393285,5.856794182373889,-0.2610785262004728
10.858333333333333,0.46920086318601223,4.431784733657417,7.322122132188547,5.086038153474433,-0.26110310640995277
10.866666666666667,0.5068879419859116,4.606969352531439,7.361381903435751,4.340483503217376,-0.2611233826234066
10.875,0.5458860664301218,4.74700499661982,7.394533421877344,3.620118040330461,-0.26114066928090596
10.883333333333333,0.5859161995787149,4.855168838238969,7.4217892081399475,2.9257013183177576,-0.2611559734692479
10.891666666666666,0.6267249739438124,4.9343040539196705,7.443371503743405,2.2588160032234943,-0.261170041487583
10.9,0.6680800881672752,4.986584828931078,7.459519428308459,1.6219486872079634,-0.26118339678793434
10.908333333333333,0.7097637686751538,5.0132850342761905,7.470497074700498,1.0186366315935573,-0.2611963715712974
10.916666666666666,0.7515643105034913,5.01455057433053,7.476603094346811,0.45367384262480986,-0.26120913412863755
10.925,0.7932658204910014,4.989203085926311,7.4781820715563665,-0.0666801128924113,-0.2612217139812595
10.933333333333334,0.8346366597912152,4.934637052752937,7.475637270750318,-0.5346021078229173,-0.2612340336219792
10.941666666666666,0.8754177867486796,4.846926815689561,7.4694430814629476,-0.9409283780376809,-0.26124597410515693
10.95,0.9153134722728846,4.721309499583869,7.460153156937906,-1.275998071222843,-0.2612573960581681
10.958333333333334,0.953987871677411,4.553111710072355,7.4483985663023065,-1.5312113163558456,-0.26126812338343347
10.966666666666667,0.9910709941345838,4.339043049433471,7.434870302746637,-1.7011639893545947,-0.26127794693282036
10.975,1.026175801956317,4.078488615941736,7.420283654795868,-1.7857184219530684,-0.2612866538539384
10.983333333333333,1.0589241147140251,3.774234582236818,7.405328960219838,-1.79103937286539,-0.26129407339761046
10.991666666666667,1.0889746047258013,3.432209313146244,7.390620703504414,-1.7289007769203986,-0.26130011938732284
11.0,1.1160445930801,3.060313549867648,7.376659351562595,-1.6144312515626378,-0.26130481022633856
11.008333333333333,1.1399200867285735,2.6668785414586065,7.363815259523052,-1.4632678583881342,-0.2613082601605048
11.016666666666666,1.1604536202185507,2.2593664735853087,7.3523348742475685,-1.2892000089335094,-0.26131065014393307
11.025,1.177553549053056,1.843641552710766,7.342362330858198,-1.1028694080833348,-0.26131219271611833
11.033333333333333,1.1911696853257139,1.4237974875344335,7.3339674685598055,-0.9114854547918467,-0.2613131020481334
11.041666666666666,1.2012791603711375,1.0023474887646986,7.327173186061079,-0.7192012177639887,-0.26131357364583413
11.05,1.2078746571237327,0.5805741089739633,7.321978222267844,-0.5277831737861013,-0.26131377313545584
11.058333333333334,1.2109557357681833,0.1589064972964164,7.318374014617298,-0.33733509130224565,-0.26131383142101533
11.066666666666666,1.210523196268703,-0.2627322129798297,7.316355702332787,-0.14697141838037303,-0.2613138437998207
11.075,1.2065761962335702,-0.6846087127052387,7.315927768838428,0.04456581768146348,-0.2613138869694292
11.083333333333334,1.1991118912881373,-1.1068896006410114,7.317104730567173,0.2383320937905793,-0.26131405862736606
11.091666666666667,1.1881274860765694,-1.5293443690407835,7.319907027473948,0.43459116511854706,-0.26131449081467084
11.1,1.1736249044261615,-1.951011279677591,7.324351765715964,0.6321636223486327,-0.2613153516761758
11.108333333333333,1.155618434781517,-2.369818710857874,7.330437697981801,0.827698025930715,-0.2613168425944559
11.116666666666667,1.134145617910294,-2.782196038085902,7.338123996320824,1.0149292210288197,-0.2613191899074069
11.125,1.1092811008767727,-3.1827745204264914,7.347303378353503,1.184107988682496,-0.26132262815243607
11.133333333333333,1.0811519967978882,-3.564361847620051,7.357772307403696,1.321936028807819,-0.2613273727531791
11.141666666666666,1.0499515178212826,-3.918417909520724,7.369204209521406,1.4124207128184731,-0.26133358396041245
11.15,1.0159460170602619,-4.236164015241879,7.381134645478928,1.438897487059026,-0.2613413306249909
11.158333333333333,0.9794705849617729,-4.510159715519775,7.392967475428899,1.3869398542611258,-0.2613505684801989
11.166666666666666,0.9409113431469133,-4.735804215470186,7.404005836554345,1.2472019260885703,-0.26136114625760937
11.175,0.9006779356465272,-4.912089411107818,7.4135022561523956,1.0169907091103811,-0.2613728405930657
11.183333333333334,0.8591742378589451,-5.041266258220522,7.420714027966515,0.6999348808255614,-0.26138540423892087
11.191666666666666,0.8167757181016571,-5.127664026389055,7.424948893902918,0.3041270981752238,-0.2613986048366753
11.2,0.7738181356718488,-5.176254840112886,7.425592341332009,-0.16025022399350408,-0.26141223874057196
11.208333333333334,0.7305973407189237,-5.191490697883454,7.4221163097718765,-0.6828951065319456,-0.26142613258642483
11.216666666666667,0.6873767791781595,-5.176620884416982,7.414074673296538,-1.2545851011411777,-0.26144019528187334
11.225,0.6443988469983033,-5.13343591799824,7.401091646851402,-1.8676985949738054,-0.26145446863043925
11.233333333333333,0.6018969981419902,-5.0623162322451325,7.382848050431928,-2.5162535476773753,-0.2614691551205346
11.241666666666667,0.5601067093608411,-4.962437465603006,7.359068315436245,-3.195727283303014,-0.26148464364568413
11.25,0.5192744208154566,-4.832040298811612,7.329509292091604,-3.9028241519994777,-0.261501536567171
11.258333333333333,0.479664115071221,-4.668724283080046,7.293950915805749,-4.635268128597095,-0.2615206803259154
11.266666666666666,0.44156136139421864,-4.4697651977955015,7.252188457376438,-5.3916256170922825,-0.26154320137479214
11.275,0.4052745079844637,-4.232491345246352,7.204026308067959,-6.171098359647628,-0.2615705485389072
11.283333333333333,0.3711322310896472,-3.954800265212994,7.149274072957105,-6.973143805344363,-0.2616045409258631
11.291666666666666,0.3394756823682545,-3.6359735170535012,7.08774744196166,-7.796646674621306,-0.2616474146117742
11.3,0.31064167044750335,-3.2780752213142423,7.0192794721994805,-8.638140345909981,-0.2617018459778968
11.308333333333334,0.2849302081141155,-2.888397891216269,6.943753399583385,-9.488251977256876,-0.2617708941697964
11.316666666666666,0.26254533553504267,-2.4835113408799816,6.861176159556053,-10.325322737328701,-0.2618577351928024
11.325,0.24349503596057318,-2.0949023355772094,6.771818494931982,-11.105963220323185,-0.26196495920009527
11.333333333333334,0.22744499118769682,-1.773592092304429,6.6764355840644765,-11.756456610734233,-0.2620931787247057
11.341666666666667,0.21356389069214593,-1.5857499939791766,6.576514463001551,-12.17787105893448,-0.26223910091546837
11.35,0.20047857696203958,-1.5898535995764902,6.474361899944581,-12.280801879561109,-0.262394365745174
11.358333333333333,0.18647908512339484,-1.8034328669198987,6.372803914107923,-12.037678322904231,-0.2625471913741996
11.366666666666667,0.16993423484534587,-2.191391128008792,6.274552942328191,-11.501154812230025,-0.2626867013215626
11.375,0.14964965850665513,-2.689789963203121,6.181668135728012,-10.766182161002908,-0.26280651183307524
11.383333333333333,0.12496837408071862,-3.237831472527349,6.095422164854797,-9.920110392881645,-0.2629051488032432
11.391666666666666,0.09566781373773524,-3.7929619809824326,6.016478390031684,-9.020764324592626,-0.2629843818202902
11.4,0.0618021919293013,-4.330556320968174,5.945136780118202,-8.099016947196011,-0.26304744265126706
11.408333333333333,0.023575098493698984,-4.838429913628457,5.881517524783451,-7.168812718551237,-0.2630979178370533
11.416666666666666,-0.01874212288870251,-5.311806195376977,5.825664418803428,-6.235691233127507,-0.26313923265136124
11.425,-0.06485688585358076,-5.749918102926853,5.77759039686022,-5.30219953478872,-0.2631744605547211
11.433333333333334,-0.11447903353548505,-6.1538153167873935,5.737287999633713,-4.371101660437455,-0.26320626968038807
11.441666666666666,-0.16732899126299539,-6.524733382418681,5.7047181309151425,-3.4475555628476258,-0.2632369087782201
11.45,-0.22313283854268903,-6.862514120506017,5.679781733089513,-2.541160674065641,-0.2632681879544559
11.458333333333334,-0.28160320277564216,-7.1637445060554885,5.6622727942634015,-1.6684555005300699,-0.2633014341098009
11.466666666666667,-0.3424031502747904,-7.419567331185557,5.651808164783085,-0.8559282889488942,-0.26333741408878236
11.475,-0.4050921838179622,-7.613757535408644,5.647733269150534,-0.14246816310627186,-0.2633762353872633
11.483333333333333,-0.46906293229377427,-7.722813563434472,5.649019625756862,0.42181976078514694,-0.26341726891918843
11.491666666666667,-0.53349628948073,-7.720721231482543,5.654203413888196,0.7850040087353196,-0.26345920319900423
11.5,-0.5973804349807633,-7.589254857006316,5.661443985412216,0.91220104392601,-0.2635002265907071
11.508333333333333,-0.6596229246009241,-7.328576856608001,5.66875007966039,0.8043732031432613,-0.26353838844411875
11.516666666666666,-0.7192202790329837,-6.959172644975145,5.674305367857367,0.5011526091134744,-0.26357214858811545
11.525,-0.775395791016313,-6.512920425629387,5.676730818965927,0.06402284615270945,-0.26360073793699135
11.533333333333333,-0.8276432285420512,-6.021126667270189,5.675171429223963,-0.4459725525185593,-0.2636241244022328
11.541666666666666,-0.8756879301383831,-5.507436509045659,5.669228004790914,-0.981723274034859,-0.2636427826506036
11.55,-0.9194147792597558,-4.986652898510618,5.658823686914387,-1.5127781189675087,-0.2636574855443168
11.558333333333334,-0.9588013430502128,-4.466633361829047,5.644075726160114,-2.022290990247563,-0.2636691217298245
11.566666666666666,-0.9938703659806495,-3.9507424414033943,5.625200124933273,-2.5027282575766434,-0.2636785769702539
11.575,-1.024660876148008,-3.4397878985082664,5.602449524134806,-2.9523370324840026,-0.2636866735144888
11.583333333333334,-1.0512125932488081,-2.933291945899988,5.576075860894547,-3.372715714743675,-0.26369414742816377
11.591666666666667,-1.0735587228714316,-2.4302691830269354,5.546309496161642,-3.767232329620071,-0.2637016471432314
11.6,-1.0917239262915064,-1.929723806441459,5.513349211741732,-4.139942431941937,-0.2637097418353553
11.608333333333333,-1.1057258894924733,-1.4310418348955447,5.477360195795429,-4.494710289758468,-0.26371893205651853
11.616666666666667,-1.1155802038834204,-0.9344131633110624,5.438479330951582,-4.834301092014691,-0.2637296567652394
11.625,-1.1213092413953072,-0.44138060652113664,5.396828792394248,-5.159271592446843,-0.2637422908531945
11.633333333333333,-1.1229562906192359,0.044448920873184625,5.352540035546422,-5.466587849058234,-0.26375712626100084
11.641666666666666,-1.1206060167534349,0.5166315040678621,5.3057900128583455,-5.748127899232379,-0.263774335194616
11.65,-1.114410471704256,0.9654211554346676,5.256848430174195,-5.989687520563378,-0.26379394505386755
11.658333333333333,-1.1046152777178668,1.3783261960556608,5.206127091334939,-6.171703546131477,-0.26381577376949744
11.666666666666666,-1.091574424438301,1.7423610299347083,5.154211662382498,-6.2728881992029075,-0.2638393363394033
11.675,-1.075739265149092,2.047835652944552,5.1018508400474705,-6.276572965210946,-0.26386382608892767
11.683333333333334,-1.0576150070022392,2.291968129601018,5.049890467358939,-6.176904262879865,-0.2638882260194777
11.691666666666666,-1.0376962425629979,2.47998228594305,4.999170905198436,-5.980916208607532,-0.2639115231924652
11.7,-1.0164072278657226,2.622970558740111,4.95043032990593,-5.705190582692659,-0.2639329195689863
11.708333333333334,-0.9940683245357728,2.7341437099714962,4.9042500154013275,-5.36977336248764,-0.2639519415776294
11.716666666666667,-0.970892515705075,2.825656904638758,4.861048541718256,-4.993008019607429,-0.263968432475767
11.725,-0.9470019933369755,2.9070078350766777,4.8211085608396225,-4.588958767704284,-0.26398247603046177
11.733333333333333,-0.9224521209871146,2.9847698553384285,4.784615186107396,-4.1670338441909625,-0.263994306698164
11.741666666666667,-0.89725431696862,3.063013410361298,4.751692103315598,-3.732735947622484,-0.2640042367821908
11.75,-0.8713943942593451,3.1439137432095396,4.722429763585707,-3.2887117256769893,-0.26401260776361357
11.758333333333333,-0.844845994265504,3.2282969880492742,4.696905107876005,-2.8356967262575057,-0.2640197615779612
11.766666666666666,-0.817580026371068,3.3160490003158563,4.675194324970449,-2.373237266058337,-0.2640260248969587
11.775,-0.7895712718415812,3.4063909261258916,4.657380505927761,-1.9002002926998636,-0.2640317004647346
11.783333333333333,-0.7608031478968611,3.4980505451377755,4.643557762635228,-1.415121080394992,-0.26403706132565297
11.791666666666666,-0.731271370552607,3.589359907308653,4.633832947966694,-0.9164385995117883,-0.2640423452989973
11.8,-0.7009870226739128,3.6783040049999696,4.628325745785189,-0.40265661563070937,-0.26404774811413295
11.808333333333334,-0.6699793548805559,3.762538810011212,4.627167636085945,0.1275441331963842,-0.2640534143399612
11.816666666666666,-0.6382985105631372,3.8393941557704405,4.630500051832349,0.6752190424869475,-0.26405943927025116
11.825,-0.6060182559953974,3.905868703835387,4.63847188959527,1.2410998567073064,-0.26406593846121373
11.833333333333334,-0.5732387912190062,3.958618447921652,4.651236763089905,1.8255866833022079,-0.26407310095617365
11.841666666666667,-0.5400896229678163,3.993954047020226,4.6689502595934185,2.428757194877101,-0.2640812051841807
11.85,-0.5067324235202902,4.007846910416635,4.691767413617177,3.0504124229374296,-0.26409063476932737
11.858333333333333,-0.47336379963716424,3.9959446788135167,4.7198407584408075,3.690171540493231,-0.2641018961378359
11.866666666666667,-0.44021789809611983,3.9535943751157654,4.75331941363387,4.347627911450142,-0.2641156384245432
11.875,-0.407568804507244,3.8758675247105203,4.792349776323628,5.022580420035376,-0.26413267698203874
11.883333333333333,-0.37573276017102203,3.7575764077772953,4.837078508433957,5.715356037871795,-0.2641540231107635
11.891666666666666,-0.34507033751033755,3.5932643169856426,4.88765865670735,6.427242656790639,-0.2641809246701714
11.9,-0.31598888672161374,3.3771455462621383,4.94425992144723,7.16105665017684,-0.2642149253436419
11.908333333333333,-0.28894579855399943,3.102963819977688,5.007084327907734,7.921878373918522,-0.26425795511824424
11.916666666666666,-0.2644534087675295,2.763734157153917,5.076388875012949,8.717999146750806,-0.2643124721174429
11.925,-0.2430866363846009,2.351343167532709,5.152517113379698,9.562122568324266,-0.26438168819979746
11.933333333333334,-0.22549447029135053,1.8560410053324325,5.235941779984534,10.47280050669391,-0.26446993039244665
11.941666666666666,-0.21241541169017986,1.2660789674408341,5.3273194727787505,11.475778501221928,-0.264583218329299
11.95,-0.20469232482819077,0.5685056894844486,5.427551790624645,12.60375810699581,-0.26473015917038034
11.958333333333334,-0.20326532742722137,-0.24538747296252952,5.537821417347052,13.889055526744153,-0.26492317426939566
11.966666666666667,-0.2090669313094319,-1.1592418695338598,5.659483159979984,15.331419498688636,-0.26517946942212495
11.975,-0.22259951035633813,-2.071400382285429,5.793446303940719,16.799596370062176,-0.26551846959481373
11.983333333333333,-0.24281144864167342,-2.6972425354456906,5.938383419571502,17.864037954449692,-0.26594488186650245
11.991666666666667,-0.26565187653750594,-2.6525844682872584,6.088311778690562,17.918216234022466,-0.2664153896237679
12.0,-0.28503370807963635,-1.9088454385364544,6.2340171664689805,16.91737608000793,-0.2668481372347852
12.008333333333333,-0.2965655004512414,-0.8361317818912144,6.368988733641651,15.447409368503601,-0.2671943429607092
12.016666666666666,-0.2989227713666219,0.26030830284391576,6.4914837605806355,13.969473156248714,-0.26745567559618294
12.025,-0.2924889181930973,1.265336583879523,6.602213148479055,12.63107370515899,-0.26765117211104583
12.033333333333333,-0.27814802985553744,2.1580254113138206,6.702393838331018,11.432887849365848,-0.2677985580094281
12.041666666666666,-0.25681386164673875,2.9456926215737016,6.793047957408739,10.337970968818121,-0.26791089056421324
12.05,-0.2293103898556998,3.6407097808684092,6.874874439208138,9.308528093858481,-0.26799737857537664
12.058333333333334,-0.19636056488630446,4.254601085334856,6.948287731171624,8.314513014006582,-0.26806465242331357
12.066666666666666,-0.1585978195771367,4.79738119228101,7.013486685206119,7.334051348469174,-0.26811769978373434
12.075,-0.11657640352356376,5.278167660898729,7.070516898768728,6.351945921355974,-0.26816045956934303
12.083333333333334,-0.07077572161695525,5.705918123404361,7.119319081824361,5.357937697939409,-0.2681961781288281
12.091666666666667,-0.021599124883228637,6.09000761895952,7.159763344840053,4.345085069702587,-0.26822761395253736
12.1,0.030631307858288038,6.44061724121678,7.191670637499551,3.3082993192348016,-0.26825714928194894
12.108333333333333,0.08568256706400931,6.768971741003619,7.214822603565151,2.243030025831042,-0.26828684665848473
12.116666666666667,0.1434199799772517,7.0874561951330195,7.228961218828216,1.1441421343082778,-0.26831847389338137
12.125,0.2038168407121149,7.409567608087391,7.233780401214126,0.005160324661952681,-0.26835350842145483
12.133333333333333,0.26696217528902577,7.74943782932399,7.228914511252913,-1.1815699146590641,-0.26839317694457
12.141666666666666,0.3330601780794957,8.120109998780332,7.213936733522978,-2.4223307681384476,-0.2684390994644854
12.15,0.40240388594045795,8.528567064743765,7.1883989784284505,-3.7137459967396165,-0.26849407768918443
12.158333333333333,0.47527884142348,8.962876734657636,7.151990640134792,-5.0207984978277755,-0.26856214282815627
12.166666666666666,0.5517051176657911,9.365659389586908,7.104973812108856,-6.231536979190791,-0.2686474838340197
12.175,0.6309247660239957,9.605119484565256,7.049049900706675,-7.10865128561268,-0.26875072011008516
12.183333333333334,0.7108596002789707,9.513832080771216,6.988257185069777,-7.359702542099259,-0.26886316836132185
12.191666666666666,0.7884169591239867,9.04422080987489,6.92837506443886,-6.908684664089428,-0.26896790749674593
12.2,0.8609260189728417,8.334007199239954,6.874366705445451,-6.007601531044099,-0.26905203442848624
12.208333333333334,0.927142225522565,7.5577265174188035,6.828600319367341,-4.974340378050419,-0.2691136479734742
12.216666666666667,0.986984502937807,6.813856760674376,6.791304926107893,-3.9932070589822337,-0.26915714388880063
12.225,1.0408857576777386,6.133563666475338,6.761718101428009,-3.1286722680649537,-0.2691877080887999
12.233333333333333,1.0893881637659697,5.5169309426021655,6.73881401206945,-2.388272525534042,-0.2692093537422463
12.241666666666667,1.1329845905788158,4.9542703078220045,6.721601491976089,-1.760114890788425,-0.2692248281988491
12.25,1.172078634746737,4.434610133863237,6.7092116765738306,-1.228150890470947,-0.2692359568870493
12.258333333333333,1.206987341135063,3.9483437171270115,6.7009074569907,-0.7772073146897736,-0.2692439621052228
12.266666666666666,1.237955461906021,3.487729463807262,6.696069745994907,-0.3941829812632042,-0.2692496825935432
12.275,1.2651704793078538,3.046713147477611,6.694180023438737,-0.06799117627421851,-0.26925371246352
12.283333333333333,1.288775297996381,2.620592999010874,6.6948050690733405,0.21082310567819618,-0.2692564871363293
12.291666666666666,1.3088781320008287,2.2056946146874448,6.697585061421979,0.45048327718927333,-0.2692583408984171
12.3,1.325559877587477,1.7990946554894307,6.702224799406916,0.6583263905233399,-0.2692595424206371
12.308333333333334,1.3388794110541609,1.3983988201381274,6.708487492638472,0.8410729135445439,-0.2692603088650562
12.316666666666666,1.348877232349522,1.0015645952879557,6.716190521192288,1.0050337331689885,-0.2692608150637913
12.325,1.3555777750317783,0.6067566039242205,6.725202731630606,1.1562746700093938,-0.2692612007621246
12.333333333333334,1.3589906102804465,0.21222420534784456,6.735442982989858,1.3007544420745962,-0.26926157633696396
12.341666666666667,1.3591106914213142,-0.18380775867905239,6.746879780686098,1.4444498924834257,-0.2692620274668199
12.35,1.355917721136192,-0.5832410200222026,6.759531936901514,1.593478493274408,-0.26926262886901337
12.358333333333333,1.3493746602901278,-0.9882111306154227,6.773470287634989,1.7542329617267975,-0.26926348166330066
12.366666666666667,1.3394252828702513,-1.4012085129885914,6.788820628839122,1.9335392309497963,-0.26926473319922584
12.375,1.3259906648594189,-1.8252147324024184,6.805768075674869,2.138841572904271,-0.26926658993573366
12.383333333333333,1.3089644479810616,-2.2638606291193217,6.824563100798989,2.3784202593340833,-0.2692693369217619
12.391666666666666,1.2882067037161882,-2.721602078501545,6.845529488964278,2.6616293584172572,-0.2692733678026262
12.4,1.2635363443113656,-3.203884588116832,6.8690741884728395,2.999098500120354,-0.26927923113491814
12.408333333333333,1.2347224945001665,-3.717203359463863,6.895698170876994,3.4027286097364335,-0.269287701499917
12.416666666666666,1.2014765945118282,-4.268802192588086,6.926004981024691,3.885026358983544,-0.2692998860992549
12.425,1.1634505472841297,-4.865363662769942,6.960697425056338,4.456643018160937,-0.2693173735015415
12.433333333333334,1.120254719244348,-5.509205329066462,7.000538027128485,5.119535115119092,-0.2693424005584195
12.441666666666666,1.0715272870898633,-6.189198051221093,7.046218230900239,5.850932552594307,-0.2693778981048691
12.45,1.0171113812218262,-6.863913629621045,7.098038342767627,6.5738569070941635,-0.26942697689828643
12.458333333333334,0.9573849117786103,-7.445164366511999,7.1553211602689295,7.128497684392473,-0.26949106577210824
12.466666666666667,0.8936095797431496,-7.817982285141116,7.215793252558377,7.307209883542146,-0.26956681812584143
12.475,0.8278430066440607,-7.922310258384552,7.275729755759534,6.997302096984426,-0.26964536147299056
12.483333333333333,0.7621820534465177,-7.808549111308721,7.331272133640724,6.279332503660036,-0.2697172285312687
12.491666666666667,0.6980112515091128,-7.581873246472113,7.379753754303308,5.332314599862662,-0.26977771720191557
12.5,0.6358963074436732,-7.325324229492105,7.419915960824042,4.300683318086702,-0.2698269590046211
12.508333333333333,0.5758877277083719,-7.080364291054103,7.451410478064553,3.2598264130736023,-0.26986726065109284
12.516666666666666,0.5178205544457597,-6.860049824608056,7.474301579807162,2.2381302663479987,-0.26990118317104506
12.525,0.4614873615350672,-6.663390036486555,7.488782788025149,1.241428735764681,-0.26993079942330306
12.533333333333333,0.4067172111149997,-6.483531202806288,7.495054107728912,0.2670074433999887,-0.26995754299073804
12.541666666666666,0.35340670570932525,-6.311506251610166,7.493281252169746,-0.6899893902556434,-0.2699822539675423
12.55,0.30153015161459285,-6.1377865177040025,7.483590306079189,-1.6339776257847882,-0.2700054794151296
12.558333333333334,0.251141430924789,-5.95285433188562,7.466075304296777,-2.5682027960761378,-0.2700279354016185
12.566666666666666,0.20237291747686773,-5.747410828946741,7.4408080573214175,-3.49479637974748,-0.270050597182435
12.575,0.15543323679223253,-5.512463849902633,7.407845926505854,-4.415184856212198,-0.2700747111809015
12.583333333333334,0.11060452946817964,-5.239364974992966,7.367235164940829,-5.330729826233622,-0.2701018139473669
12.591666666666667,0.06823957672632672,-4.919802906249056,7.319008175242789,-6.243543265215364,-0.270133762507744
12.6,0.02875926051408272,-4.545722655392972,7.263173290706163,-7.157467315360507,-0.2701727869197759
12.608333333333333,-0.007348824412817586,-4.10912071960427,7.199695660843509,-8.079233729008916,-0.2702215840580595
12.616666666666667,-0.03952934561023211,-3.6016627280409974,7.128467613656818,-9.01983653185589,-0.2702834830063962
12.625,-0.06715416598693931,-3.0140964718806718,7.049266578021592,-9.996145502365579,-0.27036272968883496
12.633333333333333,-0.08951176336947411,-2.3355506686174494,6.9616987893881515,-11.032663074740407,-0.2704649650574741
12.641666666666666,-0.10579182092952498,-1.553232536808756,6.865129721323601,-12.162732981414564,-0.270598005379789
12.65,-0.11507479795592955,-0.6544885474508697,6.758615444959191,-13.426233324720009,-0.2707730327074945
12.658333333333333,-0.11636864107403756,0.3621051201512126,6.640900063247306,-14.853010754200373,-0.2710060241252397
12.666666666666666,-0.10883549874362941,1.4475196846071772,6.510710900366492,-16.39992950582174,-0.27131777636885007
12.675,-0.09256926782576574,2.406834800499905,6.3679600579798326,-17.791065492669276,-0.27172538633127075
12.683333333333334,-0.0701952225793181,2.838446821550814,6.216366694016732,-18.403447250353686,-0.2722111594723927
12.691666666666666,-0.04754386863000292,2.4718187043513864,6.064700584327803,-17.805998965808406,-0.27269767521199584
12.7,-0.030506737776115657,1.5657135119867436,5.92182867298052,-16.41125367096663,-0.2731064167013939
12.708333333333334,-0.021792893449415107,0.5268684192176946,5.791596664586602,-14.851700740928553,-0.27341854449983605
12.716666666666667,-0.0215210713667385,-0.44320727975253255,5.673936979470255,-13.415263313735537,-0.27365122063271047
12.725,-0.028841943223292053,-1.2931909133322883,5.56752688102999,-12.150267186682113,-0.2738256377014407
12.733333333333333,-0.042743517395249814,-2.0244044306549998,5.471033523867502,-11.028708691103256,-0.2739580248362782
12.741666666666667,-0.06228883862535192,-2.6500499110210685,5.383425818726132,-10.011535235560682,-0.27405967452786584
12.75,-0.0866551751241017,-3.183515377705197,5.303976599600639,-9.065943680028512,-0.27413840314286914
12.758333333333333,-0.11512291582642123,-3.6360921224147127,5.232195565928438,-8.167832293199336,-0.2741997704444556
12.766666666666666,-0.14705823125238682,-4.017175089238053,5.167760803031646,-7.300605173780857,-0.274247880538788
12.775,-0.18189991554190907,-4.334904755697116,5.11046348721957,-6.453434684697231,-0.27428587624806894
12.783333333333333,-0.21915134939152195,-4.596717707704871,5.060166481983731,-5.619708978866335,-0.27431623871711586
12.791666666666666,-0.2583762739780269,-4.809709064720284,5.016774675087317,-4.7957653985599675,-0.27434096779550926
12.8,-0.299196861068241,-4.980828202558196,4.980214793008413,-3.9798741161494386,-0.27436169060426274
12.808333333333334,-0.34129288180583056,-5.116954830603736,4.950422809751631,-3.1714249219104502,-0.27437972783310505
12.816666666666666,-0.38440117188763395,-5.224900951340669,4.927337409796716,-2.370282893757197,-0.2743961361730646
12.825,-0.42831493248430547,-5.311374422391097,4.910898195609144,-1.576291285788929,-0.27441173804813646
12.833333333333334,-0.4728826515189971,-5.38292686728777,4.901047468715992,-0.7889098154050654,-0.2744271448501282
12.841666666666667,-0.5180065566594977,-5.445893067215832,4.897734468056481,-0.0069878071425098776,-0.2744427763862337
12.85,-0.5636404827352903,-5.506304750742538,4.900920855043332,0.7712963408998836,-0.27445889331954954
12.858333333333333,-0.609786732631802,-5.569726797002165,4.9105857029091835,1.5482499758020702,-0.27447579402873234
12.866666666666667,-0.6564910493010068,-5.640946249497125,4.926727839549435,2.32618403009898,-0.2744940075606
12.875,-0.7038336713580507,-5.72329622589104,4.949361652338827,3.1062446711005167,-0.27451431058711107
12.883333333333333,-0.75191208057483,-5.8172644951103205,4.978498443298317,3.885996098174715,-0.27453771395119075
12.891666666666666,-0.8008073458212468,-5.917844965909558,5.014099447105745,4.65486583955735,-0.2745653992704633
12.9,-0.8505212324339478,-6.010128854670217,5.055978798799512,5.386621624352714,-0.2745985236038786
12.908333333333333,-0.900870866590053,-6.063888962596545,5.103634302598627,6.0301881312875345,-0.27463776332838363
12.916666666666666,-0.9513490634155511,-6.032111274187897,5.156020387881687,6.507270675333695,-0.27468253742014814
12.924999999999999,-1.001024383144324,-5.863820365507965,5.211390153981327,6.734406754385317,-0.27473027828995045
12.933333333333334,-1.04862569792231,-5.533965738101053,5.26745311848529,6.6739392978921455,-0.27477673606176656
12.941666666666666,-1.0928673526010475,-5.064956756980587,5.3219409417413495,6.370104096242392,-0.27481777199893676
12.95,-1.1328082341235794,-4.511802848368231,5.373222538986293,5.922382621810417,-0.27485117845642115
12.958333333333334,-1.1679827710840824,-3.928658261419306,5.420519452634115,5.427333341164416,-0.2748769075742946
12.966666666666667,-1.1983013793082833,-3.3504528646180094,5.463722082261944,4.946972716580739,-0.274896131925245
12.975,-1.2238835059354127,-2.793413651138234,5.503091272677575,4.509945433638399,-0.2749103269347154
12.983333333333333,-1.2449301974692752,-2.262086725941421,5.53903037004052,4.123896352363309,-0.2749208113082939
12.991666666666667,-1.2616532662481554,-1.7552845827609425,5.571956795603219,3.785921834976942,-0.27492861953641407
13.0,-1.2742435142780937,-1.269553362176132,5.602242344053521,3.4886858887070855,-0.2749345171037168
13.008333333333333,-1.2828598009303889,-0.8008606537173754,5.630190393721997,3.2234289860876144,-0.2749390541592649
13.016666666666666,-1.2876276553953552,-0.3453080184805485,5.6560302906681645,2.9812721514244642,-0.27494261809935294
13.025,-1.288641603085062,0.10063039965700407,5.679918709984692,2.7536920489945915,-0.2749454748111393
13.033333333333333,-1.2859684705345382,0.540081678830902,5.701943210074054,2.5326244168982663,-0.27494780549721143
13.041666666666666,-1.2796504760080043,0.9758413591339966,5.722125901958531,2.3104087247300376,-0.2749497679694218
13.049999999999999,-1.2697075308146826,1.4104882546132886,5.740426314247451,2.0796626910777958,-0.2749515340649673
13.058333333333334,-1.2561385107042633,1.8465150393232184,5.756743118758486,1.83313785854007,-0.27495330104241383
13.066666666666666,-1.2389213788576448,2.286473592278033,5.770914602473992,1.5635633277418814,-0.274955302392897
13.075,-1.2180120295535848,2.733137159791886,5.782717787339887,1.263477091142781,-0.2749578199264059
13.083333333333334,-1.1933417006607845,3.189681978609875,5.791866084117613,0.9250427438883999,-0.27496119777121036
13.091666666666667,-1.1648127933071177,3.659886953182611,5.798005369986913,0.5398566773560111,-0.2749658588222611
13.1,-1.1322929977812792,4.148335771160075,5.800708511267906,0.0987766885781761,-0.27497232390808296
13.108333333333333,-1.095607890964548,4.660566488511371,5.799468857547516,-0.40812524883115714,-0.27498123509424843
13.116666666666667,-1.0545330029278608,5.203010270414335,5.793694781166939,-0.9911948669951567,-0.2749934262051462
13.125,-1.0087884216139507,5.782351256763206,5.782711004870974,-1.6597748060552875,-0.2750100743518483
13.133333333333333,-0.958044038603598,6.403389442803788,5.765781247898777,-2.4181163687991845,-0.2750328665267636
13.141666666666666,-0.9019550977216224,7.063475107680989,5.74218691998064,-3.2552771881878932,-0.27506415112917715
13.15,-0.8402687812089963,7.740516546896361,5.711432755907013,-4.123905878611181,-0.27510686875529394
13.158333333333333,-0.7730616602110625,8.374327272450955,5.673681697204093,-4.907847409952046,-0.2751637002838197
13.166666666666666,-0.701111562727161,8.858395776271925,5.630419316302968,-5.408922008135171,-0.2752347458878792
13.174999999999999,-0.6261491645557824,9.083816890968642,5.584893507989648,-5.425992442356896,-0.27531482058688433
13.183333333333334,-0.55050747834134,9.027795043318429,5.54147997552973,-4.912458006544453,-0.2753946216657701
13.191666666666666,-0.47624445622051265,8.771350059836573,5.504104965744477,-4.009418291231506,-0.27546646160222044
13.2,-0.4045769245709796,8.420331443961517,5.475200910168335,-2.9079218615042763,-0.27552772265423636
13.208333333333334,-0.3359705235404023,8.04454511634186,5.455815103145746,-1.7408973077137122,-0.2755794065939788
13.216666666666667,-0.2704852864569302,7.673701421819952,5.446181933158028,-0.5740083625137481,-0.2756235737678873
13.225,-0.2080450458550343,7.3134784115545814,5.446176656609596,0.5676686368470129,-0.2756619461007049
13.233333333333333,-0.14857907093461942,6.958496172331002,5.45555468612029,1.6777438393525765,-0.2756957310215527
13.241666666666667,-0.09208209440204687,6.599168124695585,5.47405357989601,2.7571214620754163,-0.27572628772685875
13.25,-0.0386348158573515,6.224770953701891,5.501430955415447,3.8092548136416577,-0.275755316003898
13.258333333333333,0.011592787216407953,5.824727041071013,5.537477746488163,4.838588341593144,-0.2757848372874974
13.266666666666666,0.05834496503424339,5.3890656531910714,5.582025594626244,5.850513962033418,-0.27581720984425595
13.275,0.10128577039322187,4.908503849163706,5.6349571276765955,6.852017384633734,-0.27585517971188744
13.283333333333333,0.14000442142647954,4.374336234242539,5.696223055333283,7.8526205430559815,-0.2759019800010785
13.291666666666666,0.17401938012785187,3.7782616368163566,5.765867444974665,8.865356455443985,-0.2759615031301961
13.299999999999999,0.20278147359001036,3.112389082937694,5.84405998211579,9.907371734937186,-0.2760385792777027
13.308333333333334,0.2256798724239214,2.370094051607935,5.931128469336984,10.999103681700134,-0.27613938862525833
13.316666666666666,0.2420644711172142,1.5495745984182594,6.027569390208096,12.15906512946026,-0.2762719655532924
13.325,0.2513238233878449,0.6647540178248369,6.133972448372568,13.386514900436085,-0.27644644697854825
13.333333333333334,0.2531143252164431,-0.22764416203857274,6.2506989228719565,14.616699935329233,-0.27667371653984507
13.341666666666667,0.24789917719987808,-0.9832550480567661,6.377037554361076,15.643696071410247,-0.2769591176410477
13.35,0.23775927231691588,-1.3694543484952195,6.509862452834215,16.110628270581575,-0.2772889226591868
13.358333333333333,0.2265522486454421,-1.2345181752454644,6.643281668941095,15.77866832414877,-0.2776230647123675
13.366666666666667,0.21833873103676316,-0.6882511541684733,6.771085228017812,14.821584880664068,-0.2779182093217327
13.375,0.21555272051910715,0.031067600394261593,6.889616470450376,13.609764212801787,-0.27815573387577675
13.383333333333333,0.21886473598418377,0.7567339714220915,6.997906923633918,12.389710808622967,-0.2783389586220445
13.391666666666666,0.2279822231730453,1.418230986502251,7.096348534132072,11.2525099981133,-0.27847861820574704
13.4,0.2422687996892576,1.9963863590199766,7.185717234463378,10.211219280062384,-0.2785851648168375
13.408333333333333,0.26102467203075497,2.4916728222289724,7.266766361682557,9.25292873128719,-0.2786668185498321
13.416666666666666,0.28358433911153713,2.9105436060488317,7.340114349285963,8.360119630990807,-0.27872968811556975
13.424999999999999,0.3093426474033279,3.2606109701705,7.406240759131385,7.5175050453168355,-0.27877829313808267
13.433333333333334,0.3377571743988767,3.5492135435551146,7.4655130419204,6.713506126840031,-0.27881602527146937
13.441666666666666,0.36834435030601825,3.7831305930404366,7.518216979628936,5.940001858303502,-0.2788454780194331
13.45,0.4006748834926071,3.9686255351117015,7.564582707121407,5.1916334991330775,-0.2788686680021769
13.458333333333334,0.4343698699880271,4.11154289591327,7.604804679663564,4.465082835549044,-0.2788871809779024
13.466666666666667,0.4690976226947546,4.217378522831364,7.639055990065552,3.7584469532302767,-0.27890226894906855
13.475,0.5045709196094889,4.29131032741865,7.6674979814808255,3.070735164429826,-0.2789149164609407
13.483333333333333,0.54054436852453,4.338197368470697,7.690286167764243,2.401484322848398,-0.27892588786334155
13.491666666666667,0.576811671392661,4.362558405400912,7.7075734039148305,1.750481593834354,-0.2789357628866286
13.5,0.6132026546673408,4.368538170448097,7.719511155484955,1.117583797847331,-0.2789449649139847
13.508333333333333,0.649579980635263,4.359864615842589,7.726249635534192,0.5026252699902517,-0.2789537843967895
13.516666666666666,0.6858354585039981,4.339794702775427,7.727937528909292,-0.09458907226384211,-0.27896239866325456
13.525,0.721885819155143,4.3110362461020815,7.724722050650182,-0.6741905039066479,-0.27897090171404443
13.533333333333333,0.7576676759125643,4.275631461076621,7.716750269913532,-1.2360445048571944,-0.2789794042367818
13.541666666666666,0.7931313614401337,4.234797840765091,7.704172423224549,-1.7794643024880328,-0.2789880867171381
13.549999999999999,0.8282330960372869,4.18868141695753,7.687148309768666,-2.302749228818593,-0.27899718230749815
13.558333333333334,0.8629246690725013,4.136004894693159,7.665858315853911,-2.802534891502194,-0.2790069516881066
13.566666666666666,0.8971397486280092,4.073614768717734,7.640520608266008,-3.2729709401185496,-0.2790176498130464
13.575,0.9307762123826786,3.9960011158717537,7.611415518647253,-3.70485462458472,-0.27902948012135287
13.583333333333334,0.963675054438892,3.895008861247621,7.578916162681902,-4.085089819728547,-0.27904253429496245
13.591666666666667,0.9955990880963173,3.7601645919209865,7.543519851607634,-4.397183819494611,-0.2790567244036531
13.6,1.0262188211652044,3.580151629073324,7.5058678881237855,-4.623671937435672,-0.2790717307900896
13.608333333333333,1.0551163483936292,3.3456248387088814,7.466735598762687,-4.750774200654697,-0.2790870050982451
13.616666666666667,1.0818158679526757,3.052541623335306,7.426978437015407,-4.773864660087317,-0.27910186063131837
13.625,1.1058377811564046,2.7041496431360366,7.387439884383892,-4.70059380235985,-0.27911563454400745
13.633333333333333,1.1267579938023076,2.3101327153931006,7.348852774531731,-4.549160697097368,-0.27912784763277954
13.641666666666666,1.1442490898260271,1.8833708594624832,7.311773545334083,-4.342587759617704,-0.2791382820913947
13.65,1.1580914734513494,1.4363401224527759,7.276568882311061,-4.102502462834011,-0.2791469578189895
13.658333333333333,1.168159317879418,0.9788357871165819,7.243445481138274,-3.845290537515523,-0.2791540493200775
13.666666666666666,1.1743945568167822,0.5173279329794828,7.212499577620895,-3.581102021137164,-0.27915979695625825
13.674999999999999,1.176780371006611,0.05535986403059507,7.18376634303946,-3.3146583359203463,-0.27916444216863046
13.683333333333334,1.1753199155173273,-0.4056845208874234,7.1572592858108495,-3.0466839025620205,-0.27916819318033476
13.691666666666666,1.1700215102707596,-0.8658398714890743,7.1329976643467266,-2.7752790069691686,-0.27917124319199155
13.7,1.1608892659664736,-1.3260052916387126,7.11102373755781,-2.4969712597186993,-0.27917381035496325
13.708333333333334,1.1479175876878345,-1.787557694174952,7.091412521985973,-2.2074797806270916,-0.2791761458522866
13.716666666666667,1.1310883928546331,-2.252077517042813,7.074276030671421,-1.9022932837302189,-0.2791785403542635
13.725,1.1103703760717525,-2.7211192318737436,7.059763050901775,-1.5771849940934193,-0.2791813324980714
13.733333333333333,1.085720273776605,-3.1959465002915253,7.048054408379103,-1.2288062601135183,-0.27918491751478963
13.741666666666667,1.057086809737588,-3.677135664233219,7.039352387197405,-0.855526520940378,-0.2791897534855273
13.75,1.0244189038618718,-4.163926947016413,7.0338614216599415,-0.45872536786128004,-0.2791963611613197
13.758333333333333,0.9876808077773775,-4.653189927499649,7.031755359799205,-0.0447566013940997,-0.27920531073688987
13.766666666666666,0.9468777747515539,-5.137930593469744,7.033125112945455,0.3723155716988408,-0.27921718755411606
13.775,0.9020955656660582,-5.605541626514927,7.037901339301813,0.7676086073979763,-0.27923254591134006
13.783333333333333,0.853552811267366,-6.036689354790242,7.045754863290957,1.1035906980692862,-0.27925181188115533
13.791666666666666,0.8016542319379956,-6.406559166566935,7.0559975029051625,1.3326114603204466,-0.2792750928277886
13.799999999999999,0.7470172867950693,-6.690142312255353,7.0675334607272084,1.4067786829357938,-0.27930198835547404
13.808333333333334,0.6904397799956402,-6.870591221299772,7.078920212696108,1.293414219666292,-0.27933155439053803
13.816666666666666,0.6328017087881832,-6.94559242615426,7.088551640240588,0.9870499018670857,-0.27936251697488235
13.825,0.5749412662445857,-6.926743384133537,7.094892531175358,0.5089255074212525,-0.2793936272230209
13.833333333333334,0.517564547889454,-6.832784882321493,7.096657269517621,-0.10469613647500277,-0.2794239174023488
13.841666666666667,0.4612185742499334,-6.682118133058454,7.092877262819313,-0.8158716990607232,-0.279452753083286
13.85,0.4063146501387123,-6.488512300370831,7.082877085059956,-1.5929829529013684,-0.27947988981216604
13.858333333333333,0.3531728199513077,-6.260146342232248,7.066209025283799,-2.4130194571359596,-0.27950553376998527
13.866666666666667,0.3020654374865049,-6.000510987813434,7.0425840842948615,-3.260609490800787,-0.2795303201033425
13.875,0.2532503382049844,-5.709840182843885,7.011816128602756,-4.126117000044608,-0.2795552852562611
13.883333333333333,0.20699225262622012,-5.386448389116797,6.973781584613767,-5.003911107401382,-0.2795818521107403
13.891666666666666,0.1635740378290435,-5.027839815112354,6.928391790754386,-5.891054928494559,-0.27961183189134436
13.9,0.12329931216676003,-4.631691089359725,6.875575048444464,-6.786238493850763,-0.2796474410359615
13.908333333333333,0.08648667616543101,-4.1969356239109175,6.815267879277089,-7.688551802118957,-0.2796913247787858
13.916666666666666,0.053453275944404556,-3.725311400757268,6.747419291410882,-8.59545805513337,-0.279746563947701
13.924999999999999,0.024481705547619196,-3.223919650467471,6.672018522272126,-9.498992416912781,-0.2798166047366347
13.933333333333334,-0.00024097619125630003,-2.7094608186977225,6.589166175890464,-10.37894805042872,-0.2799049758122
13.941666666666666,-0.020727435525272214,-2.2142530115177514,6.499217088736856,-11.192606747692702,-0.2800145439496917
13.95,-0.03734424460760672,-1.7913347845759855,6.403012049336979,-11.865057309792618,-0.2801460240392707
13.958333333333334,-0.05097662149998354,-1.5098941189309094,6.302142458593273,-12.294269528284246,-0.28029589925036436
13.966666666666667,-0.06307446097888329,-1.430354991702339,6.199043486526103,-12.388989663322729,-0.28045519728045076
13.975,-0.0754255533571426,-1.5682290634016054,6.0966622595519215,-12.125825497547469,-0.28061138880260195
13.983333333333333,-0.08970503414591827,-1.882758691888735,5.997770545410598,-11.567400353267203,-0.28075315638610365
13.991666666666667,-0.10710159733265484,-2.304403378106704,5.904399337887912,-10.81867537286451,-0.2808741326922213
14.0,-0.12822980390515856,-2.7692956419707784,5.817724804912201,-9.973159049513223,-0.2809730895955206
14.008333333333333,-0.1532544237050198,-3.234079966818432,5.738278119252251,-9.091349850683352,-0.2810520020345698
14.016666666666666,-0.18206211674649841,-3.6744352884358724,5.666213383764831,-8.20497614502626,-0.2811141437352427
14.025,-0.2143943276258864,-4.078782036483592,5.60150148933503,-7.328050333603897,-0.2811629703563969
14.033333333333333,-0.24992978908510816,-4.442925559010921,5.54403849309449,-6.465670600433624,-0.28120163713526963
14.041666666666666,-0.2883306329660086,-4.766649473163901,5.493695871285224,-5.619263853805155,-0.28123285134394294
14.049999999999999,-0.32926656970510765,-5.0517443998102465,5.450338400958071,-4.789323679510197,-0.28125886375083475
14.058333333333334,-0.37242639335235556,-5.300848712522941,5.41382562242227,-3.9767702610489226,-0.28128150451654366
14.066666666666666,-0.4175216651868336,-5.5166765230326975,5.384004983013029,-3.1836822245541936,-0.2813022252175992
14.075,-0.4642846617175792,-5.701382135095818,5.360699884805461,-2.4138427540523,-0.28132213403647643
14.083333333333334,-0.5124610781141137,-5.855920316442197,5.343693038337558,-1.673349434879604,-0.28134202117052404
14.091666666666667,-0.5617971427582904,-5.979341314824696,5.3327040457271035,-0.9713949045198281,-0.2813623752975468
14.1,-0.6120206674727844,-6.068057794333351,5.327359925366494,-0.32114870565204834,-0.2813833942112872
14.108333333333333,-0.6628165046486917,-6.115288387879731,5.327158996001677,0.25962387529137665,-0.2814049962046663
14.116666666666667,-0.7137995564867173,-6.111122716089539,5.331433226738856,0.7489779976194291,-0.2814268652682973
14.125,-0.7644932614094941,-6.043892338288538,5.339322442412743,1.1234295208575378,-0.2814485330509575
14.133333333333333,-0.8143266797625975,-5.903257106617214,5.349782667664114,1.3634799016261008,-0.28146938560954116
14.141666666666666,-0.8626624932640858,-5.684298347133206,5.361648814930093,1.4607063130850046,-0.2814887162092127
14.15,-0.9088563934136722,-5.39053533643099,5.3737507816332455,1.4227496350148765,-0.2815058684622733
14.158333333333333,-0.952329138548921,-5.033715276450545,5.385048530101523,1.272487825363984,-0.281520399263764
14.166666666666666,-0.9926223376010026,-4.630346291589139,5.394734549435679,1.0414557597765504,-0.28153216666358805
14.174999999999999,-1.0294191925916814,-4.197213129212741,5.402270922647213,0.761550101896205,-0.28154130636781105
14.183333333333334,-1.0625321455992474,-3.748190433372673,5.40736528856951,0.45914175037568294,-0.28154813682641977
14.191666666666666,-1.091872476463767,-3.29307888938406,5.409913259121996,0.15287782803463362,-0.2815530554736827
14.2,-1.1174168482062534,-2.837890270838068,5.4099346879243875,-0.14585829577456338,-0.28155646328239253
14.208333333333334,-1.1391792541112544,-2.3857348092495765,5.40751944075625,-0.43135016738174475,-0.28155872770825335
14.216666666666667,-1.1571907742424148,-1.9377432181731546,5.402787400423794,-0.7018490841478484,-0.2815601773646289
14.225,-1.1714862861150759,-1.49380049036929,5.395861428355166,-0.9581887125225812,-0.28156109872893476
14.233333333333333,-1.1820964084349281,-1.0530716212113354,5.386850351923894,-1.2027602485834867,-0.28156173518205246
14.241666666666667,-1.1890431055598394,-0.6143652371166325,5.375839210714202,-1.4387770929296508,-0.28156228967350216
14.25,-1.1923378822454882,-0.17640299264106019,5.362884825591738,-1.669712963036314,-0.28156292876600997
14.258333333333333,-1.191982059895111,0.2619395842487802,5.348015728760933,-1.8987983706870966,-0.2815637869782142
14.266666666666666,-1.187969169767763,0.701355631875703,5.331236445044581,-2.128461871921091,-0.28156498765623383
14.275,-1.1802899522714294,1.1417555253764717,5.312536932280715,-2.3596425272389587,-0.28156668786354805
14.283333333333333,-1.1689407251831339,1.581801482139084,5.291908528271967,-2.5909028248867436,-0.28156908794824875
14.291666666666666,-1.153936146148057,2.0183275108497507,5.2693681829158985,-2.817342603958859,-0.2815724222252616
14.299999999999999,-1.1353269342361068,2.4457601507647335,5.244991963685985,-3.0295136165037175,-0.2815769361315163
14.308333333333334,-1.11322150822874,2.855821073686564,5.2189560086660975,-3.2128292804738368,-0.2815828447070434
14.316666666666666,-1.0878073917780897,3.2379629375629086,5.191577617070592,-3.3482685763848954,-0.2815902736037531
14.325,-1.059364422819709,3.5809401872587894,5.163342377887744,-3.415096815622794,-0.2815991981131232
14.333333333333334,-1.028260292865122,3.8753868605136175,5.134900374755782,-3.395411162257437,-0.28160941135141404
14.341666666666667,-0.994923607250976,4.116403893609853,5.107022388200812,-3.278797655596668,-0.28162055182428514
14.35,-0.9598003123687281,4.304757089764136,5.080525480463117,-3.064658138841325,-0.2816321908964957
14.358333333333333,-0.9233086710596642,4.446031003529195,5.056193819397151,-2.7610216958681044,-0.2816439412599504
14.366666666666667,-0.8858078939001824,4.548393797994878,5.0347209493687295,-2.3809173242375827,-0.2816555359053767
14.375,-0.8475867208493962,4.620246660118209,5.016684850693567,-1.9384797202641915,-0.28166685228749405
14.383333333333333,-0.8088687800356833,4.668629756350499,5.002550874521528,-1.4462972303982287,-0.2816778895451281
14.391666666666666,-0.769827353588026,4.698535474327739,4.992690286671578,-0.914281373575854,-0.2816887216527398
14.4,-0.7306029687808996,4.712858844635957,4.9874033495170735,-0.3496100506276037,-0.2816994459270333
14.408333333333333,-0.6913199182506938,4.712656292865311,4.986940387697163,0.24281348114323098,-0.2817101368691671
14.416666666666666,-0.6521001380968889,4.697496345349541,4.991518235265591,0.8597523783126076,-0.281720838159235
14.424999999999999,-0.6130742211289395,4.66577882397498,5.001331798990607,1.4991106832402168,-0.28173165952519347
14.433333333333334,-0.5743900864588392,4.614983108672652,5.016561997098454,2.159576974785822,-0.2817428349598153
14.441666666666666,-0.5362197826970662,4.5418677973785,5.03738122993896,2.8403912557227327,-0.28175474388881006
14.45,-0.49876482731140787,4.442624170399389,5.063957484713982,3.54124926716948,-0.2817679353226717
14.458333333333334,-0.4622604153730295,4.312996152447632,5.096458172954112,4.2623315878867025,-0.281783157328306
14.466666666666667,-0.42697872834050843,4.148378063327938,5.135054679514511,5.004442746979818,-0.28180139404343213
14.475,-0.3932314840832968,3.943901019753668,5.179928468631758,5.769242007687009,-0.28182391386095873
14.483333333333333,-0.3613717579154404,3.6945257042191884,5.231279389061227,6.559532518509804,-0.28185233437733886
14.491666666666667,-0.33179487328327373,3.3951834664136706,5.289336396886629,7.379534074436068,-0.2818887119214315
14.5,-0.30493758502960056,3.041071497571431,5.354369925102356,8.234961705820236,-0.2819356646896575
14.508333333333333,-0.28127334973140045,2.6283604096094972,5.42670276548153,9.132485737839119,-0.2819965344867825
14.516666666666666,-0.26129807601888233,2.155916631397492,5.506710740991212,10.077581146594799,-0.2820755699437435
14.525,-0.24549310988919332,1.6293442665213238,5.594791754730186,11.068579583039526,-0.2821780381947574
14.533333333333333,-0.23423697137839894,1.0697229709242577,5.69125586519233,12.08281668627868,-0.2823099594569329
14.541666666666666,-0.22761565954502488,0.5293486133778661,5.796050221988328,13.050481144586909,-0.282476700834079
14.549999999999999,-0.22508632850078894,0.10860903873437235,5.908233571881757,13.824687921888287,-0.2826792252601885
14.558333333333334,-0.22509415201581098,-0.05747588190760622,6.0253447718048845,14.198880840376415,-0.2829082702339352
14.566666666666666,-0.225075533856592,0.12027273466175126,6.14336222699786,14.03379411384747,-0.28314242804557144
14.575,-0.22223113719468227,0.6038313072820567,6.2578930737216005,13.388288821829853,-0.28335733708134275
14.583333333333334,-0.21451734982523124,1.2659703556273054,6.365711026697176,12.457379686403655,-0.283538278284246
14.591666666666667,-0.20097132778210777,1.9876438630624904,6.465218559741174,11.416360222361504,-0.2836826719222646
14.6,-0.1814237320052997,2.69846299183336,6.555946789003409,10.360029926537404,-0.2837948086850122
14.608333333333333,-0.15611629466157592,3.366985956639564,6.6379407055503705,9.322558955897705,-0.2838809654072357
14.616666666666667,-0.12545435521943346,3.982870904038286,6.7113881897781456,8.308311331466943,-0.2839471620162513
14.625,-0.08988328930991082,4.545544825269718,6.776458733381851,7.310624820874893,-0.283998545879395
14.633333333333333,-0.04983284388947174,5.0587554324254524,6.8332526245592184,6.32042445881905,-0.2840393948557777
14.641666666666666,-0.005692245957307284,5.528240923895168,6.88179707334821,5.329547747016199,-0.28407327324956433
14.65,0.04220172412493288,5.96074052561302,6.922059108562393,4.331793417536214,-0.28410318248374083
14.658333333333333,0.09357066287892109,6.363440445582222,6.953963316836218,3.3232106430980872,-0.2841316676080361
14.666666666666666,0.14819590152271914,6.743364522408106,6.977411848518774,2.3024697491483783,-0.2841608770987536
14.674999999999999,0.2059132100996141,7.106317565921613,6.992310244245058,1.272012393514635,-0.28419257856629954
14.683333333333334,0.2665951753432882,7.454885048761181,6.998609041691712,0.24086144913720878,-0.2842281265565041
14.691666666666666,0.33011065716176374,7.784808079503205,6.996379719856413,-0.7697369320531151,-0.28426838215835687
14.7,0.3962451521794293,8.079225216234457,6.985952954205743,-1.717022572218623,-0.2843138193900703
14.708333333333334,0.46456846591993445,8.302402314373126,6.968141408972992,-2.526841804009895,-0.28436454937113553
14.716666666666667,0.5342699746222366,8.400015821520519,6.94450859052565,-3.095585923205908,-0.2844195404595176
14.725,0.6040662815220896,8.318007399421642,6.917498446794885,-3.324667498283059,-0.2844758721334662
14.733333333333333,0.6723476567998293,8.037913428853042,6.890137228377145,-3.183081828144943,-0.284529211968676
14.741666666666667,0.7375753640909476,7.594654462728985,6.86529583569731,-2.737869323976696,-0.2845757327561742
14.75,0.7986530643763756,7.053103575080296,6.845008455041507,-2.111273255211125,-0.28461370741701275
14.758333333333333,0.855019669241911,6.472067631293973,6.830295816917668,-1.4155859422273471,-0.2846434217923174
14.766666666666666,0.9065150825146785,5.888287447373349,6.821401838599169,-0.7235399224830935,-0.2846661539771974
14.775,0.9531990485167514,5.318973691391561,6.818122443603739,-0.07192770862520059,-0.2846833414914678
14.783333333333333,0.9952201988540352,4.769477066593827,6.820050559971039,0.5251706641281539,-0.2846962211113664
14.791666666666666,1.0327442729418626,4.2393258098095865,6.826717597518617,1.0656806926214792,-0.28470582005883405
14.799999999999999,1.0659214724854735,3.7256579003212393,6.837664706845032,1.5532778175131843,-0.2847130323064663
14.808333333333334,1.0948744092439555,3.224893099908783,6.8524757717687566,1.9941821023237636,-0.28471862192186864
14.816666666666666,1.1196955395975219,2.7334421431310307,6.870791494195671,2.395648520263688,-0.28472323326882515
14.825,1.1404482827607172,2.247941379408356,6.892314902518317,2.765314565522494,-0.28472740965663346
14.833333333333334,1.1571690891818622,1.7652767968533576,6.916813302959497,3.1109453682963424,-0.2847316143321956
14.841666666666667,1.1698693297389031,1.2825330971704667,6.944118889602608,3.440338321469799,-0.2847362513523133
14.85,1.1785367252358108,0.796944716394757,6.974128736285232,3.761251704775927,-0.2847416855018766
14.858333333333333,1.183136584639382,0.3059092876248254,7.006803925131607,4.08125052683177,-0.2847482609267677
14.866666666666667,1.1836136628001455,-0.19286205650271793,7.042166609724479,4.407338456475286,-0.28475631790530764
14.875,1.1798962391255008,-0.7009360489513542,7.080292425972072,4.745164476195116,-0.2847662221126011
14.883333333333333,1.1719052618837504,-1.2183200648569859,7.121293480709461,5.097499014408306,-0.28477843733404284
14.891666666666666,1.1595729871980338,-1.7419797866810212,7.1652842707939035,5.461589797076753,-0.28479354515998917
14.9,1.1428772376810314,-2.2635833592889965,7.2123198586667225,5.825160673332482,-0.28481218644902895
14.908333333333333,1.1218963234163943,-2.7669759647721115,7.262297271594896,6.161886751673629,-0.28483490153338387
14.916666666666666,1.0968800070041569,-3.2273375825730057,7.314827464339596,6.429684950519378,-0.2848618353604059
14.924999999999999,1.0683086348419273,-3.615449283115759,7.36912523863409,6.577752790353877,-0.28489237847423304
14.933333333333334,1.036888270929819,-3.908532188198757,7.424007071158215,6.56502429214422,-0.2849250040183275
14.941666666666666,1.0034458907176134,-4.101725865974078,7.478060464454578,6.380037971648236,-0.28495758728439624
14.95,0.968762860390034,-4.210081209713148,7.529922061868595,6.044853359875721,-0.2849881103662127
14.958333333333334,0.9334413818971304,-4.2595367925485155,7.578504015302648,5.600182003127426,-0.28501525214633133
14.966666666666667,0.8978623129762549,-4.275732993448089,7.6230682977347985,5.086684078321754,-0.2850385271623769
14.975,0.862217416273212,-4.277907968018291,7.663176466490006,4.5347610352903835,-0.2850580813180148
14.983333333333333,0.8265690073240245,-4.278034108640127,7.698593822187551,3.963159778916085,-0.28507440766869413
14.991666666666667,0.790904816270453,-4.282365956143364,7.729202064246596,3.3816256646004796,-0.28508813090631147
15.0,0.7551776166309754,-4.293325444699362,7.754937948815533,2.794116641092802,-0.28509988301849
15.008333333333333,0.7193307427162838,-4.310951968056734,7.775756047571595,2.2012884181500683,-0.2851102430696203
15.016666666666666,0.6833137330696457,-4.333835564874819,7.791608537499625,1.602120052909408,-0.2851197113642685
15.025,0.6470919219178579,-4.359661539528394,7.8024356808350195,0.994896130781826,-0.285128698268814
15.033333333333333,0.6106526117844409,-4.385507016495122,7.808162631588886,0.37777639494084253,-0.2851375170181652
15.041666666666666,0.5740094363040527,-4.407992656798664,7.808699863522207,-0.2508830431611707,-0.2851463757522086
15.049999999999999,0.5372058084545096,-4.423360180204162,7.803945649230045,-0.892342090967984,-0.28515540114235904
15.058333333333334,0.5003179011101823,-4.4275083952412695,7.793789685745503,-1.5473975533496198,-0.28516476590531425
15.066666666666666,0.46345743713912124,-4.416009764114613,7.778116909246506,-2.216401060852896,-0.2851747543162735
15.075,0.4267743184427099,-4.384133135530459,7.756810985966549,-2.8993213409236915,-0.2851857790671579
15.083333333333334,0.39045903919295966,-4.326872976004405,7.729757017340478,-3.5958726522831728,-0.28519839878512065
15.091666666666667,0.35474482884979763,-4.238984430625168,7.696842864637683,-4.305719419972472,-0.2852133377575218
15.1,0.3199094994561209,-4.11501756780453,7.6579584103562155,-5.028768985167019,-0.2852315093023392
15.108333333333333,0.28627705568191325,-3.9493371863947244,7.612991963240272,-5.765567063197539,-0.28525404592295384
15.116666666666667,0.2542192709871859,-3.7361069390772217,7.561822878375902,-6.517814121197233,-0.28528234193444507
15.125,0.22415764317968565,-3.469208679542033,7.504309288172501,-7.289027193083308,-0.2853181180310899
15.133333333333333,0.19656641425716592,-3.142061396654991,7.440269597019119,-8.08538143928181,-0.2853635230112024
15.141666666666666,0.17197764540333252,-2.7473037588898133,7.369456063652993,-8.916775047724924,-0.2854212969223965
15.15,0.15098957237092767,-2.2763263513139407,7.291518454312183,-9.798148171500609,-0.28549503447520214
15.158333333333333,0.13427926185084044,-1.7187380830969208,7.205955854447762,-10.750968776476663,-0.28558961037925157
15.166666666666666,0.12261870862318555,-1.0622051557441914,7.112057116102351,-11.804285842992167,-0.28571185745211725
15.174999999999999,0.11688585252841019,-0.2942955483375851,7.008841655113517,-12.992867795581368,-0.28587159085678904
15.183333333333334,0.11803543709603442,0.5882381476236689,6.895054224661383,-14.343669117933349,-0.2860828665451855
15.191666666666666,0.12691291814169034,1.5472180085172853,6.769402201532695,-15.824593639630931,-0.28636432735394524
15.2,0.14361133416234032,2.422399674469249,6.631539269382681,-17.210417551604763,-0.2867329922948194
15.208333333333334,0.16606748220301726,2.8584131911254693,6.484348541372304,-17.951672243068945,-0.28717920483079096
15.216666666666667,0.18912531937069188,2.549415494436471,6.335578122150947,-17.56175111537009,-0.2876394134493189
15.225,0.20692979101655434,1.6618722354050244,6.194085919069892,-16.307369911042205,-0.28803688160242336
15.233333333333333,0.2163247412299428,0.5871644250983672,6.064449840794872,-14.801869069762354,-0.2883449091539979
15.241666666666667,0.21683969987187343,-0.4483063823922236,5.947142834669733,-13.37606469668168,-0.2885755795173124
15.25,0.20915492024669624,-1.3768959120988586,5.841081876545974,-12.10365932012528,-0.2887483909599773
15.258333333333333,0.19420382283605114,-2.1934442614178438,5.7450439429758156,-10.964483247950458,-0.28887917078544323
15.266666666666666,0.17287857340181229,-2.908829198899166,5.6580775662342635,-9.92015104868736,-0.28897920012964745
15.275,0.14596946486837198,-3.535546072104317,5.579540913556123,-8.936291533231598,-0.28905640715147957
15.283333333333333,0.1141685780860558,-4.084530944750307,5.509044757236777,-7.986749081272555,-0.2891165249795587
15.291666666666666,0.07808375304308758,-4.565156808087173,5.44638526460689,-7.052944254436881,-0.2891638812907429
15.299999999999999,0.0382489564930671,-4.985897609786175,5.39148740868995,-6.122263997022165,-0.2892018890559768
15.308333333333334,-0.00487098077472692,-5.354964057384612,5.344362039290903,-5.1864583670311095,-0.289233339833899
15.316666666666666,-0.0508802019335134,-5.680759523111865,5.305075561593729,-4.240223918861875,-0.28926057350719
15.325,-0.09945471103021009,-5.972161992065428,5.2737306453707795,-3.2799682500885425,-0.28928557282134737
15.333333333333334,-0.15034703854017673,-6.238677053176157,5.2504565650672,-2.30273148365463,-0.2893100138275705
15.341666666666667,-0.2033917946393816,-6.490502966814118,5.235407878623057,-1.3052675769743436,-0.2893352915852543
15.35,-0.2585114414907554,-6.738514280388188,5.2287699154268905,-0.28334653226395445,-0.28936253136110013
15.358333333333333,-0.3157213584348813,-6.994081551397088,5.230768553243516,0.7685209887780385,-0.2893925989744748
15.366666666666667,-0.3751317576184365,-7.268418003988485,5.241678652694231,1.8563493199483507,-0.2894264134599397
15.375,-0.4369399737787679,-7.570745600296793,5.261818602976656,2.9837922103803214,-0.2894655905668571
15.383333333333333,-0.5013968626935973,-7.903479591516896,5.2915021106141005,4.144011024655348,-0.28951265255878444
15.391666666666666,-0.5687092456984479,-8.25100732160246,5.330880988085822,5.3004979549162785,-0.2895708816779309
15.4,-0.6388100132524621,-8.559147974886551,5.379562118138943,6.352114270740839,-0.28964328055059674
15.408333333333333,-0.7109484930451355,-8.717375217950257,5.435920873713325,7.103578715306245,-0.28972967276324757
15.416666666666666,-0.7833101000886312,-8.59478510968587,5.496478125547176,7.329426766954035,-0.28982288253615474
15.424999999999999,-0.8532963578680556,-8.154340360298567,5.556431481577937,6.972404375021077,-0.2899099549253469
15.433333333333334,-0.9186211039600581,-7.500856165933082,5.611594493164416,6.224666666398237,-0.28998073915906597
15.441666666666666,-0.9781201894718647,-6.776587052248043,5.659817051003749,5.3438162697731535,-0.2900331186931413
15.45,-1.0316194911939536,-6.070292585820605,5.700751546424362,4.493195575082969,-0.2900701355480384
15.458333333333334,-1.0794365449630459,-5.415216458894227,5.734972291695595,3.737629030245935,-0.2900958826103838
15.466666666666667,-1.1220280154804847,-4.81559647458079,5.76334536077578,3.0894565966439576,-0.29011373797411
15.475,-1.1598328634810358,-4.265010866603471,5.78673985605951,2.5407138328131835,-0.29012611480390854
15.483333333333333,-1.193223097133031,-3.7546146692450986,5.805928995718251,2.077803739696225,-0.29013466437220065
15.491666666666667,-1.222498186742821,-3.276093534637382,5.8215699044714,1.686941175779547,-0.29014051404504804
15.5,-1.2478936517129815,-2.822456414303393,5.834210348094626,1.3557752126688505,-0.290144445276766
15.508333333333333,-1.2695924611772529,-2.38805760438313,5.844302153310323,1.0736160443431977,-0.29014701177073293
15.516666666666666,-1.2877354468296947,-1.968389062999919,5.852214299566298,0.831220994801173,-0.2901486149616305
15.525,-1.302429759711129,-1.5598358692122198,5.85824370484704,0.6204866986739173,-0.29014955179267615
15.533333333333333,-1.3137553681349259,-1.1594552405543135,5.86262349004524,0.4341609434932376,-0.290150045019616
15.541666666666666,-1.321769863648056,-0.7647916544870945,5.865529034444917,0.2656018809237849,-0.29015026253162474
15.549999999999999,-1.3265118669984748,-0.3737245802195437,5.8670822201839155,0.10858278683233266,-0.2901503297014137
15.558333333333334,-1.3280032737263423,0.015659189317214897,5.8673542036409865,-0.04286824849435247,-0.29015033721767997
15.566666666666666,-1.326250510997349,0.4051760192162523,5.866366957876546,-0.19460427708770806,-0.290150348719065
15.575,-1.321244923096887,0.7966466851831802,5.864093747659495,-0.35248329916351745,-0.29015042999689006
15.583333333333334,-1.3129622911070296,1.1920038446807468,5.860458548547774,-0.5224989678501322,-0.29015067554184665
15.591666666666667,-1.3013614347657723,1.5934054516074123,5.85533434495474,-0.7109202584057608,-0.29015121560403634
15.6,-1.2863818112150205,2.003363933391476,5.8485401790058065,-0.9244540472825574,-0.290152224613343
15.608333333333333,-1.267939938979788,2.424900313966874,5.839836704923806,-1.1704430448605023,-0.29015393439426906
15.616666666666667,-1.245924408052604,2.8617303220761117,5.828919913878006,-1.4571078666706472,-0.29015665479140834
15.625,-1.2201891983804725,3.3184833982675372,5.815412659817202,-1.7938303513923268,-0.29016080596152205
15.633333333333333,-1.190545089931822,3.8009354364505548,5.7988537666046716,-2.191438602565172,-0.29016696916220874
15.641666666666666,-1.1567493078386013,4.316178243298004,5.77868518510473,-2.662351062802001,-0.29017596663775025
15.65,-1.1184947359982862,4.872492144151224,5.754239823808335,-3.220161643628721,-0.2901889855444825
15.658333333333333,-1.0754034038102918,5.478285488087453,5.724738645547837,-3.8775464692629966,-0.29020776090654704
15.666666666666666,-1.0270376948057727,6.138513684496868,5.689320913321475,-4.639727365992854,-0.29023480758335024
15.674999999999999,-0.9729628864013186,6.845198215783826,5.6471664339876515,-5.48764958407345,-0.29027357234489415
15.683333333333334,-0.9129294804150169,7.557622101229742,5.597828592692874,-6.343317993079897,-0.29032800952770255
15.691666666666666,-0.8472533421927093,8.177846356031443,5.5419118227282205,-7.027393936894243,-0.290400478556922
15.7,-0.7772850072203492,8.564921401070706,5.481899946158703,-7.284774738153722,-0.2904875901010514
15.708333333333334,-0.705398117162615,8.635961905805372,5.422137812737928,-6.962013068683447,-0.2905784643186498
15.716666666666667,-0.6340746822783091,8.44941885231426,5.367225417636255,-6.154476116534782,-0.2906610478528247
15.725,-0.5649235409806991,8.135729176805745,5.320276676409382,-5.087686085811455,-0.2907296266212031
15.733333333333333,-0.49855077162058914,7.79434116245996,5.282651361593229,-3.9381965513629016,-0.2907847680410791
15.741666666666667,-0.43496449226803247,7.471056435830412,5.254623627568405,-2.7927719839757663,-0.2908295453643822
15.75,-0.3739489643081668,7.177607392064516,5.236009025342342,-1.6811801416361367,-0.2908670617094161
15.758333333333333,-0.3152647296184946,6.910258825221828,5.226496867817079,-0.607888903044278,-0.2908996344711372
15.766666666666666,-0.2587316511188654,6.659546303335243,5.225782697218205,0.43129701003673626,-0.290928713287685
15.775,-0.20425677429087957,6.414422664624607,5.2336067494845455,1.442226175345155,-0.2909551423414287
15.783333333333333,-0.15183987692342726,6.163819534654286,5.249755557365161,2.4299857463927435,-0.29097980111593713
15.791666666666666,-0.10157109953238527,5.897164396677075,5.274053079074829,3.398479648093965,-0.2910038315972994
15.799999999999999,-0.05362600617123846,5.6045389350669055,5.306351854864998,4.350756820867446,-0.29102864312313603
15.808333333333334,-0.008260005694171504,5.27669414446236,5.346528615937958,5.289710791100794,-0.29105592467814784
15.816666666666666,0.03419701008528473,4.904985891361748,5.394486649718875,6.21898588229552,-0.2910876720981401
15.825,0.07334514104731743,4.481221490081417,5.450166364953537,7.144035128313327,-0.29112624104004337
15.833333333333334,0.10871717578954898,3.997379435231137,5.513565277972226,8.07332508613737,-0.2911744454294507
15.841666666666667,0.1397782941015255,3.4451673581316866,5.584768698652916,9.01970061816999,-0.2912357325311459
15.85,0.1659214363828483,2.8154365217665953,5.663992401876897,10.001881945411858,-0.2913144822980921
15.858333333333333,0.1864578023709118,2.0976652554669215,5.751637559136915,11.045819925388361,-0.2914165015424384
15.866666666666667,0.20060587185934686,1.2803660355581912,5.848352745637732,12.184671003408914,-0.2915498011864668
15.875,0.2074964312802678,0.35532574703322617,5.9550763611816935,13.45282993893734,-0.2917256782737174
15.883333333333333,0.2062562229538829,-0.6654328142838328,6.0729598092196015,14.859376828928214,-0.29195961286783806
15.891666666666666,0.1963540303611086,-1.6992597536927365,6.202867517267412,16.305395636530765,-0.29226948971377664
15.9,0.1785576111665664,-2.5026080986533836,6.343852920144103,17.429556175934383,-0.29266275417893506
15.908333333333333,0.15633648139594775,-2.7065975711481816,6.49081145603758,17.651796451970064,-0.29310669577097426
15.916666666666666,0.1354354083439469,-2.2126460324554444,6.635027231864666,16.81430506208936,-0.2935270271945015
15.924999999999999,0.1205068648985838,-1.3393953095669893,6.769523447868965,15.42324864228453,-0.29387005216959006
15.933333333333334,0.11325544834054947,-0.4074972811534462,6.891945083404958,13.971496998822726,-0.2941310567051982
15.941666666666666,0.113485041731136,0.4448708963422038,7.002758150088019,12.6500504709727,-0.29432683436027657
15.95,0.12035801419985831,1.185948403057162,7.103210694288971,11.48255329235245,-0.2944746790573305
15.958333333333334,0.13295221025846196,1.8197127327486575,7.194488307205344,10.442499089139483,-0.29458757867653096
15.966666666666667,0.15042164372982683,2.3580820643196803,7.277515100841803,9.497253247678108,-0.29467464177628594
15.975,0.17202150457808635,2.812841053486566,7.352963268794622,8.619718024587259,-0.2947422527905373
15.983333333333333,0.1970980860313322,3.1940183169867584,7.421309016645833,7.789887958706524,-0.2947949984520604
15.991666666666667,0.22507422663545706,3.510027982793763,7.482888150940571,6.993843348157423,-0.29483628124206895
16.0,0.2554378013266068,3.76814367787405,7.53794097527313,6.2223578768848595,-0.29486870532667797
16.008333333333333,0.2877340359370459,3.974914368685702,7.586646074071188,5.469658218151439,-0.29489431642412134
16.016666666666666,0.3215607345307421,4.1364456888955905,7.629144738808035,4.73241851061951,-0.29491475107026077
16.025,0.3565653230816056,4.258559347568989,7.665557916567589,4.008964740128178,-0.2949313304217875
16.03333333333333,0.39244282632984084,4.346863414663144,7.695997267359242,3.2986504537882406,-0.29494512059369016
16.041666666666668,0.42893417317222776,4.406765824056219,7.720571620721307,2.601372404452614,-0.2949569732778565
16.05,0.4658244709015938,4.443457100549682,7.739389896683765,1.917203075220473,-0.2949675551103551
16.058333333333334,0.5029410737118738,4.461880676339809,7.75256139018521,1.2461228884666633,-0.29497737077378294
16.066666666666666,0.540151392165831,4.4667015927458715,7.760194192478643,0.5878390045413869,-0.2949867824915955
16.075,0.577360449870375,4.4622771152744205,7.762392430374573,-0.05831827484185625,-0.29499602704111083
16.083333333333332,0.614508185789916,4.452622369388658,7.7592529751932355,-0.6934143918483419,-0.2950052437339815
16.091666666666665,0.6515663910334806,4.4413567069124875,7.750862420334224,-1.3188345332826765,-0.29501459591474805
16.1,0.6885351114327143,4.431623195672219,7.737294922975097,-1.9361424930055224,-0.2950243585848814
16.108333333333334,0.725438066280325,4.425922594161608,7.718611904647696,-2.5467582212202284,-0.295034915508957
16.116666666666667,0.7623161082113888,4.42579569499963,7.6948654915242,-3.151363687360526,-0.2950467501353834
16.125,0.7992170532086204,4.431248408142942,7.666108575523356,-3.7488736167900165,-0.29506043197050374
16.133333333333333,0.8361791537936195,4.439775345323547,7.63241606917764,-4.334735855739856,-0.29507658740995224
16.141666666666666,0.8732042900419519,4.444856853470968,7.593923902561514,-4.898353186045769,-0.29509583469338013
16.15,0.9102166506679037,4.434039248257164,7.550892823492967,-5.419808321292782,-0.2951186527763796
16.15833333333333,0.9470062294955804,4.387452164105061,7.503798115151954,-5.867325723320348,-0.29514515843400607
16.166666666666668,0.9831689448741454,4.278965076169342,7.453425335312282,-6.199181587851214,-0.2951748204950609
16.175,1.018077686963724,4.0828191174252595,7.400914257243819,-6.37483838921175,-0.2952062714038269
16.183333333333334,1.0509319189833854,3.7851687314802374,7.3476709817101895,-6.374283521185099,-0.29523748182891435
16.191666666666666,1.0808986995069823,3.3926986047958105,7.295127750521515,-6.2122120053546395,-0.2952663794982047
16.2,1.1072804033626573,2.9296650076131003,7.244461775458051,-5.932438214326384,-0.29529154111652806
16.208333333333332,1.129613748283856,2.4258557254862425,7.196435027909027,-5.587028130722162,-0.2953124673919863
16.216666666666665,1.147667465229649,1.9059361247003483,7.151408311112769,-5.218120943268717,-0.29532938564300953
16.225,1.16137900074058,1.3856255956259904,7.109458338992054,-4.851620367905839,-0.2953428843139529
16.233333333333334,1.170782569326766,0.8728281439551934,7.070507494533702,-4.499383698386953,-0.2953536279072332
16.241666666666667,1.175954794346655,0.3702529703354052,7.0344215800229675,-4.163905308238928,-0.2953622089959166
16.25,1.1769813369465694,-0.12233026133131883,7.001070248019689,-3.8423165278488365,-0.2953690972241523
16.258333333333333,1.1739390386374604,-0.606624157301263,6.970359886670077,-3.5289988492107063,-0.2953746467807304
16.266666666666666,1.1668874259110136,-1.0849893686245213,6.942249711371325,-3.217065456472177,-0.29537916627363137
16.275,1.1558650393862664,-1.560061896800856,6.9167588430646205,-2.8991102371698814,-0.29538296546621057
16.28333333333333,1.1408878703466898,-2.0346065717212984,6.89396897011614,-2.567560031531118,-0.2953863717273723
16.291666666666668,1.1219484176114847,-2.5115008554529834,6.8740250404698,-2.214819878808195,-0.295389746631941
16.3,1.09901458733005,-2.99377896758552,6.857135159878482,-1.833335629860236,-0.29539350357890676
16.308333333333334,1.0720281664376694,-3.4846807375859497,6.843569970821735,-1.4156725441641445,-0.2953981262277265
16.316666666666666,1.0409030920442484,-3.9876378594402717,6.833660915396023,-0.9547290283771732,-0.29540418715141387
16.325,1.005524469171802,-4.506082193684551,6.827795497382682,-0.44428840258315344,-0.2954123647999736
16.333333333333332,0.9657506420467952,-5.042854567797542,6.826405289265681,0.11970459394007343,-0.29542345398680714
16.341666666666665,0.9214232318761659,-5.598789644899024,6.829937888215838,0.7364035727236291,-0.2954383762153483
16.35,0.8723947234764768,-6.169791113656595,6.838795953455211,1.3946883783904034,-0.2954582589339251
16.358333333333334,0.8185893279528482,-6.741675845470565,6.853216273487198,2.063996391349484,-0.2954844375254045
16.366666666666667,0.7601156729894563,-7.283210299768125,6.873057824883345,2.682242537167203,-0.2955181804940885
16.375,0.6974302296018488,-7.742322715906864,6.897503836246308,3.1497984376138164,-0.2955600085162917
16.383333333333333,0.6314802522480326,-8.056944442309865,6.924807576905282,3.349757417655109,-0.2956087502396381
16.391666666666666,0.5636688621406104,-8.185763027711916,6.952362665286521,3.203580715998541,-0.2956612092521569
16.4,0.4955531197651023,-8.135196616524006,6.977256174775326,2.720073296230262,-0.29571332367144554
16.40833333333333,0.42845364993686474,-7.9511105449336075,6.996988275630171,1.9818185527721466,-0.2957620025720645
16.416666666666668,0.36325582904058795,-7.686810840114524,7.009859221273325,1.0888515273944037,-0.29580591013605523
16.425,0.3004539640397078,-7.380890155792242,7.0149243762880245,0.11870983903988641,-0.29584497192009485
16.433333333333334,0.24029917808584322,-7.053580977670865,7.011756935877017,-0.8812568443180879,-0.295879571039197
16.441666666666666,0.18293383943453356,-6.711780380668113,7.000224361192783,-1.8861238676657055,-0.29591034113579273
16.45,0.12847843129861714,-6.354643508933575,6.980340433810846,-2.8844233126231176,-0.2959383711438952
16.458333333333332,0.07707870929018551,-5.977441673857707,6.952180565698256,-3.872079479782093,-0.2959651575785801
16.466666666666665,0.02892780114720027,-5.5738044124742805,6.915835462627052,-4.849133091434649,-0.2959925598215354
16.475,-0.015725689113789916,-5.136933134043928,6.871383855926786,-5.818273224055398,-0.29602279963177014
16.483333333333334,-0.056577176961237576,-4.660279736558633,6.818873041197088,-6.784309739497542,-0.2960584989638216
16.491666666666667,-0.09327029909921404,-4.138053589936772,6.75830219001307,-7.753935061045372,-0.2961027568386638
16.5,-0.12540588643085301,-3.5659341063243684,6.689608657276371,-8.735115875543288,-0.29615926589845687
16.508333333333333,-0.15255972732337403,-2.9426072271096495,6.612664274166332,-9.735071252906732,-0.29623245075195137
16.516666666666666,-0.17432045590052173,-2.2733308360330406,6.527300916765462,-10.754807352233163,-0.2963275430928928
16.525,-0.19037266605497122,-1.577647525093013,6.433408106183238,-11.776547620711769,-0.2964503240272638
16.53333333333333,-0.20066957899281165,-0.9032933338182325,6.331179745589332,-12.740170922972771,-0.2966058749044301
16.541666666666668,-0.20573615944894366,-0.34143866316686666,6.221587715325369,-13.515703416467405,-0.2967953048086836
16.55,-0.20702131036355775,-0.01648346011257576,6.106966132827986,-13.915428670283024,-0.2970106184507493
16.558333333333334,-0.206925480113948,-0.016400857036728018,5.991104306147283,-13.803457726687451,-0.29723266264509085
16.566666666666666,-0.20813238600847422,-0.3145901159243568,5.878226945235769,-13.22196859186133,-0.2974387288415754
16.575,-0.2126726149572398,-0.7944795296070372,5.771538331726004,-12.351786557577615,-0.29761413384443813
16.583333333333332,-0.22154853176860262,-1.3389834188094378,5.672668341570012,-11.369219474366929,-0.29775543920792363
16.591666666666665,-0.23496185057864843,-1.8750243423270545,5.58206999754129,-10.377888595095968,-0.29786604550116047
16.6,-0.25267793680617595,-2.3682099067902045,5.499605457615414,-9.420848988648906,-0.29795152033054406
16.608333333333334,-0.2742776664515642,-2.8061526620540955,5.424928830751818,-8.50913990955897,-0.29801727155606583
16.616666666666667,-0.29928775648220274,-3.1868501836786174,5.35766584439148,-7.6407436916653975,-0.29806783586894325
16.625,-0.3272394386768409,-3.512737385689798,5.297479137430945,-6.809780509872636,-0.29810683325505016
16.633333333333333,-0.35769270664434477,-3.7880001328884703,5.244082256342614,-6.01026830174782,-0.2981371116043382
16.641666666666666,-0.39024544948169265,-4.017429111083871,5.197234160887632,-5.237385383239929,-0.2981609090350288
16.65,-0.4245361986980154,-4.205937079143032,5.15672818536773,-4.487697100496548,-0.29817998707079596
16.65833333333333,-0.4602441349170963,-4.35834204850491,5.122380987421133,-3.759001167345042,-0.29819573010057554
16.666666666666668,-0.49708775852436743,-4.47924585127694,5.094023320403209,-3.0500742452545486,-0.2982092177853086
16.675,-0.5348226799630188,-4.572936958285938,5.0714928756553075,-2.360441529817988,-0.2982212781848832
16.683333333333334,-0.5732385879772989,-4.643286954181351,5.054628745696776,-1.6902243930875573,-0.29823252776685605
16.691666666666666,-0.6121552695642664,-4.693624134600589,5.043266725709398,-1.040095462841791,-0.2982434025303484
16.7,-0.6514174327810148,-4.7265701629311545,5.037234466135818,-0.4113626787980887,-0.29825418293956085
16.708333333333332,-0.6908879611960902,-4.74382423934755,5.036345317354526,0.19379740974142567,-0.298265014469403
16.716666666666665,-0.7304390764838333,-4.74587226658479,5.040389496194919,0.7719221495041092,-0.2982759470409695
16.725,-0.7699407589659515,-4.731628850179447,5.049121051214923,1.317695916953654,-0.29828703963520564
16.733333333333334,-0.809246097752681,-4.698064047854781,5.062239913481683,1.8233436189196581,-0.2982983786983364
16.741666666666667,-0.848173725817218,-4.639906752897909,5.079369108401418,2.278128555682326,-0.29831003047268295
16.75,-0.8864889471059283,-4.549681611277021,5.100029711265787,2.66840654520557,-0.29832198501608453
16.758333333333333,-0.92388782687544,-4.418448644734766,5.12362073036421,2.978864650690991,-0.2983341044225683
16.766666666666666,-0.9599915263302766,-4.237547644596196,5.149416170945384,3.1954457009536408,-0.2983460971534776
16.775,-0.9943590120472162,-4.001169435559715,5.176592812130392,3.3096290142881353,-0.298357544421936
16.78333333333333,-1.0265214543874261,-3.7087614549001855,5.2042937783860985,3.3223472149784703,-0.29836798723460234
16.791666666666668,-1.0560309747532561,-3.3658529521091043,5.231714671535348,3.245124015518333,-0.29837704475350113
16.8,-1.08250686929493,-2.982635371643627,5.258182943081209,3.0973446948220733,-0.2983845071194694
16.808333333333334,-1.1056630218678334,-2.571106324971595,5.283202723715874,2.9011162774888546,-0.298390361054305
16.816666666666666,-1.125310994152004,-2.1423354433592388,5.306456329976478,2.676438474625456,-0.2983947516441938
16.825,-1.1413447676797397,-1.704881496919186,5.3277735884387765,2.4384543924727002,-0.29839791513514524
16.833333333333332,-1.153717576307848,-1.2644237659986024,5.3470876484709144,2.1968595764530274,-0.29840011629741936
16.841666666666665,-1.1624191438338352,-0.8241367233489618,5.364392020936568,1.956625287150603,-0.29840160574926866
16.85,-1.1674574004703804,-0.3853246095236162,5.3797060377477335,1.7191803086493633,-0.29840259737074176
16.858333333333334,-1.1688455117117609,0.051968057969649,5.3930502037366415,1.4835507099376584,-0.2984032596606367
16.866666666666667,-1.166593500317565,0.48846955591393804,5.404430176439144,1.2472817579506157,-0.29840371938351545
16.875,-1.1607033991902065,0.9253190818045272,5.413827499565967,1.0071408879258255,-0.29840410076567775
16.883333333333333,-1.1511669654593808,1.3638037956995417,5.421195433310556,0.7596554676734024,-0.2984045570927941
16.891666666666666,-1.1379654344163428,1.8051215562847336,5.426459013098627,0.5016083978829338,-0.29840527604354855
16.9,-1.121071333255349,2.25011438788005,5.429519406343655,0.23059110168789604,-0.2984064832081717
16.90833333333333,-1.100452853956339,2.698909631855128,5.430263499325449,-0.05427475232781816,-0.2984084442985972
16.916666666666668,-1.0760818403516017,3.150399768902138,5.428580616255573,-0.3513271527426583,-0.29841146581089023
16.925,-1.047946971490431,3.6015136535884342,5.424389169412188,-0.6549898787644459,-0.29841590009650437
16.933333333333334,-1.0160737868383476,4.046318925960364,5.417676033063722,-0.9541226465427962,-0.29842213580105426
16.941666666666666,-0.9805522593609961,4.475168915554288,5.408549644952099,-1.230487378851434,-0.2984305574114968
16.95,-0.941569500043303,4.874446602104342,5.397302150583649,-1.4583322691958527,-0.2984414712140215
16.958333333333332,-0.8994392506408327,5.227732876650932,5.384465223562034,-1.6065787357085268,-0.29845500451078244
16.966666666666665,-0.8546134957468102,5.51894470826684,5.37083285023514,-1.6445915364750592,-0.2984710147838131
16.975,-0.8076616238385621,5.736717779880923,5.357424452161515,-1.5502541583306642,-0.2984890695596374
16.983333333333334,-0.7592154409503359,5.8777735208115836,5.345384528478744,-1.3163340555628416,-0.2985085348588319
16.991666666666667,-0.7098984760886219,5.9471023183688345,5.3358509474082245,-0.9512374427582031,-0.29852873596631735
17.0,-0.6602678032627285,5.955005317387065,5.329842070948766,-0.47412062563804963,-0.2985490981999272
17.008333333333333,-0.6107865931858999,5.913090262401975,5.3281960690276255,0.09202653589331285,-0.29856919888358835
17.016666666666666,-0.5618268522230034,5.8312702800447305,5.331563063464097,0.725713941675185,-0.29858874615680475
17.025,-0.5136901958602769,5.716424499839804,5.340430008872836,1.4094904254657827,-0.29860762780124317
17.03333333333333,-0.46663422423725054,5.572290169640319,5.355157388894862,2.1304122871057256,-0.29862598032311877
17.041666666666668,-0.4208967507737076,5.399991733458963,5.376014662407125,2.879435823757521,-0.2986442028423636
17.05,-0.3767146544008682,5.198747312444277,5.403209111080807,3.6505384217878833,-0.298662966063797
17.058333333333334,-0.3343369046701226,4.966542575919877,5.436907655901479,4.43994286363591,-0.29868322569260275
17.066666666666666,-0.29403230046771756,4.700727132725721,5.477252996233813,5.2455282278122715,-0.2987062433262583
17.075,-0.25609242856961917,4.398578214568618,5.524375387374852,6.0663494625346,-0.2987336160111852
17.083333333333332,-0.22082970823538525,4.057940072613823,5.578400239670924,6.9020728107183364,-0.2987673132032471
17.091666666666665,-0.18856916964672105,3.6781294002959575,5.639449560295303,7.751990477972313,-0.2988097135492094
17.1,-0.15963051147192506,3.261431792251605,5.707631552484782,8.613042368302212,-0.2988636174119317
17.108333333333334,-0.13429351241579354,2.815700774259177,5.7830065504825,9.475933602496024,-0.29893217285077933
17.116666666666667,-0.1127350746265563,2.358648662772788,5.865508728261559,10.318235667261522,-0.29901857781713737
17.125,-0.0949232165457625,1.923718596265749,5.954796462564105,11.0943835940094,-0.29912531728610137
17.133333333333333,-0.08046455563425355,1.564420432127384,6.050019925282342,11.727322461169496,-0.29925269007563055
17.141666666666666,-0.06845110906461907,1.348221665211309,6.149572898134238,12.116275503798292,-0.2993968660867769
17.15,-0.05743738010860637,1.3308384244882836,6.25103704483028,12.176236986971265,-0.2995489490813964
17.15833333333333,-0.04568412392336934,1.522608908221657,6.351543604672515,11.891196047287963,-0.29969705705232197
17.166666666666668,-0.03159473513176817,1.8812562181249832,6.448441069919448,11.325620260424602,-0.2998308236443077
17.175,-0.01405306344705242,2.3398778956806705,6.539805124265416,10.579863641477546,-0.2999446351944747
17.183333333333334,0.007512558056427643,2.83857175261517,6.6245162436526375,9.740842618277766,-0.30003759944453257
17.191666666666666,0.03325430301438952,3.3370899074810065,6.702049658205248,8.86389314999832,-0.3001117174555335
17.2,0.06306666305701922,3.8129339642838325,6.772223394676026,7.977630762797858,-0.3001701622436894
17.208333333333332,0.09670993532911068,4.255423145083759,6.835019376319969,7.09442817038676,-0.3002162799255506
17.216666666666665,0.13388681208373326,4.660745837913344,6.890484658335572,6.218615948862934,-0.30025315622248333
17.225,0.17428535656920602,5.028803885466818,6.938686866515552,5.351392748366011,-0.3002834787877307
17.233333333333334,0.21760147792437665,5.361339133947169,6.979700277037679,4.4934695528451885,-0.30030952121990917
17.241666666666667,0.2635490121498609,5.660746765296504,7.0136083305974575,3.6465214343557912,-0.3003331642208009
17.25,0.31186125687360544,5.929155328824575,7.040515960581015,2.8141891477682974,-0.3003559188680082
17.258333333333333,0.36228497940841986,6.167505390711252,7.060570107567352,2.0031039521077103,-0.30037893918531816
17.266666666666666,0.41456615649064243,6.374469431639624,7.073989900958387,1.2242125128098431,-0.3004030201553337
17.275,0.46842591481410667,6.545193941079285,7.081109355091527,0.4944297219356424,-0.30042858197438504
17.28333333333333,0.5235260025491164,6.670123072046077,7.082433844837765,-0.1618460423107715,-0.3004556475008521
17.291666666666668,0.5794272147706903,6.734660387129977,7.078704395639377,-0.7126786514816791,-0.3004838483969917
17.3,0.6355529883599014,6.72100163229359,7.070948545346962,-1.1223110308635107,-0.3005125072946059
17.308333333333334,0.6911815289275282,6.61319070969072,7.060477406139627,-1.3604040518537037,-0.3005406535434886
17.316666666666666,0.745490267996501,6.404137822981548,7.048789010725692,-1.4144159129352263,-0.30056712083705406
17.325,0.7976527947952824,6.100339033380893,7.037380602183544,-1.2975721399568618,-0.3005908206817903
17.333333333333332,0.846950423853843,5.720338005200114,7.027539220983426,-1.045547011431158,-0.3006110374869581
17.341666666666665,0.8928464863804768,5.2879637302659575,7.020203512639565,-0.7038578623789207,-0.30062755403861585
17.35,0.9349995318999635,4.82528732271472,7.015938695929715,-0.3148422942841553,-0.30064057002869327
17.358333333333334,0.9732302681173557,4.348841617228296,7.014997473249617,0.08944343622048592,-0.3006505236053012
17.366666666666667,1.0074716547868519,3.869150041279317,7.017413464047252,0.48829599663225276,-0.3006579362678475
17.375,1.037723299150739,3.3919420695525533,7.023088328711941,0.8702966484717753,-0.3006633438728276
17.383333333333333,1.0640179615640457,2.9196873515252704,7.0318576801571115,1.2305727422456232,-0.30066726123397125
17.391666666666666,1.0863999380675848,2.452862499842261,7.043535461757684,1.5684627481029139,-0.3006701560240864
17.4,1.1049123511937182,1.9908249558173974,7.057941634961064,1.8858460797870356,-0.3006724395922487
17.40833333333333,1.119590323533433,1.5323699908155584,7.074918385120333,2.186026894301377,-0.3006744678546909
17.416666666666668,1.130457882835411,1.0760884821230536,7.094338655229553,2.4729764558438907,-0.3006765470221636
17.425,1.1375273920337003,0.6206310421124315,7.116109221480094,2.750753235932516,-0.3006789408558237
17.433333333333334,1.1408010975841432,0.16496554470441563,7.140169140842742,3.022948737264515,-0.3006818772378836
17.441666666666666,1.1402750586362964,-0.2912970031090435,7.166483223239939,3.292026300144618,-0.3006855527499968
17.45,1.1359463238833265,-0.7474393471337909,7.195029112919676,3.558431342702539,-0.30069015392976123
17.458333333333332,1.1278246145032977,-1.2010239939958407,7.225775833792015,3.8194373518535425,-0.3006958969804417
17.466666666666665,1.115949608682823,-1.6471791817853467,7.258651846820002,4.067811997072175,-0.30070301562991403
17.475,1.1004138899023506,-2.0780161660436427,7.2935024593118705,4.290702843066267,-0.30071171454625173
17.483333333333334,1.08138852509596,-2.48268517020257,7.33004176764169,4.469621851900284,-0.3007220972462863
17.491666666666667,1.0591432628793471,-2.8487055706529043,7.367813004651268,4.582647138838014,-0.3007340829164777
17.5,1.034049245388943,-3.1647926951030456,7.4061784937080315,4.609266088792571,-0.30074735116550383
17.508333333333333,1.0065545875778352,-3.4242844972521964,7.4443565378041905,4.536357090102856,-0.3007613632004264
17.516666666666666,0.9771353350159161,-3.6272967089380668,7.481501873861675,4.362097288256686,-0.30077547459122844
17.525,0.9462390352516823,-3.7802515385934337,7.516800841167489,4.095422613372241,-0.30078909259161973
17.53333333333333,0.9142421753479648,-3.8932505392620906,7.549545001804099,3.751779213081242,-0.3008018004233788
17.541666666666668,0.8814325996948658,-3.977006827996982,7.579163839068978,3.348061136527168,-0.30081340289182984
17.55,0.8480142100122172,-4.040705219484133,7.605220611235618,2.8990711764508474,-0.3008239019698786
17.558333333333334,0.8141242314176625,-4.091101505893365,7.62738750847696,2.4160540653408566,-0.3008334381163582
17.566666666666666,0.7798540008493566,-4.132494302794244,7.645415278297377,1.9066961406734149,-0.30084222800161475
17.575,0.7452680393077137,-4.16709641017311,7.659106134600259,1.375798288456668,-0.3008505131030697
17.583333333333332,0.7104195246843146,-4.195490796272548,7.668293126428778,0.8260915510180957,-0.30085852144518993
17.591666666666665,0.6753621559592485,-4.217027663065154,7.672825972750047,0.25895074234541343,-0.3008664394442391
17.6,0.640159109646213,-4.230124372849226,7.672562139592944,-0.3250631949647651,-0.3008743905809119
17.608333333333334,0.6048898593954908,-4.232482538428583,7.66736179566275,-0.9258077146287341,-0.300882457191039
17.616666666666667,0.5696554995747666,-4.221229103711719,7.6570854225201375,-1.5433264285411918,-0.3008907823679216
17.625,0.5345831351036762,-4.19300810157168,7.641592752491217,-2.177743460527043,-0.30089961322910125
17.633333333333333,0.49982959864741805,-4.144050877659771,7.620742282272615,-2.8292333952502187,-0.30090931860274384
17.641666666666666,0.4655846594545373,-4.070229032997053,7.594390682477348,-3.4980759178909655,-0.30092040973433715
17.65,0.4320738436572189,-3.967095177065915,7.562391406278384,-4.184793456441766,-0.3009335653351839
17.65833333333333,0.3995609630151812,-3.829911845131182,7.524591798450539,-4.890374068057242,-0.30094966293635067
17.666666666666668,0.36835046281738415,-3.6536652252552795,7.480827977408544,-5.6165837017277065,-0.30096982000238304
17.675,0.3387897341340462,-3.4330594820059015,7.43091673404507,-6.366369656494578,-0.3009954505007178
17.683333333333334,0.311271552356344,-3.1624936361389375,7.374643714879156,-7.1443453575054185,-0.3010283458235763
17.691666666666666,0.2862367069480767,-2.8360467611229887,7.311747364141738,-7.957310244754617,-0.3010707932137775
17.7,0.2641764348648031,-2.447565555557812,7.241898841780571,-8.814655557971085,-0.3011257494862106
17.708333333333332,0.24563285062776508,-1.9911292809226555,7.164680360424452,-9.728225130204603,-0.3011970890310036
17.716666666666665,0.23119164320722438,-1.462627937976059,7.07957059241109,-10.710455808677672,-0.30128992775526475
17.725,0.22145120938803695,-0.8642910506572868,6.985962183498876,-11.767781202018647,-0.3014109374413803
17.733333333333334,0.21692877384749157,-0.21618244399066577,6.883275848790037,-12.88250008883544,-0.30156825839068946
17.741666666666667,0.2178211750317545,0.41962911330278163,6.77130989756668,-13.972891558284926,-0.3017697970032055
17.75,0.22351997739749127,0.9080330656260851,6.65100480505772,-14.839307736974144,-0.3020175707800432
17.758333333333333,0.23201117451683984,1.0594233507187574,6.525437683675738,-15.18806414134708,-0.3022978407243422
17.766666666666666,0.23992831634803216,0.7692782798476354,6.399801397893857,-14.854354598236005,-0.30257852177711375
17.775,0.24386214258657127,0.13294236209577237,6.2793569357570025,-13.988286571826473,-0.30282707619569477
17.78333333333333,0.24171242391455022,-0.6611311856215599,6.167323378506787,-12.880487600599606,-0.30302898795921457
17.791666666666668,0.2327945621593534,-1.4753660397851902,6.064784432006244,-11.731610807967154,-0.30318588850364797
17.8,0.2172482350537526,-2.2458886797438544,5.971681212099375,-10.6221586307903,-0.3033057381167988
17.808333333333334,0.19554401045506808,-2.9518348812893365,5.887596395783777,-9.566722224366814,-0.3033969409217038
17.816666666666666,0.16823786484542938,-3.590702175887512,5.81211315295457,-8.555306824012344,-0.303466546271553
17.825,0.13587379416706274,-4.166699121479949,5.744929506270365,-7.572183288228389,-0.3035201380514543
17.833333333333332,0.0989496105470093,-4.686296921605379,5.685872548115124,-6.602679793590594,-0.30356214327657854
17.841666666666665,0.05790526484711697,-5.156799306750032,5.634880049029303,-5.634999828481414,-0.3035961476972172
17.85,0.013117707610809238,-5.58600683274437,5.591975815359292,-4.660221791881816,-0.3036251282850791
17.858333333333334,-0.03510308456277423,-5.982194694965671,5.5572479169924,-3.6717367575716957,-0.3036516045547423
17.866666666666667,-0.0865180112700205,-6.35408201357244,5.530831977064589,-2.664658533267307,-0.30367772876680654
17.875,-0.1409618047955829,-6.710605040009343,5.512898291556926,-1.6355535470202658,-0.303705332300137
17.883333333333333,-0.19834250709974002,-7.06025631532589,5.503638381072803,-0.5829458459355705,-0.303735936753196
17.891666666666666,-0.2586321409815166,-7.409523730252354,5.503241381029688,0.49055599110357406,-0.3037707287048934
17.9,-0.32183756421689386,-7.759487293082512,5.511840538248826,1.5728486733898688,-0.3038106735791761
17.90833333333333,-0.38793058463788865,-8.099224648012276,5.529393096627939,2.631416238780817,-0.30385699502837404
17.916666666666668,-0.45670684402712586,-8.395441961335427,5.555441827152913,3.59609654693762,-0.3039109169051929
17.925,-0.5275572068581639,-8.583778548503606,5.588732816291489,4.34522754125853,-0.3039724691783232
17.933333333333334,-0.5992369887350619,-8.581334993947223,5.626842478632519,4.729238722507473,-0.3040388070444363
17.941666666666666,-0.6698998937677849,-8.337279187744135,5.66627986250465,4.660228498723024,-0.3041038697013835
17.95,-0.7375947817661682,-7.88045926899691,5.703401001300373,4.1947046207461645,-0.3041611736536679
17.958333333333332,-0.8008910587617967,-7.297398791915164,5.7355375356185,3.493211554645124,-0.3042073136792597
17.966666666666665,-0.8591018617342786,-6.671232352757828,5.761403981620125,2.7112816925964607,-0.3042424335394751
17.975,-0.9120993791096496,-6.051679661188121,5.780774349524846,1.945123664453389,-0.3042684606061137
17.983333333333334,-0.960040447921369,-5.459421321915205,5.793990319932638,1.238328545969109,-0.30428757332743755
17.991666666666667,-1.0031786158079823,-4.89894472084138,5.801616005160124,0.6041179717632499,-0.30430157635186866
18.0,-1.0417709555363797,-4.3677155600273405,5.804258427692045,0.04154802403894519,-0.30431180930181645
18.008333333333333,-1.0760416670908768,-3.8608872575974984,5.802489327503204,-0.4559642066861025,-0.3043192358980903
18.016666666666666,-1.1061725737865495,-3.3733345712571934,5.796816520724961,-0.8967831833275388,-0.30432458930315676
18.025,-1.1323043836321458,-2.900373304462348,5.787676425108292,-1.2895381827858918,-0.3043284727620892
18.03333333333333,-1.1545412726490245,-2.4379221038955365,5.7754344105773665,-1.6426118789097395,-0.3043313849703516
18.041666666666668,-1.1729557418995495,-1.9824406259483787,5.760387416481463,-1.9640484083728447,-0.3043337386100952
18.05,-1.1875925634923423,-1.5307880618246914,5.742766528781543,-2.261627381767652,-0.30433587791128325
18.058333333333334,-1.1984714465370683,-1.0800636448838081,5.722738665772266,-2.54299238840899,-0.3043380946285417
18.066666666666666,-1.205588393210838,-0.6274544610829786,5.700407140263577,-2.8157870500619273,-0.30434064261775706
18.075,-1.2089158633855899,-0.17010365528315127,5.675811145155974,-3.0877735823268315,-0.30434375153740223
18.083333333333332,-1.2084019749193855,0.29498562262506917,5.648924416212324,-3.366905260407706,-0.3043476409315846
18.091666666666665,-1.2039691661891339,0.7709754239643942,5.61965367898317,-3.6612920775565283,-0.3043525580887152
18.1,-1.1955131145623956,1.2610946389249713,5.5878381542226,-3.978958311903374,-0.30435885202640367
18.108333333333334,-1.1829034156623384,1.7682808573789168,5.553252700260932,-4.327154696831654,-0.3043670185285546
18.116666666666667,-1.1659891871949153,2.2943021101596397,5.515620027182135,-4.710772998328041,-0.3043777366061464
18.125,-1.1446155594442073,2.837937005236839,5.474642322193972,-5.129123353938769,-0.30439189261445687
18.133333333333333,-1.118661097045135,3.391695302480372,5.430069786033026,-5.57016410325097,-0.30441054892314584
18.141666666666666,-1.088109098100954,3.9370841885188925,5.381828757100698,-6.002169053505443,-0.30443476725180946
18.15,-1.0531577486514052,4.440730346445269,5.330218552890357,-6.366798326237211,-0.30446516863071793
18.15833333333333,-1.014337563561959,4.857908139546761,5.276123084876735,-6.584911190928225,-0.3045012464228197
18.166666666666668,-0.9725434491420653,5.149821391369698,5.221077047389008,-6.586249420906847,-0.30454088156632986
18.175,-0.9288869220950057,5.306283325914267,5.167021360992412,-6.34885106130029,-0.3045807903389487
18.183333333333334,-0.8844170480477068,5.351107735668787,5.1158276458118435,-5.909114715697196,-0.3046178644688498
18.191666666666666,-0.8398990272671688,5.324749025237937,5.068914935258844,-5.332735550087719,-0.3046502773302414
18.2,-0.7957653403759982,5.2640635547328385,5.027157774143293,-4.680371010725152,-0.30467761163963347
18.208333333333332,-0.7521905917549396,5.193640010843837,4.991004601668559,-3.992865005442462,-0.30470036372228554
18.216666666666665,-0.7091947554627344,5.126527655844132,4.960644744220351,-3.2924519155229603,-0.3047194153438708
18.225,-0.666724489000744,5.067896175162458,4.9361383279268205,-2.5889638219939908,-0.30473570435027664
18.233333333333334,-0.6247046034747791,5.018260143398123,4.917495488881694,-1.8853191161780258,-0.30475006988987213
18.241666666666667,-0.5830674322312244,4.975558988676045,4.904717868374622,-1.1810845656102535,-0.3047631942869017
18.25,-0.5417689139381955,4.936326774233137,4.897817257771575,-0.4744991289407895,-0.30477558599941357
18.258333333333333,-0.5007974763178945,4.896302308908853,4.896821727566247,0.23646043280373646,-0.30478757542535984
18.266666666666666,-0.4601792316306688,4.850738815748361,4.901775315387986,0.9535405986642925,-0.30479935251546914
18.275,-0.41998130447419435,4.794555596559275,4.912734590330177,1.6779908984490919,-0.30481115100956385
18.28333333333333,-0.3803142948855242,4.7224090444275655,4.929764438225976,2.4105665014088142,-0.3048233471852532
18.291666666666668,-0.34133424188395173,4.628745230101866,4.952934292043608,3.1516289685441174,-0.30483647725577806
18.3,-0.303244189287758,4.507843800587574,4.982315628256113,3.9013494094904617,-0.30485125499069554
18.308333333333334,-0.26629541095672155,4.353855255763843,5.0179815763290545,4.660012764220109,-0.304868592946247
18.316666666666666,-0.2307883798203291,4.160822846843514,5.06000950240029,5.428428842646839,-0.30488962989889384
18.325,-0.1970736796936257,3.922670584530218,5.108487502819007,6.208462147141993,-0.30491576968551803
18.333333333333332,-0.16555324863953366,3.6331306347147225,5.163525868937478,7.003698793269746,-0.30494874040487996
18.341666666666665,-0.13668259017312231,3.285578198350367,5.22527476703968,7.820276020497565,-0.30499068844167126
18.35,-0.1109748494805996,2.8727455436317797,5.293949608784244,8.667902465807675,-0.305044330161846
18.358333333333334,-0.08900779078965516,2.3863176281645884,5.369865746601746,9.561069739579406,-0.3051131971310771
18.366666666666667,-0.07143430356716828,1.8165285839526215,5.453483655238952,10.520305770246173,-0.3052020298180386
18.375,-0.05899475811080114,1.1522686767508443,5.545462604066754,11.572741259778622,-0.3053173952963918
18.383333333333333,-0.05252105856028675,0.3834579135807532,5.64670808408486,12.74927277620782,-0.3054685871542775
18.391666666666666,-0.05289472256032859,-0.4888275207313594,5.758354323027443,14.069398800214936,-0.3056686203213755
18.4,-0.0608424023785706,-1.4200424535227407,5.881491990359269,15.4893489823375,-0.3059340569705353
18.40833333333333,-0.0762961319638412,-2.248679567532763,6.016179984174219,16.77908732645177,-0.30627848640275207
18.416666666666668,-0.0971213291283574,-2.6465464514497925,6.159366722175796,17.4300245248916,-0.3066901072854836
18.425,-0.1184433513846869,-2.356028225962142,6.303687472114389,17.032254427512513,-0.30711123994924844
18.433333333333334,-0.13490478418170537,-1.5376265307856019,6.441011096818877,15.842451442359822,-0.30747555858411574
18.441666666666666,-0.14359474172529393,-0.5413939312433492,6.567081566931027,14.408679536427165,-0.3077596797516251
18.45,-0.14402538113886104,0.4245801670109181,6.6813466697665005,13.035919129515031,-0.3079735291278005
18.458333333333332,-0.1367929133025604,1.2934789597943075,6.7847351615434235,11.80034987802063,-0.3081341259377395
18.466666666666665,-0.1227601953435593,2.0574196472359674,6.878366320311153,10.689269689207704,-0.30825569110763384
18.475,-0.10277005271763852,2.7251209415450663,6.9631448996739636,9.67020112209256,-0.3083485491787018
18.483333333333334,-0.07757751855680063,3.3078167189624037,7.039706710379838,8.712708506541464,-0.30842003646966487
18.491666666666667,-0.047847351359492175,3.8157382252990946,7.108461500986377,7.793166199337379,-0.30847548155791094
18.5,-0.014164772203214807,4.257789713879467,7.169650584691382,6.8946001774959145,-0.30851889912574215
18.508333333333333,0.022955155559304254,4.641993110288685,7.2233971512184585,6.005399441423334,-0.30855343132524793
18.516666666666666,0.06306230004282444,4.975983837847035,7.269745162695412,5.11794153841673,-0.30858161728059397
18.525,0.10576987891841155,5.267379351200634,7.308687362708105,4.227366903772401,-0.30860555349978813
18.53333333333333,0.15075534462491086,5.524005902052752,7.340183795970232,3.3305253466509948,-0.30862698721445014
18.541666666666668,0.19776266854127403,5.754013533073977,7.36417221453553,2.425080044657064,-0.3086473698197406
18.55,0.2466052357490225,5.965912122939234,7.38057165116066,1.5087649745471436,-0.3086678874673826
18.558333333333334,0.2971687702985979,6.1685422140565995,7.389280522883109,0.578823241504184,-0.3086894784645693
18.566666666666666,0.3494136608508068,6.370948945811162,7.390171094212772,-0.36828006076320324,-0.308712841743617
18.575,0.40337539455800164,6.58201507492358,7.383083574695638,-1.3365843965628064,-0.3087385484441555
18.583333333333332,0.45915989441346744,6.809535319665595,7.3678265574205914,-2.329284760437216,-0.30876750620214544
18.591666666666665,0.5169265493934214,7.058001588334841,7.344196850187621,-3.3450975475558105,-0.3088012013662178
18.6,0.5768423850602352,7.323571313412096,7.3120478140584195,-4.36971745501395,-0.30884168823946223
18.608333333333334,0.6389752968614278,7.584160542214843,7.271461428152149,-5.35895104833005,-0.30889128211614825
18.616666666666667,0.7030837412799691,7.785274368635867,7.223096157980805,-6.214755185370068,-0.3089515119258449
18.625,0.7683124458986647,7.835961146991667,7.16869136339229,-6.779117803265063,-0.3090209959884187
18.633333333333333,0.8330118871354343,7.647918526135028,7.111350181338172,-6.9024757536399575,-0.30909357478011223
18.641666666666666,0.8950769172177946,7.211175871233367,7.054921786493262,-6.574317687035082,-0.3091602166682842
18.65,0.9527379473964342,6.609323731273166,7.00260975837685,-5.947766994286283,-0.3092144391286916
18.65833333333333,1.0050690976536076,5.947237252955264,6.9560871823220145,-5.21246151689019,-0.30925496127003826
18.666666666666668,1.0518854250389795,5.2934430036138655,6.9156828887489725,-4.493615801475812,-0.30928384657564795
18.675,1.093398784822187,4.6769460771636,6.880991427286853,-3.84622439145455,-0.3093039782942284
18.683333333333334,1.1299562485563965,4.1039768534322905,6.85134047155703,-3.2842056665837314,-0.30931785411772467
18.691666666666666,1.16191017903969,3.57116546011435,6.8260282942369725,-2.803501745444369,-0.30932733609856944
18.7,1.1895697100968734,3.0722074077757306,6.804417848899227,-2.393903779385355,-0.3093337424895078
18.708333333333332,1.2131895379127977,2.600600887540652,6.78596407785371,-2.0440258123591653,-0.3093379962937841
18.716666666666665,1.2329729046906677,2.1505704893357906,6.770214914639185,-1.743086718227473,-0.3093407480023083
18.725,1.249078733070621,1.717255569261086,6.756803759479803,-1.4813773946402888,-0.3093424620337856
18.733333333333334,1.2616290238381116,1.296632886049773,6.745440456954379,-1.2502375459087776,-0.30934347429333137
18.741666666666667,1.270715209808566,0.8853617701050492,6.735903252090343,-1.0418771166115877,-0.3093440297641951
18.75,1.276403159535716,0.4806211430857494,6.728032402311857,-0.8491692158625158,-0.3093443069339856
18.758333333333333,1.27873687144888,0.07995965363621019,6.721725472685186,-0.6654564563726051,-0.30934443363621833
18.766666666666666,1.2777409868595653,-0.3188379729736506,6.716934153088553,-0.4843796214272885,-0.3093444981788746
18.775,1.273422253421907,-0.7178704121082787,6.713662412775746,-0.2997265758872969,-0.3093445751372843
18.78333333333333,1.265769999615512,-1.1192399491087586,6.711965886957506,-0.1052849801209653,-0.30934475951425333
18.791666666666668,1.254755595926397,-1.5251749832572865,6.711952494386623,0.10530598553828904,-0.3093451753543021
18.8,1.2403308688569628,-1.9381606185514997,6.713784318217075,0.3387123805710244,-0.3093459823446921
18.808333333333334,1.2224253573720667,-2.361087624207261,6.717680879760779,0.6020864270335017,-0.3093473899408436
18.816666666666666,1.2009422268332215,-2.79742578897619,6.723924058698518,0.903279651649794,-0.3093496758949604
18.825,1.1757526420925,-3.2514193534194433,6.732864891762693,1.2510782388692923,-0.3093532132530189
18.833333333333332,1.1466884736448784,-3.7282856675721106,6.744932317847026,1.65542342737544,-0.30935851275429554
18.841666666666665,1.1135335473806853,-4.234347116918919,6.7606433030099256,2.1274878583252748,-0.3093662891662182
18.85,1.0760146931390937,-4.776895542110652,6.780611888567159,2.6792485366947396,-0.3093775633327418
18.858333333333334,1.0337966735074664,-5.363264762931736,6.805549698029462,3.3216330329467496,-0.3093938115423496
18.866666666666667,0.9864921327492283,-5.997848255309179,6.836238087025623,4.059037987312633,-0.3094171550412413
18.875,0.9337135087641515,-6.674435956921793,6.873424707634382,4.875681004856894,-0.30945049656230994
18.883333333333333,0.8752210949231473,-7.360323582565695,6.917550435090709,5.70773585135,-0.3094972486409492
18.891666666666666,0.8112336955427263,-7.975199156199209,6.9681928892948966,6.406748380485518,-0.3095598375955476
18.9,0.7428449375109183,-8.39516721036972,7.023330093963645,6.747483217994102,-0.30963646664118105
18.90833333333333,0.6721265161378586,-8.527318409181973,7.079159232265726,6.559305895414114,-0.3097189063207995
18.916666666666668,0.6014622246575622,-8.396480776227687,7.131270080432541,5.879327276849181,-0.30979640104929385
18.925,0.5326065898926337,-8.113267789692786,7.176315551701086,4.89867507309683,-0.30986247551494484
18.933333333333334,0.466377763938741,-7.779089841359417,7.212587752533677,3.797385637810648,-0.30991643092288185
18.941666666666666,0.4029423515442779,-7.448298873623525,7.239558569026157,2.6772551259888906,-0.3099605175929046
18.95,0.3421773401779928,-7.139292622859124,7.257274361149767,1.5798218796925387,-0.30999744380195593
18.958333333333332,0.2838926474038391,-6.8521959381780215,7.265984237225469,0.5163371806347348,-0.31002935324103953
18.966666666666665,0.227933570059712,-6.579608152628042,7.265972498253257,-0.513939712458624,-0.31005761909544705
18.975,0.17421969136000148,-6.31162488939831,7.2574989934559735,-1.5152677958458827,-0.310083084888242
18.983333333333334,0.12275582870789928,-6.037891377755899,7.240785767849519,-2.492189521363336,-0.3101066737837582
18.991666666666667,0.07363209279665289,-5.748365071476533,7.216019210160662,-3.448679217897884,-0.31012956517303636
19.0,0.027019965060023538,-5.4335804991632255,7.1833547718289905,-4.388255502468424,-0.3101531958047961
19.008333333333333,-0.01683281101142353,-5.084697248462094,7.14291856090761,-5.314563705850771,-0.31017927370283827
19.016666666666666,-0.05760722331593031,-4.693431691933629,7.094802968214308,-6.23220311483849,-0.31020981016556815
19.025,-0.09491699867976455,-4.251887487821062,7.039054707953817,-7.147712173115007,-0.31024718070561497
19.03333333333333,-0.128310732695663,-3.75227234768922,6.975654107379613,-8.070679852764165,-0.3102942343859258
19.041666666666668,-0.15727118869247936,-3.186507799599599,6.904484717404565,-9.01494647144475,-0.310354481717633
19.05,-0.18121120859775608,-2.5458410589057916,6.825293000949133,-9.999735434562577,-0.310432405099015
19.058333333333334,-0.1994677037402978,-1.8208961832091477,6.737640754401541,-11.050081809553511,-0.3105339484153619
19.066666666666666,-0.21130223024873585,-1.0035925631977918,6.640863516179845,-12.19435253236431,-0.31066722321824936
19.075,-0.21593838906152715,-0.0951809016736989,6.5340828383406935,-13.45195655984159,-0.31084327837340414
19.083333333333332,-0.2127260575895383,0.8688057500853796,6.416419592076737,-14.793016135018513,-0.3110759338411711
19.091666666666665,-0.2016408859827468,1.7615125997874443,6.287760774515686,-16.042719031558224,-0.3113772358037441
19.1,-0.18431017329316948,2.313637281744934,6.150432911755762,-16.78874122969231,-0.31174145316109414
19.108333333333334,-0.1647895553996914,2.263876392279914,6.010557916751486,-16.616846262364877,-0.3121257714982082
19.116666666666667,-0.1480947210160501,1.6773829047345776,5.875786095157146,-15.630850636092188,-0.3124707936848541
19.125,-0.13747187007498482,0.8566806883176988,5.750960587574558,-14.307396662884061,-0.3127469560621227
19.133333333333333,-0.13383048956594287,0.026142563335929028,5.637305656127945,-12.984594452787789,-0.31295753887603567
19.141666666666666,-0.13681184984656236,-0.7257833487210662,5.534217066628818,-11.778627353746296,-0.3131166492744487
19.15,-0.1456531964244776,-1.3798510545748854,5.440642299490844,-10.698844335517029,-0.31323748432520004
19.15833333333333,-0.1595486130567095,-1.9401880312173179,5.355613687316886,-9.723167233706716,-0.3133300005305212
19.166666666666668,-0.1777561234596821,-2.4164386107602316,5.278371633586167,-8.826091784753434,-0.31340132835754764
19.175,-0.19961609099283414,-2.818307100662024,5.208353194245267,-7.986429431027051,-0.31345658699025913
19.183333333333334,-0.22454514017201258,-3.1543405956455683,5.145149228631208,-7.1884140280126205,-0.3134995341402014
19.191666666666666,-0.25202623758080744,-3.43195559971312,5.088461659514659,-6.420988752209928,-0.31353300489089353
19.2,-0.2816004557198303,-3.6577322125271046,5.03806854993491,-5.6767648745693915,-0.3135591940290866
19.208333333333332,-0.3128611938529501,-3.8376876400754125,4.99379764014723,-4.951061834294499,-0.313579835462696
19.216666666666665,-0.3454503322498443,-3.977464044276574,4.955507211630481,-4.2411115672542445,-0.3135963165907477
19.225,-0.3790555979919686,-4.082434348364872,4.923072905196582,-3.545421883260042,-0.3136097523193375
19.233333333333334,-0.41340854293696705,-4.1577472237142405,4.896379259416093,-2.863276332487609,-0.31362103446314366
19.241666666666667,-0.4482827211644511,-4.208333375715919,4.875314924036668,-2.1943491200046954,-0.31363086642660565
19.25,-0.48349182100271326,-4.238890835293892,4.859770663968623,-1.5384179593591054,-0.3136397892245807
19.258333333333333,-0.5188876301707945,-4.253861071661791,4.849639394678737,-0.8951618252458866,-0.31364820235444113
19.266666666666666,-0.5543577853387835,-4.2574015580197155,4.844817582313158,-0.26403451500998654,-0.3136563813407973
19.275,-0.5898232775169203,-4.253353612724235,4.845207396187516,0.35578860997739514,-0.31366449363230925
19.28333333333333,-0.6252356231516841,-4.245191162473944,4.850718921813662,0.9653671047064547,-0.3136726582143467
19.291666666666668,-0.6605735082766766,-4.235946195670151,4.861271680947428,1.5658827270034947,-0.31368106876750423
19.3,-0.6958386289297267,-4.228079751804687,4.8767948279545825,2.1584110263326326,-0.3136900187139612
19.308333333333334,-0.7310500239017286,-4.223240347984013,4.897224583052041,2.743476118026827,-0.3136998916537668
19.316666666666666,-0.7662356992533207,-4.22184110355492,4.922496743851675,3.3202921382515447,-0.3137111488793791
19.325,-0.8014196365623336,-4.222356893258942,4.952531033035892,3.8855335059938882,-0.3137243073355391
19.333333333333332,-0.8366014325176933,-4.220247521024611,4.987202669866082,4.43147983990557,-0.31373989523693524
19.341666666666665,-0.8717254092512243,-4.206534013504236,5.026295881184639,4.943580672574613,-0.31375836575568194
19.35,-0.9066376880442217,-4.166462611936039,5.069436831251076,5.398167892441513,-0.3137799485255975
19.358333333333334,-0.9410365301581088,-4.0795204795151205,5.116014888379127,5.762441809522234,-0.31380444294454846
19.366666666666667,-0.9744355206647465,-3.922849187453669,5.165125169475755,6.0001749383460865,-0.31383102930692025
19.375,-1.006173870670513,-3.679024347559895,5.215589967920234,6.084736493076977,-0.3138582669535442
19.383333333333333,-1.0354997300771431,-3.3447683700039263,5.266102055105762,6.01356235019845,-0.3138844218260275
19.391666666666666,-1.061705129196877,-2.933512593293057,5.315452356818243,5.812051665111271,-0.31390800948548764
19.4,-1.0842436497943573,-2.4689909473035367,5.362724437906027,5.522249386870575,-0.3139281978243562
19.40833333333333,-1.1027749483392988,-1.975441749824422,5.407361896628251,5.185981988427044,-0.31394484310872384
19.416666666666668,-1.1171388503712825,-1.4712634197845806,5.449115431297277,4.8341265462317375,-0.31395826287894313
19.425,-1.1272981128559694,-0.9676497023424726,5.487937818191144,4.484494038290824,-0.3139689700084654
19.433333333333334,-1.1332832959157406,-0.4700146845248939,5.52388432754774,4.144476623855579,-0.31397749116097046
19.441666666666666,-1.1351530657817568,0.019994999558402678,5.55704110056501,3.8146540142145624,-0.3139842789125363
19.45,-1.1329699026053732,0.5028917330399554,5.5874810677260145,3.4916682174523035,-0.313989689099214
19.458333333333332,-1.1267867926515787,0.9803140708034795,5.615239569335025,3.1700901533304857,-0.3139940287442981
19.466666666666665,-1.1166404532812164,1.4544625571502898,5.640301975293694,2.8434847025476087,-0.31399760754689915
19.475,-1.102547958548284,1.9278213254944794,5.662597964707969,2.5049899225796834,-0.3140007529264187
19.483333333333334,-1.0845049332056826,2.4030437257163473,5.68199938994608,2.1476275326835137,-0.3140038241940522
19.491666666666667,-1.062484327915611,2.8829142796588956,5.6983201629727995,1.7645006032659816,-0.3140072280424773
19.5,-1.0364354509174794,3.3703127712917205,5.711317773397059,1.3490093269804957,-0.3140114345025164
19.508333333333333,-1.0062835769834548,3.868094610864283,5.720697184228175,0.8952356634895065,-0.31401699216166035
19.516666666666666,-0.9719313392214596,4.378753983164613,5.7261193995745465,0.39872968559674116,-0.31402454004920255
19.525,-0.9332645866742942,4.9036393558846045,5.727219564135773,-0.14190373321774163,-0.3140348106517019
19.53333333333333,-0.890167925932738,5.441333521827798,5.7236438285616895,-0.7219494739765071,-0.3140486296851096
19.541666666666668,-0.8425589906818819,5.98470499817547,5.715120735015604,-1.325237480657905,-0.31406696244553856
19.55,-0.7904537258459673,6.516449646569877,5.701587924608637,-1.9162906447224193,-0.31409085978237417
19.558333333333334,-0.7340713581202405,7.004513636040446,5.683387733573316,-2.432528732057881,-0.31412116155393777
19.566666666666666,-0.6739615686199442,7.402572521900397,5.661498123436005,-2.785764656130221,-0.31415793256350844
19.575,-0.6110794702206511,7.66306411017986,5.637664602775409,-2.8861875065160008,-0.314199873618739
19.583333333333332,-0.5466993575641065,7.76092111809438,5.6142386328367735,-2.685386299830068,-0.31424434850410676
19.591666666666665,-0.4821523438528379,7.7079426094965084,5.593695739981659,-2.202812963058287,-0.3142883588946523
19.6,-0.4185472532259704,7.542130125648077,5.578116111731431,-1.507703621580661,-0.31432971363130535
19.608333333333334,-0.3566475178997771,7.304846031958711,5.568937269110142,-0.6787610879067718,-0.31436742245958244
19.616666666666667,-0.29691331230816276,7.026227719910116,5.567001612539092,0.22230969408882956,-0.3144013263712123
19.625,-0.23961181637853277,6.7227524080627505,5.572731686315689,1.1560881979730913,-0.3144316148732604
19.633333333333333,-0.1849187711827128,6.400591549412528,5.5862980986278234,2.100432458600455,-0.3144588475309866
19.641666666666666,-0.13298732392273888,6.059590882980039,5.607736840552922,3.0442462904340117,-0.31448402510866597
19.65,-0.08398758384733455,5.696224267699695,5.63702096021926,3.982936723580929,-0.3145085242224043
19.65833333333333,-0.03812639070165291,5.30543490936253,5.67410267537484,4.915790243318097,-0.31453406499767905
19.666666666666668,0.004344869103930475,4.8817284849753175,5.718939549965896,5.84465822156151,-0.3145627139003547
19.675,0.04312972524981373,4.419882452291935,5.771512921348606,6.773313290445553,-0.3145969177959315
19.683333333333334,0.07789152163413941,3.915596654311175,5.831841768416847,7.706901353421507,-0.31463956741687915
19.691666666666666,0.10826480433772767,3.3664810198335253,5.899990131860887,8.650803984782772,-0.31469408248069786
19.7,0.13387848349902706,2.7740378591629,5.976058959510694,9.607792926997197,-0.3147644834016551
19.708333333333332,0.1544034624836051,2.1477948534228637,6.0601406145298915,10.57149293232345,-0.31485533631699036
19.716666666666665,0.16964923374426905,1.513178292714979,6.152193656066169,11.513307232483777,-0.3149712782864834
19.725,0.17974360446704274,0.9232112791477213,6.251776557795614,12.362148927320906,-0.3151155452552457
19.733333333333334,0.18540193321870296,0.4656058219239884,6.357619445084527,12.990173667261248,-0.31528693883294
19.741666666666667,0.18815611403884971,0.24118967760102694,6.467233695158636,13.244233752378209,-0.3154762879529809
19.75,0.19022344101024422,0.30182773214536035,6.577080531079716,13.04442967961405,-0.3156667785975922
19.758333333333333,0.19386833499394068,0.6058362624018602,6.683553292037948,12.456248007374654,-0.3158410440894297
19.766666666666666,0.20071778130540888,1.0532339428175552,6.784036684771612,11.633938874824207,-0.3159888509212274
19.775,0.2115583330813087,1.5509177419829716,6.877194641552295,10.716774654071155,-0.31610823916999625
19.78333333333333,0.22654101216330685,2.0404629127345095,6.96261950328288,9.787221868756397,-0.31620210336851584
19.791666666666668,0.24546205854035302,2.4931368607167474,7.0403837694435385,8.881615791619964,-0.3162749225616551
19.8,0.26795897336216506,2.8977319225028304,7.110744571449912,8.011000289544464,-0.3163310963050538
19.808333333333334,0.2936169567409818,3.2518245456852757,7.173997977983132,7.175389789808538,-0.3163743898038242
19.816666666666666,0.3220201363657048,3.557042893242888,7.230421381184133,6.371082493772266,-0.31640786542081784
19.825,0.3527746089306602,3.8167801842436697,7.280257874565007,5.593869332745177,-0.3164339700342722
19.833333333333332,0.38551817406342953,4.035136107223675,7.323717938134137,4.840235525986349,-0.3164546480713142
19.841666666666665,0.41992390759075676,4.216421115867904,7.360986912323487,4.107674924090142,-0.31647143982953874
19.85,0.45570075524662457,4.364901707689145,7.392233388313031,3.3946546728156175,-0.31648555786308685
19.858333333333334,0.49259245662827833,4.484638286439408,7.417616772965207,2.700479914330526,-0.316497944356227
19.866666666666667,0.5303752507270357,4.579347246397171,7.437293745351947,2.025176469763607,-0.3165093142930011
19.875,0.5688544077849698,4.65225294475063,7.4514240315992755,1.36945202961011,-0.31652018856530967
19.883333333333333,0.6078594079713978,4.705907790366939,7.460176316060625,0.7347728037578842,-0.31653092000126626
19.891666666666666,0.6472374254287359,4.7419627149384125,7.4637353678866925,0.12358233624012684,-0.3165417143506624
19.9,0.6868446405436547,4.760872814549276,7.462311652061497,-0.46031703341996133,-0.31655265062501176
19.90833333333333,0.7265347829194022,4.761530292011554,7.456154871795533,-1.0112101624239167,-0.31656375205649784
19.916666666666668,0.7661445497872089,4.7408991284283895,7.445572318776855,-1.5209039799461166,-0.31657506173954675
19.925,0.8054763278437329,4.693756672094162,7.430951417784254,-1.9783221461173954,-0.31658661122734455
19.933333333333334,0.8442799868265852,4.61278399284505,7.4127836544186065,-2.3696743160163836,-0.31659836621037923
19.941666666666666,0.8822381066972669,4.489359216026216,7.391682585659929,-2.679807515436716,-0.3166101774171098
19.95,0.9189617370803141,4.315307387749321,7.368384015242883,-2.8951580386503353,-0.3166217578503753
19.958333333333332,0.9540041827609084,4.085376821330295,7.343715915853451,-3.007884437846751,-0.3166327098551291
19.966666666666665,0.9868952723373151,3.799461030939603,7.318534515944257,-3.019480175593888,-0.31664260783566944
19.975,1.0171884421124346,3.463263910818656,7.293640390361321,-2.941641654966538,-0.3166511073916985
19.983333333333334,1.0445045218947473,3.086867318639511,7.269702631306506,-2.793513720215307,-0.31665802845207
19.991666666666667,1.0685572681453537,2.6820087916722337,7.247216663577044,-2.5967683484919952,-0.31666337587547977
20.0,1.0891559082069944,2.259511750670013,7.226503210533744,-2.371041200454198,-0.31666730212794064
20.008333333333333,1.1061904580584005,1.8277979147887236,7.207737661994102,-2.1313284508745327,-0.31667004418692685
20.016666666666666,1.1196095645154098,1.392531510209816,7.190992343613025,-1.887403416732897,-0.31667186507344536
20.025,1.12939864361608,0.956962390380621,7.176277848332985,-1.6444759629122483,-0.3166730139097205
20.03333333333333,1.1355621862174055,0.5225220667241904,7.163576543552358,-1.4043028744166886,-0.31667370460616706
20.041666666666668,1.1381110949730124,0.08940684536079255,7.152866698556413,-1.1662783890146462,-0.31667410754278286
20.05,1.1370544432122327,-0.34294974818609353,7.144138287516706,-0.9283311640897816,-0.31667434949541845
20.058333333333334,1.132394702809656,-0.7755131550056221,7.137402145071488,-0.6876294424881855,-0.3166745397970041
20.066666666666666,1.1241256136755187,-1.2093720840409103,7.13269390703381,-0.44113835299486387,-0.31667481115399143
20.075,1.1122321999319855,-1.645485966801546,7.13007355310587,-0.1861397071542401,-0.31667532836087847
20.083333333333332,1.0966930083617106,-2.0843958916104666,7.129620402071107,0.07918121321670371,-0.3166762905712027
20.091666666666665,1.077485104439697,-2.5258411347694043,7.131422584387041,0.35497803608443046,-0.3166779341502205
20.1,1.0545928488930314,-2.9682301263191246,7.135559162248917,0.638729003158253,-0.31668054113926625
20.108333333333334,1.0280217529081943,-3.407950912470432,7.142072651544156,0.9239490604058073,-0.3166844379104584
20.116666666666667,0.9978185774520049,-3.8385876658827645,7.150929995591385,1.1987536890751629,-0.3166899749865192
20.125,0.9640974875563391,-4.250318781759307,7.161972541143141,1.4447784708156781,-0.3166974835442924
20.133333333333333,0.9270686641113062,-4.6300397259331545,7.174861740712408,1.637432600329579,-0.31670720472521974
20.141666666666666,0.8870605230195868,-4.96287007673451,7.189036738203764,1.7486691247778408,-0.3167192038678116
20.15,0.8445225848926419,-5.23524089189695,7.203707386673383,1.7526330837318371,-0.3167333064650896
20.15833333333333,0.799998971417945,-5.438581033714371,7.217901160511935,1.632460345770544,-0.31674910362906167
20.166666666666668,0.754075492210735,-5.571625599905451,7.230559446727869,1.3847164674589134,-0.3167660443414767
20.175,0.7073187729598341,-5.6399230763183,7.240651010241779,1.018898482615386,-0.3167835716214942
20.183333333333334,0.6602301501275059,-5.6530231058581615,7.24726220307519,0.5527583637655707,-0.3168012283023989
20.191666666666666,0.6132264722082957,-5.621150901918428,7.249641472851891,0.0065694880428231114,-0.31681868729482815
20.2,0.5666452234136373,-5.552854409027948,7.247201412633613,-0.6010441865747376,-0.3168357214974069
20.208333333333332,0.5207635039282913,-5.454007477341792,7.239495712814114,-1.2549976423599793,-0.31685223212589675
20.216666666666665,0.47582098399697015,-5.327765719616482,7.22618761389452,-1.9440439932054983,-0.3168683239810052
20.225,0.43204089527225054,-5.175012777004232,7.207019760590935,-2.6602550315958933,-0.3168843248757942
20.233333333333334,0.3896465350932691,-4.994947661657544,7.181789580348915,-3.398292201910539,-0.3169007970125315
20.241666666666667,0.3488729192082731,-4.78564739776387,7.1503304812916815,-4.154765031037194,-0.3169185515469816
20.25,0.30997400650892987,-4.544567879293865,7.112497740334455,-4.927746152281129,-0.31693866903020695
20.258333333333333,0.2732259118896636,-4.269015498381378,7.068157943040666,-5.716386849086011,-0.316962527115903
20.266666666666666,0.23892604339840318,-3.9566717721739795,7.017181682738516,-6.520487166886737,-0.3169918353019431
20.275,0.2073871711016939,-3.6063165133106567,6.9594408729337305,-7.3397633095200465,-0.31702867228946197
20.28333333333333,0.17892381784746558,-3.219001321121411,6.894814874008669,-8.172370186102599,-0.3170755103588024
20.291666666666668,0.15382562326147997,-2.800086561367466,6.823214453126022,-9.011949168724218,-0.31713518447040356
20.3,0.1323082206046055,-2.3626938607300483,6.744639967530058,-9.842190672378793,-0.3172107085384076
20.308333333333334,0.1144281884686707,-1.9328391382400856,6.659297938361927,-10.628273509603709,-0.3173047522590851
20.316666666666666,0.09995245169532713,-1.5546702508062815,6.567796110866208,-11.307453163049345,-0.3174185312746075
20.325,0.08820317862369877,-1.2895721206768003,6.47138934504817,-11.788782757801895,-0.31755009135403084
20.333333333333332,0.0779713556626687,-1.1991283364667147,6.372130635105417,-11.97864933919167,-0.31769286534073615
20.341666666666665,0.06764460329044451,-1.3130968639501899,6.272690424163461,-11.831168900173006,-0.31783639059570556
20.35,0.05557623568741453,-1.6094359177764217,6.175793482545205,-11.380000386700745,-0.3179698912465277
20.358333333333334,0.04047655859915459,-2.0295925468466804,6.083620979561801,-10.713833538645408,-0.31808613332678104
20.366666666666667,0.021581401808779932,-2.510938966817698,5.997567174311629,-9.925133721212934,-0.3181825976323377
20.375,-0.0014106787847426214,-3.0067013178220057,5.918356157276955,-9.079969001552788,-0.3182602297462902
20.383333333333333,-0.028490646558751314,-3.48864814199241,5.846285846003005,-8.215615429715315,-0.31832167873400813
20.391666666666666,-0.059475303811845195,-3.9422434013098333,5.781432919871372,-7.349590988722609,-0.3183700860978518
20.4,-0.09409846777665978,-4.361344621234434,5.72377804081917,-6.488681562992593,-0.31840848937318167
20.40833333333333,-0.1320643360720021,-4.744508364614998,5.673268336067318,-5.634890872111766,-0.318439597769745
20.416666666666668,-0.1730765082131534,-5.092751610207778,5.62984189026855,-4.7887839781576975,-0.3184657387090105
20.425,-0.21685239439849519,-5.408190727454298,5.59343147523845,-3.9512925640602874,-0.31848886620501754
20.433333333333334,-0.26312824516875016,-5.693087440902667,5.563956635839161,-3.124817104472506,-0.3185105823441246
20.441666666666666,-0.3116567960755488,-5.948989018408557,5.541307528685206,-2.3141771304815366,-0.3185321526829588
20.45,-0.36219741369946906,-6.175762933836278,5.525320194178257,-1.5277617280308728,-0.31855450883814007
20.458333333333332,-0.4144973769557084,-6.370429763948904,5.515740745397043,-0.7790466431721068,-0.3185782368513127
20.466666666666665,-0.4682627983660044,-6.52588290762924,5.512175778289072,-0.08831375864903535,-0.3186035544173038
20.475,-0.5231198470341937,-6.629963096713309,5.514030169533451,0.5162545878982411,-0.31863029260796716
20.483333333333334,-0.5785731587909316,-6.665938723821448,5.520444306545812,0.9999333138003591,-0.31865795160186844
20.491666666666667,-0.6339792214792023,-6.615823841729015,5.5302617073529925,1.327732884794067,-0.31868573893496466
20.5,-0.6885608155481416,-6.466732966716588,5.542071710097524,1.4757917324849052,-0.31871258004234626
20.508333333333333,-0.7414785630370517,-6.217496701856572,5.5543530146839,1.4428847520973267,-0.31873730653114835
20.516666666666666,-0.7919416982761276,-5.880721224029459,5.565683698025157,1.2535837536032302,-0.31875896897215966
20.525,-0.8393081457193753,-5.478316838563634,5.574927631145063,0.9497352091375783,-0.3187770733162057
20.53333333333333,-0.8831308245711501,-5.033947731279733,5.58132066527333,0.5765103760909064,-0.31879160534284684
20.541666666666668,-0.9231459716276282,-4.567297010670552,5.584449711177805,0.17177572544249567,-0.31880288832906817
20.55,-0.9592289074060862,-4.091986390017609,5.584170818991785,-0.2379155334788609,-0.318811403613646
20.558333333333334,-0.9913445346797062,-3.616105483124023,5.580515902704993,-0.6365494178437595,-0.31881767187581267
20.566666666666666,-1.0195071990438356,-3.1436912673370205,5.573615251011287,-1.016066917163963,-0.31882221281294
20.575,-1.043753116511902,-2.676169352981213,5.563642378473081,-1.3737602453986426,-0.31882551459695196
20.583333333333332,-1.0641233892558635,-2.2134335090240205,5.550778299631624,-1.7102578396033308,-0.3188280159602739
20.591666666666665,-1.080654430637372,-1.7545580309157753,5.535189882944838,-2.028139946584287,-0.3188301018935054
20.6,-1.0933731610433102,-1.2982504304830997,5.517017693168008,-2.3310124537149908,-0.3188321066898375
20.608333333333334,-1.102295299073056,-0.8431594772368338,5.496370324321918,-2.622844783566704,-0.3188343201731266
20.616666666666667,-1.10742596160677,-0.388136019623195,5.473323743877247,-2.907403635110096,-0.3188369943984849
20.625,-1.1087625286540281,0.06747161552252923,5.4479254614166885,-3.1876389424939497,-0.31884034876696743
20.633333333333333,-1.1063003722809905,0.5234133250738447,5.420204469660129,-3.464891065207483,-0.31884457740696553
20.641666666666666,-1.1000426088917956,0.9779743676112138,5.390188897655401,-3.7378276194754037,-0.31884988740174997
20.65,-1.0900151313596171,1.4272792042212108,5.357933575831048,-4.001141592738908,-0.31885651310583596
20.65833333333333,-1.0762876283085525,1.864592330316193,5.323558796341837,-4.244237949756979,-0.31886468050193595
20.666666666666668,-1.0589991497848361,2.2800173032567903,5.287297843792687,-4.450599717291899,-0.31887454314413466
20.675,-1.0383823380469992,2.6612326196611757,5.24954317149718,-4.598948338944428,-0.31888609753362956
20.683333333333334,-1.0147752286497418,2.9957761491685213,5.210871913031713,-4.667114159190537,-0.31889910793648446
20.691666666666666,-0.9886083769513471,3.274510524787212,5.172029089309006,-4.638030120575765,-0.31891309137449997
20.7,-0.9603635271831908,3.494641019505971,5.133861102726901,-4.5050741460114905,-0.3189273990722089
20.708333333333332,-0.9305158320459975,3.6604153456241293,5.097219236320832,-4.273521640578726,-0.31894137169819886
20.716666666666665,-0.8994818960745679,3.7811434457910993,5.062870908148958,-3.9574208889967575,-0.3189544918519999
20.725,-0.8675908245419819,3.8679790786733115,5.03144826285233,-3.5743023173157575,-0.31896646566671755
20.733333333333334,-0.8350809133802894,3.9312133434013288,5.0034391167903385,-3.1406956747373957,-0.31897722136553813
20.741666666666667,-0.8021136715984132,3.978853679792472,4.979206583887999,-2.66978785710078,-0.31898685645827163
20.75,-0.7687947636683342,4.016307981000826,4.959019970606403,-2.170933990058869,-0.31899557111309007
20.758333333333333,-0.7351947432666348,4.046667330285296,4.94308497042041,-1.6501747908029447,-0.31900360971630376
20.766666666666666,-0.7013664222504582,4.071179624898204,4.931567850802465,-1.1110747718083618,-0.3190112169637792
20.775,-0.6673582971133186,4.089700612775696,4.92461266919219,-0.5555203650012791,-0.3190186065549087
20.78333333333333,-0.6332245990259231,4.101048475544984,4.92235250245834,0.01565021606479451,-0.31902593823023095
20.791666666666668,-0.5990328131446655,4.10326017876927,4.924916179339322,0.6021911436452564,-0.31903330744820757
20.8,-0.5648693855599785,4.093771300092107,4.9324317983225665,1.2041359924939725,-0.3190408151734009
20.808333333333334,-0.5308442465076826,4.0695249145461805,4.94502835862425,1.8216514187964392,-0.3190486495881168
20.816666666666666,-0.4970945707184182,4.027050610767245,4.962836556576341,2.4549738387574784,-0.3190571069042077
20.825,-0.4637879665948131,3.962523083584076,4.985989375610671,3.1044250364043786,-0.31906660894200856
20.833333333333332,-0.43112524275595177,3.871805858827979,5.01462313831707,3.77050688783128,-0.319077724328482
20.841666666666665,-0.39934286041578704,3.750483085021592,5.0488796725240075,4.454074165612428,-0.3190911947122366
20.85,-0.36871517305479046,3.59387838099051,5.0889102491952265,5.156587390862642,-0.31910796849317336
20.858333333333334,-0.33955657292967933,3.3970579125117117,5.134881967419323,5.8804472281932565,-0.3191292462439723
20.866666666666667,-0.31222367996618167,3.1548178703029635,5.186987251273145,6.62940480114306,-0.3191565444207867
20.875,-0.28711765829106284,2.861671136643204,5.245456996675637,7.409019049562779,-0.31919178723449654
20.883333333333333,-0.26468647231414333,2.5118910909889878,5.310577438188946,8.227066850038435,-0.31923744040161295
20.891666666666666,-0.24542601061565758,2.099784364399979,5.382709404351326,9.0936356426309,-0.31929670294393303
20.9,-0.22987655535271728,1.6206518901017954,5.462304759476651,10.020168504762875,-0.31937376627589287
20.90833333333333,-0.21860476267256762,1.0735903622135183,5.549904663506834,11.015586267178024,-0.31947410602537546
20.916666666666668,-0.2121462243396654,0.4687654950376985,5.646079322569843,12.075081868787821,-0.3196046081024195
20.925,-0.21085296809392554,-0.15616289589259286,5.751216507823017,13.153450200031962,-0.3197728487725146
20.933333333333334,-0.2145547783150086,-0.7085525899713662,5.86500107211302,14.118583339158125,-0.31998390457188297
20.941666666666666,-0.22201505271695854,-1.027650214589019,5.985533063005727,14.725375312332687,-0.32023299387979187
20.95,-0.23058786456783625,-0.958543515722767,6.108728360060299,14.730856874270692,-0.32049823460234217
20.958333333333332,-0.23688443396912412,-0.49712566653484147,6.229332829318053,14.128509327144403,-0.3207477040673466
20.966666666666665,-0.23820258193984772,0.20589127223047904,6.343171552186578,13.154094546147347,-0.32095902479490696
20.975,-0.23323770088318485,0.989016802685615,6.448225166909289,12.051954755775803,-0.32112696399254614
20.983333333333334,-0.22176323791640604,1.7580782554716052,6.544055446210001,10.953319788207862,-0.3212565037703409
20.991666666666667,-0.20408478213849357,2.4745961188719985,6.630911906785854,9.900722870379544,-0.32135537443006107
21.0,-0.1806960072710223,3.1280818249835374,6.709200328679846,8.895554767070871,-0.3214307425557188
21.008333333333333,-0.15212310132754234,3.7194022177228576,6.7792690377421385,7.925582383825485,-0.32148845504126317
21.016666666666666,-0.1188649351481149,4.253537019901387,6.841351108527772,6.976467052880752,-0.3215331567921255
21.025,-0.08137187050512275,4.736911398248072,6.895566341214692,6.035671115895198,-0.3215685765117399
21.03333333333333,-0.04003787409836874,5.1765737717614915,6.941941077931548,5.093319544631532,-0.3215977744187275
21.041666666666668,0.004803714571410965,5.580018434981172,6.980429833848313,4.141971511631113,-0.3216233163453182
21.05,0.0528837778072884,5.9551586449102185,7.0109334665040794,3.1761026642972445,-0.32164738425545286
21.058333333333334,0.1040005916297346,6.310223291559897,7.03331323259789,2.1916885191458197,-0.32167183976224556
21.066666666666666,0.1580212178344376,6.653399538857008,7.047402925700365,1.186224606930719,-0.3216982525604007
21.075,0.2148779619220615,6.991943152014471,7.053024686210372,0.1597022904961627,-0.32172789733819074
21.083333333333332,0.2745534344353235,7.330206219164626,7.050020084338391,-0.8824771919532649,-0.3217617334047029
21.091666666666665,0.33704131063715936,7.66558004219955,7.038319432628495,-1.922911702665396,-0.32180068068499046
21.1,0.4022607255836894,7.981289034326527,7.018087481228962,-2.9202551860138155,-0.3218459144308675
21.108333333333334,0.4698981503005692,8.236706565799256,6.989989302990779,-3.7932351894914462,-0.3218983063205174
21.116666666666667,0.5391837151205897,8.363829314841084,6.955561193946286,-4.415842879943068,-0.32195715525661406
21.125,0.6087315806857461,8.289639668978346,6.917457555338367,-4.657845360619047,-0.3220188767408132
21.133333333333333,0.6767025415190857,7.98717961612552,6.879125616284662,-4.474602854351175,-0.32207752945675405
21.141666666666666,0.7413426767427861,7.502923535994631,6.843824460647132,-3.953982567480577,-0.3221278338250779
21.15,0.801480648172545,6.920605810486627,6.8137287168776055,-3.25124143649313,-0.32216766230937477
21.15833333333333,0.8566114890601524,6.31029463868675,6.789771653880398,-2.4980446332315718,-0.32219771293216437
21.166666666666668,0.9066851851012867,5.711053208596354,6.772018667603932,-1.7707456318445125,-0.3222198735229984
21.175,0.9518701117435845,5.138192172788215,6.760093299933264,-1.1024102987989641,-0.3222360737340294
21.183333333333334,0.9924026986196993,4.5943171120076585,6.753455409905724,-0.5020400597779618,-0.3222478714518373
21.191666666666666,1.0285149133089553,4.076617703383206,6.7515427361069955,0.03250221351453489,-0.322256419506477
21.2,1.0604063968559216,3.580542071338546,6.753832439863286,0.5078019559015969,-0.32226255401463677
21.208333333333332,1.0882375501458554,3.101377877896396,6.759863757863729,0.9318625218469787,-0.32226692488333863
21.216666666666665,1.1121309558294736,2.634805198358602,6.769244023746832,1.3129108728961252,-0.3222700723288802
21.225,1.1321753142042437,2.17701133316826,6.7816484999418565,1.6589924464394783,-0.32227244627778145
21.233333333333334,1.1484294708106635,1.7246252830770623,6.796818448589628,1.9779063026056767,-0.3222744227017896
21.241666666666667,1.1609255764578832,1.2745874838252338,6.814559322524604,2.2772764916422426,-0.3222763192222649
21.25,1.1696710819055045,0.8240057797883781,6.8347397757646275,2.564667513641334,-0.3222784095846042
21.258333333333333,1.174649560985268,0.37002114847229417,6.857291661426374,2.847700477234882,-0.32228093724167184
21.266666666666666,1.1758205123878283,-0.09030015007206707,6.8822108941024105,3.1341388720708196,-0.32228412857414845
21.275,1.1731184591446122,-0.5600204969697012,6.909558747297018,3.4318957472698495,-0.3222882138864367
21.28333333333333,1.1664519872459296,-1.0422831753877995,6.939462593310297,3.748875968500116,-0.32229349254996575
21.291666666666668,1.155703872840188,-1.5400741898068178,6.972114138519892,4.092490592713277,-0.3223003918198082
21.3,1.1407346758126442,-2.0555846961781783,7.007761072664423,4.468485468852394,-0.3223095027823588
21.308333333333334,1.1213944269160192,-2.5888354003301397,7.04668413908221,4.878489686761692,-0.3223216102094637
21.316666666666666,1.0975505094656997,-3.135081785980619,7.089145539469057,5.315440339276674,-0.32233768839083315
21.325,1.0691435029169556,-3.680710953072375,7.135288123884979,5.756364581199372,-0.322358795591903
21.333333333333332,1.0362805552297985,-4.1987556518350555,7.184968426438926,6.154438333231423,-0.3223857582941754
21.341666666666665,0.9993530960014166,-4.648681281814446,7.237545760783809,6.438360559871853,-0.32241858385395605
21.35,0.9591124308503671,-4.987733889418972,7.291741922258681,6.531726604704474,-0.32245584416544093
21.358333333333334,0.9165995314835101,-5.192911020831084,7.345751784004208,6.391027016753515,-0.3224946936478538
21.366666666666667,0.872908134469596,-5.275040597592015,7.397644228255801,6.030508861184076,-0.322531896880619
21.375,0.8289256947316416,-5.26958809661446,7.445807526715378,5.507177386800297,-0.32256511584873604
21.383333333333333,0.785215057754557,-5.215739369422838,7.4891587940048305,4.88542211274787,-0.32259342378397804
21.391666666666666,0.7420482535617614,-5.142909392718126,7.527095356702813,4.214065745448413,-0.3226170014509566
21.4,0.69950380688957,-5.068364485275628,7.559337844579219,3.522280429648872,-0.32263659607045647
21.40833333333333,0.6575575158690827,-5.00011000075131,7.585784092477261,2.8244695262880715,-0.3226531183850899
21.416666666666668,0.6161447133939654,-4.940363632350625,7.606411368127842,2.126162948030396,-0.3226674305576049
21.425,0.5751973083564197,-4.888052752040754,7.6212214727870355,1.4282711028720179,-0.3226802579707625
21.433333333333334,0.5346644108961729,-4.840302576348994,7.630213873247005,0.7296344117184814,-0.3226921603076627
21.441666666666666,0.4945236282854971,-4.793243186963114,7.633374860369767,0.02841302704579242,-0.322703524629814
21.45,0.45478742983599907,-4.7424264522622055,7.6306751814944604,-0.6772011482428567,-0.3227145742396249
21.458333333333332,0.4155069647424319,-4.683041077746153,7.622071948721636,-1.3886418967462153,-0.3227255012978454
21.466666666666665,0.37677463018617297,-4.610010325071405,7.607512158719684,-2.1069065849841353,-0.322736618617377
21.475,0.3387260212252847,-4.518051959603831,7.586936130551283,-2.8326188352950044,-0.3227483867899669
21.483333333333334,0.30154144900071583,-4.401722901195564,7.560280018881728,-3.5661895493642963,-0.3227614296252561
21.491666666666667,0.26544713038028184,-4.255453715843982,7.5274765771330765,-4.308075169367193,-0.32277655301081887
21.5,0.2307161421574333,-4.073569130747265,7.488453364129327,-5.059133805374267,-0.32279476907508375
21.508333333333333,0.19766930621035006,-3.850281156060911,7.443127548979506,-5.821087394846727,-0.3228173296742316
21.516666666666666,0.1666763170401636,-3.579633765445847,7.391396376062969,-6.597103937750058,-0.3228457762826119
21.525,0.13815762112813845,-3.2553733535941656,7.333122211567115,-7.392519304668961,-0.32288201780176234
21.53333333333333,0.11258776962510936,-2.8707217895782837,7.268110919497186,-8.2157191613706,-0.32292845442743867
21.541666666666668,0.09050108296682369,-2.418052918805427,7.196082208707157,-9.079178726863246,-0.32298817576811467
21.55,0.07250016175874809,-1.8885622585444464,7.1166309790564615,-10.000543778701184,-0.32306527595418066
21.558333333333334,0.05926605779301782,-1.2723068488589426,7.029181073555852,-11.003212674207894,-0.3231653444851263
21.566666666666666,0.05156274970465441,-0.5598803193840791,6.93294209706929,-12.114470593208772,-0.32329618374475555
21.575,0.05020902096761918,0.25041069744727545,6.826911014891338,-13.354918475784567,-0.3234686514224911
21.583333333333332,0.05593516372567393,1.1295806689699008,6.710052350822335,-14.701919488485839,-0.32369682992685195
21.591666666666665,0.06892196199493714,1.9623034324437263,6.58199710071326,-15.997167155730537,-0.32399430314923705
21.6,0.08778446459030946,2.4843478659150655,6.444686152319557,-16.83647704144021,-0.32435873654507186
21.608333333333334,0.10862315876839308,2.405631404235146,6.3039897906702596,-16.76014819002351,-0.32474990443344515
21.616666666666667,0.12625562136811702,1.7536776495322361,6.167818581351213,-15.812588457091499,-0.325105510111383
21.625,0.13712107537032328,0.8350088856960705,6.041501627157192,-14.478361689852926,-0.325391319576467
21.633333333333333,0.14012399098565784,-0.1064156907752391,5.926537474527736,-13.126450697417951,-0.3256089600860083
21.641666666666666,0.1355642075673558,-0.9721914259825898,5.822407081155872,-11.886209037930666,-0.3257727749831485
21.65,0.1241939160228666,-1.7403775242337505,5.728093194581185,-10.767693199061432,-0.3258965721586188
21.65833333333333,0.10681890967466798,-2.41475656814046,5.642677002204222,-9.745799894519983,-0.3259908472089382
21.666666666666668,0.08418142329527882,-3.005081809825757,5.565475458357359,-8.791678486313916,-0.3260631592331593
21.675,0.056940196808149116,-3.5212129802161005,5.496027963121285,-7.8813491150788755,-0.3261189950171728
21.683333333333334,0.025676135421151616,-3.971938796345592,5.4340482021522805,-6.996913932216225,-0.32616245944972055
21.691666666666666,-0.009099021639010852,-4.365134200339574,5.37937625436193,-6.125745677102848,-0.326196735610147
21.7,-0.046936796922790264,-4.70817605905275,5.331939622008255,-5.259289103051454,-0.3262243732167865
21.708333333333332,-0.08744941299688455,-5.00830660954263,5.29172416461719,-4.391913575704589,-0.3262474640743409
21.716666666666665,-0.1303097792459723,-5.272879813635808,5.258754024374128,-3.519906388868884,-0.32626774640595935
21.725,-0.17525306757770906,-5.509500279589233,5.2330793332599574,-2.6406107407129276,-0.32628666580668314
21.733333333333334,-0.2220790868568554,-5.726080002701807,5.214770515123768,-1.751705687714272,-0.3263054105814508
21.741666666666667,-0.2706548476612461,-5.930827852507714,5.203917942947512,-0.8506471144587401,-0.3263249320548747
21.75,-0.32091671487852264,-6.132153850443549,5.2006353733383355,0.0656619790607855,-0.3263459547500951
21.758333333333333,-0.37287111918690913,-6.338391116800065,5.205064570008992,1.000772350564315,-0.32636901496155146
21.766666666666666,-0.42659137698925353,-6.557087174878885,5.217375836487753,1.9577253542488804,-0.3263948078721932
21.775,-0.4822052814336428,-6.7933697486967795,5.237754588159653,2.9364472733789233,-0.32642451872275435
21.78333333333333,-0.5398615163100123,-7.046253561205493,5.266352898562317,3.9275314635146845,-0.3264598549651644
21.791666666666668,-0.5996509179896705,-7.30120025627004,5.303164496935149,4.89959419384634,-0.3265028732543067
21.8,-0.6614464875676029,-7.518293555723817,5.347761823862552,5.779243392829649,-0.32655530282099915
21.808333333333334,-0.7246471640107396,-7.623546059049518,5.39887134738897,6.43675459108415,-0.32661698161528707
21.816666666666666,-0.7879437386999572,-7.528150567344016,5.45399375749081,6.720155862227256,-0.3266839022698508
21.825,-0.8494335351051776,-7.190426954560367,5.509631816515717,6.56249376788319,-0.3267484415731662
21.833333333333332,-0.90724139624564,-6.659006661010024,5.562389611458929,6.055341644958993,-0.32680341124191853
21.841666666666665,-0.9601515080977208,-6.031179168897765,5.610076734706243,5.374821304983867,-0.32684583807499573
21.85,-1.0077188552502123,-5.386758022038059,5.651897536395234,4.665740108921292,-0.3268766282113479
21.858333333333334,-1.0500022517243537,-4.76714174419064,5.6879773372431135,4.0047975213484674,-0.32689825231100333
21.866666666666667,-1.0872797651112631,-4.186178947690557,5.71885616953138,3.4193985125347233,-0.32691317986290747
21.875,-1.1198806093593494,-3.644199406760877,5.745185286150505,2.912170437180434,-0.3269233625173725
21.883333333333333,-1.148111562305662,-3.136438608107863,5.767589439951766,2.4758130816565926,-0.3269302176655682
21.891666666666666,-1.1722329855469584,-2.6569148381761574,5.786617140214075,2.100044945816037,-0.3269347475086142
21.9,-1.1924560165705576,-2.1999316966208116,5.802729324124021,1.7743928621583016,-0.3269376596146586
21.90833333333333,-1.2089472857978536,-1.7605329039867088,5.816302451193019,1.4891274058720099,-0.3269394580239661
21.916666666666668,-1.2218354093527506,-1.334540545958208,5.827635770793909,1.2354464241390068,-0.3269405058849128
21.925,-1.2312170762313495,-0.9184468908652108,5.836958768451192,1.0053831633346404,-0.32694106701307735
21.933333333333334,-1.2371620285836609,-0.5092672880355477,5.8444374242913595,0.7916320055305326,-0.326941333104731
21.941666666666666,-1.239716800720912,-0.1043926669147787,5.850178948610797,0.587363713854389,-0.32694144143752957
21.95,-1.2389072687743277,0.29854766769327545,5.85423501969966,0.38605239336650493,-0.32694148695352
21.958333333333332,-1.2347401096714217,0.7018112707202436,5.856603648610641,0.18131836044104718,-0.3269415475264313
21.966666666666665,-1.2272032206988954,1.10766929310662,5.857229753261043,-0.033227262727160624,-0.3269417204500832
21.975,-1.2162650683325222,1.5185356447650789,5.856004430735714,-0.26413853970399276,-0.3269421330566493
21.983333333333334,-1.2018729409847737,1.9371031509740433,5.852762912510079,-0.5182983762512738,-0.3269429539202386
21.991666666666667,-1.1839499999844056,2.366496305081629,5.8472810602519925,-0.8031051990141912,-0.3269444085410032
22.0,-1.1623909921328808,2.8104390283767486,5.839270240152832,-1.1266733978025159,-0.3269467996038255
22.008333333333333,-1.1370565336959635,3.27342603787149,5.828370536703664,-1.498024277031215,-0.3269505383749844
22.016666666666666,-1.1077660876352828,3.760852868699739,5.814142669722814,-1.9271839629757332,-0.32695619343896354
22.025,-1.074290427340842,4.278976054854902,5.796060200324541,-2.4249572875639664,-0.3269645652804609
22.03333333333333,-1.0363461718364575,4.834373312774082,5.773506796706198,-3.001794645147699,-0.32697679621682957
22.041666666666668,-0.9935993940841531,5.4321150747486335,5.745791078695668,-3.6643742420177863,-0.326994516955874
22.05,-0.9456952778733164,6.070960309069083,5.712208901769184,-4.406976318715862,-0.3270199882795209
22.058333333333334,-0.892349606574013,6.73283058526972,5.672215385554835,-5.192934203251133,-0.3270560553649008
22.066666666666666,-0.8335574192712749,7.365684912736821,5.625802105240802,-5.924797102955607,-0.32710542116977165
22.075,-0.769934785126982,7.873121882989137,5.57410456393414,-6.426642067260424,-0.3271685669333573
22.083333333333332,-0.7029908792824101,8.148429996116784,5.519882504286845,-6.504341987026664,-0.3272410529088494
22.091666666666665,-0.6348795517280038,8.156987471212739,5.467083458235449,-6.090565248179192,-0.32731402894450734
22.1,-0.5675975443790716,7.966282000034894,5.419428260863629,-5.298925708131737,-0.32737948401435923
22.108333333333334,-0.5023745065194806,7.6784535976434105,5.379316691069339,-4.307733453299108,-0.32743421764079206
22.116666666666667,-0.4396868015550766,7.366399069617586,5.347815629044929,-3.2483922807773244,-0.3274789854632839
22.125,-0.37957168416746484,7.064158531744782,5.325177424832226,-2.187486844854688,-0.3275160226218039
22.133333333333333,-0.3218968060961339,6.780992429986676,5.311289924934266,-1.1503066481291342,-0.3275475154164219
22.141666666666666,-0.2665091990258026,6.514219426905038,5.305923068128692,-0.1426306251338036,-0.3275750724281382
22.15,-0.21330173415586537,6.256311037589766,5.308835379976776,0.8372465971020339,-0.32759967205894136
22.15833333333333,-0.16223798758158123,5.998167453138188,5.31981037222166,1.7930717148614472,-0.3276220319506997
22.166666666666668,-0.11335887658337664,5.730458945687956,5.338663756122958,2.7286668090022657,-0.32764305909953134
22.175,-0.06678205101203848,5.444150382388162,5.365241544540304,3.6474768720587027,-0.32766390082150976
22.183333333333334,-0.022698524786968554,5.130683075359648,5.399417532251321,4.552798734024621,-0.3276859494803846
22.191666666666666,0.01863145686320367,4.781994339461875,5.441094300361192,5.448360007368938,-0.3277108614601605
22.2,0.056882275655485856,4.390436096089523,5.490209932677058,6.339095643558438,-0.3277405952998798
22.208333333333332,0.09166573119565313,3.94859921974386,5.546751798251305,7.232061006172104,-0.3277774807826687
22.216666666666665,0.12253195957681634,3.449040739699233,5.610778399605251,8.137448588599318,-0.3278243386284979
22.225,0.1489677716084248,2.88395083023844,5.682449916743274,9.069637636568347,-0.3278846803249605
22.233333333333334,0.1703925072422472,2.2449431522968446,5.7620668431334945,10.048008798492779,-0.32796302907264036
22.241666666666667,0.1861545468751937,1.5235934234117323,5.850111610798034,11.09658406888482,-0.32806540663084927
22.25,0.1955412205219141,0.7146200852548927,5.947273205898242,12.23949248022249,-0.3281999801321531
22.258333333333333,0.19784248872794272,-0.17307002902843735,6.0543898947430534,13.483637717028444,-0.32837757138346185
22.266666666666666,0.1925770149191216,-1.0860414295603191,6.172130114763379,14.76896460285104,-0.3286106769811542
22.275,0.180088002512471,-1.8694870124527498,6.300055212770326,15.871772205437916,-0.32890708665905233
22.28333333333333,0.16253370046940865,-2.253964246995268,6.434981182760982,16.373655804010998,-0.3292531703854016
22.291666666666668,0.14416668660156803,-2.0596191735259826,6.57042591207704,15.988366037844637,-0.3296032245914532
22.3,0.12944262419628294,-1.4248850117013652,6.699583052515038,14.93648183145834,-0.32990817645222026
22.308333333333334,0.12085930099657222,-0.6268906320216763,6.8187425184282455,13.651879873901562,-0.3301496108309976
22.316666666666666,0.11894713652281912,0.15790782950717636,6.927211970330126,12.396228350997472,-0.3303337089095028
22.325,0.1232684405316748,0.8641563937444746,7.025660737848399,11.25135287164388,-0.33047318460963915
22.333333333333332,0.13309441073540784,1.4789862806734961,7.115049418125509,10.219225185589305,-0.3305793314530817
22.341666666666665,0.1476769452461297,2.0070656399451288,7.196236863490354,9.27914302040291,-0.33066064943918744
22.35,0.16632899545037633,2.4571904797240514,7.269894533582222,8.408592895936218,-0.33072328596564565
22.358333333333334,0.18843806371824115,2.8381402906399753,7.336521256116396,7.589028972899997,-0.3307717118607959
22.366666666666667,0.21346100990854708,3.1577421117463524,7.396481237616324,6.806641824971537,-0.3308092504384712
22.375,0.24091592007438384,3.4228967436255386,7.450041278213931,6.05171772873803,-0.330838436158557
22.383333333333333,0.2703753447899853,3.639816166927919,7.497401155993875,5.317735805423281,-0.33086124725148414
22.391666666666666,0.30146151961424833,3.8142441131176748,7.538716657887518,4.600530322987023,-0.33087925485774283
22.4,0.3338431421071208,3.9516068130492075,7.574116186285622,3.8975896294986048,-0.33089371900648157
22.40833333333333,0.3672331152617334,4.057096511404708,7.603712098770336,3.2074909001421883,-0.33090565144117023
22.416666666666668,0.40138676560693826,4.135705044016623,7.62760784675073,2.52945417209547,-0.33091585814780444
22.425,0.4361001967109191,4.192225501736302,7.645901836244668,1.8629991195064832,-0.33092496968069884
22.433333333333334,0.471208574020562,4.23123597603595,7.658688809587386,1.2076914369058722,-0.3309334642058275
22.441666666666666,0.5065842306559392,4.257073714356771,7.6660594540545794,0.5629697844597357,-0.33094168604519053
22.45,0.5421345267359474,4.273801531878891,7.6680988882307615,-0.07195060318930296,-0.33094986108238844
22.458333333333332,0.5777993716205958,4.285157234412404,7.664884699555787,-0.6980828584771333,-0.33095812328689717
22.466666666666665,0.6135481856545335,4.2944692273021134,7.656485422464324,-1.3165641781750304,-0.33096663209749344
22.475,0.6493759994332053,4.304526468358309,7.642960217372347,-1.9284586994922772,-0.3309756543720339
22.483333333333334,0.6852980430844121,4.3173341556922455,7.624361056525399,-2.534332790783719,-0.33098556148156955
22.491666666666667,0.7213415717716781,4.333679586567476,7.600739759185708,-3.133493571121527,-0.330996818226689
22.5,0.7575329096114773,4.352397847721196,7.572163360194657,-3.7227165122804036,-0.3310099623723897
22.508333333333333,0.7938766961754798,4.369218169105928,7.538742909079533,-4.294267217405061,-0.3310255612503847
22.516666666666666,0.8303236476585341,4.375181138635482,7.500681897484896,-4.833202581803207,-0.3310441234001274
22.525,0.8667245180752061,4.355039867261375,7.458348198165966,-5.314646375346734,-0.3310659399427508
22.53333333333333,0.9027749353336619,4.2869955256700125,7.41236162351115,-5.703316311619905,-0.33109085353764833
22.541666666666668,0.937971706100307,4.146136225033899,7.363662355176979,-5.95929882253393,-0.33111803270812856
22.55,0.9716192849260573,3.9129693739194042,7.313495046878948,-6.05238716043976,-0.3311459446161322
22.558333333333334,1.0029182530283085,3.5834127384023398,7.263255513714065,-5.978743435078523,-0.3311727059943693
22.566666666666666,1.031114309756065,3.1719862279252555,7.214237951405047,-5.765841682649604,-0.3311966973213579
22.575,1.0556294283214938,2.7046568421636006,7.167416691801229,-5.459814054159097,-0.33121702504400957
22.583333333333332,1.0761105259771693,2.2077784760154513,7.123371479029158,-5.106378678478523,-0.331233560628421
22.591666666666665,1.0923992444321526,1.701086576411754,7.082347857754225,-4.738953024129348,-0.3312466792131663
22.6,1.1044680303336636,1.1963678282698338,7.044373821793567,-4.376590044091756,-0.33125696070168553
22.608333333333334,1.112359971512054,0.6991739460916355,7.009368221562846,-4.027120772126591,-0.3312649916173856
22.616666666666667,1.1161464120655662,0.2110823909359324,6.977217177324815,-3.691187972424524,-0.3312712731777752
22.625,1.1159015966078383,-0.26855401913776966,6.9478201578168965,-3.3653639506460453,-0.33127619568763006
22.633333333333333,1.1116891202157642,-0.741507966371778,6.921114945681648,-3.044128800370359,-0.3312800643585252
22.641666666666666,1.1035553150279764,-1.2100832291744181,6.897089958229128,-2.7209801977021773,-0.3312831678703744
22.65,1.0915261414998538,-1.6768359339533312,6.875789777037589,-2.3890076728346226,-0.3312858065234109
22.65833333333333,1.0756056222438002,-2.144466435198048,6.857317203281096,-2.041182224961382,-0.3312883057522224
22.666666666666668,1.0557747670042636,-2.615797293923977,6.84183354351876,-1.6705131344141022,-0.33129103047457453
22.675,1.0319905585500337,-3.0937700333718876,6.829557724527921,-1.2701909838609842,-0.33129439985857484
22.683333333333334,1.0041851240302888,-3.5813904256919096,6.82076385628126,-0.8338407371611315,-0.33129890179168237
22.691666666666666,0.9722659187311806,-4.081517905557372,6.81577562745248,-0.35606785676250047,-0.3313051053828405
22.7,0.9361189093309878,-4.596316215359332,6.814953892689944,0.16638434435948068,-0.331313667743363
22.708333333333332,0.8956188198860662,-5.126036828738354,6.818670202516582,0.732294922210912,-0.331325344961837
22.716666666666665,0.8506539522331357,-5.6666526168493965,6.827253089132099,1.331628368841165,-0.3313410571304959
22.725,0.8011771837108208,-6.205889304322539,6.840887219877892,1.9384792389597933,-0.33136188036263275
22.733333333333334,0.7472960087338266,-6.718067452613183,6.859443969492398,2.5021191484027026,-0.33138884455201284
22.741666666666667,0.6894000553172909,-7.161231014496932,6.882248371045185,2.942397525763918,-0.3314224540294319
22.75,0.6282769045012706,-7.484290180424472,6.90787204496053,3.1631477329496924,-0.3314620097746487
22.758333333333333,0.5651060521380018,-7.648731565451174,6.93414879617041,3.0914993745930115,-0.33150527119724776
22.766666666666666,0.501251642972066,-7.651143616313816,6.958553964144576,2.718684992912021,-0.3315491069985677
22.775,0.4379509253667267,-7.522949112970841,6.978776297767833,2.1005040396333876,-0.3315908154621231
22.78333333333333,0.3761080667746653,-7.308430703394583,6.993109797045211,1.3189453445689863,-0.33162894532696174
22.791666666666668,0.31628003757400125,-7.044330284157363,7.000506625481275,0.445793234361637,-0.33166315644832645
22.8,0.2587772267913128,-6.752933475612559,7.0004218707574335,-0.470465439947969,-0.3316936413891646
22.808333333333334,0.2037785890484504,-6.444195273006605,6.992624871637654,-1.4018089493663546,-0.3317207746217119
22.816666666666666,0.15141628596076925,-6.120080758559969,6.977057288665062,-2.3338069658805995,-0.33174527299603224
22.825,0.10182670238890526,-5.77809186425621,6.95374443713826,-3.260066410543675,-0.33176822531598227
22.833333333333332,0.05517733807347955,-5.413546599030837,6.922744015069595,-4.1787963720576755,-0.3317910445909843
22.841666666666665,0.011678963720497464,-5.020905607816774,6.88411604821934,-5.091034381256788,-0.33181545415637304
22.85,-0.02841070072018731,-4.594539140397243,6.837903087860709,-5.999856027889007,-0.3318435038825426
22.858333333333334,-0.06478847298552469,-4.12924639343627,6.78411485664463,-6.9100145631886,-0.33187761510533437
22.866666666666667,-0.09711146723161034,-3.620812897424814,6.722715834935243,-7.8275058690438755,-0.33192065436176393
22.875,-0.1250089429800579,-3.066998750191704,6.653618992995588,-8.758386360143556,-0.33197602836518103
22.883333333333333,-0.14810646848167194,-2.469663408448316,6.576696342723476,-9.705651796985961,-0.33204776153504556
22.891666666666666,-0.16607670515767772,-1.839297113269701,6.491830712211969,-10.66200166699374,-0.33214042965021856
22.9,-0.17874400146028688,-1.2036639041770483,6.399055657603571,-11.595428562747312,-0.3322586230718222
22.90833333333333,-0.1862792692640965,-0.6202959183262464,6.2988490515333835,-12.427499602029402,-0.3324053099469946
22.916666666666668,-0.18948506744298116,-0.1824432088638559,6.192591258704155,-13.020775440048274,-0.3325785633386919
22.925,-0.19001213715460277,0.008325570671283916,6.082939999140143,-13.219833074472131,-0.33276807235898415
22.933333333333334,-0.1901605007106762,-0.09031965392166642,5.9735537197740705,-12.959201195242047,-0.33295627469910777
22.941666666666666,-0.1921741562225646,-0.4236385437766183,5.867998768862271,-12.324828091259338,-0.3331262562506367
22.95,-0.1975785665381262,-0.8863552242917799,5.768723333852355,-11.479127123891095,-0.3332689938596114
22.958333333333332,-0.207050836857913,-1.3878864677198846,5.676885636844358,-10.557213160155598,-0.3333835304209386
22.966666666666665,-0.22066554679099715,-1.8743708638887133,5.592768160910891,-9.634405305013775,-0.33347322470929974
22.975,-0.23817709053981923,-2.320597256507492,5.5162265411473355,-8.741709689169646,-0.33354264058349603
22.983333333333334,-0.2592043942970634,-2.7174692468882506,5.446966456827414,-7.887077629735961,-0.3335960904923287
22.991666666666667,-0.283327261955426,-3.063694937690117,5.384673797106796,-7.068883735604562,-0.33363720048521717
23.0,-0.31013125643407746,-3.3614658044098356,5.329063217347547,-6.282555559109305,-0.3336688932826213
23.008333333333333,-0.33922718011207487,-3.6144287005530815,5.2798891993132955,-5.523380497170522,-0.33369349357052897
23.016666666666666,-0.3702588980666612,-3.8267740413410345,5.236942270089578,-4.787500037691439,-0.33371284534081563
23.025,-0.40290593518086876,-4.0028243698167865,5.200040673687704,-4.072121389363517,-0.333728409735066
23.03333333333333,-0.43688365013231295,-4.146832749600916,5.169021750209594,-3.3754283098003857,-0.3337413395926284
23.041666666666668,-0.4719421160452317,-4.262859948165191,5.143734498116588,-2.6964100722221245,-0.33375253481028766
23.05,-0.5078640882414642,-4.354671751744913,5.124033529859143,-2.034709341392804,-0.33376268367394624
23.058333333333334,-0.54446209650907,-4.425628088866679,5.109774032828461,-1.3905391362443988,-0.3337722943801058
23.066666666666666,-0.5815745164908472,-4.478546256049699,5.100807025458174,-0.7646993617389374,-0.3337817197163948
23.075,-0.6190603386508194,-4.515522431847242,5.096973975175039,-0.15871731755890048,-0.3337911768645525
23.083333333333332,-0.6567922177426291,-4.537693972028872,5.098099645978886,0.4248623675914601,-0.3338007657575855
23.091666666666665,-0.6946472097735386,-4.544920821346649,5.103981761024776,0.9820027563955931,-0.3338105339222243
23.1,-0.7324946239393482,-4.535421545120106,5.114376228771868,1.5066072063120102,-0.33382056048057346
23.108333333333334,-0.7701807928851093,-4.505406859810753,5.12897748850931,1.9899267821049655,-0.3338309362649754
23.116666666666667,-0.8075112209171459,-4.448855262331001,5.1473945577830165,2.4201897918761497,-0.3338417145045288
23.125,-0.8442324285529852,-4.357722855626158,5.169126612608745,2.782959436236302,-0.33385285640876045
23.133333333333333,-0.8800186366117645,-4.22295302320641,5.193546750639994,3.0628370956496793,-0.3338641854595853
23.141666666666666,-0.9144710155242594,-4.036477704626932,5.219906894792263,3.246820859336892,-0.33387537433889225
23.15,-0.9471366207646555,-3.793804683380785,5.247375575688787,3.3286012002579204,-0.33388598752479615
23.15833333333333,-0.9775474673250536,-3.496027215319188,5.2751087490406,3.311788880863572,-0.3338955787654537
23.166666666666668,-1.0052693255300416,-3.1499927043295215,5.302335210005046,3.209931990702249,-0.3339038050267525
23.175,-1.0299429426535456,-2.7664036691696077,5.3284267183474325,3.04299078467389,-0.333910501878185
23.183333333333334,-1.0513043630037366,-2.356954298680096,5.352930284764815,2.832225844221494,-0.33391569092574924
23.191666666666666,-1.0691825415812708,-1.9319440920266544,5.375560250629456,2.596004759200476,-0.33391953306124555
23.2,-1.0834818865697138,-1.4990849877079127,5.396164083223017,2.347748034789888,-0.3339222629347022
23.208333333333332,-1.094159571743106,-1.0633706418724187,5.414679411248918,2.0957577878161717,-0.3339241327394074
23.216666666666665,-1.1012045187683772,-0.6275251709434603,5.431094506586386,1.8440696966648222,-0.3339253757742638
23.225,-1.1046210296620445,-0.1926175825421961,5.445417473165211,1.5935976373137475,-0.33392618791690043
23.233333333333334,-1.1044174075423558,0.24137662999105536,5.457654746784692,1.3431864174760815,-0.3339267211776519
23.241666666666667,-1.100598789747881,0.6751276412036662,5.4677975442261095,1.0904639681082537,-0.33392709905296203
23.25,-1.093163232848493,1.1096170819037368,5.475814586148127,0.8324996112055076,-0.33392746070529733
23.258333333333333,-1.0821002566861635,1.5458685039115412,5.481649763929367,0.5663545534331187,-0.3339279757979157
23.266666666666666,-1.0673916079394343,1.9846756919566053,5.485224356018422,0.2896389105134075,-0.33392884739113127
23.275,-1.0490144880216654,2.426272416097225,5.486444258522439,0.001176475132842912,-0.33393031387211725
23.28333333333333,-1.0269480023128723,2.8698783876957683,5.48521359614587,-0.29810936507604535,-0.33393264930506883
23.291666666666668,-1.0011841160457235,3.313066811016058,5.4814569901847845,-0.6039971095859817,-0.3339361688666723
23.3,-0.9717446051705918,3.7509669372575623,5.475153027722839,-0.9074953898839159,-0.33394122661765335
23.308333333333334,-0.9387049568734659,4.175434219291596,5.466380421050317,-1.193343204240771,-0.33394818559599815
23.316666666666666,-0.9022240224050664,4.574594884019631,5.455374420693047,-1.4392208667871973,-0.3339573584939557
23.325,-0.8625735406850907,4.933463338712391,5.442582593669255,-1.6169257961827666,-0.3339689204357335
23.333333333333332,-0.8201556055078295,5.236284917718709,5.428698248739949,-1.6966811469623486,-0.3339828181074389
23.341666666666665,-0.7754936470972377,5.470396042334443,5.414645271861505,-1.6542177404431948,-0.33399872592552304
23.35,-0.7291902675831365,5.629937846418836,5.4015018485181345,-1.4776822850426907,-0.3340160958455169
23.358333333333334,-0.6818627800961016,5.7171813243262015,5.39038167546702,-1.1703688300940411,-0.33403429223448233
23.366666666666667,-0.6340812413921746,5.74067226672412,5.382316436165006,-0.7477881950258455,-0.3340527389133151
23.375,-0.5863308415863283,5.711598644757422,5.378178936217656,-0.23145994954545823,-0.33407100075283985
23.383333333333333,-0.5390044704226841,5.640481038759282,5.378658544089934,0.3569029295055292,-0.3340887783418838
23.391666666666666,-0.49241709913864085,5.535320697165769,5.384275556792619,0.998780371838519,-0.3341058944035882
23.4,-0.4468295817197873,5.401104780632984,5.395413630276931,1.6799429592840907,-0.33412236991320193
23.40833333333333,-0.40247287075909177,5.240113036064367,5.41235511948938,2.3901986054895406,-0.3341384574247812
23.416666666666668,-0.35956805782332124,5.052544532314929,5.435311582483169,3.122606218118596,-0.33415464737278416
23.425,-0.318340946023334,4.837174174531481,5.464447438286708,3.8726705294925874,-0.3341716756690974
23.433333333333334,-0.27903140958061873,4.591941993205004,5.499897520397935,4.637692089502542,-0.33419053641926005
23.441666666666666,-0.24189811561582497,4.314484301115357,5.541779854704786,5.416258202526526,-0.33421250133082997
23.45,-0.20721883300655727,4.0026779440574245,5.590204377261402,6.207748549397232,-0.3342391455736184
23.458333333333332,-0.1752857257744195,3.6553273663689647,5.645276837796512,7.011625296951901,-0.3342723763018541
23.466666666666665,-0.146393613205231,3.2732112935062205,5.707094631629265,7.826125144973672,-0.33431445112313
23.475,-0.12081685514899483,2.8608363152887133,5.775727199257034,8.645738112036975,-0.3343679528509451
23.483333333333334,-0.09876706570707601,2.4293647620566547,5.85116743524236,9.456619575001204,-0.3344356437095948
23.491666666666667,-0.08032031269752281,2.001001238020699,5.933233711088276,10.229304606445414,-0.3345200512828973
23.5,-0.06530439164901147,1.6137925310200933,6.02140351041396,10.91018170966883,-0.3346225801112238
23.508333333333333,-0.05315879860034815,1.3221905840531,6.1145936185609004,11.419122339664007,-0.3347420797718176
23.516666666666666,-0.04283719106406862,1.1848667599786027,6.210994912160569,11.667369480265553,-0.33487345043484396
23.525,-0.032878320546652975,1.237657728669016,6.308165709256541,11.599904951439502,-0.33500779130581143
23.53333333333333,-0.021704110127685052,1.471013672242641,6.4034844125366295,11.231365783586204,-0.3351350921122304
23.541666666666668,-0.007993566444807249,1.8364745262464552,6.4947228765356515,10.635637926451182,-0.3352478234718487
23.55,0.009104453419191968,2.2746166144060576,6.58036265718286,9.901490564044243,-0.33534262859337716
23.558333333333334,0.02998273400567457,2.7371350688784846,6.659559262575489,9.09854004945092,-0.3354196381826303
23.566666666666666,0.05470333760425168,3.192913238543769,6.731933774854132,8.26925504796803,-0.33548092000213986
23.575,0.08313097553109161,3.624876510472198,6.7973683149479935,7.435301614523353,-0.33552924493988195
23.583333333333332,0.11502918260962909,4.025055385918241,6.855869169300187,6.606090507641829,-0.33556741321613026
23.591666666666665,0.150119242707673,4.390770294017356,6.907492624793616,5.7850171492303355,-0.3355979705314462
23.6,0.18811337712169585,4.722218909930701,6.952311735620055,4.973157942278845,-0.3356231218218914
23.608333333333334,0.22873216257868254,5.021020391830346,6.9904062488406336,4.171284520895836,-0.3356447257370182
23.616666666666667,0.27171221195158496,5.2892713149486275,7.021865172681295,3.3809951860868717,-0.33566431360191507
23.625,0.3168070066490301,5.528805541289892,7.0467970628685555,2.605507478070324,-0.3356831094324071
23.633333333333333,0.36378170288333983,5.74046285664395,7.065346753358851,1.8504569005687381,-0.3357020424795774
23.641666666666666,0.4124014613990158,5.923254030021503,7.077719507595379,1.124899960821655,-0.335721750030908
23.65,0.4624122928153657,6.073408868314912,7.084214538105623,0.44254228305848103,-0.3357425715418511
23.65833333333333,0.5135139837764551,6.183478788670314,7.085268799926142,-0.17711436543791415,-0.3357645392289305
23.666666666666668,0.5653273342508964,6.241982676385284,7.081507275680803,-0.7085575470381477,-0.3357873942956503
23.675,0.6173636910171258,6.234489899818678,7.073785986961748,-1.1225342850054079,-0.33581066256852854
23.683333333333334,0.669012700953239,6.146977957406588,7.063200277231663,-1.3922150189439184,-0.33583365287846034
23.691666666666666,0.7195666320768006,5.971009854462096,7.051027487914558,-1.5023373010717362,-0.3358554932237849
23.7,0.7682872838606996,5.708206422540997,7.0385955098648285,-1.456845967967766,-0.3358753007538855
23.708333333333332,0.814495502675024,5.370784174979915,7.027114424139476,-1.2793977424616048,-0.3358924096661355
23.716666666666665,0.8576452350410918,4.977539527647069,7.017539494239346,-1.0057652905046575,-0.3359065184057143
23.725,0.897354334189351,4.548114336952555,7.010514589058106,-0.6732541379974838,-0.335917684627171
23.733333333333334,0.933392423827719,4.098821927807678,7.006394826476403,-0.31298158179414504,-0.33592621229650255
23.741666666666667,0.9656451193336265,3.6411287322444417,7.0053133576072115,0.053026807815035465,-0.33593251881119973
23.75,0.9940742974275818,3.1820260440914674,7.007256456548758,0.4112795248995598,-0.33593703991756807
23.758333333333333,1.0186852608092407,2.7251444206665747,7.012126827375281,0.754853639366572,-0.33594019627295935
23.766666666666666,1.039503524681308,2.271873718136392,7.019789683659281,1.0813623600253057,-0.33594238073174654
23.775,1.0565599916830486,1.8222394224470053,7.030103394382944,1.391316953847595,-0.3359439461021958
23.78333333333333,1.0698822856127226,1.3755115076030109,7.04293843101562,1.6869476613159569,-0.33594520176248954
23.791666666666668,1.0794902785178828,0.93061657557638,7.058188036378758,1.9713717499304015,-0.335946415613093
23.8,1.0853945389359636,0.4864410226406871,7.075772890145667,2.2479602267100836,-0.3359478183091339
23.808333333333334,1.0875971345495814,0.04210542747754691,7.095640836733299,2.5197642524339763,-0.335949607678802
23.816666666666666,1.0860948518885343,-0.4027178537333162,7.1177616430724235,2.788875201927536,-0.33595195379723164
23.825,1.0808854775713326,-0.8473804268437853,7.142115737975062,3.055606777266135,-0.33595503005298577
23.833333333333332,1.0719781138975213,-1.289713776731619,7.168675258987218,3.3174653667844716,-0.33595904539007854
23.841666666666665,1.059408497089847,-1.72538466068751,7.197375697436071,3.5679446225535862,-0.3359642309268298
23.85,1.0432595580934663,-2.1473296064402034,7.2280777104290825,3.7954538346329882,-0.3359708032783363
23.858333333333334,1.0236850517900737,-2.5456689088516202,7.260522843559509,3.983076654127201,-0.3359789055070558
23.866666666666667,1.0009299861790137,-2.9086505876890287,7.294294074724459,4.110129029496497,-0.33598853413514124
23.875,0.9753375757878158,-3.224940137813014,7.3287992210025035,4.15609377967052,-0.33599948085415293
23.883333333333333,0.9473329674824125,-3.486722834979581,7.363294640575427,4.1060466837666345,-0.33601133070602407
23.891666666666666,0.9173827689727841,-3.6921155429303183,7.396951728134279,3.9549938798911555,-0.33602354026594056
23.9,0.8859427499267047,-3.8454392527022443,7.42894562858736,3.7085924931292786,-0.3360355697908046
23.90833333333333,0.8534130086254353,-3.955286560968848,7.458533258779333,3.380080111523496,-0.3360470055606058
23.916666666666668,0.8201141054491902,-4.031692684464673,7.485097196847967,2.985612771190972,-0.3360576212706928
23.925,0.7862853580795326,-4.083823718925926,7.5081528684396,2.5404242024730865,-0.3360673722759222
23.933333333333334,0.7520979022194809,-4.118764953509979,7.527331207059997,2.056818387748867,-0.33607634890615684
23.941666666666666,0.7176737026315135,-4.141240919663911,7.542351546384091,1.5437269303354078,-0.3360847184764325
23.95,0.6831044735800597,-4.153848426252231,7.552994901453064,1.0071293487327138,-0.3360926734240205
23.958333333333332,0.6484677527208421,-4.157463604708875,7.5590822652580245,0.4507632931034007,-0.33610039086896887
23.966666666666665,0.6138395396353669,-4.151640424323894,7.56045886819624,-0.12318735299308792,-0.3361080023836983
23.975,0.5793038968743605,-4.134938269590772,7.556983653610544,-0.7135327636177126,-0.3361155865518056
23.983333333333334,0.5449601531088886,-4.1051661610676815,7.548522800486762,-1.3196783502786884,-0.33612325238040225
23.991666666666667,0.510928445337215,-4.059544168734062,7.534945739256064,-1.9414115176843856,-0.3361312061178678
24.0,0.477354098400282,-3.9948242919598496,7.516122512758778,-2.5787872002789984,-0.3361397688094809
24.008333333333333,0.44441113806903787,-3.907378870486687,7.49192167859995,-3.2321120334132947,-0.3361493943332806
24.016666666666666,0.4123051688532705,-3.7932660828232776,7.46220796461373,-3.9020176599589758,-0.3361606915506903
24.025,0.38127577680991054,-3.648279313831762,7.426838973985295,-4.589614206830487,-0.3361744522392023
24.03333333333333,0.3515985717336859,-3.46798515624689,7.3856603058074555,-5.296715411102342,-0.33619168756776885
24.041666666666668,0.32358693664593835,-3.2477575479646044,7.338498549596552,-6.02611999056604,-0.3362136774323735
24.05,0.2975934460762469,-2.9828285344546264,7.285151817667658,-6.781911714137478,-0.33624203894104426
24.058333333333334,0.2740106171901813,-2.6684121005818424,7.225377994512182,-7.569683465999496,-0.33627882227135925
24.066666666666666,0.2532698724903159,-2.3000457427809025,7.158882170426118,-8.39645048742458,-0.33632664223387587
24.075,0.23583564660290876,-1.874500239038257,7.085307878955916,-9.269684213885315,-0.33638884626906773
24.083333333333332,0.2221869937777128,-1.3920616023045211,7.004244240733911,-10.194142060121537,-0.33646968660946847
24.091666666666665,0.21276904239398955,-0.8618619340262607,6.915277819346584,-11.163664438104885,-0.33657435870444496
24.1,0.2078780419810062,-0.3129753018981926,6.81814995863296,-12.14317749661389,-0.33670849110793866
24.108333333333334,0.20742402295855752,0.18772816029609318,6.713117036854835,-13.038515877621174,-0.33687616191726494
24.116666666666667,0.2105527888919136,0.5241827162841107,6.601557000045494,-13.674771181951442,-0.3370754270544323
24.125,0.21533755189299078,0.5674081009432279,6.486494181303068,-13.851265903152004,-0.33729315539394716
24.133333333333333,0.2190546484870335,0.2718005643013309,6.372201092058906,-13.496095037063927,-0.3375067198864831
24.141666666666666,0.21915007733137992,-0.28048983605369526,6.262685686932701,-12.737767493963892,-0.33769569260864846
24.15,0.21403840225073473,-0.9571273832030598,6.160454894173942,-11.7789680724773,-0.3378509674378335
24.15833333333333,0.20313423813065698,-1.6584092800601113,6.0665158820336265,-10.764719882649436,-0.3379732778455443
24.166666666666668,0.1864762950155131,-2.3326144892203877,5.981006798906375,-9.761911004484448,-0.33806770539302433
24.175,0.16439073055336612,-2.959276128727772,5.903731208760805,-8.789472140399608,-0.33814006230627924
24.183333333333334,0.1373017959391084,-3.5333050836599846,5.834436596786075,-7.845276589758939,-0.3381955342110422
24.191666666666666,0.10564431184170991,-4.05629922308885,5.772923005685334,-6.920362427254433,-0.3382384261543998
24.2,0.06982645415249818,-4.532659212980093,5.719070894094019,-6.004977392119113,-0.3382722674107646
24.208333333333332,0.030213901166567636,-4.968032561142518,5.672837099743097,-5.090718132617559,-0.3382999782716704
24.216666666666665,-0.01287771181730142,-5.368723185210819,5.634240803669696,-4.171043204724614,-0.33832400956919195
24.225,-0.05918704502907639,-5.741419860924847,5.603348035875125,-3.241229349869063,-0.3383464390346386
24.233333333333334,-0.10850919638898188,-6.092920366766309,5.58025688065467,-2.2983187954630515,-0.3383690290215704
24.241666666666667,-0.16069472664674944,-6.429619858891059,5.565081730496809,-1.3414720283936858,-0.3383932519913279
24.25,-0.21564248373695763,-6.756474799543918,5.5579311800783415,-0.37324780806096075,-0.3384202854582775
24.258333333333333,-0.2732800784235285,-7.074977677935692,5.558868692408736,0.5973720246642035,-0.33845097579659555
24.266666666666666,-0.3335209918330209,-7.379453742642345,5.567836675942183,1.5490237092311565,-0.33848594762079776
24.275,-0.39618233531165087,-7.651371149712216,5.584516516159676,2.438671477882462,-0.3385258492762351
24.28333333333333,-0.4608517034981906,-7.853456520185017,5.608106114550307,3.1922274726367807,-0.3385709396283105
24.291666666666668,-0.5267275413595708,-7.931087565501374,5.637059748020109,3.7081348728363634,-0.33862021991165814
24.3,-0.5925433568564541,-7.832525535703475,5.668984146230197,3.8938087309037064,-0.33867076787771994
24.308333333333334,-0.6567351130785142,-7.543462631689447,5.700965959656496,3.72635268999305,-0.3387183500770168
24.316666666666666,-0.7178397922364225,-7.101245862893377,5.730301378050539,3.2766303948635516,-0.33875936444053084
24.325,-0.7748416760170797,-6.569544002236638,5.755124163493171,2.6634357887441173,-0.3387923048200056
24.333333333333332,-0.8272407278725603,-6.004121906588864,5.774534256033948,1.992044121839769,-0.33881757301386484
24.341666666666665,-0.8749130992458132,-5.439054558190909,5.788351072904264,1.3289295665958494,-0.3388364712794107
24.35,-0.9179369668587699,-4.889948158307281,5.796798842032551,0.7068090106866407,-0.33885041998273635
24.358333333333334,-0.9564697331648015,-4.361371950586855,5.8002789006628905,0.13750718864422046,-0.3388606240221632
24.366666666666667,-0.990681455713761,-3.8525141868767516,5.799240392064576,-0.3780368582080826,-0.33886801190691
24.375,-1.0207248319684372,-3.3603888116835043,5.794116338340338,-0.8439486308901933,-0.33887330772485313
24.383333333333333,-1.0467243470410186,-2.8813733926859073,5.78529506604082,-1.2665103833063913,-0.3388771234603258
24.391666666666666,-1.068774081330122,-2.411855592539215,5.773108542534876,-1.652823428028611,-0.3388799799959476
24.4,-1.086938888974656,-1.9484476222135079,5.757828273571506,-2.010242527276402,-0.3388823196884351
24.40833333333333,-1.1012564205954865,-1.4880020391517819,5.739664174333842,-2.3461794368187254,-0.33888452114887657
24.416666666666668,-1.1117388947743798,-1.027549588837976,5.7187643218643975,-2.668063177351302,-0.3388869143061012
24.425,-1.1183742586045835,-0.564222825695088,5.695214796603006,-2.9833439870830762,-0.33888979516998774
24.433333333333334,-1.121126805379999,-0.09520921706894411,5.669039581225487,-3.2994631419455196,-0.33889344029058366
24.441666666666666,-1.1199376886196173,0.3822164249176307,5.640201143796498,-3.6237008299275812,-0.33889812259658036
24.45,-1.1147263146923807,0.8704969672665845,5.608603274802116,-3.9627580488936522,-0.3389041594637406
24.458333333333332,-1.105394420500336,1.371317270937653,5.574099220328174,-4.321856298919039,-0.3389119837926358
24.466666666666665,-1.0918360459988417,1.8846169451612238,5.536510645953369,-4.702955784995109,-0.33892217064318636
24.475,-1.073958896176988,2.4067961914282856,5.495666927659252,-5.101573038219414,-0.33893543323068676
24.483333333333334,-1.0517247306757143,2.9279506370662123,5.451478097073071,-5.501895199919073,-0.3389525562102198
24.491666666666667,-1.025215226325592,3.4287498731094646,5.404052893486227,-5.871227511291192,-0.3389742027436741
24.5,-0.9947173404958431,3.879517598305378,5.353852126628305,-6.158174423290279,-0.3390005493497227
24.508333333333333,-0.9607915706604495,4.246005499465779,5.30181460019087,-6.302353194821313,-0.339030847592029
24.516666666666666,-0.9242560730995065,4.503340298309388,5.249339475537843,-6.258354786933877,-0.3390632663376091
24.525,-0.8860471851624326,4.649435865170467,5.198054890728686,-6.019132645676116,-0.3390953643962655
24.53333333333333,-0.8470175985386104,4.705102996234303,5.1494753149470585,-5.6168052193676425,-0.3391249807927419
24.541666666666668,-0.8077934817607009,4.7013554844683165,5.104754868769508,-5.101460187461374,-0.3391508666042847
24.55,-0.7687475602890667,4.6663789108631555,5.064635568422312,-4.519164010107097,-0.33917272693904404
24.558333333333334,-0.7300519659049706,4.619787179430572,5.029530351562878,-3.902249606625045,-0.33919090624284987
24.566666666666666,-0.6917516887011746,4.57278340449726,4.999640913198072,-3.269596701813572,-0.33920604664713633
24.575,-0.6538255773761552,4.530452840315915,4.975054390630777,-2.630522697635629,-0.33921885915418715
24.583333333333332,-0.6162275972696054,4.494003844737819,4.955806539176143,-1.9885888592391832,-0.3392300044300762
24.591666666666665,-0.5789120987860467,4.4623408203718755,4.941917711381811,-1.3442814197896167,-0.33924004079290565
24.6,-0.5418486670964647,4.433021812613126,4.933411028421327,-0.6966543107659938,-0.33924940449841634
24.608333333333334,-0.5050308671626051,4.402798669033126,4.930320048672142,-0.044260692287074646,-0.33925840224663956
24.616666666666667,-0.4684816169952236,4.367910372119404,4.932690636911536,0.61434599416748,-0.33926721423775036
24.625,-0.4322567182874768,4.324244275451351,4.940579736279891,1.2803539284746608,-0.33927599575927925
24.633333333333333,-0.39644742963706786,4.267412473520675,4.954052899817027,1.9546438723482797,-0.33928500358920877
24.641666666666666,-0.3611825492201214,4.19280038424156,4.973181872800321,2.6378347858400883,-0.33929462092715024
24.65,-0.3266301447002364,4.095603175567542,4.998042866337252,3.330406763736349,-0.3393053719178645
24.65833333333333,-0.29299901885239876,3.970853010774097,5.028716192551248,4.032904612439264,-0.33931793936911236
24.666666666666668,-0.2605399926171132,3.813434563164298,5.0652879370906545,4.7462241068613515,-0.33933318719201544
24.675,-0.22954713902513627,3.618079165218904,5.107854386695812,5.47198860132989,-0.33935219069665634
24.683333333333334,-0.20035920653450576,3.379322265966238,5.156530011613544,6.213027871148511,-0.33937628021081995
24.691666666666666,-0.1733616142069273,3.0914055850887885,5.211459915725143,6.973974130691802,-0.33940710689532816
24.7,-0.14898955068627895,2.7481083251485647,5.272837790364641,7.761988246205226,-0.3394467446743
24.708333333333332,-0.12773277266599814,2.342512471114365,5.3409304464289145,8.58760630949519,-0.3394978496795259
24.716666666666665,-0.11014241439503389,1.8667789164718889,5.416109603280373,9.465601088247102,-0.3395639090595579
24.725,-0.0968387275704625,1.3122313282806968,5.498889632672579,10.41542545324768,-0.33964962191773895
24.733333333333334,-0.08851396492253116,0.6706933563465964,5.589962842100018,11.45977564512367,-0.3397614489423981
24.741666666666667,-0.08591039364086679,-0.06015502580222702,5.690201270679928,12.616801852232395,-0.3399082654103731
24.75,-0.08971428357291489,-0.8602227942610892,5.800529348538557,13.87394215201643,-0.3401015914210069
24.758333333333333,-0.10022098780567519,-1.6464894716067986,5.921425089767878,15.121035166094504,-0.340353401144605
24.766666666666666,-0.11656580096910056,-2.2166559216744104,6.051688662526668,16.0528591814791,-0.3406661152381542
24.775,-0.1357885406661158,-2.298588330887969,6.186873707000125,16.24064492354705,-0.341014379493929
24.78333333333333,-0.15328381665728508,-1.8196670554328034,6.319923977992872,15.568789266882757,-0.34134682910385017
24.791666666666668,-0.16518067772406275,-1.0037482459759697,6.444956461199685,14.393215082595491,-0.3416243273973113
24.8,-0.16979132414861103,-0.10310631889612688,6.559515183739472,13.102952984997849,-0.34183976215676143
24.808333333333334,-0.16702820391251225,0.7539572905075721,6.663536639267248,11.879241939116397,-0.3420030388860544
24.816666666666666,-0.1574600429970437,1.5276062932408878,6.757802330405233,10.761913788872771,-0.3421265041227937
24.825,-0.14181161213773272,2.2138877153023024,6.843162330514069,9.738056884182035,-0.34222031437426914
24.833333333333332,-0.12078591663888806,2.819572946357213,6.9202939178773,8.782919848966477,-0.34229201830595557
24.841666666666665,-0.09501822657721049,3.3534194980391736,6.989670580091561,7.873406334741951,-0.3423471603369929
24.85,-0.06507183535667155,3.8237934404451734,7.051593005085393,6.991290177797391,-0.3423899021507757
24.858333333333334,-0.03144330088326255,4.238365149820867,7.106230640200496,6.123186569425621,-0.3424234709982942
24.866666666666667,0.005432665406244196,4.6043624983395794,7.153658564242515,5.259662201690033,-0.3424504514265792
24.875,0.04518087027208013,4.92889109152956,7.193886153604287,4.394214986348279,-0.3424729666847658
24.883333333333333,0.08748572274987619,5.219183542460632,7.226877474204906,3.522323098444141,-0.3424927881865067
24.891666666666666,0.1320930050259421,5.482755342694892,7.252564218428045,2.6406101485571805,-0.3425113998443401
24.9,0.1788125795938553,5.727475274488131,7.27085223166216,1.7461453331069554,-0.34253003485169886
24.90833333333333,0.22752133651768935,5.961550393953777,7.281622894530079,0.8359192909291902,-0.34254969546435043
24.916666666666668,0.2781655422669746,6.193385036339139,7.284731203906445,-0.09339727454790321,-0.3425711605147386
24.925,0.3307610509199639,6.431169482646131,7.280003891747786,-1.0451279164364684,-0.3425950250857923
24.933333333333334,0.3853878358824597,6.681854591354173,7.267244639775704,-2.0210972676473533,-0.34262206917056914
24.941666666666666,0.4421713037032073,6.948835838015521,7.246259947453689,-3.0178775434110565,-0.34265358653615285
24.95,0.5012342796421116,7.226943907451654,7.216933788502838,-4.018346346701826,-0.3426913738522265
24.958333333333332,0.5625900594570831,7.49310644036555,7.179402058154844,-4.975854270117365,-0.34273741672557845
24.966666666666665,0.6259417088121164,7.694089414728389,7.134385532916114,-5.7936037445851545,-0.34279290979721944
24.975,0.6904088405090744,7.745311325418035,7.0836419945283655,-6.323508993320263,-0.3428564027822249
24.983333333333334,0.754388943403932,7.568328835043063,7.030177721267728,-6.431902587368263,-0.3429223337471514
24.991666666666667,0.8158863366676421,7.156429130774154,6.977646201782761,-6.112902307375342,-0.3429828099400509
25.0,0.8732198315753775,6.585621532132797,6.929098654839388,-5.505899181975152,-0.3430321736045676
25.008333333333333,0.9254752063020998,5.9518137253777335,6.886191867453361,-4.784828638078129,-0.3430692217633986
25.016666666666666,0.9724251610856788,5.31979556799876,6.849332080735577,-4.0685368781802635,-0.34309569558497116
25.025,1.0142263521784676,4.7187179760635765,6.818212049434482,-3.4124944085501263,-0.3431141327872491
25.03333333333333,1.0511783331259237,4.156177415714571,6.79224232513133,-2.8332375544703927,-0.34312678319425727
25.041666666666668,1.0835976241077439,3.630134876750397,6.770781778937016,-2.3292511015342505,-0.3431353513621798
25.05,1.1117672318742655,3.1352757569481144,6.7532352763633625,-1.8922480165286029,-0.34314105794182875
25.058333333333334,1.1359225876555539,2.6657679145815854,6.739086196249393,-1.5121768413318164,-0.3431447647605084
25.066666666666666,1.156252202503811,2.2162679094818643,6.727901722908446,-1.17915108307816,-0.3431470832053219
25.075,1.1729031280830946,1.782179170607151,6.719328422883504,-0.8840454604459838,-0.34314845236589986
25.083333333333332,1.1859871622730602,1.3596205487470188,6.713085413173213,-0.6185622540976645,-0.343149191751751
25.091666666666665,1.1955863076217816,0.9452977911411635,6.708957906407715,-0.37510914554832214,-0.3431495359193588
25.1,1.2017570378128855,0.5363530995695248,6.706792046963644,-0.14662472107495383,-0.3431496569201789
25.108333333333334,1.20453331762205,0.1302184701145225,6.706491232783231,0.07359937632211407,-0.3431496786393292
25.116666666666667,1.2039284416540372,-0.2755206562375749,6.708013875271963,0.29208427610224996,-0.34314968730588996
25.125,1.199935782765413,-0.6832518969126863,6.711372485862796,0.5153189863396547,-0.343149758582507
25.133333333333333,1.1925284775812262,-1.0954667275522507,6.716634076508462,0.7499219693347605,-0.3431499983191798
25.141666666666666,1.1816580024102057,-1.5148946466657052,6.723921920738741,1.002805083302094,-0.3431505573584412
25.15,1.167251617555681,-1.9446416198132068,6.733418697214767,1.2813422509505117,-0.343151643862618
25.15833333333333,1.149208637018717,-2.3883321696718105,6.745371046464079,1.5935369612697372,-0.3431535425832637
25.166666666666668,1.127395554979748,-2.8502363302874314,6.76009540772509,1.9481520004457913,-0.3431566444801266
25.175,1.1016403535106778,-3.3353244557883657,6.777984456646867,2.354697387124103,-0.3431614916694616
25.183333333333334,1.0717271139944193,-3.849102870477703,6.799512031890682,2.8230150105450056,-0.3431688441179439
25.191666666666666,1.0373940184068298,-4.396879460862178,6.825230974173482,3.3618440301114285,-0.3431797733914655
25.2,0.9983423267530442,-4.981682507495778,6.8557504408864975,3.975014874458637,-0.3431957768884809
25.208333333333332,0.9542732197845036,-5.599336337213187,6.891663121900181,4.652683313844097,-0.34321885992678314
25.216666666666665,0.9049845372183976,-6.228736218275777,6.93336669969753,5.354250281368512,-0.34325140469182425
25.225,0.8505679990752338,-6.8182967528306975,6.980709656816631,5.984766679974689,-0.3432954174269778
25.233333333333334,0.7916941999963482,-7.282423747708515,7.032485255622724,6.389041860684631,-0.3433507652678889
25.241666666666667,0.7297856460110821,-7.536042934232738,7.086123748569762,6.412309971981305,-0.34341331329389707
25.25,0.6667440269215903,-7.558497611265079,7.13816694818521,6.012473123943141,-0.3434758060243314
25.258333333333333,0.6042907617771051,-7.408896491083566,7.1854267714793485,5.2883438542815515,-0.34353193049028724
25.266666666666666,0.543502489372097,-7.171912162488782,7.225816700192735,4.3865085824932075,-0.3435791099166805
25.275,0.4848267295710467,-6.909407388866678,7.258352790560841,3.417160888230459,-0.3436178551207312
25.28333333333333,0.4283292186016667,-6.652148644889457,7.2827478863290525,2.438938656861065,-0.34364993761876955
25.291666666666668,0.3739146911646481,-6.409991753134061,7.299045503110402,1.475913508235878,-0.3436771910602223
25.3,0.3214561918457176,-6.182026876444793,7.307407855570945,0.5347757501667825,-0.3437010454923226
25.308333333333334,0.2708571174743211,-5.962572316810244,7.3080179090579325,-0.38501736650573104,-0.34372243090757265
25.316666666666666,0.22207715656899768,-5.744122096680245,7.301042269156578,-1.2863221328783627,-0.34374191254144043
25.325,0.17514124283939791,-5.518656138752009,7.286621784348139,-2.1722872085637652,-0.34376011474630114
25.333333333333332,0.13014127721153074,-5.2781786946028015,7.264872107771707,-3.0457778100465998,-0.3437778764310301
25.341666666666665,0.08723485119237256,-5.014940948743633,7.235886195613777,-3.909417450660018,-0.34379625678138553
25.35,0.04664282434494083,-4.721510804079125,7.199734900206314,-4.7659706996334315,-0.34381654843955
25.358333333333334,0.00864670560599588,-4.3907554876389,7.156463477879078,-5.618925907147717,-0.3438403033088684
25.366666666666667,-0.026413511476940724,-4.015749604539664,7.106082631130645,-6.473218356445937,-0.34386937794299693
25.375,-0.058140411811501626,-3.589601158469833,7.048553028381358,-7.336069582483968,-0.3439060111848766
25.383333333333333,-0.08607842261220543,-3.1051965288616965,6.983762422777918,-8.217917445437953,-0.3439529539224065
25.391666666666666,-0.10971077784074128,-2.5549226749110914,6.9114949147345115,-9.133343614832615,-0.3440136801605024
25.4,-0.12845479003326057,-1.9306064530752673,6.831393544518815,-10.101646423791406,-0.3440927184411826
25.40833333333333,-0.1416598624382634,-1.2244409957999451,6.7429231491609,-11.145879851058186,-0.3441961398721539
25.416666666666668,-0.14862425433217988,-0.43315068947616614,6.645358663865911,-12.286744799339498,-0.3443321640035023
25.425,-0.14867864120476898,0.4286858571737856,6.537876622748512,-13.52146719480692,-0.34451147657957826
25.433333333333334,-0.14145774638211986,1.2946525108015807,6.419952224770207,-14.767707738142214,-0.3447456852284519
25.441666666666666,-0.12755789056248215,1.991970561541347,6.292406235491968,-15.769865059264243,-0.3450396726905602
25.45,-0.10947129415493,2.257186568247604,6.158964108577464,-16.115585010723464,-0.34537495470583035
25.458333333333332,-0.09152170740642242,1.964782130511861,6.0262483203071495,-15.604655916826578,-0.3457050227769387
25.466666666666665,-0.07779439922721923,1.2895762680449476,5.900501488095403,-14.515482521196942,-0.34598725608298647
25.475,-0.07036124482516365,0.4900705177020729,5.784789537495568,-13.250837578373934,-0.346209073236861
25.483333333333334,-0.06954542118199551,-0.2835124125318927,5.679516509584541,-12.0304959281815,-0.3463780162276704
25.491666666666667,-0.07486381850549696,-0.9782766677354704,5.583977469848322,-10.917552357272687,-0.34650605920827793
25.5,-0.08560453705314662,-1.5850707912630202,5.497265211275288,-9.909282461319803,-0.34660350834366055
25.508333333333333,-0.1010514865165647,-2.109082906853381,5.4185892726815466,-8.985087285262692,-0.3466780965944698
25.516666666666666,-0.12054948514889952,-2.5587658754118485,5.3473398544617625,-8.123641826138503,-0.3467354491817926
25.525,-0.14351433030794356,-2.942446105782689,5.283069644167935,-7.307564277393643,-0.3467796943991525
25.53333333333333,-0.16942772278231333,-3.2675880240423836,5.225457317364384,-6.523942525771659,-0.34681393203901534
25.541666666666668,-0.19783008011009778,-3.5408526455143927,5.174272621973219,-5.763692361042579,-0.34684054974362377
25.55,-0.2283147626249615,-3.768323520193569,5.129348032810793,-5.020702634678643,-0.3468614279715977
25.558333333333334,-0.26052414534360624,-3.955709017534823,5.090557356080138,-4.29104270792835,-0.3468780711684095
25.566666666666666,-0.29414710326159577,-4.108477639713655,5.0578004352462855,-3.5722934286463794,-0.3468916919029051
25.575,-0.3289173524828793,-4.2319303856435715,5.030992908658213,-2.8630020083016725,-0.34690326571665875
25.583333333333332,-0.3646121878895142,-4.331226468445083,5.010060036925717,-2.162248174665513,-0.34691356812707996
25.591666666666665,-0.40105129789721516,-4.411378442675426,4.994933724542936,-1.4693097451882338,-0.34692320094783774
25.6,-0.43809545150603424,-4.477227675136258,4.98555194120261,-0.7834204352777127,-0.34693261216839066
25.608333333333334,-0.4756449132621201,-4.533403320183983,4.9818597803732745,-0.10361989247263174,-0.3469421116163595
25.616666666666667,-0.5136374229879623,-4.584255460504692,4.983811338259897,0.5712866157666269,-0.3469518889808668
25.625,-0.5520454024879068,-4.633731556299726,4.991371267185868,1.2426046643999449,-0.3469621229639915
25.633333333333333,-0.5908718292007921,-4.68517274881817,5.0045146658347965,1.9114682028705483,-0.34697312289325544
25.641666666666666,-0.630143753575764,-4.740929214358301,5.023223359865005,2.5782126317587113,-0.3469853436330296
25.65,-0.6699013706381386,-4.801650487514305,5.047474722384922,3.241169854741312,-0.34699937465877384
25.65833333333333,-0.7101791493116086,-4.86505124464188,5.077216973106579,3.894566071931124,-0.34701591006718857
25.666666666666668,-0.7509737550044963,-4.923953075438098,5.112322009073334,4.525194233656205,-0.34703567263435253
25.675,-0.7921927637705545,-4.96370776575832,5.152505638456709,5.108046386163876,-0.3470592487360556
25.683333333333334,-0.8335828026945582,-4.960180949120542,5.197212992036901,5.602909166554409,-0.3470867938197849
25.691666666666666,-0.8746535946363377,-4.881492542418355,5.2454971832666475,5.957347256672043,-0.34711764755077984
25.7,-0.9146468322581169,-4.697498553557722,5.295974280131471,6.122810834982177,-0.34715009783089934
25.708333333333332,-0.9526141800578362,-4.395288774522545,5.346963165885904,6.080813880982667,-0.3471816754717246
25.716666666666665,-0.9876091499376229,-3.988463860557927,5.396816333694124,5.858218318308759,-0.34721002593099454
25.724999999999998,-1.0188890281037297,-3.5098599739462393,5.444262475948993,5.514127324280624,-0.3472337459051531
25.733333333333334,-1.0460069550103772,-2.9949680329118533,5.488556455287845,5.111099005119315,-0.34725257168560936
25.741666666666667,-1.0687793685961053,-2.4703981630210183,5.529414108150044,4.695361204957481,-0.34726701164076906
25.75,-1.0871969545859865,-1.9515525249842758,5.5668511007677415,4.2930144402515475,-0.34727788109899527
25.758333333333333,-1.1013405982232927,-1.4452661374584042,5.601032187553906,3.914784538341222,-0.34728599998223275
25.766666666666666,-1.1113244431876281,-0.9531932971078301,5.63216866363306,3.562011211444209,-0.3472920630678401
25.775,-1.1172638572330753,-0.47429596034244836,5.66045983154065,3.2310485004580802,-0.34729661101311493
25.78333333333333,-1.1192597345164583,-0.00631387155880761,5.686063446943558,2.915886924813531,-0.3473000435298256
25.791666666666668,-1.1173918544451336,0.45347529542003157,5.709082458817349,2.6095410826313246,-0.34730264746994505
25.8,-1.1117166822117337,0.9079115596536379,5.729560029355009,2.304717670749001,-0.3473046582722582
25.808333333333334,-1.1022669424695508,1.3598472423624413,5.747478270628036,1.9940820158782842,-0.3473063154872992
25.816666666666666,-1.0890515354347936,1.8121550149001526,5.762758308175566,1.6703357053433738,-0.347307879209548
25.825,-1.0720551298945868,2.267790750444295,5.775260590473173,1.3262103782265549,-0.34730964259838143
25.833333333333332,-1.0512371346782015,2.7298739956532843,5.784785035839593,0.9544454308293542,-0.347311944624141
25.841666666666665,-1.0265300545408078,3.201747878487476,5.79107115739638,0.5478182378564143,-0.3473151830896687
25.849999999999998,-0.9978376261970179,3.686958660671939,5.7937990042946925,0.09933343484142243,-0.34731982739901995
25.858333333333334,-0.9650338344890295,4.189037357684431,5.792593006627494,-0.39722042617852693,-0.34732643104676336
25.866666666666667,-0.9279653575586634,4.71084192495098,5.787033384567644,-0.9459194793615948,-0.3473356793978542
25.875,-0.8864626880462378,5.253041203372843,5.776684441679953,-1.5458485876363104,-0.34734848186998063
25.883333333333333,-0.8403698834071264,5.8110162862083,5.761157092784255,-2.1854937644758046,-0.3473660142335794
25.891666666666666,-0.7896095042045982,6.36943776385902,5.740234232748451,-2.8331522169733407,-0.34738965425589363
25.9,-0.7343011209642728,6.895231542454992,5.714089874867281,-3.42474459901749,-0.3474206588716229
25.90833333333333,-0.6749279394878734,7.334646221616223,5.683589942424212,-3.8592009288151736,-0.34745942049967593
25.916666666666668,-0.6124695451222716,7.626404692225844,5.650527430857698,-4.022477090836223,-0.3475045172998472
25.925,-0.548337555753529,7.734104833750123,5.617502690992625,-3.845605220643435,-0.3475525310535934
25.933333333333334,-0.48404710655947203,7.670556353097854,5.58732986187683,-3.3486350314267064,-0.3475994143480414
25.941666666666666,-0.42083402460723573,7.484986351585047,5.562338730685276,-2.619084624007252,-0.34764233625271657
25.95,-0.3594875723148422,7.2303116016617075,5.544050588222502,-1.7545757307259473,-0.3476803050995383
25.958333333333332,-0.30041698331307753,6.9432759614823025,5.533267461824996,-0.8272322821206948,-0.3477135683585818
25.966666666666665,-0.24380310277618944,6.642577306821649,5.5303183855841604,0.12060893975935418,-0.34774278681527704
25.974999999999998,-0.1897276911116546,6.334332709767323,5.535274312517057,1.0676474544597139,-0.3477685636505782
25.983333333333334,-0.13825427599188064,6.017557381410605,5.548084011199656,2.0046278172497685,-0.34779160421725575
25.991666666666667,-0.08947121761346645,5.687720843186745,5.5686484851895095,2.92864753694036,-0.3478129177153324
26.0,-0.04351201273122771,5.338759935893926,5.596859787886373,3.840124113991193,-0.3478337941015778
26.008333333333333,-0.0005631956926385137,4.964129712235014,5.632622230318108,4.741455095028899,-0.3478557948689083
26.016666666666666,0.0391340893262899,4.557328723627692,5.675866745077687,5.636613533795764,-0.34788077029622516
26.025,0.07528568966085507,4.112171235376455,5.726563998832832,6.531186453946781,-0.3479109037855677
26.03333333333333,0.10754794519879625,3.6230032374665146,5.784738417981596,7.432497732277689,-0.3479487886775048
26.041666666666668,0.13553353895544573,3.0851012808338303,5.850482225864376,8.349402178882796,-0.3479975435980247
26.05,0.15882287397267889,2.495706045282242,5.923963999358119,9.291001039284481,-0.348060961650174
26.058333333333334,0.17698977595233817,1.8566515986665664,6.00541694259039,10.26268297667484,-0.3481436452500222
26.066666666666666,0.18966192674698323,1.1804812730435643,6.095072580769256,11.256277967705534,-0.34825094748136537
26.075,0.1966561727514135,0.5027065150934108,6.1929713089324965,12.2295862018293,-0.3483882233222127
26.083333333333332,0.19824233234488411,-0.10063569427963868,6.298554140119013,13.075851007290925,-0.34855840983676056
26.091666666666665,0.195520374967216,-0.508988038077577,6.410045615677134,13.613434368833683,-0.3487572883679811
26.099999999999998,0.19062712977085064,-0.608637942856823,6.524080066073313,13.66560597818877,-0.34896945991484324
26.108333333333334,0.18628276713516015,-0.38636509675577946,6.636381478350087,13.211930070210235,-0.34917252759214834
26.116666666666667,0.18480285023313,0.056682841170050485,6.743312462435571,12.41122379816988,-0.34934899935189057
26.125,0.18748243630593353,0.5931427289328303,6.842822109283398,11.459064315795077,-0.34949268411064566
26.133333333333333,0.19470115436567906,1.135675825588017,6.934238094893501,10.483286907210157,-0.34960561920461847
26.141666666666666,0.20630531620836773,1.6412589875143004,7.017639473242098,9.540735397928453,-0.3496929656992198
26.15,0.22190681453661576,2.093724676994469,7.093389192413481,8.64763579579399,-0.3497600863555966
26.15833333333333,0.24104339470214217,2.489714025003528,7.161901361085353,7.802840679411865,-0.34981155073184794
26.166666666666668,0.2632505890079882,2.8312382694450857,7.223552039054493,6.999616351637944,-0.3498510039953691
26.175,0.288090558132287,3.122329969448301,7.278656497741366,6.230584292923757,-0.34988130043358145
26.183333333333334,0.31516229775443794,3.367659183240467,7.327472487885663,5.489459540222386,-0.3499046747413379
26.191666666666666,0.3441043562134216,3.5719969773272253,7.370211566591354,4.771448865901865,-0.34992288611533134
26.2,0.37459471709760694,3.740018062843159,7.407051258565436,4.073139460441651,-0.349937325854921
26.208333333333332,0.4063496407826679,3.876226204281183,7.438145478032584,3.392228732552464,-0.34994909458314444
26.216666666666665,0.4391220663670002,3.9849146032764624,7.463632577259277,2.727239563617845,-0.3499590574460283
26.224999999999998,0.4726997014691008,4.070127307095121,7.483641182363751,2.0772800699217906,-0.34996788425620506
26.233333333333334,0.5069027453621548,4.135608362943394,7.498294306686205,1.4418733304928295,-0.3499760795672383
26.241666666666667,0.541581111074751,4.18473120301836,7.50771238759389,0.8208714004671784,-0.34998400595603907
26.25,0.5766109475436451,4.220399484690864,7.512016004531968,0.21446739925368163,-0.3499919025336439
26.258333333333333,0.6118901704404172,4.244904989595874,7.511329172764701,-0.3766730893818224,-0.34999990114408785
26.266666666666666,0.6473325303855367,4.2597138167287,7.505784405173434,-0.951111398431387,-0.35000808432643926
26.275,0.6828595825196659,4.26517848827706,7.495530920131605,-1.5061913876984685,-0.3500165844242726
26.28333333333333,0.7183898770867602,4.2601509146152265,7.480747257110711,-2.037407505401751,-0.35002558472925493
26.291666666666668,0.7538244759610292,4.241496182027439,7.461660024702907,-2.537582738184593,-0.3500352849339847
26.3,0.7890283046230498,4.203605044534013,7.438569730528581,-2.9960357266677127,-0.35004585302218594
26.308333333333334,0.8238082214144105,4.138151445359412,7.411882250573125,-3.398158610754908,-0.35005736256276127
26.316666666666666,0.8578915824559262,4.0345430475771575,7.3821395709967375,-3.7261640986457016,-0.350069723509823
26.325,0.8909132958115317,3.8815793365497626,7.350036330322275,-3.9618644021296046,-0.35008263116192784
26.333333333333332,0.9224223427150152,3.6704076343072356,7.316403766288704,-4.0916116940499965,-0.35009557229412386
26.341666666666665,0.9519154131000113,3.397811011238895,7.282148569023715,-4.1117275422600805,-0.35010791680683256
26.349999999999998,0.9788928434629411,3.0679466542281824,7.2481555251276415,-4.031210266205479,-0.35011907424962113
26.358333333333334,1.002917416538836,2.691221224748226,7.215187619869272,-3.8695244424144724,-0.3501286409111973
26.366666666666667,1.0236534542628557,2.2809623760221625,7.183822056018728,-3.6506768261739024,-0.3501364648478475
26.375,1.0408759699493721,1.8499106160573093,7.154438968701735,-3.3970955352647243,-0.35014261643656847
26.383333333333333,1.0544556512847023,1.408071914018894,7.127251999008108,-3.1259489785015555,-0.350147307074517
26.391666666666666,1.0643327450897435,0.9621428679045686,7.102357572196906,-2.8482299986227684,-0.3501508058122377
26.4,1.0704907413536668,0.51591752499126,7.079783793457088,-2.5695524782533963,-0.35015337984856276
26.40833333333333,1.0729352349638996,0.07103624540979032,7.059529610166299,-2.291538940707932,-0.3501552617413477
26.416666666666668,1.071679062763425,-0.3722949375512479,7.041592370900569,-2.0131518763656278,-0.35015663745610737
26.425,1.0667328236464129,-0.8147401975697003,7.0259853746334,-1.7317509626454444,-0.3501576719164887
26.433333333333334,1.0580993636782254,-1.2574421785594432,7.0127478684517355,-1.4438569377378052,-0.3501585508228878
26.441666666666666,1.0457710284453143,-1.7017355936126397,7.001949524209476,-1.1457362121021613,-0.3501594899442302
26.45,1.0297291027395474,-2.1488986161506394,6.993690369584007,-0.8339256071572575,-0.35016073974468137
26.458333333333332,1.009945398658127,-2.5998731923416067,6.988096176895006,-0.5058199641287697,-0.3501625896984126
26.466666666666665,0.9863865829243811,-3.0548727561923488,6.9853082073255255,-0.1604643537678105,-0.35016537048992635
26.474999999999998,0.9590225595719994,-3.512785303407052,6.985464958399976,0.2002919912632078,-0.3501694515483108
26.483333333333334,0.927841000769901,-3.970283200836303,6.988672248500927,0.5701320420610531,-0.3501752390761061
26.491666666666667,0.8928705458642063,-4.420651407082463,6.994957342070454,0.9361426856909133,-0.3501831763281695
26.5,0.854214197270708,-4.852582351894013,7.004204809809804,1.2766867324922382,-0.35019369762197233
26.508333333333333,0.8120906221344933,-5.2496552026231775,7.016078760868536,1.5605684776173254,-0.35020712807936905
26.516666666666666,0.7668727375942849,-5.5917305763914165,7.029951030899906,1.7496924307633699,-0.3502235434113684
26.525,0.7191029907811477,-5.859197158466346,7.044872647623686,1.80687551362744,-0.35024264615499867
26.53333333333333,0.6694638530465388,-6.039071234731613,7.059627443187794,1.707035530456847,-0.3502637544885262
26.541666666666668,0.618701408612895,-6.129463897931592,7.072872282382465,1.4455605755911485,-0.3502859575616786
26.55,0.5675307408150674,-6.139195723812717,7.083313403995933,1.0380800745651715,-0.3503083638082008
26.558333333333334,0.5165644122775194,-6.083076986010133,7.089845159016791,0.5124200314474789,-0.35033028940792554
26.566666666666666,0.46628635662954476,-5.9763600342291685,7.091609962232721,-0.10115189696578714,-0.350351298341009
26.575,0.4170648431404188,-5.8311809717992045,7.087988607072328,-0.7763910738978922,-0.3503711421587169
26.583333333333332,0.36918455379781645,-5.655433703262143,7.078554711888324,-1.4933802809946863,-0.350389794853603
26.591666666666665,0.3228811041283558,-5.453132650385054,7.063021844254056,-2.2382826111864333,-0.35040751248602403
26.599999999999998,0.27836958251786054,-5.225361161194543,7.04119785428135,-3.002073022814155,-0.3504248270788107
26.608333333333334,0.23586480057517853,-4.971255426916921,7.012950426423735,-3.7792162563547707,-0.3504425390294517
26.616666666666667,0.1955939351296163,-4.688836071268778,6.978182545728916,-4.566628951691973,-0.3504617175887814
26.625,0.15780289446939663,-4.375692811329558,6.936815378325412,-5.362920759268356,-0.3504837109766828
26.633333333333333,0.12275728730266554,-4.0296157320000425,6.888776846335,-6.1677501385445055,-0.35051016540158386
26.641666666666666,0.09073784001517382,-3.6493280570079487,6.833996001793497,-6.981020962367419,-0.35054304869757985
26.65,0.062028489953991885,-3.2355608065056787,6.772406157648416,-7.801496937623134,-0.3505846653673118
26.65833333333333,0.03689285956300384,-2.792841494813215,6.703964174163567,-8.624177120619462,-0.35063762849524516
26.666666666666668,0.015531140168168027,-2.3324918460584114,6.628699862495039,-9.435533504409957,-0.35070470972421797
26.675,-0.0019943247591810917,-1.8771313160614542,6.54681662370934,-10.205959061212505,-0.35078841578977393
26.683333333333334,-0.015874343153824855,-1.465563105926566,6.458862724200335,-10.881014913694157,-0.35089008203946914
26.691666666666666,-0.026695133818487,-1.1530993753465575,6.365956139972348,-11.379376233593858,-0.3510084231511774
26.7,-0.03553342617385904,-0.9984707713109773,6.26994751298947,-11.61220020730159,-0.35113816466352865
26.708333333333332,-0.04387414609769762,-1.0357528600783372,6.173309434492566,-11.527278468464386,-0.3512703057942462
26.716666666666665,-0.053297772604925665,-1.252311617681464,6.078659932779351,-11.14431283264163,-0.35139493876631417
26.724999999999998,-0.06510334563790256,-1.597255076508492,5.988182784010667,-10.541387738522294,-0.35150481329430383
26.733333333333334,-0.08010706204676324,-2.0105011171943725,5.903328071961794,-9.808779945579486,-0.3515968619514201
26.741666666666667,-0.0986672367635946,-2.4443594860226727,5.824868480207704,-9.015666603117952,-0.35167138647994967
26.75,-0.12081866134054069,-2.868702886783735,5.753118032026845,-8.203476858615259,-0.3517304878548486
26.758333333333333,-0.14640669478913174,-3.267322466221945,5.688138221794534,-7.392929884540035,-0.35177687017701037
26.766666666666666,-0.17518169400423375,-3.632862003131204,5.629873347680428,-6.592703769602829,-0.3518132094061277
26.775,-0.20685591289540767,-3.9630355723932897,5.578223253125582,-5.8055716164400355,-0.3518418997700148
26.78333333333333,-0.24113518725308306,-4.25829751470155,5.5330762665158915,-5.03194543854388,-0.35186498684566453
26.791666666666668,-0.27773562954496733,-4.5204906905391535,5.494320294491712,-4.271727483050345,-0.3518841752995855
26.8,-0.31639156470751745,-4.752036069731919,5.461842738325971,-3.5252468475549996,-0.35190085882603017
26.808333333333334,-0.35685792699897895,-4.9553772232894415,5.435524590844127,-2.7937835912286926,-0.35191615125169273
26.816666666666666,-0.39890846460242235,-5.132507945116801,5.41523078727991,-2.0799820364240973,-0.35193091182130254
26.825,-0.4423299814145913,-5.284480709806744,5.400796914942252,-1.3883340692861699,-0.35194576325183075
26.833333333333332,-0.4869121974663142,-5.410841641271479,5.392011242638106,-0.7258277271345377,-0.3519611032695128
26.841666666666665,-0.5324325811345447,-5.508996372960628,5.388590641493349,-0.10275070796859657,-0.3519771116484661
26.849999999999998,-0.5786359389612381,-5.573615968044187,5.390149754172402,0.4665449302648859,-0.35199375980306025
26.858333333333334,-0.6252101237087018,-5.596370074678799,5.396165512480112,0.9634152993765449,-0.35201087204154285
26.866666666666667,-0.6717627752372517,-5.566546122792089,5.405945350909626,1.3662199128706312,-0.3520281705467782
26.875,-0.7178087768839213,-5.473059104962156,5.4186156402610655,1.6539672989854601,-0.35204523247811514
26.883333333333333,-0.7627804839057233,-5.307817214190674,5.433150506418222,1.8121979805943171,-0.3520614925274771
26.891666666666666,-0.8060678450698726,-5.069218679783651,5.448452222284505,1.8389309201875037,-0.3520763325373849
26.9,-0.8470809501314127,-4.76370000570906,5.463468749534809,1.747051414938002,-0.3520892300097615
26.90833333333333,-0.8853124752858977,-4.404136495454271,5.477308051653824,1.5611171751375224,-0.3520998865775532
26.916666666666668,-0.9203764138714858,-4.0060795029247585,5.489307640028529,1.3103988567492402,-0.3521082691073687
26.925,-0.9520141995526682,-3.5840536826672724,5.499044265423112,1.0221124957543022,-0.35211456129165897
26.933333333333334,-0.9800759623205954,-3.1494176494819515,5.506298153188247,0.717498880830094,-0.3521190736936734
26.941666666666666,-1.0044911686038331,-2.7098784483999077,5.510997626170428,0.4108990031526308,-0.35212216022966314
26.95,-1.0252398514805101,-2.2699913713985302,5.51316447492337,0.11063032287727391,-0.35212416251552336
26.958333333333332,-1.0423297185975655,-1.831983193606019,5.512869847175815,-0.17952246701393137,-0.3521253816357749
26.966666666666665,-1.0557800905893449,-1.396530918957319,5.510202633673315,-0.4588674879847465,-0.3521260732154965
26.974999999999998,-1.0656116246302076,-0.9633625615261403,5.505248663767723,-0.7286699462364983,-0.3521264570510907
26.983333333333334,-1.07184030664833,-0.5316904055967286,5.49807807434311,-0.9913092210216781,-0.3521267199472989
26.991666666666667,-1.0744745580783246,-0.10053452172124969,5.488738831928769,-1.2496296126177036,-0.3521270174335038
27.0,-1.0735147884933627,0.33100266898319447,5.477255209158022,-1.50638148668101,-0.3521274771846719
27.008333333333333,-1.0689552695964368,0.7634441665293911,5.463630948891978,-1.763637931080286,-0.3521282245523491
27.016666666666666,-1.0607886544884593,1.1965900466020736,5.447857657587316,-2.0221117918450857,-0.3521294227445332
27.025,-1.0490138193470606,1.6290593676271092,5.4299296220777,-2.2802825646332083,-0.3521312780794427
27.03333333333333,-1.033648041789562,2.0577135230958308,5.409866796398699,-2.533318730315342,-0.352134031634398
27.041666666666668,-1.0147442149415444,2.4770498224962507,5.387747164287118,-2.7719501559846167,-0.35213793805158367
27.05,-0.9924124492596542,2.8788129814063756,5.363747314685291,-2.981727111974591,-0.35214322567320955
27.058333333333334,-0.9668425297470001,3.252263222262487,5.3381849769972725,-3.143441294730596,-0.35215003754436586
27.066666666666666,-0.9383197124407564,3.5855659967585276,5.311550196176504,-3.2355384513876544,-0.35215836647059795
27.075,-0.9072238771208315,3.8683357436767043,5.284507334360315,-3.2386057365888927,-0.35216801472047565
27.083333333333332,-0.8740053332675505,4.094475017923347,5.257855580925804,-3.1404610133050945,-0.3521786126977349
27.091666666666665,-0.8391409021662423,4.263823881901147,5.232453535033373,-2.9392556546382873,-0.3521897042267131
27.099999999999998,-0.8030849931893779,4.3816605776420205,5.20913292296389,-2.6428803351047754,-0.35220086238609793
27.108333333333334,-0.7662327483883036,4.456486803271288,5.1886310719574285,-2.26536449572935,-0.35221178010187404
27.116666666666667,-0.7289041904407322,4.49743510653374,5.171558092785185,-1.822547661965082,-0.3522223023990783
27.125,-0.6913475075604061,4.51238546030064,5.158396191742197,-1.3289012204839674,-0.3522324051659114
27.133333333333333,-0.6537537941368319,4.5070894633028225,5.149518388710381,-0.7960360310132535,-0.3522421455843984
27.141666666666666,-0.6162756625324651,4.48505484624384,5.145213904472292,-0.2324896543947045,-0.3522516073483732
27.15,-0.5790449579917893,4.44782015372254,5.145712202158168,0.35583306370778367,-0.3522608538197198
27.15833333333333,-0.5421875143349502,4.395358160791588,5.151202245819369,0.9650073040367926,-0.3522699368517394
27.166666666666668,-0.5058346017979514,4.32644580565337,5.16184652252508,1.5925262433599063,-0.35227899308157595
27.175,-0.47013160876175414,4.238962883931151,5.177791094206562,2.236897449897903,-0.3522882823160003
27.183333333333334,-0.43524448131228033,4.130130304330025,5.199172829386473,2.8973745558626876,-0.3522982031768373
27.191666666666666,-0.4013644208179239,3.996692570577,5.226124995625485,3.573828566983123,-0.3523093121437909
27.2,-0.3687112320545843,3.835062265072858,5.2587822707702045,4.266732123152453,-0.35232234756778247
27.208333333333332,-0.33753555881806946,3.641446086233619,5.297285982969621,4.977224040135585,-0.3523382605888487
27.216666666666665,-0.30812006148440296,3.411978020193043,5.3417900739888164,5.7072089955868295,-0.35235825566863854
27.224999999999998,-0.2807793123631148,3.1429039519927198,5.392467788802458,6.459414747767228,-0.35238384406734746
27.233333333333334,-0.255857651778026,2.8309074795430074,5.44951817537867,7.2372539171981645,-0.35241691301383066
27.241666666666667,-0.2337231381195545,2.4737656057214688,5.513169606618113,8.044173768447111,-0.3524598087607559
27.25,-0.2147534148427622,2.071721536215117,5.583673662808367,8.881843640925911,-0.35251541609001924
27.258333333333333,-0.19930474894914546,1.630310301777989,5.661274986468081,9.745926293333671,-0.35258717355493474
27.266666666666666,-0.18764757322155437,1.1657834448720172,5.746129016759101,10.617416119570375,-0.3526788613140649
27.275,-0.17984258341775866,0.713936103772093,5.838122445711412,11.447905675964282,-0.3527938102611735
27.28333333333333,-0.17553700520571386,0.3392364366259402,5.936556794962831,12.143351654174452,-0.3529330334952715
27.291666666666668,-0.17372706092720178,0.13038444298804025,6.03976065593963,12.568828991956478,-0.35309232988107236
27.3,-0.1726864746033315,0.16296488522390476,6.1449503205354645,12.606815557933924,-0.35326052427124655
27.308333333333334,-0.17030791807151355,0.44589817078977584,6.2487464509702475,12.24308165714433,-0.3534224498759483
27.316666666666666,-0.16473738179097758,0.9143617248075229,6.3481612988279394,11.577864677261909,-0.35356570466464154
27.325,-0.1548036166739591,1.4790213744218659,6.441252957280707,10.746382870579543,-0.3536847470486128
27.333333333333332,-0.14001667155951386,2.0700508116358787,6.527090777723225,9.849535456289118,-0.353779858596499
27.341666666666665,-0.1203439218084445,2.6469770942276893,6.60538177664658,8.940773010893109,-0.3538542221669998
27.349999999999998,-0.09599352354593474,3.190763818960852,6.676129926635931,8.040937869389877,-0.35391180581808784
27.358333333333334,-0.06727622008635475,3.6945353282845597,6.739434320797279,7.15418279255067,-0.35395639680746926
27.366666666666667,-0.034531254553776834,4.157607019448644,6.795395312097048,6.277816421263362,-0.35399130563330894
27.375,0.001910588798064157,4.5823346170961,6.844080635429125,5.407239111289368,-0.3540193451807707
27.383333333333333,0.04174509013823159,4.972560215366216,6.885519955982069,4.538140996825378,-0.3540428911353447
27.391666666666666,0.08470328954066197,5.332800803329381,6.919711675801103,3.6674279942741754,-0.3540639486008353
27.4,0.13055471669067376,5.667686566928193,6.946635216082064,2.7937150836597726,-0.35408420140384866
27.40833333333333,0.1791058940418216,5.981345481517979,6.966267482776642,1.9179118896847984,-0.3541050388246687
27.416666666666668,0.23019262938650586,6.276486793462073,6.978606108032984,1.0443362577096644,-0.35412755868568324
27.425,0.2836625145045977,6.552921506736149,6.983705748916824,0.18281274287826954,-0.35415254477391334
27.433333333333334,0.33934186131587896,6.8052754843147385,6.981737478994825,-0.6478320622229106,-0.35418042357719426
27.441666666666666,0.39698015150839483,7.019955903703381,6.973083155812579,-1.415014309032674,-0.35421134048909675
27.45,0.45616999574512473,7.172686542202435,6.958467502692904,-2.0687726569799714,-0.3542451975826053
27.458333333333332,0.516259933363809,7.230005726424066,6.939096466509461,-2.5451740833597136,-0.35428130810266956
27.466666666666665,0.5763124133964513,7.159172453942432,6.916710188439519,-2.784339408342867,-0.3543180970533764
27.474999999999998,0.6351787674755999,6.94513281440804,6.89342698396943,-2.760408040103929,-0.3543532853732462
27.483333333333334,0.6917029335314122,6.601675409512857,6.8713623899411145,-2.5006811968396465,-0.3543846652863799
27.491666666666667,0.7449469018390988,6.16481455554882,6.852215816372228,-2.0731197591961186,-0.35441091182152773
27.5,0.7943037153814602,5.67500556312269,6.837062713926074,-1.5541129964905045,-0.3544317975345529
27.508333333333333,0.8394721295198697,5.163813476875524,6.826397593296872,-1.004201876049609,-0.3544478511441141
27.516666666666666,0.8803623768581451,4.650529149113147,6.820304132163738,-0.46155277076349005,-0.3544599029814486
27.525,0.9170020419717155,4.1446373126352105,6.818628651733806,0.05398572748880616,-0.35446878716799657
27.53333333333333,0.9494697372286804,3.649465045095136,6.821106040265368,0.5345183762057867,-0.3544752229326869
27.541666666666668,0.9778563533814866,3.1650037139202856,6.827436971076339,0.9790554450111494,-0.35447983425360496
27.55,1.002245090994595,2.6896265323664887,6.837331135484268,1.3903556141959241,-0.35448317753260716
27.558333333333334,1.0227022996955433,2.2210244732541047,6.850530210441287,1.7731187698702184,-0.3544857402048868
27.566666666666666,1.0392739625219443,1.7566695115514155,6.866819545892126,2.1330110852693953,-0.35448794635712755
27.575,1.0519848728845989,1.294027113809251,6.8860338266860515,2.4761428807371733,-0.35449016691974566
27.583333333333332,1.0608390511241688,0.8306599072773491,6.908059380049699,2.80875320846979,-0.3544927315292367
27.591666666666665,1.0658209101488856,0.364317500258291,6.932834124678325,3.136935214167021,-0.35449594052430927
27.599999999999998,1.0668973886692246,-0.10690761048366727,6.9603449147685215,3.46626179258565,-0.3545000759600954
27.608333333333334,1.0640219740502366,-0.5842638980410867,6.990620798751381,3.801147485203883,-0.354505418822578
27.616666666666667,1.0571424247999492,-1.067751557829692,7.023719160647395,4.143745505379843,-0.35451230525911964
27.625,1.0462149361625517,-1.5551420383032848,7.0596999995360985,4.4921631918240434,-0.3545211543380933
27.633333333333333,1.031228472483592,-2.0405218129254776,7.098581860888693,4.837846743425004,-0.35453243890838276
27.641666666666666,1.0122425613199346,-2.512604537568553,7.140273587467141,5.162540187878773,-0.3545466011734934
27.65,0.9894371046550305,-2.9537781745719682,7.1844841118839895,5.4364758555999995,-0.35456389077477846
27.65833333333333,0.9631607404652395,-3.3417641374311087,7.23063325410524,5.621049435832331,-0.35458414250448234
27.666666666666668,0.9339483090127605,-3.6554633624268282,7.2778143814671425,5.6787643634351745,-0.35460660298100743
27.675,0.9024762477716265,-3.883326334871488,7.324863571176474,5.587693581521224,-0.35462998286484265
27.683333333333334,0.86945699170294,-4.028542561556602,7.3705351911032295,5.350700779632478,-0.3546528006836491
27.691666666666666,0.835520507711884,-4.106731324611326,7.413702801776466,4.991915355334028,-0.3546738294457963
27.7,0.8011401714331203,-4.1385107976122555,7.453487573292264,4.544384776425463,-0.35469236694493467
27.708333333333332,0.7666214603205737,-4.142703921628975,7.489281749396419,4.038685091120148,-0.3547082388875763
27.716666666666665,0.7321328206658297,-4.133141152602004,7.520701372630215,3.4975618905330825,-0.3547216442051811
27.724999999999998,0.6977496815853562,-4.118433302650071,7.547517079245107,2.935573827925283,-0.3547329790368342
27.733333333333334,0.6634938952521765,-4.103043358465167,7.5695928173339455,2.3609240123204853,-0.35474270552293535
27.741666666666667,0.6293630048731851,-4.08853458062405,7.586841910045033,1.7775869184087805,-0.35475127243337673
27.75,0.5953500523478548,-4.074561592186469,7.599199253951044,1.187001181814855,-0.3547590724745238
27.758333333333333,0.5614564736658965,-4.059543836870721,7.606605346177555,0.5892246379045899,-0.354766420136383
27.766666666666666,0.5277004890447661,-4.041087573084895,7.6089980460501,-0.016341540941620766,-0.3547735390690064
27.775,0.49412272814701247,-4.016241345476736,7.606309058109074,-0.6305200343239509,-0.3547805621661788
27.78333333333333,0.4607901703308484,-3.981651111643422,7.5984632255741325,-1.2541104788510646,-0.35478762024182975
27.791666666666668,0.4277991282625139,-3.933641332623945,7.585379099049793,-1.8878202593297482,-0.35479493577650395
27.8,0.3952776886561601,-3.868269369540012,7.566969708249296,-2.532274429656107,-0.3548028419882181
27.808333333333334,0.363387769883626,-3.7813634617890353,7.543142957550962,-3.1880978229250427,-0.35481179741109325
27.816666666666666,0.3323269175022816,-3.668548093237624,7.513801033217,-3.856069718697254,-0.35482240390260866
27.825,0.3023299399024793,-3.525256505713789,7.478838219872677,-4.537351436665071,-0.3548354295626353
27.833333333333332,0.2736705095950636,-3.3467252638244065,7.438136501698261,-5.23379138773094,-0.35485183931231945
27.841666666666665,0.2466629120584541,-3.1279628471047083,7.391558277263277,-5.948313742013659,-0.3548728377448054
27.849999999999998,0.22166419091146192,-2.863685203430918,7.338935472457234,-6.685394135767905,-0.3548999315554539
27.858333333333334,0.1990769633930365,-2.5482216893014975,7.2800543551709564,-7.4516112167753485,-0.3549350226774554
27.866666666666667,0.17935303162972988,-2.175429881722129,7.214635615714515,-8.25621354934819,-0.3549805483359961
27.875,0.16299724883895436,-1.7387571907868904,7.142310289817562,-9.111493336733435,-0.3550396895881188
27.883333333333333,0.15056901125700956,-1.2318556877357756,7.06259529923471,-10.032337117361902,-0.3551166695895777
27.891666666666666,0.14267289292480165,-0.6508559972130866,6.974881636768184,-11.033180913374386,-0.3552171327296446
27.9,0.13991466844841383,-0.0010819896117683185,6.878473158179796,-12.117767609782916,-0.3553484525390693
27.90833333333333,0.14276379060946273,0.6859688951066587,6.772773187776935,-13.251749096825884,-0.35551933501509664
27.916666666666668,0.15120815803473217,1.3196021674312128,6.657813509231268,-14.307339761924112,-0.35573695764084473
27.925,0.16412053235334775,1.722772823946542,6.5352800279578105,-15.014053758645895,-0.3559986347003936
27.933333333333334,0.17873045261977755,1.7038923291339627,6.409416438631975,-15.069778899294459,-0.3562813800395578
27.941666666666666,0.1912688090447467,1.2427436913062255,6.286048035351491,-14.442597355507653,-0.35654815179390126
27.95,0.19870190260497297,0.514604965927947,6.169831496556417,-13.409637354370998,-0.35677261649487146
27.958333333333332,0.19963645915850636,-0.29213376574686856,6.062863941567202,-12.259573248409728,-0.35694943138685425
27.966666666666665,0.19390880674264108,-1.0737659192185305,5.96541402362792,-11.138886659448449,-0.3570849382737831
27.974999999999998,0.18191866457085556,-1.7921388753201124,5.877014975767531,-10.089148177252778,-0.3571879923353953
27.983333333333334,0.1642382994215172,-2.4393812574459637,5.797072741629525,-9.10701887935519,-0.3572663911762579
27.991666666666667,0.14145162764893873,-3.018557566930615,5.725089271873647,-8.176028562694656,-0.3573262351255897
28.0,0.114100734127746,-3.5359261433686733,5.660712161924785,-7.278778833838791,-0.3573721935764119
28.008333333333333,0.08267209213502996,-3.9983681740139425,5.603723491905447,-6.400652598036577,-0.3574078909600163
28.016666666666666,0.04759475400866802,-4.412753142467561,5.554013013784222,-5.530402640723446,-0.35743621473642156
28.025,0.009240664573621509,-4.785937910173779,5.511551542680905,-4.659712365479116,-0.3574595263963197
28.03333333333333,-0.03207583772251274,-5.124917635809222,5.476369448779331,-3.782480598869509,-0.3574797964859239
28.041666666666668,-0.07609977104464721,-5.436959752546699,5.448541252018898,-2.8940983703389054,-0.3574986871256438
28.05,-0.12263807752902135,-5.729659043589928,5.428175849632363,-1.9908363451908737,-0.3575175999234232
28.058333333333334,-0.1715621668252566,-6.010867025699259,5.4154110216002955,-1.0694533108535396,-0.35753770078738784
28.066666666666666,-0.2228090511424786,-6.288401166268463,5.410409647691411,-0.127222595753786,-0.35755992697888983
28.075,-0.2763784252747989,-6.5693052398023415,5.41335262297083,0.8371969994847308,-0.35758499383553577
28.083333333333332,-0.3323200492885168,-6.858150828412942,5.424418004361678,1.8211404165387695,-0.35761367029963964
28.091666666666665,-0.3907002011772389,-7.153525856884861,5.443726532863895,2.812178836393573,-0.3576471556600719
28.099999999999998,-0.45152668786313765,-7.441380914397862,5.471218196748695,3.7769547027148436,-0.3576869780325571
28.108333333333334,-0.5146036414490662,-7.685135867069043,5.50641077511893,4.644583471050775,-0.3577344325711418
28.116666666666667,-0.5793094781897932,-7.819289160244485,5.548031150757605,5.296470350331941,-0.3577893412659866
28.125,-0.6444009955298611,-7.766052788914061,5.593700615583668,5.596274324765756,-0.3578485374758603
28.133333333333333,-0.7081049980849551,-7.485783486387271,5.640126778819162,5.478005120564105,-0.35790595627995037
28.141666666666666,-0.7686299124271914,-7.014913370117664,5.684024084650405,5.011142596658349,-0.3579556102903829
28.15,-0.8247246263995577,-6.437158259790409,5.723105387966513,4.348898838384471,-0.35799466748655834
28.15833333333333,-0.8758312435807634,-5.827750039350396,5.756353158819659,3.629631563274275,-0.3580235380818576
28.166666666666668,-0.9218888244088616,-5.23007629383849,5.783672589245699,2.935190198867233,-0.35804415338218926
28.175,-0.9630814187689567,-4.661555856155032,5.805441934745627,2.3007295316661596,-0.35805860626003255
28.183333333333334,-0.999671977418273,-4.125449341587584,5.822210745550392,1.735259998432019,-0.35806861871274764
28.191666666666666,-1.0319212979214618,-3.618946484191888,5.83454696026743,1.235904413514855,-0.35807547142915797
28.2,-1.060056716585511,-3.137268049544713,5.8429723447303905,0.7952639629197495,-0.35808008417577764
28.208333333333332,-1.0842641618171596,-2.6754283581035603,5.847940444528789,0.4046988244798126,-0.35808311443267304
28.216666666666665,-1.1046895832828976,-2.2288702977012624,5.84983251072022,0.055616885406146926,-0.3580850365785379
28.224999999999998,-1.1214433325739526,-1.7936096516175923,5.848959970447649,-0.26011965582887475,-0.3580861982419076
28.233333333333334,-1.1346048060819676,-1.3661845606192768,5.845568557468782,-0.5501482801148508,-0.35808686633134756
28.241666666666667,-1.1442263049810741,-0.943530708378874,5.839842099722836,-0.8217124356125547,-0.3580872590556828
28.25,-1.1503357605946045,-0.5228401046855435,5.831905196205655,-1.0818089365188877,-0.35808755665359115
28.258333333333333,-1.1529382867896607,-0.10142174550026783,5.821824634215063,-1.3373413626528803,-0.3580879086485517
28.266666666666666,-1.152016594973432,0.3234312261524562,5.809609533748738,-1.5952705685026887,-0.3580884415118193
28.275,-1.1475303508935903,0.7545622876266118,5.795210287165493,-1.8627521863294554,-0.3580892878734351
28.28333333333333,-1.1394145546651262,1.1950655646059587,5.77851640409845,-2.147260886159603,-0.3580906350764369
28.291666666666668,-1.1275770651098256,1.6483704734955307,5.759353489953117,-2.456663515630978,-0.35809275037750327
28.3,-1.1118956876031842,2.1182522997634172,5.737480084106748,-2.7991619148897335,-0.3580960086297624
28.308333333333334,-1.0922157828323502,2.608673141944186,5.7125860582493795,-3.1829343051780583,-0.35810093161260736
28.316666666666666,-1.0683505856348718,3.1232410420406747,5.6842964487146475,-3.6151032246681813,-0.35810824051425555
28.325,-1.0400890003333438,3.663861016375488,5.6521890982616805,-4.099287302667402,-0.3581189161974859
28.333333333333332,-1.0072204822717876,4.227831059298685,5.615842901786773,-4.630440697040222,-0.35813423984797216
28.341666666666665,-0.9695938654591418,4.802473024698998,5.574946008759671,-5.185407001658031,-0.3581557320281173
28.349999999999998,-0.9272313152581103,5.357581485370727,5.52950074463954,-5.709693440297938,-0.3581848150530894
28.358333333333334,-0.8804986413566667,5.841027266707412,5.480127245124888,-6.109750942839275,-0.3582219963994462
28.366666666666667,-0.8302552411046062,6.190487353876308,5.4283321788781835,-6.2733329682171695,-0.3582657617144744
28.375,-0.7778095231571931,6.367005762424717,5.376438904473578,-6.128017408993109,-0.3583122730801762
28.383333333333333,-0.7245898082556549,6.382432953943034,5.327019473352983,-5.689620847599364,-0.3583568865831521
28.391666666666666,-0.6717430785009512,6.287235770060621,5.28219304259847,-5.042171332865469,-0.3583963427164757
28.4,-0.6199563978814185,6.136013120114068,5.243302256596524,-4.278855492937308,-0.35842958263369823
28.40833333333333,-0.5695245537126001,5.966747858699762,5.211013146873705,-3.4661318032207022,-0.3584571168937894
28.416666666666668,-0.5205047888350522,5.7991621329792205,5.185567137862541,-2.6405933337609486,-0.3584801021084646
28.425,-0.47284655364883754,5.640458380372146,5.166992444855615,-1.818598022720161,-0.35849974891251263
28.433333333333334,-0.4264716819908592,5.490810723739781,5.155231857095843,-1.0055574507147569,-0.3585170633665116
28.441666666666666,-0.3813171274404236,5.346839660867734,5.150207178401076,-0.20180933261936287,-0.3585327686348757
28.45,-0.3373559113862457,5.203485670724122,5.151846992656618,0.5942535877664397,-0.3585473042318122
28.458333333333332,-0.2946067203968369,5.054954924136786,5.160095719180857,1.384664022353307,-0.3585609812102156
28.466666666666665,-0.25313795202831213,4.895157435392105,5.17491431239405,2.171316625791994,-0.3585742370391683
28.474999999999998,-0.21306922612150184,4.717913930903032,5.1962785137371785,2.95587193552925,-0.35858768556104387
28.483333333333334,-0.1745716480118125,4.517058288200446,5.224177367299898,3.7399025377563895,-0.3586021277073577
28.491666666666667,-0.13786749118886518,4.286479413288444,5.258613708370771,4.5252100140644,-0.35861856865229963
28.5,-0.10322972064204552,4.0201181471249665,5.299607845321017,5.314270130193694,-0.3586382440376845
28.508333333333333,-0.07098173964524035,3.711915052821831,5.347205426073596,6.110790705098603,-0.3586626608972812
28.516666666666666,-0.041497817393512694,3.355697249542547,5.401490407519664,6.9203779805786265,-0.358693662899515
28.525,-0.015204738642608436,2.9449991463031076,5.462604005276445,7.751302132431205,-0.35873353493901805
28.53333333333333,0.007414861684246679,2.472848460517004,5.530770281444175,8.615308073263332,-0.35878516945333705
28.541666666666668,0.02581767033947787,1.931663511715302,5.60632803760319,9.528256154221161,-0.35885232554362373
28.55,0.03939592453821942,1.3137385140746902,5.68976515056213,10.5098685127755,-0.358940015446067
28.558333333333334,0.04748442674834617,0.613714426945641,5.781740292105978,11.580362217222772,-0.3590550197182501
28.566666666666666,0.04940816470421583,-0.1631981223069819,5.883044355649657,12.747761446669,-0.35920634230031223
28.575,0.04464977687440016,-0.9788390915877865,5.994370884326078,13.971551654668179,-0.35940473664785766
28.583333333333332,0.033297060642818455,-1.717188058583803,6.11562234987363,15.087035547167043,-0.3596586715471708
28.591666666666665,0.016866533875217783,-2.1538979553653705,6.2445639329200295,15.74860725517504,-0.3599622164390153
28.599999999999998,-0.0011534798244460507,-2.079544705407553,6.37587039775344,15.624022535778462,-0.3602822258303879
28.608333333333334,-0.016468440198106317,-1.5360313575395388,6.502933808304966,14.780339324079694,-0.36057312561871385
28.616666666666667,-0.026123471641517168,-0.762948938803625,6.621275536308508,13.595897958450227,-0.3608098326252295
28.625,-0.02910506160141767,0.04263173690833796,6.729434851590065,12.36989652960277,-0.360992422151609
28.633333333333333,-0.025574485344226582,0.7920800024111463,6.827668480998281,11.222827941374952,-0.3611310138158277
28.641666666666666,-0.016131349113838,1.4603118280998488,6.916761825980166,10.17550110735252,-0.36123614928462666
28.65,-0.001463519284952906,2.046821343331851,6.997498991397327,9.213986491362599,-0.3613162316758905
28.65833333333333,0.01777400123099027,2.5583555661624464,7.070508348426573,8.31739334730226,-0.36137749894589943
28.666666666666668,0.04098972060979094,3.002903621101776,7.136249860965433,7.466898349359113,-0.3614245550986257
28.675,0.06765737887283253,3.3880224239843946,7.195043541978263,6.647817594868242,-0.3614608623308205
28.683333333333334,0.09731086334196909,3.720601084468628,7.247104067432434,5.849453883763824,-0.3614890927526157
28.691666666666666,0.12953920633927563,4.007021479043352,7.292571064653471,5.064355876082941,-0.3615113602833384
28.7,0.16398325265724986,4.253368907024441,7.331532760447344,4.2875084710834095,-0.3615293687953318
28.708333333333332,0.20033390450790028,4.465593121798742,7.364043162872619,3.515601253962882,-0.36154450555969875
28.716666666666665,0.23833143333633672,4.649603786234938,7.390133598322192,2.746406826370692,-0.3615579001881305
28.724999999999998,0.2777653428212512,4.811309443354185,7.409819536846484,1.9782715371865767,-0.3615704623743524
28.733333333333334,0.3184743627923002,4.95661138706353,7.423103645936063,1.2097206201059358,-0.3615829067903917
28.741666666666667,0.36034621701088815,5.091354603156645,7.429976074124679,0.43919232910270617,-0.36159576989795006
28.75,0.40331675179855775,5.221217880967695,7.430413187313872,-0.3350565042575397,-0.3616094213178782
28.758333333333333,0.4473676928597226,5.351477978751292,7.424376630798958,-1.1147466252754714,-0.361624137385974
28.766666666666666,0.49252155903646316,5.486544855460601,7.411815867192432,-1.9009275462348283,-0.3616403481623145
28.775,0.5388310846719618,5.629050730759786,7.392678990282649,-2.692533844543009,-0.36165873601527043
28.78333333333333,0.5863577740015202,5.778072950168714,7.366941384026533,-3.483415755990948,-0.3616802208502339
28.791666666666668,0.6351302321268847,5.925970656303194,7.334668423529872,-4.256995861617567,-0.36170587463898823
28.8,0.6850692978518622,6.053636293984038,7.296134289182099,-4.978246720330374,-0.3617366756952015
28.808333333333334,0.7358719041830831,6.125955864696163,7.252010278583764,-5.586095382103649,-0.36177298694364085
28.816666666666666,0.7868788045029316,6.094043940381883,7.203578919698759,-5.997507104052436,-0.3618137902166976
28.825,0.8370229435978264,5.913439952592775,7.152807800271365,-6.138880247687898,-0.36185620597220475
28.833333333333332,0.8849880299229429,5.573162503190419,7.102062622266192,-5.995689780549073,-0.3618961994445705
28.841666666666665,0.9295558030033668,5.106495077037959,7.053500820322182,-5.630156158431298,-0.36193038939114697
28.849999999999998,0.9698997946839208,4.568763596481657,7.008565729421293,-5.141961527630781,-0.36195734732954854
28.858333333333334,1.0056403246475756,4.008189668512561,6.967898940286513,-4.617446943187043,-0.3619774197484045
28.866666666666667,1.0367225748545328,3.4541318576682953,6.931560240720154,-4.109249317591224,-0.36199181857708584
28.875,1.0632649445871085,2.9198319587856396,6.899298397431772,-3.6411817729903406,-0.36200189747537626
28.883333333333333,1.085451627411768,2.4088504031218183,6.870744181507142,-3.219526375724504,-0.3620088257460241
28.891666666666666,1.1034741262123373,1.9200137289789718,6.845517437594394,-2.8417409156208415,-0.3620135130248193
28.9,1.1175048424493177,1.4502372286422751,6.8232775217966966,-2.5014683998964875,-0.3620166347845927
28.90833333333333,1.1276876286495194,0.9959013687135088,6.8037434265665215,-2.1910245438108085,-0.3620186821606634
28.916666666666668,1.1341361521315456,0.5534376639385037,6.786699574589319,-1.9025021094001822,-0.3620200080891993
28.925,1.1369353157677025,0.11952431903955484,6.771995614534687,-1.6281896777407765,-0.36202086292294006
28.933333333333334,1.1361434545112286,-0.30889927093276626,6.759544233325879,-1.3606708669195293,-0.3620214206815284
28.941666666666666,1.1317942842585689,-0.7346955177590302,6.74931879965443,-1.0927851485641809,-0.36202181745899503
28.95,1.1238981352611737,-1.1606345703457281,6.74135164729758,-0.8175200658281304,-0.3620222008239404
28.958333333333332,1.1124422134956369,-1.5895169346455218,6.735733386987161,-0.5278791370666,-0.3620227448866264
28.966666666666665,1.0973898192688138,-2.02430100881889,6.732613337873616,-0.2167464758257751,-0.3620236578297227
28.974999999999998,1.0786784969703893,-2.4682303229702667,6.732201059617928,0.12323843258626338,-0.36202518997643324
28.983333333333334,1.0562171862119052,-2.924940780616791,6.734768763754458,0.49975619962341167,-0.36202764819925054
28.991666666666667,1.0298826943832913,-3.3985079457232197,6.740653907472299,0.920762685051985,-0.3620314372913363
29.0,0.9995163129722363,-3.893339565760651,6.7502604199994405,1.3941587409626548,-0.3620371116890123
29.008333333333333,0.9649227158642788,-4.413682324018918,6.764054653069984,1.9267613888393194,-0.36204543788617594
29.016666666666666,0.9258760818735304,-4.962273010078451,6.782547226458392,2.521759589134893,-0.3620574730658286
29.025,0.8821439415920593,-5.537243202296231,6.806242307735234,3.1731151387696404,-0.36207463614864394
29.03333333333333,0.8335485248235268,-6.1260023908170105,6.835519928237704,3.8547329941418935,-0.3620986849993448
29.041666666666668,0.780093873209366,-6.6957839682284845,6.870402773729786,4.503960328444961,-0.3621313889315701
29.05,0.7221702934609342,-7.186335542973694,6.910189184184817,5.009143282903389,-0.36217359576216435
29.058333333333334,0.6607558527948294,-7.52140919398026,6.953095686648028,5.230422014393657,-0.36222380317071745
29.066666666666666,0.597392369458248,-7.650478570153264,6.996300954133361,5.073664965798743,-0.36227759653422165
29.075,0.5337887065014938,-7.58662323581882,7.036650720522002,4.557941715940266,-0.36232948383600055
29.083333333333332,0.47131214553893647,-7.391907216427849,7.071568890350821,3.791145451796119,-0.3623757133622896
29.091666666666665,0.41076901259063975,-7.131979441142387,7.099469970508098,2.891006458145151,-0.36241522750564586
29.099999999999998,0.3525045946178287,-6.850104813676663,7.1196121812290105,1.939102337095864,-0.36244872188962385
29.108333333333334,0.2966035828671913,-6.56667456857232,7.131768001199849,0.9790758405731863,-0.3624774474387028
29.116666666666667,0.24304792308905543,-6.287354212679744,7.135961992581912,0.030124683555998996,-0.3625025221950497
29.125,0.19180827480711074,-6.010111547895856,7.132319467375202,-0.9012206319549856,-0.36252470367064304
29.133333333333333,0.1428888880282084,-5.729409767282579,7.120993047303191,-1.8141358995961938,-0.3625446483790763
29.141666666666666,0.09634693224738242,-5.438322341665547,7.102130762927506,-2.7102002526586135,-0.3625632259794401
29.15,0.05229932037246948,-5.1295490555979235,7.075862628596637,-3.5920350742068488,-0.36258153619621536
29.15833333333333,0.010923646663455959,-4.79587333804131,7.042293900765441,-4.462958219983828,-0.3626009108930699
29.166666666666668,-0.027543366799932995,-4.430334550122662,7.001498758081078,-5.327169551314208,-0.36262293393509326
29.175,-0.06280817059984307,-4.026250180237779,6.953511181605827,-6.1902061388939,-0.3626494821873172
29.183333333333334,-0.09452251140423683,-3.577162108634851,6.89831146872685,-7.059512403170257,-0.362682796437543
29.191666666666666,-0.12228506015478431,-3.0767901558359685,6.8358080318405765,-7.944969322615847,-0.3627255959898658
29.2,-0.14564325942222006,-2.5191780164055038,6.765815905624264,-8.859080458811441,-0.36278125349921797
29.208333333333332,-0.1640986709394913,-1.8995083261257808,6.688037491676244,-9.816055488674333,-0.36285403966203933
29.216666666666665,-0.17712565461353302,-1.2167841644358939,6.602061606445757,-10.8278459447974,-0.3629494033057589
29.224999999999998,-0.18422894795694375,-0.4811266195506096,6.507422889155609,-11.892533185106846,-0.3630740872920897
29.233333333333334,-0.1850978342633654,0.2694236062109625,6.403818407072117,-12.9665724183793,-0.36323539508588043
29.241666666666667,-0.17995101033644947,0.9408353906442356,6.291645030144171,-13.916766484812126,-0.36343800829531364
29.25,-0.17008610507866337,1.371346254362692,6.172901258472707,-14.49605125946705,-0.36367674766798336
29.258333333333333,-0.15819770478004563,1.4110435547686602,6.051756736890243,-14.468431784368036,-0.36392972659332584
29.266666666666666,-0.1476506113435722,1.0670007925803775,5.933440350705319,-13.845239937800354,-0.3641660686675341
29.275,-0.14104332239016576,0.49607475088370306,5.821967321927618,-12.873792188685512,-0.36436513137421633
29.28333333333333,-0.13956242981337308,-0.14223418242688687,5.719153040389301,-11.798583677013438,-0.36452294334223223
29.291666666666668,-0.14334579855255924,-0.7578521603429876,5.62524602578612,-10.748657779964635,-0.36464477693768993
29.3,-0.15202928773555605,-1.3152583557351578,5.5398173866285925,-9.766403737899138,-0.36473803436404834
29.308333333333334,-0.16507976030146895,-1.8056537639753585,5.462275744886058,-8.85465190561555,-0.36480933394667714
29.316666666666666,-0.18194174647742872,-2.23070954439683,5.392072408957109,-8.003134491055816,-0.36486389418505294
29.325,-0.20209081827807027,-2.595508099070773,5.328757542911411,-7.199424379940727,-0.36490569053809485
29.333333333333332,-0.22504908334695434,-2.9058937480943383,5.271979647488021,-6.432646230589396,-0.364937750639153
29.341666666666665,-0.2503872188912461,-3.1676101847721263,5.221467878764128,-5.694347133902212,-0.364962408484389
29.349999999999998,-0.27772252241454626,-3.386093278547072,5.177012039700124,-4.978366312070602,-0.3649814898228281
29.358333333333334,-0.30671628948397067,-3.566473583546961,5.1384451702906535,-4.280409135867932,-0.36499643993274944
29.366666666666667,-0.33707146353607886,-3.7136239746416817,5.1056299508243335,-3.5975815897199386,-0.3650084102499645
29.375,-0.3685306620702399,-3.8321979513171627,5.078448818234348,-2.9279721891649175,-0.36501831741482915
29.383333333333333,-0.40087443057856714,-3.9266454361085095,5.056797268965622,-2.2703072000362448,-0.3650268844146189
29.391666666666666,-0.43391953427641106,-4.001206523758694,5.040579707780749,-1.6236846250104917,-0.36503467027893355
29.4,-0.46751711563543275,-4.05988582389369,5.029707182743655,-0.9873876846708779,-0.3650420924156903
29.40833333333333,-0.5015505576907678,-4.1064070115664535,5.024096334987535,-0.36078070728790346,-0.3650494440093681
29.416666666666668,-0.5359328660101261,-4.144140840313863,5.023668841596248,0.25670217117068395,-0.3650569080323362
29.425,-0.570603268161283,-4.1759837144744365,5.028350434971685,0.8654334858395817,-0.36506460023173193
29.433333333333334,-0.6055225213898504,-4.204169090572926,5.0380682619402695,1.465325894049712,-0.3650726909305735
29.441666666666666,-0.6406662724618775,-4.229974740654991,5.052745341173959,2.055373708377289,-0.36508144288147926
29.45,-0.6760152598648841,-4.253247351774505,5.072289854181395,2.6328567495610145,-0.36509119485672287
29.458333333333332,-0.7115405900795464,-4.271686861058097,5.096576114374153,3.1921259850235173,-0.3651023325032842
29.466666666666665,-0.7471819559295011,-4.279874909391209,5.125413542396564,3.7229515828544786,-0.36511523689535313
29.474999999999998,-0.7828171568189997,-4.268212810262359,5.158500851934527,4.208717109956232,-0.36513019768609495
29.483333333333334,-0.8182242108477568,-4.222351003817277,5.195367629172957,4.625445738071072,-0.36514728430764637
29.491666666666667,-0.8530446408885304,-4.124276201665057,5.23531782264482,4.9436287954167435,-0.36516619732827116
29.5,-0.8867673642459776,-3.9563110690467442,5.277407946045145,5.134963741313075,-0.3651861765413321
29.508333333333333,-0.9187577550548266,-3.707637078970917,5.320501235005945,5.18329396094616,-0.365206079207104
29.516666666666666,-0.9483401356354322,-3.379775081839278,5.36341085138326,5.093642258435565,-0.3652246706714096
29.525,-0.974905159062979,-2.9865491345236723,5.405082506455979,4.891750469323016,-0.3652409911680718
29.53333333333333,-0.9979909438357545,-2.5482867560376925,5.444729079137576,4.6138348608808855,-0.36525457358795227
29.541666666666668,-1.017306907729741,-2.0847591833275008,5.481865223611046,4.294364415513407,-0.36526542079104307
29.55,-1.032708920268905,-1.6109535075145358,5.51625826079625,3.9588588245305716,-0.3652738367731248
29.558333333333334,-1.0441540287097337,-1.1362364062624328,5.5478448497588415,3.6225862641888855,-0.36528024791360625
29.566666666666666,-1.0516572349958886,-0.6653917669084749,5.57665237301572,3.292489825967018,-0.36528508239657914
29.575,-1.0552594645134885,-0.20009214340170364,5.602740683062775,2.969841921679962,-0.3652887107332592
29.583333333333332,-1.0550070014621347,0.25987830937874257,5.626164517355128,2.6524519951186134,-0.3652914266201492
29.591666666666665,-1.0509394773726137,0.7157922673115565,5.646951429781391,2.336186805318088,-0.3652934665267326
29.599999999999998,-1.0430833253992666,1.1694852242015619,5.665089858010285,2.0159094694543747,-0.36529506619959395
29.608333333333334,-1.0314483332464643,1.6230829472945751,5.680523287261393,1.686041927724646,-0.36529648221810057
29.616666666666667,-1.016025939455003,2.0788423986906595,5.693148209592939,1.3409374197860862,-0.36529800082987407
29.625,-0.9967886465622976,2.539030061269543,5.70281487201859,0.9751998015144953,-0.36529994720617337
29.633333333333333,-0.9736905638454443,3.005758381066513,5.709330942328038,0.5840892529414495,-0.3653026941272115
29.641666666666666,-0.9466698188863307,3.480681391825897,5.712469494457685,0.16418698816336086,-0.3653066684106224
29.65,-0.9156545697075552,3.9644057122946896,5.711984438262095,-0.28543227737453447,-0.3653123525389691
29.65833333333333,-0.8805758293359633,4.455404722807927,5.707639078783603,-0.7611537333277967,-0.36532029777517044
29.666666666666668,-0.8413921580320879,4.948229742304514,5.69925658490143,-1.2515725942894944,-0.3653311551894493
29.675,-0.7981324530822442,5.430984258033507,5.686802873004211,-1.7330208046863744,-0.3653456337128842
29.683333333333334,-0.7509608098665084,5.882787480091592,5.670508086873918,-2.1652023093017827,-0.3653643508555899
29.691666666666666,-0.7002550921351056,6.273566475907388,5.651010624084225,-2.4911150277444607,-0.3653875549245802
29.7,-0.6466649700538227,6.56974085073552,5.6294617586538225,-2.6475499493249606,-0.36541479561915713
29.708333333333332,-0.5910931016077496,6.746520598287851,5.607490149289491,-2.5873932815146694,-0.36544479518255235
29.716666666666665,-0.5345687312243862,6.799582011451833,5.5869711209379975,-2.3009113712712184,-0.3654757652279712
29.724999999999998,-0.47806453403678784,6.745793542843463,5.569690109775725,-1.81768603404647,-0.36550603273612836
29.733333333333334,-0.422358975678594,6.612683098869244,5.557081873248313,-1.1884223616654679,-0.3655345060598061
29.741666666666667,-0.3679999352462948,6.4264548852883765,5.5501469114538144,-0.46375307165730123,-0.36556071790164035
29.75,-0.3153463083172546,6.205776481885005,5.549507586332324,0.31714490543625556,-0.3655845859331255
29.758333333333333,-0.2646362390922646,5.96115993380836,5.55551547063127,1.1282010224527463,-0.3656062052961542
29.766666666666666,-0.21604802317767127,5.696831459383046,5.568350439372802,1.9537097369785246,-0.36562594046147245
29.775,-0.16974328148387366,5.412901481221459,5.588093027933867,2.7850265664089036,-0.36564446783489035
29.78333333333333,-0.1258936798989855,5.107087137238814,5.614771902483251,3.618004134896268,-0.3656627457143357
29.791666666666668,-0.08469564151169562,4.775886478077822,5.6483940282324925,4.4513813718702995,-0.3656820014437912
29.8,-0.04637705422208964,4.415356631750888,5.688964552591863,5.285871969110704,-0.36570373712933807
29.808333333333334,-0.011198483495898425,4.021686246319112,5.736500853463694,6.123619361753145,-0.3657297528807533
29.816666666666666,0.020550212892711653,3.5917628188452246,5.791042364706656,6.9676646874253185,-0.3657621860509729
29.825,0.04855884939608869,3.1239981340105643,5.852654503699216,7.820970795875415,-0.3658035598123819
29.833333333333332,0.07251522494779099,2.619837234482501,5.92142022429556,8.684272275732681,-0.3658568170784956
29.841666666666665,0.09214118452258838,2.08665236001524,5.9974047446643155,9.551537089958511,-0.36592527116942797
29.849999999999998,0.10726176423322767,1.54293178059313,6.080566787945462,10.401398025875748,-0.36601230941740415
29.858333333333334,0.11792836840922684,1.0258807575147244,6.170578625550456,11.184062214925586,-0.3661205401884942
29.866666666666667,0.12460375118705093,0.5973235415050553,6.266535823529813,11.810058074838016,-0.3662500462325808
29.875,0.12834740080762116,0.3350830591180898,6.366648976562561,12.161855881384703,-0.3663960710672237
29.883333333333333,0.13081881652376354,0.29753793513269755,6.468212275585601,12.149507269594658,-0.3665481830163344
29.891666666666666,0.13393063577616762,0.48255116301862633,6.568130231461559,11.776755339544593,-0.366693385799314
29.9,0.13931043218143774,0.8287290890254011,6.663753868014764,11.139146638274932,-0.3668215635848065
29.90833333333333,0.14797016562559978,1.2574677834514063,6.7533833215847245,10.356569795182342,-0.36692834302391564
29.916666666666668,0.16032477121353692,1.7074414213211504,6.836215031883208,9.519186352953042,-0.3670140562305536
29.925,0.17638353699846615,2.1421980005796506,6.912026501401545,8.677295008140318,-0.3670813850936959
29.933333333333334,0.19593511843840003,2.543842056830452,6.980886859513334,7.853006570752784,-0.3671336494901436
29.941666666666666,0.21866891835611035,2.9053512112243394,7.042978635654452,7.053236153652235,-0.3671739957017545
29.95,0.2442421916596679,3.2253874999485928,7.098509398165262,6.278091339242014,-0.3672051298112231
29.958333333333332,0.2723141261441683,3.5054149784097683,7.147675519388337,5.525268451614494,-0.3672292893077873
29.966666666666665,0.3025623317050096,3.74822094979434,7.190651711276309,4.792084523386263,-0.36724829429780204
29.974999999999998,0.33469041207195643,3.95716964900957,7.227591869698799,4.076304298777953,-0.36726361322948553
29.983333333333334,0.3684309662017197,4.135806647543331,7.2586341748961605,3.376410940716058,-0.36727642136200517
29.991666666666667,0.40354602540187207,4.287616181948886,7.28390736553777,2.69165591816592,-0.367287647286884
30.0,0.43982573443233963,4.415830488380251,7.303537144523773,2.0220614024793413,-0.367298008520505
