t,th1,w1,th2,w2,energy
0.0,-1.0641460905515767,0.0,0.0032822577893804068,0.0,-0.4187165210923629
0.008333333333333333,-1.0626071179499756,0.3694923639383631,0.0022203775317987105,-0.2552971621724859,-0.4187165315977984
0.016666666666666666,-1.0579831799349186,0.7406824130626959,-0.0009876582269506095,-0.5159857116130279,-0.4187166154838588
0.025,-1.0502526393674882,1.1153986831342877,-0.006409741204936061,-0.787612486624001,-0.4187168768245344
0.03333333333333333,-1.0393776576916045,1.4957242736881677,-0.014161103904498002,-1.0760208106668379,-0.4187174595333719
0.041666666666666664,-1.0253014597389705,1.8841483436414561,-0.024407554587575837,-1.387541197379678,-0.4187185583185041
0.05,-1.0079442138435195,2.2837491665022154,-0.03737051387440726,-1.72923681373277,-0.41872043586778396
0.058333333333333334,-0.987197205093873,2.698423350587806,-0.053334409020315596,-2.1092282218084337,-0.4187234496145664
0.06666666666666667,-0.9629148501067045,3.1331772522009387,-0.072657196298918,-2.537123516783335,-0.41872809367882596
0.075,-0.9349039806798811,3.594491708591047,-0.09578497286626633,-3.0245702253768445,-0.41873506536145466
0.08333333333333333,-0.9029098199392638,4.090743507093059,-0.12327161511176936,-3.585895698244704,-0.41874537191239236
0.09166666666666666,-0.8665985482349534,4.6325667998310385,-0.15580351539192064,-4.238627615022723,-0.41876050331251896
0.1,-0.8255384143657867,5.232718705678469,-0.19422587207682515,-5.003134111576851,-0.41878270941760537
0.10833333333333334,-0.7791882428720054,5.904066313461822,-0.2395550215004956,-5.898990634054124,-0.4188154201665848
0.11666666666666667,-0.7269227158565066,6.651769257558904,-0.2929258629467634,-6.9313050559115466,-0.4188637596636756
0.125,-0.6681762778268214,7.450643420858008,-0.35533306197659786,-8.051486532588559,-0.4189346459654868
0.13333333333333333,-0.6028743130601338,8.198865581157719,-0.42687549557299137,-9.077298824645883,-0.4190345487878229
0.14166666666666666,-0.5322451655508021,8.689031820703736,-0.5053439972087859,-9.643130478184075,-0.41916176329425014
0.15,-0.4593120583443887,8.737272426829959,-0.5853656039170987,-9.423678099034722,-0.4192981839868377
0.15833333333333333,-0.38771241954230196,8.399601385216146,-0.6604461727441977,-8.509318333892187,-0.41941902956329385
0.16666666666666666,-0.3197804238140601,7.892769144834735,-0.7263031514546447,-7.271632707137407,-0.4195123728737061
0.175,-0.25617879613623085,7.377890698081529,-0.781535444977099,-5.990281726342445,-0.41958022809871054
0.18333333333333332,-0.1966584505956026,6.917915093828676,-0.8263419467995294,-4.778389267725348,-0.4196292475786786
0.19166666666666665,-0.14069843290521616,6.522831786406961,-0.8614357394521325,-3.6593544362518946,-0.41966550166935684
0.2,-0.08778869951086729,6.18375196526954,-0.8875669668611854,-2.6250247872957218,-0.4196933656482421
0.20833333333333334,-0.03751761767112862,5.887273715982803,-0.9053791393260073,-1.6602262312162088,-0.41971575163491553
0.21666666666666667,0.010414157726804558,5.620233668517914,-0.9153910344389422,-0.7508419923457826,-0.4197345174037526
0.225,0.05620202851935108,5.370916158662589,-0.9180160103717956,0.11421892690909645,-0.41975078350596096
0.23333333333333334,0.09995025608809054,5.129142091745534,-0.9135878412463724,0.9430329634228942,-0.41976518056369894
0.24166666666666667,0.14168403280063432,4.88607369470827,-0.9023836772106328,1.7412329337158237,-0.419778232955517
0.25,0.18135966634762934,4.633981595524401,-0.8846413101356878,2.512752966479948,-0.4197905755797431
0.2583333333333333,0.21887302766813255,4.36606421521115,-0.8605704184609703,3.260516124069042,-0.4198029555850207
0.26666666666666666,0.25406667247258086,4.076305672288806,-0.83035829818554,3.98707485709283,-0.4198162256954069
0.275,0.2867358482901953,3.7593456164248766,-0.7941703958668553,4.69522034336171,-0.4198313428916236
0.2833333333333333,0.31663336186271657,3.4103306441373227,-0.7521458371432446,5.388577513200081,-0.41984937548879875
0.2916666666666667,0.34347302182520195,3.024715656788032,-0.7043879779657365,6.072209200118856,-0.4198715237713826
0.3,0.3669311068782407,2.5979832820695097,-0.6509497695711838,6.753263596292883,-0.4198991617580248
0.30833333333333335,0.3866450427623465,2.125249218989583,-0.5918133786595767,7.441715553544504,-0.4199339112211854
0.31666666666666665,0.40220820802495655,1.6007233458364831,-0.5268630065573685,8.151269957487138,-0.4199777651148278
0.325,0.41315958673335307,1.0170128521504642,-0.4558492598250211,8.900494270030201,-0.42003328812253
0.3333333333333333,0.4189671169894002,0.364330040334619,-0.37834314085904686,9.71415356346864,-0.4201039396964167
0.3416666666666667,0.4190050719071045,-0.3700386286390887,-0.29367938202183375,10.624276174957677,-0.4201945905930323
0.35,0.4125322682703172,-1.200598552777037,-0.2008983553971049,11.668789421697465,-0.4203123965023706
0.35833333333333334,0.39870105643034437,-2.136075887847524,-0.09873289796855877,12.879915150846097,-0.42046818566490163
0.36666666666666664,0.37670011322481617,-3.1512960988799614,0.014191666206126809,14.238502378133822,-0.42067724747224267
0.375,0.34630765792686025,-4.113033186079638,0.1384778708690342,15.549665569601439,-0.42095502072775964
0.3833333333333333,0.3091838271251924,-4.700757758243129,0.2718133302336362,16.303309136139923,-0.42129747494796604
0.39166666666666666,0.26990048516783977,-4.609153799717333,0.4071806696224046,16.000615113297517,-0.42165617316496773
0.4,0.23392066783599225,-3.9658869717676115,0.5360908663000863,14.847834614310608,-0.4219671317748283
0.4083333333333333,0.20429076987760647,-3.1396766983621505,0.6539663050368224,13.438818552894558,-0.42220607427818624
0.4166666666666667,0.18146909440728404,-2.352633783096378,0.7603388118270651,12.117426305848689,-0.4223827438489406
0.425,0.16478430971045208,-1.670259997792363,0.8564160407616705,10.970521753615303,-0.4225139454037098
0.43333333333333335,0.15333331096203154,-1.0947914769536884,0.9436334928082758,9.986050491890255,-0.4226130640029388
0.44166666666666665,0.14627918389327232,-0.6124231324919786,1.0232078064102257,9.130434892488285,-0.4226892322892476
0.45,0.14290908000494942,-0.2083322776385573,1.09607663563934,8.371976637716005,-0.42274852325581713
0.4583333333333333,0.14262406064052377,0.1298161677756847,1.1629403310311757,7.685578692303343,-0.42279504083686903
0.4666666666666667,0.14491650214870438,0.41166840479641303,1.2243170146754394,7.052409377322367,-0.4228316492433617
0.475,0.14934981958297078,0.6447325180809089,1.2805894475782527,6.458588387228623,-0.42286043078676916
0.48333333333333334,0.1555431870095282,0.8349729505037311,1.3320409642104627,5.893949575306617,-0.42288295374222595
0.49166666666666664,0.1631607440120853,0.9872847681384415,1.3788822154494482,5.351076823731865,-0.42290043481718065
0.5,0.17190420707255188,1.1058394299776468,1.4212709523284683,4.824588571794555,-0.4229138433032969
0.5083333333333333,0.18150790801125183,1.194326147817464,1.459326673598145,4.310610617139004,-0.4229239688757595
0.5166666666666666,0.19173550254950847,1.256115473612215,1.493141473937536,3.8063837450848714,-0.422931466233479
0.525,0.20237779621929086,1.2943670760261945,1.522788043192304,3.30996692329511,-0.422936884736831
0.5333333333333333,0.21325129547725166,1.3120984014807213,1.5483254929888428,2.8200089985947403,-0.42294068821323083
0.5416666666666666,0.22419721224940878,1.3122265978267347,1.569803500362348,2.335570597295688,-0.42294326828805334
0.55,0.235080738998331,1.2975928093926208,1.587265131634694,1.8559837722376775,-0.4229449534627069
0.5583333333333333,0.24579047666453757,1.2709755161961813,1.6007486227051313,1.38074066590066,-0.42294601542318877
0.5666666666666667,0.25623794549086465,1.2350977696564314,1.6102883295214612,0.9094047540659129,-0.4229466735631384
0.575,0.26635714321844384,1.1926318138229297,1.6159150150636405,0.44153959831051875,-0.42294709835604766
0.5833333333333334,0.2761041397931954,1.1462035718309607,1.6176556004485014,-0.023349191268559957,-0.4229474139599495
0.5916666666666667,0.2854567143491234,1.0983983636806522,1.615532481538022,-0.4858591528510682,-0.4229477046352293
0.6,0.2944140466095994,1.051768775643734,1.6095625312537154,-0.9467254611935998,-0.4229480576968469
0.6083333333333333,0.3029964968336576,1.0088481519679302,1.5997557461259744,-1.4068715196463435,-0.42294860083341046
0.6166666666666667,0.31124551590760413,0.9721682628612007,1.5861134849192386,-1.867454529866794,-0.4229495052066064
0.625,0.31922372520599085,0.9442827322607121,1.5686263213150502,-2.3299146660270904,-0.4229509870496924
0.6333333333333333,0.32701522168467634,0.9277979437712937,1.5472714445194327,-2.7960352566951396,-0.422953311253351
0.6416666666666666,0.33472617825521866,0.9254133791545383,1.5220094933512418,-3.2680195874141087,-0.42295679765029204
0.65,0.3424858284365753,0.9399740016999261,1.4927806581208876,-3.7485910597456753,-0.42296183100665896
0.6583333333333333,0.3504479490086302,0.9745379976234049,1.459499822913541,-4.241124800975767,-0.42296887619494405
0.6666666666666666,0.35879298417632643,1.0324636186935923,1.4220504479706257,-4.749820048517108,-0.4229785007541473
0.675,0.3677309843265107,1.1175181665076226,1.380276812893599,-5.27992253267716,-0.4229914081820667
0.6833333333333333,0.3775055443937337,1.234008047186214,1.3339741793870208,-5.838001214694967,-0.42300848705675986
0.6916666666666667,0.3883988719599807,1.3869153959034992,1.2828764595031619,-6.432264781169007,-0.42303088369156555
0.7,0.40073786216676793,1.5819887660557665,1.226641296003211,-7.07284548331936,-0.42306010956729667
0.7083333333333334,0.4149002623838165,1.825633600267977,1.1648336274800086,-7.771816268402179,-0.42309819830394096
0.7166666666666667,0.43131779325463615,2.1241841171013918,1.096912275411368,-8.542275496230765,-0.4231479252997096
0.725,0.45046726903280104,2.481482608955859,1.0222335277522294,-9.394738266732913,-0.42321307648856893
0.7333333333333333,0.4728264590319823,2.8922397353526077,0.9401094540584669,-10.326597304610686,-0.42329863560162156
0.7416666666666667,0.4987412840396663,3.326477420926001,0.8500098851300337,-11.296581780781363,-0.4234103822546794
0.75,0.5281131744643598,3.7024967662912145,0.7520637481116219,-12.179245504322443,-0.4235525694117781
0.7583333333333333,0.5598775730010623,3.872202732606468,0.6479190226552901,-12.738377454746647,-0.4237221256504536
0.7666666666666666,0.5916607154958997,3.6914130538831578,0.5413279196213167,-12.741337255653761,-0.42390287564397555
0.775,0.6204143368428543,3.1609858751496156,0.4371211368218873,-12.192644824792225,-0.424071324979029
0.7833333333333333,0.6437781332761314,2.426440347142036,0.3389816123844037,-11.331732772757768,-0.42421209121828973
0.7916666666666666,0.6607050253529243,1.6352570249363587,0.24845719449962567,-10.394935324469046,-0.42432295776920814
0.8,0.6710997895810347,0.8666024458160697,0.16560405900878442,-9.50158066963243,-0.42440857989516556
0.8083333333333333,0.6752888986112349,0.14779765345126064,0.08988199977011342,-8.684645258581638,-0.42447469323181153
0.8166666666666667,0.67371213346135,-0.5175830316158141,0.02066130629596996,-7.93889152029408,-0.4245259875789905
0.825,0.6667984665438629,-1.1340651635804937,-0.04258287907862543,-7.24711918304337,-0.42456593789837094
0.8333333333333334,0.65492933853071,-1.7079471474186645,-0.10022176353405764,-6.59060763700544,-0.42459716282736165
0.8416666666666667,0.6384342518288291,-2.2452382373986945,-0.15247717690677495,-5.952485712256695,-0.42462168985749954
0.85,0.6175955467567444,-2.7512465701926327,-0.199440959731874,-5.31843980527653,-0.4246411518017398
0.8583333333333333,0.5926537610708894,-3.230745557762113,-0.24109579414232887,-4.676520916618725,-0.4246569285907455
0.8666666666666667,0.5638107251267878,-3.6883128556114952,-0.27733307381732325,-4.01668341645139,-0.42467024464122005
0.875,0.5312296514329703,-4.128700328204636,-0.30796657490818385,-3.330253763243806,-0.42468223393138654
0.8833333333333333,0.4950321760509391,-4.557192652946046,-0.33274158456480946,-2.6093732033889245,-0.4246939822302392
0.8916666666666666,0.4552924904655348,-4.979946804164714,-0.3513392773752971,-1.8464137733307957,-0.42470655306555216
0.9,0.41202873270602297,-5.4043087147715,-0.36337612462122315,-1.0333741859757835,-0.42472100155897907
0.9083333333333333,0.36519191989289185,-5.839076989297473,-0.36839837581525026,-0.16132137344744357,-0.4247383775795681
0.9166666666666666,0.3146532733598219,-6.294588542254668,-0.3658728078527866,0.7798762692516219,-0.4247597293323907
0.9249999999999999,0.26019282531929094,-6.782223468827423,-0.35517883246712423,1.8007754811952883,-0.4247863687297404
0.9333333333333333,0.20149769251709726,-7.312315988345974,-0.3356166752213755,2.90882291231812,-0.4248204308096298
0.9416666666666667,0.13819291124403943,-7.887762391958073,-0.30647136133730263,4.097338335666373,-0.4248652261926372
0.95,0.06996168482984498,-8.487802409892,-0.26723091503561297,5.317569029105776,-0.42492524417940647
0.9583333333333334,-0.003137740438865927,-9.037093646140109,-0.21814219405971563,6.425785294496095,-0.4250047887620773
0.9666666666666667,-0.08009239807480291,-9.382315215772431,-0.161211687376629,7.144684052813196,-0.42510352945092494
0.975,-0.15847525410731647,-9.36112945724584,-0.10097499094174837,7.1863130926052365,-0.42521091341438016
0.9833333333333333,-0.23505416838865037,-8.965908135778443,-0.04338629545367648,6.538738792679632,-0.4253096620460291
0.9916666666666667,-0.3073083697660581,-8.354617272066019,0.00687649621854047,5.484456751583948,-0.42538860469451373
1.0,-0.3741523142972728,-7.6879071269939105,0.047714792635443384,4.3145495243430165,-0.42544709094539845
1.0083333333333333,-0.43551958892730025,-7.047862735627198,0.07890546562257209,3.1843781882972992,-0.4254895217447253
1.0166666666666666,-0.4917591947606901,-6.458338767370272,0.10104953613439976,2.1470304062015413,-0.4255206095929206
1.025,-0.5432946719999654,-5.917586028242547,0.11496751174127101,1.2093850525546028,-0.4255438845442966
1.0333333333333332,-0.5904940631356522,-5.415851142413398,0.12145874610323049,0.3626581188381269,-0.42556169127130294
1.0416666666666667,-0.6336370865666741,-4.942324099055041,0.12123023428698988,-0.4054088030235695,-0.42557551412852834
1.05,-0.6729175875521496,-4.4873777368648975,0.11488774267422844,-1.1065341387983834,-0.42558634285599006
1.0583333333333333,-0.7084560066486405,-4.043026982850146,0.1029452033805206,-1.7510238242123048,-0.4255950258766249
1.0666666666666667,-0.7403126993544894,-3.602795282529599,0.08583605572989125,-2.3479511085939446,-0.42560235208285097
1.075,-0.768499348960653,-3.1614250470201943,0.06392179476691252,-2.905587780559016,-0.42560905740409327
1.0833333333333333,-0.7929877934544126,-2.7145579235049744,0.03749670206432848,-3.4318682256035906,-0.4256158360724025
1.0916666666666666,-0.8137162096739835,-2.2584226522410473,0.006788849677903795,-3.9348153328383644,-0.4256233563799483
1.1,-0.830592748320626,-1.7895350572576574,-0.028042253343910015,-4.4229217694505545,-0.4256322816195709
1.1083333333333334,-0.8434967085685314,-1.3044071844958505,-0.06691104829386503,-4.905499109133925,-0.42564329797060974
1.1166666666666667,-0.8522773320762036,-0.7992684743061134,-0.10981412043881054,-5.393001642400546,-0.42565715212519445
1.125,-0.8567503962786402,-0.269823705044899,-0.1568409123880009,-5.89729757527748,-0.42567470266097035
1.1333333333333333,-0.8566931930506219,0.2888707185172264,-0.20818611291640982,-6.431766095027508,-0.42569699072064704
1.1416666666666666,-0.8518396804887309,0.8821833456697583,-0.2641609962450662,-7.010853418678152,-0.4257253679580639
1.15,-0.841880664841261,1.5147910533443771,-0.3251959192287637,-7.648167790706601,-0.4257617328475901
1.1583333333333332,-0.8264810699200695,2.187385613553415,-0.39181394444433154,-8.35092856825465,-0.42580872609772186
1.1666666666666667,-0.8053420453354622,2.8886811976979714,-0.4645287066721184,-9.106421588187379,-0.42586973836251174
1.175,-0.778359789093962,3.5799524763305923,-0.5435774420496122,-9.85550843979072,-0.4259482648207092
1.1833333333333333,-0.7459326933205248,4.177440095532757,-0.6283974964339708,-10.461781280968832,-0.426045700797836
1.1916666666666667,-0.7093242467341054,4.564500709420706,-0.7169959753210022,-10.73029049824324,-0.4261575259712683
1.2,-0.6706563094373317,4.668530781313839,-0.8059306858558843,-10.536454746712822,-0.4262718564231883
1.2083333333333333,-0.6321919630762292,4.531510674975711,-0.8914901817684552,-9.94598933132687,-0.426375250999121
1.2166666666666666,-0.5954859206244087,4.265895603107874,-0.9711078310523358,-9.141882598798919,-0.4264602725337667
1.225,-0.5611783075355252,3.968178631057332,-1.0437018581978612,-8.279946954814605,-0.42652635711343057
1.2333333333333334,-0.5292917444999412,3.690224342254085,-1.1091776453807676,-7.441714652681978,-0.42657635507912783
1.2416666666666667,-0.4995637920252007,3.4516467561142785,-1.1678782215854435,-6.655888389427955,-0.4266137673070078
1.25,-0.47164444770844804,3.25601969671519,-1.2202642798146934,-5.925630919633417,-0.42664164126631304
1.2583333333333333,-0.44518539940963286,3.100435900735543,-1.2667751322740288,-5.244406425562951,-0.42666235909783023
1.2666666666666666,-0.4198731377967403,2.9799016417623903,-1.3077819548613119,-4.603120437999455,-0.42667772255901054
1.275,-0.3954378099949314,2.889100943714383,-1.3435799894057683,-3.9929006059720398,-0.4266890910639934
1.2833333333333332,-0.37165287153042986,2.8230053608544203,-1.3743949635688741,-3.406004595038463,-0.4266975007128207
1.2916666666666667,-0.3483319067724393,2.777016222008185,-1.4003935222555042,-2.8359937013898806,-0.4267037520874683
1.3,-0.3253251133938394,2.74693313277905,-1.4216938318452654,-2.2776486767674213,-0.4267084710092143
1.3083333333333333,-0.30251632231370124,2.728869004267645,-1.4383751165823995,-1.726815805057606,-0.42671214904595356
1.3166666666666667,-0.2798207709000197,2.71915880632882,-1.4504858811665964,-1.1802515589307199,-0.4267151695660496
1.325,-0.25718359740218516,2.714279258165131,-1.458050911307322,-0.6354858910920735,-0.4267178236489064
1.3333333333333333,-0.23457893871414895,2.710784695074883,-1.4610772203155158,-0.09070541591727099,-0.42672031895599216
1.3416666666666666,-0.21200949148087433,2.705260137975449,-1.459559091233258,0.4553465486583718,-0.42672278668467006
1.35,-0.18950638950949028,2.6942917884669875,-1.4534823746409165,1.0034515687400556,-0.4267253354867746
1.3583333333333334,-0.1671292800630165,2.674447978802148,-1.4428280235312045,1.5540229330878346,-0.42672812848790614
1.3666666666666667,-0.14496650813008127,2.642272881805466,-1.4275746935689344,2.107217235413217,-0.42673139674237603
1.375,-0.1231353083400807,2.5942898830050334,-1.4077003959105348,2.6630540847974675,-0.42673544226043236
1.3833333333333333,-0.10178194724488204,2.527009320426714,-1.3831830693180613,3.2215567180648828,-0.42674064158570907
1.3916666666666666,-0.08108180168585134,2.4369350149689595,-1.3539998741350396,3.78291906142138,-0.4267474504570303
1.4,-0.06123941276528821,2.3205621868306348,-1.3201249639550239,4.347705068070014,-0.42675641059444447
1.4083333333333332,-0.04248862573079351,2.174357095852366,-1.2815254373662748,4.91708756872629,-0.4267681603091739
1.4166666666666667,-0.025093017800906014,1.9947059514424705,-1.2381550999778166,5.493137094550539,-0.42678345152350405
1.425,-0.009346933915039893,1.777817083637849,-1.1899455571015,6.0791771303459825,-0.42680317705159504
1.4333333333333333,0.004422397636171348,1.5195556882589891,-1.1367939818849468,6.680232259208779,-0.4268284139267391
1.4416666666666667,0.01585100081677808,1.2151843194893581,-1.0785466235166823,7.303610940595797,-0.4268604917115884
1.45,0.02453161665419778,0.8589752007186656,-1.0149766890582452,7.959685388251993,-0.4269011000969257
1.4583333333333333,0.030003271236943126,0.4436567324661558,-0.9457546209352509,8.662951655774423,-0.426952459462685
1.4666666666666666,0.03173545597305858,-0.04032475127096238,-0.8704080905485655,9.43344544614387,-0.42701759440963355
1.475,0.02910562862262072,-0.6056325031696268,-0.7882688423737082,10.298439129931179,-0.4271007857191103
1.4833333333333334,0.02137105866726867,-1.2683996325050368,-0.6984064215794907,11.293639444046999,-0.4272083866215882
1.4916666666666667,0.007646170745235755,-2.0458966209412357,-0.5995642139007225,12.460389265282258,-0.4273501388752045
1.5,-0.01306563624407353,-2.94358332706822,-0.49017437118965707,13.825862625373524,-0.42754082365436014
1.5083333333333333,-0.041615957334806386,-3.908645399317292,-0.3687303040699362,15.32744393778867,-0.4278003549682227
1.5166666666666666,-0.07781084786573071,-4.7208467203541,-0.23522946778068854,16.628910633416897,-0.42814377118599095
1.525,-0.11867645764674548,-4.956811655332166,-0.09405868389605736,17.049827617109525,-0.4285487148266756
1.5333333333333332,-0.15820792465414818,-4.418564585612383,0.045485937879513993,16.268189300222804,-0.4289398156882991
1.5416666666666667,-0.19110977706157992,-3.4436640657632287,0.1752745874088484,14.834669100704083,-0.42925522381950554
1.55,-0.2154693780737541,-2.411893881113093,0.2926413145815673,13.354011246477876,-0.4294893271296356
1.5583333333333333,-0.2315858410185702,-1.4761877113665616,0.39835053849405877,12.05027884111152,-0.4296614084194184
1.5666666666666667,-0.24041151940660238,-0.661519109103704,0.4940220292710369,10.94047804516173,-0.42979013212461237
1.575,-0.24291305519641698,0.04455931250885932,0.5811229040115132,9.985863664151339,-0.429888425733299
1.5833333333333333,-0.23992119706813916,0.6596843149681759,0.6607649828242831,9.143828761655916,-0.4299646516305553
1.5916666666666666,-0.2321292609536103,1.1987442555466228,0.7337356459973884,8.37970136836995,-0.43002433583842464
1.6,-0.22012184623673448,1.673009097137256,0.8005700440448752,7.667420725620809,-0.43007131341134386
1.6083333333333334,-0.20440225435132856,2.090877185160716,0.8616165849175152,6.9879297546018755,-0.43010835850616097
1.6166666666666667,-0.1854125565331875,2.4587868347629183,0.9170881181346169,6.327498928590529,-0.43013756450393614
1.625,-0.16354667339193557,2.7819630598398164,0.9671005433758152,5.676398731701137,-0.4301605771064592
1.6333333333333333,-0.13915807846716996,3.0649638861104895,1.011701789929475,5.02790211139999,-0.4301787379242686
1.6416666666666666,-0.11256368078092564,3.3120577126734108,1.0508935340739665,4.3775236305538625,-0.43019317254474165
1.65,-0.08404512894834047,3.5274710434662593,1.084647271034741,3.7224139829861906,-0.430204843437928
1.6583333333333332,-0.05384846869498212,3.7155412127453302,1.112915785800083,3.060853828790007,-0.4302145803740969
1.6666666666666667,-0.022182820982461538,3.880803154834438,1.1356406924354965,2.391811939786726,-0.4302230966203752
1.675,0.010781475230271852,4.028034947970054,1.152756482788794,1.7145466126971718,-0.43023099649251517
1.6833333333333333,0.04491500353302866,4.162283608481665,1.1641913861348352,1.0282370343963485,-0.4302387779992163
1.6916666666666667,0.08013160930660183,4.288889892706792,1.1698652457972976,0.3316343620421027,-0.4302468328681279
1.7,0.11639099797482984,4.413527874666483,1.169684537168382,-0.3772762228275543,-0.4302554459775619
1.7083333333333333,0.15370175176146014,4.542266208591353,1.1635346538188145,-1.1015901194198805,-0.43026486019638294
1.7166666666666666,0.19212499125623478,4.681665525456494,1.1512695348632567,-1.84582351299811,-0.4302754784345705
1.7249999999999999,0.23177899779778183,4.838904725252951,1.1326983152042271,-2.616266339577994,-0.43028796492886745
1.7333333333333334,0.2728448288330516,5.021880685785538,1.1075693779673392,-3.4212365872657533,-0.43030331700287106
1.7416666666666667,0.31557222561567044,5.2391406349390115,1.0755533278820097,-4.271023669232767,-0.4303229748439999
1.75,0.36028302604242446,5.499248389458323,1.0362297551256232,-5.176865032282317,-0.43034898315989517
1.7583333333333333,0.40736371185869596,5.808551126385375,0.9890919454348779,-6.147226473780542,-0.4303841993408506
1.7666666666666666,0.4572249019728911,6.164897934187328,0.9336069593364238,-7.177246611491326,-0.4304324548992815
1.775,0.5101762404036952,6.542712116909336,0.8694183460233197,-8.223515252595055,-0.4304982837410436
1.7833333333333332,0.5661277008703117,6.866772954347952,0.7968428202405201,-9.159597212509087,-0.43058517178956307
1.7916666666666667,0.6240868685735856,6.9976322112251115,0.7177134293118084,-9.751259565269434,-0.4306910676149435
1.8,0.681826356034307,6.7996797804784554,0.6359321708626694,-9.772573113233621,-0.4308038912565976
1.8083333333333333,0.7365018172047236,6.278422159296648,0.5564023818519555,-9.239598410979076,-0.4309062231036983
1.8166666666666667,0.7859710422385756,5.578088214576289,0.48277536965842166,-8.404310058422377,-0.4309873957125422
1.825,0.8293736603317807,4.840411492813824,0.4164763503180239,-7.5118880718557515,-0.4310469467633194
1.8333333333333333,0.8667460893266917,4.137593350882668,0.3573825816609468,-6.686619149670485,-0.4310892935495939
1.8416666666666666,0.8984912297033836,3.4908573200306527,0.3047427409409503,-5.964548828233753,-0.4311192531439393
1.8499999999999999,0.925080105467802,2.899027832245763,0.25769370603581904,-5.342832894472242,-0.43114057743954753
1.8583333333333334,0.9469383786403032,2.3539917640124988,0.21545870142630297,-4.806338900375269,-0.4311559013895116
1.8666666666666667,0.9644183011458927,1.8467970580167914,0.17739854722976992,-4.338128374716839,-0.4311670226703683
1.875,0.9778014561836691,1.3695781238888793,0.14300992339214677,-3.9227835919796643,-0.4311751668245056
1.8833333333333333,0.9873099430294536,0.9159259217381962,0.11190889340062009,-3.5470802724082375,-0.43118117700057557
1.8916666666666666,0.9931181194696049,0.4807522211463071,0.08381310080333552,-3.1998054502557,-0.4311856394455479
1.9,0.9953625425818217,0.06002735879456595,0.05852658739617078,-2.871369150473938,-0.43118896492502573
1.9083333333333332,0.994149672227188,-0.34948395782536923,0.035927897496810204,-2.5534215815356576,-0.43119144311438007
1.9166666666666667,0.9895615005185621,-0.7504549925498393,0.015961128705065948,-2.238531134521936,-0.4311932997914984
1.925,0.9816593551972335,-1.1452045797277317,-0.0013705720986031552,-1.919917115984626,-0.43119474773044464
1.9333333333333333,0.9704860705101445,-1.5358815551935672,-0.016009479398319894,-1.5912269505093728,-0.4311960025343946
1.9416666666666667,0.9560666837598958,-1.9246366691913093,-0.027846019175323214,-1.2463371482062178,-0.4311972914185077
1.95,0.9384077065983198,-2.313794599297523,-0.03671985970519051,-0.87915526774766,-0.4311988604123046
1.9583333333333333,0.9174949228120448,-2.7060375712249365,-0.04241927905395233,-0.4834005117574407,-0.4312009805457337
1.9666666666666666,0.8932895640390165,-3.104613295241836,-0.044678532023890306,-0.052338772746845154,-0.43120395332943395
1.9749999999999999,0.8657226030032713,-3.5135809380964,-0.04317273317100212,0.42155152499020904,-0.4312081179219383
1.9833333333333334,0.834686799045527,-3.9381072392030956,-0.037509621916778195,0.9469986315129061,-0.43121389798583337
1.9916666666666667,0.8000259964354788,-4.384831381652055,-0.027217305760712827,1.5344874398453485,-0.43122189685513246
2.0,0.7615211499283454,-4.862276692289284,-0.01172702735466885,2.1968840187178156,-0.4312330050260951
2.0083333333333333,0.7188730548932407,-5.381196564772451,0.009648962414580601,2.949926749862646,-0.4312485664093171
2.0166666666666666,0.6716836995277214,-5.954444268750107,0.037740893957498384,3.8118603802750473,-0.43127064470223037
2.025,0.6194446380871278,-6.595069380464318,0.07353145372559074,4.799953418321461,-0.43130242872401425
2.033333333333333,0.5615600157798456,-7.308962261930046,0.11810404015224915,5.917543219979959,-0.43134874036036125
2.0416666666666665,0.49748132820586705,-8.073479192421972,0.1723959185408864,7.116885124607122,-0.4314162010159569
2.05,0.42711652216962726,-8.792585825132845,0.23647655676055881,8.221750118587055,-0.4315113046366977
2.058333333333333,0.35162669862405554,-9.263154443428315,0.30816055765613626,8.870255551013317,-0.4316332780552039
2.0666666666666664,0.2739895339991782,-9.289989699552354,0.38203893344274903,8.716246057977115,-0.4317655579231119
2.075,0.19793993589426423,-8.910920728343918,0.45134045488370284,7.821500307280494,-0.4318838275938724
2.0833333333333335,0.1259918599524213,-8.342853971532453,0.5114008395498267,6.563637642008532,-0.431975578250344
2.091666666666667,0.0589315651060045,-7.75694727115618,0.560585524491656,5.245793675331114,-0.4320424254660727
2.1,-0.0034381793644106184,-7.222355209407244,0.5990310101042329,3.9969275334180883,-0.432090910014291
2.1083333333333334,-0.061617877983522154,-6.750826257314837,0.627479838930177,2.847403754545135,-0.4321270123086733
2.1166666666666667,-0.11610238607530157,-6.3333264236602345,0.6467490248160117,1.791717688947579,-0.432154955557075
2.125,-0.16728444914865337,-5.955858297637238,0.657562902589314,0.8156639286227451,-0.43217745228062393
2.1333333333333333,-0.2154397863847057,-5.6047660242315605,0.6605259351826321,-0.09459103201541443,-0.43219614371085935
2.1416666666666666,-0.26073717386850603,-5.268121671171701,0.6561377989731474,-0.9502452288645233,-0.4322119786147923
2.15,-0.3032538085289713,-4.935849057923068,0.6448162669974103,-1.759843654597963,-0.4322257028659583
2.158333333333333,-0.342989838599389,-4.599485893741546,0.626916578050189,-2.529980617959054,-0.4322381258675646
2.1666666666666665,-0.379880652920709,-4.25190717453206,0.6027444512727861,-3.2660729102448234,-0.43225012435887994
2.175,-0.41380692532426816,-3.887064193617706,0.5725628130838132,-3.973090800240667,-0.43226263729757686
2.183333333333333,-0.44460253845503434,-3.4997337411806178,0.5365926830212328,-4.656228787467103,-0.43227666877411663
2.1916666666666664,-0.47206038395657957,-3.085254876907228,0.4950086837939578,-5.321528959035783,-0.4322933015053628
2.2,-0.4959358253813909,-2.639226877207073,0.44792945405690177,-5.976486939144618,-0.4323137256346693
2.2083333333333335,-0.5159473966031111,-2.157144172593766,0.3954029473792845,-6.630680573093324,-0.43233928997478244
2.216666666666667,-0.5317741325609081,-1.6339514928818648,0.3373862429482331,-7.296465345202253,-0.4323715864061129
2.225,-0.5430488655654258,-1.063525040534103,0.27371917981107907,-7.989760980564692,-0.43241258394241866
2.2333333333333334,-0.5493471164591288,-0.4381590475183179,0.20409125235444767,-8.730851448047872,-0.43246483780733025
2.2416666666666667,-0.5501726671409995,0.2516278211643047,0.1280030866641998,-9.544751221960208,-0.4325318090892053
2.25,-0.5449460195946082,1.0159184171815787,0.04473161345085847,-10.459489353610468,-0.43261837411199167
2.2583333333333333,-0.5330179397890368,1.8597304743482241,-0.04666600019884285,-11.497148810890845,-0.43273163494135036
2.2666666666666666,-0.513774721872119,2.764689095651225,-0.14719992549962801,-12.64379644296139,-0.4328813390369691
2.275,-0.4869972438652316,3.644441320520972,-0.25737255956054933,-13.774437631561135,-0.4330776558007347
2.283333333333333,-0.4536754333776915,4.290481994507447,-0.37582475366049667,-14.558385920214977,-0.4333213624868744
2.2916666666666665,-0.41686006207789955,4.452258135303907,-0.49786968107815815,-14.58602199261145,-0.43358826990610005
2.3,-0.38088818853279766,4.114194483129495,-0.6166982264499217,-13.828856504728174,-0.43383567913707166
2.308333333333333,-0.34900395963526076,3.517158406489679,-0.7272643526250622,-12.67708022388003,-0.4340362188540206
2.3166666666666664,-0.32236129095740546,2.8822037745997755,-0.8278843083078057,-11.482085700036297,-0.43418845242305754
2.325,-0.3007931215869053,2.3075621831023483,-0.9189311499304068,-10.390824908616233,-0.43430219202538284
2.3333333333333335,-0.2836654148550705,1.8172658217241928,-1.0014316368532121,-9.430462581179903,-0.43438766345745033
2.341666666666667,-0.27027976217977057,1.408001285388135,-1.0764297848202526,-8.586630414284642,-0.4344526274687027
2.35,-0.26000216361687006,1.0695092331265268,-1.1448020497751228,-7.836451118632441,-0.4345025151502506
2.3583333333333334,-0.25228725799532575,0.7913186131212653,-1.2072385030147572,-7.15884560292703,-0.43454108959860505
2.3666666666666667,-0.2466710728750292,0.5644649245892505,-1.2642700181802733,-6.53676499848895,-0.4345710005256129
2.375,-0.24275737589303933,0.3816246691361836,-1.3163018745651116,-5.957012213239926,-0.4345941625257216
2.3833333333333333,-0.24020506007633596,0.23683514910701858,-1.3636429417934044,-5.4095183616500995,-0.43461199948033075
2.3916666666666666,-0.23871819375515677,0.12516509854974148,-1.4065286772441927,-4.886623498281248,-0.4346256010064178
2.4,-0.23803863504744616,0.04243515461643533,-1.4451386563091653,-4.382490207560702,-0.4346358232339248
2.408333333333333,-0.237940703160039,-0.014996620177039965,-1.4796098011115761,-3.8926544682006967,-0.43464335444968094
2.4166666666666665,-0.23822739206497237,-0.05039246064612768,-1.5100463523290053,-3.4136883536058105,-0.4346487583579315
2.425,-0.23872770624142212,-0.06674857220069452,-1.5365273998760716,-2.9429472555823017,-0.4346525028666175
2.433333333333333,-0.23929480066527012,-0.06687615726108842,-1.559112580047764,-2.478379405740409,-0.43465497934756103
2.4416666666666664,-0.23980469187419554,-0.053458769274628434,-1.5778463854258766,-2.0183810435266385,-0.4346565156439555
2.45,-0.24015537291664232,-0.02909286293185388,-1.5927614143097768,-1.5616850072089337,-0.4346573848545785
2.4583333333333335,-0.24026621409978585,0.0036834571373418465,-1.603880799068275,-1.1072738070639303,-0.4346578112017
2.466666666666667,-0.24007756717493492,0.04236984238305219,-1.6112199882309723,-0.654310474338612,-0.4346579738746132
2.475,-0.23955051667476143,0.08448861141131159,-1.6147880078758778,-0.2020819701025835,-0.4346580094804705
2.4833333333333334,-0.23866674071584396,0.12757331991988885,-1.6145882893659635,0.25004859943050506,-0.43465801380798325
2.4916666666666667,-0.23742845487284533,0.16916015780902732,-1.6106191480501688,0.7026772699687545,-0.43465806049376793
2.5,-0.23585842408142269,0.20677954844615767,-1.6028739603672588,1.1564025439640118,-0.4346582495973397
2.5083333333333333,-0.23400004858452159,0.2379471009869409,-1.591340923528766,1.611876789792885,-0.4346587224867805
2.5166666666666666,-0.23191752707356222,0.2601537383142838,-1.576002404746774,2.0698556405977873,-0.4346596634938868
2.525,-0.2296961132818556,0.2708528380383674,-1.5568338470176497,2.531255847679709,-0.4346613023768464
2.533333333333333,-0.2274424989498523,0.2674423806022132,-1.5338021425725854,2.997225930011807,-0.4346639181230218
2.5416666666666665,-0.22528537539932822,0.24723941330981097,-1.506863347366829,3.4692346056913212,-0.43466784468715913
2.55,-0.22337625230605068,0.20744314344876313,-1.475959562957943,3.9491834069980136,-0.43467347953907526
2.558333333333333,-0.22189064835668842,0.14508161709819317,-1.4410147504080562,4.43955203392311,-0.43468129630409147
2.5666666666666664,-0.2210298176705004,0.056935140489882616,-1.4019291571491077,4.943588173507324,-0.43469186339961385
2.575,-0.2210232420586933,-0.06057266717614551,-1.3585719223843902,5.465557972546728,-0.43470587154091356
2.5833333333333335,-0.2221322049487669,-0.21152759649822822,-1.310771268966487,6.011078938656336,-0.43472417495378907
2.591666666666667,-0.2246548670755231,-0.40073494655386876,-1.2583014829437718,6.587563063978736,-0.43474785494914747
2.6,-0.22893337395790458,-0.6339979606246562,-1.2008656387264762,7.204798759482914,-0.43477831765841
2.6083333333333334,-0.23536355228131334,-0.9184560155409488,-1.1380728573752341,7.875677417423998,-0.43481744566747954
2.6166666666666667,-0.24440744848020424,-1.2629040138893557,-1.0694091691073955,8.61696842237828,-0.43486783541026813
2.625,-0.25660753184734564,-1.6777852356544727,-0.9942030539958864,9.449688081625766,-0.43493316674719873
2.6333333333333333,-0.27259641841848614,-2.173847268328314,-0.9115944081858738,10.397464132848967,-0.4350187538987436
2.6416666666666666,-0.293080511175137,-2.756422536217528,-0.8205407198718521,11.477907177215853,-0.43513224072669865
2.65,-0.3187324933247191,-3.4073240832315954,-0.7199667087942659,12.673490948846098,-0.4352839228740061
2.658333333333333,-0.3498327005912155,-4.040494422100794,-0.609326166167228,13.857800817439209,-0.4354844691780439
2.6666666666666665,-0.38544785659342584,-4.4450312090239095,-0.4899454084586222,14.697450251151666,-0.4357349095299849
2.675,-0.4225270995469627,-4.358530824433813,-0.36654674358940054,14.767962119133848,-0.43601033351390867
2.683333333333333,-0.45662066811529095,-3.7541734841782106,-0.24611308738170617,14.02849254613632,-0.4362660468670038
2.6916666666666664,-0.48434936546329477,-2.8788143395961945,-0.1338551414582821,12.883382698727605,-0.4364733895327734
2.7,-0.5045012758673151,-1.9626443604098536,-0.031475100096183796,11.699335967818806,-0.43663123147118527
2.7083333333333335,-0.5172324329503031,-1.1060501969610865,0.06144661593708805,10.62389604249622,-0.4367500366699569
2.716666666666667,-0.5231667343270412,-0.3319339248599711,0.1459522615957826,9.677733599494992,-0.43684032501034964
2.725,-0.522981904787985,0.3641282118785065,0.2230417108385559,8.839241119311007,-0.4369098215927861
2.7333333333333334,-0.5172853654448661,0.9926812432434347,0.2934909433930314,8.07935333400539,-0.4369638050073214
2.7416666666666667,-0.5065965640091539,1.563802381772484,0.3578429502372533,7.371965410886638,-0.4370059854557134
2.75,-0.491358552501641,2.085703904000862,0.41644377735723476,6.6959610071440165,-0.4370390778268854
2.7583333333333333,-0.4719533769164862,2.5648900343334042,0.4694833415609684,6.034857066081193,-0.4370651533517635
2.7666666666666666,-0.4487141973788317,3.006682595951847,0.5170305528920753,5.375947285115829,-0.43708586812239725
2.775,-0.4219328688322608,3.4157564578795414,0.5590612134869731,4.709460749026215,-0.4371026088382917
2.783333333333333,-0.39186337242409586,3.79659470139725,0.5954793512220076,4.027828767304339,-0.4371165842764629
2.7916666666666665,-0.358721825485241,4.153856303258996,0.6261328274834965,3.325036759666487,-0.4371288809396007
2.8,-0.32268373551334006,4.492673621526228,0.6508237413338296,2.596015979465534,-0.43714049473728067
2.808333333333333,-0.2838789836127611,4.818904179752703,0.669313784798392,1.8360339882257424,-0.43715234650410706
2.8166666666666664,-0.24238480871388846,5.139363024623653,0.6813244026699015,1.040053177426006,-0.4371652865046343
2.825,-0.19821685304765732,5.462058799297461,0.6865314122474737,0.20204192565801132,-0.4371800908538678
2.8333333333333335,-0.15131819298026175,5.796438224169311,0.6845537395458845,-0.6857362209714262,-0.43719745897179874
2.841666666666667,-0.10154649001549035,6.153574733641745,0.674936660164937,-1.6332946366261936,-0.4372182159977235
2.85,-0.04866035073839083,6.5461148781957395,0.65713170556558,-2.6530631822495705,-0.4372437736437309
2.8583333333333334,0.007690704061699375,6.9872704491068625,0.6304810663857162,-3.758318602445591,-0.4372764711261145
2.8666666666666667,0.06795766990359146,7.486846469626808,0.5942329930254943,-4.956434994445976,-0.4373199562245689
2.875,0.13262211516057865,8.039272424090594,0.54766221340383,-6.228362311481333,-0.4373794718431765
2.8833333333333333,0.2019622796363517,8.594650884650395,0.49047134097226447,-7.479056631219455,-0.43746118188935923
2.8916666666666666,0.27550138995576673,9.015376784588998,0.4237348556462959,-8.463711249319225,-0.437568272888914
2.9,0.3512547341339246,9.092855841922049,0.3511769042155679,-8.818742306498958,-0.43769276895972165
2.908333333333333,0.4257970546547176,8.729478954536248,0.27901395408965524,-8.37802633704409,-0.437813466742754
2.9166666666666665,0.49590711578720525,8.065999596952178,0.21306618992081885,-7.392390991029281,-0.4379114359146421
2.925,0.5599896915434708,7.312075814653368,0.1562689609797627,-6.234033764490683,-0.43798236284569936
2.933333333333333,0.617866641164761,6.588299305728098,0.10902596465531167,-5.12101847365551,-0.43803128030067406
2.9416666666666664,0.669985856902937,5.932206833957152,0.0705839827721524,-4.126458060057674,-0.43806469441680485
2.95,0.7169259242717849,5.343901810292703,0.039902210616103245,-3.2571082591772873,-0.438087671251231
2.9583333333333335,0.7592081835103597,4.812203427750188,0.015990440693704477,-2.4987065327727533,-0.4381036461222757
2.966666666666667,0.797251619524756,4.324596578607298,-0.0020012848356921356,-1.8333945334827382,-0.4381148640142683
2.975,0.8313767781769027,3.8701770549697048,-0.014779544128201729,-1.2450041998603518,-0.4381227924146289
2.9833333333333334,0.861822160436584,3.4401532199635882,-0.022927405939722895,-0.720074046523084,-0.4381284050731662
2.9916666666666667,0.8887611110819325,3.0276200321094637,-0.026926241545235444,-0.24757279426409143,-0.4381323618689934
3.0,0.9123159816783631,2.627180363995987,-0.02717368394045282,0.1816609662929113,-0.43813512066788934
3.0083333333333333,0.9325691680526688,2.234586994865484,-0.023996938647613875,0.575448453869407,-0.4381370165144135
3.0166666666666666,0.9495713914897366,1.8464388269459329,-0.017662058154345562,0.9407127126902947,-0.4381383320696026
3.025,0.9633476636799918,1.4599288681688043,-0.008379877468784654,1.2838338868342833,-0.4381393204191859
3.033333333333333,0.9739013447474213,1.0726356019482097,0.0036906395617876822,1.6109214458135943,-0.43814021017270316
3.0416666666666665,0.9812165834780129,0.6823410279815028,0.018441101287325595,1.9280377402012596,-0.4381412109015837
3.05,0.9852593079899002,0.2868627691244734,0.03581413223174371,2.241396416414425,-0.438142519436333
3.058333333333333,0.9859768365301642,-0.11611099519289445,0.05580543992463189,2.557556896039262,-0.43814432749638366
3.0666666666666664,0.9832960928262351,-0.529192389294618,0.07846755135709874,2.8836332381469147,-0.43814683814086874
3.075,0.9771203377823972,-0.9554824925172213,0.10391541512107998,3.227537499335621,-0.43815031550608047
3.0833333333333335,0.9673242009365142,-1.3987903522318954,0.1323342506518169,3.5982763970995353,-0.43815513209235113
3.091666666666667,0.9537467850789499,-1.863875090475372,0.16399007873993787,4.006295956734309,-0.43816181533549003
3.1,0.9361827215204177,-2.356687649655936,0.19924320725442046,4.463832258075915,-0.43817111784423163
3.1083333333333334,0.9143715119044161,-2.8845126034691067,0.23856415102495773,4.985097476781695,-0.43818412517217853
3.1166666666666667,0.8879870341440284,-3.455706973577572,0.2825488227102928,5.58578172900975,-0.4382024185508888
3.125,0.8566334809767538,-4.078205038060508,0.3319222999716968,6.280444553756581,-0.43822830483181435
3.1333333333333333,0.8198654397118484,-4.754713896847903,0.38750082107164896,7.074227818303636,-0.43826507586259167
3.1416666666666666,0.7772758501014753,-5.470317719115065,0.4500368354853004,7.941504065111196,-0.4383170542096751
3.15,0.7287364045696222,-6.168062823196018,0.5198012535542469,8.783740901983169,-0.43838861396023454
3.158333333333333,0.6748596845822545,-6.72584390800274,0.5957818674256794,9.389257840120317,-0.4384807194812268
3.1666666666666665,0.6174482387446462,-6.996130130264672,0.6748984075284601,9.500708375893188,-0.43858571359207693
3.175,0.5591947824451665,-6.9349647430047465,0.7525001881629888,9.036735806740822,-0.43868801322535794
3.183333333333333,0.5024926487530822,-6.648920574646303,0.8243990484344582,8.174173686655301,-0.43877441553887964
3.1916666666666664,0.4486027486687194,-6.280257101869859,0.8883051454842611,7.152608199631658,-0.4388409356353431
3.2,0.39780065965553535,-5.917323672016688,0.943590795727243,6.121329559491812,-0.43889000424685637
3.2083333333333335,0.34986585505444545,-5.594839989135986,0.9904692482420256,5.139677335042252,-0.43892584697280634
3.216666666666667,0.3044219917994027,-5.319302939164356,1.0294262454824228,4.220190970460846,-0.4389522821381817
3.225,0.26109305596539306,-5.0860606586382096,1.0609639585652202,3.357524277260779,-0.4389722219747257
3.2333333333333334,0.21955913576236247,-4.887074935635462,1.0855145857608306,2.541530474250205,-0.4389877611861917
3.2416666666666667,0.17957025631535706,-4.713866617183295,1.103424442691191,1.7621876425461565,-0.43900037026595884
3.25,0.14094532476470045,-4.5584543362645675,1.114962765632548,1.0111287822678114,-0.4390110589211638
3.2583333333333333,0.1035668986617146,-4.413546206516358,1.1203370540372388,0.28189512527087784,-0.43902049093425605
3.2666666666666666,0.067375575000352,-4.272488649847912,1.1197083574642903,-0.4302483501222864,-0.4390290619534495
3.275,0.032365087257448556,-4.129165717898142,1.1132044409887543,-1.128607023316788,-0.4390370253294903
3.283333333333333,-0.0014217578120067917,-3.977900366131304,1.1009302656237492,-1.8154131234816504,-0.43904469468580953
3.2916666666666665,-0.03389640505371822,-3.813380616173085,1.0829753711315682,-2.4921937497784747,-0.43905249031759735
3.3,-0.06492738604584856,-3.630612737212804,1.0594182967527186,-3.160120735463063,-0.43906093811323343
3.308333333333333,-0.09434281609101292,-3.4248844646514502,1.030328054006097,-3.8203701221948556,-0.43907067044722714
3.3166666666666664,-0.12193257227296998,-3.191722346907282,0.9957625302250794,-4.474500955507356,-0.43908243059087715
3.3249999999999997,-0.14745002771133223,-2.926824561617456,0.9557636175631214,-5.124864481589265,-0.439097083214668
3.3333333333333335,-0.17061305086286901,-2.6259479419308445,0.9103487540192456,-5.775059211692262,-0.43911563510290197
3.341666666666667,-0.1911037899051938,-2.284725085188696,0.8594984016911528,-6.430455910806308,-0.43913927224773136
3.35,-0.2085665478302961,-1.8983841960947652,0.8031387339777804,-7.0988300844804995,-0.43916942257733543
3.3583333333333334,-0.2226028151375264,-1.4613422118599793,0.7411184216053296,-7.791156077067235,-0.4392078586667323
3.3666666666666667,-0.23276229654269562,-0.9666480111205976,0.6731779071888904,-8.522625388354312,-0.4392568634992859
3.375,-0.23852870542464782,-0.40529429146757373,0.5989091479712239,-9.31390929018208,-0.4393194970575707
3.3833333333333333,-0.23929981475172335,0.2344118224732015,0.5177044183959795,-10.192439559853518,-0.4394000241888778
3.3916666666666666,-0.2343649075186738,0.9666047337055976,0.42869786999891224,-11.192498492261326,-0.439504627290617
3.4,-0.22289654008387239,1.8038641434518365,0.3307250629996724,-12.349498647528012,-0.4396426115822645
3.408333333333333,-0.2040191350441004,2.7403375716756937,0.22240067840940153,-13.673242534572381,-0.43982763121629775
3.4166666666666665,-0.17714407870542273,3.699922586790934,0.10262989331093791,-15.062321111614654,-0.4400764188816856
3.425,-0.14294118425718202,4.441433360150749,-0.027810723055007317,-16.142264244355022,-0.4403967565236443
3.433333333333333,-0.10477671162277621,4.597363552981357,-0.16385129509853202,-16.319198976492142,-0.44075966728641724
3.4416666666666664,-0.06822056652334249,4.085907994729506,-0.29683711322731443,-15.458832920953807,-0.44109927073150584
3.4499999999999997,-0.03761047946393492,3.235719829615303,-0.4201136507038999,-14.09427802941477,-0.441370841619985
3.4583333333333335,-0.01436237205036828,2.3531083129987187,-0.5317195329956319,-12.710007212269772,-0.4415734052790399
3.466666666666667,0.0018616766690593425,1.5587407406812122,-0.6323923418447184,-11.481111902353652,-0.44172315320491584
3.475,0.011922206056461042,0.8735332051987367,-0.7235477246066602,-10.422489566881637,-0.441835396064172
3.4833333333333334,0.016697075033571717,0.2877612465566058,-0.8064896228067963,-9.503911857162253,-0.4419209760473527
3.4916666666666667,0.016952905792313767,-0.21345138089829108,-0.8822388316088463,-8.690885368095056,-0.4419871035210211
3.5,0.01333756816321638,-0.6432817412918463,-0.9515507348747047,-7.954781669099661,-0.44203860912666004
3.5083333333333333,0.006400682798764969,-1.0121432244604336,-1.0149712060595324,-7.27383380787435,-0.44207886284005776
3.5166666666666666,-0.003384689855913828,-1.3281018108887819,-1.0728895537004288,-6.6320034196992115,-0.4421103099818268
3.525,-0.015605163215568143,-1.5975161563353613,-1.1255806219677724,-6.017651136875864,-0.44213478676281814
3.533333333333333,-0.02989518941477545,-1.8255890769370597,-1.1732366742585876,-5.4224366310933565,-0.44215371751621224
3.5416666666666665,-0.04592923539944762,-2.016778636980117,-1.2159912256041738,-4.840480023071536,-0.44216823924751114
3.55,-0.0634168483911233,-2.175084975260377,-1.2539367919990139,-4.267730114493029,-0.4421792809433912
3.558333333333333,-0.08209969164521536,-2.304241007791677,-1.2871380311174552,-3.7014814702272356,-0.4421876143002712
3.5666666666666664,-0.1017498599671995,-2.4078327527872756,-1.3156413209846658,-3.139996376053883,-0.44219388619505856
3.5749999999999997,-0.12216897863324133,-2.4893700884434105,-1.3394815170002168,-2.5822016623573876,-0.4421986394705812
3.5833333333333335,-0.14318774339840115,-2.552324245531846,-1.3586864232309186,-2.0274406728432504,-0.44220232632240003
3.591666666666667,-0.1646656794710996,-2.600144724391438,-1.373279379593247,-1.4752673313799427,-0.4422053171114416
3.6,-0.18649099077539477,-2.6362654851330873,-1.38328027573176,-0.9252731740959969,-0.4422079064358551
3.6083333333333334,-0.20858044315291258,-2.664108006819834,-1.3887052357293899,-0.3769402242049278,-0.44221031758471635
3.6166666666666667,-0.23087928067473432,-2.6870869908876327,-1.3895651624658203,0.17048648327131397,-0.4422127060168801
3.625,-0.2533612109925449,-2.708621196764221,-1.385863306263121,0.7181034283817771,-0.44221517927496456
3.6333333333333333,-0.27602851423312075,-2.7321543196238856,-1.3775920234344747,1.2674486004678776,-0.44221788150915026
3.6416666666666666,-0.2989123964556125,-2.7611919018513817,-1.3647285925583175,1.820621527496798,-0.44222103846735383
3.65,-0.32207369648695006,-2.799349306224289,-1.3472300682508878,2.3803955594055095,-0.44222496561924296
3.658333333333333,-0.3456040428068713,-2.8504114271035004,-1.3250271754973355,2.9503369702008526,-0.4422300804754342
3.6666666666666665,-0.36962753926571607,-2.918398197306445,-1.2980171862284968,3.5349284378983215,-0.4422369229662003
3.675,-0.3943029658582888,-3.007618175437254,-1.2660558146213945,4.13967489109909,-0.4422461872471758
3.683333333333333,-0.4198262365841329,-3.1226655708254456,-1.2289485068009325,4.771126103948045,-0.4422587692253672
3.6916666666666664,-0.44643226051581514,-3.2682538118811815,-1.1864424151204371,5.436647917358841,-0.4422758344071327
3.6999999999999997,-0.47439395223410713,-3.4486379555853306,-1.1382225955294893,6.143539126552867,-0.4422989078648799
3.7083333333333335,-0.5040129619045226,-3.666074779958402,-1.0839211962723434,6.896579050810903,-0.4423299745774585
3.716666666666667,-0.5355899134222067,-3.917192611475426,-1.0231597622649329,7.6921048821877225,-0.44237153350914216
3.725,-0.5693494045538579,-4.185420959695059,-0.9556660779497934,8.505450511450663,-0.44242642807749916
3.7333333333333334,-0.6052804564894861,-4.4284030766677445,-0.8815323667551839,9.269769848190556,-0.4424970389486055
3.7416666666666667,-0.6428697084415547,-4.567390574020814,-0.8016555058303326,9.857786361817446,-0.4425832935325845
3.75,-0.680839134115662,-4.5047057285252405,-0.7181747415294522,10.1104118292299,-0.44267998772356726
3.7583333333333333,-0.7172335326109643,-4.1884503733046134,-0.6343271185725181,9.944942930919925,-0.44277671953523157
3.7666666666666666,-0.7500579950038067,-3.6622278943522297,-0.5533834835542193,9.437842281945485,-0.44286302308460107
3.775,-0.7779634850287995,-3.0246476612780837,-0.4775131665606206,8.755301896676908,-0.4429337216741266
3.783333333333333,-0.8003951857970125,-2.3591478413225806,-0.4075599679971789,8.034962189307253,-0.4429889847727778
3.7916666666666665,-0.8173319511713146,-1.7104691088972692,-0.3435013204936041,7.3475150334639565,-0.4430314398510567
3.8,-0.8289967410601174,-1.0950937934222216,-0.2849453872111309,6.715484936099618,-0.443064021072995
3.808333333333333,-0.8356831726890139,-0.5154301354282844,-0.23142509718150045,6.1377147673334935,-0.44308915531923687
3.8166666666666664,-0.837677950803195,0.03162175381180243,-0.182527631899001,5.603984333403521,-0.4431086458311738
3.8249999999999997,-0.8352337957749152,0.5507152693055954,-0.13793800345846063,5.101716985816287,-0.4431237842662441
3.8333333333333335,-0.8285640082048719,1.0465207895954296,-0.09744593483195672,4.618596756460559,-0.44313554251804754
3.841666666666667,-0.8178446413143797,1.5232821774881626,-0.06093955489081972,4.143377299054779,-0.4431447185440849
3.85,-0.8032182588552094,1.9848111405414737,-0.028395790575479966,3.6659795795248145,-0.44315200330021987
3.8583333333333334,-0.7847969187552769,2.434651979950228,0.00012876205325682575,3.177323094493081,-0.4431580273720155
3.8666666666666667,-0.7626634774966823,2.8763092115920865,0.02450509636966828,2.669061847298954,-0.4431633955618898
3.875,-0.7368708880083813,3.313497919832795,0.04453667584851118,2.133282053343816,-0.4431687127478217
3.8833333333333333,-0.7074393650119494,3.7504041446580327,0.059961686339113154,1.5621741832592353,-0.4431746034404814
3.8916666666666666,-0.6743513583673186,4.1919493004278445,0.0704524608424478,0.9476838898159794,-0.4431817265380351
3.9,-0.6375443547532923,4.6440421372886,0.07561198489767036,0.28116896612637254,-0.44319078571799253
3.908333333333333,-0.5969018048874286,5.1137603827391365,0.07496788185149113,-0.4468323859879438,-0.44320253616496064
3.9166666666666665,-0.5522433978179174,5.609278639756808,0.06796599295155785,-1.2463811047828444,-0.4432178773813851
3.925,-0.5033183536012014,6.139108436807859,0.053970005344333744,-2.1267263946529162,-0.44323815107206893
3.933333333333333,-0.44981147488103224,6.709505699348175,0.03228398037641879,-3.0917087169472817,-0.44326540380117596
3.9416666666666664,-0.3913867636227792,7.317459283055599,0.0022409166533439,-4.12750136253483,-0.4433025825081873
3.9499999999999997,-0.32782250180595685,7.935000329949062,-0.036549706270234614,-5.175449968090928,-0.4433533702307483
3.9583333333333335,-0.2593197064134209,8.484417960303825,-0.08365592076848048,-6.089653032193888,-0.44342077387806667
3.966666666666667,-0.186979888982561,8.830756419444862,-0.1369923942508511,-6.625571394961646,-0.4435035106651526
3.975,-0.1130553358951815,8.852806734985412,-0.19240265749573243,-6.565899319945755,-0.4435926045623435
3.9833333333333334,-0.04031994203145511,8.560113314183319,-0.2447900155787388,-5.926027800474095,-0.44367504976417976
3.9916666666666667,0.029096274570816566,8.080849798213936,-0.2901917324267022,-4.933386185919317,-0.4437426548525882
4.0,0.09420212834183013,7.542193653450226,-0.3266827139242869,-3.817967972748241,-0.4437946637880184
4.008333333333333,0.15482997553243003,7.012976612111739,-0.3538534248231967,-2.7102923424833136,-0.44383408552900394
4.016666666666667,0.2111773517139323,6.516288368157748,-0.3720214320923792,-1.661575735482652,-0.44386437483512065
4.025,0.2635282617400066,6.053011280280194,-0.3817446948612401,-0.6838100125274333,-0.44388821190835204
4.033333333333333,0.31213356679055543,5.615851750405472,-0.3836069310124517,0.22616277815070163,-0.44390737999271945
4.041666666666667,0.35717253430613594,5.195537082305135,-0.37814236335848295,1.0760069411063589,-0.443923009162166
4.05,0.39874772600190295,4.783133226222843,-0.3658175419797073,1.8739710491052517,-0.44393605542546616
4.058333333333334,0.4368913024846782,4.370723904584859,-0.34703191178597725,2.6278547952166056,-0.44394750353551077
4.066666666666666,0.4715740772421596,3.9514893871811725,-0.32212200989873957,3.3449978334373838,-0.44395836441447045
4.075,0.5027141144911906,3.519554477938814,-0.29136391360025504,4.032646074497432,-0.44396967818575933
4.083333333333333,0.5301836362127441,3.06974820691722,-0.2549720524932847,4.698432047430537,-0.44398252878436517
4.091666666666667,0.5538137503456755,2.5973260365818085,-0.21309391412889075,5.350870948438166,-0.44399807157915366
4.1,0.5733967898863433,2.097678064838379,-0.16580069229607308,5.999833092521429,-0.44401757807106895
4.108333333333333,0.5886862718887446,1.5660585163583827,-0.11307424024485853,6.656946524745235,-0.4440425039251513
4.116666666666666,0.5993949816507992,0.9974307814118091,-0.05479136409024924,7.335796829858103,-0.4440745883118853
4.125,0.6051930275794061,0.38667932100922375,0.009291514015732935,8.051537655163612,-0.44411599151234427
4.133333333333333,0.6057111805336725,-0.27017532551531276,0.07954478376521576,8.818881157246164,-0.44416946533008717
4.141666666666667,0.6005633025530143,-0.9722478373115313,0.156440612937632,9.645945625091116,-0.4442385413439569
4.15,0.5894201959294054,-1.7045421117112038,0.24044248510549718,10.518799676803189,-0.4443276161574669
4.158333333333333,0.5721965949388296,-2.419703057662012,0.33170382167406953,11.37042166799324,-0.44444106006974604
4.166666666666667,0.5494140886692875,-3.0172091766105944,0.42946313061871144,12.044076027107629,-0.444580056525364
4.175,0.5226217954353511,-3.3604073649883026,0.5313210862005052,12.318646695409898,-0.4447372935911188
4.183333333333334,0.4943395876945979,-3.3734794669407613,0.6332915853729514,12.068577427022836,-0.44489559458367633
4.191666666666666,0.4671443508571297,-3.120075104714206,0.7312782638691738,11.39569587985211,-0.4450369628885199
4.2,0.4426955526015072,-2.7366686515314163,0.8226614547860966,10.519390303924915,-0.44515262092481955
4.208333333333333,0.4215906371136141,-2.3306446122086304,0.9065151180884686,9.608803856456282,-0.4452429027043562
4.216666666666667,0.40376209814247815,-1.955653008348323,0.982941178985421,8.74426265037469,-0.44531207659751265
4.225,0.38885710272793195,-1.6303149685919063,1.0524495044230715,7.949763393780776,-0.44536483534044646
4.233333333333333,0.3764450211075784,-1.357054378541082,1.1156301183201107,7.2244601761521965,-0.44540508410499746
4.241666666666666,0.36610487876473646,-1.1322210655015554,1.1730239290128466,6.5591546845392,-0.4454357994927121
4.25,0.3574550349245739,-0.9504585114171942,1.2250862048018731,5.94314886938159,-0.445459196887251
4.258333333333333,0.35015934236882285,-0.8063551085582508,1.2721860245006913,5.366657837123616,-0.4454769293197066
4.266666666666667,0.34392495763232794,-0.6949680740740929,1.3146172277861488,4.821439554003755,-0.44549024738177434
4.275,0.33849788119011404,-0.6119155531364198,1.35261144166975,4.300777914680061,-0.44550011445161547
4.283333333333333,0.3336584662817444,-0.5533202367614181,1.3863499619534394,3.7992685313286914,-0.44550728660741107
4.291666666666667,0.3292176018722606,-0.5157145396717461,1.4159736580903648,3.3125739459773325,-0.44551236740109657
4.3,0.3250136946112425,-0.4959472320583651,1.441590923053347,2.8372037089701725,-0.44551584535110716
4.308333333333334,0.320910375374187,-0.4911037668516916,1.4632839475445703,2.370332637493165,-0.44551811965231053
4.316666666666666,0.3167948046573877,-0.4984421099562373,1.4811136355573458,1.909655665453275,-0.4455195178156607
4.325,0.3125764536767751,-0.5153423318923922,1.4951234423216946,1.4532732431668136,-0.445520307717958
4.333333333333333,0.30818625723824816,-0.5392673485056155,1.505342361186463,0.9996005988728219,-0.4455207057196857
4.341666666666667,0.30357605616550665,-0.5677322958591696,1.511787232243123,0.5472947428938065,-0.44552088196575923
4.35,0.298718266529593,-0.5982804002329096,1.514464497868849,0.09519390329130334,-0.44552096362502
4.358333333333333,0.2936057287157046,-0.6284638291405263,1.513371491645513,-0.35773370936981697,-0.4455210378965323
4.366666666666666,0.28825169530929284,-0.6558292119647516,1.508497356519564,-0.8124288880623407,-0.44552118073249436
4.375,0.2826899383652379,-0.6779027042952371,1.4998235890123086,-1.2697963759324329,-0.44552150214060093
4.383333333333333,0.2769749796084107,-0.6921760192091189,1.487324094896516,-1.7307624589869577,-0.4455221553282653
4.391666666666667,0.27118243457000035,-0.6960924322418487,1.470964766880648,-2.1963347814372174,-0.44552333967880076
4.4,0.26540948336199477,-0.6870300290963121,1.450702518940609,-2.6676736828286676,-0.44552530501397386
4.408333333333333,0.25977550071580785,-0.662279773744063,1.4264836619904986,-3.1461797954123316,-0.4455283576295253
4.416666666666667,0.25442290114544325,-0.6190152004614214,1.398241462418775,-3.6336036202646222,-0.44553286884807664
4.425,0.24951828578957344,-0.5542495210830126,1.3658926715011597,-4.132184298082611,-0.44553928721332225
4.433333333333334,0.24525401751329326,-0.4647747237616035,1.3293327453347163,-4.64482686505613,-0.4455481560096022
4.441666666666666,0.24185040132608815,-0.3470759985588516,1.2884293870427628,-5.175329853262135,-0.44556013863795196
4.45,0.2395587062691213,-0.19721416132332203,1.2430139336104136,-5.728677477173675,-0.445576055682671
4.458333333333333,0.23866532166254067,-0.010670450792135602,1.1928699887373302,-6.31141035943453,-0.4455969395215836
4.466666666666667,0.23949735726333526,0.21784254955428517,1.1377186193817295,-6.93207792918219,-0.4456241157664357
4.475,0.24242985775860634,0.494568946068089,1.0771995545515436,-7.601731864149464,-0.44565933027870575
4.483333333333333,0.24789421301908213,0.8267744959925111,1.0108486236759415,-8.334284460293146,-0.4457049455040536
4.491666666666666,0.25638543652170803,1.2223091891016462,0.9380745489138247,-9.14614658376582,-0.4457642285723666
4.5,0.2684604169257709,1.6876017766925302,0.8581470373317179,-10.053425934100117,-0.4458417431687858
4.508333333333333,0.2847042126520031,2.2213013155917616,0.7702328046253496,-11.062060849422501,-0.44594374445982343
4.516666666666667,0.3056053038254099,2.797438551358728,0.6735770521966928,-12.140454917779559,-0.4460780362922401
4.525,0.3312197225713732,3.331146530816708,0.5680339779609681,-13.162087041501568,-0.44625154479351214
4.533333333333333,0.3605254686209627,3.647774010444832,0.4551254350855786,-13.851178315058705,-0.44646268607048134
4.541666666666667,0.3908591267631922,3.554771386913354,0.3389974035442192,-13.897473514198918,-0.44669153944217976
4.55,0.4185687361051641,3.036514190680382,0.22538662918036376,-13.277567317649895,-0.4469057099157559
4.558333333333334,0.4407916047572456,2.2741715713072606,0.11873147593168379,-12.286545884070728,-0.44708335241933495
4.566666666666666,0.4563150640352584,1.4519711972437845,0.020813751535310034,-11.216563765227974,-0.4472215768394082
4.575,0.4650914740701312,0.6637841063229932,-0.06838746400306753,-10.206563414427725,-0.44732701800876373
4.583333333333333,0.4675571293462755,-0.06078597867494029,-0.14955862640823142,-9.289967364462987,-0.44740747997617825
4.591666666666667,0.46426231301006954,-0.7193747609372745,-0.22345509852715512,-8.457609378697372,-0.44746918132610264
4.6,0.4557340487711503,-1.3180551698459535,-0.29069552547328775,-7.688901815026661,-0.4475166888612758
4.608333333333333,0.4424401745188659,-1.8643480018474783,-0.3517223722074846,-6.9631126301568,-0.4475533820471348
4.616666666666666,0.4247878312457232,-2.365158603519766,-0.4068171623758362,-6.262554391764551,-0.4475818167253296
4.625,0.4031305223225357,-2.826469221191188,-0.4561285195734374,-5.57298359779205,-0.44760399576950693
4.633333333333333,0.37777498741296245,-3.253577598455224,-0.49969930918687877,-4.883163301809617,-0.44762155422153166
4.641666666666667,0.34898542191789994,-3.6514574940945117,-0.5374891133041658,-4.184234918682595,-0.44763588034644874
4.65,0.31698470391154143,-4.0251054119980125,-0.5693913874213583,-3.4690828965311313,-0.44764819232391234
4.658333333333333,0.2819529223274535,-4.37984003654268,-0.59524542845094,-2.731724950130434,-0.4476595848515773
4.666666666666667,0.2440236076938625,-4.7215556175530295,-0.6148433421526113,-1.9667195099417343,-0.4476710553735699
4.675,0.20327800945199012,-5.056938802112253,-0.6279321105192245,-1.1685822081388484,-0.4476835162756302
4.683333333333334,0.159737708847971,-5.393649544945223,-0.6342108790895035,-0.33122888581882404,-0.44769779656979125
4.691666666666666,0.11335597485170347,-5.740429698612898,-0.6333239741678124,0.5524657010530785,-0.44771463722047644
4.7,0.06400898544917977,-6.106986633624718,-0.6248516938649529,1.4906848746300365,-0.44773483877719567
4.708333333333333,0.011490085561327485,-6.5032900130024585,-0.6083046206571886,2.4916615365567663,-0.44775970473477444
4.716666666666667,-0.04448449262047594,-6.937258571713071,-0.5831360813532559,3.559860433923196,-0.4477913324876551
4.725,-0.1042362040859202,-7.408422695499069,-0.5488114967349313,4.685187624956684,-0.4478327978478967
4.733333333333333,-0.16800048253189678,-7.893186092272098,-0.5050216713743572,5.817802125367337,-0.4478879884823189
4.741666666666666,-0.23563337658401012,-8.31939743865169,-0.45218553186795185,6.824846822219181,-0.44796018796103415
4.75,-0.3061210140073622,-8.552148418013777,-0.3922850968822386,7.467316143523848,-0.4480482660391691
4.758333333333333,-0.3772449384929241,-8.457244189044248,-0.3294164279055708,7.511724720279948,-0.4481425992069923
4.766666666666667,-0.4461441595881001,-8.032570200826825,-0.2687766311532858,6.958245456861527,-0.44822852473089825
4.775,-0.5105829577598063,-7.413885929848378,-0.21443141644108124,6.049464794826459,-0.4482965991518953
4.783333333333333,-0.5695702578993963,-6.74274524605546,-0.16822123741395756,5.039427611138078,-0.44834612535302276
4.791666666666667,-0.6230335933457135,-6.095633171150161,-0.13032221085991838,4.069099040163692,-0.44838084702157444
4.8,-0.6713021348995202,-5.49745189311297,-0.1001490533721504,3.188819733699638,-0.44840497398377727
4.808333333333334,-0.7147964776508154,-4.948960650005144,-0.07690427419967863,2.4056222431662078,-0.4484217977719265
4.816666666666666,-0.7539022784744938,-4.442722158168288,-0.059809159968461326,1.710951883638584,-0.44843361125196457
4.825,-0.7889342374323202,-3.969775579653887,-0.04817701773120321,1.09240206414853,-0.4484419553401273
4.833333333333333,-0.8201347784654707,-3.521921574169133,-0.04142485745855423,0.537838326110094,-0.44844786186786056
4.841666666666667,-0.8476834055024437,-3.092281738983293,-0.0390653167058754,0.03650527280232086,-0.44845202909499987
4.85,-0.8717077455793931,-2.6752551182324846,-0.04069461106141299,-0.42093182164714377,-0.44845494004455894
4.858333333333333,-0.8922933343169829,-2.266298720279983,-0.04598172716790009,-0.8426596386565863,-0.4484569673452348
4.866666666666666,-0.9094913622460526,-1.8616706932986187,-0.05466032615879822,-1.2360713803853505,-0.4484584400931621
4.875,-0.923324341866751,-1.4581928474419545,-0.0665234956333887,-1.60808485103101,-0.44845965557977985
4.883333333333333,-0.9337899033532142,-1.0530378818910575,-0.08142094941457721,-1.9654149236871765,-0.4484608861971884
4.891666666666667,-0.9408628974521831,-0.6435346800070203,-0.09925835781364192,-2.314814599910744,-0.4484623873975866
4.9,-0.9444959236258137,-0.226983686848741,-0.11999860713396318,-2.663299609150161,-0.44846440710982793
4.908333333333333,-0.9446183344220529,0.19952520249879804,-0.1436649150672936,-3.0183713633561777,-0.44846719752650493
4.916666666666667,-0.9411337249356658,0.6392935754554475,-0.17034582396928646,-3.388244621097354,-0.4484710432605808
4.925,-0.9339159168936506,1.0961954793126691,-0.20020211122410195,-3.7820793638776484,-0.4484763293329197
4.933333333333334,-0.9228034951733802,1.5748341209412724,-0.2334755390861356,-4.210175691265155,-0.4484836022377923
4.941666666666666,-0.9075934204860605,2.0805861805904815,-0.270498621144763,-4.683987218973141,-0.44849363981767265
4.95,-0.8880354003020886,2.6193213670654627,-0.31170260863256233,-5.215587581544515,-0.44850755160259315
4.958333333333333,-0.8638316102968855,3.196269213546396,-0.3576159035977721,-5.815683864719087,-0.44852691312856285
4.966666666666667,-0.8346532102306788,3.8128433407929396,-0.4088333293701747,-6.488129351425414,-0.4485539089043104
4.975,-0.800199261529136,4.4591800031476545,-0.4659122625265724,-7.217059032433962,-0.4485913589164955
4.983333333333333,-0.7603446331636147,5.100070284492913,-0.5291152056256907,-7.9425847183337135,-0.44864225125599316
4.991666666666666,-0.7154213768112878,5.6592608913459,-0.597921025631859,-8.533443332956795,-0.4487080803783809
5.0,-0.66655094288633,6.0297562898653645,-0.6704443202634417,-8.80401173453431,-0.4487858980301611
5.008333333333333,-0.6156574661859543,6.140649104508927,-0.7433972170738022,-8.628632410721318,-0.4488669729481036
5.016666666666667,-0.5648504303511881,6.022303604045991,-0.8131344920219682,-8.054170212973286,-0.4489409143416715
5.025,-0.5156464189557349,5.773536815591256,-0.8769844544162905,-7.245152398752146,-0.4490016089677731
5.033333333333333,-0.4687330826254879,5.484325164799962,-0.9336610493370742,-6.352322252017742,-0.4490483350311295
5.041666666666667,-0.4242099079836663,5.205277034431958,-0.9828645210871034,-5.4606716808211475,-0.4490832496746726
5.05,-0.3818936210863665,4.95626168599489,-1.0247719911584288,-4.6040969646289485,-0.44910915365106374
5.058333333333334,-0.3415112010453609,4.740999551705341,-1.0597186901591542,-3.7901139181077377,-0.44912852582325835
5.066666666666666,-0.3027918603982593,4.556301667237595,-1.0880500196980967,-3.015442865712335,-0.449143302765649
5.075,-0.2655035781681497,4.396522723838742,-1.1100669157101448,-2.2734754669023163,-0.4491549235785076
5.083333333333333,-0.2294645853944965,4.2554318113164085,-1.1260130497506056,-1.5573788524737375,-0.4491644295670827
5.091666666666667,-0.19454483866629524,4.126907394356551,-1.1360784852368453,-0.8612145765683106,-0.44917255290176983
5.1,-0.1606640492086283,4.005142995266404,-1.140408663907207,-0.1802219392621333,-0.44917978166422157
5.108333333333333,-0.12778890248233313,3.884667879940577,-1.1391141498764146,0.4892299843868635,-0.44918640738140936
5.116666666666666,-0.09593038147514402,3.760314106483871,-1.1322794405955225,1.149798386488475,-0.449192635392928
5.125,-0.06514145054213197,3.627165328317872,-1.1199701234152462,1.8034104638514752,-0.4491987424332422
5.133333333333333,-0.03551514871042331,3.480514314559185,-1.1022378396256818,2.4515295729753466,-0.4492051052446544
5.141666666666667,-0.007182978970829561,3.315832160265612,-1.0791230364566577,3.0954257836885883,-0.4492122027319403
5.15,0.019686455364417196,3.128738195022295,-1.0506553715727662,3.7364698088793706,-0.4492206206897454
5.158333333333333,0.04488852853715486,2.9149593234066353,-1.0168515459659,4.376457714631245,-0.44923106043959704
5.166666666666667,0.06818323792277077,2.6702642637113714,-0.9777102677488074,5.01797685448913,-0.4492443538704908
5.175,0.08929513748176583,2.39035526724478,-0.9332039445000978,5.664828105893048,-0.44926148890884376
5.183333333333334,0.10791212306691056,2.070697337488898,-0.8832665485051082,6.322526538572684,-0.4492836515831284
5.191666666666666,0.12368246010201904,1.7062637045758917,-0.8277768788930666,6.998911286836454,-0.44931229410446616
5.2,0.13620927783284423,1.291180475863489,-0.7665361629177887,7.70489970710046,-0.44934924360361245
5.208333333333333,0.14504168764378123,0.8182770235365159,-0.6992387046425369,8.455398941914659,-0.44939687458798094
5.216666666666667,0.14966203043953422,0.27863678944020476,-0.6254345667210301,9.270267102445526,-0.44945838092051427
5.225,0.14947053600905869,-0.3384629159569777,-0.5444856722479104,10.174763185144943,-0.44953819843498566
5.233333333333333,0.14377509846020786,-1.043896749966935,-0.45552650645297876,11.197407004998691,-0.44964267695215876
5.241666666666666,0.1318143700279475,-1.841273584136128,-0.3574737150293101,12.358592265135172,-0.44978103132401764
5.25,0.11290060642575735,-2.7030221565026653,-0.24922631468508927,13.631792730634029,-0.4499656460974532
5.258333333333333,0.08689124584733726,-3.5133553134964077,-0.13040951713275775,14.847995353128379,-0.4502084014158757
5.266666666666667,0.055208376067514255,-4.011019297873504,-0.00305469919432025,15.594724992696495,-0.4505062644052257
5.275,0.02168323616784603,-3.930825599370249,0.1269449682086828,15.442500578920683,-0.4508227829500463
5.283333333333333,-0.008836529111362979,-3.3310335370591875,0.2520450979862609,14.486012368895967,-0.4511055178786338
5.291666666666667,-0.0332352049330873,-2.511236840802194,0.36750668099531714,13.20799917525228,-0.4513288432131753
5.3,-0.05070048826076023,-1.6901282442805985,0.47225336947283686,11.948859833165956,-0.45149670192133334
5.308333333333334,-0.06163210775113164,-0.9490624821941928,0.5670300168320926,10.821698909523642,-0.4516221954531267
5.316666666666666,-0.06678051037729384,-0.30183317201316806,0.6529999639152753,9.83228942073202,-0.4517169767571159
5.325,-0.0669026425795778,0.25909281248940136,0.7312151568119883,8.95576522438927,-0.45178938999634644
5.333333333333333,-0.06266992317473351,0.7452266604740265,0.8024986030206115,8.164328156402211,-0.45184514918021096
5.341666666666667,-0.05466058272050766,1.1670749994382064,0.8674582428276837,7.434616877955771,-0.45188825380046516
5.35,-0.04337320070229901,1.533237061773747,0.9265299222221558,6.748633900485034,-0.45192159314892166
5.358333333333333,-0.029241968527695977,1.8506373612150602,0.9800194627329919,6.093007450544194,-0.4519473209663674
5.366666666666666,-0.01264878250921902,2.1249773300729915,1.0281370860895678,5.458007060716711,-0.45196709487370157
5.375,0.006068330302781008,2.3611445222549285,1.0710240285915675,4.836676704791382,-0.451982228415185
5.383333333333333,0.02660979678695531,2.5635239357919266,1.1087726465950518,4.2241383603403895,-0.4519937876513914
5.391666666666667,0.04871127673679664,2.7362159625051494,1.1414413477981475,3.617040604733741,-0.4520026525426816
5.4,0.07214193369671369,2.8831799123683903,1.1690654060574743,3.0131164739400043,-0.45200955587877445
5.408333333333333,0.09670366172103716,3.0083230724154246,1.191664442311453,2.4108213260981928,-0.4520151079070167
5.416666666666667,0.12223088920081643,3.115552812226771,1.2092471459532543,1.8090298123430555,-0.45201981194822527
5.425,0.14859071434821905,3.2088062517797815,1.2218136652252984,1.2067774586504991,-0.452024074431057
5.433333333333334,0.17568323592162455,3.292069175791235,1.2293559928068634,0.6030364268092864,-0.4520282114955152
5.441666666666666,0.20344202912246875,3.3693932579417725,1.2318565965211814,-0.003482624805372758,-0.4520324533699818
5.45,0.2318347779573279,3.444916405074329,1.2292854980154584,-0.6145025994644907,-0.4520369554306862
5.458333333333333,0.26086408669575917,3.5228868595322442,1.221596067441943,-1.2323223205647431,-0.4520418919878177
5.466666666666667,0.2905685538553442,3.607701601380857,1.2087195512035465,-1.8599777738829888,-0.45204755528029994
5.475,0.3210241560218251,3.703937964669763,1.19055838865022,-2.5013615068918935,-0.4520543810307368
5.483333333333333,0.35234577856595917,3.816350786707375,1.1669788267091314,-3.161263890444231,-0.4520629758780407
5.491666666666666,0.38468836861169536,3.949767977684015,1.1378038257921297,-3.8452355768518856,-0.4520741581919844
5.5,0.4182463037969325,4.108729729747092,1.1028086477451293,-4.559020809922841,-0.45208901467820817
5.508333333333333,0.4532476122771342,4.296534501952093,1.0617247271247912,-5.307004358547382,-0.45210896886057117
5.516666666666667,0.4899355481278146,4.513002794497527,1.01426431863157,-6.08851603453266,-0.45213583618991743
5.525,0.5285221484765421,4.749743542740522,0.9601917133434438,-6.889930976793446,-0.45217178156928534
5.533333333333333,0.5690869999412355,4.981601460297934,0.899486297071958,-7.670284085258285,-0.4522189658135314
5.541666666666667,0.6113921981211622,5.15600694580053,0.8326471179492263,-8.343217544997634,-0.4522785073793092
5.55,0.6546388277855305,5.193102625094957,0.7610973746770977,-8.777002257661588,-0.45234861354341377
5.558333333333334,0.6973532522898518,5.019932635760671,0.6873710497080424,-8.852182352501591,-0.4524231869403127
5.566666666666666,0.7376880799529943,4.627710174181592,0.614599717866326,-8.558160642519194,-0.452493637682322
5.575,0.7740532085334315,4.081809360948208,0.5454461533866158,-8.009078962194469,-0.45255343959737265
5.583333333333333,0.8055328310751844,3.468128950953935,0.4814104264977841,-7.35184575113562,-0.4526005670186973
5.591666666666667,0.8318387991142023,2.8473847990621977,0.4229265957197177,-6.688668284644535,-0.45263625061464474
5.6,0.8530530661725234,2.248963850469418,0.3698131402336639,-6.0673788953185905,-0.45266284985635374
5.608333333333333,0.8694104954844539,1.6822746210718014,0.32164874636755864,-5.5013321066506435,-0.4526826359689182
5.616666666666666,0.8811791969422764,1.1472375822044498,0.2779786360929744,-4.98752849737876,-0.4526974118539194
5.625,0.8886089209229254,0.6401842357613275,0.23840362066512788,-4.516756471891626,-0.45270850485741926
5.633333333333333,0.8919139531835433,0.15654513026584316,0.2026098668778141,-4.078214676733409,-0.4527168632685831
5.641666666666667,0.8912707051398231,-0.30810628543162616,0.17037329045181066,-3.6613324778204186,-0.4527231577956836
5.65,0.8868205039770068,-0.7577467273776108,0.14155469545359156,-3.2563464642991584,-0.45272788453344703
5.658333333333333,0.8786734345693278,-1.195913876888259,0.11609259569357466,-2.8543561114774025,-0.4527314653705037
5.666666666666667,0.8669114853719784,-1.6258401041457253,0.09399653555987998,-2.4471839974542067,-0.4527342892360479
5.675,0.8515903761464301,-2.050628901778549,0.07534189289408534,-2.027170514552027,-0.4527367340935734
5.683333333333334,0.8327398284214964,-2.473449803924354,0.06026651550267156,-1.586942532031689,-0.45273918397348967
5.691666666666666,0.810362165699397,-2.8977438011842533,0.04896935394001161,-1.1191659643128773,-0.45274204261517337
5.7,0.7844291652871835,-3.3274371543769337,0.041711221317806614,-0.6162830098425519,-0.45274574466434847
5.708333333333333,0.7548771117424913,-3.7671570828646024,0.03881777999798489,-0.07024406891578258,-0.45275076475579107
5.716666666666667,0.7216001286958871,-4.222420619649715,0.040684633439668515,0.527712878161613,-0.45275762850026635
5.725,0.6844423387745728,-4.699705660721187,0.04778350945682024,1.1870666682166744,-0.45276699910592894
5.733333333333333,0.6431905412595432,-5.20620165673202,0.06066657249892594,1.9174674319612848,-0.45277984990457876
5.741666666666666,0.5975721050300125,-5.7486636425972435,0.07996069696620098,2.726618722426711,-0.4527976272161932
5.75,0.5472703333428811,-6.330053566368319,0.10633027049018005,3.6143068595381815,-0.4528224324657836
5.758333333333333,0.491985616381879,-6.941350477215753,0.14035945507561692,4.558084825352267,-0.45285711905735104
5.766666666666667,0.43159677129930213,-7.545337448355287,0.18226034852426146,5.485220724381943,-0.4529049130195214
5.775,0.3664825510172308,-8.056730437351435,0.23130568733137888,6.23878990981618,-0.45296773924620914
5.783333333333333,0.2979249381032092,-8.350808261124401,0.28512765404883633,6.5940336799973815,-0.45304294309142057
5.791666666666667,0.22815568463204972,-8.342470073453507,0.339650376730983,6.397578983425002,-0.4531215648799414
5.8,0.15963008346821653,-8.068399260668496,0.3903800499318273,5.711782259209448,-0.4531929144013833
5.808333333333334,0.09409090843872303,-7.6463846647901414,0.4340687947328694,4.744539041685338,-0.4532512215624249
5.816666666666666,0.03231024897289112,-7.179376746791326,0.4691985140285892,3.681599587370475,-0.4532964685806905
5.825,-0.025593018423542186,-6.721130512035606,0.49545264641986825,2.625197935092698,-0.4533312759738243
5.833333333333333,-0.07978407265992518,-6.289507716248722,0.51308518556671,1.615852873089774,-0.45335849168533654
5.841666666666667,-0.13049347369417189,-5.884799897065595,0.5225428578268667,0.6635011229337925,-0.45338032118703847
5.85,-0.17792097648825742,-5.500526945957704,0.5242959858177196,-0.23407796755675345,-0.45339823403419
5.858333333333333,-0.22220252026016282,-5.128356897753227,0.5187770036188943,-1.0829082641800287,-0.4534131567799812
5.866666666666666,-0.2634042430008494,-4.7600470726743795,0.5063644699459819,-1.8896230011553596,-0.4534259068804904
5.875,-0.3015263768668729,-4.38807199506958,0.48738254487589383,-2.6605945734468035,-0.4534373797403004
5.883333333333333,-0.3365099586606502,-4.005748119996953,0.4621035733249239,-3.4019232651394082,-0.4534485445919774
5.891666666666667,-0.3682435803144566,-3.607148234436553,0.43074908490853564,-4.119775559246009,-0.4534604461948223
5.9,-0.39656899472482604,-3.186923802166338,0.3934873490921445,-4.8208497179283265,-0.4534742187334191
5.908333333333333,-0.4212850230945613,-2.7400793508179744,0.3504268583142302,-5.512878376703215,-0.45349111431986
5.916666666666667,-0.442149460989472,-2.2617217861787524,0.30160562048731476,-6.20512531247614,-0.453512551344558
5.925,-0.4588789114941326,-1.7468235929893043,0.2469765116206261,-6.90882020551167,-0.45354019052651295
5.933333333333334,-0.471147031144937,-1.1901064728512971,0.18638973568708456,-7.637376867971676,-0.45357604861644674
5.941666666666666,-0.47858319653527814,-0.5863317956636843,0.11957572842341223,-8.405953239493034,-0.4536226583832147
5.95,-0.4807775694829488,0.06827163324302674,0.04613814201537509,-9.229172564884571,-0.4536832673927867
5.958333333333333,-0.477308307492498,0.7717017209642807,-0.03441736355850945,-10.114103194412662,-0.4537620186201609
5.966666666666667,-0.4678281232809005,1.5055138350154575,-0.12255648132852116,-11.042520765325472,-0.45386395046006117
5.975,-0.45228072754042575,2.2140382767696476,-0.21837119532069935,-11.935618329188694,-0.4539938437376208
5.983333333333333,-0.4313119286171791,2.782578113205905,-0.32089863881734215,-12.615381379835151,-0.45415227764361804
5.991666666666666,-0.4067103127487103,3.063834336306188,-0.42736432436953997,-12.844860522118973,-0.4543294850261535
6.0,-0.3812459676437246,2.991875588644167,-0.5334005381179205,-12.515711603321256,-0.4545049826364781
6.008333333333333,-0.35759140967732883,2.653479198409514,-0.6347864503082289,-11.767434398497198,-0.4546592359713063
6.016666666666667,-0.3373428110367073,2.1974782511998066,-0.7290299363395755,-10.837963921365054,-0.45478409533324377
6.025,-0.32099077150970773,1.7308146827597513,-0.8153869851597344,-9.893582695310876,-0.4548810885469408
6.033333333333333,-0.3083841180216192,1.3032958611051835,-0.8940873178901084,-9.006626793330316,-0.4549553540324158
6.041666666666667,-0.29911544454328565,0.9306651780318607,-0.9657092442784927,-8.195252289594912,-0.4550120918805534
6.05,-0.29271769589867924,0.613801695589235,-1.0308740132025338,-7.455386378964743,-0.45505549886472635
6.058333333333334,-0.2887425471486025,0.3483371380668124,-1.0901344246502285,-6.776261990046285,-0.4550887320567325
6.066666666666666,-0.2867850418621475,0.12861312311750503,-1.1439487444226917,-6.1465209812237145,-0.4551141304490479
6.075,-0.2864873432469514,-0.05089691674949913,-1.192685780403943,-5.556204199631207,-0.45513344003235795
6.083333333333333,-0.28753552041131003,-0.19517802256007638,-1.2366388587434936,-4.997159540398604,-0.4551479866873963
6.091666666666667,-0.2896547355021653,-0.3086354894686354,-1.2760405094022946,-4.462906342112705,-0.45515879847847357
6.1,-0.2926047093322261,-0.39517482308516205,-1.3110752506902927,-3.948352720670194,-0.4551666872650208
6.108333333333333,-0.2961759818127847,-0.45830379260316273,-1.341889944672742,-3.4495076270148846,-0.4551723036584628
6.116666666666666,-0.30018699434667323,-0.5012250056941986,-1.3686018953428503,-2.963230160564738,-0.45517617498216884
6.125,-0.30448187156283285,-0.52691079595726,-1.3913050451309033,-2.4870237351995788,-0.45517873165880623
6.133333333333333,-0.3089287535191117,-0.5381608487390026,-1.4100746302222928,-2.018870936391153,-0.45518032568023964
6.141666666666667,-0.31341854670418057,-0.5376456787369326,-1.4249706045508297,-1.5571019093920737,-0.45518124362329393
6.15,-0.317863990727492,-0.5279394863643283,-1.436040081719862,-1.1002891497251772,-0.455181715867874
6.158333333333333,-0.3221989657261664,-0.5115455555069532,-1.443318988128841,-0.6471624412027467,-0.4551819231282331
6.166666666666667,-0.3263779895978903,-0.4909168033477629,-1.4468330724379268,-0.1965386222560076,-0.4551820010343334
6.175,-0.3303758735787523,-0.4684734613797377,-1.4465983761350651,0.2527378201722295,-0.45518204356821523
6.183333333333334,-0.3341875132341146,-0.446617845544167,-1.4426212684578854,0.7018391754645457,-0.45518212295319077
6.191666666666666,-0.3378278058565561,-0.42775139943545093,-1.4348981064108552,1.1520068662202698,-0.4551823378248017
6.2,-0.3413317261928189,-0.4142945409891745,-1.4234144025887487,1.6046112214772834,-0.4551828280346159
6.208333333333333,-0.3447545701958603,-0.4087077509064084,-1.40814351894587,2.0612080209253136,-0.45518377745482547
6.216666666666667,-0.34817239035107095,-0.41351671750002905,-1.3890448594423561,2.523603052777196,-0.45518541846099786
6.225,-0.3516826621171419,-0.4313428679412263,-1.3660614770213175,2.9939287546799505,-0.45518803879857905
6.233333333333333,-0.3554052312442191,-0.4649403984983952,-1.3391169785500932,3.4747366430978723,-0.4551919916933915
6.241666666666666,-0.3594835985847955,-0.5172401926292551,-1.3081115832469072,3.9691083710756514,-0.45519771046340046
6.25,-0.36408659484478534,-0.5913988935130055,-1.2729171764115164,4.480785351106116,-0.4552057294582115
6.258333333333333,-0.36941046410734735,-0.6908460018736237,-1.233371228569715,5.0143089855905965,-0.4552167139424742
6.266666666666667,-0.37568126941435026,-0.8193089881892199,-1.189269586514526,5.575143847336375,-0.4552315025471123
6.275,-0.3831572596455008,-0.9807665786478694,-1.1403585418020352,6.169709025335983,-0.4552511669165422
6.283333333333333,-0.3921301770414841,-1.1792126125939717,-1.0863276000414426,6.8051330561500425,-0.45527709322594073
6.291666666666667,-0.4029229593111667,-1.4179626563300307,-1.026806811447201,7.488299374543798,-0.45531108616619487
6.3,-0.41587789604538855,-1.6979200150715046,-0.961378084486784,8.22321737087543,-0.4553554784850036
6.308333333333334,-0.4313222327285548,-2.013642748309149,-0.8896217253046362,9.004763768677188,-0.4554131740269168
6.316666666666666,-0.4494856870106865,-2.345419739181933,-0.8112408690710026,9.805687765955378,-0.4554874102964921
6.325,-0.47033147348619875,-2.6466892546948015,-0.726329637123259,10.555464352612388,-0.4555807650371075
6.333333333333333,-0.4932849070092819,-2.834763013341008,-0.6358165930926093,11.123853306367101,-0.4556928368012815
6.341666666666667,-0.5169841421768279,-2.8108852774782855,-0.5418829386919117,11.352615043059778,-0.45581728974286356
6.35,-0.5393946602725077,-2.5248282079230844,-0.4477887567125733,11.161614650638839,-0.4559419623129804
6.358333333333333,-0.5584534749606376,-2.0206416762848565,-0.3568271259663115,10.623994993931856,-0.456054616872472
6.366666666666666,-0.5727392303607823,-1.395951820121428,-0.27124265635356765,9.897713159291543,-0.456148818320342
6.375,-0.5816220338288908,-0.7348830773031452,-0.19201653682927217,9.114671364934468,-0.45622413671716255
6.383333333333333,-0.5850205434303516,-0.08486294507427722,-0.1192923327627418,8.344188879370657,-0.4562831055692138
6.391666666666667,-0.5831231041090791,0.534408948931288,-0.05284483515146764,7.609657505253716,-0.4563288388034219
6.4,-0.5762140460555862,1.1177580317787132,0.007636611821753958,6.911325403243198,-0.4563641218406734
6.408333333333333,-0.5645907464407642,1.666275960424256,0.06241995287128494,6.240295515770329,-0.45639128204516577
6.416666666666667,-0.548530133819227,2.1833661812005944,0.11168565104049737,5.58515901892003,-0.45641222888730465
6.425,-0.5282772025101732,2.673140025903599,0.15551877731462102,4.934683177640045,-0.45642855020294704
6.433333333333334,-0.5040417254103031,3.1399050518332934,0.19391494156611638,4.278693089969136,-0.45644160730084304
6.441666666666666,-0.4759970142560045,3.5881165915181557,0.22678991868329376,3.6081885899565327,-0.45645261001464643
6.45,-0.4442782188818661,4.022506029971805,0.25398877558849914,2.9151560063609745,-0.4564626706364409
6.458333333333333,-0.40897930705952884,4.4482539734125055,0.27529291601172284,2.192280303390229,-0.45647284009240374
6.466666666666667,-0.3701486871127491,4.871130895323879,0.2904247442039126,1.4326813659628046,-0.45648412963567
6.475,-0.3277840809780648,5.2975175697833405,0.29905072696927987,0.6298267546814238,-0.4564975194928209
6.483333333333333,-0.28182826980822495,5.73413430458749,0.30078543060671953,-0.22207418727843956,-0.4565139526931633
6.491666666666666,-0.23216955880604545,6.187081274988009,0.29520308509609205,-1.1264821597223285,-0.4565343696204191
6.5,-0.17865579337919452,6.65936686559301,0.2818720320718997,-2.080326636807268,-0.45656003436243553
6.508333333333333,-0.12114019032355909,7.1454089291736755,0.26044332709289353,-3.0646329030849806,-0.45659275427967394
6.516666666666667,-0.05959290093232783,7.620499118112955,0.23085148033510638,-4.026562044044873,-0.4566346775031549
6.5249999999999995,0.0056804882007077525,8.026673710546326,0.19369655816203546,-4.855634674096312,-0.4566873659028119
6.533333333333333,0.07373475300269466,8.270749661851447,0.1507659659736391,-5.381785113451519,-0.45674981480988647
6.541666666666667,0.1428254236495213,8.265373503515749,0.10529025439473222,-5.448654241191799,-0.456816666539107
6.55,0.21076005876873755,8.000215080815352,0.06129609192005388,-5.038740184158975,-0.45687980636549064
6.558333333333334,0.2756547655663623,7.552911887048518,0.022249277985792702,-4.292256085947711,-0.4569331098605423
6.566666666666666,0.3364146015844646,7.022493267029696,-0.00981421979014957,-3.3897571609666404,-0.45697492442138143
6.575,0.39265670762645455,6.47654318497131,-0.034172231898707994,-2.4582326768977625,-0.45700665730288537
6.583333333333333,0.4444026141866215,5.946292299634161,-0.050883847934694484,-1.5610762422403022,-0.45703060547758434
6.591666666666667,0.4918307225485202,5.440611785341014,-0.06035230204772779,-0.7216830351213808,-0.4570488199403081
6.6,0.535143938086279,4.958024516184551,-0.06308425362640456,0.055904494014849405,-0.4570628129817964
6.608333333333333,0.5745140399903439,4.493263793010228,-0.05958156426978339,0.7756101584612928,-0.4570736239989744
6.616666666666666,0.6100642046595994,4.0402286530282465,-0.050299657962492,1.444130515699672,-0.45708208761187347
6.625,0.6418675497819974,3.5931071267109416,-0.035634156376203666,2.0689367824954177,-0.45708899927109753
6.633333333333333,0.6699512798817775,3.1467111255219247,-0.015917703134152417,2.657627027177407,-0.4570951217817762
6.641666666666667,0.6943020215894979,2.6964745447781695,0.008580535048039089,3.217850370726052,-0.45710119123503906
6.6499999999999995,0.7148704903073636,2.2383166392389477,0.03765581725905735,3.757452322784528,-0.45710793063089245
6.658333333333333,0.7315748003204627,1.768463662716453,0.07117031240365156,4.284679916590132,-0.4571160701899011
6.666666666666667,0.7443023025505858,1.2832818812450177,0.10905723146231333,4.808359484878943,-0.4571263749880984
6.675,0.7529102666121802,0.77917912188099,0.1513260327514497,5.33795773676197,-0.45713968129226396
6.683333333333334,0.7572263616322292,0.25267922174904944,0.19806711976353297,5.883359543526851,-0.45715694257948875
6.691666666666666,0.7570511786475548,-0.29911063663485743,0.24945235552414385,6.453999872294509,-0.4571792835646713
6.7,0.7521677672930372,-0.8771787148726051,0.30572316704471775,7.056575379618724,-0.45720808254441675
6.708333333333333,0.7423684650808937,-1.477608123347421,0.36714897086534626,7.689909799476843,-0.4572450809109146
6.716666666666667,0.7275177493544439,-2.085741860632451,0.4339238954798339,8.334940692980098,-0.4572922822829224
6.725,0.7076770964606167,-2.667389610831491,0.5059565407702593,8.939453730580485,-0.45735139536177816
6.733333333333333,0.6832994009913198,-3.162726730579072,0.5825370218318114,9.406918518127263,-0.45742252992004045
6.741666666666666,0.6554092619584355,-3.4990812468454906,0.6620191431270791,9.616924249508362,-0.4575024549698009
6.75,0.6255520766530134,-3.6323877463596737,0.7418845724343426,9.494471046602122,-0.4575842503247053
6.758333333333333,0.5953834214713164,-3.582353402359472,0.8194126891843795,9.069655599743049,-0.4576600311770889
6.766666666666667,0.5661707824456143,-3.4153938490585407,0.8925041728139207,8.449828459187112,-0.4577246036035213
6.7749999999999995,0.5385935051930162,-3.1995741909108806,0.960010127354576,7.744664713772927,-0.4577765404768027
6.783333333333333,0.5128523123774851,-2.980188861112265,1.0215477297118503,7.025931453812308,-0.4578168860009967
6.791666666666667,0.4888687282445359,-2.7801286774137624,1.0771706263253396,6.328650092178664,-0.45784760359719495
6.8,0.4664382312497527,-2.608134982253223,1.1271199876412017,5.665126325419392,-0.4578706960054787
6.808333333333334,0.44531753345426617,-2.4656594031556365,1.1716864463090169,5.036395538064804,-0.4578878830816459
6.816666666666666,0.42526692865226773,-2.350857134021744,1.2111464542885286,4.438775974123321,-0.45790054865914653
6.825,0.4060684105565724,-2.2605854341398155,1.2457380539017755,3.8670796445081868,-0.45790978131507976
6.833333333333333,0.3875321649356886,-2.191316814654365,1.275655098244432,3.3160345845576424,-0.45791643422099787
6.841666666666667,0.3694979457972106,-2.139519297765502,1.3010492813386192,2.780846137484581,-0.4579211787221393
6.85,0.3518344475724403,-2.10178949447108,1.3220350047132976,2.2573693090143245,-0.45792454578724523
6.858333333333333,0.3344380857050214,-2.0748768395920294,1.3386948902478006,1.7421159024645134,-0.4579269559576134
6.866666666666666,0.317231788282048,-2.0556637856393407,1.351085041630155,1.2321978173016097,-0.4579287400330883
6.875,0.3001640260863946,-2.0411315691466574,1.3592397306917001,0.7252501465046305,-0.4579301527413279
6.883333333333333,0.28320813925249194,-2.0283246172341416,1.3631754229141415,0.21935099807706948,-0.4579313812350479
6.891666666666667,0.26636194590317724,-2.0143190835718396,1.3628941409199389,-0.287056477291225,-0.4579325503247448
6.8999999999999995,0.24964758142017995,-1.9961993959288447,1.358386222386402,-0.795230175388014,-0.45793375068187503
6.908333333333333,0.23311151524242674,-1.9710373426632688,1.3496324944298537,-1.3062115356602717,-0.45793510804489196
6.916666666666667,0.21682473573209773,-1.9358742235796331,1.3366056683071124,-1.8209223653335687,-0.45793680518108454
6.925,0.200883060551627,-1.8877075444158071,1.3192709364348092,-2.340262884665277,-0.45793908621449164
6.933333333333334,0.18540755804331616,-1.8234770589063412,1.297585689315007,-2.8652260689289077,-0.4579422622740686
6.941666666666666,0.17054510125108568,-1.7400461359195665,1.27149819046238,-3.3970344294188033,-0.4579467191930232
6.95,0.15646911433799413,-1.634173226385954,1.2409449944876172,-3.9373061536194314,-0.45795292824794304
6.958333333333333,0.143380620912217,-1.5024666716515838,1.2058468288852306,-4.4882593237414605,-0.45796146151923856
6.966666666666667,0.13150976721416846,-1.3413143673114698,1.166102576908035,-5.052965606684812,-0.45797301431318044
6.975,0.12111807086388092,-1.1467781785072453,1.1215808899778585,-5.6356682493362795,-0.457988438370285
6.983333333333333,0.1125017335540049,-0.9144425134831969,1.0721088205840943,-6.242182272349741,-0.45800879155889707
6.991666666666666,0.10599643371389882,-0.6392101872239999,1.0174567182870913,-6.880393080988038,-0.4580354128260995
7.0,0.10198401673808544,-0.31505561637460305,0.9573185586853321,-7.560849518375618,-0.45807003589543877
7.008333333333333,0.10090122735712112,0.06519883551827775,0.891287173642561,-8.297367477824238,-0.4581149619278818
7.016666666666667,0.10324950018980819,0.509847883049764,0.8188254371529351,-9.107298174391486,-0.458173323878889
7.0249999999999995,0.10960118124648659,1.0272916211835121,0.7392400440779027,-10.010332507474867,-0.45824950750035653
7.033333333333333,0.12058699754975276,1.6220174983214461,0.6516815456857745,-11.022520444813555,-0.4583496956974148
7.041666666666667,0.13682108085149705,2.2823690521551017,0.5552416543252872,-12.136764502586168,-0.45848221005111633
7.05,0.15865693616422738,2.9504404059092724,0.4493261814563032,-13.273039894151145,-0.4586563512784916
7.058333333333334,0.18560680055771295,3.4750618707412437,0.33459371292603274,-14.198110782665733,-0.4588763685279494
7.066666666666666,0.2155225273593306,3.6246286194345023,0.21432374873202184,-14.541238725833377,-0.45912881393581717
7.075,0.24461634490902895,3.280686298043391,0.09443667319522903,-14.11113461413369,-0.4593786558697386
7.083333333333333,0.2692218329471178,2.586868280776687,-0.01935418282629611,-13.142057239815747,-0.45959281730088686
7.091666666666667,0.28740602809785676,1.7721929563672738,-0.12413646385631688,-12.000265876495336,-0.45976090894399163
7.1,0.298815269568214,0.9749604391477624,-0.21947784350157762,-10.89640713058667,-0.45988857665154315
7.108333333333333,0.3038446615108305,0.24460651543766287,-0.3060321373494678,-9.89456634993226,-0.4599852019927945
7.116666666666666,0.3031013042860708,-0.4108008412662346,-0.3846687442249003,-8.993523576134104,-0.46005873491711463
7.125,0.2971910181961168,-0.9967836779235473,-0.4561475811639847,-8.17287843440934,-0.4601149866166722
7.133333333333333,0.28665778777695977,-1.5217060684771706,-0.521044469031478,-7.410342353527495,-0.4601581625574151
7.141666666666667,0.27197680644807787,-1.9934679202920291,-0.5797611438169973,-6.686770920755407,-0.4601913589107944
7.1499999999999995,0.2535620980288981,-2.4188373538849044,-0.6325564013469561,-5.986988578538165,-0.460216920576515
7.158333333333333,0.23177558181728908,-2.803602342000412,-0.6795778036821449,-5.29936734343998,-0.46023668621542063
7.166666666666667,0.20693385222139707,-3.152911769546999,-0.720888402493373,-4.615134631637069,-0.46025214795544345
7.175,0.17931209029248427,-3.4716065132365657,-0.7564876542306195,-3.9276921586634765,-0.46026455292887514
7.183333333333334,0.14914545987219052,-3.764489233921552,-0.7863269411226876,-3.232004283064242,-0.4602749663046898
7.191666666666666,0.11662852525962862,-4.036530924627607,-0.8103202717589094,-2.5240499711211557,-0.46028430904216033
7.2,0.08191316718651843,-4.293027419553619,-0.8283506167500354,-1.8003203383419755,-0.46029337911272383
7.208333333333333,0.04510534780214639,-4.5397215650506775,-0.8402721965877101,-1.0573481577420873,-0.4603028618517493
7.216666666666667,0.006260958916279973,-4.782902123483654,-0.8459089713067293,-0.29126809324790404,-0.46031333274814457
7.225,-0.03461905332715799,-5.029475332301583,-0.8450496661574536,0.5025654841575153,-0.4603252566962038
7.233333333333333,-0.07759389062230945,-5.286958532349117,-0.8374402321845975,1.329785050120291,-0.4603390985037026
7.241666666666666,-0.12278741504828092,-5.5632967851616355,-0.8227757764978969,2.1968984189648224,-0.46035562318846357
7.25,-0.17038941597752155,-5.866180316395714,-0.8006964450204964,3.1102912224712895,-0.4603760642273341
7.258333333333333,-0.2206466238364867,-6.201082787709502,-0.7707996538081213,4.072992052106028,-0.46040225574269455
7.266666666666667,-0.2738267397124179,-6.566368205049148,-0.7326975715964076,5.076404013030809,-0.4604367249666442
7.2749999999999995,-0.3301199163657127,-6.942647890619175,-0.6861807023486572,6.082221402464375,-0.4604825203186429
7.283333333333333,-0.3894205621743632,-7.275051073408179,-0.6315847967267794,6.99233538219906,-0.4605422070237848
7.291666666666667,-0.45096722927206645,-7.461453849601839,-0.5703974184759444,7.629262917036903,-0.46061531525639143
7.3,-0.5130498014674876,-7.388699756382702,-0.5057421496765002,7.799306573303972,-0.4606953106822044
7.308333333333334,-0.5732964683501443,-7.02688428939085,-0.4418596600119165,7.4551102235381475,-0.4607709024639791
7.316666666666666,-0.6296035988316643,-6.464126851968448,-0.38248529442462864,6.754436781810451,-0.460833053049426
7.325,-0.6808181743610571,-5.8227065735856005,-0.32966567084387655,5.913987121419968,-0.460879348114279
7.333333333333333,-0.7266603918629607,-5.183853475999544,-0.28389631835517515,5.0787808892162065,-0.46091196695940984
7.341666666666667,-0.7673206413644623,-4.581911899221809,-0.24482548414869132,4.311844401636177,-0.46093432449806776
7.35,-0.8031502473945656,-4.0245130742520905,-0.21179682204962602,3.629052954998167,-0.46094942163745956
7.358333333333333,-0.8345104141344813,-3.5082611304841484,-0.18411836352636993,3.0263204916934097,-0.4609594894562998
7.366666666666666,-0.8617169429247394,-3.0264526565373795,-0.16116511211459736,2.4930582049644414,-0.4609660945603531
7.375,-0.8850276397495412,-2.572158426205293,-0.1424068607127298,2.017619107968297,-0.4609703219865733
7.383333333333333,-0.9046455147940711,-2.1392330256849923,-0.12740777292479888,1.5891498698945923,-0.4609729268414786
7.391666666666667,-0.9207264404032026,-1.7225072963563834,-0.11581742269108024,1.1980175047739203,-0.4609744409602266
7.3999999999999995,-0.9333869893161955,-1.317691973250577,-0.10736078244324518,0.8357268812135287,-0.4609752438200822
7.408333333333333,-0.9427110413808761,-0.9211981417957671,-0.10182966955950114,0.4946877033708438,-0.4609756087270371
7.416666666666667,-0.9487548266833065,-0.5299479751359147,-0.09907626997397266,0.16796052844470616,-0.46097573258504065
7.425,-0.9515504350525699,-0.14119734823394325,-0.09900871392345932,-0.15097900547627796,-0.46097575481534686
7.433333333333334,-0.9511079117547758,0.24762607312149,-0.10158850408144689,-0.46844844514341305,-0.4609757742828096
7.441666666666666,-0.9474160541153602,0.6390747446665703,-0.10682960563823642,-0.7907546333057254,-0.4609758859310005
7.45,-0.9404419332621691,1.0358370628410682,-0.11479919852854688,-1.124396281809997,-0.4609762229175109
7.458333333333333,-0.9301290930962713,1.4408984819886863,-0.12562013675637493,-1.4762721691718153,-0.4609769747778815
7.466666666666667,-0.9163943760649911,1.8577111203841632,-0.1394752019158433,-1.8539050234913848,-0.46097840540582624
7.475,-0.8991232939028719,2.2903720472006617,-0.15661328937280233,-2.265678989900512,-0.4609808811436182
7.483333333333333,-0.8781639366726635,2.743789692041145,-0.1773575211222933,-2.7210537231770964,-0.46098491400876757
7.491666666666666,-0.8533197547192679,3.2237696748755167,-0.20211467551906265,-3.2306344179429822,-0.4609912275281713
7.5,-0.8243425480769727,3.7368308804496047,-0.23138357806778664,-3.805768585632013,-0.4610008549610429
7.508333333333333,-0.790929612998393,4.2892725412399955,-0.2657555612574255,-4.45683989546453,-0.4610152778693176
7.516666666666667,-0.7527353484355035,4.884368028190374,-0.3058891218756683,-5.188318188976044,-0.46103659245844125
7.5249999999999995,-0.7094215056128524,5.515402191665374,-0.35241696600282746,-5.98663068767874,-0.46106760803641844
7.533333333333333,-0.660793697379547,6.151527990560371,-0.40570327580681814,-6.795651142879682,-0.4611115439978293
7.541666666666667,-0.607082249648889,6.718961123350314,-0.4653511687322485,-7.484187272493182,-0.4611705927611629
7.55,-0.5493214400896191,7.103257528978329,-0.5295403313932512,-7.849988103925654,-0.4612428954468595
7.558333333333334,-0.4894661183051805,7.213951557317707,-0.5948198987591384,-7.731761484739776,-0.46132038356512156
7.566666666666666,-0.4298124136723531,7.067410471902356,-0.6571088414228967,-7.153263810953628,-0.46139225687791996
7.575,-0.37210300648639216,6.766765138267449,-0.7132512957541907,-6.289949994936713,-0.4614516366884233
7.583333333333333,-0.31717458191925424,6.413496122111626,-0.761644361155523,-5.316946171514413,-0.46149748016503445
7.591666666666667,-0.26519279092967296,6.065723364459321,-0.8018527116255691,-4.3367480043741224,-0.4615319937261662
7.6,-0.2160001011919655,5.745827274098009,-0.8340240351281456,-3.391750618546169,-0.46155809002289305
7.608333333333333,-0.1693410549747456,5.457351678638299,-0.8585112125881681,-2.492919576049136,-0.46157828196810013
7.616666666666666,-0.1249688759418698,5.195929085280559,-0.8756959346866666,-1.6383396751699941,-0.46159444280908946
7.625,-0.08268663470368562,4.954511105340023,-0.8859232677080077,-0.8220553393359865,-0.46160786725122305
7.633333333333333,-0.04235915642113451,4.725536987583777,-0.8894853803470492,-0.03766908416236354,-0.4616193902422762
7.641666666666667,-0.00391337356258151,4.5017338699678,-0.886624022067419,0.7204221939339953,-0.4616295043068684
7.6499999999999995,0.03266533459751832,4.27636267389249,-0.877538677445103,1.456764818071448,-0.4616385954096087
7.658333333333333,0.06733773865909072,4.0432325111271465,-0.8623947144619849,2.175051782233777,-0.4616471447677501
7.666666666666667,0.10001513631065471,3.796650078388692,-0.8413291364670675,2.8784583738248917,-0.46165574456205355
7.675,0.13056320313027117,3.531345499084184,-0.8144533081483222,3.570030700491723,-0.4616650985052806
7.683333333333334,0.15880514793851255,3.2423793098930966,-0.7818522870042489,4.2531094430148375,-0.461676028497833
7.691666666666666,0.18452399210275822,2.925023238894695,-0.7435804985693258,4.931784169069818,-0.46168948962339296
7.7,0.20746369860119046,2.5746008232586632,-0.6996534719451176,5.611386680027486,-0.46170659774799816
7.708333333333333,0.22732875397427543,2.186273344064448,-0.6500352500500023,6.2990384531699535,-0.4617286764548113
7.716666666666667,0.24378170801368415,1.754763847970959,-0.5946209638823705,7.004264813711343,-0.4617573334978191
7.725,0.256438204609338,1.2740382911156676,-0.5332140464221339,7.739659060182545,-0.46179458198440826
7.733333333333333,0.2648594690829276,0.737042574276003,-0.46549807930671017,8.521466425943615,-0.4618430282005459
7.741666666666666,0.2685438408530779,0.13582655523901277,-0.3910055857787257,9.36959453170445,-0.4619061533664264
7.75,0.26692398233250175,-0.5369547136943235,-0.30909390710259443,10.305478414588041,-0.4619887085415171
7.758333333333333,0.25939086591675803,-1.2824153175453308,-0.218961804510152,11.343272312846288,-0.4620972404168755
7.766666666666667,0.24540267248640363,-2.079178827795756,-0.11980257517336348,12.463303237210951,-0.4622403010004144
7.7749999999999995,0.2248080314164447,-2.847000186892599,-0.011312896203132493,13.55097851272456,-0.462426358962302
7.783333333333333,0.19852782798401444,-3.4053986720886504,0.10518545207247985,14.32428372005142,-0.4626557689055374
7.791666666666667,0.16926265940841742,-3.5346051467327975,0.22553663058578924,14.428772763939907,-0.4629083747207342
7.8,0.14094408386325294,-3.195650008501967,0.3435869517900607,13.800333029124179,-0.4631472790110531
7.808333333333334,0.11676682417481439,-2.5809263684106143,0.45437176867585216,12.749663255080876,-0.46334570727604485
7.816666666666666,0.09810724192319091,-1.8979546918196555,0.5558393986784858,11.605289505763945,-0.46349923441028085
7.825,0.08501962703950837,-1.2538379993235944,0.6479888305370933,10.527435559939768,-0.4636152915280078
7.833333333333333,0.07700505447474996,-0.6825460274584163,0.7316011711556603,9.557790360082185,-0.46370300098230777
7.841666666666667,0.07343261063743453,-0.1870310655484096,0.8075704973448771,8.6904623812076,-0.4637697212360815
7.85,0.07369597078661878,0.23943918189733673,0.8766746646140268,7.90683812556463,-0.46382077310655606
7.858333333333333,0.07725509880667006,0.6053414010963407,0.9395307503683212,7.187989276939658,-0.46385993670047065
7.866666666666666,0.08363854938947606,0.9184833022392808,0.9966101099391108,6.518083995030268,-0.46388995563972646
7.875,0.09243519029623702,1.1855232828602886,1.0482668668042046,5.8847777514705495,-0.46391287124934943
7.883333333333333,0.10328488931745868,1.4120794127254557,1.0947652863826087,5.278748471457782,-0.46393024017986534
7.891666666666667,0.11587083059937778,1.6029707735577199,1.136302400599922,4.693081749011404,-0.4639432782246019
7.8999999999999995,0.1299138374925572,1.7624460002492974,1.1730256798459096,4.122712071528462,-0.4639529548279653
7.908333333333333,0.1451684024898746,1.8943625295358686,1.2050464507075431,3.563961621988992,-0.4639600553624394
7.916666666666667,0.1614199969585986,2.0023155996583117,1.2324498593546813,3.0141698518964213,-0.4639652224263401
7.925,0.17848327723392335,2.089726170897851,1.2553020667562347,2.471396596771936,-0.4639689834748521
7.933333333333334,0.19620088975049085,2.159898512125353,1.2736552182854466,1.934182340487571,-0.4639717695441571
7.941666666666666,0.21444266380365265,2.21605711778872,1.287550606901694,1.401352495021459,-0.4639739281721438
7.95,0.23310505402830947,2.261370900419495,1.2970203527379902,0.8718555811950235,-0.4639757325209236
7.958333333333333,0.2521107536759439,2.298970895903851,1.3020878473725297,0.3446273933207257,-0.46397738795414545
7.966666666666667,0.2714084452120401,2.3319661445415134,1.3027671517576893,-0.18152511170505367,-0.4639790368611309
7.975,0.2909726806381366,2.363458569357408,1.2990615182118759,-0.7080155438411205,-0.46398077885111344
7.983333333333333,0.31080389201125863,2.3965617131391403,1.2909612141094262,-1.2365638048719247,-0.46398274724079536
7.991666666666666,0.3309286000024493,2.434427704099112,1.278440550093794,-1.7692938504542262,-0.4639851473057102
8.0,0.3513998434148821,2.4802728620164536,1.2614541812406423,-2.308810821213941,-0.4639882637834611
8.008333333333333,0.3722978058457458,2.537397950795807,1.239932828320063,-2.8582619076051583,-0.46399247187988574
8.016666666666666,0.3937305409759666,2.6091879051692395,1.2137786199657616,-3.421361165067597,-0.46399825432553904
8.025,0.4158345034000293,2.69905758161894,1.1828605373637393,-4.002327964850345,-0.46400622622785775
8.033333333333333,0.4387741782241105,2.8102734056430023,1.147011085050982,-4.605628084769186,-0.46401716906595997
8.041666666666666,0.4627392467400683,2.9455074084860975,1.1060266900503097,-5.235283589911464,-0.46403207296462834
8.05,0.4879360075141582,3.1058410849763236,1.0596771623002563,-5.893282233299595,-0.46405217918551706
8.058333333333334,0.5145665223340634,3.2887069262811637,1.007734991656884,-6.576223069581417,-0.4640789953382958
8.066666666666666,0.5427836028958823,3.4840151469867884,0.9500443573705779,-7.268908149086049,-0.46411421090571225
8.075,0.5726039544730166,3.66801408290919,0.886659856442673,-7.934051659128491,-0.4641593605098129
8.083333333333334,0.6037662534364032,3.7970015273062985,0.8180782385299673,-8.501554452846683,-0.46421502198220316
8.091666666666667,0.6355640634812917,3.809744501316925,0.7455147288662222,-8.872181899331833,-0.4642795628040414
8.1,0.6667821894122203,3.6513304794501322,0.6710092667154708,-8.957171695635322,-0.46434831875938637
8.108333333333333,0.695906570027368,3.310228596929362,0.597076958560619,-8.74003223504911,-0.4644147596372348
8.116666666666667,0.7215594037895872,2.8282869240569495,0.5259849675072966,-8.292608441784811,-0.4644734244741563
8.125,0.7428329896931054,2.2696278104396725,0.45920614998984977,-7.722103580912841,-0.4645218809938916
8.133333333333333,0.7593215192824587,1.6867692051464198,0.39738323718433605,-7.11422427138374,-0.4645603400436832
8.141666666666666,0.7709648597502138,1.1101959699937225,0.34060509274542977,-6.516402350089752,-0.46459027455188057
8.15,0.7778803414390346,0.5533123860670554,0.28869651260573553,-5.946864635623007,-0.46461339041139144
8.158333333333333,0.7802522046045461,0.019856258859846,0.2414060998721198,-5.407543241152835,-0.46463117626464445
8.166666666666666,0.7782742188402959,-0.49099700345658287,0.19850209300092325,-4.892869323500472,-0.464644800581118
8.175,0.7721243514491053,-0.981912930874435,0.15981306952132684,-4.394452752384396,-0.464655188447477
8.183333333333334,0.7619552978404606,-1.456166109795908,0.12524124271330597,-3.903234769901616,-0.4646631244243693
8.191666666666666,0.7478917216779785,-1.9171698956190435,0.09476380531315902,-3.4103598652983096,-0.46466930068591344
8.2,0.7300297005742447,-2.368372366442633,0.06842985721868011,-2.9074401859749157,-0.46467435405964314
8.208333333333334,0.7084362437560189,-2.8133203657221104,0.04635643260229343,-2.386544745302549,-0.4646788959963259
8.216666666666667,0.6831479407899617,-3.255792398448672,0.028725167041581835,-1.840075270472003,-0.46468353595556566
8.225,0.6541684177519419,-3.6999439250945434,0.01578014801917282,-1.2606193027004209,-0.46468889911774697
8.233333333333333,0.6214647070494813,-4.150412476049326,0.007826794400105669,-0.6408676247435491,-0.4646956387584327
8.241666666666667,0.5849631904595368,-4.612294646900776,0.005230671137644242,0.026252241555099712,-0.4647044422794621
8.25,0.5445468730857463,-5.09080217136778,0.008413224978684273,0.7468854399861721,-0.46471604270724665
8.258333333333333,0.5000582138811074,-5.590180809592443,0.017837052040499526,1.5242735571199353,-0.4647313705568952
8.266666666666666,0.451316551763669,-6.111103872912206,0.03396513332911026,2.3541660045726878,-0.46475175268007635
8.275,0.39816847567651364,-6.645088681170517,0.05716251275395434,3.215110508474032,-0.46477895273489245
8.283333333333333,0.34060232433256715,-7.164604480150806,0.08748707418541686,4.051429393415481,-0.4648149330852148
8.291666666666666,0.2789565196683273,-7.611706847803169,0.12432012115662802,4.754034273391499,-0.46486097174247304
8.3,0.2141798189117133,-7.900968993377027,0.16591398091630624,5.166719090988753,-0.4649159730071082
8.308333333333334,0.1479212491251954,-7.959716884886454,0.2092480873377059,5.157815460601863,-0.46497520434038403
8.316666666666666,0.08217422555229213,-7.784846602223984,0.25067419899493393,4.720489620556569,-0.46503187210351715
8.325,0.01863462577982976,-7.44449358296249,0.28706766905435765,3.9761123054441105,-0.4650808853257017
8.333333333333334,-0.041676976712710034,-7.02258096103578,0.3165177363680181,3.0770068127382464,-0.4651207006353805
8.341666666666667,-0.09834656863691242,-6.577360984540217,0.3382309646201628,2.1328367661849765,-0.4651522540899465
8.35,-0.1513149378358273,-6.137006648249067,0.35210399340135756,1.201586707297414,-0.4651772832405474
8.358333333333333,-0.20066875564712805,-5.710297129544172,0.3583616231488255,0.3073049028991097,-0.46519738125015164
8.366666666666667,-0.2465224536760342,-5.296391319377935,0.3573476223197709,-0.5433361572177702,-0.4652137071589211
8.375,-0.2889643602805763,-4.890520725817997,0.3494246666318835,-1.3513596221584105,-0.4652271186238659
8.383333333333333,-0.3280368734207936,-4.486718503715623,0.3349319342750436,-2.120909869890888,-0.4652384918386651
8.391666666666666,-0.36373203965851864,-4.078984354293537,0.31416811906436376,-2.8573763725511663,-0.4652487694131132
8.4,-0.3959934160872631,-3.6617161755134116,0.2873842703228741,-3.566761355704523,-0.4652589500343468
8.408333333333333,-0.42471990766320483,-3.2297977517930616,0.25477917444689807,-4.255622322044118,-0.46527009365218974
8.416666666666666,-0.4497696228989853,-2.7785378169278125,0.2164940984761728,-4.931242933487906,-0.4652833403090192
8.425,-0.4709629838069709,-2.303566651221227,0.1726058286806196,-5.601846394368809,-0.46529994359992005
8.433333333333334,-0.48808511143214933,-1.8007835205957936,0.12311827390546382,-6.276697876510202,-0.4653213213698592
8.441666666666666,-0.5008884663561406,-1.2665045479976864,0.06795444386738694,-6.9658576068047475,-0.46534912564343733
8.45,-0.5090985386319319,-0.6981192270750975,0.006953526483040706,-7.679085248237578,-0.4653853276929737
8.458333333333334,-0.5124291969382921,-0.09590055948776705,-0.06011593929424555,-8.422823161404416,-0.4654322929538176
8.466666666666667,-0.5106219299599839,0.5328106293888117,-0.133502948083032,-9.193178319125023,-0.46549276557286345
8.475,-0.5035357467750092,1.1653809738622118,-0.21333541576300608,-9.961958978313255,-0.4655696143181839
8.483333333333333,-0.49132326809710386,1.7519663384349131,-0.29933367780002157,-10.655976434183263,-0.46566484546242926
8.491666666666667,-0.4746918760368449,2.210134120442486,-0.39037162939357084,-11.146363752084168,-0.465777287835709
8.5,-0.45509606448298995,2.4512736397723325,-0.48413587829700316,-11.290510462906283,-0.4659000311221094
8.508333333333333,-0.43454118357949295,2.442284945912333,-0.5774187517838137,-11.033862309016309,-0.4660212378524137
8.516666666666666,-0.4149440187610379,2.235683690173874,-0.6671478076225049,-10.460500818609667,-0.46612977221589025
8.525,-0.39756857501991893,1.924364053413079,-0.7512965775554432,-9.718851585712653,-0.4662200711434172
8.533333333333333,-0.38294604366710344,1.5849338161232107,-0.8290001665264503,-8.92896821721549,-0.46629194704956056
8.541666666666666,-0.3711078573495727,1.2609384376807768,-0.9001642776717202,-8.156333160801033,-0.46634788075325395
8.55,-0.3618338151044257,0.9712899939394133,-0.9650607851707925,-7.426871203166194,-0.4663909454371086
8.558333333333334,-0.35480826532717014,0.7215658313905351,-1.0240810595118164,-6.7459580630046725,-0.46642390852744087
8.566666666666666,-0.34969805172196006,0.5112484051046898,-1.0776193171719377,-6.110285574060539,-0.4664490094382354
8.575,-0.34618609365382286,0.3374007141476594,-1.1260277366274913,-5.513697884829539,-0.4664679940065932
8.583333333333334,-0.3439836577870418,0.19632990591464677,-1.1696047535608258,-4.949702559176787,-0.4664822127968309
8.591666666666667,-0.3428333440183761,0.08427631843134664,-1.208596874680825,-4.412411291420668,-0.4664927163260246
8.6,-0.34250840594042176,-0.002336008096385783,-1.2432050800054757,-3.8967983454918027,-0.46650033057228735
8.608333333333333,-0.3428108752536799,-0.06683552507576324,-1.273592054920613,-3.398684774105289,-0.466505712685967
8.616666666666667,-0.3435695114156464,-0.11231309313548164,-1.2998888132232684,-2.9146265104665448,-0.4665093909727184
8.625,-0.3446379589134911,-0.14165677995131806,-1.322200264773992,-2.441780464465747,-0.46651179312375285
8.633333333333333,-0.3458932210079468,-0.15759101109810622,-1.3406096851809857,-1.977777568398948,-0.4665132661670659
8.641666666666666,-0.34723444980301865,-0.16271270190010265,-1.3551821914811313,-1.5206117841936824,-0.4665140907004787
8.65,-0.3485820168414907,-0.15952235812557636,-1.3659673643869663,-1.0685460920542025,-0.4665144910240527
8.658333333333333,-0.34987682214144245,-0.1504503256041981,-1.3730011511055642,-0.620033362012356,-0.4665146422897886
8.666666666666666,-0.35107980508987074,-0.13787918016553496,-1.3763071599079097,-0.1736489401332723,-0.46651467543547537
8.675,-0.3521716297814058,-0.1241632801855414,-1.375897430846124,0.2719677070856184,-0.4665146808595642
8.683333333333334,-0.35315251788751456,-0.11164452965153118,-1.3717727776035487,0.7181570240806225,-0.46651472968242524
8.691666666666666,-0.3540422163956776,-0.10267063859835589,-1.363922745401335,1.1662941400711786,-0.4665149205959182
8.7,-0.35488013104072064,-0.09961516438131625,-1.3523250594977128,1.617850030576107,-0.4665153933918536
8.708333333333334,-0.35572562311215744,-0.10489738108214894,-1.3369445885247289,2.0744494748399798,-0.4665163323756033
8.716666666666667,-0.3566584819192984,-0.12100474547769845,-1.3177317970344953,2.5379363250804485,-0.4665179715312032
8.725,-0.35777959794777525,-0.15051866991428892,-1.2946206134445795,3.010448932609933,-0.46652060207569035
8.733333333333333,-0.3592118648975629,-0.19614357947609795,-1.2675256206211996,3.494507434070755,-0.46652458323907875
8.741666666666667,-0.36110133252183213,-0.2607375258898435,-1.236338470866314,3.99311213802269,-0.46653035748147953
8.75,-0.36361860351292413,-0.34733866761699844,-1.2009234546509302,4.509846318563006,-0.46653847186017217
8.758333333333333,-0.3669603881623697,-0.45917306313376,-1.1611122574875574,5.0489630467274305,-0.4665496078745957
8.766666666666666,-0.3713509387796889,-0.599609829083497,-1.1166982201680322,5.615404977497365,-0.46656462270378857
8.775,-0.37704265065102244,-0.7719879153513414,-1.06743108891582,6.214638334055198,-0.4665846047662106
8.783333333333333,-0.3843141619298577,-0.9791505019138674,-1.0130147633069493,6.852036649802012,-0.46661094430812217
8.791666666666666,-0.39346225773017207,-1.2223447422194078,-0.9531138600904652,7.531250128921363,-0.46664541064324333
8.8,-0.40477979890122107,-1.4988217089996099,-0.8873817176593728,8.250442573170634,-0.4666902001466219
8.808333333333334,-0.41850457939042085,-1.7970515650997283,-0.8155349110389821,8.994529006384148,-0.4667478490939941
8.816666666666666,-0.43471464234017626,-2.088612421768478,-0.7375158610634277,9.721678973192752,-0.4668207652348281
8.825,-0.453147535463686,-2.319020871480468,-0.653783827456258,10.347569735267642,-0.4669099885480339
8.833333333333334,-0.4729762919465904,-2.409641003588762,-0.5656847774090346,10.747411699823134,-0.46701310550982633
8.841666666666667,-0.49271780335377185,-2.2898679276917506,-0.47561212913876566,10.808090799356973,-0.46712277220418785
8.85,-0.5105162549408728,-1.9478589069332608,-0.38655388875032726,10.511527573927413,-0.4672286305541048
8.858333333333333,-0.5247210730340433,-1.44061154656525,-0.30115716780998386,9.950685269841896,-0.4673221922675521
8.866666666666667,-0.5342936587417055,-0.8487760366898114,-0.22108191354888518,9.254253351342877,-0.46739983221077996
8.875,-0.5388075043029072,-0.23441053442121942,-0.14702690672069346,8.517528058828825,-0.4674619076362622
8.883333333333333,-0.538234893616993,0.3682244241320498,-0.07909788226153591,7.788822185675057,-0.46751054883673665
8.891666666666666,-0.5327445012676508,0.9445282617308963,-0.017144769764476334,7.084233400706344,-0.46754821443989564
8.9,-0.5225776717565584,1.4904123962063327,0.0390393471038286,6.403440074800308,-0.467577182455986
8.908333333333333,-0.507986871928825,2.006630225433947,0.08962575216444497,5.739336309277999,-0.46759941407503336
8.916666666666666,-0.48920858613839463,2.4959620847869255,0.13471589095325454,5.082774858515471,-0.4676165691078121
8.925,-0.46645221257258507,2.9620108773220597,0.17433410490048953,4.424597105207176,-0.4676300711583884
8.933333333333334,-0.43989532457143365,3.408778756462038,0.20843114532582202,3.7563577218592297,-0.4676411736992411
8.941666666666666,-0.4096808229106894,3.840586385682302,0.23689097230926306,3.070470472380928,-0.4676510127851246
8.95,-0.3759141452442917,4.262113855539975,0.25953767512167786,2.360133693804627,-0.4676606443897291
8.958333333333334,-0.3386600835368906,4.6784357203585465,0.2761415935690386,1.6192430879514423,-0.46767106755034604
8.966666666666667,-0.2979397254818913,5.094934043662044,0.28642532245238034,0.8424893590200248,-0.46768323405984324
8.975,-0.25372921282597855,5.5169090761848585,0.29007232174768693,0.025956550054168696,-0.4676980429733428
8.983333333333333,-0.20596414312007194,5.948530239293425,0.2867446026429435,-0.8311493432722895,-0.4677163336862147
8.991666666666667,-0.15455774511502177,6.390436388844869,0.27612353468136575,-1.72243900796567,-0.46773908276793674
9.0,-0.09944810406704643,6.834960983460856,0.25799985256249397,-2.626254319746464,-0.467767618827009
9.008333333333333,-0.040698914387708535,7.2580112844588935,0.2324542957551101,-3.49193432400078,-0.46780342449634893
9.016666666666666,0.021323662581804077,7.609901488134833,0.20016604608409827,-4.22461408448116,-0.4678474124930735
9.025,0.08573048790629112,7.81708997881766,0.1627888545000909,-4.689484973797171,-0.46789859134354916
9.033333333333333,0.15101662260349058,7.8132599535241525,0.12309325980260158,-4.767366935964892,-0.4679530175032189
9.041666666666666,0.21532977983381707,7.5880857823108645,0.08446914533890425,-4.440577544055778,-0.4680048846144906
9.05,0.27702194477023384,7.1970170242948,0.049931621952376826,-3.809830430276344,-0.4680495554469024
9.058333333333334,0.3350378422903595,6.717972013570218,0.021416689746700378,-3.01766931496041,-0.46808538947862743
9.066666666666666,0.3889114624114402,6.210334508818537,-0.00022878035125065838,-2.1755121062657903,-0.46811308672254603
9.075,0.43855376553176323,5.705769184404582,-0.014881266923582227,-1.3463788297035595,-0.4681342403908696
9.083333333333334,0.48405032218857996,5.216246918987297,-0.02278371586367798,-0.5581325703846691,-0.46815041986121464
9.091666666666667,0.5255376939576667,4.743317516781186,-0.024321588989652115,0.18067852427447684,-0.46816285123908274
9.1,0.5631435374954256,4.28399555451713,-0.019908423254834,0.8706426031353072,-0.46817242566710604
9.108333333333333,0.5969628474759466,3.833750606094447,-0.009934208021949931,1.5162563012660635,-0.46817991497054234
9.116666666666667,0.6270513250103611,3.3878158113226324,0.00525618314120613,2.1236098296702157,-0.46818607035318605
9.125,0.6534258793164129,2.9416912082319504,0.025371706788372937,2.6994446324130306,-0.4681916199346766
9.133333333333333,0.6760675360461571,2.491267224671679,0.05017906222799051,3.250858987336819,-0.46819727376982595
9.141666666666666,0.6949245944676494,2.0327860844021575,0.07950546454364857,3.7852853092709435,-0.46820373692898365
9.15,0.7099152045429578,1.5627556911786045,0.11324164353179345,4.310542538563405,-0.4682117292676903
9.158333333333333,0.7209293060550604,1.0778957584624589,0.15134512934277136,4.834831101424416,-0.468222011780961
9.166666666666666,0.7278305670306746,0.5752111952010348,0.19384274480327804,5.3665153267960815,-0.4682354194040467
9.175,0.7304599938889511,0.052356483695196715,0.24082952398260649,5.9134223127516075,-0.4682528979525511
9.183333333333334,0.7286447909971069,-0.4913996524327399,0.2924580901102106,6.481136122072735,-0.4682755397547659
9.191666666666666,0.7222195647600095,-1.0530664827982663,0.3489065522960647,7.069357248219011,-0.4683046431232581
9.2,0.7110722778788781,-1.6219856579546381,0.41030371303856955,7.665092714329285,-0.46834169884817367
9.208333333333334,0.6952319915594626,-2.1738534473473115,0.47658188563601916,8.232250280527976,-0.46838807132663174
9.216666666666667,0.6750070148454392,-2.6655327915434834,0.5472408471957865,8.702273197949232,-0.46844421843390716
9.225,0.6511334058419316,-3.0397966130593925,0.621088028129487,8.98128038907099,-0.46850851678271027
9.233333333333333,0.62480456796768,-3.2496830757765274,0.6961724588915504,8.990475345376106,-0.46857657612187736
9.241666666666667,0.5974481719262617,-3.289831476275508,0.7701419917163165,8.71901884849366,-0.46864237032606804
9.25,0.5703356960224137,-3.200339194819508,0.8408857919427246,8.231159068146207,-0.4687008042901133
9.258333333333333,0.5443086889707385,-3.0385978929144386,0.9069862665615243,7.619565925321203,-0.46874939681937156
9.266666666666666,0.5197596687762934,-2.8519804101451878,0.9677485616587589,6.960087522146794,-0.46878804429722887
9.275,0.49676285828394523,-2.6694822701827867,1.0229834191363287,6.298252422290453,-0.46881792235762715
9.283333333333333,0.4752165898422318,-2.5053075848611823,1.0727739289978582,5.655575085337085,-0.46884059223309793
9.291666666666666,0.4549419097256404,-2.3646793679746296,1.1173171156679456,5.039352985703935,-0.4688575496937203
9.3,0.4357382371978205,-2.2481121196916813,1.156837367510876,4.449755653230235,-0.46887007010989806
9.308333333333334,0.4174112286744441,-2.1538881229356597,1.19154564901338,3.8838658139517346,-0.46887919043449416
9.316666666666666,0.39978542368921854,-2.0793383237983014,1.221623326614546,3.3377254816629187,-0.4688857389780387
9.325,0.38270928221043454,-2.0214578647654955,1.2472179972199395,2.8072890693960786,-0.46889037448012477
9.333333333333334,0.36605667888540705,-1.977180136225543,1.2684446931191087,2.2888257284845723,-0.46889362086673403
9.341666666666667,0.3497268947794718,-1.943483640715344,1.2853892026542844,1.7790578542839566,-0.4688958943239004
9.35,0.3336440877379851,-1.9174204070225793,1.2981119741828135,1.2751786356180832,-0.4688975229613081
9.358333333333333,0.31775669055077915,-1.8961098631480953,1.3066519156637866,0.7748169508793682,-0.46889876035637285
9.366666666666667,0.30203692538444127,-1.8767194234522544,1.3110297983080703,0.27598071909251404,-0.46889979434814544
9.375,0.2864804982730438,-1.856441827269239,1.311251147257222,-0.22300806694696895,-0.4689007524294796
9.383333333333333,0.2711064723573327,-1.8324759047414094,1.3073086029298882,-0.7235727432192172,-0.4689017232765141
9.391666666666666,0.25595729278274343,-1.802007420631693,1.2991837651570137,-1.226955603753765,-0.46890282329429556
9.4,0.24109898254917098,-1.7621891003552077,1.2868483051805075,-1.7343122156227058,-0.4689042237235223
9.408333333333333,0.22662148661549225,-1.7101241618294998,1.2702643034384773,-2.246805565107015,-0.46890615549672743
9.416666666666666,0.21263915788710638,-1.642848131758729,1.2493837444177218,-2.765715549621893,-0.4689089154130356
9.425,0.19929141379121249,-1.557305452363739,1.2241470138889003,-3.2925698855559684,-0.46891287464371023
9.433333333333334,0.18674362419502502,-1.450316542621447,1.1944801942201455,-3.829302828582658,-0.4689184905735496
9.441666666666666,0.17518833183718013,-1.3185299668222783,1.1602908949167092,-4.378449398195714,-0.46892632356715147
9.45,0.16484695432673424,-1.1583536643898678,1.121462285782334,-4.943384106401122,-0.46893706109338607
9.458333333333334,0.15597216648582693,-0.9658596775545731,1.0778449226208435,-5.528613434168727,-0.4689515528857362
9.466666666666667,0.14885119542013323,-0.7366607896782987,1.029245890533563,-6.140127144020679,-0.4689708626606624
9.475,0.14381022784079,-0.46577100875473915,0.9754148068512123,-6.785795589652476,-0.46899634458719386
9.483333333333333,0.1412198948184297,-0.14750069908220667,0.916026528170999,-7.475743028865725,-0.4690297562288736
9.491666666666667,0.14150100727382417,0.2244572755318941,0.8506615589367686,-8.222462365286837,-0.4690734232144932
9.5,0.1451274271013898,0.6563136996515375,0.77878869489833,-9.039984140004965,-0.4691304817015292
9.508333333333333,0.1526168562040387,1.1517141591640527,0.6997642583496526,-9.940257407008653,-0.46920520921398107
9.516666666666666,0.16448514956764723,1.7048039389929739,0.6128874533065675,-10.922202261607666,-0.46930327612877054
9.525,0.18110690930089615,2.2836399237896465,0.5176071500347692,-11.94450807780895,-0.4694313479620968
9.533333333333333,0.2023820979968524,2.8007323972861666,0.41405186241580755,-12.875898361214098,-0.46959448661294384
9.541666666666666,0.22717124951112433,3.0961237806285293,0.3039600257871507,-13.46390189971045,-0.46978941214141207
9.55,0.25291678195324596,3.0133777449087846,0.19133399177247443,-13.45684904143106,-0.46999753444248615
9.558333333333334,0.2763309564421893,2.5539127324160282,0.08135002430349468,-12.858083983295783,-0.4701914983297601
9.566666666666666,0.29487519042350885,1.8754349197770463,-0.02203529391731357,-11.922582193984013,-0.47035326628321905
9.575,0.30742871062854776,1.136709846631873,-0.11713226198146277,-10.900445747918122,-0.4704800828387442
9.583333333333334,0.31389549873905154,0.4232084811854329,-0.203827554868187,-9.917873325036817,-0.47057720019090776
9.591666666666667,0.314638897617619,-0.23465532693914812,-0.2826440649001414,-9.01111177925974,-0.47065121192635995
9.6,0.31015398762679147,-0.8317915917606364,-0.3542157024773325,-8.177070189971541,-0.47070762789432136
9.608333333333333,0.3009338802868222,-1.3720445744372094,-0.4190882667046393,-7.40049852546961,-0.4707506619882214
9.616666666666667,0.28742758168404564,-1.8615312172659833,-0.47767046071719216,-6.664725701116024,-0.47078350121495566
9.625,0.270032263149897,-2.3063935761679213,-0.5302394273005726,-5.955110759583313,-0.47080858487998134
9.633333333333333,0.24909597144714363,-2.7122580189544365,-0.576961664662992,-5.259749501292941,-0.4708278301200329
9.641666666666666,0.2249219404984421,-3.084281905159345,-0.6179152563594258,-4.569257792293871,-0.47084279092360337
9.65,0.19777166185546835,-3.4273649283962793,-0.6531089472667254,-3.8762914941607787,-0.4708547639266908
9.658333333333333,0.1678660738777086,-3.7463760560938595,-0.6824969577147723,-3.1750222729902045,-0.4708648563108324
9.666666666666666,0.1353849718716344,-4.04635016352622,-0.7059894896722902,-2.46063250286681,-0.47087402776280846
9.675,0.10046494321083693,-4.3326451852684285,-0.7234591601552007,-1.7288440516222132,-0.47088311487921725
9.683333333333334,0.06319615781220055,-4.611059438380274,-0.7347436775550006,-0.975490233966527,-0.47089284349026234
9.691666666666666,0.02361836986764547,-4.88790054198923,-0.7396452185031059,-0.19615986219883388,-0.4709038319252056
9.7,-0.018283334371395434,-5.169965518606808,-0.7379274024139144,0.613998698787849,-0.4709165920978171
9.708333333333334,-0.06258184992418267,-5.4643061940876,-0.7293121048076551,1.4600682039448423,-0.47093167590506696
9.716666666666667,-0.10940776677235302,-5.777540388397347,-0.7134808749722583,2.34637188964649,-0.47094998101908486
9.725,-0.1589394494484618,-6.1140736392322745,-0.6900913679360657,3.2735853340867362,-0.47097289105576956
9.733333333333333,-0.2113696129807608,-6.471960537991579,-0.6588328841484001,4.231773166054759,-0.47100233548097764
9.741666666666667,-0.2668208400440018,-6.834441801568919,-0.6195682888075402,5.186036380849253,-0.471040648780635
9.75,-0.32516848942185156,-7.156488714895421,-0.5726329743710146,6.053726392490639,-0.4710898454825902
9.758333333333333,-0.38575603106117945,-7.355556064608923,-0.5193146953696494,6.689205572990521,-0.4711498391479258
9.766666666666666,-0.44714677911897677,-7.335441360231742,-0.46226366005850683,6.925913844959914,-0.47121620824779487
9.775,-0.5072826599375628,-7.056016973538548,-0.40519388053033606,6.697195453021673,-0.47128056604919966
9.783333333333333,-0.5641806215893822,-6.57423213475068,-0.3516569683332021,6.106434392918284,-0.4713351992292595
9.791666666666666,-0.6165792073587044,-5.992797296467635,-0.30391141879419314,5.336988154567115,-0.4713770532316615
9.8,-0.664011383372551,-5.3922145974801685,-0.2627946083109815,4.533545228928692,-0.47140713781199556
9.808333333333334,-0.7065117799937181,-4.813172704574344,-0.22823406300074914,3.7710910498821812,-0.47142802382683713
9.816666666666666,-0.7443292839882674,-4.269129262404559,-0.19975257413391292,3.076480719848585,-0.47144224448589367
9.825,-0.777762511816192,-3.7604265758209574,-0.1767613468404056,2.4528795406000867,-0.4714517885416499
9.833333333333334,-0.8070885542869877,-3.2824695348975528,-0.15869119067801166,1.8940178874997202,-0.47145809313423503
9.841666666666667,-0.83253956526211,-2.829445587385733,-0.1450399424434944,1.3907520023320157,-0.4714621684510344
9.85,-0.8542996517611819,-2.395766755955403,-0.1353837477657489,0.9336761287704198,-0.4714647221380357
9.858333333333333,-0.872509004175732,-1.976509243968329,-0.12937489352729595,0.51398726518861,-0.4714662533174309
9.866666666666667,-0.8872697449454671,-1.567449595194522,-0.12673584817273414,0.12364062195349626,-0.47146711729523455
9.875,-0.8986513564208651,-1.164953778802397,-0.12725329094595744,-0.24475701423900384,-0.4714675686512526
9.883333333333333,-0.9066949665856724,-0.7658240661711707,-0.13077341740143655,-0.5981290107352031,-0.47146780006583505
9.891666666666666,-0.9114163031380426,-0.3671344453812542,-0.1371988853458339,-0.9431392006134292,-0.47146797974389565
9.9,-0.9128072802366274,0.03393040218346244,-0.14648752816435348,-1.2863988082171667,-0.47146826251855345
9.908333333333333,-0.9108362780465925,0.44022810561670905,-0.15865272764616933,-1.6346596147442136,-0.47146879931014934
9.916666666666666,-0.9054471747657515,0.8548065358040832,-0.17376536446441485,-1.9950010244308136,-0.4714697749555113
9.925,-0.8965571361754215,1.2810525472096763,-0.191957328809642,-2.3750151332419382,-0.4714714488584896
9.933333333333334,-0.8840532392755583,1.7228182409507022,-0.21342645596781418,-2.782955812112125,-0.4714741837885688
9.941666666666666,-0.8677882659230282,2.184483189973931,-0.2384423270426047,-3.227778355551348,-0.47147848647943374
9.95,-0.8475765876730428,2.670842896267058,-0.2673513478107993,-3.718879156977559,-0.47148506666546247
9.958333333333334,-0.8231925283056745,3.186562583320963,-0.30057698447253994,-4.265084742095132,-0.4714949186500165
9.966666666666667,-0.7943769258409787,3.7346208731628283,-0.3386052772955463,-4.871897098176402,-0.4715094205540131
9.975,-0.7608645697823921,4.312609462407512,-0.3819337537164267,-5.535038566383999,-0.47153041246963495
9.983333333333333,-0.7224572304901307,4.905208882873484,-0.4309410723379761,-6.227393559974346,-0.4715601192844314
9.991666666666667,-0.6791780815202922,5.472504736268416,-0.4856155213242229,-6.878750272298838,-0.4716005970104995
10.0,-0.6315181178457284,5.942213152285941,-0.5451237565009933,-7.362234899294692,-0.47165229008245396
10.008333333333333,-0.5806535650093116,6.228956650695215,-0.6074282146695401,-7.52741696969769,-0.47171208484695054
10.016666666666666,-0.5283375365395139,6.289979684169594,-0.6694662639217676,-7.296591219377238,-0.4717731735914306
10.025,-0.47635183706701234,6.16129779759828,-0.7280921305416894,-6.727943084391769,-0.4718283940446646
10.033333333333333,-0.425951067402799,5.923438713912927,-0.7810405842542908,-5.9575580024238874,-0.47187383769216057
10.041666666666666,-0.37773170571567843,5.647096648506009,-0.8271652913249133,-5.106328604410035,-0.4719091976703574
10.05,-0.33182398508962235,5.373124454342016,-0.8661229037907823,-4.245430092037699,-0.4719360722528574
10.058333333333334,-0.2881245173547471,5.118567708764125,-0.8979851232045059,-3.4063917473071954,-0.471956502907402
10.066666666666666,-0.2464496438093313,4.887175412274065,-0.9229845285848298,-2.598883716235468,-0.47197230665295875
10.075,-0.20661379675213623,4.676514929974459,-0.941387282542323,-1.822743152663883,-0.4719848982368793
10.083333333333334,-0.16846372667293358,4.481672539387193,-0.9534402760205173,-1.074191876550972,-0.47199530360626657
10.091666666666667,-0.1318911379632133,4.296951331707247,-0.959354330263139,-0.3486392618329634,-0.4720042221439135
10.1,-0.09683579689753914,4.116584326356887,-0.9593028298075551,0.3582067037751328,-0.4720120887983724
10.108333333333333,-0.063284781345493,3.9350092585470255,-0.9534260086060936,1.0499872269784245,-0.4720191822253998
10.116666666666667,-0.03127036334044363,3.7469439331064676,-0.9418364626749052,1.7297225918867944,-0.4720258269463732
10.125,-0.0008676804598454402,3.5473794830759275,-0.9246234961629103,2.4000217268188266,-0.4720324526227292
10.133333333333333,0.027807428331113222,3.331549643156846,-0.9018554945981363,3.0633441821753964,-0.4720395962550389
10.141666666666666,0.05460024975849422,3.0948810213796603,-0.8735799103127774,3.722309230818007,-0.4720479082832526
10.15,0.07931852715505733,2.8329227847443312,-0.8398205062647314,4.380044461967195,-0.47205816467122463
10.158333333333333,0.1017330922045907,2.541247473021614,-0.8005715238991794,5.04057645826358,-0.4720712878104781
10.166666666666666,0.1215775131343749,2.215312442602051,-0.7557883924177254,5.709271759329564,-0.4720883809171149
10.175,0.13854639623433096,1.8502747395631098,-0.7053745246553398,6.393335798259682,-0.4721107830792569
10.183333333333334,0.15229196746659626,1.4407670892463194,-0.6491637302873079,7.1023614323260675,-0.47214015562165323
10.191666666666666,0.16241878054716183,0.980687866039412,-0.586898054357909,7.848856630388666,-0.4721786151897042
10.2,0.16847728069746032,0.4631854278634486,-0.5182021015086443,8.648486264305966,-0.4722289337533109
10.208333333333334,0.16995967576512214,-0.11863300378224716,-0.4425590647089546,9.519199225633752,-0.4722948235079953
10.216666666666667,0.1663092459700442,-0.7688105424685259,-0.3593059798246802,10.476870876573,-0.4723813051451089
10.225,0.1569742889601263,-1.479847512261946,-0.2676989387719349,11.521391079741306,-0.4724950751732907
10.233333333333333,0.14158201844147766,-2.211230793542294,-0.1671742116186974,12.601136758341339,-0.4726439841747838
10.241666666666667,0.12036247240156309,-2.8521512320839557,-0.058029413677596814,13.5494661668906,-0.4728333248917149
10.25,0.09483436866854617,-3.2100245513546994,0.057434580021877145,14.061051992858198,-0.4730566440321363
10.258333333333333,0.06810196508959096,-3.129987880206746,0.1743742696514007,13.885390443235549,-0.4732885186097431
10.266666666666666,0.04374554936781873,-2.667275175724967,0.2871733794460962,13.111816833774684,-0.47349724851350317
10.275,0.024153481321798214,-2.020204023219091,0.39213861012347545,12.058727103929272,-0.47366641256034764
10.283333333333333,0.010137315054070005,-1.3477269518489925,0.4880783702358399,10.973864095868052,-0.47379665004044524
10.291666666666666,0.001555044381045087,-0.7226651418126172,0.5752465398706141,9.962028229476221,-0.4738953976567607
10.3,-0.002099076562202324,-0.16608775419935054,0.6543785735579073,9.045176800981318,-0.4739702856630712
10.308333333333334,-0.001404300648910948,0.32183201489671454,0.7262382154622418,8.214066980981688,-0.4740272867011224
10.316666666666666,0.0030913401213892035,0.7473324365266452,0.7914707012849345,7.451761002426229,-0.474070763494538
10.325,0.010898205276801874,1.1177171248097488,0.8505796215711785,6.741896084092503,-0.4741039111728365
10.333333333333334,0.02158566595185801,1.4397259639428135,0.9039434051257783,6.070930137502798,-0.4741291075221238
10.341666666666667,0.034775632262612946,1.7192269454482643,0.9518403357237016,5.428326960657742,-0.47414816066466076
10.35,0.05013559508011629,1.961321843190206,0.9944720361445424,4.806137626508449,-0.4741624783223891
10.358333333333333,0.06737304809413053,2.170542640243184,1.0319828309646497,4.198472925858925,-0.47417318026227645
10.366666666666667,0.08623152360724758,2.351033830976142,1.064474833366463,3.601015975015402,-0.4741811723259227
10.375,0.10648798303563771,2.506693901574662,1.0920192681175684,3.0106073836421023,-0.4741871950963424
10.383333333333333,0.1279512123940964,2.6412760432409472,1.1146646329640868,2.4248996222173473,-0.4741918559676417
10.391666666666666,0.15046091450241206,2.7584562356269853,1.1324422278845845,1.8420688837100136,-0.47419565040657136
10.4,0.17388726583355343,2.861878220795498,1.145369481907236,1.2605728763575865,-0.47419897618981466
10.408333333333333,0.1981307820118782,2.9551838816525966,1.153451419679844,0.6789452290422731,-0.4742021430305962
10.416666666666666,0.2231223992645543,3.0420355917388635,1.1566805429151066,0.09561975129388896,-0.4742053790357796
10.425,0.24882372165945396,3.126133426643829,1.1550353635733397,-0.4912155987635321,-0.47420883830028393
10.433333333333334,0.27522737217719856,3.2112228443848747,1.1484779118740989,-1.0837198713421683,-0.4742126690342665
10.441666666666666,0.3023574008317778,3.30110094829253,1.136950431130002,-1.6844969704383987,-0.47421711350734047
10.45,0.33026965954321064,3.3995954383800555,1.1203714589855154,-2.296628942272444,-0.4742225343938764
10.458333333333334,0.35905175738391726,3.5104772313095216,1.0986321252910842,-2.92358064355571,-0.47422943411841423
10.466666666666667,0.388821772893476,3.6372316134523266,1.0715941411436518,-3.5688600744099497,-0.47423848132484814
10.475,0.4197239694696909,3.7825325806211434,1.0390924570755693,-4.2351791105046175,-0.4742505427782421
10.483333333333333,0.4519179349773401,3.94712546808999,1.000948593296061,-4.922622735240813,-0.47426671124513736
10.491666666666667,0.485554276843636,4.127615236098446,0.9570061680328964,-5.624978589588864,-0.4742883002879812
10.5,0.5207250621534341,4.312518368248402,0.9072085416460265,-6.3231291090148725,-0.47431673490556636
10.508333333333333,0.5573733465898889,4.476524901010462,0.8517451913710956,-6.975380380136502,-0.47435320170991424
10.516666666666666,0.5951557156023757,4.575896726136866,0.7912775975277606,-7.509629815653782,-0.47439790509752333
10.525,0.6333005886637039,4.554054661490809,0.7271730748311942,-7.83268626348522,-0.47444905328015674
10.533333333333333,0.6705923392534647,4.366658820990546,0.6615270082097081,-7.872533184585293,-0.47450244629386673
10.541666666666666,0.7056110735774354,4.01275920189043,0.5967544765246929,-7.630689037751903,-0.4745527824959056
10.55,0.7371310717771943,3.536703651831617,0.5349179744805814,-7.184683819958676,-0.4745960485841592
10.558333333333334,0.764382213292362,2.9974971653832863,0.4772938073543459,-6.635450861181518,-0.4746307724629349
10.566666666666666,0.7870434094668836,2.441036681941586,0.42439589127051147,-6.060219976401228,-0.4746574780083902
10.575,0.8050914931702597,1.8931988939376072,0.37624261510709395,-5.501235576435495,-0.47467755598926614
10.583333333333334,0.8186518517247879,1.3649388454688984,0.332616758036814,-4.974862204919316,-0.47469249345935166
10.591666666666667,0.8279024177798491,0.8588563217924083,0.29323175340796565,-4.483014674980342,-0.47470355629360717
10.6,0.8330241908122579,0.37363116698797805,0.2578172029397906,-4.020838701960282,-0.47471172536161926
10.608333333333333,0.8341796057147131,-0.09360585155243063,0.2261561621253717,-3.5808234784011073,-0.47471772894090825
10.616666666666667,0.8315048449743431,-0.5461713714852597,0.19809813153461064,-3.1547379966280977,-0.47472210418942334
10.625,0.8251082460304483,-0.987394637497266,0.17356116746911213,-2.7344345959156735,-0.4747252892932041
10.633333333333333,0.815070770496724,-1.420515075594387,0.15252989882317977,-2.3120991710180534,-0.474727682644093
10.641666666666666,0.801446640600425,-1.8487249893328253,0.13505260583715295,-1.8802591071417405,-0.47472966556169127
10.65,0.7842633061514028,-2.275278684063638,0.12123874407483748,-1.4316835192916741,-0.4747316192238028
10.658333333333333,0.7635203755554969,-2.7036267225730253,0.11125749760721447,-0.9592446504040046,-0.4747339381683169
10.666666666666666,0.7391874239824013,-3.1375462565959213,0.10533748238977274,-0.4557886587491211,-0.4747370409256749
10.675,0.7112008553216151,-3.5812293922178324,0.10376727654015447,0.08591908462698156,-0.4747413777151702
10.683333333333334,0.6794604562160478,-4.039248389267908,0.10689564487986065,0.6730286583894881,-0.4747474464472461
10.691666666666666,0.6438273115464875,-4.516227656596427,0.11512847958854425,1.311923820831959,-0.4747558943725583
10.7,0.6041267358823516,-5.01588196588566,0.1289161483535392,2.0064511458343692,-0.47476764362766033
10.708333333333334,0.5601642979710497,-5.538672247456226,0.1487172609597379,2.7537485409661313,-0.47478397842236053
10.716666666666667,0.511771242802413,-6.076855495781507,0.17491065856783988,3.53558483765201,-0.4748065735082882
10.725,0.45890649461476124,-6.605775713468079,0.2076090337945153,4.303292986257568,-0.47483729626392446
10.733333333333333,0.401841721475154,-7.0736634014790125,0.24632981168733453,4.960391444794175,-0.4748774646741008
10.741666666666667,0.34139750485440373,-7.402921197445387,0.2895818822691946,5.3656080675102995,-0.47492639214305726
10.75,0.27904638077903615,-7.52313826379736,0.33469212701046036,5.391457365787173,-0.474980157004841
10.758333333333333,0.21663244479948354,-7.4224751362448345,0.3783089037643158,5.0147977269012385,-0.4750326726880374
10.766666666666666,0.15579976011761076,-7.156405651063372,0.4174203955313777,4.3327862118021985,-0.47507892749677505
10.775,0.09760204063722494,-6.802044610603478,0.4500606263885694,3.483357277974679,-0.4751169917409309
10.783333333333333,0.042514230219518306,-6.417229437803051,0.4753122623091535,2.5731966209861565,-0.4751473952248003
10.791666666666666,-0.009353078603838041,-6.032240861620429,0.49294821452334575,1.6622884249708068,-0.4751716435239176
10.8,-0.05805395156958463,-5.658026014619737,0.5030909931607932,0.7774223453134482,-0.4751912509460996
10.808333333333334,-0.10368571939142705,-5.295264089133873,0.5060029711475775,-0.07252376970726575,-0.4752073774409793
10.816666666666666,-0.14632948225299372,-4.940060215199927,0.5019811563171125,-0.8869705488044961,-0.4752208043441893
10.825,-0.18602566702558776,-4.586867514731668,0.4913109563603391,-1.6687600498195105,-0.47523221074826844
10.833333333333334,-0.22276648006744615,-4.229797047418429,0.47424758735408556,-2.4220917884230615,-0.4752423705304081
10.841666666666667,-0.2564956796567949,-3.8631620043219974,0.45100851386806956,-3.1517668988623853,-0.47525215132003057
10.85,-0.28711115638734724,-3.4816511180269236,0.4217692528746018,-3.863061835578175,-0.4752625131371035
10.858333333333333,-0.3144681307508817,-3.0803257241168134,0.38665886672050004,-4.561888850542498,-0.47527451973906043
10.866666666666667,-0.33838195469264,-2.6545398898137247,0.34575358384753274,-5.255062735727913,-0.47528936355874574
10.875,-0.358630160669768,-2.1998510068656594,0.29906816620012905,-5.950555874764393,-0.4753084073928875
10.883333333333333,-0.37495401192030847,-1.7120089589655187,0.24654566555379065,-6.657598910180339,-0.47533324718537917
10.891666666666666,-0.3870608531200311,-1.1872014191123046,0.18804787968550718,-7.3863442706064735,-0.4753657989223531
10.9,-0.3946308205213837,-0.6229487967489554,0.12335245503250257,-8.146453225227098,-0.4754084037362738
10.908333333333333,-0.39733642067492647,-0.020492966316478456,0.05217073998547673,-8.943200024450652,-0.4754639142577065
10.916666666666666,-0.39489348608010594,0.6097243765119367,-0.02578261599796562,-9.768366589474066,-0.4755356449802451
10.925,-0.387177921820175,1.2374934482485873,-0.1106096353545378,-10.582354411220638,-0.4756269413828076
10.933333333333334,-0.37444954637257993,1.798752024522275,-0.20186526664907609,-11.289634301878026,-0.47573965427557996
10.941666666666666,-0.35765904878023286,2.194357341330468,-0.29804132070182593,-11.734473009102555,-0.4758709951096717
10.95,-0.3385982463645686,2.333311608027218,-0.3962905693517585,-11.770437454178557,-0.4760109067991125
10.958333333333334,-0.31952033477692154,2.2057829088919028,-0.49301802265306655,-11.380972194517321,-0.4761448160916929
10.966666666666667,-0.30235176197373026,1.8929065478106515,-0.5851506943126666,-10.696229819159706,-0.4762612549429628
10.975,-0.28819509631848095,1.4984194395056647,-0.6709312092213758,-9.880733547922704,-0.4763560657322139
10.983333333333333,-0.27739873871933246,1.095237104319042,-0.7497840271771601,-9.046767486275124,-0.4764305398269374
10.991666666666667,-0.26986136899718893,0.7200296839705383,-0.8218098632767524,-8.247340188449956,-0.47648807093307455
11.0,-0.2652811976937228,0.38660890256868186,-0.8873839470922441,-7.499326089801235,-0.4765321850628031
11.008333333333333,-0.2632941025841072,0.0976079934558598,-0.9469425332100577,-6.8029343191921985,-0.4765658583336789
11.016666666666666,-0.26353655860462427,-0.149019189176612,-1.0008932146227718,-6.152236141713304,-0.4765914302501527
11.025,-0.2656702796780124,-0.35696448070241704,-1.0495862642524438,-5.539882841387183,-0.47661070547475776
11.033333333333333,-0.2693898124581554,-0.5302893398034861,-1.0933117704961508,-4.958947775700972,-0.4766250821270676
11.041666666666666,-0.2744232627947499,-0.6729430001806836,-1.1323061059576693,-4.403505309136338,-0.47663565312042533
11.05,-0.2805306088830757,-0.7886161558280225,-1.1667607567673925,-3.8686977954173782,-0.47664328185584004
11.058333333333334,-0.2875014384915439,-0.8807276189312885,-1.1968307889625345,-3.3506152047279207,-0.4766486574147094
11.066666666666666,-0.2951528032886178,-0.9524568196048054,-1.2226420377038298,-2.8461225408758324,-0.47665233405566215
11.075,-0.3033274016785668,-1.0067866635554517,-1.2442968397062004,-2.3526877923689904,-0.47665475935058593
11.083333333333334,-0.3118921121178987,-1.0465436393918617,-1.2618784034815644,-1.868228509406447,-0.4766562942794776
11.091666666666667,-0.32073683468657327,-1.0744315019312607,-1.275453995017603,-1.3909809795329418,-0.4766572276665337
11.1,-0.3297735862452552,-1.0930586186161795,-1.2850771232566196,-0.9193905426282212,-0.4766577866118761
11.108333333333333,-0.3389358017094576,-1.1049603613875116,-1.2907888884359355,-0.45201975735036926,-0.4766581440396871
11.116666666666667,-0.34817780695753736,-1.1126181697093493,-1.2926186267779216,0.012529246465483833,-0.476658424098085
11.125,-0.3574744393287943,-1.1184755488970768,-1.2905839639392838,0.47567753343162794,-0.4766587098823626
11.133333333333333,-0.3668207833132747,-1.1249509323843212,-1.2846904275332633,0.9389169908066359,-0.47665908653645994
11.141666666666666,-0.3762320365377582,-1.134456009320854,-1.2749305916051685,1.4038748012946003,-0.47665968121838015
11.15,-0.3857435201484827,-1.1494109938685113,-1.2612827225135215,1.8723653252219572,-0.47666066879419305
11.158333333333333,-0.39541080200872875,-1.1722565021250095,-1.2437090345035842,2.3464333349936264,-0.47666227632407987
11.166666666666666,-0.40530989628451164,-1.205459086623213,-1.2221536195702978,2.828387808863872,-0.4766647901284516
11.175,-0.41553745672824016,-1.2515023354900607,-1.1965401697102982,3.3208153243813623,-0.47666856609283165
11.183333333333334,-0.4262107842232481,-1.3128475857034525,-1.166769748348909,3.826549360266626,-0.4766740439382955
11.191666666666666,-0.4374672810778849,-1.3918335285983827,-1.1327191555307126,4.348547553636483,-0.4766817660303243
11.2,-0.44946262592065844,-1.4904566140652151,-1.0942410013763149,4.889583431330323,-0.47669240052372575
11.208333333333334,-0.46236627393573265,-1.6099252870770093,-1.0511676922772935,5.451576783080702,-0.4767067663147608
11.216666666666667,-0.4763516857024769,-1.7498009682349842,-1.003323528520237,6.0342497296947455,-0.4767258513947357
11.225,-0.4915766949346183,-1.906433287299487,-0.9505524772720869,6.63261028836093,-0.4767508030017882
11.233333333333333,-0.5081466861789463,-2.0703505340771393,-0.89277391488776,7.232667474908626,-0.47678284237419155
11.241666666666667,-0.5260513594370129,-2.222602093931146,-0.8300821718613451,7.805310584575577,-0.47682301995121695
11.25,-0.5450708092447383,-2.3315087144282503,-0.7628980867837999,8.300697070647013,-0.47687171371537485
11.258333333333333,-0.5646707075686908,-2.354332774796761,-0.6921412190921571,8.650637323737046,-0.4769279000277007
11.266666666666666,-0.5839539905174026,-2.2499028761502013,-0.6193117408770493,8.78913809659359,-0.47698861756380484
11.275,-0.6017609937341977,-1.9998302646423076,-0.5463289502869005,8.687301585130003,-0.47704938723873413
11.283333333333333,-0.6169230138977486,-1.6204682096441871,-0.47511789169693047,8.372786319054468,-0.4771057516048862
11.291666666666666,-0.6285214396374484,-1.1520896788773065,-0.40719063045618903,7.911340029372955,-0.47715480510936736
11.3,-0.6359968286419402,-0.6373253442487312,-0.3434797057222937,7.370856598728917,-0.47719557889530523
11.308333333333334,-0.6391035470904987,-0.10771472307988383,-0.2844266403246877,6.79949848267856,-0.4772284581876264
11.316666666666666,-0.6378031800959921,0.4182168210461097,-0.2301669489323777,6.223212333088302,-0.4772544327020669
11.325,-0.6321688016191939,0.9315431678911568,-0.18069154468863405,5.651988220863859,-0.4772746468014417
11.333333333333334,-0.6223214884018164,1.4291191797603084,-0.1359505899136793,5.086578256804289,-0.4772902362986823
11.341666666666667,-0.608394084049149,1.9109293443741189,-0.09590965055842551,4.523120239818641,-0.4773022577812205
11.35,-0.5905120934010711,2.3785722862580023,-0.06057595696299434,3.955791872378441,-0.47731167843065736
11.358333333333333,-0.5687838190146475,2.8344924807532887,-0.03000833957372355,3.3781887303841667,-0.47731939303376136
11.366666666666667,-0.543295000228723,3.2816216156529867,-0.004318908434455929,2.7840065244462777,-0.4773262472396755
11.375,-0.5141055537685348,3.7232022226191113,0.016329440003746906,2.1674116723158807,-0.47733305823412664
11.383333333333333,-0.48124759472478473,4.162632338868222,0.03172826069879018,1.5233704309512515,-0.47734062900754337
11.391666666666666,-0.4447251872130296,4.603177547594811,0.041632250354270595,0.8481963122728567,-0.4773497535258452
11.4,-0.4045177380978403,5.047341594826776,0.0457745894159441,0.14067277672638945,-0.4773612088624456
11.408333333333333,-0.3605911620909994,5.495559293711323,0.04389593108902206,-0.5956709526444406,-0.4773757333670384
11.416666666666666,-0.3129245181383674,5.943698134640367,0.03580018952030207,-1.3482496408630953,-0.4773940958363331
11.425,-0.2615639996500528,6.378956591792458,0.021457165192059865,-2.0884475229539428,-0.4774171902453629
11.433333333333334,-0.2067168959043486,6.7746228702953095,0.0011725859738904887,-2.7628609930940713,-0.47744581393708424
11.441666666666666,-0.14888293794131102,7.087373450478136,-0.02418105968468531,-3.2892794058277226,-0.4774801258413294
11.45,-0.0889696650182714,7.2653794427896505,-0.05296876350877921,-3.5718453330366717,-0.4775189387797272
11.458333333333334,-0.028273284630427394,7.272013775554898,-0.08284100870722089,-3.543520073136209,-0.4775594805352375
11.466666666666667,0.03175753933864284,7.109706548832693,-0.11116855064416989,-3.208455060581524,-0.47759828864010967
11.475,0.0898611617938212,6.817919655865079,-0.13566083730474748,-2.6385065674089425,-0.4776327179565807
11.483333333333333,0.14517303570018703,6.447775900812177,-0.1547559505499879,-1.9282991869437072,-0.47766170673140107
11.491666666666667,0.19722154962109967,6.0401298874083915,-0.16762924061860904,-1.1559095938716657,-0.47768545095376863
11.5,0.24580659717934827,5.619344105543709,-0.17398853599603548,-0.3710085853229684,-0.4777047032149533
11.508333333333333,0.29087260817195326,5.1966145561720305,-0.17385252257795666,0.4000420102558938,-0.47772026923723726
11.516666666666666,0.33242066908800544,4.77513132702027,-0.1673927341990787,1.1455930859593537,-0.47773286323263886
11.525,0.3704590754366122,4.353929942778394,-0.15484002411382866,1.8622247062529413,-0.47774325554089503
11.533333333333333,0.40497910931639924,3.930167662472875,-0.13643346804413564,2.5509184252816537,-0.4777522925607114
11.541666666666666,0.4359450234814128,3.5003397709785826,-0.11239317553731655,3.215010084058522,-0.4777608697742456
11.55,0.4632913257886031,3.0608793265897867,-0.08290537501387477,3.8591822929253174,-0.47776992422855097
11.558333333333334,0.48692362246726145,2.6084526498262535,-0.04811349837272063,4.48896144304113,-0.47778044107866385
11.566666666666666,0.5067213938699672,2.140156931938068,-0.008112618598887737,5.110366160984342,-0.4777934705470981
11.575,0.5225426001869521,1.65379107717914,0.03705281571653208,5.7294185762116925,-0.4778101520226908
11.583333333333334,0.5342315348890003,1.1484050084875328,0.08738545399937978,6.351174726935841,-0.4778317388891678
11.591666666666667,0.5416334324596244,0.6254339447798831,0.14291971734176495,6.9777554413322695,-0.4778596081379217
11.6,0.5446224596447139,0.09085775076776337,0.20368332126207614,7.604615790092051,-0.4778952174448767
11.608333333333333,0.5431535078267079,-0.44120805947975267,0.2696175925795703,8.214307423246186,-0.4779399365779235
11.616666666666667,0.5373489805571389,-0.9439422187723692,0.34043647538636573,8.768376646476513,-0.47799467512606053
11.625,0.5276176943292797,-1.3755980896573714,0.41542663022709453,9.202854554752081,-0.4780591740980872
11.633333333333333,0.5147577218921978,-1.6869747488387323,0.49326659188065153,9.439727687487949,-0.4781310770149104
11.641666666666666,0.4999366406545103,-1.8430093602003563,0.572042963578573,9.422247306738607,-0.47820567219463234
11.65,0.4844721912294801,-1.8450786290962211,0.6495962832777397,9.152075285748746,-0.4782771780056413
11.658333333333333,0.4695109595742741,-1.7303349770429,0.7240388798886601,8.688630480206808,-0.47834092331538147
11.666666666666666,0.45581747600680605,-1.5489438781501677,0.7940935036295548,8.111831877200872,-0.4783946222561629
11.675,0.4437617714131658,-1.3430609409528318,0.8591075511391503,7.48788356322066,-0.4784381195046649
11.683333333333334,0.4334245243147445,-1.1398461082650768,0.9188780034249888,6.858366840283019,-0.4784724577641589
11.691666666666666,0.4247160070723787,-0.9537618887151637,0.9734582806524631,6.24449642048356,-0.4784990929428533
11.7,0.4174630797478168,-0.7910788282988477,1.023020557150358,5.654749691742991,-0.4785194685181719
11.708333333333334,0.4114615059356442,-0.6534682121526919,1.0677760341680567,5.09079542426141,-0.4785348495261421
11.716666666666667,0.40650413217461345,-0.5402340213730654,1.1079346056229489,4.551086790635492,-0.4785462877502273
11.725,0.4023949259062446,-0.44954944049877255,1.1436869777094165,4.032787777277987,-0.47855463897515865
11.733333333333333,0.3989554216402576,-0.3790989244482433,1.1751983793654421,3.5327247465570064,-0.4785605947983536
11.741666666666667,0.3960273117878688,-0.3263954730254262,1.202607798276997,3.047817847972792,-0.478564714083221
11.75,0.39347317775167406,-0.2889284139155067,1.2260295884383483,2.5752494562957637,-0.4785674493320642
11.758333333333333,0.3911763883331285,-0.2642253160624504,1.2455558858082212,2.1125054825330816,-0.4785691673000232
11.766666666666666,0.3890406796754249,-0.2498715708665359,1.2612590933586523,1.6573586095887072,-0.4785701645331694
11.775,0.3869896665715996,-0.24350983618306266,1.273194110273474,1.2078274569411873,-0.4785706788089338
11.783333333333333,0.38496640136188914,-0.24283042657591433,1.281400180126366,0.7621276932116454,-0.47857089737518604
11.791666666666666,0.3829330307583311,-0.2455580108585804,1.2859023240250433,0.3186219845797799,-0.4785709626999743
11.8,0.38087056980422973,-0.24943707306485732,1.286712360777277,-0.12422886058774005,-0.478570976275465
11.808333333333334,0.3787787930304543,-0.252219128761266,1.2838295442365948,-0.5679065578124487,-0.4785710092102211
11.816666666666666,0.37667622532098144,-0.25164961209216896,1.277240886250716,-1.013877264232545,-0.47857114672090945
11.825,0.37460026866544477,-0.24544988281405156,1.2669210321298348,-1.463652001286834,-0.4785715134658968
11.833333333333334,0.3726074673628028,-0.2313018959102174,1.2528316634003498,-1.9188401103705401,-0.4785722777575418
11.841666666666667,0.3707739002367091,-0.20683282671710554,1.2349204448395228,-2.3812062191609407,-0.47857365663635837
11.85,0.3691957012414777,-0.16959979815197326,1.2131194741182263,-2.8527326246121896,-0.4785759230912369
11.858333333333333,0.36798970130925057,-0.11707652460811226,1.1873431928565037,-3.33568567628349,-0.4785794160617354
11.866666666666667,0.3672941592177374,-0.046646405899079466,1.157485745181853,-3.832680505782096,-0.47858455409370015
11.875,0.3672694908668479,0.04438778088227068,1.1234178494254428,-4.346729596035414,-0.4785918537702623
11.883333333333333,0.3680987792585875,0.15875586412875817,1.0849834370309999,-4.8812422536420215,-0.47860195438924313
11.891666666666666,0.3699875825816932,0.2990897321723168,1.041996723528308,-5.439905262389878,-0.4786156507105028
11.9,0.3731620251397779,0.46762130573912963,0.9942412294119111,-6.026300993366249,-0.47863393370132096
11.908333333333333,0.37786309279049496,0.6655345651867204,0.9414740030680301,-6.642975938979143,-0.47865803520379846
11.916666666666666,0.38433303884062,0.8916504888219392,0.8834416501513102,-7.289421035532043,-0.47868946103511073
11.925,0.39278630428268785,1.1399224967185757,0.8199207116171436,-7.9580689172752335,-0.47872996899246195
11.933333333333334,0.40335246732061364,1.3951504559872683,0.7508034579715936,-8.627249719230774,-0.47878139160637034
11.941666666666666,0.4159761312614596,1.6271431690585862,0.6762554158741724,-9.251340301554716,-0.4788451242708642
11.95,0.43027220508235786,1.786920158759723,0.5969498565943341,-9.753899320278482,-0.4789211058395159
11.958333333333334,0.44538930745190863,1.8144099750294986,0.5142951827297609,-10.039508064906553,-0.47900652555029877
11.966666666666667,0.4600168923431734,1.6651825596157348,0.4304319478975793,-10.037188724368566,-0.4790954176068303
11.975,0.4726489549990423,1.3399565205762756,0.3478108834162959,-9.748687584285143,-0.4791804261553586
11.983333333333333,0.4819845938426831,0.8837971825568638,0.26854870753132853,-9.246653262520244,-0.4792557984807025
11.991666666666667,0.48718098509433627,0.35589244364835027,0.19403121519214428,-8.624500236174741,-0.4793189633126954
12.0,0.4878497834588289,-0.1965669155587639,0.12493837958261556,-7.953937879719019,-0.47936996774645874
12.008333333333333,0.4839168958776521,-0.7451832381058471,0.06148684651601318,-7.274929015197415,-0.4794101792324359
12.016666666666666,0.4754800220116119,-1.276094700070398,0.0036667138770263815,-6.603712349962853,-0.47944139904428407
12.025,0.4627126429865229,-1.7841131133509862,-0.048604925331685464,-5.943059501399722,-0.47946542679019166
12.033333333333333,0.4458103682563765,-2.268598658774215,-0.0954037872043421,-5.28935517365088,-0.4794838950078406
12.041666666666666,0.42496366115880196,-2.7311607118311114,-0.13676326659735158,-4.6365078356227665,-0.47949824525670504
12.05,0.4003443937996425,-3.1745287003692586,-0.17266278008949562,-3.977862402724054,-0.47950975490999076
12.058333333333334,0.37209891627834507,-3.6020453340702674,-0.20302712556933838,-3.307054201168595,-0.4795195740404049
12.066666666666666,0.3403439944031814,-4.017442007725464,-0.22773062983776934,-2.6183756566084626,-0.47952875710735854
12.075,0.30516419285680285,-4.424688110827141,-0.24660356891476817,-1.9070024062853619,-0.4795382844715773
12.083333333333334,0.2666107640952468,-4.827753544837118,-0.25944082489081377,-1.1693496249998867,-0.4795490718564085
12.091666666666667,0.22470350350774482,-5.23009691390695,-0.2660151287695525,-0.40388093217290555,-0.47956196540953017
12.1,0.17943896694976838,-5.633588843927091,-0.2661005785609486,0.3871280661345329,-0.4795777184459592
12.108333333333333,0.1308116068925564,-6.036391772834712,-0.2595176029656674,1.1940394060293675,-0.47959702533335224
12.116666666666667,0.07885881877681739,-6.429275985543993,-0.2462180702623492,1.993673847017389,-0.4796207027120226
12.125,0.023743668995169984,-6.7903624161196445,-0.22643333917112465,2.7405684020391337,-0.4796495766361805
12.133333333333333,-0.034118765458290796,-7.080686114014981,-0.200893850079177,3.3599138774056163,-0.4796840005776727
12.141666666666666,-0.09392560636761542,-7.24801704312233,-0.17105836063754185,3.755172982078507,-0.4797231115033619
12.15,-0.15444855520448494,-7.2472549225302805,-0.13916350126835014,3.844665705597755,-0.4797643478212512
12.158333333333333,-0.2142154953678016,-7.068918612960653,-0.10788379997126768,3.611890396342958,-0.479804072332527
12.166666666666666,-0.2718624924146676,-6.746776286829195,-0.07969210822661753,3.1187498097897173,-0.47983917620377947
12.175,-0.3264136939455686,-6.335021141155837,-0.05634943437551436,2.464984071819302,-0.479868219671019
12.183333333333334,-0.37733099739210024,-5.881163932626682,-0.03880435221280834,1.7397972371239463,-0.47989130280547626
12.191666666666666,-0.4244009071173749,-5.415197947430577,-0.027385394035420584,1.0019508560385366,-0.4799093027127726
12.2,-0.46759217256788105,-4.951751365513482,-0.022051515011911934,0.28283802078797826,-0.47992324653515434
12.208333333333334,-0.5069512945742971,-4.49577514644304,-0.02258075501522679,-0.40394897884288716,-0.4799340157743265
12.216666666666667,-0.5425423936438433,-4.047155986530924,-0.028683454905700134,-1.054701863904091,-0.4799423313902479
12.225,-0.5744177065797192,-3.603483579615769,-0.04006263578358026,-1.670800944474383,-0.4799488947136771
12.233333333333333,-0.6026051310042272,-3.1614910137186047,-0.05644470227059152,-2.2561842830966783,-0.4799544066988737
12.241666666666667,-0.6271043341544091,-2.717743083515876,-0.07759487720835624,-2.816091749524297,-0.4799595586921829
12.25,-0.6478867532680396,-2.2689288404844894,-0.10332531463285179,-3.3564834735169735,-0.4799650352105315
12.258333333333333,-0.6648971860767526,-1.8119787104664262,-0.13349980250149057,-3.883754938623763,-0.4799715248400035
12.266666666666666,-0.6780561277671195,-1.3441466060778327,-0.1680364726237415,-4.404509694474111,-0.4799797369755586
12.275,-0.6872630589139865,-0.8631770999717671,-0.2069081627632505,-4.925187898161638,-0.47999042245015944
12.283333333333333,-0.692401982744375,-0.36770839153417,-0.2501382401263696,-5.4512973655396815,-0.48000439432358255
12.291666666666666,-0.6933520644341186,0.1418589823801345,-0.29778706728912113,-5.9858558400880595,-0.48002253967660846
12.3,-0.6900085985833123,0.6616870684253616,-0.34992022156463753,-6.526456452406086,-0.4800458141709875
12.308333333333334,-0.6823225321816434,1.1816897107864692,-0.4065443125935337,-7.060360027802265,-0.48007521924969193
12.316666666666666,-0.670367769956103,1.6818106610150516,-0.46749405909805436,-7.55792165790172,-0.48011159495716804
12.325,-0.6544371242755136,2.1294737366769545,-0.53226784749364,-7.967811296620061,-0.4801551263442389
12.333333333333334,-0.6351373247413543,2.483436212128508,-0.5998602150804653,-8.222897666457119,-0.48020466597303124
12.341666666666667,-0.6134063204041099,2.708799399491319,-0.6687205393868544,-8.2650735460366,-0.48025734448831114
12.35,-0.5903759879463948,2.796605104699671,-0.7369700346643195,-8.078250314399384,-0.48030913863142616
12.358333333333333,-0.5671166710961989,2.7696499505031564,-0.8028195724850089,-7.698558032525008,-0.4803563105427386
12.366666666666667,-0.5444219072147981,2.668162839074283,-0.8649240799719528,-7.190800275466378,-0.4803966040132311
12.375,-0.5227457950406695,2.530802389695752,-0.9224847773344892,-6.617034658014829,-0.48042941244646364
12.383333333333333,-0.5022640687046562,2.385053241926627,-0.9751475765107513,-6.02087499224451,-0.4804552373360924
12.391666666666666,-0.48297310919836445,2.246877454126184,-1.0228407483827473,-5.427178015486007,-0.48047507514326143
12.4,-0.4647732588913594,2.123966140169384,-1.0656404511486928,-4.847597432993773,-0.4804900215850158
12.408333333333333,-0.4475235719563553,2.019003451218132,-1.1036844596929487,-4.286040226076582,-0.4805010863897957
12.416666666666666,-0.43107340210731443,1.9319238237517806,-1.1371243383841314,-3.7423828522243348,-0.48050913263655526
12.425,-0.41527920817358305,1.8612509345370591,-1.1661017688222282,-3.214638356450124,-0.4805148733195746
12.433333333333334,-0.40001293928372816,1.8048297794490538,-1.1907383785500356,-2.7001152012035914,-0.48051888849844065
12.441666666666666,-0.3851659337096203,1.7602053063787704,-1.2111325776301436,-2.1959974050480238,-0.48052164651323803
12.45,-0.37065055189674617,1.7248075894318804,-1.2273597923013686,-1.699612760431932,-0.48052352294884293
12.458333333333334,-0.3564007377761089,1.6960349366743062,-1.239474183263361,-1.2085388438498788,-0.4805248155452765
12.466666666666667,-0.34237212995860056,1.6712847435187148,-1.2475108646786053,-0.7206265012608405,-0.4805257550288942
12.475,-0.3285420363002563,1.6479585429325072,-1.2514881256055788,-0.233981608176729,-0.48052651242330474
12.483333333333333,-0.3149094231295033,1.6234551472264334,-1.2514094000615676,0.25307439887564787,-0.48052720380749364
12.491666666666667,-0.30149497598031455,1.5951616821949641,-1.2472648884628121,0.7420457616922541,-0.48052791347528034
12.5,-0.2883412497585413,1.560439058732666,-1.239032776291352,1.2343262011543508,-0.48052875614284146
12.508333333333333,-0.27551296567944655,1.5166037662984702,-1.22667980018487,1.7312831255217618,-0.4805298992829613
12.516666666666666,-0.263097449800708,1.4609111885857347,-1.210161119064587,2.2343431531975986,-0.48053156833656524
12.525,-0.2512052213926343,1.390535932205328,-1.1894194130781424,2.745092868530163,-0.4805340537271738
12.533333333333333,-0.23997076516999186,1.3025469884602376,-1.1643830642540909,3.265399138576773,-0.48053772055839283
12.541666666666666,-0.22955354031825137,1.193875342967173,-1.1349632385523687,3.7975531454401206,-0.48054302205177707
12.55,-0.2201392983019577,1.061272019306073,-1.101049655855283,4.344441710759396,-0.48055051833806117
12.558333333333334,-0.21194179137946867,0.901256601421662,-1.0625048141121889,4.909746635434495,-0.4805609029881674
12.566666666666666,-0.2052049322013458,0.710062344685668,-1.019156457886372,5.498164095873491,-0.4805750407229311
12.575,-0.20020535898870997,0.483599487717609,-0.9707882294089439,6.115612956085834,-0.4805940210659574
12.583333333333334,-0.19725504645603845,0.2174959978236018,-0.917128907091749,6.769342350615144,-0.48061923399070916
12.591666666666667,-0.19670279009226202,-0.0926359651592982,-0.8578418927904804,7.46770593375813,-0.48065247350628504
12.6,-0.1989314104845373,-0.45035228912903147,-0.7925197671712843,8.219029665669993,-0.4806960729561567
12.608333333333333,-0.2043429178306704,-0.8561460838772783,-0.7206962658001075,9.028246740868223,-0.48075306531141976
12.616666666666667,-0.21331402121298362,-1.302196652743527,-0.6419045558851539,9.888527859151564,-0.48082724646018493
12.625,-0.2260865277808746,-1.7615620230031968,-0.555841318022657,10.763481950751014,-0.48092279349734407
12.633333333333333,-0.24254065333813454,-2.171475511717324,-0.4627265746922191,11.558844877219961,-0.48104268408801854
12.641666666666666,-0.26184461761915334,-2.4249486003168825,-0.36387894058456605,12.106662138852798,-0.48118514292614134
12.65,-0.28220058099069784,-2.4093251795788975,-0.26215078317625073,12.226646787671955,-0.4813398375590263
12.658333333333333,-0.3011568549816858,-2.0944948409931192,-0.16144255454064016,11.870869135979113,-0.4814899024342735
12.666666666666666,-0.31650326276481405,-1.5627559107404732,-0.0652589627909024,11.172564399760029,-0.48162110895601196
12.675,-0.32693353395581104,-0.9326487820459793,0.02434501772223779,10.319913537176806,-0.48172796246603583
12.683333333333334,-0.332013375108989,-0.2887718681682005,0.10667588661381563,9.44181131518567,-0.4818117654653571
12.691666666666666,-0.33182582739504735,0.3273766185150573,0.1818007149241129,8.595510707441344,-0.48187637737777916
12.7,-0.3266763253406494,0.9009898694038405,0.250064561498587,7.7954965276007675,-0.48192578404708264
12.708333333333334,-0.31693440262532274,1.4297241099858808,0.31184312175336587,7.03759249081197,-0.4819633918105372
12.716666666666667,-0.30296525922868184,1.9161440291130794,0.36744613473415805,6.311484774314782,-0.48199194743856694
12.725,-0.28510461064313225,2.3644348111430595,0.417091807919341,5.606036461152159,-0.4820136423728666
12.733333333333333,-0.2636512154658613,2.779172567424395,0.4609093754575778,4.911189481005356,-0.48203024920472504
12.741666666666667,-0.23886545499612966,3.164971421740341,0.49895062970372017,4.21843041868027,-0.48204323534610105
12.75,-0.21096920197991517,3.5264706890255613,0.5312026170305406,3.520694412454577,-0.48205384538277307
12.758333333333333,-0.18014523438951624,3.8684332495307165,0.5575985502148962,2.812070260402469,-0.4820631565876495
12.766666666666666,-0.1465357268061917,4.195858162835631,0.5780260008378585,2.0874591366040494,-0.4820721140422695
12.775,-0.11023991712573833,4.514059408700888,0.5923323415106492,1.342267598478383,-0.4820815506445433
12.783333333333333,-0.07131140458245595,4.828666734097768,0.600328044289623,0.5722169218058903,-0.4820921952951228
12.791666666666666,-0.029756014521472158,5.1454703734056055,0.6017893410860217,-0.22658555460577784,-0.4821046703162165
12.8,0.014467825276450448,5.469929034131179,0.5964636168991906,-1.0569795448140114,-0.4821195294235261
12.808333333333334,0.06144205322811364,5.8059936346426655,0.5840848485144908,-1.9188955630689766,-0.4821375252653365
12.816666666666666,0.11126723262168145,6.153598442345962,0.5644128537544522,-2.8052250087257553,-0.48215978655910624
12.825,0.16401055775670817,6.5037125020814175,0.5373230457098328,-3.6934975557560734,-0.4821877813952499
12.833333333333334,0.21959936581571832,6.830230744111496,0.5029880529903799,-4.532210756752045,-0.482223012641045
12.841666666666667,0.27764147620151003,7.08165375535941,0.46218205532453216,-5.2270249914918026,-0.48226618330829335
12.85,0.3372157975008155,7.185404711515929,0.41663049485489406,-5.649085855171597,-0.48231582593608313
12.858333333333333,0.3968161074601988,7.0817915995313045,0.3690873471435149,-5.6946335828710435,-0.48236748503384247
12.866666666666667,0.4546620988835087,6.770400199447799,0.32277197250557715,-5.365511285193623,-0.48241523025727434
12.875,0.5092476962394779,6.312425064504671,0.2803975363461891,-4.772455764128738,-0.4824547836591232
12.883333333333333,0.5596779416489511,5.784733371903513,0.24357432915790006,-4.054304992213097,-0.48248500661903737
12.891666666666666,0.6056226569209625,5.242670939890209,0.21288682509138654,-3.31249706459597,-0.48250697068827664
12.9,0.64709578868447,4.714408556893596,0.18827985322779464,-2.6006462640662655,-0.4825224929302052
12.908333333333333,0.6842629531705957,4.2099094240575345,0.1693994334562086,-1.939839342060781,-0.4825332934582215
12.916666666666666,0.7173292696153196,3.7298892645821224,0.1557954538065325,-1.3341458582394299,-0.48254073045015683
12.924999999999999,0.7464871497196597,3.2712095947521016,0.14702011634137577,-0.7800445002294534,-0.4825458002472889
12.933333333333334,0.7718966284966912,2.8295215416867694,0.14266917721030165,-0.27111253977438904,-0.48254921291328073
12.941666666666666,0.7936807052868515,2.400396226111362,0.1423962642648501,0.19990682268935545,-0.48255147011048377
12.95,0.8119266928276562,1.9797305163353536,0.14591589315843614,0.6402955700835447,-0.48255293897429136
12.958333333333334,0.82668939543726,1.5638214145573364,0.1530024654314289,1.0571375145118815,-0.4825539340682346
12.966666666666667,0.8379942126275293,1.1492982604427198,0.1634886681556362,1.4573515238618433,-0.48255474560419387
12.975,0.8458394500567996,0.7330081424087442,0.17726453380582874,1.8478039552880166,-0.48255564643434046
12.983333333333333,0.8501975989153259,0.3118870236029179,0.19427758081291838,2.235448678649899,-0.4825569006011665
12.991666666666667,0.8510155567492701,-0.11716226296254192,0.21453410803036616,2.627458591195829,-0.4825587740870032
13.0,0.8482139408911941,-0.5573601362652392,0.23810141704319565,3.031307797779744,-0.4825615561974233
13.008333333333333,0.8416859118924478,-1.0120712145009885,0.2651102954280666,3.4547393268275695,-0.4825656210818681
13.016666666666666,0.8312963386430586,-1.4846797670099203,0.2957563422851582,3.9054837282250925,-0.4825714854397882
13.025,0.8168832145367523,-1.9781334180616053,0.33029689599627055,4.390415213187292,-0.48257985714061064
13.033333333333333,0.7982653668813969,-2.4938121481604942,0.36903666911004707,4.913552277671728,-0.4825916880939653
13.041666666666666,0.7752644104124929,-3.029115833625818,0.41228843478483485,5.471853011332451,-0.48260820702443574
13.049999999999999,0.7477549099487504,-3.572987162999442,0.460284673526887,6.047440541740067,-0.48263086080730166
13.058333333333334,0.7157612899438984,-4.09934648605949,0.5130079941752657,6.5961793255032175,-0.48266101299556075
13.066666666666666,0.6796076198310121,-4.562122180031232,0.5699290804618736,7.038884631043071,-0.4826992087928421
13.075,0.6400674400305032,-4.902420724444011,0.6297420595610103,7.273310670488284,-0.48274410137112056
13.083333333333334,0.5983673802337236,-5.076352298099783,0.690348716102289,7.221780156978389,-0.4827919448805083
13.091666666666667,0.5559244429604634,-5.085216439514644,0.7493006412696588,6.883346266501678,-0.48283779905285396
13.1,0.5139506931570575,-4.973132777340455,0.8044738289992335,6.330489317686941,-0.4828777892460157
13.108333333333333,0.473218106854514,-4.796011200191846,0.8544750072664239,5.656610107395639,-0.4829103157395072
13.116666666666667,0.434076633412751,-4.596836397771387,0.8986183551069375,4.93402811173714,-0.48293564068773337
13.125,0.3965956707913653,-4.4002629300761695,0.9366923614938866,4.204775357385134,-0.4829549228549373
13.133333333333333,0.36070059454241965,-4.217227193756224,0.9687348421863217,3.4883912106363226,-0.4829695179257981
13.141666666666666,0.3262624802903802,-4.050647133133011,0.9948870179086877,2.7915379578961335,-0.48298065304072196
13.15,0.2931472237694194,-3.899338307220939,1.0153159568993715,2.1145771140319463,-0.48298932702068187
13.158333333333333,0.26123961126563877,-3.760208090079984,1.0301789478832721,1.4552245378763637,-0.48299630714693703
13.166666666666666,0.23045404338524922,-3.6293662806743487,1.0396099643709513,0.8103691641157605,-0.4830021559687004
13.174999999999999,0.20073870973682198,-3.502650513007697,1.0437166860596598,0.17689585735889155,-0.4830072613802453
13.183333333333334,0.17207675134327435,-3.375859137570781,1.0425820252307478,-0.4479965235803535,-0.4830118639091885
13.191666666666666,0.14448611513311327,-3.2448497011609474,1.036267209961096,-1.06671071599846,-0.4830161395976348
13.2,0.1180189264048674,-3.1055616147185385,1.0248148662469383,-1.6813321606713731,-0.483020328119466
13.208333333333334,0.09276082589626691,-2.954009953712268,1.0082510439329953,-2.293780847101392,-0.48302475891348495
13.216666666666667,0.06883040300402676,-2.786267973367458,0.9865858607975606,-2.9059942012029665,-0.48302985620479827
13.225,0.04637882915011262,-2.5984364254174426,0.9598124634890334,-3.5201476789714405,-0.4830361476349194
13.233333333333333,0.025589810565694864,-2.3865967844406737,0.9279039959460804,-4.1389127525352425,-0.48304427788243426
13.241666666666667,0.006680017529370721,-2.146742597847499,0.8908082495647602,-4.765756154400174,-0.4830550296572571
13.25,-0.010099801832878478,-1.8746830391277547,0.8484396298731237,-5.405285369366,-0.4830693558510324
13.258333333333333,-0.024462780491437186,-1.5659174273129484,0.800668046762714,-6.063640529596851,-0.48308842855325573
13.266666666666666,-0.03608276576439549,-1.2154953856029957,0.7473044032835415,-6.7489120754088185,-0.4831137132823359
13.275,-0.044590105309045995,-0.8179216129123075,0.6880827521385636,-7.471498838461787,-0.48314708004405615
13.283333333333333,-0.049567366916053596,-0.36728138498474616,0.6226405352433092,-8.244138497634378,-0.48319096527018335
13.291666666666666,-0.05054850502156674,0.1419354685211292,0.5505022739235765,-9.080852205914278,-0.4832485937728817
13.299999999999999,-0.04703163326581117,0.7120869334923461,0.4710828244639545,-9.99279786908761,-0.483324249498283
13.308333333333334,-0.03853174738261216,1.3348792115410584,0.38375322326118894,-10.976272290579663,-0.48342349998765144
13.316666666666666,-0.024732691180996223,1.9741125370665054,0.2880685076751074,-11.984176247856926,-0.4835526923313049
13.325,-0.005834071537349127,2.537201568538882,0.18432288153908868,-12.87752076748569,-0.4837161131171274
13.333333333333334,0.016900576090258895,2.865182340388062,0.07445854717447367,-13.405320559179911,-0.48390925425542264
13.341666666666667,0.04085675211083487,2.8169875956271744,-0.037424628149293065,-13.340375976735595,-0.4841129250702546
13.35,0.06284101510581076,2.41069717872812,-0.1462928386766979,-12.712166268550853,-0.4843009673033863
13.358333333333333,0.08047784878446054,1.8029865377325065,-0.24843384200965782,-11.772696132476577,-0.4844570921765932
13.366666666666667,0.09275284295270328,1.1429680095311194,-0.3423018650953715,-10.755874362509978,-0.4845792736381855
13.375,0.09960748535409746,0.5101285172268508,-0.4278165433722629,-9.778864500063698,-0.48467269826057796
13.383333333333333,0.10141212484026006,-0.0668679662785832,-0.5054933348117708,-8.876491728433024,-0.4847437279152345
13.391666666666666,0.09866294958531203,-0.582940973912423,-0.5759624900281675,-8.047384167800066,-0.48479769744964674
13.4,0.09185617697761454,-1.0415725274777428,-0.6397843471770923,-7.278708193465826,-0.4848386805348523
13.408333333333333,0.08144682776910712,-1.44857153661765,-0.6974020391574974,-6.556087077082945,-0.484869746825928
13.416666666666666,0.06784019969457468,-1.8098753015411018,-0.7491450236006104,-5.866871547823545,-0.48489322497213305
13.424999999999999,0.05139395720770114,-2.130942774274495,-0.7952474756030695,-5.200861161911903,-0.48491091490082416
13.433333333333334,0.032422499792984304,-2.416712357196384,-0.8358683692412638,-4.550151401118986,-0.4849242392656525
13.441666666666666,0.011200824336612665,-2.671727575139746,-0.8711090016362054,-3.908731013768597,-0.4849343459874573
13.45,-0.012032815659782446,-2.9002871593208965,-0.9010269419450286,-3.2720456166918197,-0.4849421760417225
13.458333333333334,-0.037075426477634545,-3.106573563204587,-0.9256464573662685,-2.6365935741433106,-0.48494850764095176
13.466666666666667,-0.06375873221545122,-3.294750305976044,-0.9449657634846488,-1.9995684491812875,-0.48495398468789763
13.475,-0.091949322207452,-3.469030950350188,-0.9589614874724117,-1.358547116236459,-0.48495913481182057
13.483333333333333,-0.12154927373698052,-3.6337249713071826,-0.9675907133594284,-0.711221230918119,-0.4849643804110059
13.491666666666667,-0.15249707106792423,-3.793262929172579,-0.9707909775186572,-0.055175069853824234,-0.4849700446975276
13.5,-0.18476862893744483,-3.952193186138678,-0.9684786657321524,0.6122680164972137,-0.4849763611819222
13.508333333333333,-0.21837806982557298,-4.115121816281589,-0.9605466404190318,1.2940717214711102,-0.48498358217352816
13.516666666666666,-0.2533776844260152,-4.286566049613069,-0.9468621904793619,1.9933674705791162,-0.48499212349003035
13.525,-0.289855887365006,-4.470589310254187,-0.9272673904703557,2.712939103898613,-0.48500260997318456
13.533333333333333,-0.32793046806283,-4.6699862174046345,-0.901586677848658,3.4539228074112645,-0.4850159097707083
13.541666666666666,-0.36773178353952113,-4.884590924482606,-0.869650854407203,4.213008976708568,-0.4850331554409992
13.549999999999999,-0.40936592031764807,-5.1080336356153735,-0.8313545010867173,4.977004922636334,-0.48505570522395713
13.558333333333334,-0.45284202152761105,-5.3223423124620615,-0.78677366372993,5.713737138475192,-0.4850849379589039
13.566666666666666,-0.4979481366369414,-5.491484491806571,-0.7363703594472427,6.361161452678428,-0.48512170820762657
13.575,-0.5440888065701031,-5.560392656685771,-0.6812612331270024,6.825844047714654,-0.4851653788810709
13.583333333333334,-0.5901811127261459,-5.471983635338777,-0.6233852281431479,7.012144127738874,-0.48521292835529123
13.591666666666667,-0.6347798118857689,-5.20243733054509,-0.565279661308683,6.882387121429211,-0.485259399418443
13.6,-0.6764645762763649,-4.781429718765284,-0.5094112024520588,6.490848447028685,-0.4853001092281212
13.608333333333333,-0.7142208988846127,-4.270370218888885,-0.45752437886718816,5.945630947838743,-0.48533267303200184
13.616666666666667,-0.7475471526731126,-3.726027946139267,-0.41046500018757903,5.345874948814522,-0.48535709708231334
13.625,-0.77632930939253,-3.1838983317315086,-0.36840342715719493,4.753277055915325,-0.4853746676796262
13.633333333333333,-0.8006651289954,-2.660477182291246,-0.3311431922027802,4.196210159903912,-0.48538696474878906
13.641666666666666,-0.820736952465999,-2.1607677344478207,-0.2983444573204178,3.6827949917593235,-0.485395391770516
13.65,-0.8367422579833325,-1.6841483518764901,-0.26964702697274556,3.2110990522870875,-0.4854010520438783
13.658333333333333,-0.8488621717343219,-1.2276981023549685,-0.24472732472665554,2.7749349028949326,-0.48540476880752376
13.666666666666666,-0.8572498720580998,-0.7878013670711216,-0.22332055577017684,2.366687148449042,-0.48540714312630956
13.674999999999999,-0.86202806250091,-0.36082477682098363,-0.20522672936720637,1.9785404996788516,-0.48540860995928165
13.683333333333334,-0.8632899698806118,0.056657413579232714,-0.19031008875300584,1.602931106559888,-0.485409482082495
13.691666666666666,-0.8611012457816946,0.46784366407461475,-0.1784964542712815,1.2326442168535516,-0.4854099858407903
13.7,-0.855501610497726,0.8757759544007472,-0.1697704779583715,0.8607574099127342,-0.4854103136258979
13.708333333333334,-0.8465056876430227,1.2834563574838291,-0.16417371800316538,0.48051173752924176,-0.48541065925888927
13.716666666666667,-0.834102809153539,1.6939742857518418,-0.16180388549525626,0.08516456178548674,-0.4854112272314265
13.725,-0.8182557569703721,2.1106321636022694,-0.1628153146085771,-0.33215217935539815,-0.48541223976063164
13.733333333333333,-0.7988985364972553,2.5370480780147124,-0.1674204459676114,-0.7785264046981294,-0.4854139655101304
13.741666666666667,-0.7759334713933893,2.9772088744517733,-0.17589179636784957,-1.261277493429919,-0.48541677512922715
13.75,-0.7492283491501486,3.435381827893187,-0.18856316017043706,-1.7877176380170323,-0.48542118802115
13.758333333333333,-0.7186155093952459,3.9156925719673823,-0.20582669094527345,-2.3643259807372137,-0.48542793133588363
13.766666666666666,-0.6838971164065463,4.420970530676716,-0.22811845235920133,-2.9946473753955036,-0.48543801424719907
13.775,-0.6448656188671407,4.950091566533839,-0.25587680954630215,-3.6745881544334664,-0.48545279663269414
13.783333333333333,-0.6013566431923816,5.492640315085066,-0.2894438670697811,-4.383092042246777,-0.4854739774669291
13.791666666666666,-0.5533605890664917,6.020231767640323,-0.3288648417827858,-5.067106653634402,-0.4855033159065692
13.799999999999999,-0.5012104490175276,6.4782576594332495,-0.37355603843019247,-5.627459540446744,-0.48554179068254105
13.808333333333334,-0.4457908342510188,6.792340021419124,-0.4219386581326436,-5.930496609109121,-0.4855881908307857
13.816666666666666,-0.3885712126898578,6.904736687119646,-0.4713823372985156,-5.871935237528873,-0.4856382871691429
13.825,-0.3312725718515498,6.817358428599797,-0.5187912383598865,-5.452357616865712,-0.48568632792632094
13.833333333333334,-0.27534331973268383,6.588172903941583,-0.5615281722938786,-4.77174072820154,-0.4857280229676859
13.841666666666667,-0.2216676015300308,6.286937690270713,-0.5979399540991821,-3.952893370954826,-0.4857619562013673
13.85,-0.17062100968692193,5.963260645485199,-0.6272792462314318,-3.085646119170085,-0.48578880498051424
13.858333333333333,-0.12227024462986669,5.642528337897417,-0.6493719720303319,-2.219137090089361,-0.4858100385521996
13.866666666666667,-0.07654494835629978,5.333731154677596,-0.664327850466372,-1.3748356113712306,-0.4858271157700086
13.875,-0.03334044370797397,5.037152069043696,-0.6723669652966765,-0.5595090429283934,-0.4858411833482946
13.883333333333333,0.007431407175849742,4.749102438292926,-0.6737337981232244,0.22681209394127358,-0.48585302681121423
13.891666666666666,0.045820505799575924,4.46436988371582,-0.6686600454142735,0.9867764074005284,-0.4858631548941216
13.9,0.08183123762236517,4.177361091079845,-0.6573509574829169,1.7239122007048475,-0.4858720652552394
13.908333333333333,0.11542155625571719,3.882573342798881,-0.6399810385433358,2.442022093288558,-0.48588036381679645
13.916666666666666,0.146504611266357,3.5747700382184417,-0.6166924227628399,3.1450825502185817,-0.48588876403984416
13.924999999999999,0.17495114229239211,3.249005560419323,-0.5875928870756087,3.8374025883086675,-0.4858980910679896
13.933333333333334,0.20059172065456007,2.9005719045882894,-0.5527519531322247,4.523907984401551,-0.48590929552785755
13.941666666666666,0.22321835198194337,2.5249033323760535,-0.5121943571874665,5.2104796327087035,-0.48592347943791914
13.95,0.24258520747749995,2.1174683197955235,-0.4658906583212616,5.904292194312959,-0.48594193863576157
13.958333333333334,0.2584085661332978,1.6737008751168256,-0.41374529033988827,6.614069158006098,-0.4859662278570656
13.966666666666667,0.2703667372550529,1.18909540219072,-0.35558344417846355,7.3500598378958,-0.48599825518285344
13.975,0.2781023995973911,0.6597659183371279,-0.29114080455230645,8.123257676756982,-0.48604040841992324
13.983333333333333,0.2812337536827945,0.08417087949567228,-0.22006659051614083,8.942708875260614,-0.48609569560621513
13.991666666666667,0.27938974770445946,-0.5324892499970924,-0.14196510578067176,9.808375585622889,-0.48616781778788887
14.0,0.2723018872178592,-1.1685946273248697,-0.056530445016220496,10.695040314942823,-0.48626097273135227
14.008333333333333,0.26000615230169716,-1.7695273562089915,0.03613330123738171,11.52404987938041,-0.4863786832719015
14.016666666666666,0.2431853922709464,-2.234235090397561,0.1349472237063255,12.138931472569148,-0.486520545147084
14.025,0.22348902986784427,-2.442082389045001,0.23730819877959833,12.346953412983119,-0.4866778363374609
14.033333333333333,0.20335680934800116,-2.340402580227905,0.339341180956037,12.062660568368715,-0.48683381024769634
14.041666666666666,0.1851593768163694,-1.9968365078026598,0.4372790179903065,11.394816156826012,-0.48697240011632925
14.049999999999999,0.17040327797306817,-1.5342818567229235,0.5287394590894221,10.539315486075445,-0.48708613310744764
14.058333333333334,0.15964758855131964,-1.048623343390495,0.6128337373027769,9.644891719654428,-0.48717544700942284
14.066666666666666,0.15284923473657086,-0.5896683328993891,0.6895858727038684,8.784217329590478,-0.48724422548038215
14.075,0.1496916419150292,-0.17637516126843797,0.7593981349837358,7.980721193986644,-0.4872967909046827
14.083333333333334,0.14977133653821223,0.1873096844698324,0.8227595403636235,7.235180189702058,-0.487336814309342
14.091666666666667,0.15268145195596158,0.5035270387069785,0.8801252664239751,6.540282322543162,-0.48736716213700926
14.1,0.1580431700234584,0.7764519038311544,0.9318797443254162,5.886991937650293,-0.48739003612436327
14.108333333333333,0.16551479837267133,1.010662768749425,0.9783339786708017,5.26693389614871,-0.48740713126193547
14.116666666666667,0.17479227739972147,1.210564320575633,1.019734665771896,4.6730916244518514,-0.487419764953886
14.125,0.18560693030211534,1.3802366871789213,1.056275946259014,4.099848622593691,-0.48742897432689974
14.133333333333333,0.19772272667207222,1.5234418491652664,1.0881103815158208,3.542804018731563,-0.48743558577961765
14.141666666666666,0.2109338421616536,1.6436773800490636,1.1153580921071244,2.9985324425852844,-0.4874402637179787
14.15,0.22506270436752765,1.7442354829005065,1.1381139011476729,2.4643510392939207,-0.48744354455356065
14.158333333333333,0.23995849922782775,1.8282534114747904,1.1564526425786232,1.9381134905962984,-0.4874458605102158
14.166666666666666,0.2554960504661485,1.8987526119265634,1.1704328801549957,1.4180344626127612,-0.4874475564348757
14.174999999999999,0.27157498258681495,1.9586680171061712,1.180099283041768,0.9025421568908617,-0.4874489017836048
14.183333333333334,0.2881190955558221,2.0108699717107785,1.185483876609274,0.39015516159787195,-0.4874500992096913
14.191666666666666,0.30507589930195905,2.058180941436997,1.1866063556873643,-0.12061986615557069,-0.4874512906571527
14.2,0.3224162631566023,2.103385408809104,1.1834736464018953,-0.6313630539194693,-0.48745257264352854
14.208333333333334,0.34013411515863035,2.1492342033643754,1.1760789625600718,-1.1437962706896763,-0.48745406345314396
14.216666666666667,0.35824618423213767,2.1984479346750265,1.164400365117009,-1.6598403299870452,-0.48745594466937125
14.225,0.37679169764652176,2.2537008356632353,1.1483990245373874,-2.181625900319878,-0.4874584680086647
14.233333333333333,0.3958318243713689,2.3175728514507545,1.1280176175585612,-2.711446365249937,-0.4874619634226801
14.241666666666667,0.41544849514529497,2.392441511929516,1.103179496459237,-3.251609327426804,-0.48746685038390974
14.25,0.43574189765026383,2.480260457771599,1.0737897959462908,-3.804101143609565,-0.48747365185058444
14.258333333333333,0.45682534732531155,2.582130988383839,1.039740617986555,-4.369910377815371,-0.4874830083663057
14.266666666666666,0.47881521275094974,2.697511754618682,1.0009241316994832,-4.947751080019764,-0.48749568501641466
14.275,0.5018119897643615,2.822843472310984,0.9572600983699393,-5.531806657457482,-0.4875125541084636
14.283333333333333,0.5258666793402711,2.9493733051162554,0.9087476676063103,-6.108117100120735,-0.48753451893787997
14.291666666666666,0.5509258881250408,3.0603106317589734,0.8555527213098801,-6.649799412762519,-0.48756232214150647
14.299999999999999,0.5767543701742206,3.1286411135011667,0.7981334511715855,-7.113289982701589,-0.48759618326472126
14.308333333333334,0.602853493064294,3.1190964003008554,0.7373739208940967,-7.441467392003224,-0.4876353078480219
14.316666666666666,0.6284288361291326,2.998420328523504,0.6746369511064012,-7.580646924324633,-0.4876775620405781
14.325,0.6524741996820199,2.751683126779847,0.6116237106167319,-7.507690358106844,-0.4877197915839423
14.333333333333334,0.6739735439320371,2.3916506675011973,0.5500380691111978,-7.24534207612105,-0.4877588635208866
14.341666666666667,0.6921112780952243,1.9511433699886287,0.491240629926957,-6.84894128475936,-0.48779271105370836
14.35,0.706370345646331,1.4663080743871728,0.4360941920381161,-6.378119722670215,-0.48782063606206766
14.358333333333333,0.7165051166076774,0.9650265213833269,0.38501948684518544,-5.8775311524151315,-0.4878429370849655
14.366666666666667,0.7224565745786992,0.464342685490388,0.3381450857854772,-5.372945061120671,-0.48786037868171916
14.375,0.7242699831625635,-0.027220300028552226,0.2954496739944389,-4.875527028163813,-0.4878738197042508
14.383333333333333,0.7220372775201997,-0.5065036264904088,0.2568600319761238,-4.387411411385311,-0.48788403990270957
14.391666666666666,0.7158629960471513,-0.973329631438618,0.22230766943936195,-3.905875737722758,-0.48789172894386007
14.4,0.7058459784524153,-1.4290700947238302,0.19175777889088857,-3.425867799721936,-0.4878975192840166
14.408333333333333,0.6920700041393393,-1.8758801134746494,0.16522227271818873,-2.941389269590152,-0.48790199898386116
14.416666666666666,0.6745990014445727,-2.316329291374306,0.14276437775258508,-2.4462041206467138,-0.48790572804870747
14.424999999999999,0.6534743623334696,-2.7532394277183587,0.12449895707063333,-1.934199590423142,-0.4879092549047788
14.433333333333334,0.6287132135014905,-3.1895989883154123,0.11059048415734708,-1.3996195767616846,-0.4879131301396332
14.441666666666666,0.6003074430882888,-3.628449861476969,0.10124899016297446,-0.837347265160876,-0.4879179159195015
14.45,0.56822418911964,-4.072626059655878,0.09672276520849862,-0.24344212804677448,-0.48792418922954933
14.458333333333334,0.5324097272479604,-4.524159650605049,0.09728448722247109,0.3837513812061096,-0.4879325368582114
14.466666666666667,0.4928007428817415,-4.983037387074519,0.10320390454430559,1.0413728590417182,-0.4879435920619461
14.475,0.44935008446937763,-5.444897565084484,0.11469491284614419,1.7180190717880208,-0.4879581466201804
14.483333333333333,0.40207758448735637,-5.897275796343047,0.131819204166989,2.3872804044355207,-0.4879771231464189
14.491666666666667,0.3511572149010631,-6.314889179404183,0.15432783545726608,2.9997584710543683,-0.4880013524153666
14.5,0.2970373867038044,-6.657308655690573,0.18144801590475468,3.479502953788517,-0.4880310927365915
14.508333333333333,0.2405463170165149,-6.8762215774265805,0.21170126264382017,3.7374519409936964,-0.4880653985975212
14.516666666666666,0.18287815186672185,-6.936391997425629,0.24293670416291752,3.7088973704968216,-0.4881018758638849
14.525,0.1253858246973284,-6.837231284022599,0.2727086036509233,3.391859798608632,-0.4881374107070539
14.533333333333333,0.06927456804009162,-6.612373866362308,0.2988317459555301,2.8466573898223335,-0.4881694910837607
14.541666666666666,0.015399546253875488,-6.308011672137092,0.31975539322142194,2.157848275707429,-0.48819696990641415
14.549999999999999,-0.03574647802887306,-5.9626348265411435,0.3346015274739716,1.3981884716234885,-0.4882198710302428
14.558333333333334,-0.08393140121365873,-5.600172476688889,0.34299757645921314,0.6158600012614587,-0.4882387923136123
14.566666666666666,-0.129068102406234,-5.232201652078109,0.34487862471305025,-0.16233429201553717,-0.48825442991812246
14.575,-0.17113008143894184,-4.862408815123509,0.3403396522525813,-0.9236335065012723,-0.4882673778204021
14.583333333333334,-0.21010167836446472,-4.490184890440886,0.3295451033757908,-1.6633406216700388,-0.4882782581405203
14.591666666666667,-0.2459523427594401,-4.112839960638816,0.3126782434521696,-2.3811883888954304,-0.4882878111788912
14.6,-0.2786249929316634,-3.7268431318010267,0.2899134627769664,-3.07934252532755,-0.48829687305645836
14.608333333333333,-0.30803199291097677,-3.3284664402025417,0.2614006395597247,-3.7614106739718163,-0.48830636535882244
14.616666666666667,-0.3340550254530676,-2.9141139236578684,0.227255304422389,-4.431975497862608,-0.48831729891313913
14.625,-0.3565470756684343,-2.480525868503901,0.1875516871041756,-5.096323825382172,-0.48833078926806717
14.633333333333333,-0.37533613008448014,-2.0250122315208534,0.14231811417892043,-5.760109461709597,-0.4883480820740476
14.641666666666666,-0.3902315496183129,-1.5458972767543697,0.09153651166152013,-6.4286444819962485,-0.48837058431552166
14.65,-0.4010359562531848,-1.043457817210916,0.03515091838355793,-7.105344740310341,-0.4883998893007304
14.658333333333333,-0.4075685035949254,-0.5218089579316327,-0.026904953260400096,-7.788554421982218,-0.4884377632967281
14.666666666666666,-0.40970987275502097,0.007672035244956965,-0.09464332065386928,-8.465706930889821,-0.4884860201985203
14.674999999999999,-0.40748330623870693,0.5211905176875501,-0.16789593687279075,-9.10437440949433,-0.4885461517679697
14.683333333333334,-0.4011801369115775,0.9777106761556235,-0.24610899980804068,-9.643469075150325,-0.4886185846888986
14.691666666666666,-0.3915010673501793,1.321677902383196,-0.32810351927140524,-9.996571519132605,-0.48870152583737003
14.7,-0.37960846346187566,1.5026466704820896,-0.4119732550249644,-10.08338227717134,-0.48879011272506906
14.708333333333334,-0.3669563082187743,1.5055706210438258,-0.4953448492947871,-9.879549595563475,-0.48887730711962485
14.716666666666667,-0.3549247690607778,1.362059503056163,-0.5759616329790498,-9.43559384864044,-0.48895658770198125
14.725,-0.344504038319231,1.1287907028735145,-0.6521893175130817,-8.8416880008351,-0.4890242040403272
14.733333333333333,-0.3362128586242011,0.8584347951008631,-0.7231386924360258,-8.180352312744128,-0.4890793610580092
14.741666666666667,-0.33019961511732343,0.5865115446359476,-0.7884939905999219,-7.505699431263248,-0.4891230935578015
14.75,-0.3263871880940289,0.3324093858152877,-0.8482763804258968,-6.845873182303272,-0.4891571404765399
14.758333333333333,-0.3245852736216451,0.10482127897024132,-0.9026657935270049,-6.212374764967033,-0.4891832967468799
14.766666666666666,-0.3245587792071367,-0.09356390677847182,-0.951896797811175,-5.6078503117485505,-0.4892031515239145
14.775,-0.32606444749957414,-0.2631132281291319,-0.9962065536333676,-5.03084985704494,-0.4892180277763319
14.783333333333333,-0.3288688656262621,-0.4056332053387327,-1.0358123585109118,-4.478342251133852,-0.489229002229631
14.791666666666666,-0.3327566282663377,-0.5235453691085196,-1.070904155487695,-3.9469241820598593,-0.4892369440699852
14.799999999999999,-0.3375335868069483,-0.6194855465189427,-1.1016439511582459,-3.4333463802179445,-0.48924255382887116
14.808333333333334,-0.34302776369211546,-0.6961194072168747,-1.1281680430078858,-2.934702515787327,-0.4892463967445101
14.816666666666666,-0.3490892263434955,-0.7560644600752188,-1.1505900771392705,-2.44846020864346,-0.4892489292228844
14.825,-0.35558954907163526,-0.8018628053739816,-1.1690040363886458,-1.9724233850590556,-0.4892505190883859
14.833333333333334,-0.3624211575584667,-0.8359770895261283,-1.1834867882653146,-1.5046690511315886,-0.48925146082064547
14.841666666666667,-0.36949668698600296,-0.8607963453108628,-1.194100073931288,-1.0434785231463257,-0.4892519869140971
14.85,-0.37674840679519933,-0.878645459925793,-1.2008919337476531,-0.5872718566332604,-0.4892522762736033
14.858333333333333,-0.38412772882076135,-0.8917954049224586,-1.2038976124078309,-0.13454880946153963,-0.48925246032049413
14.866666666666667,-0.39160479816962607,-0.902472402714464,-1.2031400050266077,0.3161613264764646,-0.489252628080252
14.875,-0.3991681392192239,-0.9128616622531153,-1.198629764298536,0.7663304573960348,-0.4892528527321162
14.883333333333333,-0.4068243372971157,-0.9251140069701916,-1.190365135378876,1.2174724768747018,-0.48925323881391336
14.891666666666666,-0.41459777102109774,-0.9413484792690078,-1.1783314482687257,1.671176351286978,-0.4892539332195806
14.9,-0.42253032066804264,-0.9636440901019698,-1.1625004351225525,2.1291168028644067,-0.4892551283524033
14.908333333333333,-0.4306809524999822,-0.9940169461333598,-1.1428295470771321,2.59304183125728,-0.4892570669713267
14.916666666666666,-0.4391250152551857,-1.0343716340875884,-1.1192615254404017,3.0647204475988232,-0.48926004890836094
14.924999999999999,-0.447952961161419,-1.0864075892762364,-1.0917246727953869,3.5458203802116683,-0.48926443961006727
14.933333333333334,-0.45726799182472894,-1.1514477629322224,-1.0601346078628455,4.037662948375015,-0.48927067991122314
14.941666666666666,-0.4671817753572111,-1.230135880885013,-1.0243988666975288,4.5407664806547245,-0.48927929518630553
14.95,-0.47780681615231657,-1.3219192261819326,-0.9844266542590356,5.054038683729504,-0.4892908993651099
14.958333333333334,-0.48924323530327674,-1.4242039337472814,-0.9401474486461159,5.5734240246239075,-0.48930618418851674
14.966666666666667,-0.5015567493478782,-1.5310742848525811,-0.8915438551995789,6.089811485550208,-0.4893258754829852
14.975,-0.5147441593299645,-1.6316061242059976,-0.8387050636120886,6.586227098679431,-0.48935062723629263
14.983333333333333,-0.5286845478172495,-1.7082705003005356,-0.7819043818352487,7.035101900253753,-0.4893808201723022
14.991666666666667,-0.5430821274217505,-1.7368594854000448,-0.7216917044417865,7.397972045410739,-0.4894162610466801
15.0,-0.5574227274219361,-1.6902156291230412,-0.6589651487229826,7.631420945142589,-0.4894558779015291
15.008333333333333,-0.5709820827011015,-1.5467996737069076,-0.594958868143119,7.701038837786038,-0.4894976462651659
15.016666666666666,-0.5829146464187982,-1.3003356692096275,-0.5310993571760326,7.597173893561261,-0.48953897128836626
15.025,-0.5924006999436768,-0.9629797489920436,-0.4687672565967438,7.339904827578559,-0.4895774205942768
15.033333333333333,-0.5987791422043254,-0.5590127762987643,-0.4090852435119429,6.96833059139454,-0.48961134714716376
15.041666666666666,-0.6016060168888338,-0.11469476700838692,-0.352830337251401,6.523722621412593,-0.48964005414933154
15.049999999999999,-0.6006383953217105,0.34870513037668777,-0.3004689212777303,6.038235601037003,-0.4896635768072927
15.058333333333334,-0.5957814886904966,0.8169075923184622,-0.25224975075644845,5.532008761223588,-0.48968238243082246
15.066666666666666,-0.5870332617026527,1.2816520111205485,-0.20829762405413593,5.015174803549083,-0.48969716387214124
15.075,-0.5744416785730009,1.738902627906462,-0.1686831587415042,4.491138028143172,-0.48970869767769676
15.083333333333334,-0.5580763284165622,2.1872843635821155,-0.13346659909139183,3.9593790482183504,-0.48971777077874823
15.091666666666667,-0.5380111004416525,2.6269963917660846,-0.10272182083694778,3.4174055124543674,-0.48972515302277864
15.1,-0.5143141857326763,3.059114618329419,-0.07654710867651703,2.862021737387863,-0.4897315920032039
15.108333333333333,-0.4870428441225527,3.485117381821742,-0.05506718370517713,2.2902077788220163,-0.4897378158132103
15.116666666666667,-0.45624176608518385,3.9064703524443702,-0.03842855059391898,1.6998888712888165,-0.4897445353790749
15.125,-0.4219452048563586,4.324108934785112,-0.026787943351335945,1.0908694153390082,-0.48975244080060854
15.133333333333333,-0.3841844639920946,4.7376381614466645,-0.020291264365476354,0.4662350405603763,-0.4897621865620419
15.141666666666666,-0.34300393246314737,5.144047573457657,-0.019037715913485076,-0.16544000885875693,-0.48977435962039495
15.15,-0.29849045997042983,5.535780099349193,-0.023021190600759977,-0.7868206406161548,-0.489789445950751
15.158333333333333,-0.25082109990674367,5.898353129410541,-0.03204083195584115,-1.3678697947427434,-0.4898078542781681
15.166666666666666,-0.20032893708148033,6.208696337789483,-0.04558252428812772,-1.863338946756448,-0.48982979584387565
15.174999999999999,-0.1475713647493834,6.436767462011413,-0.0627001472378858,-2.216166007851546,-0.4898550053757308
15.183333333333334,-0.09336058481873762,6.5532949540349135,-0.0819682383705759,-2.3717066966533626,-0.4898825053021456
15.191666666666666,-0.03870650979693373,6.542177773811802,-0.10159353896185286,-2.30005868750342,-0.4899106719384017
15.2,0.015334710924799303,6.4089491960653815,-0.11969594611640298,-2.011238158297336,-0.489937711528437
15.208333333333334,0.06783575748804294,6.177447588236156,-0.13463222337846084,-1.549330859340088,-0.4899622524171794
15.216666666666667,0.11810385833462203,5.877990168692889,-0.1451965260237333,-0.9713948321789486,-0.48998362863258527
15.225,0.16568736004725174,5.536873360557356,-0.1506429795979977,-0.32845654215310777,-0.4900017698463317
15.233333333333333,0.21032014440266678,5.172114324525386,-0.15059402519407936,0.3425913643361243,-0.49001692300479915
15.241666666666667,0.25185255397846584,4.79395439006548,-0.14492021138502575,1.0186295821134084,-0.49002946748982246
15.25,0.2901954525403125,4.407067536128467,-0.13363927529526912,1.6868223270424234,-0.49003993859634043
15.258333333333333,0.32528307640967685,4.012704205735974,-0.11684547638945626,2.3411215609638765,-0.49004900613343905
15.266666666666666,0.35705150125844987,3.6102671904320114,-0.09466456916819872,2.9796663054892867,-0.4900574302992313
15.275,0.3854278390063414,3.1983369569697553,-0.06722651141795348,3.603085740831159,-0.4900660370643244
15.283333333333333,0.410326335088088,2.7753365533104857,-0.03464961229728497,4.213393312080864,-0.49007570788829086
15.291666666666666,0.431649194854217,2.3400329318215207,0.002967403727667969,4.813139912821355,-0.4900873782485421
15.299999999999999,0.44929154053720305,1.8920570703717816,0.04554627936197923,5.404516642319834,-0.4901020387988789
15.308333333333334,0.4631514267508765,1.4326308289131962,0.09302131806971727,5.98808615580017,-0.4901207296407253
15.316666666666666,0.4731474850512482,0.9657054792168961,0.1453181265286153,6.560786260364787,-0.49014451052296915
15.325,0.47924839156099247,0.49967600477906293,0.20231155986196744,7.112903059910524,-0.4901743768102945
15.333333333333334,0.48151879374373585,0.04954758204980516,0.26375436575443056,7.624172123710758,-0.49021107699472716
15.341666666666667,0.4801822390090764,-0.36142452397636604,0.32917441947534903,8.06059019433479,-0.49025479508832376
15.35,0.47568761074773047,-0.7030609621325565,0.3977616194884246,8.376012315162482,-0.4903047504404165
15.358333333333333,0.46874122751381114,-0.9455298673228416,0.4683066749230778,8.523640069718564,-0.490358891106638
15.366666666666667,0.4602540361205778,-1.0716932265189383,0.5392769562961988,8.476204062096018,-0.4904140313546326
15.375,0.4511913170782357,-1.0863599677968954,0.6090531122708431,8.24137436603037,-0.4904666540294013
15.383333333333333,0.4423907520142383,-1.0139051094366671,0.676219745926497,7.85810134056802,-0.4905139527162261
15.391666666666666,0.4344449238440254,-0.8865848945949514,0.7397521593927809,7.377641885673464,-0.4905544178199841
15.4,0.42768523721968965,-0.7334492616632854,0.7990386275669,6.845651542504685,-0.4905877563183999
15.408333333333333,0.42223358981635173,-0.5754236905446765,0.8537942912517775,6.2944806294300095,-0.4906144628248847
15.416666666666666,0.41807207088384774,-0.42539664423753926,0.9039483822693368,5.743628244740907,-0.4906353958414877
15.424999999999999,0.4151019212871603,-0.2902634544160137,0.9495511020240947,5.2032687923710945,-0.49065150035728217
15.433333333333334,0.41318440037024,-0.1730357497278131,0.9907110738854473,4.677759826835336,-0.4906636674525705
15.441666666666666,0.4121662256871162,-0.07440150388567615,1.0275581380018186,4.168170459848924,-0.49067268004051157
15.45,0.4118944218619528,0.006272590495520781,1.060223090618482,3.673859146859219,-0.49067920242948254
15.458333333333334,0.41222461121533965,0.07034196892451636,1.0888275733064434,3.193380106732597,-0.49068378852174604
15.466666666666667,0.4130254641483448,0.11954067081050979,1.1134796309633583,2.724973251507871,-0.4906868960174966
15.475,0.4141809782147874,0.15579005940034116,1.134272250018005,2.2668123705413636,-0.4906889008040341
15.483333333333333,0.41559156110458906,0.1810948509907529,1.1512833496693198,1.8171191241778848,-0.49069010952440417
15.491666666666667,0.4171744726491968,0.19748853475323802,1.1645763898973096,1.3742046741242258,-0.49069076991231053
15.5,0.41886393811079814,0.20700636627770125,1.174201151958722,0.936473661948839,-0.4906910789213224
15.508333333333333,0.4206111060215741,0.21167354074969386,1.180194464939602,0.502409562804066,-0.4906911888899405
15.516666666666666,0.42238394501489984,0.21350150391072995,1.1825807701349917,0.0705516194239808,-0.49069121202005533
15.525,0.4241671275242612,0.2144875044544344,1.1813724819657618,-0.3605289427034811,-0.4906912248293349
15.533333333333333,0.4259618997842395,0.21661182495335626,1.1765701992144773,-0.79224203312698,-0.49069129591735455
15.541666666666666,0.42778595146769777,0.2218413780088817,1.1681627409434354,-1.2260109987231782,-0.49069152435312063
15.549999999999999,0.42967330899862693,0.2321292817646108,1.156126916465873,-1.6632974515444947,-0.4906920470098278
15.558333333333334,0.4316741911800253,0.2494064889435634,1.1404271540898059,-2.105612074253374,-0.4906930418522837
15.566666666666666,0.433854754839655,0.2755627592709011,1.1210150942609465,-2.5545109384770552,-0.4906947326597912
15.575,0.4362966114245918,0.3124090194571875,1.097829312041688,-3.011565571452284,-0.4906973953233535
15.583333333333334,0.4390959083391871,0.36160768062946597,1.0707954665815216,-3.4782858903311777,-0.49070136575053963
15.591666666666667,0.44236162204567187,0.42454836928489764,1.0398274076670115,-3.9559598193076693,-0.49070704909162455
15.6,0.44621246585924074,0.5021319694814095,1.0048301662703794,-4.445348670861449,-0.490714929227627
15.608333333333333,0.45077142158975303,0.594404388997254,0.9657064092487158,-4.946140267123863,-0.4907255757904084
15.616666666666667,0.4561563066181389,0.6999549897593358,0.9223689483419748,-5.456014657159995,-0.49073964266872655
15.625,0.46246399165644225,0.8149777754179136,0.8747632715495162,-5.969143158778022,-0.49075784600236905
15.633333333333333,0.469745138265989,0.9319350212837281,0.8229054272480707,-6.4740003765127065,-0.4907809006649262
15.641666666666666,0.47796654167670566,1.0379784965095284,0.7669404524244614,-6.950714170420454,-0.49080938532550367
15.65,0.4869615024547204,1.113843317440606,0.707221299741817,-7.369102508408271,-0.49084351078068045
15.658333333333333,0.49637819928061383,1.1348093501214425,0.6443926282044968,-7.690025696503858,-0.4908828134186348
15.666666666666666,0.5056516245052836,1.0756376081565333,0.5794379110279206,-7.87325065275932,-0.4909259067706947
15.674999999999999,0.5140338925601599,0.9192504628041128,0.5136325166838944,-7.89151249681474,-0.49097052951039166
15.683333333333334,0.5206973316926723,0.6643921165007262,0.4483787520496723,-7.742915763946615,-0.49101403190211157
15.691666666666666,0.5248743575931208,0.3260554240575819,0.3849822195947474,-7.4513995282276095,-0.49105409158787655
15.7,0.5259665110317389,-0.07172069471620396,0.32448074925945947,-7.054713866056855,-0.4910892190024045
15.708333333333334,0.5235817306551832,-0.5047066003139631,0.2675919098345037,-6.589924356345565,-0.49111882983629696
15.716666666666667,0.5175106204751002,-0.9537926440335603,0.21475910451539088,-6.085013545554142,-0.4911430467973173
15.725,0.5076764863535286,-1.4061882839971507,0.16623740616824784,-5.557357603202614,-0.4911624327193058
15.733333333333333,0.49408615526652805,-1.8543838248435869,0.12217447907280647,-5.015837022779458,-0.491177765538482
15.741666666666667,0.4767925459841764,-2.2945717466599103,0.08266923652572983,-4.463732453194027,-0.49118990068620394
15.75,0.45586970103807317,-2.7252977674745384,0.04780792087083879,-3.901147896839518,-0.4911997020109484
15.758333333333333,0.43139745138828384,-3.1464943225696755,0.01768293301927031,-3.3267382562405907,-0.4912080129856076
15.766666666666666,0.4034528354918558,-3.5588020397136795,-0.007600405140498784,-2.738920647117263,-0.49121564687229374
15.775,0.3721065110046251,-3.9630229591683848,-0.027925974488498925,-2.1368423655376256,-0.4912233824152268
15.783333333333333,0.3374237380349445,-4.359543012047948,-0.04317699931762111,-1.5213829922661237,-0.49123195665873826
15.791666666666666,0.29947087367837183,-4.747559097015188,-0.05325564437256987,-0.8964682981247863,-0.4912420487155564
15.799999999999999,0.25832968628013697,-5.123951034430878,-0.058115797638259074,-0.2709602485735321,-0.4912542488355943
15.808333333333334,0.2141229126671381,-5.481710207641046,-0.05781456291186037,0.33874500559465925,-0.49126900842920684
15.816666666666666,0.16705430161259308,-5.808107660479998,-0.05258746985780437,0.9057564102928035,-0.4912866075584543
15.825,0.1174621464194186,-6.083532371877587,-0.04294468489979336,1.3910452425052782,-0.49130713628013023
15.833333333333334,0.06587339888910108,-6.282883020820298,-0.029764335896074284,1.7464176967120495,-0.49133032169477564
15.841666666666667,0.013028293138308875,-6.381460560875415,-0.014329392179898155,1.9254345386105085,-0.4913553543761782
15.85,-0.040161524401886806,-6.3644570172905865,0.0017567170124693412,1.900554761971469,-0.4913809240816086
15.858333333333333,-0.09272978971289314,-6.234186459783939,0.016789180722813667,1.6760841867849798,-0.49140555100207556
15.866666666666667,-0.14380004358492005,-6.008911409619898,0.029230261933955184,1.2860664680837322,-0.49142803442619554
15.875,-0.19268599172511972,-5.714328560307698,0.03789875347224363,0.7789989100687874,-0.49144771460647163
15.883333333333333,-0.23891405683682673,-5.374594200752864,0.042019140158787334,0.20154894693763264,-0.4914644389922135
15.891666666666666,-0.28218760752315575,-5.007645030563924,0.04116368988665838,-0.41022989516612823,-0.4914783654242864
15.9,-0.32233084354893365,-4.624692437020068,0.03515439949683982,-1.0322640758552692,-0.4914898217357089
15.908333333333333,-0.359238196420348,-4.231683279336879,0.02397115554379102,-1.6502520570498054,-0.4914993005597882
15.916666666666666,-0.3928380272687322,-3.8310957891625,0.007682526338989902,-2.256745967644202,-0.4915074146191885
15.924999999999999,-0.42307015853293417,-3.4234089571146753,-0.013600663371163448,-2.8487056263821224,-0.4915148509741694
15.933333333333334,-0.44987378740718587,-3.0081340874032483,-0.039754355406182336,-3.4257560728687744,-0.4915223439099762
15.941666666666666,-0.47318255002244436,-2.584525466088155,-0.07065810654764744,-3.9889653998332406,-0.49153066101696125
15.95,-0.49292473486068183,-2.1521328500882384,-0.10620298384265053,-4.5398722497027135,-0.4915405966868935
15.958333333333334,-0.5090280012942905,-1.7113564901253,-0.1462914504967094,-5.079491377924334,-0.4915529665614552
15.966666666666667,-0.5214292756259364,-1.2641600939085709,-0.19082794678218112,-5.607030961818416,-0.49156859391881735
15.975,-0.5300917417098799,-0.8150796713167038,-0.23969671185251953,-6.11807833159565,-0.49158827378267594
15.983333333333333,-0.5350316925590411,-0.37257230014483034,-0.29272182881960096,-6.602158385733629,-0.4916126933389471
15.991666666666667,-0.5363573056341097,0.04955832224502199,-0.34960543154780294,-7.0400751156239565,-0.4916422835078391
16.0,-0.5343167096803536,0.4315838829344729,-0.409847640413606,-7.402563516328973,-0.4916769957492507
16.008333333333333,-0.5293415147104121,0.7498473250464498,-0.472670541936688,-7.6531693931757205,-0.4917160679146294
16.016666666666666,-0.5220573116411892,0.982773811500632,-0.5369936283276726,-7.757879437425736,-0.49175788512169616
16.025,-0.5132312247916946,1.1193292746177448,-0.6015117160739184,-7.69904320762351,-0.4918001424588762
16.03333333333333,-0.5036571853102422,1.1644387293789793,-0.6648762961792059,-7.484486112270278,-0.49184038646478223
16.041666666666668,-0.49402656426652086,1.1367860106266248,-0.7259027972126686,-7.1441051747839746,-0.49187665763216926
16.05,-0.48484443951494066,1.0609298015256892,-0.7837044000837851,-6.7170796823573,-0.4919078527181949
16.058333333333334,-0.47641436009216526,0.9596888410079509,-0.8377147433173668,-6.2395507582477245,-0.49193369404986487
16.066666666666666,-0.46887162254356163,0.8503240513823777,-0.8876326980963245,-5.738576529959453,-0.49195447436833056
16.075,-0.4622330534607884,0.7441252802111101,-0.9333418529028094,-5.2316521851032,-0.49197078162894137
16.083333333333332,-0.4564423651599856,0.6475981961575416,-0.9748386185808292,-4.7287803861837165,-0.4919833016908071
16.091666666666665,-0.4514038389272493,0.5639299756266425,-1.0121801711970622,-4.2349204804101985,-0.49199270694713426
16.1,-0.44700473753187475,0.4941860002069353,-1.0454510101284185,-3.751941778256819,-0.49199960549894317
16.108333333333334,-0.44312928656684314,0.4381403209820475,-1.0747431301496504,-3.2799474653454386,-0.4920045247348756
16.116666666666667,-0.4396670499407515,0.39480617346876873,-1.1001450166880153,-2.8180960920434694,-0.49200791163034296
16.125,-0.4365178082918988,0.3627592588937651,-1.121735965298851,-2.3650828127862473,-0.4920101398068647
16.133333333333333,-0.43359433771440425,0.3403288356831052,-1.1395834524177955,-1.9194080291259898,-0.4920115183683808
16.141666666666666,-0.4308239613494417,0.3257079259879687,-1.1537421689184777,-1.4795190224846164,-0.49201230027892046
16.15,-0.42814940162967013,0.31701514326345415,-1.1642538980682073,-1.0438777479472048,-0.4920126894255816
16.15833333333333,-0.42552924675749615,0.31232797361024944,-1.1711477661607852,-0.6109864450423073,-0.4920128461473464
16.166666666666668,-0.42293821551624977,0.30969940243834854,-1.1744405977343695,-0.17938939122483047,-0.4920128912709844
16.175,-0.42036732672181815,0.30716527347307065,-1.1741372249236528,0.25233803103973906,-0.49201290911664597
16.183333333333334,-0.4178240176795447,0.3027502726904856,-1.170230710510035,0.6855968716596146,-0.4920129657157624
16.191666666666666,-0.4153322325806763,0.29446700673154624,-1.162702462339956,1.1217902372466764,-0.4920131518141437
16.2,-0.4129325410522183,0.28031283785963135,-1.1515220620939095,1.562357643506335,-0.4920135964840042
16.208333333333332,-0.41068225798500474,0.2582722941017559,-1.1366468588620862,2.008799143128156,-0.4920144708458287
16.216666666666665,-0.4086555225252753,0.22632503978041463,-1.1180213793825025,2.4626945600942673,-0.4920159932086953
16.225,-0.4069432709440531,0.18246447777331032,-1.0955766205274837,2.9257109189463466,-0.49201843596267625
16.233333333333334,-0.40565298115948645,0.12473587482549568,-1.06922937228601,3.3995847456329855,-0.4920221344813005
16.241666666666667,-0.4049079673353956,0.05130959735474343,-1.038881872293531,3.8860548262665953,-0.4920274981882127
16.25,-0.4048458288010618,-0.03938327460709379,-1.004422370261723,4.386701497053325,-0.49203502356735546
16.258333333333333,-0.4056153546666891,-0.14840586153609225,-0.9657276739498641,4.902615133239099,-0.4920453080707058
16.266666666666666,-0.4073706736462362,-0.27588339330084244,-0.9226695973922919,5.433764018911447,-0.4920590620832989
16.275,-0.410260626765406,-0.42026511025825813,-0.8751286055985397,5.97785862095441,-0.49207711067129983
16.28333333333333,-0.41441017892953314,-0.5771251377718833,-0.8230199543342449,6.528440969963259,-0.49210036808142626
16.291666666666668,-0.4198894680581639,-0.737388522629557,-0.7663398223747115,7.07198030599663,-0.4921297537051093
16.3,-0.4266661128993092,-0.8851679482405194,-0.7052392298944445,7.584232757055002,-0.4921660023897798
16.308333333333334,-0.43454102944359485,-0.996251011625249,-0.6401263286905948,8.027531331365342,-0.49220932746425766
16.316666666666666,-0.44308233777060546,-1.0396665913041843,-0.5717742619909341,8.353010680554434,-0.4922589739046633
16.325,-0.4515954425170465,-0.9851125540942787,-0.5013726631217597,8.512445843480592,-0.49231288864484307
16.333333333333332,-0.45917815357365077,-0.8151557905411109,-0.4304421259979509,8.47802279534299,-0.49236789147052795
16.341666666666665,-0.4648708708545237,-0.5340966558339644,-0.36059451387597563,8.256669493964921,-0.492420496735347
16.35,-0.4678355118338786,-0.16535114248050145,-0.2932481257979924,7.88549510759811,-0.4924679316888637
16.358333333333334,-0.4674695802489491,0.2601015675304565,-0.22945113800831207,7.412705625165272,-0.4925086802377033
16.366666666666667,-0.46342090502337274,0.714486054714134,-0.16986763675504846,6.880176464040525,-0.49254239936404054
16.375,-0.45553710038179845,1.17791055289204,-0.11486739245664626,6.316305901542911,-0.4925695502080956
16.383333333333333,-0.4437982883608172,1.638203377543739,-0.0646383416249878,5.73685106947459,-0.49259101477360595
16.391666666666666,-0.42826068864824923,2.088904617732833,-0.01927699684342583,5.148659929740058,-0.4926078331995448
16.4,-0.4090177523177188,2.527242744784824,0.02115291544948334,4.553275064578196,-0.4926210654954707
16.40833333333333,-0.3861759847003482,2.952658284550302,0.05658777637652308,3.9495257485439947,-0.4926317328518345
16.416666666666668,-0.3598408083984955,3.3658440226597244,0.08694895938867826,3.3352004885272626,-0.49264079941612815
16.425,-0.3301089266572555,3.768110434929564,0.11213899791335812,2.708142185844788,-0.49264917011376314
16.433333333333334,-0.29706531106279305,4.160879290316081,0.13204566889321834,2.0671060412744184,-0.49265769097681245
16.441666666666666,-0.26078450276571663,4.545125462499497,0.14655330690484739,1.4126868088525795,-0.4926671442415091
16.45,-0.22133740057842402,4.920587563540783,0.1555631840032798,0.748619118577213,-0.49267823267845345
16.458333333333332,-0.1788062339142749,5.2845635267793005,0.15902735889551822,0.08375834562758389,-0.49269154792107184
16.466666666666665,-0.13331179582109207,5.630163301164917,0.15700266288156114,-0.5650545793032973,-0.4927075237273439
16.475,-0.08505715685200543,5.9441809831224,0.14973156346484398,-1.169555764749484,-0.4927264462553944
16.483333333333334,-0.034387494366167226,6.205624518783811,0.13774822553033744,-1.6879266585856296,-0.49274841633813393
16.491666666666667,0.01814780971663917,6.387097443210114,0.12198427104511207,-2.067785527387028,-0.4927731187000176
16.5,0.07176571497885195,6.461532973030773,0.10381234207373363,-2.2585955170934398,-0.49279961508933434
16.508333333333333,0.12549735826262098,6.413314680786224,0.08494955920716162,-2.231632886471686,-0.4928263972146936
16.516666666666666,0.17832329617835935,6.246567702523216,0.06720492575355945,-1.9947076905997279,-0.4928518018884146
16.525,0.229337650958315,5.983158953036627,0.05217594538621294,-1.5885011612393678,-0.4928745488758186
16.53333333333333,0.2778554836899393,5.6522614102152025,0.04104734765146361,-1.0678248046113803,-0.49289402149331485
16.541666666666668,0.3234283057037404,5.280158516573563,0.03455533750855327,-0.4831442377905997,-0.4929101860542416
16.55,0.3657963095574007,4.8855422059270115,0.03306786840833771,0.1282562663632921,-0.4929233381150334
16.558333333333334,0.404822869445653,4.479529388263237,0.0367004412682619,0.7427043519859595,-0.4929338914535428
16.566666666666666,0.4404391007060981,4.06762908117691,0.04541740524777806,1.3469904236542802,-0.4929423522835239
16.575,0.47260595934711747,3.6518027916637195,0.05910450090561374,1.9349374282511638,-0.49294931629048433
16.583333333333332,0.5012916013572095,3.2320297700657736,0.07761572382646874,2.504738189100152,-0.49295542837844497
16.591666666666665,0.5264594853877048,2.807338526645324,0.10080175758080084,3.0571680572587194,-0.4929613589019866
16.6,0.5480633898740067,2.3764659721669346,0.12852629677056587,3.594414195701113,-0.49296779346027486
16.608333333333334,0.5660470062439632,1.9383250597858903,0.1606741235833074,4.119219137864691,-0.4929754308151657
16.616666666666667,0.5803471961207586,1.4924419813820746,0.19715240339931397,4.63406661424482,-0.4929849837930459
16.625,0.5909012885126365,1.0395135989613182,0.2378844810919544,5.140153004593847,-0.4929971767310575
16.633333333333333,0.5976600433385747,0.5822339483924535,0.2827933145533945,5.635886651862256,-0.4930127293441413
16.641666666666666,0.6006090514492414,0.12650348855763874,0.3317696660254309,6.114708538266556,-0.49303231051459334
16.65,0.5998017098604526,-0.31704058847423994,0.38461938282320923,6.562313067316817,-0.4930564394062933
16.65833333333333,0.5954046401416887,-0.7317256343279959,0.44098769490943973,6.9541720354382255,-0.4930853320097318
16.666666666666668,0.5877482604293198,-1.0952252695624811,0.5002720039517178,7.255789405107869,-0.4931186865442875
16.675,0.5773601999537209,-1.3835818549493926,0.5615601102244334,7.42905322784513,-0.493155439262102
16.683333333333334,0.5649475482568767,-1.5792119117836099,0.6236514315246817,7.445404827745942,-0.4931937265344617
16.691666666666666,0.5513080406543698,-1.6789218001430146,0.6851962645035022,7.299274378337306,-0.49323123666109
16.7,0.5371969974611688,-1.6956445842849865,0.7449102051568827,7.011216177629892,-0.49326583757327036
16.708333333333332,0.5232140395166258,-1.6523707426075838,0.8017578510662312,6.618076738410503,-0.49329609725528006
16.716666666666665,0.5097560377363562,-1.5734511175515236,0.8550284922955957,6.158785275944489,-0.4933214262136094
16.725,0.497033033580998,-1.4787704439953377,0.9043091869007827,5.664912454055914,-0.49334190271912226
16.733333333333334,0.4851151323781211,-1.382008565135822,0.9494082424851682,5.157981612595215,-0.49335799650698964
16.741666666666667,0.47398214832500535,-1.2913828233019142,0.9902754832826796,4.650824329148021,-0.49337034023172016
16.75,0.4635629841791098,-1.2111488588089612,1.0269402506435992,4.150117393271889,-0.49337958859677994
16.758333333333333,0.4537626927217768,-1.1429741571865306,1.0594699873640356,3.6586545168441473,-0.493386348440894
16.766666666666666,0.44447961830326327,-1.0869358576959673,1.0879450883340045,3.1769667635248338,-0.49339115208508555
16.775,0.4356157332673835,-1.0421703524211061,1.1124447007690412,2.7043558443787585,-0.49339445279904626
16.78333333333333,0.4270826784450913,-1.0072711856022065,1.1330392789482744,2.2395103077768876,-0.49339662979467275
16.791666666666668,0.41880522173930634,-0.9805234640791584,1.149787073697036,1.7808550146226694,-0.49339799621726776
16.8,0.4107232174483282,-0.9600376896556817,1.162732802974702,1.3267390612732102,-0.49339880710472417
16.808333333333334,0.40279272243772307,-0.9438235258963125,1.1719074567789727,0.8755285885118613,-0.49339926609022466
16.816666666666666,0.39498665763716007,-0.9298283070736889,1.1773286240002392,0.42564420924332363,-0.4933995304787782
16.825,0.38729524168152824,-0.9159550754181175,1.179000984111479,-0.024434048585067487,-0.4933997146929179
16.833333333333332,0.37972632440575205,-0.9000704187445263,1.1769167620532066,-0.4761767002991314,-0.4933998963362013
16.841666666666665,0.37230566941159376,-0.8800078640925758,1.1710560922738347,-0.9310208364640107,-0.4934001560743605
16.85,0.3650772597479323,-0.8535598155069766,1.1613871019608815,-1.390419680151421,-0.49340061421935766
16.858333333333334,0.3581036695420062,-0.8184710445649629,1.1478655761233374,-1.8558900399911604,-0.49340143721860175
16.866666666666667,0.3514664848950449,-0.7724330246620313,1.1304342214068357,-2.329062792201626,-0.49340284317954375
16.875,0.3452667667937715,-0.7130799318883815,1.1090214883542877,-2.8117378910764796,-0.49340510946589844
16.883333333333333,0.33962552901374166,-0.6379898447980902,1.0835399307189133,-3.3059393694249346,-0.4934085829183563
16.891666666666666,0.33468416199442386,-0.544698109614652,1.053884138573782,-3.8139602395718524,-0.49341369342911184
16.9,0.3306046498761321,-0.430736803630385,1.0199284076537751,-4.3383759303285325,-0.4934209717291203
16.90833333333333,0.32756926118376095,-0.29372786348102853,0.9815245678172664,-4.881982646917995,-0.4934310721747674
16.916666666666668,0.3257790667333294,-0.1315835170828708,0.938500917071309,-5.447573983054056,-0.493444800654359
16.925,0.32545000999267937,0.057084055207782494,0.8906642328473096,-6.037388218215767,-0.4934631455472701
16.933333333333334,0.32680408373289593,0.2721573454167375,0.8378087746277821,-6.651914952087245,-0.49348730476929004
16.941666666666666,0.3300511159988237,0.5105023736131464,0.7797396505639921,-7.287532840615936,-0.49351869156265676
16.95,0.3353535814635657,0.7633342032513732,0.7163232597460113,-7.932244994182373,-0.4935588658000286
16.958333333333332,0.34276372640527886,1.012221972735783,0.6475832196691634,-8.559033388576719,-0.493609289879236
16.966666666666665,0.352124431542481,1.2247583218457923,0.5738575800232323,-9.1183975831216,-0.4936707697756614
16.975,0.3629460657385728,1.354217154296876,0.49599965883549296,-9.537148619682565,-0.49374253359602266
16.983333333333334,0.3743235394371319,1.3507596679528313,0.4155187426918756,-9.736107452907032,-0.49382134384205034
16.991666666666667,0.3850047789311827,1.185322096370898,0.3344769458738648,-9.668914738652285,-0.4939016445234117
17.0,0.39365438182725393,0.8682038182105426,0.25506803673549916,-9.352308759296186,-0.49397733403185573
17.008333333333333,0.39917055977993693,0.4417469626144463,0.17911136108398157,-8.85372307960842,-0.49404398412273587
17.016666666666666,0.4008523530744391,-0.0443478914906003,0.10779417326763467,-8.250641479104686,-0.49409973366875914
17.025,0.3983752111574843,-0.5512074543261737,0.04172660595767739,-7.601344399916634,-0.4941447240532586
17.03333333333333,0.3916753583312399,-1.0549303851673386,-0.01886063884866276,-6.939087396390475,-0.49418016004785625
17.041666666666668,0.38083642308986,-1.5432695757215926,-0.07393013930931415,-6.278379177356711,-0.49420763151504493
17.05,0.366011233136719,-2.0112046034433386,-0.12351487180519181,-5.622747220929258,-0.49422874526999216
17.058333333333334,0.3473760154195402,-2.457726064549832,-0.16765151296553357,-4.970256873372489,-0.49424498275059336
17.066666666666666,0.325105621461511,-2.8839468432949866,-0.20634959298956626,-4.316708190679983,-0.4942576695520289
17.075,0.2993604764639019,-3.292099864398225,-0.2395803609933102,-3.65730500909962,-0.49426798796204086
17.083333333333332,0.2702796310738004,-3.6850200007361287,-0.26727568967767185,-2.987490189741859,-0.4942769999529262
17.091666666666665,0.23797709763273248,-4.065837482990392,-0.28933213438642086,-2.303408769122965,-0.494285667147655
17.1,0.20254052528011998,-4.437695871142132,-0.30561842272056094,-1.6023143431682076,-0.4942948624966285
17.108333333333334,0.1640326821072078,-4.8033323895392765,-0.31598704553964346,-0.8831950016388447,-0.4943053710011156
17.116666666666667,0.12249765502129614,-5.164328248896525,-0.3202930899817894,-0.14794918683477506,-0.49431787659874543
17.125,0.07797556006143871,-5.519763641444388,-0.3184266866476518,0.5964326533853987,-0.4943329370112147
17.133333333333333,0.030532095634870547,-5.863955019946723,-0.3103698197348853,1.3341293055925634,-0.4943510545927252
17.141666666666666,-0.01968895010085152,-6.1832565779902815,-0.2962910007538047,2.0352369458239195,-0.4943727622238273
17.15,-0.07238524741196724,-6.452857103321527,-0.27668534899697433,2.6506559385661936,-0.49439841029376913
17.15833333333333,-0.12699918855562606,-6.636873535429796,-0.25253845056874175,3.1128903067996205,-0.49442775400429184
17.166666666666668,-0.1826542101388892,-6.696993833395246,-0.22542680048277552,3.3518394386890678,-0.49445954210548604
17.175,-0.23820467793096717,-6.610209961651435,-0.1974146589066099,3.326284930470216,-0.49449153840197035
17.183333333333334,-0.2924326333268693,-6.383337097003445,-0.17069172630134719,3.049351359834664,-0.4945212510696289
17.191666666666666,-0.3442953194699383,-6.049322959191282,-0.1471232089901554,2.581710681450137,-0.4945469036082753
17.2,-0.39307190916744855,-5.649216356237263,-0.12798028435377984,1.9994271998963469,-0.494567862549538
17.208333333333332,-0.438360197723928,-5.216728970610267,-0.11393868290826085,1.3662373898946285,-0.4945843898849315
17.216666666666665,-0.4799877754516815,-4.7732264831222215,-0.10523257905835762,0.7241603134887986,-0.49459716609857524
17.225,-0.5179143170028189,-4.329625676256811,-0.10182845225252574,0.0963890247379051,-0.49460693577993625
17.233333333333334,-0.5521597494354774,-3.8900610452663518,-0.10355637261387181,-0.50652113559247,-0.49461434368150825
17.241666666666667,-0.5827610676118851,-3.4549010772703057,-0.11019238842008922,-1.0814543294342163,-0.4946199552043842
17.25,-0.6097495656436857,-3.022643587453002,-0.12150553546753359,-1.6294314677940265,-0.4946243353041457
17.258333333333333,-0.6331401312715509,-2.59098025716366,-0.13728365351140517,-2.153713531315825,-0.49462804550404504
17.266666666666666,-0.6529271150706796,-2.157354851538469,-0.15734728164379624,-2.658763284981893,-0.49463163861447046
17.275,-0.6690835802536507,-1.7192490656998423,-0.18155707198353707,-3.1496721528664766,-0.49463566192353836
17.28333333333333,-0.6815623850767442,-1.2743590502988547,-0.20981736704029585,-3.6317742243780766,-0.49464066573827625
17.291666666666668,-0.6902987116854885,-0.8207852288870647,-0.24207660743797835,-4.110238953067977,-0.4946472149391114
17.3,-0.6952146457023608,-0.35735661415718345,-0.278323554448429,-4.589436634248249,-0.49465590062361364
17.308333333333334,-0.6962275325171513,0.11575772623405815,-0.3185763999915771,-5.071815370853288,-0.4946673463236605
17.316666666666666,-0.6932653137207198,0.5959473527266363,-0.3628592945973225,-5.555939275285725,-0.4946822068482523
17.325,-0.6862937770823153,1.0763855056584581,-0.41115779293515864,-6.0333555962399625,-0.49470117337770025
17.333333333333332,-0.675361249743129,1.5436783863490204,-0.4633434399199535,-6.484419027677755,-0.494724879361725
17.341666666666665,-0.6606624477756786,1.9759023903717343,-0.519063916197758,-6.874678799685982,-0.4947536449054904
17.35,-0.6426085927763613,2.343633161551663,-0.577619762135183,-7.1562445153453655,-0.4947870922493169
17.358333333333334,-0.6218645861839484,2.6172224084482427,-0.6378937217886526,-7.279754104757315,-0.4948238095949011
17.366666666666667,-0.5992996654343123,2.779475645287778,-0.69842439576651,-7.215699483448581,-0.49486141622415913
17.375,-0.575838359204821,2.8349916570336826,-0.7576488535904206,-6.9704162649229,-0.4948972145196267
17.383333333333333,-0.5522813925615757,2.807360838577766,-0.8141986573243507,-6.581744472531919,-0.49492905979021246
17.391666666666666,-0.5291944597864077,2.727214467461711,-0.8670847080301155,-6.099259932672795,-0.49495584209288895
17.4,-0.5068981507048012,2.6214585016489127,-0.9157145035430526,-5.566446243789879,-0.49497740970540866
17.40833333333333,-0.48552168946362706,2.5088865560694336,-0.9598041500078792,-5.013530350635482,-0.4949942143288637
17.416666666666668,-0.46507097785666746,2.40059238455388,-0.9992677176839249,-4.458296279838488,-0.4950069718313908
17.425,-0.4454843115450877,2.302084615553784,-1.0341279431925945,-3.9096733286265204,-0.4950164466881159
17.433333333333334,-0.42667005759481097,2.2153335051695366,-1.0644572761540878,-3.3711544663040582,-0.4950233465805852
17.441666666666666,-0.40852961678492805,2.140234326314313,-1.0903433609768272,-2.843210619821763,-0.4950282838368438
17.45,-0.39097057505799515,2.075522921951631,-1.1118706050748064,-2.3247802363733845,-0.4950317695592871
17.458333333333332,-0.3739139363957749,2.0193084118764983,-1.1291112996732386,-1.8141197564190163,-0.495034220749772
17.466666666666665,-0.35729798947713526,1.9693687363367474,-1.1421220494933884,-1.3092613981018046,-0.4950359708113183
17.475,-0.34108034122453784,1.9233079137894271,-1.1509429784769811,-0.8082428219516298,-0.4950372793316341
17.483333333333334,-0.3252389960143838,1.8786354060558998,-1.1555982593175282,-0.3092074332413432,-0.49503833972578815
17.491666666666667,-0.3097729701162041,1.8328026705340479,-1.156097144799746,0.1895685097603513,-0.49503928457787155
17.5,-0.29470269826833173,1.7832198282671075,-1.1524350629862565,0.6896809925894164,-0.49504020463320886
17.508333333333333,-0.28007035598031943,1.7272574360684059,-1.144594558745033,1.1926381485803104,-0.4950412148711854
17.516666666666666,-0.26594023334102307,1.6622357713096494,-1.1325457025593788,1.699938509983811,-0.4950424855863558
17.525,-0.2523991983332863,1.5854136952676454,-1.1162458377280693,2.2131530036806435,-0.4950442482815436
17.53333333333333,-0.23955726898478302,1.49397341557769,-1.0956385787911602,2.734023563186328,-0.49504680314353905
17.541666666666668,-0.22754833188482507,1.3850005342623672,-1.0706519112136432,3.2645803683246974,-0.49505052944535133
17.55,-0.21653104715085655,1.2554593327273451,-1.0411952346324262,3.807278062010995,-0.4950558999551868
17.558333333333334,-0.20668997399734612,1.1021651522795013,-1.0071551991501508,4.365148303848547,-0.4950635009618145
17.566666666666666,-0.19823691659384593,0.9217610965542999,-0.9683902351070851,4.9419578328914495,-0.4950740601982534
17.575,-0.19141238368400182,0.7107190861271846,-0.9247238377763082,5.542341433089375,-0.4950884857070951
17.583333333333332,-0.1864867836781656,0.46541430846862875,-0.8759370884437234,6.171833337261051,-0.495107919249072
17.591666666666665,-0.1837603354773178,0.18238626357900226,-0.8217619056868152,6.8366167549093015,-0.49513380720172684
17.6,-0.1835592276667414,-0.140962246089169,-0.7618788544280549,7.542582649153004,-0.49516798705757803
17.608333333333334,-0.18622241607150744,-0.5046937563938801,-0.695928507980283,8.29281174970297,-0.49521277628438365
17.616666666666667,-0.19206710804478683,-0.9026736650134339,-0.6235560014242171,9.081751043258132,-0.4952710116274971
17.625,-0.20131023055689853,-1.3154093713472066,-0.5445269402050206,9.883446734841522,-0.4953458243230058
17.633333333333333,-0.21391275881263935,-1.6989392189288168,-0.45897193517252605,10.632773431335663,-0.495439725244522
17.641666666666666,-0.22933381932842453,-1.9765721151069076,-0.3677869617231054,11.210543992663979,-0.4955524994813536
17.65,-0.24629929746494325,-2.0552431052386755,-0.27302303439756126,11.468724972252529,-0.4956784484275503
17.65833333333333,-0.26287681476436947,-1.8811677605847692,-0.17778317541732472,11.321147494103789,-0.4958061199327004
17.666666666666668,-0.2770311451505942,-1.485598991895308,-0.08533219498890368,10.818635810886654,-0.49592318566333327
17.675,-0.2872679350281168,-0.9569017285645083,0.001935808819089441,10.102468728574713,-0.4960222666705861
17.683333333333334,-0.2928468979995378,-0.37926383366206873,0.08281855353318199,9.30373005918948,-0.49610195291339765
17.691666666666666,-0.29360061293413564,0.19513097470050167,0.15698632894720138,8.499268349773905,-0.49616425854331514
17.7,-0.2896732773609488,0.741756061814985,0.2245471762032362,7.72070316051772,-0.4962122141712445
17.708333333333332,-0.2813396344446265,1.2520341112457507,0.2857561238428778,6.974710949036858,-0.4962487721227943
17.716666666666665,-0.26890998183477627,1.7249921068359415,0.34087148358095287,6.257097858532097,-0.4962764716522726
17.725,-0.25268729125176526,2.162878051029303,0.3900981913202865,5.560033780348037,-0.4962974048144766
17.733333333333334,-0.23294977868291,2.569181993913858,0.43357268617982664,4.8752275461882935,-0.49631328781849704
17.741666666666667,-0.2099443836338321,2.947846433182662,0.4713649371184701,4.195120590379818,-0.49632554606690293
17.75,-0.18388430354373297,3.3030081226088805,0.5034862253432815,3.513197598549075,-0.4963353846111379
17.758333333333333,-0.15494764053163915,3.638954392344179,0.5298977610545685,2.8239326902762,-0.49634383927298686
17.766666666666666,-0.12327606996288272,3.960144692085969,0.5505182261338407,2.1226129629620902,-0.49635181069366174
17.775,-0.0889733418457388,4.271218724150883,0.5652298044548876,1.4051698419131704,-0.49636008468753345
17.78333333333333,-0.052103983490547144,4.576928814659936,0.5738832126807908,0.6681279519128279,-0.49636934138778
17.791666666666668,-0.012693164955865609,4.881909710428961,0.5763033045086275,-0.09117258057488115,-0.4963801540179263
17.8,0.02927030689190367,5.190118261545599,0.5722986253731983,-0.8737779425912685,-0.49639300283760657
17.808333333333334,0.07382393249466743,5.503641247965938,0.5616818112374432,-1.6772241692455272,-0.4964084701315243
17.816666666666666,0.12100742908420042,5.820416662528335,0.5443127124072592,-2.4918025945619786,-0.4964273982538794
17.825,0.17081276848251495,6.130208071734486,0.5201844253711483,-3.293836332884566,-0.49645082934437473
17.833333333333332,0.22309285212729418,6.408852051237728,0.48957852085276343,-4.036067471145435,-0.49647973551402164
17.841666666666665,0.27742359315511966,6.613763706848011,0.45329739308792183,-4.6403873243180955,-0.4965144112947981
17.85,0.33296257847436517,6.689536831934293,0.41289758713439173,-5.008189871215015,-0.4965536128714259
17.858333333333334,0.3884313812910824,6.592431913004505,0.370703650132182,-5.063348224619502,-0.49659415277991725
17.866666666666667,0.442347152958373,6.320838562269992,0.3293872626975259,-4.805064187550585,-0.49663189661051804
17.875,0.4934127885592142,5.918022322976478,0.29127373080135094,-4.312063409269573,-0.49666370127610493
17.883333333333333,0.5407817549653792,5.443034387284054,0.2578721304244446,-3.691271618575322,-0.49668847759665447
17.891666666666666,0.5840625021276514,4.9430308415494855,0.2298642973387248,-3.02900308566386,-0.4967067692345426
17.9,0.6231736329130749,4.445404247252652,0.20735829049393187,-2.3767805081337205,-0.49671981901554124
17.90833333333333,0.6581934734835237,3.9622150114940284,0.19015480213304875,-1.758767699569143,-0.49672892302598337
17.916666666666668,0.6892598368953635,3.496633352724178,0.17792774837252645,-1.1828819253833367,-0.49673516760597664
17.925,0.7165165525888308,3.047505678598097,0.17032378507569573,-0.6487527352095995,-0.4967393829647232
17.933333333333334,0.7400891916659932,2.6118960757545495,0.16701066735564477,-0.15220861849910833,-0.49674217761802325
17.941666666666666,0.7600760296341688,2.1863228070290455,0.16769846697138033,0.3124882788410741,-0.4967439897413388
17.95,0.7765460677707035,1.7672940685807315,0.17214777400686787,0.751618352419822,-0.49674515400547403
17.958333333333332,0.7895398518445838,1.3514830614332023,0.1801722953063896,1.171617939459541,-0.4967459709678401
17.966666666666665,0.7990709623740886,0.9357399767454925,0.19163962795831016,1.5789793906870624,-0.49674672358255667
17.975,0.8051273002440748,0.5170402735758973,0.20647171925362381,1.9802608293386998,-0.4967476838752206
17.983333333333334,0.8076718441940915,0.09241651246371631,0.22464558966686832,2.382127719825759,-0.4967491218508649
17.991666666666667,0.8066429089427162,-0.3410861638224228,0.246194299592723,2.791357777848675,-0.49675131790672317
18.0,0.8019543105635124,-0.7863776709738775,0.2712075055408401,3.2147201206135163,-0.49675460221460693
18.008333333333333,0.7934963522355376,-1.2461417876228789,0.2998300667348394,3.658598537485439,-0.4967594179906514
18.016666666666666,0.7811394700804012,-1.7223413549527335,0.3322555467965217,4.128079798172812,-0.49676636126759866
18.025,0.7647442441249722,-2.215126825462664,0.3687082832982315,4.625019691085273,-0.49677621337588945
18.03333333333333,0.7441844366644652,-2.7207193973170396,0.4094025691355423,5.144341556528334,-0.49678994909224744
18.041666666666668,0.7193935189746079,-3.227848000304536,0.4544608638891112,5.6678277919890405,-0.49680866474485275
18.05,0.6904461885464601,-3.7131334085036687,0.5037709727820361,6.156050915837755,-0.49683332460981194
18.058333333333334,0.657673351329935,-4.138543244724866,0.5567842601216569,6.543785063030541,-0.4968642250548261
18.066666666666666,0.6217659657687281,-4.457955107468844,0.6123309655179704,6.751026391662962,-0.49690028865919705
18.075,0.5837669406606039,-4.637142983655671,0.6686261150496743,6.717209610106562,-0.4969387731565162
18.083333333333332,0.5448768345992051,-4.67475386158015,0.7235956908146265,6.437480849545891,-0.49697605818999263
18.091666666666665,0.506161275853245,-4.602276637689764,0.775375188845165,5.96323010102605,-0.49700913245015776
18.1,0.4683553730189826,-4.463576435370996,0.8226469263479927,5.367577267906847,-0.4970365229695537
18.108333333333334,0.43184810313483957,-4.295678441095796,0.8646727118267796,4.712776542634177,-0.49705817284702664
18.116666666666667,0.3967752263967699,-4.122172758279316,0.9011422930761127,4.039010590017025,-0.49707482484559373
18.125,0.3631266102065997,-3.9551223246700156,0.9319972044617322,3.36760347535703,-0.49708748698974725
18.133333333333333,0.3308255454191557,-3.7990867329714693,0.95730184229126,2.707801623048478,-0.4970971383673629
18.141666666666666,0.2997768358805248,-3.654379522271656,0.9771670680855462,2.0622398194263334,-0.49710461214059914
18.15,0.2698929167323337,-3.5191078688365813,0.9917105655096916,1.4303378796370325,-0.4971105684922398
18.15833333333333,0.2411070207946009,-3.390307521600852,1.0010386391611197,0.810162243434427,-0.4971155030024415
18.166666666666668,0.2133793696853218,-3.264533261998636,1.0052393071230847,0.19936127985516666,-0.49711976462443164
18.175,0.1866998172324354,-3.138151591449183,1.0043808334537756,-0.4044108022728454,-0.4971235747587459
18.183333333333334,0.1610887499081447,-3.0074837743500655,0.9985126029126314,-1.0033263454313317,-0.49712709462219334
18.191666666666666,0.13659719286574734,-2.8688588177594667,0.9876666190608971,-1.599398950481072,-0.4971305424861563
18.2,0.1133066838399411,-2.718625251810447,0.9718584189488473,-2.194586794082558,-0.4971342209990042
18.208333333333332,0.09132912294105329,-2.553145106039589,0.9510869758764096,-2.7909342336546996,-0.4971385227315579
18.216666666666665,0.07080674350077061,-2.3687713391320058,0.9253332470018918,-3.3907542721922046,-0.497143939349705
18.225,0.05191233544951304,-2.161809705587405,0.8945570486851471,-3.996846993202494,-0.4971510757479975
18.233333333333334,0.03484985465754402,-1.9284641297935088,0.8586919685122132,-4.612751991251397,-0.4971606712916212
18.241666666666667,0.019855553933381537,-1.6647668260777264,0.8176380452119055,-5.243030246034328,-0.4971736314863842
18.25,0.00719972838725439,-1.3665039746858885,0.7712520301438431,-5.893557628665629,-0.4971910749016136
18.258333333333333,-0.0028110135896344496,-1.029173673737122,0.7193353263999102,-6.571773824175311,-0.4972144019221584
18.266666666666666,-0.00983157687041763,-0.6480771094490994,0.6616205231144753,-7.286730347504354,-0.49724539317309346
18.275,-0.01347831947695683,-0.2187982057677644,0.5977596319662881,-8.048531719935433,-0.49728634333222255
18.28333333333333,-0.013336539366298346,0.26131495216832584,0.5273226517796653,-8.866168584523603,-0.49734022118571336
18.291666666666668,-0.008988880172031794,0.7892884985886535,0.4498282168542979,-9.741440613506684,-0.4974108134871887
18.3,-9.440214401273007e-05,1.3476942805200476,0.3648558337833585,-10.654526751970911,-0.49750265570993113
18.308333333333334,0.01342772935846011,1.8881771757363683,0.2723317685432511,-11.536311931303054,-0.4976200208700554
18.316666666666666,0.031059674117142777,2.3135815454617825,0.1730796996042489,-12.23708325361929,-0.49776384561740367
18.325,0.05130038260721152,2.493353138262,0.06946765058534837,-12.54908095273166,-0.49792678640930244
18.333333333333332,0.07170221318284334,2.349354522590582,-0.03461941642932262,-12.346435300092422,-0.49809187764936325
18.341666666666665,0.08969062981350279,1.9324709143007337,-0.13509350663219274,-11.711565537260569,-0.498240828169182
18.35,0.10351132982020354,1.3710068293386215,-0.2291868084336823,-10.849713251633878,-0.4983639572763696
18.358333333333334,0.11244642253976062,0.7737355926144838,-0.31576994141515824,-9.930015306196564,-0.49846082417564785
18.366666666666667,0.11647292273775027,0.19904325718402446,-0.39476785354715227,-9.037503809815984,-0.4985353543454197
18.375,0.1158909777056383,-0.33041651775837355,-0.4665489263714218,-8.199575082095524,-0.4985921823212158
18.383333333333333,0.11110645103108181,-0.8095197001033431,-0.5315815709443725,-7.416856330570429,-0.4986353013641569
18.391666666666666,0.10253369598694106,-1.2401936568984437,-0.590292141791079,-6.680510180760507,-0.49866788574245846
18.4,0.09055925859951305,-1.6267072153789464,-0.643022218425379,-5.979771649789607,-0.4986924033667005
18.40833333333333,0.07553131742156545,-1.9738284393230132,-0.6900262306915734,-5.3047325640917125,-0.49871077793111857
18.416666666666668,0.0577585769946484,-2.286216031613394,-0.731482693818361,-4.647125287490052,-0.49872453110810233
18.425,0.037511890864257776,-2.5682945250127083,-0.7675082411849898,-4.000337064130537,-0.498734888235169
18.433333333333334,0.015026088738964107,-2.8242982346027503,-0.798170461281289,-3.3591587963413634,-0.4987428518491781
18.441666666666666,-0.009498793583170443,-3.0583583619837955,-0.8234982716114901,-2.7194640691149474,-0.4987492511529356
18.45,-0.03589701256928568,-3.274586357084176,-0.8434896016639538,-2.0778911846708463,-0.49875477451579164
18.458333333333332,-0.06403723428144757,-3.477137733192812,-0.8581165396529256,-1.4315552168859729,-0.49875999026876644
18.466666666666665,-0.093823080989593,-3.6702504703948393,-0.8673282542623133,-0.7778042292301568,-0.4987653593519349
18.475,-0.12519386932918014,-3.858250786472678,-0.8710521273597728,-0.11403774643528822,-0.49877124195158723
18.483333333333334,-0.15812520038069472,-4.045506080755842,-0.8691937597014899,0.5623702243548677,-0.4987779043912596
18.491666666666667,-0.19262876049467859,-4.236272827983046,-0.8616371293778132,1.25394172055036,-0.4987856182143953
18.5,-0.22875022259353062,-4.43437603098516,-0.8482469063993879,1.9626823575096868,-0.49879481792653907
18.508333333333333,-0.26656315226465693,-4.642525823016864,-0.82887651202824,2.6890321318298254,-0.49880614752455105
18.516666666666666,-0.3061546289788933,-4.860946142132932,-0.8033894248728342,3.4296258486118156,-0.4988204769899856
18.525,-0.3475949284500827,-5.084828188617987,-0.7717068620325871,4.173046511425411,-0.49883887656114256
18.53333333333333,-0.39087935947922964,-5.300156111975623,-0.7339021191685083,4.8928113081971745,-0.4988624767819872
18.541666666666668,-0.43582986934102097,-5.478531246928155,-0.6903625558682662,5.5386754281499115,-0.4988920947950164
18.55,-0.4819620088322076,-5.5751850942913475,-0.6420093595782659,6.033430750961356,-0.4989275449558136
18.558333333333334,-0.5283792828317823,-5.539190502025957,-0.590468688021352,6.290592995012022,-0.49896688709684867
18.566666666666666,-0.5738234448526189,-5.339756231140251,-0.5379745203148977,6.259491483360522,-0.4990064434927115
18.575,-0.6169514930318062,-4.9890587691025505,-0.48688424994837837,5.964035964987869,-0.49904219053521065
18.583333333333332,-0.6566856555196827,-4.534547734772656,-0.43907400768231003,5.488774894309068,-0.4990715355201343
18.591666666666665,-0.6923889548394125,-4.02966950486437,-0.3956394209925256,4.928001382687043,-0.4990938933190995
18.6,-0.7238165672787895,-3.51328300616146,-0.3569850353828646,4.350160182025462,-0.499110040637134
18.608333333333334,-0.750971634697068,-3.00654747842907,-0.32307853798732133,3.7925409095352514,-0.49912125351134284
18.616666666666667,-0.7739770682293675,-2.5180845483527294,-0.2936767118504814,3.2702732786399658,-0.4991287855762521
18.625,-0.7929953878114905,-2.049563006056783,-0.2684677934600659,2.786044883678499,-0.49913367455987856
18.633333333333333,-0.8081874818078021,-1.5993728588747462,-0.24714602976914846,2.336514605566965,-0.4991367181269712
18.641666666666666,-0.8196944593504326,-1.1646011324149925,-0.22944579347199828,1.9157913003086007,-0.4991385094217243
18.65,-0.8276312140746932,-0.7419678133609889,-0.2151549233277464,1.5171155952751025,-0.49913948291956867
18.65833333333333,-0.8320852317335407,-0.3282104821587758,-0.20411846660233948,1.1335887807050486,-0.49913995383148174
18.666666666666668,-0.8331173328049951,0.07980294571215668,-0.1962385433498109,0.7584316883795466,-0.49914014755560476
18.675,-0.8307627588227219,0.4850871568027949,-0.19147308586733855,0.38502523758901014,-0.49914022485488035
18.683333333333334,-0.8250318930448838,0.8906083463880496,-0.18983469071193065,0.006854496932349189,-0.49914032591827884
18.691666666666666,-0.8159102735081514,1.2993784048913182,-0.19139014037193947,-0.382584650109649,-0.4991405997637554
18.7,-0.8033578578600246,1.7145371684797457,-0.19626062525807908,-0.7898559710592762,-0.49914123411468597
18.708333333333332,-0.7873076922979033,2.1394078957935387,-0.20462242087097773,-1.2216123997232264,-0.4991424930864022
18.716666666666665,-0.7676644276927153,2.5774651696801523,-0.2167072605305581,-1.6844689771989172,-0.4991447445374106
18.725,-0.7443038042266895,3.0321108172268216,-0.23280041313692434,-2.184538534407324,-0.49914849622976215
18.733333333333334,-0.7170754821993782,3.5060465050494307,-0.253232315172704,-2.7262653098146616,-0.4991544428616017
18.741666666666667,-0.6858140938818326,3.999840276588139,-0.27835529150125404,-3.3098612663495826,-0.4991635162254639
18.75,-0.6503678016545293,4.5090303469306745,-0.3084893005129604,-3.9262157074592854,-0.4991769086199656
18.758333333333333,-0.6106596325085412,5.019079875357438,-0.3438103817103155,-4.548108572834823,-0.49919598956209593
18.766666666666666,-0.5667987637476387,5.498789754958564,-0.38415240824759767,-5.118813957585551,-0.49922196048106127
18.775,-0.519237523214735,5.8973693246567915,-0.4287301907969337,-5.5471500506970495,-0.49925509635696946
18.78333333333333,-0.4688989602894183,6.156451801221492,-0.4759152352062709,-5.728579157613718,-0.4992937997189982
18.791666666666668,-0.41712005082641834,6.24088467414163,-0.5233340912641696,-5.5990366779553655,-0.49933444269057786
18.8,-0.3653382797186509,6.163166173009507,-0.5684161576919591,-5.177931616851521,-0.49937279259485595
18.808333333333334,-0.3147150977355958,5.972316317787518,-0.6090564287776422,-4.549482402397256,-0.4994059505068458
18.816666666666666,-0.26596318767711447,5.722005633349378,-0.6439288682245429,-3.8077348090475556,-0.4994330379302964
18.825,-0.2194056967843809,5.450429032398434,-0.672397927090441,-3.021488197666564,-0.4994545936003702
18.833333333333332,-0.17512376911639918,5.1780576262540885,-0.6942743409366201,-2.229995564158936,-0.49947171612636543
18.841666666666665,-0.13308399230879375,4.912927970626754,-0.709602350654193,-1.4517464577261667,-0.49948552092260773
18.85,-0.0932184394253684,4.656038778930658,-0.7185262697448508,-0.693530983879248,-0.4994969145084544
18.858333333333334,-0.05546727768112235,4.404886134823686,-0.7212198601371802,0.04364665681197227,-0.49950654138519557
18.866666666666667,-0.0197989440066534,4.155419008128148,-0.7178530004915211,0.7613499370281555,-0.49951481637104705
18.875,0.013781604203892923,3.9030326551236274,-0.7085776989100185,1.4621439498973479,-0.49952211011859304
18.883333333333333,0.045230397945523894,3.643016980277692,-0.6935226587531549,2.1490049111126344,-0.49952889218443797
18.891666666666666,0.07446451273815223,3.3707518263343044,-0.6727907053897185,2.825164675821522,-0.4995357384748109
18.9,0.10136314305261315,3.0817687937105482,-0.6464564555198778,3.4941870786758313,-0.49954333492151476
18.90833333333333,0.12576885755260345,2.7717402198082643,-0.614562774251263,4.160168582190416,-0.4995524889881695
18.916666666666668,0.14748858261616699,2.436429471478285,-0.577115278525558,4.827997856949462,-0.49956415084430317
18.925,0.16629410337967795,2.071630014685588,-0.5340746056663401,5.503623528434353,-0.49957944753798456
18.933333333333334,0.18192215149835106,1.6731375280571879,-0.4853466533190654,6.194256589535586,-0.4995997348115593
18.941666666666666,0.19407470862282836,1.2368536195499078,-0.4307719002032826,6.9083502691818,-0.4996266716328519
18.95,0.20242144473767223,0.759250064596559,-0.3701169805060256,7.654989197387993,-0.49966231951283097
18.958333333333332,0.2066091679082376,0.2387103673840667,-0.30307649657363434,8.441839050573487,-0.4997092545011076
18.966666666666665,0.20628960693898007,-0.32116459476012327,-0.22930377487766387,9.269831074959813,-0.4997706340780038
18.975,0.2011893276934486,-0.9043722235947829,-0.14851051053894676,10.121282235661848,-0.4998500718276623
18.983333333333334,0.1912624181672266,-1.4697718437285268,-0.060705068258932814,10.938320767763107,-0.4999509004265559
18.991666666666667,0.17696050889388573,-1.9377151417491456,0.033366934803087285,11.599241593200777,-0.5000739431796214
19.0,0.15954041001595398,-2.200328581158636,0.13170273128671062,11.93308509249759,-0.5002139062085066
19.008333333333333,0.14107534976820088,-2.1834348558374654,0.23099404098474935,11.820327278524472,-0.5003579356470598
19.016666666666666,0.12386366439451293,-1.9123303782890622,0.3275680789627076,11.301572546635272,-0.5004909083383464
19.025,0.10962820806347784,-1.4879228266052256,0.41867623379138885,10.538380328661333,-0.5006033024537615
19.03333333333333,0.09920988241874562,-1.0098765674747066,0.5029701083095646,9.68719134271977,-0.5006931730859389
19.041666666666668,0.09277289828456727,-0.539350581913581,0.5801454270828147,8.839933403172962,-0.5007630068381936
19.05,0.0901209773645032,-0.10412778094534829,0.6504208609065939,8.034420774071684,-0.5008165514166402
19.058333333333334,0.0909134780262767,0.2867347285402997,0.7141936742202069,7.279380275282541,-0.5008573096011504
19.066666666666666,0.09477496707661727,0.6327266479190954,0.7718746912154244,6.571325532899044,-0.5008881431313058
19.075,0.1013421352225868,0.9367062636986979,0.8238258208819225,5.902885970265987,-0.5009113051163185
19.083333333333332,0.11028096743582823,1.2026118312046257,0.8703445555059058,5.266314678472802,-0.5009285530428961
19.091666666666665,0.12129132198708123,1.4345478513754608,0.9116670859435727,4.654751980936536,-0.5009412636042082
19.1,0.13410674910567025,1.6364705268428594,0.947977391474354,4.062536692469657,-0.5009505260907526
19.108333333333334,0.14849285754920988,1.812115987286113,0.9794171201474864,3.485145316879868,-0.500957211485223
19.116666666666667,0.16424551810125587,1.965016968124539,1.0060943310174149,2.9190047541686153,-0.5009620216590432
19.125,0.1811893352418828,2.098544122143291,1.0280905218923324,2.36127794450528,-0.5009655238793148
19.133333333333333,0.19917647299277835,2.215947438262907,1.0454659009250638,1.8096602720367088,-0.5009681749240172
19.141666666666666,0.21808579555303936,2.3203897700753435,1.058263055172273,1.2621994756586916,-0.5009703379612629
19.15,0.23782224787801018,2.4149708614048753,1.0665092293467595,0.7171423924564038,-0.5009722943707716
19.15833333333333,0.2583163971046295,2.5027419201386443,1.070217442149432,0.1728093841795192,-0.5009742519263427
19.166666666666668,0.27952405294150495,2.5867092514134113,1.0693866802916836,-0.3724995709708817,-0.5009763514616152
19.175,0.30142583976393583,2.6698175304754113,1.0640015245000258,-0.9205444834701455,-0.5009787109967386
19.183333333333334,0.3240265575739447,2.7549169887704443,1.054031581962793,-1.4731587872591494,-0.5009815111278088
19.191666666666666,0.34735413300925677,2.8446898331462838,1.0394310457984672,-2.032186879301201,-0.500985018649663
19.2,0.3714576432197328,2.941494791729725,1.0201393660695317,-2.599271125781903,-0.5009895951106291
19.208333333333332,0.3964035133463052,3.047070750386165,0.9960846095549097,-3.17539742050684,-0.500995706371333
19.216666666666665,0.422268309194813,3.161993971723703,0.9671921887341159,-3.7600243236503395,-0.5010039294864829
19.225,0.44912544215959577,3.2847287124524756,0.9334034850335723,-4.349526768522775,-0.5010149476334549
19.233333333333334,0.47702159628905794,3.4100802885624484,0.8947114396603677,-4.934629087438347,-0.5010295133882433
19.241666666666667,0.5059374237572841,3.5269836149512592,0.8512223724571155,-5.496703749925872,-0.5010483450550062
19.25,0.5357284843816688,3.6161509503593967,0.8032510001979806,-6.003801272219081,-0.5010719096036601
19.258333333333333,0.5660520726964342,3.6495183925369146,0.7514394653702876,-6.409668467463446,-0.5011000752165536
19.266666666666666,0.5963089861675122,3.5950095461152927,0.6968517403298166,-6.661695879234839,-0.5011317465698167
19.275,0.6256556070742666,3.4284648110450893,0.6409502916157852,-6.72091698139654,-0.5011647988806339
19.28333333333333,0.6531277030670766,3.146713553560686,0.5853856772063492,-6.58383179569643,-0.5011966055892425
19.291666666666668,0.6778357917619989,2.7699668174699594,0.5316680706707531,-6.286035209902955,-0.5012249485161843
19.3,0.6991205187842036,2.330745430494086,0.4809099819250483,-5.883095943339051,-0.5012486459022196
19.308333333333334,0.7165947933791129,1.8599674872214191,0.4337628217908024,-5.426893885897471,-0.5012675466401645
19.316666666666666,0.7300944806101127,1.3796912970866233,0.39050794547416356,-4.953503151038754,-0.5012821409081141
19.325,0.7395993860103015,0.9026950645607565,0.3511960017833312,-4.4827576131361555,-0.5012931648267664
19.333333333333332,0.7451655224188027,0.43496859126699094,0.3157649452731298,-4.0227146610036115,-0.5013013579455458
19.341666666666665,0.7468799165215443,-0.02165145158608174,0.2841181383773969,-3.574291455099475,-0.5013073587022602
19.35,0.7448343834734614,-0.4676093552976767,0.2561691317158077,-3.1345537568257833,-0.5013116827770518
19.358333333333334,0.7391116269993244,-0.9045135574195474,0.2318647317577826,-2.698695118451308,-0.5013147678038737
19.366666666666667,0.7297782550590072,-1.3345518939152874,0.21119566072586743,-2.2611082101637345,-0.5013170199204431
19.375,0.7168812841792754,-1.7602076685317916,0.19420065407557363,-1.815941993338763,-0.5013188291431899
19.383333333333333,0.7004462785572885,-2.1841323591146056,0.1809671540485551,-1.3573942567820951,-0.501320581478803
19.391666666666666,0.6804762484945006,-2.6090763657033222,0.17163006406275372,-0.8799088990299209,-0.5013226690120447
19.4,0.6569511697644888,-3.037795394412281,0.1663687682061203,-0.3784186973209501,-0.5013254970220455
19.40833333333333,0.6298287047665851,-3.47283675242305,0.1654013895861661,0.1512023027055478,-0.5013294869354676
19.416666666666668,0.5990477015683818,-3.9160531402246215,0.16897353928921566,0.7112101241967097,-0.5013350890242834
19.425,0.5645376637391153,-4.367613793259994,0.17733599881341916,1.3001962347262026,-0.5013428629242516
19.433333333333334,0.5262396196714655,-4.824189407930867,0.19070209288488738,1.9098897622916189,-0.5013535289118949
19.441666666666666,0.4841468990327104,-5.275953622154994,0.20917026012479814,2.5199466925874194,-0.5013679339552508
19.45,0.43837540514258694,-5.702651298607725,0.23259573655474894,3.0912177203295954,-0.5013868963806798
19.458333333333332,0.38926401648065534,-6.070918700818657,0.2604113931726121,3.561366974201097,-0.5014108506860966
19.466666666666665,0.3374745202424269,-6.338160459035934,0.29145264908919044,3.8521222748287305,-0.501439326763921
19.475,0.28401299844760364,-6.467730364081807,0.3239241009505678,3.89637894559068,-0.5014706089696315
19.483333333333334,0.23009471837905726,-6.448813573257822,0.35564443528285505,3.6735040646353037,-0.5015020990702983
19.491666666666667,0.1768880756999283,-6.302598842689288,0.38450693947089465,3.220561222987937,-0.5015313487240318
19.5,0.12529635702422243,-6.068105400853019,0.40887656699221386,2.607709483772173,-0.5015569256160646
19.508333333333333,0.07589257539193957,-5.782941349269787,0.4277192874402117,1.9043554050852673,-0.501578511844035
19.516666666666666,0.028980656497310034,-5.473375075902345,0.44050744222372934,1.1612950912518771,-0.5015964804542787
19.525,-0.015303525716176998,-5.15387381445445,0.4470508760443786,0.4093510793675613,-0.5016114380252941
19.53333333333333,-0.05690675695827752,-4.830434586557026,0.4473511283840813,-0.3352637588842896,-0.5016239460051477
19.541666666666668,-0.09580268752736332,-4.504000466347987,0.44150408868896973,-1.0653021700373793,-0.501634465185469
19.55,-0.13196039353667854,-4.172832444590857,0.4296428762427526,-1.778588841890171,-0.5016435240292263
19.558333333333334,-0.1653283971861815,-3.833910019277274,0.4119057746460503,-2.4757879824729767,-0.5016517686148534
19.566666666666666,-0.19582758420042762,-3.4837140134051547,0.3884181110908884,-3.159209336610072,-0.501659948805827
19.575,-0.2233489581981145,-3.118640886691209,0.35928123051929267,-3.8322373229388167,-0.5016689157987905
19.583333333333332,-0.24775396676799477,-2.735230420587457,0.32456476125127587,-4.499068880020049,-0.501679630516733
19.591666666666665,-0.2688764094014622,-2.3303375101094317,0.2843005797933599,-5.164533727238392,-0.5016931820814293
19.6,-0.28652596966611377,-1.9013732579886546,0.23847865508182406,-5.833784209172509,-0.5017108154542879
19.608333333333334,-0.3004946169247598,-1.4467888462023395,0.18704697889888805,-6.511564072775881,-0.5017339644010598
19.616666666666667,-0.3105690006659792,-0.9670919932720309,0.12992093782638553,-7.200568670003967,-0.5017642768559119
19.625,-0.31655511487599036,-0.4668717596752673,0.067012832801143,-7.898082476295555,-0.5018035976072115
19.633333333333333,-0.3183261905131338,0.04155385863985407,-0.0016996136775987367,-8.58980564992895,-0.5018538275195525
19.641666666666666,-0.31590876129545764,0.5327131423306939,-0.07603945073386494,-9.24047473283964,-0.5019165147574429
19.65,-0.3096148204611679,0.9631229378606438,-0.15541536838068298,-9.784991834895736,-0.5019920333368619
19.65833333333333,-0.3001868781857908,1.2748457226184613,-0.23857645903886304,-10.133084880756243,-0.5020783357154819
19.666666666666668,-0.28884222909819657,1.4170100697208878,-0.3235235985152516,-10.203826981058874,-0.5021701224473075
19.675,-0.2770805076376233,1.3771738237703304,-0.40780623330386356,-9.977165117841855,-0.5022599415115827
19.683333333333334,-0.26629869096819625,1.1907678583824264,-0.4891374851132529,-9.509766130815292,-0.5023411040060437
19.691666666666666,-0.2574765922577059,0.9168764282384232,-0.5658956344791964,-8.895440986750156,-0.5024099393554571
19.7,-0.25111094027649367,0.6086557343913684,-0.6372200382754347,-8.217096900674132,-0.5024658265920413
19.708333333333332,-0.24732880352793538,0.3011511156012461,-0.7028189375023663,-7.527673365675217,-0.5025099554174026
19.716666666666665,-0.24603667421114025,0.013130642361630898,-0.7627264211111183,-6.853976027210415,-0.5025441712701206
19.725,-0.2470324702274134,-0.24718006327128317,-0.8171254787804552,-6.206508326526672,-0.5025703377377007
19.733333333333334,-0.2500724499114466,-0.4773822764225815,-0.8662470445640598,-5.587296715983305,-0.5025900958453997
19.741666666666667,-0.254906577728254,-0.6780123034025107,-0.9103207292940386,-4.994553419733041,-0.5026048149279685
19.75,-0.2612957595102345,-0.8509778481072402,-0.9495543070686254,-4.425098221335,-0.502615610664807
19.758333333333333,-0.26901959612667853,-0.9987689442831854,-0.9841275017448929,-3.875500622440516,-0.5026233844431628
19.766666666666666,-0.27787945928879876,-1.124078937890374,-1.0141922160104713,-3.342559962520069,-0.5026288633780857
19.775,-0.2876993676105931,-1.2296314353707336,-1.0398752518996457,-2.8234630211831666,-0.5026326341398148
19.78333333333333,-0.29832588736454824,-1.3181070277080111,-1.0612816425609257,-2.3157930083769407,-0.502635169543996
19.791666666666668,-0.30962764152314687,-1.3921164925138783,-1.0784977575381516,-1.8174759079612917,-0.5026368487895401
19.8,-0.3214946924277624,-1.4541943171483687,-1.0915938535852923,-1.3267056856584623,-0.5026379726421023
19.808333333333334,-0.33383790832103455,-1.5067998776835898,-1.1006259870319801,-0.8418680255959918,-0.5026387747440045
19.816666666666666,-0.3465883486698869,-1.5523200384945568,-1.1056373188406932,-0.36147188966483157,-0.5026394299710171
19.825,-0.3596966644527967,-1.5930696409541336,-1.1066588994816333,0.11590619158848754,-0.5026400605061128
19.833333333333332,-0.37313247574239267,-1.6312838718760663,-1.1037100786422518,0.5916524245656791,-0.5026407493268297
19.841666666666665,-0.3868836375927895,-1.669101319836965,-1.0967987872607692,1.0671238632824076,-0.5026415951873361
19.85,-0.4009553517689175,-1.708540639495426,-1.0859217415356888,1.5436510316736778,-0.5026427448402507
19.858333333333334,-0.41536897369820197,-1.751448556132028,-1.071064849544218,2.022483115912569,-0.5026443963064116
19.866666666666667,-0.43016022935445875,-1.7994074131806679,-1.0522043522435878,2.504662624650019,-0.5026468018328586
19.875,-0.44537641350627755,-1.853578020511185,-1.0293094266152827,2.990791473975335,-0.502650271181436
19.883333333333333,-0.461071882161142,-1.9144398191220946,-1.0023473981345068,3.480626074644708,-0.5026551736892895
19.891666666666666,-0.4773007720912747,-1.9813751825765258,-0.9712933404051297,3.9724123714547677,-0.502661935824178
19.9,-0.4941053902015159,-2.0520358877991725,-0.9361466693438212,4.461854714476031,-0.502671028001615
19.90833333333333,-0.5114982600201367,-2.121453519785756,-0.8969581368939644,4.940648243109431,-0.5026829300841206
19.916666666666668,-0.5294358816023534,-2.1809709618497743,-0.8538705872534654,5.394692534096208,-0.5026980605671758
19.925,-0.547783986997725,-2.2173694315196646,-0.8071740623004025,5.802598313125481,-0.5027166554042777
19.933333333333334,-0.5662791879515174,-2.2130668116492864,-0.7573674004287205,6.1359412444067125,-0.5027386008324889
19.941666666666666,-0.5845010663842014,-2.1486214865390574,-0.7052032029769076,6.363329133165613,-0.5027632728062635
19.95,-0.601877121669828,-2.0080375736706557,-0.6516789895875988,6.459122731706443,-0.5027894963733748
19.958333333333332,-0.6177378827500907,-1.7849255274506635,-0.5979458537266764,6.413553153460276,-0.5028157332604496
19.966666666666665,-0.6314127138483309,-1.4854143166437357,-0.5451507925545517,6.237363418499971,-0.5028404650686197
19.975,-0.6423264116086257,-1.1254007250080076,-0.49427967009910034,5.95698224502072,-0.5028625656222033
19.983333333333334,-0.6500555326807582,-0.7243192942888345,-0.4460690173673187,5.60399201598678,-0.502881462134131
19.991666666666667,-0.6543333480633452,-0.29965842419690647,-0.4010039461938907,5.206024842645264,-0.5028970671602817
20.0,-0.6550208026259102,0.13561504718617381,-0.3593717263146315,4.782658961010893,-0.5029096024293613
20.008333333333333,-0.6520670545853668,0.5731864554781516,-0.321330862520823,4.345443620034789,-0.502919439605437
20.016666666666666,-0.6454744436579436,1.0084116138849217,-0.2869708172002792,3.8997596820471836,-0.5029270297976057
20.025,-0.6352727336948768,1.4391746293720922,-0.2563545655605272,3.4469071459049436,-0.5029328635483378
20.03333333333333,-0.6215021264024325,1.8649542979758114,-0.229545180344386,2.985803747283229,-0.502937442906983
20.041666666666668,-0.6042029106169022,2.286159471375094,-0.20662028973689955,2.5142086285601852,-0.5029412712792101
20.05,-0.5834097699765329,2.7036587355397037,-0.18767787426219254,2.0296071273362775,-0.5029448519213775
20.058333333333334,-0.5591495758641672,3.118395328460045,-0.1728354486775681,1.5299461585002807,-0.5029486886917454
20.066666666666666,-0.531442435443638,3.5309710855584653,-0.16222305188799774,1.0144187369551074,-0.5029532846779945
20.075,-0.5003067667866774,3.9410739917033815,-0.1559687653668026,0.4845096011108173,-0.5029591349682463
20.083333333333332,-0.4657702673786824,4.346613582211511,-0.1541736428152364,-0.05447180983927517,-0.5029667095430004
20.091666666666665,-0.42788973312166306,4.742446909113514,-0.15687113636574349,-0.5911803852704921,-0.5029764300545382
20.1,-0.38678317906033644,5.118740276655452,-0.16396538606543454,-1.1054519757445873,-0.5029886845318041
20.108333333333334,-0.34267547194389475,5.459507126349975,-0.17514701805787053,-1.565942469813505,-0.50300377984343
20.116666666666667,-0.2959512409591677,5.7426197277658035,-0.1897983573242606,-1.9304679474166155,-0.5030217748491387
20.125,-0.247194694649001,5.94324971703956,-0.20692473221107316,-2.15246393544233,-0.5030422863483409
20.133333333333333,-0.1971829768622196,6.041420254392871,-0.2251710379393101,-2.1946962715151046,-0.5030644030121505
20.141666666666666,-0.14680941552378365,6.03034417230897,-0.24296496094519643,-2.0442909590091007,-0.5030868475146555
20.15,-0.09695583566738186,5.91936094749715,-0.2587523309773681,-1.7181352540383064,-0.5031083539042717
20.15833333333333,-0.04837417614823542,5.728973425730915,-0.2712173262671927,-1.2541947009227943,-0.5031280185114719
20.166666666666668,-0.001628906106068988,5.4822958594086355,-0.2793951858919139,-0.696290321527146,-0.5031454152579753
20.175,0.042895375068328835,5.198667925208263,-0.2826679268673984,-0.08249946689813045,-0.5031604890578771
20.183333333333334,0.08495029803802202,4.89135778503195,-0.2806932279539553,0.5593220822729024,-0.5031733767924649
20.191666666666666,0.12437400785287779,4.568073153162845,-0.2733190894487067,1.2110410007620946,-0.5031843473971447
20.2,0.1610508078451449,4.232448296165051,-0.2605118638161428,1.8619726771909144,-0.5031938397244072
20.208333333333332,0.19488356004237137,3.885525608782401,-0.2423041949805889,2.506537622991642,-0.5032024326110227
20.216666666666665,0.22577711796430727,3.5269004526802057,-0.21876047065401033,3.142444284720619,-0.5032108146500472
20.225,0.25362982976098125,3.1555282965087024,-0.18995503064071256,3.769420677253649,-0.5032197664850782
20.233333333333334,0.2783307642563045,2.7703142348458574,-0.1559593242209325,4.388295940045483,-0.5032301524246476
20.241666666666667,0.29976143963633833,2.3706286811667354,-0.11683610511724166,5.000187856763326,-0.5032429171572956
20.25,0.3178020683880731,1.9569023014645874,-0.07264085565699879,5.605534425580275,-0.5032590812283708
20.258333333333333,0.33234367593593883,1.5314708383087883,-0.023432942304304906,6.202674294206084,-0.5032797240325906
20.266666666666666,0.34330892501887894,1.0998466391207256,0.030698414447724684,6.785661459447615,-0.5033059338048866
20.275,0.35068568300820513,0.6724994790465029,0.08958603539850293,7.341140499975425,-0.5033386905939212
20.28333333333333,0.3545766951210797,0.266826909495886,0.1529079688811845,7.844761846903155,-0.5033786384429713
20.291666666666668,0.35526245598321743,-0.09197550283385379,0.22008539391973686,8.2592390344524,-0.5034257249232026
20.3,0.35325818398775555,-0.3736885254436913,0.29018549204315286,8.538313189091657,-0.5034787917186136
20.308333333333334,0.34932409523215224,-0.551609472293725,0.36189647431442784,8.640321135805051,-0.5035353823484673
20.316666666666666,0.34438712530367843,-0.6142230339942518,0.4336454866304476,8.547221957191384,-0.5035920819031892
20.325,0.33938135468487457,-0.5714630638886026,0.5038500672535592,8.275000486385016,-0.5036454264301918
20.333333333333332,0.33508251132002437,-0.44973536021266775,0.5711807720831791,7.8657004007117495,-0.5036928589677451
20.341666666666665,0.33201767450040337,-0.28034639500778435,0.6347023033753068,7.368707135852898,-0.5037331408024821
20.35,0.3304669970697679,-0.09018370371735725,0.6938664243206333,6.825850193978343,-0.5037661657030322
20.358333333333334,0.3305189518894227,0.10179106548666961,0.7484205771103468,6.26607581088728,-0.5037925229977973
20.366666666666667,0.3321358270533073,0.2839768438357998,0.7983028673193938,5.706693533986911,-0.5038131088770474
20.375,0.3352071279655022,0.4501589366509996,0.8435588864556468,5.156775750999345,-0.503828883764753
20.383333333333333,0.3395862594255213,0.5976112874140082,0.8842867331181072,4.620302886881629,-0.5038407491636354
20.391666666666666,0.34511345988724684,0.7257146059748004,0.9206044970754316,4.09838509067641,-0.5038494987345624
20.4,0.351629356336292,0.8350669709304845,0.9526325826246484,3.5906406018446813,-0.503855808172765
20.40833333333333,0.35898267345930895,0.9269460467986055,0.9804848927564841,3.095986610154577,-0.503860242095826
20.416666666666668,0.3670344663438264,1.0029942583428084,1.0042649566777273,2.613066099306871,-0.5038632667590189
20.425,0.37566033409905003,1.0650372056280952,1.0240646503279554,2.140463262243353,-0.5038652634807622
20.433333333333334,0.3847514709726448,1.114979075969335,1.039964173821763,1.676801657017452,-0.5038665407383944
20.441666666666666,0.3942150442917161,1.1547414417869972,1.0520325604352263,1.220780528450857,-0.5038673443240249
20.45,0.4039741711202463,1.1862256591060265,1.0603283474685514,0.7711813251635659,-0.5038678655512856
20.458333333333332,0.41396763692676464,1.2112870178220048,1.0649002451942784,0.3268630967691381,-0.5038682477145322
20.466666666666665,0.4241494204968723,1.2317130153937215,1.0657877627740122,-0.1132416042399918,-0.5038685910560703
20.475,0.43448802631252004,1.2491967833496205,1.063021854324633,-0.5501133375246842,-0.5038689639918206
20.483333333333334,0.4449655569516876,1.2653035466230564,1.0566257740449534,-0.9846162394134176,-0.5038694462663964
20.491666666666667,0.4555765015287771,1.2814325820007744,1.046616155474622,-1.4174658071021298,-0.5038701523380248
20.5,0.4663261077249575,1.2987537611954396,1.0330045567249517,-1.8491467978551712,-0.5038712319239287
20.508333333333333,0.47722809954311485,1.3181124240221784,1.0157999111271807,-2.2797760235655096,-0.5038728695854013
20.516666666666666,0.48830142700637214,1.3398896261687367,0.9950124176888397,-2.7088898337566567,-0.5038752835434883
20.525,0.4995656090321915,1.3638014202779114,0.9706596095467209,-3.1351291370358267,-0.5038787224283352
20.53333333333333,0.5110340938017368,1.3886216362194193,0.9427755698746246,-3.555795171619884,-0.5038834578414982
20.541666666666668,0.5227049662056479,1.4118234300708827,0.911424435822157,-3.9662657884758796,-0.5038897695482115
20.55,0.5345484079582495,1.4291674854477767,0.8767192314297061,-4.3593145433661675,-0.5038979191508297
20.558333333333334,0.5464908091633385,1.4343347509080906,0.8388462907023049,-4.724489876929165,-0.503908108214647
20.566666666666666,0.5583966922484602,1.4188147489153133,0.7980934805756864,-5.047899776249714,-0.5039204200034904
20.575,0.5700518800933646,1.3723759628438597,0.7548766953847048,-5.3129416580023126,-0.5039347526756821
20.583333333333332,0.5811541537568052,1.2844287606278522,0.7097544263382015,-5.502494433420177,-0.5039507659505966
20.591666666666665,0.5913190953019846,1.1462531712450355,0.663417781258769,-5.602529432754196,-0.5039678750389897
20.6,0.6001059555004452,0.9534045528847694,0.6166480609488305,-5.605999107365882,-0.5039853186616976
20.608333333333334,0.6070602224418273,0.7071159020744832,0.5702475592036114,-5.515043304170726,-0.5040022929057951
20.616666666666667,0.6117604514470545,0.4138595893574642,0.5249643178116439,-5.3401416274387215,-0.5040180997672891
20.625,0.6138542951799606,0.08333467584491976,0.4814356673171855,-5.0966941863720825,-0.5040322483651045
20.633333333333333,0.6130750313448526,-0.27398961090044316,0.44016447987546503,-4.800944803950067,-0.5040444803568409
20.641666666666666,0.6092396343793824,-0.6487228088854669,0.4015256943387742,-4.466995870211591,-0.504054747713443
20.65,0.6022354556686367,-1.033436683048644,0.36579078225807476,-4.105484736970326,-0.5040631780329013
20.65833333333333,0.5920030393771206,-1.4227626880536524,0.33315732598558023,-3.7235852772887643,-0.5040700235180575
20.666666666666668,0.578520166762149,-1.813057894377546,0.3037752127222675,-3.325719046659541,-0.5040756164570303
20.675,0.5617894587747356,-2.201919317892511,0.2777656858033087,-2.9145006747135023,-0.5040803378974794
20.683333333333334,0.5418301372091893,-2.5876840971989283,0.25523241275253145,-2.491687826338964,-0.5040845970082111
20.691666666666666,0.5186738733127768,-2.9689475753000374,0.2362648371483907,-2.059084830603689,-0.5040888167212476
20.7,0.49236465405958213,-3.344074161112602,0.22093405871049737,-1.6194437871834464,-0.504093421221694
20.708333333333332,0.4629629105923132,-3.7106560894158314,0.20928095647220918,-1.1774370591880607,-0.504098821346488
20.716666666666665,0.4305544970965438,-4.064888422430889,0.20129572371675797,-0.7407479367251721,-0.5041053945234296
20.725,0.39526516862712785,-4.400886833260192,0.19688796540126113,-0.3212207152385848,-0.5041134567595256
20.733333333333334,0.3572805127729024,-4.7101011670780455,0.19584783736176828,0.06421242314100804,-0.5041232260954487
20.741666666666667,0.31686923891301777,-4.9811708541569395,0.19780241543672727,0.39344565689078453,-0.5041347835623392
20.75,0.27440404323718665,-5.200746432628184,0.20217800690557283,0.6408791503123392,-0.5041480463508278
20.758333333333333,0.23037000214059825,-5.355684214392724,0.2081865962427679,0.7815655796031402,-0.5041627323075257
20.766666666666666,0.18534975525415048,-5.436281563213297,0.2148555449153687,0.7971889317358125,-0.5041783541494721
20.775,0.13998176450187647,-5.439210436319275,0.22110688380272944,0.6814638584434589,-0.5041942884684356
20.78333333333333,0.09490145945313563,-5.368458758513561,0.2258683205880987,0.4419316118596498,-0.504209900968658
20.791666666666668,0.05068550512037989,-5.233691055471392,0.2281793800369817,0.09708278469829333,-0.50422466621467
20.8,0.00781715406531247,-5.047108496574174,0.22725992589923033,-0.3292970648212205,-0.5042382269512024
20.808333333333334,-0.03332204759260338,-4.820517506717457,0.2225307724787736,-0.8135175394631394,-0.5042504091708462
20.816666666666666,-0.07244079356905424,-4.563591774764631,0.21359731091569006,-1.3353338373302366,-0.5042612376445833
20.825,-0.10931742522586305,-4.283372144383701,0.20021458113717913,-1.879124033040599,-0.5042709205168823
20.833333333333332,-0.14377884004046515,-3.9845590424597277,0.182249109679895,-2.433639404725176,-0.5042798195660313
20.841666666666665,-0.17568347903630582,-3.670136933555205,0.15964589714080374,-2.9911265297643075,-0.5042884198859136
20.85,-0.20490989445849628,-3.3420602433765167,0.13240357189776453,-3.5462966107779623,-0.5042973032014932
20.858333333333334,-0.23135090048858542,-3.0019015108517655,0.10055806989396772,-4.095321049029591,-0.5043071249339632
20.866666666666667,-0.2549129609007292,-2.6514661727457907,0.06417454640600302,-4.634850148578208,-0.5043185922311094
20.875,-0.27552073272407046,-2.293425419564104,0.02334766236357114,-5.160966604248848,-0.5043324376475817
20.883333333333333,-0.2931271618002553,-1.9320232927511525,-0.021788771997013307,-5.667971928797281,-0.5043493803250259
20.891666666666666,-0.3077298501552827,-1.5738692527808449,-0.07104118193445136,-6.146973423561253,-0.5043700635851748
20.9,-0.31939404824339895,-1.2286993875583823,-0.12412350525397492,-6.584448569103588,-0.5043949570309811
20.90833333333333,-0.3282807102440273,-0.9097436362254789,-0.18061427070388505,-6.961375766026521,-0.5044242182927033
20.916666666666668,-0.33467373508935583,-0.6330325129731258,-0.2399125121499339,-7.254045022884174,-0.5044575331150504
20.925,-0.33899441420646764,-0.4149324773443702,-0.3012118955441526,-7.437775250312689,-0.5044939948141484
20.933333333333334,-0.3417876188080802,-0.26795289429233426,-0.36351879322760083,-7.493553400045285,-0.504532120198722
20.941666666666666,-0.34367090068297573,-0.19644136765771053,-0.4257297839980315,-7.415000446653369,-0.5045700715278928
20.95,-0.34525640638899874,-0.19476824317356953,-0.48675353928532633,-7.2113877989655215,-0.5046060359493374
20.958333333333332,-0.3470735194848144,-0.24931068380223767,-0.5456322350668317,-6.9045104264184,-0.5046385925127108
20.966666666666665,-0.3495198673376442,-0.3428646315460738,-0.6016177708559577,-6.5216396543105315,-0.5046669044029776
20.975,-0.352849990009642,-0.4588708233148966,-0.6541879886308428,-6.088823184261669,-0.5046907032827935
20.983333333333334,-0.35719231874879176,-0.5838638011786232,-0.7030184276223652,-5.62710080215122,-0.5047101464964577
20.991666666666667,-0.36257872583998685,-0.7081321028876368,-0.7479352286768015,-5.1516067110593715,-0.5047256469687426
21.0,-0.3689746232102363,-0.8253237077188267,-0.7888683834983022,-4.672328606399835,-0.5047377344699612
21.008333333333333,-0.37630385957659074,-0.9316819997286433,-0.8258141449475421,-4.195402283009431,-0.5047469636962499
21.016666666666666,-0.38446713734071486,-1.025294155591248,-0.8588081793586814,-3.724333677614226,-0.5047538621231082
21.025,-0.3933547573773305,-1.1054910257324826,-0.8879077872345442,-3.2609406683486406,-0.5047589048647664
21.03333333333333,-0.40285506630392176,-1.1724127902243313,-0.9131807438933258,-2.8060072910567455,-0.5047625055621108
21.041666666666668,-0.41285987376084177,-1.2267097283780541,-0.9346985982815476,-2.359711309596312,-0.504765015826982
21.05,-0.42326780630423216,-1.2693402539092715,-0.952532831365537,-1.9218935247944355,-0.5047667287473481
21.058333333333334,-0.4339862700007493,-1.3014343705369293,-0.9667527980942482,-1.4922244533218083,-0.504767883964296
21.066666666666666,-0.44493246353434523,-1.3241990771380616,-0.9774247748681817,-1.0703084839959243,-0.5047686730388287
21.075,-0.4560337188240716,-1.3388493084464754,-0.9846117133927906,-0.6557529856490725,-0.5047692445039788
21.083333333333332,-0.4672273316375706,-1.3465530095737486,-0.9883734914118993,-0.2482210013272213,-0.5047697083603087
21.091666666666665,-0.478459964129476,-1.3483820729666873,-0.9887675808358961,0.15251924448152468,-0.5047701400120029
21.1,-0.4896866286556599,-1.345258760559022,-0.9858501788633688,0.5465283938188576,-0.50477059160574
21.108333333333334,-0.5008692003386797,-1.3378991375071816,-0.9796779535707476,0.9336224186380898,-0.5047711254558492
21.116666666666667,-0.5119744633132463,-1.3267538005048323,-0.9703103777784019,1.313295910588125,-0.5047718257279183
21.125,-0.5229715875403674,-1.3119306150792942,-0.9578128618179832,1.684607803653175,-0.5047727952174594
21.133333333333333,-0.5338288993425037,-1.293102779265014,-0.9422609583963907,2.046039127564959,-0.5047741507968612
21.141666666666666,-0.5445098330155461,-1.2694050930616678,-0.923745853863279,2.395327944235092,-0.5047760172798225
21.15,-0.5549679983268423,-1.2393278682106377,-0.9023812822947387,2.7292967688819783,-0.5047785190407647
21.15833333333333,-0.5651414208098298,-1.2006290869598608,-0.8783118008545869,3.0437059126769097,-0.5047817688214559
21.166666666666668,-0.5749462440892349,-1.1503004135638228,-0.8517219871922729,3.333190734821488,-0.5047858535839309
21.175,-0.5842705445421968,-1.0846374431139802,-0.822845530377461,3.591365165162331,-0.5047908182086749
21.183333333333334,-0.5929693590763341,-0.999468983655329,-0.791972449577474,3.811181257253608,-0.5047966493372414
21.191666666666666,-0.6008624170965707,-0.890578549153985,-0.7594520357326568,3.985598934919555,-0.5048032633752779
21.2,-0.6077361223960166,-0.7542914840901457,-0.7256890264918293,4.1085213838315235,-0.5048105036590974
21.208333333333332,-0.6133507510660139,-0.5881131868307218,-0.6911314870161931,4.175806478597445,-0.504818150746879
21.216666666666665,-0.6174525476484818,-0.3912329972803272,-0.6562509886686662,4.1860489876894516,-0.5048259460701291
21.225,-0.6197888161405989,-0.16471564078003958,-0.6215182746180236,4.140843963625323,-0.5048336239765459
21.233333333333334,-0.6201230061151999,0.08869031901192423,-0.5873793544210888,4.044424031769445,-0.5048409434784351
21.241666666666667,-0.6182468502979254,0.36504279763955483,-0.5542367881007209,3.902820986614376,-0.5048477135457634
21.25,-0.6139877979151297,0.6598126787583511,-0.5224388686306289,3.7228633317317117,-0.5048538150919062
21.258333333333333,-0.6072115541959524,0.9684242568936863,-0.4922767595489967,3.511314604523012,-0.5048592094202542
21.266666666666666,-0.59782083896192,1.286611567498692,-0.4639875066492401,3.274341667649075,-0.5048639333693395
21.275,-0.5857520405523258,1.6105695581966595,-0.43775997225166574,3.017339493748786,-0.5048680884616342
21.28333333333333,-0.5709713560676356,1.936934416024221,-0.41374095680686535,2.74504635560526,-0.5048718277175308
21.291666666666668,-0.553471626158344,2.2626451681621527,-0.3920394785333197,2.4618552931842115,-0.5048753421718469
21.3,-0.5332706535132982,2.5847326072019934,-0.3727279332837787,2.172239539645748,-0.5048788476890136
21.308333333333334,-0.5104114621470904,2.900069402317175,-0.3558394527439651,1.881230636654789,-0.504882571705794
21.316666666666666,-0.48496470444932394,3.2051092745143266,-0.34136123762538007,1.5948973985803234,-0.5048867390965248
21.325,-0.45703317403348565,3.4956493544773015,-0.3292241085153474,1.3207618108816357,-0.5048915564142834
21.333333333333332,-0.42675802664416745,3.766668831999274,-0.31928917802373213,1.0680540596705255,-0.5048971942999408
21.341666666666665,-0.3943257644590638,4.012321918786781,-0.31133354433982285,0.8476658345673864,-0.504903768884424
21.35,-0.35997431891324094,4.226175652012079,-0.3050381938069287,0.6716416813421092,-0.504911324461264
21.358333333333334,-0.3239958955681764,4.401753529669392,-0.29998247119436144,0.5521049236451018,-0.5049198212187195
21.366666666666667,-0.2867340884098139,4.53334985443666,-0.29564969317891326,0.499690187571801,-0.5049291326452381
21.375,-0.24857365883260418,4.616933355443209,-0.29144680537600876,0.5218184659466936,-0.5049390564233189
21.383333333333333,-0.20992342485530455,4.650844360830141,-0.2867372164117686,0.6213560210983556,-0.5049493397420726
21.391666666666666,-0.17119519141287043,4.636014142187037,-0.28088139191254197,0.7961554324949668,-0.504959715725439
21.4,-0.1327832199050191,4.575623429866471,-0.27327687978564286,1.0396400139533524,-0.504969944020673
21.40833333333333,-0.0950483998657324,4.474358113197606,-0.2633899416676185,1.3421585971433443,-0.5049798474661102
21.416666666666668,-0.05830929115172257,4.3375556243856765,-0.2507744813272655,1.6925877734754156,-0.5049893386468108
21.425,-0.022839783952618594,4.170504431290148,-0.23507831469071425,2.079704546544821,-0.504998433756224
21.433333333333334,0.011128547460657673,3.978027880219309,-0.21603991331757488,2.4930795940495574,-0.5050072545371262
21.441666666666666,0.043401851974214256,3.7643557596144603,-0.1934798413284607,2.9234676661465375,-0.5050160208992567
21.45,0.07381931950217087,3.5332179626128766,-0.1672906996609217,3.3627969701366047,-0.5050250369598893
21.458333333333332,0.10224992978522518,3.288082175567814,-0.13742838015800438,3.8038853498009186,-0.5050346722906145
21.466666666666665,0.12859156027743027,3.0324739190387104,-0.10390645745014405,4.239984880993353,-0.5050453387347394
21.475,0.15277295255868162,2.7703365624581986,-0.06679484517329137,4.6642233128629975,-0.5050574617608324
21.483333333333334,0.17475872135689546,2.506394879835937,-0.026223342840075953,5.068999183499192,-0.5050714443143443
21.491666666666667,0.19455723691849452,2.246469719628312,0.017609851143125924,5.445412922502796,-0.5050876210347728
21.5,0.2122306241951332,1.9976517385504469,0.06442552223054224,5.782882923011057,-0.5051062023968318
21.508333333333333,0.22790514142852733,1.7681912450062485,0.11384919210389823,6.0691845088329766,-0.5051272129147479
21.516666666666666,0.24177887576897233,1.5669391160859274,0.16539995396270427,6.291195553988743,-0.5051504353907228
21.525,0.25412254287145297,1.4022504005540206,0.21848914803211544,6.436518122137511,-0.5051753819244246
21.53333333333333,0.2652692876238786,1.2804904613789072,0.27243569165219134,6.495778075541798,-0.5052013152992428
21.541666666666668,0.2755918551382573,1.2045955076796155,0.3265010780268057,6.464889181276609,-0.5052273331105082
21.55,0.2854701370228714,1.1732986074635978,0.37993963117384016,6.346293109894149,-0.5052525009922061
21.558333333333334,0.2952565600041606,1.1814120527679808,0.4320523313907799,6.148531856671473,-0.5052759950371327
21.566666666666666,0.305247981931948,1.2210414241618428,0.4822304906572979,5.884343627255737,-0.505297207587794
21.575,0.3156697564544931,1.2831850172962382,0.529980344049645,5.568158618430809,-0.5053157904857832
21.583333333333332,0.3266726354379888,1.3591353996039968,0.5749276306309908,5.213928054900718,-0.5053316394436522
21.591666666666665,0.33833931830290226,1.4413687620293567,0.6168073733303132,4.833779460082648,-0.5053448422910565
21.6,0.35069615916213004,1.5239102523734827,0.6554460317962173,4.437501419891593,-0.5053556160733103
21.608333333333334,0.36372624145326843,1.6023274377387293,0.6907419616457928,4.032601915245456,-0.5053642499154384
21.616666666666667,0.37738146925347116,1.6735272097764182,0.7226477372405231,3.6246549000153925,-0.5053710609721261
21.625,0.3915926161645675,1.7354852420394626,0.7511558183845145,3.217730528039915,-0.5053763642032166
21.633333333333333,0.40627710766068925,1.7869806093950136,0.7762877394016934,2.814798508588575,-0.5053804536375746
21.641666666666666,0.4213447312923219,1.8273665497068197,0.7980863818431873,2.4180615738983984,-0.5053835920369981
21.65,0.43670161722492273,1.8563845743880394,0.8166107075409865,2.029213382335515,-0.5053860062194572
21.65833333333333,0.4522528393602711,1.8740182321744583,0.8319323598401367,1.6496313273199132,-0.5053878859772589
21.666666666666668,0.4679039382005739,1.880379292630788,0.8441336517151877,1.2805190491015765,-0.5053893851744814
21.675,0.48356160488945016,1.8756191435239526,0.8533065801899412,0.9230122642821343,-0.505390624114299
21.683333333333334,0.49913371142372054,1.859859675619956,0.8595526070894405,0.5782582722080629,-0.5053916926238952
21.691666666666666,0.5145288322179773,1.8331398548275057,0.8629830169316042,0.2474757556988472,-0.5053926535424239
21.7,0.5296553787459891,1.7953761261397443,0.8637197027047451,-0.06800207791596172,-0.5053935464510765
21.708333333333332,0.5444204548839426,1.7463341742758043,0.8618962561520827,-0.3666957334135292,-0.5053943937847443
21.716666666666665,0.5587285288467425,1.6856161270187673,0.8576592661549217,-0.6469678149906692,-0.5053952164978437
21.725,0.5724801109228866,1.612673361163864,0.8511695263615144,-0.9070530073724027,-0.5053960399124109
21.733333333333334,0.5855706068840119,1.526836123626887,0.8426029101345669,-1.1451083377842095,-0.5053968900732476
21.741666666666667,0.5978895087310472,1.427365449455175,0.832150699222344,-1.3592952754410317,-0.5053977900764762
21.75,0.6093201127292929,1.3135273714562672,0.8200190902251651,-1.547894296154018,-0.5053987570823734
21.758333333333333,0.6197399336099312,1.1846845781166835,0.8064276354101845,-1.7094441076164144,-0.5053998003012307
21.766666666666666,0.6290219230555151,1.0403957580715029,0.7916064728684303,-1.8428896996348274,-0.5054009201711049
21.775,0.6370365007400332,0.8805087185633047,0.7757923625940011,-1.947716781406731,-0.5054021087932075
21.78333333333333,0.643654281744174,0.705231926449113,0.7592237444372192,-2.0240482183871764,-0.5054033514769302
21.791666666666668,0.6487492644291157,0.5151718301568297,0.7421352213839505,-2.072683092584198,-0.5054046290301683
21.8,0.6522021634277321,0.3113301153437088,0.7247519881206973,-2.095070723372115,-0.5054059202869835
21.808333333333334,0.6539035605038711,0.0950640039754729,0.707284726622386,-2.0932270275936355,-0.5054072043506833
21.816666666666666,0.6537566074409982,-0.13197908311531842,0.6899253707491261,-2.069613973690745,-0.5054084622008901
21.825,0.6516791382427575,-0.36793489077218455,0.672843925101709,-2.0270122732799325,-0.5054096799496908
21.833333333333332,0.6476051792243606,-0.6107925472122597,0.6561862971004311,-1.9684073915519236,-0.5054108559920121
21.841666666666665,0.6414859260580368,-0.8584493477219235,0.6400729593560144,-1.8969086235440653,-0.5054120036561807
21.85,0.6332903662347082,-1.1087410032706155,0.6245980942285952,-1.8157142143521439,-0.5054131510714248
21.858333333333334,0.6230057469995939,-1.359448977206542,0.6098288502207174,-1.7281182059662779,-0.5054143398890772
21.866666666666667,0.6106380617828068,-1.608289847209375,0.5958044019779862,-1.6375484082263965,-0.5054156230222273
21.875,0.5962126723889869,-1.8528949474436889,0.5825346195000758,-1.5476191275981812,-0.5054170615441251
21.883333333333333,0.5797751058322858,-2.090790657816375,0.5699983049957199,-1.4621786755480677,-0.505418720878185
21.891666666666666,0.5613919732757933,-2.319390735047507,0.5581411306161451,-1.3853300114501088,-0.5054206664358002
21.9,0.5411518634795887,-2.536011858207249,0.5468735899465145,-1.3214035052244382,-0.5054229589272544
21.90833333333333,0.5191659770747203,-2.7379215081047454,0.5360694373362924,-1.2748648300044565,-0.5054256496840484
21.916666666666668,0.49556820921896927,-2.922422690638916,0.5255651978846739,-1.2501497536818242,-0.5054287764663774
21.925,0.4705143797110027,-3.0869725927911484,0.5151613446760789,-1.251431562514771,-0.5054323603453285
21.933333333333334,0.44418037195630194,-3.229322981754845,0.5046256205900658,-1.2823442890038226,-0.5054364042892451
21.941666666666666,0.4167590812111076,-3.3476615697840537,0.4936987180674369,-1.3457012071035714,-0.5054408939938388
21.95,0.38845626792060617,-3.4407292313489584,0.4821021577595218,-1.4432567076782086,-0.5054458012501079
21.958333333333332,0.35948561501345583,-3.507890773620619,0.4695478141494513,-1.5755553101080157,-0.5054510897676358
21.966666666666665,0.3300634356705316,-3.5491471941608776,0.455748238482235,-1.741893506804605,-0.5054567229429964
21.975,0.30040351945065186,-3.5650918654510693,0.44042682214285134,-1.940393820551969,-0.5054626726938553
21.983333333333334,0.2707125253860582,-3.556826622084008,0.4233269581046309,-2.1681652019905497,-0.5054689282634564
21.991666666666667,0.24118615950872446,-3.525861662804504,0.4042196479826794,-2.4215081160546315,-0.5054755038762008
22.0,0.21200616776767078,-3.4740237093879656,0.38290936988509566,-2.696119871241585,-0.5054824442616431
22.008333333333333,0.18333799151994118,-3.4033912993708704,0.3592383646524362,-2.987263902275827,-0.505489827283278
22.016666666666666,0.15532881055442138,-3.3162674126056926,0.33308974430682087,-3.2898807167090616,-0.50549776312568
22.025,0.1281056516446431,-3.2151906118143496,0.30438994934422303,-3.5986331824127866,-0.5055063896550761
22.03333333333333,0.10177326482149131,-3.102977921592663,0.2731110854419742,-3.907892197693315,-0.5055158636746898
22.041666666666668,0.07641155535787837,-2.9827857433566076,0.23927357019634793,-4.211680515608854,-0.5055263479035004
22.05,0.05207250137694801,-2.858168422804932,0.2029493249737154,-4.503603957773771,-0.5055379937243484
22.058333333333334,0.028776685512323215,-2.733107200881258,0.16426545308692714,-4.776811406732646,-0.5055509202201657
22.066666666666666,0.006509822778625858,-2.6119762888567193,0.12340795149017478,-5.024036276419615,-0.5055651908800667
22.075,-0.014780045033618875,-2.4994113897151435,0.0806245369658716,-5.237776795990723,-0.5055807906424918
22.083333333333332,-0.03518375821559542,-2.400055345265456,0.03622522525941428,-5.410660176922478,-0.5055976074262071
22.091666666666665,-0.05482960633258514,-2.3181818128644522,-0.009420930140921888,-5.53599609830823,-0.5056154233665722
22.1,-0.07387838651815723,-2.2572408972759495,-0.05589431137651559,-5.60845713343112,-0.5056339206842833
22.108333333333334,-0.09251465216784871,-2.2194175718033895,-0.10273895078750854,-5.62474785399463,-0.5056527046624876
22.116666666666667,-0.11093473905108747,-2.2053191709057187,-0.149481645234336,-5.5840812835424085,-0.5056713417252675
22.125,-0.12933307843465314,-2.2138885187401227,-0.19565368031418967,-5.488310154026071,-0.5056894056586811
22.133333333333333,-0.14788886272948698,-2.2425735613975823,-0.24081199162505337,-5.341663297062986,-0.5057065220221095
22.141666666666666,-0.16675504165117117,-2.287702542130163,-0.2845567207802528,-5.150166766573829,-0.5057224014627087
22.15,-0.18605093810287995,-2.3449575296456513,-0.3265432032053875,-4.920917661923959,-0.5057368566153344
22.15833333333333,-0.20585881459737432,-2.4098318711356708,-0.36648792182101275,-4.661388577172543,-0.5057498024059857
22.166666666666668,-0.22622388816202946,-2.4779909694989097,-0.40416924531863135,-4.378885447753764,-0.5057612435412118
22.175,-0.24715682159268787,-2.5455043027699453,-0.4394244703280976,-4.080204189291946,-0.5057712546251064
22.183333333333334,-0.2686376283647905,-2.6089563066602763,-0.4721447880186729,-3.7714695808612353,-0.5057799579699604
22.191666666666666,-0.29062009367997194,-2.6654649911729686,-0.5022695045062304,-3.458108151280813,-0.5057875027220338
22.2,-0.31303608453209,-2.7126421383452897,-0.5297804043925671,-3.1449011223941716,-0.5057940473172124
22.208333333333332,-0.33579938931488956,-2.7485244792021324,-0.5546967278090358,-2.836072269398949,-0.5057997460165595
22.216666666666665,-0.35880894100763,-2.7714975309624803,-0.5770709100238173,-2.535378868016333,-0.5058047394788615
22.225,-0.3819514268879396,-2.7802263678410735,-0.5969850200158289,-2.2461860884610667,-0.5058091489303981
22.233333333333334,-0.40510338128270523,-2.7736017985072503,-0.614547711234991,-1.9715143933052035,-0.5058130733519344
22.241666666666667,-0.4281329099512912,-2.750706201296215,-0.6298914392070015,-1.7140559455605306,-0.5058165890961133
22.25,-0.4509012163483164,-2.71080008566079,-0.6431696878136525,-1.4761607411477315,-0.5058197513908773
22.258333333333333,-0.4732640975215072,-2.653327761880222,-0.6545539686467274,-1.2597970925668718,-0.505822597229643
22.266666666666666,-0.4950735534735255,-2.57793802436269,-0.6642304115439389,-1.06649468041332,-0.5058251491799796
22.275,-0.5161796102419428,-2.484513555903357,-0.6723958464011787,-0.8972815113033616,-0.5058274196613416
22.28333333333333,-0.5364323974838886,-2.373201227905709,-0.6792533801811087,-0.7526280956629676,-0.5058294152618975
22.291666666666668,-0.5556844537384056,-2.2444351356710857,-0.6850075853935311,-0.6324120866901425,-0.5058311407013957
22.3,-0.5737931685959881,-2.0989454621655073,-0.6898595171406282,-0.5359138701808708,-0.5058326021134217
22.308333333333334,-0.5906232242390681,-1.937749082538976,-0.694001842607746,-0.4618482769007072,-0.5058338094190781
22.316666666666666,-0.6060488802492715,-1.7621216323582352,-0.6976143820302261,-0.40843076259321165,-0.5058347776855578
22.325,-0.6199559595552357,-1.5735545812369396,-0.7008603180779192,-0.37346980710115824,-0.5058355274885925
22.333333333333332,-0.6322434355685546,-1.373703649246855,-0.7038832408632956,-0.35447270148405563,-0.5058360844059899
22.341666666666665,-0.642824579232064,-1.164336001961732,-0.7068050804460887,-0.34875043418585394,-0.5058364778438146
22.35,-0.6516276849390894,-0.9472829698104493,-0.7097248648667133,-0.35350912842421117,-0.5058367394304663
22.358333333333334,-0.6585964427000953,-0.7244029969733473,-0.7127181530212371,-0.3659195744927339,-0.5058369012106971
22.366666666666667,-0.6636900521560847,-0.49755684263359995,-0.7158369423852459,-0.38316154422996695,-0.5058369938424695
22.375,-0.6668831796631443,-0.26859441560835257,-0.719109845169283,-0.40244454661426327,-0.5058370449580099
22.383333333333333,-0.6681658451734683,-0.039350492067557696,-0.7225423577480007,-0.4210106577675182,-0.5058370778081578
22.391666666666666,-0.6675432970444727,0.1883544316108788,-0.7261171060057049,-0.4361270909903396,-0.5058371104749967
22.4,-0.6650359059757692,0.412711464165049,-0.729794008444775,-0.44507584509860226,-0.5058371590083699
22.40833333333333,-0.6606790509380769,0.6319293158350279,-0.7335104037342632,-0.44515792183950376,-0.5058372421742708
22.416666666666668,-0.6545229196008518,0.8442481431424209,-0.7371812812892887,-0.43371320455313167,-0.5058373811442278
22.425,-0.6466321575298604,1.0479626341904713,-0.7406997531431433,-0.4081595916421412,-0.5058375982019838
22.433333333333334,-0.6370852815826216,1.2414552811773856,-0.7439379419538501,-0.3660534306537748,-0.5058379154143543
22.441666666666666,-0.6259737821172242,1.4232371303743705,-0.7467484482498821,-0.30516699486795645,-0.505838353391715
22.45,-0.6134008713151847,1.5919909644734007,-0.7489665053529158,-0.22357427989440395,-0.5058389302381802
22.458333333333332,-0.5994798839495801,1.7466103904678887,-0.7504128436166143,-0.11973334186750444,-0.5058396607396907
22.466666666666665,-0.5843323927110541,1.8862282415974871,-0.750897182947947,0.007447215783459849,-0.5058405557670257
22.475,-0.5680861486976586,2.0102297324388547,-0.7502221789518985,0.15856673164788157,-0.5058416219426163
22.483333333333334,-0.5508729804648966,2.118248833060931,-0.7481875986029184,0.3337200834037119,-0.5058428629397864
22.491666666666667,-0.5328268020166456,2.2101462023030973,-0.7445944509699952,0.5325204421444497,-0.5058442823657823
22.5,-0.5140818576343069,2.285975730888988,-0.7392488204950967,0.7541457673458752,-0.5058458868952639
22.508333333333333,-0.49477127031978996,2.3459462070980885,-0.7319652475214283,0.9973994008164134,-0.5058476899230607
22.516666666666666,-0.4750259055908009,2.3903851691490425,-0.7225695825579709,1.260773866078064,-0.5058497155556868
22.525,-0.4549735036398342,2.4197116664984533,-0.7109013336406993,1.542507061140959,-0.5058520026660158
22.53333333333333,-0.4347379822205177,2.4344232826377854,-0.696815608691984,1.8406219857645079,-0.5058546087176559
22.541666666666668,-0.41443877466981155,2.4351011785773102,-0.6801848188405086,2.152943482421498,-0.5058576130479666
22.55,-0.39419004228214977,2.422435491641318,-0.6609003541795306,2.477087500750954,-0.5058611192647913
22.558333333333334,-0.37409958568298923,2.39727229558685,-0.6388744743717185,2.8104198638062403,-0.5058652563480747
22.566666666666666,-0.3542672739440092,2.360682324281214,-0.6140426768587132,3.1499826688400625,-0.5058701779453292
22.575,-0.33478281364317336,2.314050314119905,-0.5863668150236118,3.4923880520705404,-0.5058760592115285
22.583333333333332,-0.31572269872859077,2.2591813712082587,-0.5558392288767519,3.8336823507862854,-0.5058830903927276
22.591666666666665,-0.2971462291360415,2.1984162128167486,-0.522488100556327,4.169190427058847,-0.5058914662467625
22.6,-0.27909058364307227,2.1347394314009014,-0.486384119746246,4.493361926885223,-0.5059013704501726
22.608333333333334,-0.26156510921894893,2.0718536483797734,-0.44764829077292584,4.799659509466426,-0.5059129545497681
22.616666666666667,-0.24454527071356183,2.0141790614796187,-0.4064602870827742,5.080551505518097,-0.5059263120262658
22.625,-0.22796708947401187,1.96672780959923,-0.36306615480572696,5.327689645597498,-0.5059414498409263
22.633333333333333,-0.21172331973322542,1.9348062718200598,-0.3177834855010475,5.532349445441522,-0.5059582623249225
22.641666666666666,-0.1956628977190874,1.9235289044814878,-0.2710016866860268,5.68616490733046,-0.5059765146917228
22.65,-0.17959509321835068,1.9371901968141256,-0.22317509371573352,5.782090105869054,-0.505995844273083
22.65833333333333,-0.16329907437437893,1.9786204993164622,-0.17480775743205407,5.815393313150589,-0.5060157850595582
22.666666666666668,-0.1465382936882006,2.0487037198235725,-0.1264307754491809,5.784404154424658,-0.5060358147815909
22.675,-0.12907764884965683,2.1462131384609373,-0.07857532441992202,5.690767634264275,-0.5060554157269811
22.683333333333334,-0.11070045516497268,2.2680182356355134,-0.031745988664894885,5.5391235835800465,-0.5060741349522814
22.691666666666666,-0.09122238660950124,2.4095823927404783,0.013601234732038784,5.336341816609948,-0.5060916298667512
22.7,-0.07050062645819054,2.5655842026556512,0.05707361415043076,5.0905795075279965,-0.5061076910611054
22.708333333333332,-0.04843793102921352,2.7304926197821224,0.09834871589568407,4.8104264546371525,-0.5061222420899043
22.716666666666665,-0.024982495682782952,2.8989879569945614,0.13717529038185491,4.504300911112295,-0.5061353217443803
22.725,-0.00012508550759165538,3.0661978070629385,0.17337033682091335,4.18013405489805,-0.5061470564741851
22.733333333333334,0.02610510224029892,3.227772532148047,0.2068145892172218,3.845294043746854,-0.5061576297404158
22.741666666666667,0.053644704211146525,3.379849457734523,0.23744807654132224,3.506664917302592,-0.5061672528846488
22.75,0.08239987467010187,3.5189569094509623,0.26526668827733635,3.17079603999731,-0.5061761399447434
22.758333333333333,0.11224907226768562,3.641901300352809,0.2903200342077104,2.8440532882811325,-0.5061844873632269
22.766666666666666,0.14304495584775906,3.7456711732197103,0.3127103854781213,2.5327199069372024,-0.506192458774286
22.775,0.17461564485841566,3.8273844855811228,0.3325921079799488,2.2430083391863427,-0.5062001748155682
22.78333333333333,0.20676579057630357,3.8842985008436846,0.3501707265341522,1.9809565095209907,-0.5062077079262408
22.791666666666668,0.23927803012470145,3.9138924615683366,0.36570060013601485,1.752198236519087,-0.5062150821322975
22.8,0.27191542510507655,3.9140190882322883,0.3794801988296199,1.5616221725212454,-0.5062222777137937
22.808333333333334,0.3044253767598006,3.88310189423363,0.3918442257701617,1.4129665073297901,-0.5062292403088224
22.816666666666666,0.3365452347700444,3.820335967772955,0.40315236207883964,1.3084291593078272,-0.5062358934638884
22.825,0.36800940924167347,3.7258389790399935,0.41377516281698185,1.2483898478301172,-0.5062421530430936
22.833333333333332,0.39855736331526725,3.6007052083483884,0.4240784024518061,1.2313266580518607,-0.5062479414982993
22.841666666666665,0.4279415619613388,3.446940040437983,0.4344076820692963,1.2539631415818968,-0.5062531999945775
22.85,0.45593440691711806,3.2672870170576567,0.4450751493830873,1.3116185439531742,-0.5062578968473506
22.858333333333334,0.48233342066305834,3.064989180897492,0.4563497154544687,1.3986803494850588,-0.5062620315272995
22.866666666666667,0.50696435629399,2.843538936211004,0.46845136182875524,1.509096488055377,-0.5062656343575445
22.875,0.5296823451386568,2.6064637529859023,0.48154931063414724,1.6367979411426012,-0.5062687627001792
22.883333333333333,0.5503715133857637,2.3571758673069354,0.49576322587533966,1.7759981059517878,-0.5062714947629431
22.891666666666666,0.5689436433834806,2.0988928964150206,0.5111663342499637,1.9213546366283873,-0.5062739221607312
22.9,0.5853364411530976,1.8346202603868786,0.5277893685830299,2.068009407451507,-0.5062761421523951
22.90833333333333,0.5995118549626095,1.5671777023686497,0.5456244447314718,2.211538636217319,-0.5062782501800861
22.916666666666668,0.6114547280633971,1.299249573664424,0.564628278295381,2.347850605361486,-0.5062803330776678
22.925,0.6211719006899473,1.0334392435629975,0.5847244587951492,2.4730675999507428,-0.5062824631506269
22.933333333333334,0.6286917205326843,0.7723099756735772,0.6058047913154486,2.5834253812233166,-0.5062846932820017
22.941666666666666,0.6340637841205369,0.5183972304666375,0.6277299755681762,2.675219046044487,-0.5062870532716941
22.95,0.6373586211447964,0.2741812520660782,0.6503301072891217,2.7448174779890997,-0.5062895477249959
22.958333333333332,0.6386669655968686,0.042015248598955834,0.6734056297950458,2.788757574925563,-0.5062921558970813
22.966666666666665,0.6380982575600853,-0.17598540740814,0.6967293897458193,2.8039121109831675,-0.5062948340464475
22.975,0.6357781205671759,-0.3780746538206835,0.7200503047575062,2.787702874560912,-0.506297523044627
22.983333333333334,0.6318447310522202,-0.5630054547410965,0.743098869908921,2.738320825011357,-0.5063001580514913
22.991666666666667,0.6264442414462725,-0.7301208408995571,0.7655943163494008,2.654891803331281,-0.5063026744714025
23.0,0.6197257057593276,-0.8793794283403965,0.7872527503108312,2.5375407767651974,-0.5063050140180564
23.008333333333333,0.6118361045831907,-1.0113059010704262,0.8077953276127339,2.387335337417095,-0.5063071306062181
23.016666666666666,0.6029160706144127,-1.1268754441809279,0.8269554844459772,2.206120288674309,-0.5063089949101988
23.025,0.593096770247769,-1.22735681535705,0.8444844636932396,1.996281895262415,-0.506310596769671
23.03333333333333,0.5824981578792058,-1.3141449137019532,0.8601547562257075,1.7604914940617735,-0.5063119451616829
23.041666666666668,0.571228572298588,-1.38860989599527,0.8737614776922176,1.501472613227654,-0.5063130659732965
23.05,0.5593854581442603,-1.4519799395019057,0.8851220068178174,1.2218197489748113,-0.5063139981398915
23.058333333333334,0.5470568996410342,-1.5052637256748524,0.8940743694688241,0.923878910672221,-0.5063147888136191
23.066666666666666,0.5343236410122201,-1.5492102538091677,0.9004748746621313,0.6096860613454197,-0.5063154881465057
23.075,0.5212613097390956,-1.584298991096735,0.9041954399860919,0.2809518894206875,-0.5063161441031867
23.083333333333332,0.5079426241034968,-1.6107521724507756,0.9051209355004505,-0.06092073982655292,-0.50631679753976
23.091666666666665,0.4944394250698103,-1.6285647033179629,0.9031467810440637,-0.41479267691854776,-0.5063174806440073
23.1,0.4808243989271654,-1.637545108704296,0.898177002748369,-0.7797297882286857,-0.5063182344033499
23.108333333333334,0.4671724725226095,-1.6373544958586945,0.8901227059133221,-1.154958614446324,-0.5063191240847489
23.116666666666667,0.45356184110021713,-1.6275563831439608,0.8789009751339419,-1.5398068183411877,-0.5063202433291263
23.125,0.4400745436809112,-1.6076753201524283,0.8644343121079627,-1.9336343262684708,-0.506321717528102
23.133333333333333,0.42679650605215397,-1.5772667765069013,0.8466506947296173,-2.3357518798678836,-0.5063237070596259
23.141666666666666,0.4138169361198585,-1.53600378327835,0.8254843976985078,-2.74531786230926,-0.5063264101390973
23.15,0.40122690137063255,-1.483788070963736,0.8008778082125962,-3.161200053338111,-0.5063300648067591
23.15833333333333,0.389116844049799,-1.420895718325411,0.7727846002383764,-3.581784486820466,-0.5063349492034734
23.166666666666668,0.37757269887452094,-1.3481688460373566,0.7411747957475977,-4.004709990691235,-0.5063413787287706
23.175,0.3666701840653515,-1.2672636683893546,0.706042422474785,-4.4265074552173305,-0.5063496978861162
23.183333333333334,0.3564667775494531,-1.1809570755249021,0.6674166160564231,-4.8421342415332695,-0.5063602636458514
23.191666666666666,0.3469909520417171,-1.0934915967507526,0.6253769723864007,-5.244428547622145,-0.5063734162809865
23.2,0.33822858256187566,-1.0108926672401044,0.5800734749704003,-5.623582204868594,-0.5063894336435076
23.208333333333332,0.33010728172002013,-0.9411180084761736,0.5317500245083747,-5.966852307779279,-0.5064084672966425
23.216666666666665,0.32248094302312197,-0.8938157137566579,0.48076816130135375,-6.258872976017093,-0.506430465862869
23.225,0.31511880891027666,-0.8794447748637058,0.42762423782742953,-6.482975393898543,-0.5064551032206304
23.233333333333334,0.3077049526294571,-0.9076659787147426,0.3729506352095321,-6.62368318622756,-0.5064817426469216
23.241666666666667,0.299853341249694,-0.9853027861157885,0.3174926282187517,-6.669916096799336,-0.5065094709306026
23.25,0.2911391915056088,-1.1146193348142401,0.26205959923418126,-6.61770191225688,-0.5065372159619057
23.258333333333333,0.2811403737647601,-1.2927415118315508,0.20746051164753207,-6.471064315197949,-0.5065639206485836
23.266666666666666,0.2694775665653281,-1.5125175033887113,0.1544416668200247,-6.24061968486135,-0.5065887130089437
23.275,0.2558426892169401,-1.7643397373640748,0.10364328487965102,-5.940677476715673,-0.5066110155438632
23.28333333333333,0.24001113263553578,-2.038071449877278,0.05558160848651778,-5.586240293203068,-0.5066305729385406
23.291666666666668,0.22183989252616487,-2.324434426243041,0.010652600359567804,-5.190928315315658,-0.5066474148155741
23.3,0.20125716288042308,-2.6156750302598977,-0.030852056065686376,-4.766088867977831,-0.5066617861496112
23.308333333333334,0.1782489448299068,-2.905652523297497,-0.06872563526329162,-4.320823453312633,-0.5066740729166209
23.316666666666666,0.15284649664821587,-3.189586742715705,-0.10282967243615934,-3.8625268676035467,-0.5066847376833354
23.325,0.12511662072227578,-3.4636541164694745,-0.13308275255189816,-3.397624596727791,-0.5066942690838176
23.333333333333332,0.09515554881876088,-3.7245401355649332,-0.15945562342004846,-2.932334153631569,-0.5067031433674244
23.341666666666665,0.06308655415675837,-3.968997637690104,-0.1819724679129379,-2.4733741671811553,-0.506711794383705
23.35,0.02906113021642126,-4.193436591132127,-0.2007177323603855,-2.028582399654481,-0.5067205887306647
23.358333333333334,-0.006736651698808628,-4.3935791129620565,-0.21584754957996982,-1.607387526940664,-0.5067298041513022
23.366666666666667,-0.04408339487007991,-4.564245203566306,-0.22760412390763404,-1.2210238553517734,-0.5067396110868432
23.375,-0.08270874414164461,-4.69937493841269,-0.2363302324272203,-0.8823101227830978,-0.5067500593302736
23.383333333333333,-0.1222893557778616,-4.792409800253364,-0.24247934645210187,-0.604789058120593,-0.5067610735597691
23.391666666666666,-0.16244781675129233,-4.837100042166998,-0.24661549924590523,-0.4011291725798231,-0.5067724623260077
23.4,-0.20275980750754205,-4.828640669745213,-0.24939730106666008,-0.28098423536935285,-0.5067839436936451
23.40833333333333,-0.24277104184783121,-4.764810620661845,-0.2515438022255274,-0.248906241277909,-0.5067951866555802
23.416666666666668,-0.28202211698982355,-4.646657100716529,-0.2537860509231992,-0.30313235630127067,-0.5068058618206916
23.425,-0.32007592022058295,-4.478396023949976,-0.25681439119052757,-0.4358250110976361,-0.5068156906549454
23.433333333333334,-0.356540915442731,-4.266562273194796,-0.26123381303290755,-0.634691351733724,-0.50682448254656
23.441666666666666,-0.3910854585626721,-4.0187855827223276,-0.2675362882754903,-0.8852964447564076,-0.506832153414686
23.45,-0.42344198702687497,-3.7426526300739216,-0.2760923019333206,-1.1732326541112759,-0.5068387258525011
23.458333333333332,-0.4534031912296618,-3.444948870523362,-0.2871578343668018,-1.485605406905846,-0.5068443155650201
23.466666666666665,-0.48081371729242395,-3.1313372099643164,-0.3008903501394702,-1.811719603430533,-0.506849110510742
23.475,-0.5055607029471525,-2.8063767434730225,-0.3173676953153574,-2.1431304595828635,-0.5068533481811258
23.483333333333334,-0.527565402965207,-2.473743531940857,-0.33660562071789923,-2.4733020478162975,-0.5068572943104468
23.491666666666667,-0.5467770937205824,-2.136541946659235,-0.3585715475765911,-2.797073987110286,-0.5068612242106337
23.5,-0.5631697008403725,-1.7976388665091794,-0.3831935466359437,-3.1100609751337305,-0.5068654064184644
23.508333333333333,-0.5767411783541043,-1.4599856925567016,-0.4103642776288811,-3.408051751390645,-0.5068700874966677
23.516666666666666,-0.5875154427430395,-1.1269057240564624,-0.43994006685974885,-3.686450334409349,-0.5068754765649184
23.525,-0.5955464609100322,-0.8023173090412076,-0.4717356799293413,-3.9398129839201625,-0.5068817284480401
23.53333333333333,-0.6009237617518358,-0.4908416605356827,-0.5055159308108705,-4.161570702761602,-0.5068889253529968
23.541666666666668,-0.6037781121191065,-0.19772081293449217,-0.5409861968285253,-4.344068358063355,-0.5068970588769324
23.55,-0.6042854454250105,0.07153002629806093,-0.5777850671934925,-4.479056776348312,-0.5069060167212825
23.558333333333334,-0.6026666760907914,0.3117574643027627,-0.6154832077567829,-4.558686841809471,-0.5069155821422486
23.566666666666666,-0.5991813024141875,0.5189989869554616,-0.6535921783863917,-4.576860479576659,-0.5069254550983344
23.575,-0.5941140636501099,0.6912698442926478,-0.6915847235706035,-4.53054858932055,-0.5069352848957247
23.583333333333332,-0.5877563065133821,0.8289992218940846,-0.7289240836383084,-4.42055863577408,-0.5069447136149792
23.591666666666665,-0.5803859157171374,0.9349242563323952,-0.7650961362912688,-4.251419822991517,-0.506953424270834
23.6,-0.5722503304105654,1.0134828663539242,-0.799636948978941,-4.030440152935142,-0.5069611793491604
23.608333333333334,-0.5635558949474365,1.069951184841936,-0.832150340464072,-3.76633435344876,-0.5069678399400147
23.616666666666667,-0.554464422811999,1.1096185796986846,-0.8623139293213157,-3.467904792179109,-0.506973364391565
23.625,-0.5450957577256889,1.137193100628085,-0.8898756018999741,-3.1430939617388898,-0.5069777923174419
23.633333333333333,-0.5355341143133163,1.156486812046424,-0.9146439881043837,-2.7984903730462594,-0.5069812220108206
23.641666666666666,-0.525836029625729,1.1703308075174383,-0.9364764536966582,-2.439205146855523,-0.5069837877729478
23.65,-0.5160383598297696,1.1806351129717039,-0.9552671255508306,-2.068979980547991,-0.5069856407630425
23.65833333333333,-0.5061654451734382,1.1885176909028008,-0.9709363370947178,-1.6904025839554584,-0.5069869344893059
23.666666666666668,-0.49623509815083,1.1944515003333658,-0.9834220144873067,-1.3051467409016835,-0.5069878145834219
23.675,-0.48626339332833596,1.1984020424042559,-0.9926730013523576,-0.9141927344355435,-0.5069884118973701
23.683333333333334,-0.47626839359880635,1.1999441683275491,-0.9986440706747415,-0.5180104490227428,-0.5069888378844724
23.691666666666666,-0.4662729978206196,1.1983563291582018,-1.0012922946316933,-0.11670250913227273,-0.506989181383705
23.7,-0.4563070874034679,1.1926956603171885,-1.000574457330182,0.28988647341318874,-0.5069895067716463
23.708333333333332,-0.4464090932904502,1.1818629306389488,-0.9964453063531559,0.7020762968289684,-0.5069898699887943
23.716666666666665,-0.4366270907312814,1.1646491293186034,-0.9888564353728135,1.120298689178799,-0.5069903526530583
23.725,-0.4270195463182504,1.139776667458736,-0.9777555031706385,1.545059138936161,-0.5069910715972491
23.733333333333334,-0.4176557023381311,1.1059449613939154,-0.9630857974612747,1.9768938571151673,-0.5069921825929694
23.741666666666667,-0.40861555530380556,1.061883446202465,-0.9447861760992187,2.4163203953095147,-0.5069938847150424
23.75,-0.39998933284710075,1.0064206387418684,-0.9227914919472072,2.863768233201525,-0.5069964252873348
23.758333333333333,-0.3918762875858495,0.9385814168756449,-0.8970337459250253,3.3194694308960284,-0.5070001051299908
23.766666666666666,-0.3843825039655794,0.8577301336687575,-0.8674444158548177,3.783279861120776,-0.5070052834320091
23.775,-0.3776172369643311,0.7637847912125832,-0.8339587082909807,4.254387957185357,-0.507012380830977
23.78333333333333,-0.37168705469686,0.6575362772949399,-0.7965229066562284,4.730851634976475,-0.5070218779634711
23.791666666666668,-0.36668674552526836,0.5411121463790209,-0.7551065413282728,5.208892008614189,-0.5070343045761344
23.8,-0.36268564679749654,0.4186138622797553,-0.7097216780410512,5.681885349015299,-0.5070502111232387
23.808333333333334,-0.3597079948650512,0.29690158964028246,-0.6604518303552483,6.139079256120773,-0.5070701112360833
23.816666666666666,-0.35770663687279064,0.18635530079875182,-0.6074919427529538,6.564293689005215,-0.5070943822502986
23.825,-0.3565319154877333,0.10117055995326782,-0.5511969984895425,6.935314945624496,-0.5071231187440042
23.833333333333332,-0.3559025588117369,0.05844033557427523,-0.4921286420128717,7.225212314710884,-0.5071559604332119
23.841666666666665,-0.35539193308133316,0.07531223618107774,-0.43107836994089416,7.406773474337722,-0.5071919623218923
23.85,-0.35444575463310896,0.1644549199730825,-0.36904101002565165,7.459722280766601,-0.507229611759608
23.858333333333334,-0.35243845777468846,0.3297636229287616,-0.3071264571350348,7.377585205354464,-0.507267061239973
23.866666666666667,-0.3487547396964332,0.5649932526584784,-0.24643137719085528,7.16981014811873,-0.5073025164833096
23.875,-0.34286591347356965,0.8562827933114627,-0.18792012479460204,6.8575900865489485,-0.5073346000615712
23.883333333333333,-0.33437458736173276,1.1867739789581204,-0.13235735981613778,6.4663908140648605,-0.5073625331944318
23.891666666666666,-0.32302168952077903,1.5406546296996246,-0.08030093658044389,6.019567342909728,-0.5073861146832104
23.9,-0.3086675022894822,1.9052807811512467,-0.03213496180762684,5.535210589896925,-0.5074055822853049
23.90833333333333,-0.2912626411230375,2.2715822855422156,0.011883402534101693,5.025801285870088,-0.5074214518310084
23.916666666666668,-0.2708200716978575,2.6335393596594776,0.051581255411771956,4.499323690527328,-0.5074343863863757
23.925,-0.24739303245275865,2.9873669042130966,0.08683875532310512,3.9607795310552376,-0.5074451072684916
23.933333333333334,-0.22105978999340994,3.330718974096526,0.11757028968387051,3.413598398070614,-0.5074543389236236
23.941666666666666,-0.19191460590390444,3.661994845359397,0.1437164713205311,2.8608263022931144,-0.5074627750915525
23.95,-0.16006414623761617,3.979717284845624,0.16524529993499085,2.3061540592100185,-0.5074710554836896
23.958333333333332,-0.12562899034065428,4.281919670879654,0.18216161792804755,1.754898237874287,-0.5074797453279111
23.966666666666665,-0.08875040285733254,4.565490053556756,0.19452487169040872,1.2150226732533012,-0.5074893128842243
23.975,-0.049602775309289505,4.82547401093559,0.202475577871334,0.6981917726330331,-0.5075001024795286
23.983333333333334,-0.00841170273294761,5.054452116587908,0.20627007229218972,0.22064687497221722,-0.5075123035387936
23.991666666666667,0.03452403017152669,5.242291804362031,0.20632012118678003,-0.19662105438917374,-0.5075259204876958
24.0,0.07881159304528729,5.376756215931621,0.20322820854107207,-0.529234970225286,-0.5075407617939665
24.008333333333333,0.12395364431773555,5.445443021904336,0.1978020788587705,-0.7531365049281696,-0.5075564526052845
24.016666666666666,0.1693594886141843,5.438926062050042,0.19102896788946366,-0.8503515013529659,-0.507572444937057
24.025,0.21438363384185463,5.353912142849349,0.1840000956269087,-0.814666841413739,-0.5075880867461346
24.03333333333333,0.2583844914346069,5.194642371892762,0.17779927080750377,-0.6540793536872417,-0.5076027503416777
24.041666666666668,0.30078356160323083,4.971594422811361,0.1733913446952251,-0.3883645681276003,-0.5076159582582104
24.05,0.34110489276921047,4.698312994222963,0.17154703418179423,-0.04325655628486262,-0.5076274453133236
24.058333333333334,0.3789865994083425,4.388167806396247,0.1728191585830559,0.3555436471427775,-0.5076371447296398
24.066666666666666,0.4141698881070175,4.0523139019371195,0.1775608306653766,0.7862332287127569,-0.5076451515034454
24.075,0.4464769491244366,3.699012560104097,0.18596538865759726,1.232338359552547,-0.5076516962805899
24.083333333333332,0.4757873919469601,3.333869764098914,0.19811059774864348,1.6824655273877538,-0.5076571060466564
24.091666666666665,0.5020186331321606,2.9604708554313737,0.21399703914044205,2.1292896742507885,-0.5076617680842911
24.1,0.5251119850307918,2.5810774081249668,0.23357710720895714,2.568378741810852,-0.5076661025259004
24.108333333333334,0.5450242942268951,2.197252379284883,0.25677448562843114,2.9971036882352573,-0.5076705426397841
24.116666666666667,0.561724415239576,1.8103989468747637,0.2834950712352426,3.4136714496846485,-0.5076755202030667
24.125,0.5751939366622129,1.4222502082602264,0.3136301683074835,3.816224007447171,-0.5076814524697957
24.133333333333333,0.585431946361195,1.0353554685128217,0.34705218132310506,4.201927723048633,-0.50768872664925
24.141666666666666,0.5924639257792025,0.6535846619497843,0.38360251950130214,4.566014802954295,-0.5076976773043821
24.15,0.5963548116252235,0.28260936776711243,0.42307149064456984,4.900843531779009,-0.507708552219246
24.15833333333333,0.5972254829167232,-0.06979363313851375,0.4651712518608814,5.195234953992748,-0.5077214645870146
24.166666666666668,0.5952700588827704,-0.3939103210886238,0.5095060498627221,5.434587156340108,-0.5077363388574463
24.175,0.5907685479754707,-0.679094673269793,0.5555488758091508,5.60240092181549,-0.5077528749638491
24.183333333333334,0.5840869066986958,-0.9157676010777295,0.6026380361765866,5.683511575579122,-0.5077705318047019
24.191666666666666,0.5756576914512663,-1.0979339464280131,0.6500055696960996,5.6682669592264965,-0.5077885640819783
24.2,0.5659413513274684,-1.2250947605228395,0.6968381406938251,5.555779173579606,-0.5078061363617856
24.208333333333332,0.5553781667556154,-1.3024555087948915,0.7423543004423767,5.354387103298375,-0.5078224788777665
24.216666666666665,0.5443464407600954,-1.339302013391368,0.7858723707224614,5.079079328019165,-0.5078370192619727
24.225,0.5331387536387099,-1.3465007782692702,0.8268492787009172,4.747449727153127,-0.5078494418114328
24.233333333333334,0.5219584364022901,-1.3343103909886336,0.8648866411906982,4.3761543908595835,-0.5078596719555462
24.241666666666667,0.510930593180383,-1.3111183228855656,0.8997133802040058,3.978887916822269,-0.5078678167137742
24.25,0.5001197779253348,-1.2830632929242296,0.9311578175729073,3.5658087347750596,-0.5078740954807014
24.258333333333333,0.48954827821658237,-1.254205736502879,0.959119101664421,3.143851571148048,-0.5078787818508993
24.266666666666666,0.4792118602608175,-1.2269222527442945,0.9835430083193696,2.717391892827213,-0.5078821629069473
24.275,0.46909202973950664,-1.202324777698387,1.0044035424117652,2.288937133526477,-0.5078845142437792
24.28333333333333,0.45916502919276425,-1.1806169137323657,1.021689878858829,1.8597049461827748,-0.5078860863274562
24.291666666666668,0.4494082167068534,-1.1613657851837276,1.0353975193243619,1.4300567680091656,-0.5078870979566906
24.3,0.43980450902162055,-1.1436971686166764,1.0455225049332597,0.999802042008606,-0.5078877336802421
24.308333333333334,0.4303454609519177,-1.1264305738604141,1.052057724424711,0.5684018413631649,-0.5078881431143507
24.316666666666666,0.4210334108218317,-1.1081708670870731,1.054990597689565,0.1350995183442742,-0.5078884409211462
24.325,0.4118829943292762,-1.087370567057977,1.0543016246305554,-0.3009981360954304,-0.5078887074236911
24.333333333333332,0.4029222075171749,-1.062377436637332,1.0499635079040834,-0.7408615046998153,-0.5078890095395453
24.341666666666665,0.3941931478411804,-1.0314625827674027,1.0419406126920128,-1.1855221894116188,-0.5078894436711414
24.35,0.3857525666137128,-0.9928419186602027,1.0301884465738689,-1.636073808126218,-0.5078901476174627
24.358333333333334,0.37767222802826783,-0.9447008131852928,1.0146531542738442,-2.093669469719711,-0.5078913050598599
24.366666666666667,0.37003904400604265,-0.8852243196661564,0.9952710385900438,-2.5595164409495563,-0.5078931513566296
24.375,0.36295490716021006,-0.8126410260714003,0.971968178232974,-3.0348556734813275,-0.5078959808313035
24.383333333333333,0.3565360605692075,-0.7252929652010804,0.9446603444405154,-3.5209063901543765,-0.5079001556246068
24.391666666666666,0.3509117097810639,-0.621751843652535,0.9132536332904976,-4.018742702842942,-0.5079061159036736
24.4,0.34622136347267224,-0.5010149433409448,0.877646591199699,-4.529046923040961,-0.5079143905400473
24.40833333333333,0.3426100320447534,-0.3628343844190805,0.8377352085713499,-5.051649119273374,-0.5079256058715187
24.416666666666668,0.3402198549247205,-0.2082610181896483,0.7934231056322409,-5.584713691246239,-0.5079404871380533
24.425,0.33917593394927664,-0.0405100420542996,0.7446406102056424,-6.123384771986778,-0.5079598415860909
24.433333333333334,0.33956325837176443,0.13375657651271228,0.6913780358050744,-6.657711394640547,-0.5079845032698616
24.441666666666666,0.3413912782901236,0.3027825607350267,0.633739252410128,-7.169901667838654,-0.5080152099930741
24.45,0.34454476130080264,0.4482211270699452,0.572018564265136,-7.631712199440703,-0.5080523775203364
24.458333333333332,0.3487272992556535,0.5451857584997812,0.5067914833511937,-8.004248767155222,-0.5080957650950689
24.466666666666665,0.3534191409730228,0.5659895463375735,0.4389847229262448,-8.243745711298725,-0.5081441368565331
24.475,0.3578859097853682,0.4884800312103725,0.3698655938118529,-8.314920958969886,-0.508195169768215
24.483333333333334,0.3612654941804076,0.3054306512828184,0.30090542867537357,-8.206154096996919,-0.5082458517919219
24.491666666666667,0.3627128588724888,0.027939321253250028,0.23354967899392878,-7.934875641163941,-0.5082932775269238
24.5,0.3615346704859061,-0.3201988812698381,0.16900607467226197,-7.538215584354623,-0.5083353675096671
24.508333333333333,0.3572548026465184,-0.7122040233530896,0.10814636214106241,-7.05717146527308,-0.5083711340415447
24.516666666666666,0.3496062054650129,-1.1254665546846285,0.05152679827821013,-6.5252495567379984,-0.508400527519387
24.525,0.33848285632250263,-1.5440363349114083,-0.0005297115851385309,-5.964890172336512,-0.5084241039274483
24.53333333333333,0.32388536278234703,-1.9580394499541454,-0.047845180443976995,-5.388881171678077,-0.5084427251944407
24.541666666666668,0.30587684749624117,-2.362064740115577,-0.0903182457832327,-4.803328657429086,-0.5084573630398073
24.55,0.2845524049602661,-2.753624073517547,-0.12788028418132863,-4.2103784062594585,-0.5084689934171504
24.558333333333334,0.2600198154413535,-3.132002020093701,-0.16047120756546274,-3.6102050018234673,-0.5084785479763737
24.566666666666666,0.23238831376646918,-3.4974528381227734,-0.18802904980434135,-3.0023700021011512,-0.5084868946969985
24.575,0.201763091237238,-3.850601923510788,-0.21048912342166595,-2.386805511074985,-0.5084948300130746
24.583333333333332,0.16824445699605792,-4.191902107896662,-0.22779072154746688,-1.7646827032857861,-0.5085030722284842
24.591666666666665,0.1319317832017359,-4.521007431265222,-0.23989140222370015,-1.1394001292797222,-0.5085122502008588
24.6,0.09293344187998596,-4.835943453406769,-0.24679073226977008,-0.5178954836130617,-0.5085228833028088
24.608333333333334,0.05138478933908324,-5.132001426460309,-0.24856677228779095,0.0876033442517313,-0.508535350049799
24.616666666666667,0.007476346643960767,-5.400429853321453,-0.2454286446255717,0.6575279102358735,-0.5085498574861667
24.625,-0.03850763615854852,-5.627381117049557,-0.23778500093812519,1.1634378317711742,-0.5085664646064318
24.633333333333333,-0.086146532456419,-5.794208440851317,-0.2263166463796102,1.5689403304672924,-0.5085850217875638
24.641666666666666,-0.1348536436203411,-5.880489532460517,-0.21202301725138564,1.8354047038634094,-0.5086050348245735
24.65,-0.1838853134886129,-5.870183853644289,-0.19619740203691405,1.9330983454957387,-0.508625622498877
24.65833333333333,-0.23240676220699968,-5.758386056848216,-0.18030053857530312,1.853195519781557,-0.5086456663076568
24.666666666666668,-0.2796001401705182,-5.553958876482013,-0.16575970564331588,1.6123391419818571,-0.508664115918132
24.675,-0.3247677115969766,-5.275810920264029,-0.15377767756714314,1.2458600505441302,-0.5086802661136195
24.683333333333334,-0.3673865533430902,-4.9457961277256945,-0.14522940942097795,0.7949430151809473,-0.5086938462460874
24.691666666666666,-0.4071068910942425,-4.582922157167743,-0.14066097377760342,0.2960492954346986,-0.5087049298378385
24.7,-0.4437158938107077,-4.200902176455231,-0.14035243655234303,-0.2237511079181513,-0.5087137774371695
24.708333333333332,-0.4770928988096145,-3.8083012954346116,-0.14439848138550657,-0.7467953989160204,-0.5087207250369464
24.716666666666665,-0.5071713377773038,-3.409767312629837,-0.15277911429306493,-1.2628424226590735,-0.5087261782257121
24.725,-0.5339117218806155,-3.0073562957285236,-0.16541208771650848,-1.766842573933719,-0.5087305958421329
24.733333333333334,-0.5572847234914542,-2.601601928268208,-0.18218810969688146,-2.2570906675407567,-0.5087344627085748
24.741666666666667,-0.5772618587921038,-2.1922784978434566,-0.2029927784492572,-2.733876281915699,-0.5087382738877955
24.75,-0.5938115374037067,-1.778944489178516,-0.22771889989415459,-3.1984950158069108,-0.508742527005087
24.758333333333333,-0.6068991252138211,-1.36138127561339,-0.256271410593733,-3.6524304315082308,-0.5087477187307163
24.766666666666666,-0.6164906139358365,-0.9400378317121236,-0.28856553938217444,-4.096519092005233,-0.5087543412989051
24.775,-0.622560376628537,-0.5165821679155636,-0.32451733171050684,-4.529925611115258,-0.5087628738192419
24.78333333333333,-0.6251042411774874,-0.09463459270163749,-0.3640243506557358,-4.948794436260005,-0.5087737609510941
24.791666666666668,-0.6241594640867618,0.319321937518378,-0.406933707371075,-5.344576383201884,-0.50878736987749
24.8,-0.6198324271056889,0.7150606479881099,-0.45299577143652514,-5.702368087454212,-0.5088039332711742
24.808333333333334,-0.6123316109510314,1.0783641848071026,-0.5018073429482233,-6.000277497474603,-0.5088234617810142
24.816666666666666,-0.6019967046351701,1.3923690346921918,-0.5527594201559203,-6.211456621061494,-0.5088456032989905
24.825,-0.5893069962233659,1.6412336514769479,-0.6050180916357955,-6.310098451397613,-0.5088695450972234
24.833333333333332,-0.5748514434804993,1.8153469156981912,-0.6575689266001943,-6.280150346482183,-0.5088940661112266
24.841666666666665,-0.5592583657206083,1.9152341479247355,-0.7093295137538497,-6.121984007405606,-0.508917780138107
24.85,-0.5431085733663868,1.9513463912068418,-0.7592911582505213,-5.8522414405024294,-0.5089394697303853
24.858333333333334,-0.5268679841525802,1.9399329409601251,-0.8066296456851334,-5.49712437915962,-0.5089583320161416
24.866666666666667,-0.5108610051597309,1.897945284514426,-0.8507493267782327,-5.0840383695387965,-0.5089740373344395
24.875,-0.49528064176948705,1.8395912735545996,-0.891267057104147,-4.6359687941289796,-0.5089866387222733
24.883333333333333,-0.48021780467074243,1.7751160756992743,-0.9279650385722418,-4.169543492171705,-0.508996428557033
24.891666666666666,-0.46569396186268824,1.7110529303506121,-0.9607387273547539,-3.6955091255306884,-0.5090038122540422
24.9,-0.45168880546211826,1.6510448309699792,-0.9895533829964402,-3.220123030675855,-0.5090092229298743
24.90833333333333,-0.4381606974174623,1.596698623471873,-1.0144127203948816,-2.7465725391765803,-0.5090130733218788
24.916666666666668,-0.4250606541594039,1.5482667057692703,-1.0353382248638765,-2.276091764503791,-0.5090157330099533
24.925,-0.41234149670345616,1.5051287889798666,-1.0523563308688235,-1.8087384758860297,-0.5090175201445591
24.933333333333334,-0.39996369979172364,1.4661102644995774,-1.0654908751327774,-1.3438967588950814,-0.5090187003816592
24.941666666666666,-0.38789910396009736,1.4296841351819318,-1.0747588780898951,-0.8805856294177886,-0.5090194887589432
24.95,-0.37613329062979717,1.394095514319699,-1.0801683216821112,-0.41763872155590887,-0.5090200522554107
24.958333333333332,-0.3646671419081308,1.3574365903989214,-1.0817170520480037,0.046199287780944745,-0.5090205119402907
24.966666666666665,-0.35351790979458547,1.3176928678323838,-1.079392260877902,0.5122235218298352,-0.5090209495870828
24.975,-0.34271996693266565,1.2727726371106738,-1.0731702736204858,0.9817485611001514,-0.5090214528992897
24.983333333333334,-0.3323254058839202,1.2205159793425666,-1.0630162790359163,1.456138421953656,-0.5090221536644425
24.991666666666667,-0.3224045760092663,1.158702382746921,-1.0488837784512124,1.9368401040462508,-0.5090232345332436
25.0,-0.31304655930969477,1.0850577584737418,-1.0307137314770483,2.4254238825339725,-0.5090249351854312
25.008333333333333,-0.3043595803754655,0.9972641023369698,-1.0084333447811509,2.923627417543079,-0.5090275606602555
25.016666666666666,-0.29647130294542523,0.8929784663828686,-0.9819545101182372,3.4333936403123615,-0.5090314923817987
25.025,-0.28952889150952765,0.7698729791219369,-0.9511720119868036,3.9568840327931314,-0.5090372025111172
25.03333333333333,-0.2836985807603033,0.6257178462674994,-0.9159618406041202,4.49643215214435,-0.5090452722063925
25.041666666666668,-0.27916424058945233,0.4585486245687077,-0.8761803584737731,5.05437016505586,-0.5090564138883685
25.05,-0.27612394720930933,0.2669943701888775,-0.8316658516474358,5.63260193650728,-0.5090714960485259
25.058333333333334,-0.2747827011807154,0.05090378939526926,-0.78224544369529,6.231693074786466,-0.509091565105856
25.066666666666666,-0.2753379305815771,-0.1875024913621007,-0.7277528880489009,6.849089652659831,-0.5091178497385991
25.075,-0.2779521019674711,-0.44163321239630593,-0.6680667416369032,7.475906667604509,-0.5091517180757329
25.083333333333332,-0.28270418188246743,-0.6974370741017842,-0.6031830699192471,8.091817508891587,-0.5091945215159094
25.091666666666665,-0.2895118917006742,-0.929681154523847,-0.5333372013982353,8.658702659408029,-0.5092472115141815
25.1,-0.2980281389633995,-1.100166740777477,-0.45917098351057456,9.117216365946849,-0.5093096551523875
25.108333333333334,-0.3075493312881172,-1.1634375723536703,-0.3818855138357927,9.395506427384584,-0.5093798226218461
25.116666666666667,-0.31701913823077793,-1.0839107529693162,-0.30324216669499493,9.436841412812603,-0.5094535038998255
25.125,-0.32519825805662483,-0.8557421481631564,-0.22529406318472406,9.231982730279508,-0.5095252881307287
25.133333333333333,-0.33094331562256757,-0.506381262089046,-0.14994024744025097,8.824770765528104,-0.5095904482595521
25.141666666666666,-0.33342390067008637,-0.07980462699302172,-0.07858357586159433,8.284395741656889,-0.5096462802101792
25.15,-0.33217350208831614,0.3831798254417145,-0.012061179275906726,7.673352620746199,-0.5096921245846511
25.15833333333333,-0.32701689753940294,0.8540173596118957,0.049226914966342274,7.033300481486315,-0.50972864904149
25.166666666666668,-0.3179648217500503,1.3161543751348057,0.10514239314273548,6.386297500891776,-0.509757148078613
25.175,-0.30512816300701445,1.761474070485821,0.15567122508749773,5.741224387095615,-0.5097790856161308
25.183333333333334,-0.28866231486140914,2.1869426496291022,0.200839343475535,5.099595220002664,-0.5097958752342074
25.191666666666666,-0.2687349395007777,2.5923647022540655,0.24066849928817588,4.45937132135538,-0.5098088030893502
25.2,-0.24550827215757395,2.9790800732369265,0.27515661848214656,3.817133019188297,-0.5098190164803941
25.208333333333332,-0.219129607360529,3.349247710326276,0.30427162626420123,3.169236562207488,-0.5098275359786228
25.216666666666665,-0.189726327986608,3.7054324732542367,0.327952439178654,2.5124440027272144,-0.5098352716075074
25.225,-0.1574038185112196,4.050298827361429,0.34611420455598024,1.8443589493945023,-0.5098430348714315
25.233333333333334,-0.12224600704536359,4.386263107033818,0.3586572486073185,1.1639203854580151,-0.5098515431416646
25.241666666666667,-0.08431947086232873,4.714960406778815,0.3654812257759473,0.47220109741554517,-0.5098614142355415
25.25,-0.04368334046960636,5.036354048362759,0.36650819090124825,-0.2261945956507182,-0.5098731489438668
25.258333333333333,-0.0004088456452340204,5.347274745192055,0.361721079388298,-0.9207655482661343,-0.5098871355470252
25.266666666666666,0.04538610739057251,5.639287953142802,0.35122668442984445,-1.591636382004203,-0.5099037622206328
25.275,0.09348280657846103,5.896251494665268,0.3353502814154566,-2.205643209617688,-0.5099233709548219
25.28333333333333,0.14349040556834236,6.0930215065980535,0.3147569809701375,-2.7145165647252734,-0.5099460163886831
25.291666666666668,0.19477911147880939,6.198442506624966,0.29056119383107515,-3.0606074670902643,-0.5099711516484228
25.3,0.24646669967010823,6.185285670268123,0.2643389311026604,-3.1946787618785675,-0.509997448170997
25.308333333333334,0.2975081577020841,6.043726799473582,0.23795727920088405,-3.0996354001398765,-0.5100230303717788
25.316666666666666,0.34687574983166436,5.787640039076166,0.21324571429796435,-2.801382652828399,-0.5100461181695293
25.325,0.3937346256633759,5.4473040646326165,0.19167749045201943,-2.355689857925559,-0.5100656232894106
25.333333333333332,0.4375221485965459,5.0555802886213295,0.1742231543173698,-1.823517733252988,-0.5100812899282693
25.341666666666665,0.4779242000273553,4.638288930067716,0.16138851755679962,-1.2536788527050922,-0.5100934464750938
25.35,0.5148020100107071,4.2117518032035335,0.15334305449224234,-0.6781262894845361,-0.510102673838125
25.358333333333334,0.5481185364289372,3.7844965171541114,0.15005194607828334,-0.11466501017212302,-0.5101095759386058
25.366666666666667,0.5778846555597746,3.3599197085938353,0.15137513760892365,0.42852499690524953,-0.5101146743685129
25.375,0.604126016086124,2.9384680407330173,0.15713093373734055,0.949109636450821,-0.51011842376175
25.383333333333333,0.6268648238147704,2.5190462470330943,0.1671335632385656,1.4481303029731647,-0.5101212740720641
25.391666666666666,0.6461107477027683,2.099842707137286,0.18121459515764124,1.9285199546925182,-0.510123671746395
25.4,0.6618570749453158,1.6787942189662575,0.19923474368138525,2.3942303535811993,-0.5101260566766544
25.40833333333333,0.6740798283844981,1.2538567795115478,0.22108995901738887,2.84969160449426,-0.5101288650281623
25.416666666666668,0.6827387886601439,0.8232106981884124,0.2467136212327604,3.2993853511529374,-0.5101325355859894
25.425,0.6877803246254951,0.38550694927814055,0.27607501549488106,3.747349261538952,-0.5101375174643988
25.433333333333334,0.6891428300149883,-0.05973345859714707,0.30917273879175766,4.1964213409030755,-0.5101442761295356
25.441666666666666,0.6867665916020674,-0.5114293813985066,0.34601992385766694,4.646987233510749,-0.5101532976067342
25.45,0.680611147059861,-0.9658131023821351,0.3866160317964816,5.094973809584166,-0.5101651115389525
25.458333333333332,0.6706840559561446,-1.4148252941138608,0.43089835078347183,5.528995381219777,-0.5101802675313679
25.466666666666665,0.6570842450557238,-1.8443288962568043,0.4786674870088668,5.927143927744281,-0.5101992107344056
25.475,0.6400572976522704,-2.233321933917422,0.5294908507722345,6.255416359017141,-0.5102220583432857
25.483333333333334,0.6200456501051314,-2.5563587336269964,0.5826126730933894,6.471565234340617,-0.5102483188339597
25.491666666666667,0.5976985317683957,-2.790836774093573,0.6369304410553329,6.537288849129572,-0.5102767197073481
25.5,0.5738074121136599,-2.9266887575675793,0.6910970480643104,6.434700422374032,-0.5103053722444757
25.508333333333333,0.5491748130524926,-2.971418822192574,0.7437371302789336,6.175109216079879,-0.510332302111578
25.516666666666666,0.5244789687706831,-2.9460023563371633,0.7936729595006827,5.79240841356138,-0.5103560288847044
25.525,0.5001995176938747,-2.8755421872619618,0.840049685373172,5.327557546074515,-0.5103758345109514
25.53333333333333,0.4766175926372223,-2.7816976202314625,0.8823368539315499,4.815995017947036,-0.5103916740432031
25.541666666666668,0.45385989534703286,-2.679725293835839,0.9202570191553546,4.282770883895644,-0.5104039243816539
25.55,0.43195211998626487,-2.5788215847121303,0.9536993541420372,3.743184986051616,-0.5104131502180385
25.558333333333334,0.41086327886934776,-2.483673207272096,0.982648877444909,3.2054095587215032,-0.510419951916445
25.566666666666666,0.39053663662793875,-2.3960005626462086,1.0071381765608327,2.673067100652759,-0.5104248872082874
25.575,0.3709093504547535,-2.315704182641486,1.0272179019996046,2.147124940161859,-0.5104284394283543
25.583333333333332,0.3519242770349834,-2.2416122920306534,1.042940130354103,1.6271140298583064,-0.5104310097302828
25.591666666666665,0.3335368511996239,-2.1719350213484283,1.0543496924934257,1.1118540767214538,-0.5104329195761373
25.6,0.31571903424882236,-2.104528422780889,1.0614801085930983,0.5998590764782746,-0.5104344164126617
25.608333333333334,0.2984615860716959,-2.037042689697293,1.0643520181391104,0.08954698174209937,-0.5104356792988247
25.616666666666667,0.2817754098752406,-1.9670032216883206,1.0629728299320782,-0.42066547397040577,-0.5104368254466417
25.625,0.26569237850565774,-1.8918569504930676,1.0573369066611633,-0.9323254140429945,-0.5104379553294665
25.633333333333333,0.250265912019753,-1.8089861576815973,1.0474257566679361,-1.4469813331024997,-0.5104392173657779
25.641666666666666,0.23557150491266646,-1.715710744675072,1.0332077590532411,-1.9662471318578971,-0.5104408213400394
25.65,0.2217072549843182,-1.6092849216365441,1.0146373038473666,-2.4918811880977016,-0.5104430448443356
25.65833333333333,0.20879444490524576,-1.4868882887020498,0.991653190304837,-3.0258846990017374,-0.5104462424544772
25.666666666666668,0.1969782120815554,-1.345614131116483,0.9641761401535978,-3.570614839711263,-0.5104508585123597
25.675,0.18642831153001627,-1.182460018645721,0.932105331941239,-4.128904602884718,-0.5104574447984527
25.683333333333334,0.17733991098140076,-0.9943322870234068,0.8953139668391977,-4.704170948799363,-0.5104666848486893
25.691666666666666,0.16993420728497413,-0.7780907733548001,0.8536441143742194,-5.30046940060277,-0.5104794270675428
25.7,0.16445831756603993,-0.5306918957047078,0.8069016217881817,-5.922402028923243,-0.5104967286998989
25.708333333333332,0.16118317237864288,-0.2495540877235904,0.7548530429526589,-6.57467736774288,-0.5105199109637921
25.716666666666665,0.16039661680450823,0.06659890546673172,0.6972290364728866,-7.260900378875421,-0.5105506190991649
25.724999999999998,0.16238588120752814,0.4159199957559159,0.6337437562513701,-7.980758137403634,-0.5105908652299959
25.733333333333334,0.16739804889652166,0.7898115487265388,0.5641491578907407,-8.724166997062627,-0.5106429984771492
25.741666666666667,0.1755594115632984,1.1665783129654905,0.4883567350342443,-9.460732003976192,-0.510709413703223
25.75,0.1867318011649551,1.5031247745012886,0.40666546564914646,-10.12553775942657,-0.5107916744783773
25.758333333333333,0.20031321037552266,1.7319511212664258,0.32008845887361315,-10.613078693832703,-0.5108888247190989
25.766666666666666,0.21509054046200343,1.7795148021526936,0.2306043103492813,-10.806221584351198,-0.5109955980565265
25.775,0.22936095504198065,1.609649376886376,0.14097441975342132,-10.647077989078012,-0.5111027927694178
25.78333333333333,0.2413924137934811,1.2520430375121299,0.05400461400608674,-10.183696814101518,-0.5112010162594396
25.791666666666668,0.24990630236424416,0.7782821925140129,-0.028227168657557505,-9.530251747968107,-0.5112846198406045
25.8,0.25423511268325377,0.257305023666293,-0.10460711033944885,-8.79400402488534,-0.511352343132888
25.808333333333334,0.25419072617157545,-0.2658635344560902,-0.17475256523858534,-8.04164419258298,-0.5114055801034245
25.816666666666666,0.24986293931920783,-0.7682799275105279,-0.2386765873363545,-7.303733398282208,-0.511446654752141
25.825,0.2414699264625743,-1.240729754112163,-0.2965475640167439,-6.589298588979414,-0.511477954239062
25.833333333333332,0.2292734705892696,-1.681113325474259,-0.34856018563356667,-5.897045558828813,-0.5115016033177092
25.841666666666665,0.21353715282370564,-2.0906604590892988,-0.39487852927355443,-5.221638746009627,-0.5115193963216936
25.849999999999998,0.19450735226759677,-2.4720667641823724,-0.43561657601519016,-4.5567111460243686,-0.5115328304297662
25.858333333333334,0.17240498456373934,-2.8286622553839145,-0.47083574658567207,-3.8961391151295595,-0.5115431618201095
25.866666666666667,0.14742183497477176,-3.1640761690634442,-0.500549152130292,-3.234485726358722,-0.5115514567997365
25.875,0.11971865232879952,-3.4821170841309526,-0.5247277927682954,-2.567078333085272,-0.5115586306427644
25.883333333333333,0.08942387367279604,-3.786724183305572,-0.5433067492287557,-1.8899579040011039,-0.5115654740174622
25.891666666666666,0.056632759614769435,-4.081905682378148,-0.5561909216451282,-1.1998411195188423,-0.5115726686474003
25.9,0.02140733951449806,-4.371593286756676,-0.5632609282848677,-0.49421913595956524,-0.5115807935649972
25.90833333333333,-0.016221766946298295,-4.659317485872551,-0.5643809499932776,0.22823910346500564,-0.5115903223548157
25.916666666666668,-0.05624952535204871,-4.947533368576677,-0.5594121899993408,0.9666732962760016,-0.511601652063363
25.925,-0.09868272302581008,-5.236346615805588,-0.5482387979925493,1.715989786324857,-0.5116152854292557
25.933333333333334,-0.143511991528873,-5.521305314199124,-0.5308168503967315,2.4632441203494237,-0.5116319064954913
25.941666666666666,-0.1906603334520699,-5.78996443086995,-0.5072621645263421,3.1819362854896687,-0.5116522823484632
25.95,-0.239899597726949,-6.017895973411833,-0.4779912492196071,3.8254321692761124,-0.5116769957181
25.958333333333332,-0.2907414266089463,-6.167405002568961,-0.4439032569299556,4.3251775068841685,-0.511705959831225
25.966666666666665,-0.342350762076012,-6.1953786121166,-0.4065189575181121,4.6047697292806875,-0.5117378786700538
25.974999999999998,-0.3935771027890682,-6.073141209811209,-0.3679122805274657,4.614664403065908,-0.5117701819529419
25.983333333333334,-0.44316257307248497,-5.805444134417225,-0.330334500505661,4.364987075325407,-0.5117998790807395
25.991666666666667,-0.49002974364854207,-5.428349906261941,-0.2957028222632497,3.921359279489486,-0.5118248193525533
26.0,-0.5334605210984413,-4.988066010930285,-0.26528292980758356,3.367529153192999,-0.5118442859740785
26.008333333333333,-0.5730943598301582,-4.522131931584978,-0.23969018490310096,2.7721635029042635,-0.5118586875980812
26.016666666666666,-0.6088232853498057,-4.053601146235944,-0.21907384267893126,2.1783727507118704,-0.5118689442079456
26.025,-0.6406788910326664,-3.5936536016338003,-0.20331755212786856,1.6080523726735292,-0.5118760425994138
26.03333333333333,-0.6687522098659743,-3.146072066446269,-0.1921837979626622,1.0695949707899266,-0.5118808358848412
26.041666666666668,-0.6931475262172517,-2.7107093687177057,-0.1853995506358588,0.5639290385046498,-0.5118839943262586
26.05,-0.7139591850571386,-2.285579214589841,-0.1827016520866995,0.08820552377595912,-0.5118860201778147
26.058333333333334,-0.7312613946614815,-1.867960964905461,-0.18385909875233025,-0.3622121955260656,-0.5118872812229457
26.066666666666666,-0.7451046090481338,-1.4549302208590906,-0.18868326181342931,-0.7927472622419476,-0.5118880677231789
26.075,-0.755514862869613,-1.0435692412487296,-0.19703234767553607,-1.2091736987123933,-0.5118886481458399
26.083333333333332,-0.7624941486741021,-0.6310295792088357,-0.20881347422694865,-1.617437444483461,-0.5118892804177074
26.091666666666665,-0.7660210373357078,-0.2145376849652861,-0.22398373249611098,-2.0235759463646663,-0.5118902182095292
26.099999999999998,-0.7660513029733,0.2086005098775069,-0.24255066386574056,-2.433642694069249,-0.5118917196024617
26.108333333333334,-0.7625187884545709,0.6409349306760492,-0.2645717802158789,-2.853533672329799,-0.5118940709645756
26.116666666666667,-0.7553373014229157,1.0846756619419888,-0.29015180402103763,-3.288589590106998,-0.5118976434895827
26.125,-0.7444050937595884,1.5412379068377111,-0.31943495055723603,-3.7427524037114686,-0.5119029297442335
26.133333333333333,-0.7296149557182264,2.0103068564474484,-0.35258706237241094,-4.216899086680126,-0.5119105647846552
26.141666666666666,-0.7108751040766123,2.488129238943805,-0.38975868502876154,-4.705841226401705,-0.5119213265550779
26.15,-0.6881484611404055,2.9647930496432786,-0.43101594117299297,-5.193568813121501,-0.5119360763691686
26.15833333333333,-0.6615179348285699,3.420878701167249,-0.476225909598552,-5.647378399474258,-0.5119555726348433
26.166666666666668,-0.6312755084723373,3.825683137692832,-0.5248999109826363,-6.014655487995545,-0.5119800958515789
26.175,-0.5980038229475501,4.14168786954487,-0.5760481863379668,-6.23036781580929,-0.5120089539761403
26.183333333333334,-0.562580855034246,4.338483173134714,-0.6281654858246006,-6.240905826150922,-0.5120402246845394
26.191666666666666,-0.5260488755278052,4.409144556134013,-0.6794501164722611,-6.032387857089662,-0.512071187552657
26.2,-0.4893906879848585,4.373889310762997,-0.7281848762530657,-5.637377776216238,-0.5120993343252368
26.208333333333332,-0.45334840090656753,4.267380621796789,-0.7730490449497889,-5.11358779272801,-0.5121231809043967
26.216666666666665,-0.4183723754726543,4.122831418825771,-0.8132105501948363,-4.516942824677317,-0.5121423747018499
26.224999999999998,-0.38467342746079053,3.963941419639083,-0.8482429335481609,-3.887880240492458,-0.5121573226157548
26.233333333333334,-0.3523076870385789,3.8044474126602132,-0.877986707221159,-3.2505594624813914,-0.5121687662737281
26.241666666666667,-0.321249425147854,3.6507613416622164,-0.9024308487747706,-2.6172973085168403,-0.51217750185776
26.25,-0.29144016057593103,3.5047335933478347,-0.921634142392268,-1.9932025914126903,-0.5121842442410688
26.258333333333333,-0.26281785324234636,3.3656261364354516,-0.9356798273791432,-1.3794635211326074,-0.512189578768077
26.266666666666666,-0.23533299734426677,3.231318408258819,-0.9446519576781538,-0.7753305384557947,-0.5121939543498947
26.275,-0.20895702645666514,3.0989872781393935,-0.9486242666152438,-0.17920346776827858,-0.5121976919694191
26.28333333333333,-0.1836864853832061,2.965472523475308,-0.9476556377514542,0.41082004552845697,-0.51220099842863
26.291666666666668,-0.15954494108555978,2.8274715423144956,-0.9417888130353245,0.9966864627559581,-0.5122040296267205
26.3,-0.13658375019449967,2.681625309809579,-0.9310503507427929,1.5803389655650102,-0.5122069983131593
26.308333333333334,-0.11488237260622712,2.524551427619277,-0.9154504484083034,2.1637740461939785,-0.5122101981980931
26.316666666666666,-0.09454851738116242,2.352851931084629,-0.89498209659977,2.7491464462151716,-0.5122140097361996
26.325,-0.07571831083255089,2.163101337158957,-0.8696191663780699,3.3389178742127417,-0.5122189096752398
26.333333333333332,-0.058556626390240965,1.9518205201861645,-0.839313116278455,3.9360379622894923,-0.5122254856230773
26.341666666666665,-0.043257674187030526,1.7154416179802578,-0.8039880928441694,4.544146721850171,-0.5122344575899411
26.349999999999998,-0.03004588611607674,1.4502750138469525,-0.7635343152615027,5.167779265501302,-0.5122467093759902
26.358333333333334,-0.019176979290075887,1.1525066464893319,-0.7177998866677154,5.8125274001073635,-0.5122633336342638
26.366666666666667,-0.010938697871492539,0.8182949610168337,-0.6665817838219491,6.485048056794846,-0.5122856949691328
26.375,-0.005649819904738217,0.44412963092970664,-0.6096182354906273,7.192657994110533,-0.5123155138972946
26.383333333333333,-0.0036539284465912157,0.02781593799727828,-0.5465880902484609,7.941918719571412,-0.5123549660086054
26.391666666666666,-0.0052998995611198,-0.4291442536341636,-0.47713030571276405,8.734923664380371,-0.5124067645396189
26.4,-0.010892008900049443,-0.9163458634559806,-0.40091198817606755,9.560845772802603,-0.5124741455533429
26.40833333333333,-0.020578572823859886,-1.4047098757678018,-0.3177978059262611,10.379629618438802,-0.5125604396099324
26.416666666666668,-0.034141805516058985,-1.8334394083206658,-0.22818673134497827,11.0995405958983,-0.512667588518922
26.425,-0.05070753375977366,-2.107876055852204,-0.13349277310298954,11.571776158859585,-0.5127932430771465
26.433333333333334,-0.06858430981364144,-2.1370292884168087,-0.03642858141284867,11.650577663054206,-0.5129281970232583
26.441666666666666,-0.08558285075005062,-1.90253017774118,0.05949352232451153,11.306486692320405,-0.5130585718900942
26.45,-0.09975649477996898,-1.4757241157112246,0.15115378549166059,10.654462095781282,-0.5131728632139099
26.458333333333332,-0.10992621203572404,-0.9570919753182334,0.2366604667604923,9.853884905220733,-0.513266403866415
26.466666666666665,-0.11566349751531184,-0.42117948135671635,0.31529581619218616,9.019066631232805,-0.5133400019897796
26.474999999999998,-0.1170089516636363,0.09279453247207925,0.3870417290246158,8.205876601909253,-0.5133967482147785
26.483333333333334,-0.11422258405508118,0.5691039898386389,0.4521730394293342,7.432670161730005,-0.5134400059445072
26.491666666666667,-0.10763963735776493,1.0039008011130472,0.5110325616540426,6.69994011909831,-0.5134727144799631
26.5,-0.09760274478883584,1.398493406524099,0.5639338340774447,6.001411709001724,-0.5134972738091814
26.508333333333333,-0.08443406381315009,1.7561492014885383,0.6111290272795041,5.329158832579695,-0.5135155997418444
26.516666666666666,-0.06842543899002444,2.0807419877841675,0.6528051130267457,4.67565056091639,-0.5135292233969978
26.525,-0.049835823920781966,2.3762472885897297,0.6890905053511657,4.034409447910453,-0.5135393819056174
26.53333333333333,-0.028891187797153804,2.64659751437728,0.7200643980107448,3.4000871298550734,-0.5135470878843085
26.541666666666668,-0.005784952212146247,2.8956760661940315,0.7457656373321756,2.7683148506128163,-0.513553178857642
26.55,0.019321742377581694,3.127353997425214,0.766199986881527,2.135483213893316,-0.5135583509501359
26.558333333333334,0.04630009727394947,3.3455272993726384,0.7813455149152949,1.4985195965093103,-0.513563181007086
26.566666666666666,0.07505395361187162,3.5541337737033434,0.7911562504096362,0.8547005087184851,-0.513568140289365
26.575,0.10552008519302593,3.7571314321794307,0.7955645372423185,0.2015334225126634,-0.5135736017641996
26.583333333333332,0.13766805697716733,3.958408642114621,0.7944828702801373,-0.4632355768953171,-0.5135798444603559
26.591666666666665,0.1714988311349102,4.161559885041784,0.787806745243253,-1.1413621559480505,-0.513587128008691
26.599999999999998,0.20704068512679197,4.369448046621249,0.7754210782573716,-1.8334841172114114,-0.5135958484859503
26.608333333333334,0.24433996556125923,4.583355691971342,0.7572143826416868,-2.537791969627015,-0.5136065836313425
26.616666666666667,0.2834420032873554,4.801415993379653,0.7331088214837941,-3.2474553119043343,-0.5136200897899589
26.625,0.32435472523924547,5.015977639731967,0.703118925172644,-3.9462310550310407,-0.513637243977408
26.633333333333333,0.36698550163736615,5.209887809343814,0.6674550574097963,-4.602240336575633,-0.5136588648024532
26.641666666666666,0.4110467445002794,5.353179778798738,0.62667906844993,-5.162474003508297,-0.5136853323210647
26.65,0.4559505538962352,5.404829685405768,0.581877053461838,-5.556017373138832,-0.5137160258543069
26.65833333333333,0.5007619460554107,5.325804602230701,0.5347299611554402,-5.716601439206566,-0.513748916368342
26.666666666666668,0.5443046538407114,5.100716876819127,0.4873217747000251,-5.61971643938015,-0.513780922689231
26.675,0.5854207264725745,4.749295960789712,0.441685587555246,-5.301896094566661,-0.513809125369601
26.683333333333334,0.6232272104009028,4.314184826694196,0.39935927765684337,-4.839122701271317,-0.5138318885464843
26.691666666666666,0.6572125352427416,3.838543012384793,0.36122153216991043,-4.307838155213068,-0.5138490271708908
26.7,0.6871765547187781,3.352931673043028,0.32759953779713175,-3.7621923089402354,-0.5138612616396401
26.708333333333332,0.7131146986323864,2.874187622764286,0.29847351863561616,-3.232106273875184,-0.5138696222521018
26.716666666666665,0.7351190742110942,2.409445880562717,0.27365173742063786,-2.730267723094483,-0.5138751016538338
26.724999999999998,0.7533156538128423,1.960285369570385,0.25288270916322886,-2.259351638594845,-0.5138785249230471
26.733333333333334,0.7678305749709264,1.5255155978885702,0.2359166096511851,-1.816897697823037,-0.5138805328805707
26.741666666666667,0.778774255527522,1.1027360343866295,0.2225353745745222,-1.3980684436813626,-0.5138816070354582
26.75,0.7862349481660496,0.6891123611088744,0.21256595752788643,-0.9970540631553646,-0.5138821025644887
26.758333333333333,0.7902767607610025,0.2817176016264496,0.20588534565790773,-0.6077245095672549,-0.5138822770696685
26.766666666666666,0.7909394764882348,-0.12235131870040769,0.2024219464199577,-0.22389282395255272,-0.5138823120393067
26.775,0.7882388426472694,-0.5259627012538407,0.2021556546449356,0.16060601965808943,-0.5138823338724897
26.78333333333333,0.7821667499533309,-0.9319808332453928,0.20511760354672534,0.5519046952290962,-0.513882463004546
26.791666666666668,0.7726910869253205,-1.3433078445056506,0.21138992417994526,0.9561103582577047,-0.5138828676131941
26.8,0.7597553535995278,-1.7628895235813264,0.221105408079605,1.3792546797563805,-0.5138837887707177
26.808333333333334,0.7432785962990668,-2.1936205594190463,0.23444609482669637,1.8270654480715447,-0.5138855608593567
26.816666666666666,0.7231568789391838,-2.6380471408512025,0.25163865581308575,2.3043857475943264,-0.5138886394149315
26.825,0.699268709703559,-3.0976726291782306,0.2729423766956618,2.813905198628902,-0.5138936344763665
26.833333333333332,0.6714889998853092,-3.5715363560580786,0.2986218167884845,3.3536344128681916,-0.5139013394725105
26.841666666666665,0.6397194558133411,-4.053613595309558,0.32889050182597684,3.912346133750748,-0.5139127266945336
26.849999999999998,0.6039466830453543,-4.528780464881825,0.363806229393253,4.462551018504009,-0.5139288443598201
26.858333333333334,0.5643370386175839,-4.9684272559921,0.4031025755286858,4.952902468435901,-0.5139505112020718
26.866666666666667,0.521355532325592,-5.33017523982637,0.44597900547664154,5.307769662121574,-0.5139777488964967
26.875,0.47584422868909454,-5.568964763008071,0.49096202471664574,5.446601081935524,-0.5140091805626505
26.883333333333333,0.4289549951004624,-5.6594631916701745,0.5360205173814275,5.323046077392541,-0.5140420392017004
26.891666666666666,0.3819061555566123,-5.611863533829456,0.5789894319680396,4.952805210959014,-0.5140731808629566
26.9,0.3357036100832413,-5.463711468966757,0.6180593803550485,4.39999519199523,-0.5141003792087391
26.90833333333333,0.2910038857045705,-5.25771128041247,0.6520239596548907,3.739001327056983,-0.5141228342144958
26.916666666666668,0.24814426389375668,-5.026338474180508,0.6802387325942741,3.0277881948456287,-0.5141408282856248
26.925,0.20724810729000337,-4.788669712146336,0.7024486625616374,2.302166329864301,-0.5141551441651104
26.933333333333334,0.16832571614857353,-4.553452074846664,0.7186210193735024,1.5808274084307938,-0.5141666479540877
26.941666666666666,0.1313435675990891,-4.323044553224255,0.7288308587039927,0.8719325215837752,-0.5141760867286707
26.95,0.09626461111865933,-4.0963123495530285,0.7331948620940373,0.17793652390862458,-0.51418402122946
26.958333333333332,0.06306942160762018,-3.870374697064016,0.7318369058646507,-0.5015409918556596,-0.5141908243455013
26.966666666666665,0.03176629700655468,-3.641572853200289,0.7248715796731209,-1.1681734977230942,-0.5141967830014887
26.974999999999998,0.002395473334097329,-3.4059536948837077,0.7123967157270547,-1.824244873392395,-0.5142022574852642
26.983333333333334,-0.02496950161750714,-3.1595014802709556,0.6944894955538885,-2.4724084649096496,-0.5142077077006131
26.991666666666667,-0.05022174205599093,-2.8982403399958576,0.6712035735467416,-3.1156675730899566,-0.5142136958555903
27.0,-0.07322151089270212,-2.618262485304623,0.6425657619466043,-3.7574864844050193,-0.5142208954811348
27.008333333333333,-0.09379676294695313,-2.3157184530760526,0.608571486556945,-4.40196541349527,-0.5142301080451341
27.016666666666666,-0.11174354769839936,-1.9867983074424178,0.5691786987308257,-5.054027003405501,-0.5142422894270192
27.025,-0.12682635037455364,-1.6277447364778546,0.5243004106446908,-5.719545262623743,-0.5142585893850335
27.03333333333333,-0.1387789362757966,-1.2349801643446736,0.47379682099036774,-6.405283490487129,-0.5142804072383798
27.041666666666668,-0.14730729675173754,-0.8055264224866531,0.4174696746590165,-7.118350949507254,-0.5143094644485219
27.05,-0.15209853360200554,-0.33809959544588464,0.3550651679134224,-7.8645467511795095,-0.5143478843993563
27.058333333333334,-0.15284416642703205,0.16435170363742255,0.28629946449044674,-8.6442978607461,-0.5143982381983421
27.066666666666666,-0.1492949949083786,0.6893530560749191,0.21093562236072833,-9.443930590320548,-0.5144634495361375
27.075,-0.1413763577959376,1.2056220261646613,0.12896141833766636,-10.21999418244496,-0.5145463141434584
27.083333333333332,-0.12939153327464042,1.6523353512487802,0.040918424976682966,-10.880463049011903,-0.5146480511331042
27.091666666666665,-0.11427561142854185,1.9415454012595512,-0.05167323145189545,-11.28691174321132,-0.5147657345029182
27.099999999999998,-0.09768978967840458,1.9966833021084132,-0.1461385814195869,-11.31654393503165,-0.514890483807197
27.108333333333334,-0.08167551300065755,1.8106091698341842,-0.23919056485529883,-10.95775330662326,-0.5150099593971567
27.116666666666667,-0.06799349281551069,1.4521713536690708,-0.3279934190024436,-10.321110687166788,-0.5151143865511117
27.125,-0.05769786315724783,1.0116877264635022,-0.41083926308110025,-9.549676892898495,-0.5151999270002937
27.133333333333333,-0.05117171303822571,0.5558315534253069,-0.4870698054416472,-8.745896398760383,-0.5152673673450217
27.141666666666666,-0.04837530201594396,0.12042204531648076,-0.5566609757183606,-7.961467721572218,-0.5153194562509436
27.15,-0.04906535726866587,-0.27957653720096004,-0.6198676685568506,-7.214949763647771,-0.515359208739582
27.15833333333333,-0.05292480914197549,-0.6400910405678681,-0.6770221272006901,-6.508548548711636,-0.5153892671470497
27.166666666666668,-0.059626076636644584,-0.9619781155708663,-0.7284429329776152,-5.837898271571225,-0.5154117921776505
27.175,-0.06885830132967743,-1.2480728038510278,-0.7744023382470824,-5.196741545792785,-0.5154285068733611
27.183333333333334,-0.08033756467606103,-1.5018691500937709,-0.8151199755577566,-4.578898679364525,-0.5154407792257153
27.191666666666666,-0.09380978607770632,-1.7269822951256915,-0.85076697615636,-3.978964769144167,-0.515449701101199
27.2,-0.1090507890738441,-1.9269584654755634,-0.8814732601643672,-3.3924528810924457,-0.5154561508266602
27.208333333333332,-0.12586547926008346,-2.105229831544595,-0.9073349404584496,-2.8157135317048447,-0.5154608393578473
27.216666666666665,-0.14408691050656838,-2.2651231960917335,-0.9284206672044348,-2.2457763294861843,-0.5154643432428682
27.224999999999998,-0.16357550076662172,-2.409883125668417,-0.9447765629610272,-1.6801766322604779,-0.5154671277837184
27.233333333333334,-0.18421843912741967,-2.5426930101002916,-0.9564297514124424,-1.1167942625291354,-0.515469563138815
27.241666666666667,-0.20592923280833844,-2.6666867023254848,-0.9633906396979438,-0.5537173259816534,-0.515471935335298
27.25,-0.22864729413136947,-2.78494552810211,-0.9656542043423227,0.010858969325108981,-0.5154744534772563
27.258333333333333,-0.25233741130230924,-2.9004703741056,-0.9632006406179915,0.5786772327567392,-0.5154772610388592
27.266666666666666,-0.27698881252007984,-3.0161110148329566,-0.9559960143304495,1.1513738348520655,-0.5154805127866908
27.275,-0.30261345445691495,-3.1344448205107023,-0.9439935680982658,1.7303559967323099,-0.5154844512076924
27.28333333333333,-0.3292428652193288,-3.257538386537125,-0.9271368383251533,2.3164662469571207,-0.5154894200753027
27.291666666666668,-0.3569222472536475,-3.386512197586107,-0.9053668890381616,2.9093044431787782,-0.5154958706436941
27.3,-0.38569971582062024,-3.5207833932912416,-0.8786373072170698,3.5060008020333693,-0.5155043602834052
27.308333333333334,-0.415607322754982,-3.656824082982058,-0.8469426599777374,4.09916557472374,-0.5155155299854584
27.316666666666666,-0.44662927985194245,-3.7863293699549163,-0.8103682112442486,4.6738336342258195,-0.5155300354016822
27.325,-0.4786531023082762,-3.8940520310748212,-0.7691682169975455,5.203832114822938,-0.5155483943775273
27.333333333333332,-0.5114051449489492,-3.9565524776635224,-0.723870444293267,5.649677534275704,-0.5155707235140814
27.341666666666665,-0.5443885909000608,-3.944587587703572,-0.6753765142250227,5.962613028494678,-0.5155964124224555
27.349999999999998,-0.5768666271075336,-3.831766117816783,-0.6249858906875898,6.099230411934506,-0.5156239436891461
27.358333333333334,-0.6079382998026868,-3.607041273316794,-0.5742634990869547,6.042506403197574,-0.5156511492959919
27.366666666666667,-0.6367023167150208,-3.281491740376831,-0.5247601149322273,5.812984382178343,-0.5156759145142703
27.375,-0.6624255604034744,-2.882501040164773,-0.4777280085792864,5.458469550934481,-0.5156968649778901
27.383333333333333,-0.6846262779069806,-2.4408944907029695,-0.4339846151528711,5.0318911383474205,-0.5157135739684672
27.391666666666666,-0.7030582101333919,-1.9813617407604545,-0.39394582264688827,4.575000509066994,-0.5157263217646852
27.4,-0.7176437314389769,-1.5196900785015526,-0.35774529847301545,4.113819565965619,-0.5157357310717485
27.40833333333333,-0.7284040098088514,-1.0642027515589654,-0.32535737490245376,3.661277223862513,-0.5157424978778034
27.416666666666668,-0.735407210562798,-0.6182579257110394,-0.2966877732588223,3.22161762701528,-0.5157472546538465
27.425,-0.7387362343744224,-0.18231695691503594,-0.27162996554548163,2.794034433408033,-0.5157505234321162
27.433333333333334,-0.7384706546986065,0.24471037004638235,-0.25009654390164926,2.3750467266842037,-0.5157527135737013
27.441666666666666,-0.7346773313496229,0.6646924899082469,-0.2320351778305767,1.9598854395047567,-0.5157541509956639
27.45,-0.7274057892821102,1.0798771903243245,-0.21743589723629575,1.5432398954227653,-0.5157551321427984
27.458333333333332,-0.7166859409090498,1.4927023907321328,-0.20633381540432802,1.1196482052032097,-0.5157559454446778
27.466666666666665,-0.7025269374780225,1.9057007154123617,-0.1988093655375828,0.6837276565063892,-0.5157568800371503
27.474999999999998,-0.6849166864390348,2.3214231463609982,-0.19498682662898525,0.2303754378461047,-0.5157582323878519
27.483333333333334,-0.6638221808216149,2.742306736287932,-0.19503086095397817,-0.2449310334551338,-0.5157603104797575
27.491666666666667,-0.639191513080978,3.170381092065474,-0.19913951710715716,-0.7455480265258837,-0.5157634547143333
27.5,-0.6109594743875524,3.606675909314841,-0.20753037836188604,-1.2725666775250555,-0.5157681046337868
27.508333333333333,-0.5790600734156411,4.0501022251225685,-0.22041417701030364,-1.8228137735422727,-0.5157748347152854
27.516666666666666,-0.5434516427293763,4.4955044302063945,-0.23794613304902462,-2.3854292805592605,-0.5157843523074351
27.525,-0.5041622445515764,4.9307522188700315,-0.260141879573665,-2.936822743775877,-0.5157974340027361
27.53333333333333,-0.46136145219655855,5.333562306249319,-0.2867479694741433,-3.435247968376995,-0.5158147380392827
27.541666666666668,-0.41545130654484386,5.670741635906866,-0.31708040896707945,-3.819721090590871,-0.5158364488272476
27.55,-0.367137204375454,5.904548457759065,-0.34990067973877576,-4.021469439997472,-0.5158618547178669
27.558333333333334,-0.3174073281800883,6.007808759033646,-0.3834545672693216,-3.990722817203567,-0.5158892118292302
27.566666666666666,-0.2673774854806301,5.978636023644313,-0.41574939572427605,-3.7228301729746853,-0.5159162349640758
27.575,-0.21806655737474628,5.840700239972724,-0.44495579243723815,-3.2591057025963766,-0.5159409807052596
27.583333333333332,-0.17023685522975956,5.629032844322223,-0.4696985868852263,-2.6622294265400406,-0.515962427486036
27.591666666666665,-0.12436552711417478,5.3751760453218616,-0.48911917288433915,-1.990194557429168,-0.5159804416345227
27.599999999999998,-0.08070714639204575,5.100625740994535,-0.5027765641583999,-1.2845048870114655,-0.515995407738902
27.608333333333334,-0.03937924874802055,4.817152221240758,-0.5105050896563804,-0.5703254239704052,-0.5160078732399918
27.616666666666667,-0.0004321993171654873,4.529610036891232,-0.5122962289074473,0.13896500755899538,-0.5160183359944892
27.625,0.0361049970071531,4.238663446493561,-0.5082198499889652,0.8372847596709034,-0.5160271792206386
27.633333333333333,0.07019834102908426,3.942694380363062,-0.4983774597166634,1.5227294599981787,-0.5160348064238149
27.641666666666666,0.10179498512450524,3.6389395129797117,-0.4828755643113321,2.195785556936031,-0.5160417305136795
27.65,0.13081667520016205,3.324144039381567,-0.4618102419271207,2.8583572157029757,-0.5160485679870838
27.65833333333333,0.1571573004289136,2.994920363981204,-0.4352575538031284,3.5132935107789933,-0.5160560373854318
27.666666666666668,0.18068269929209363,2.6479502654615112,-0.4032666627685525,4.164177814501112,-0.5160649664683264
27.675,0.20123185890206552,2.280132539032235,-0.36585424143051,4.815202241155115,-0.516076307918069
27.683333333333334,0.21861944569421946,1.8887724494648177,-0.3230001346002094,5.470962466777764,-0.5160911634446365
27.691666666666666,0.23264052160966014,1.4719441191805425,-0.27464579051518834,6.135952661508939,-0.5161108144044457
27.7,0.24307971833644476,1.029245568044736,-0.22069935373834562,6.813391743812649,-0.5161367511343009
27.708333333333332,0.24972957443834629,0.5633212800123677,-0.1610554200208116,7.502743666000743,-0.5161706781050706
27.716666666666665,0.2524266371396624,0.08270411050035134,-0.09564415659084508,8.194970249024022,-0.516214438877439
27.724999999999998,0.2511185115628147,-0.39357604291411097,-0.02453269907065275,8.864670299270625,-0.5162697480970586
27.733333333333334,0.2459744987767477,-0.8305401252616487,0.05189802584975695,9.46047321896092,-0.5163375862224605
27.741666666666667,0.23752954630086548,-1.1760620928820935,0.1327146252265959,9.902033644925362,-0.5164171345900034
27.75,0.2267865838047632,-1.3737041113899013,0.21625191072921582,10.10010062917531,-0.5165046321188936
27.758333333333333,0.2151382178644883,-1.3917264863517984,0.3002243154051688,10.003825690666456,-0.5165935006498695
27.766666666666666,0.2040517876248486,-1.245213491812309,0.38222601519050836,9.637345695028506,-0.516676576537163
27.775,0.19469961743508515,-0.9854471951337135,0.4603230460102281,9.082498297033242,-0.5167488726589416
27.78333333333333,0.18778206960410734,-0.6695391103267001,0.5333301563885056,8.429212807710769,-0.5168085650942387
27.791666666666668,0.18357622243879196,-0.3402048952056879,0.6007214233496219,7.7430673202575235,-0.516856165199156
27.8,0.1820782562594781,-0.022586259994337877,0.6623944656231064,7.06099589586539,-0.5168932716652032
27.808333333333334,0.18313247946317943,0.2710483562847036,0.7184632009148683,6.39962145314422,-0.5169217290529137
27.816666666666666,0.18651582092038219,0.536043824270888,0.7691271899333159,5.764124835554203,-0.5169432501155469
27.825,0.19198504888943863,0.7717630824167446,0.8146030148634741,5.154142306450255,-0.5169593014861961
27.833333333333332,0.19930082967967863,0.9795347849820428,0.855093124556561,4.567023341641217,-0.5169710940200829
27.841666666666665,0.20823914143834463,1.1615822489450247,0.8907743423007565,3.9994456401677314,-0.5169796129904936
27.849999999999998,0.21859625994174406,1.320494467326533,0.9217957201883624,3.448140331340046,-0.5169856565903787
27.858333333333334,0.23019063165776765,1.4589762422292014,0.9482803499587522,2.910169281111192,-0.5169898708071483
27.866666666666667,0.24286330701021505,1.5797359517857235,0.9703284812422546,2.382988752817303,-0.516992777596511
27.875,0.2564777442691689,1.685438385268264,0.988020718035928,1.8644180915515651,-0.5169947965332001
27.883333333333333,0.270919357287597,1.7786862698829213,1.001420776046105,1.3525723610287488,-0.516996261056038
27.891666666666666,0.2860949617045671,1.862012257028696,1.010577636589363,0.8457882815989995,-0.5169974304939741
27.9,0.3019321626857597,1.9378716867605377,1.0155271118599323,0.342558959300778,-0.5169984988472988
27.90833333333333,0.3183786631453321,2.008629720806783,1.0162929385132182,-0.1585123858697763,-0.5169996010771971
27.916666666666668,0.3354014083532707,2.0765323206137887,1.0128876304026702,-0.658718172124194,-0.5170008307251321
27.925,0.3529853974696404,2.143657541915856,1.0053134806108037,-1.1592132523027225,-0.5170023054321525
27.933333333333334,0.3711320106923149,2.2118422097365413,0.9935639423478104,-1.660944057009559,-0.5170042000127454
27.941666666666666,0.38985649332957983,2.2825488384927244,0.9776260397765905,-2.164465969359796,-0.5170067491206128
27.95,0.4091839944239274,2.356645807072278,0.9574848868449947,-2.6696106378544395,-0.5170102483087329
27.958333333333332,0.42914326142549025,2.434055925162003,0.9331318502429629,-3.1749295267998177,-0.5170150521017333
27.966666666666665,0.4497566648447694,2.5132175929389864,0.904578606320891,-3.6768197128681672,-0.5170215644731423
27.974999999999998,0.4710247839828577,2.590314443333671,0.8718800964300112,-4.168255327430027,-0.5170302136919552
27.983333333333334,0.492903674147223,2.658307693007012,0.8351696046750545,-4.637176487424365,-0.5170413995522443
27.991666666666667,0.5152740143880815,2.7060267397475486,0.7947074297396569,-5.064956608155384,-0.5170553999782784
28.0,0.5379050765407832,2.7179897183535497,0.7509384072574616,-5.426068799605949,-0.5170722345950871
28.008333333333333,0.5604239811244867,2.676047504491013,0.7045409412642349,-5.690786326980411,-0.5170915167803541
28.016666666666666,0.5823094528910312,2.5636518795722765,0.6564355044218461,-5.832263571987269,-0.5171123785761272
28.025,0.6029294567930634,2.3717225628028804,0.6077203146197128,-5.836263539398079,-0.5171335727592761
28.03333333333333,0.6216229433235079,2.1026857614572916,0.5595342381173025,-5.707749373588291,-0.5171537690355631
28.041666666666668,0.6377956037508656,1.7695254050279738,0.5128980110192163,-5.46904775274141,-0.517171901853554
28.05,0.6509878032865744,1.3905356272222202,0.46860412633461296,-5.150833519188513,-0.5171873739465029
28.058333333333334,0.6608938339343656,0.9835554337074126,0.4271896215405718,-4.782385671672973,-0.5172000468375867
28.066666666666666,0.6673419470134812,0.5625746494689089,0.38897458961269205,-4.385976356063466,-0.5172100996753023
28.075,0.6702575759525596,0.136961240806875,0.35412778076013457,-3.9757438883559533,-0.5172178699250559
28.083333333333332,0.6696271622339023,-0.2878346361576994,0.32272969011487324,-3.5590553666189138,-0.5172237375571158
28.091666666666665,0.6654701307928027,-0.7091624330979406,0.29482055958644204,-3.138537394145626,-0.5172280787791979
28.099999999999998,0.6578198400600848,-1.1261872730845457,0.27043215516517893,-2.713854154869763,-0.5172312744879972
28.108333333333334,0.6467116201341279,-1.5391718675518242,0.24960668580060955,-2.283017044027944,-0.5172337071198945
28.116666666666667,0.632175815642941,-1.948982126691196,0.23240652274472698,-1.843303841101269,-0.5172357586826704
28.125,0.6142343044645757,-2.356731237485964,0.21891737132186206,-1.3919389608227308,-0.5172378125142693
28.133333333333333,0.592899744008369,-2.763464635552149,0.20924618442134732,-0.926703221011708,-0.5172402551111577
28.141666666666666,0.5681776182808835,-3.169785516311543,0.20351369674702893,-0.4466445782779298,-0.517243475340865
28.15,0.5400720323895992,-3.575310356452004,0.20183997299621886,0.04692293247924725,-0.517247858478754
28.15833333333333,0.5085971830645163,-3.977828979587165,0.20431970315936612,0.5489194760265047,-0.517253778654457
28.166666666666668,0.4737974351552734,-4.372076169947667,0.21098229390351006,1.0483507451508673,-0.5172616285188322
28.175,0.43577898142171595,-4.748217629020225,0.22173196128911246,1.5257258890494476,-0.5172718154906055
28.183333333333334,0.3947538399415925,-5.0905447402501185,0.23626710154377473,1.9509172229532419,-0.5172846644933486
28.191666666666666,0.35108964788808544,-5.377672655681142,0.2539911137651959,2.283748208841156,-0.5173002550318407
28.2,0.3053452648396802,-5.586013618272886,0.27395046644309146,2.480404732096468,-0.5173182420649546
28.208333333333332,0.25826120245330386,-5.69695598664514,0.2948548332974765,2.5063789982701046,-0.5173377841282996
28.216666666666665,0.21068476976233166,-5.704474709710568,0.315214608270691,2.350146096234883,-0.5173577023637391
28.224999999999998,0.16344991139622686,-5.617565314695108,0.33356032904473243,2.0276810658732094,-0.5173768320738886
28.233333333333334,0.11726764888379361,-5.455496269865095,0.34864500627289224,1.5742328247543447,-0.5173943451668735
28.241666666666667,0.07267322368020282,-5.239924689871393,0.3595470335992141,1.0303988493469523,-0.5174098573483252
28.25,0.0300331399501762,-4.989030197305216,0.36566646262137,0.4315666928643995,-0.5174233329736636
28.258333333333333,-0.010414503606664256,-4.715358708404523,0.36666023431667427,-0.19621857966927891,-0.5174349161450505
28.266666666666666,-0.04851359820911594,-4.4262323216997475,0.36236381776497595,-0.8358727286412071,-0.5174448150196072
28.275,-0.08415193622888427,-4.125104910712378,0.35272485401573755,-1.4771841484840966,-0.5174533477490082
28.28333333333333,-0.11723472382269588,-3.812905576124872,0.3377548893786366,-2.114706398566456,-0.51746096827956
28.291666666666668,-0.14766817153104306,-3.4890941830101085,0.31749694302758674,-2.7461023089922656,-0.5174682444469769
28.3,-0.17535054003895165,-3.1524053306055193,0.292004674766539,-3.3710002414308367,-0.5174758437196969
28.308333333333334,-0.2001684044586634,-2.801376001941034,0.2613294699448958,-3.990205277607694,-0.5174845270688019
28.316666666666666,-0.22199682552794758,-2.4347758132555124,0.22551331828037577,-4.605062887340608,-0.5174951485740559
28.325,-0.24070313255355513,-2.0520655819451923,0.18458710008784385,-5.216759754209095,-0.5175086570742488
28.333333333333332,-0.25615513787028243,-1.6540289174033134,0.13857580646503068,-5.825312899788489,-0.5175260929799372
28.341666666666665,-0.2682359363978114,-1.243752688306461,0.08751452617280799,-6.427940861289436,-0.5175485665888068
28.349999999999998,-0.27686897259177906,-0.8281359060569619,0.031481735206599644,-7.016492169198256,-0.5175771921767113
28.358333333333334,-0.2820581010361529,-0.41995370977627033,-0.02934154250253274,-7.573840968806755,-0.5176129359193054
28.366666666666667,-0.2839455759122046,-0.03991879125517024,-0.09458065514244592,-8.070115728825924,-0.5176563284269275
28.375,-0.2828814281349038,0.28308414385406777,-0.1635535758127911,-8.461757079406203,-0.5177070353955575
28.383333333333333,-0.2794765767107373,0.5166626469047627,-0.235178913121415,-8.698580608291689,-0.5177634335135701
28.391666666666666,-0.274589875443136,0.6359183765401843,-0.30798811698922823,-8.74145059308189,-0.5178225225129616
28.4,-0.2692124897513406,0.6355499691981543,-0.38030441647117336,-8.582096900228109,-0.5178805099305905
28.40833333333333,-0.2642825788285695,0.532983470510425,-0.4505366799564946,-8.248391042821206,-0.517933917762726
28.416666666666668,-0.26052657302965104,0.3594568114056591,-0.5174309967628578,-7.7899027586241925,-0.5179804880102737
28.425,-0.25839828512438323,0.14727929451926058,-0.580163718024716,-7.257305493466479,-0.5180193804195423
28.433333333333334,-0.2581077668575219,-0.0781042053005584,-0.6382904965517042,-6.689811197952194,-0.5180508170475547
28.441666666666666,-0.25968935977932645,-0.2998884387301104,-0.691634906478215,-6.112704177263946,-0.5180755953574361
28.45,-0.2630685549017384,-0.5083861444208503,-0.7401821738663295,-5.540135685441549,-0.5180947243219719
28.458333333333332,-0.26811191432547593,-0.6987848538039557,-0.7840024557877417,-4.978932541031863,-0.5181092165618594
28.466666666666665,-0.2746595647078726,-0.8692950203905354,-0.8232032279055608,-4.431640668062369,-0.5181199923180816
28.474999999999998,-0.2825447727470552,-1.0198960491783553,-0.8579025963678439,-3.8985205340257183,-0.5181278478107645
28.483333333333334,-0.29160518941787367,-1.151562961809618,-0.8882156229183835,-3.3787252963656154,-0.5181334542249338
28.491666666666667,-0.3016890795068981,-1.265811397189235,-0.914248080580369,-2.870949110964176,-0.518137368793128
28.5,-0.31265863381183345,-1.3644354464437687,-0.9360941837758258,-2.3737616716845755,-0.518140049077858
28.508333333333333,-0.32439160361785613,-1.4493566465971575,-0.9538363017039821,-1.8857673425573465,-0.5181418666750969
28.516666666666666,-0.33678195992480386,-1.5225346914561506,-0.9675455684953672,-1.4056716216201397,-0.5181431190134335
28.525,-0.34973995944788616,-1.5859106599179755,-0.9772828371777362,-0.9323032501718469,-0.5181440389957785
28.53333333333333,-0.36319180941075707,-1.6413652162517143,-0.9830997370524657,-0.464620614175257,-0.5181448026406521
28.541666666666668,-0.3770790055139691,-1.6906803764936067,-0.9850397846501627,-0.0017207335878604707,-0.5181455349956781
28.55,-0.3913573311566145,-1.7354940338774636,-0.9831396397622205,0.457130108492277,-0.5181463180635232
28.558333333333334,-0.40599539985505484,-1.7772362184781099,-0.9774307987301141,0.9124247864177385,-0.5181472320732422
28.566666666666666,-0.42097262501559785,-1.8170538307927526,-0.9679419310024179,1.3643300719546858,-0.5181483940638856
28.575,-0.4362764177717409,-1.8556963987829291,-0.9547021964813104,1.8125276464358406,-0.5181499594463056
28.583333333333332,-0.45189822498933135,-1.8933504372695205,-0.9377462645991365,2.2559631621722827,-0.5181521187243693
28.591666666666665,-0.4678279288673403,-1.9294095862295804,-0.9171218720434394,2.6924840744185374,-0.5181550915333208
28.599999999999998,-0.4840460275884559,-1.9621715316008876,-0.8929009233648005,3.1183506944372357,-0.5181591157032321
28.608333333333334,-0.5005130141408468,-1.9884736377987453,-0.8651951511217908,3.52763883274723,-0.5181644281956252
28.616666666666667,-0.5171556495570074,-2.0033282039248013,-0.8341769035098427,3.911633159367764,-0.5181712344210003
28.625,-0.533850672342641,-1.999705874182398,-0.8001042397632782,4.25845621959534,-0.5181796639214491
28.633333333333333,-0.5504081868001703,-1.9687265893302595,-0.7633466973250503,4.553363768971933,-0.5181897156531078
28.641666666666666,-0.5665594385106636,-1.9005686983455643,-0.724403992670776,4.780223974976226,-0.5182012062650437
28.65,-0.5819557789264634,-1.7862366053677765,-0.683906429714027,4.924413564168134,-0.5182137464025547
28.65833333333333,-0.5961849222537633,-1.6198293100282533,-0.6425869803444538,4.9765288983626315,-0.518226772021348
28.666666666666668,-0.6088050415233733,-1.4003643508177386,-0.6012243318686811,4.935326722361201,-0.5182396377430506
28.675,-0.6193885216795759,-1.1321448286035674,-0.5605707892514413,4.808209440022508,-0.5182517427773845
28.683333333333334,-0.6275614792083324,-0.8234294036388663,-0.5212883094027408,4.608883557859968,-0.5182626365399097
28.691666666666666,-0.6330275568102377,-0.4841736045971464,-0.48391162020271145,4.353516911792865,-0.5182720648421393
28.7,-0.6355729487068444,-0.1239469994411865,-0.4488429675688764,4.057264636349523,-0.5182799550204581
28.708333333333332,-0.6350573153898333,0.2493181260919193,-0.41637009448850815,3.732251282920744,-0.5182863663259856
28.716666666666665,-0.6313980152987577,0.6297134432227949,-0.38669460101978764,3.3870350781610252,-0.5182914467916169
28.724999999999998,-0.6245536695578635,1.0131889833880054,-0.3599604311950527,3.0270083373712966,-0.5182954162912901
28.733333333333334,-0.6145102958658925,1.3971421333963845,-0.3362770442415332,2.655203227975076,-0.5182985434645905
28.741666666666667,-0.6012711983428227,1.7799498407163459,-0.315735369352789,2.2731801245230225,-0.5183011270628218
28.75,-0.5848506795694521,2.1605242691644193,-0.29841653238520804,1.8818656232685427,-0.5183034842949763
28.758333333333333,-0.5652713353851523,2.537893529911106,-0.284393839079603,1.482339579339214,-0.5183059427885107
28.766666666666666,-0.542564854464297,2.9107724306296867,-0.2737282136498383,1.0766312054643232,-0.518308833031834
28.775,-0.516776594478185,3.2770782286304034,-0.2664567031566173,0.6685986763791413,-0.5183124785398392
28.78333333333333,-0.4879745389894554,3.633361457736299,-0.26257312473507,0.2649373583879018,-0.5183171813124701
28.791666666666668,-0.45626330077169963,3.9741751003314256,-0.2619998978679424,-0.12373422892107182,-0.5183232007096952
28.8,-0.42180323168525174,4.291514499067205,-0.2645512527237331,-0.48195280349722225,-0.5183307305786341
28.808333333333334,-0.38483285858305627,4.574654086674471,-0.26989132569216184,-0.7892399552206898,-0.5183398839051852
28.816666666666666,-0.34568932933004837,4.810868189466612,-0.27749698261386896,-1.0215451769642583,-0.5183506446019734
28.825,-0.304817781936952,4.9873997769614435,-0.28664175995750696,-1.1549229620347874,-0.5183628117186799
28.833333333333332,-0.26275954807222285,5.094454839774769,-0.29641891037055845,-1.171030690097626,-0.5183759861795052
28.841666666666665,-0.22011495326505004,5.128039924195417,-0.3058110095497675,-1.0623333933855357,-0.5183896270428419
28.849999999999998,-0.17748875911188644,5.091062479021759,-0.31379167292281546,-0.8341978956640699,-0.5184031642798872
28.858333333333334,-0.13543656122511233,4.9920221297742335,-0.31942655789755775,-0.5026588926703164,-0.5184161140764675
28.866666666666667,-0.09442954104908292,4.8421597343875895,-0.3219421894033167,-0.08936038500564125,-0.5184281422792659
28.875,-0.0548439038508375,4.6526290451068375,-0.3207505471602606,0.38356687430298025,-0.5184390627094639
28.883333333333333,-0.016969848492490745,4.432727668251484,-0.3154377685453624,0.8968292783665935,-0.5184488277168827
28.891666666666666,0.018969700138640064,4.189279593619902,-0.3057337479500458,1.4353032445425256,-0.5184575468672272
28.9,0.05279878918839157,3.9268042196336492,-0.2914769147426897,1.9879786683454013,-0.5184654754571685
28.90833333333333,0.08437132101129317,3.6480486594359705,-0.2725827158015837,2.547236554324747,-0.5184729938708509
28.916666666666668,0.11355884685980518,3.3546030021269706,-0.24901907503203832,3.107951235770226,-0.518480588331703
28.925,0.14024339352195694,3.047484435764548,-0.2207892883902561,3.666619050721876,-0.5184888344399748
28.933333333333334,0.16431496879642055,2.727680051661033,-0.18792195610848003,4.220534134852005,-0.518498382397542
28.941666666666666,0.1856735592599821,2.3966921116656708,-0.15046782774392217,4.766936270310064,-0.5185099406754511
28.95,0.20423590871584416,2.057151599318867,-0.1085042641812014,5.302014372646061,-0.518524252337738
28.958333333333332,0.2199479111624386,1.7135594690909832,-0.06214900585117863,5.8196548940682815,-0.5185420548254519
28.966666666666665,0.23280375998331165,1.3731582711893398,-0.011585571590271865,6.309912952772823,-0.5185640102171123
28.974999999999998,0.24287245428408175,1.046779907138632,0.0428981172088488,6.757440357102657,-0.5185905917757203
28.983333333333334,0.2503298159474004,0.7492118753034663,0.10086018211994652,7.140612912755018,-0.5186219215056478
28.991666666666667,0.25548878526861246,0.49825920260246204,0.16165547832609756,7.432729910744697,-0.5186575837015306
29.0,0.25881341884961423,0.31168106600459533,0.22441014017915373,7.606702691802193,-0.5186964928427173
29.008333333333333,0.26089863705198935,0.20222503344412068,0.2880498499888134,7.642960887237499,-0.5187369348138521
29.016666666666666,0.2624075989539137,0.1729350832371828,0.3513962356725517,7.537060205678217,-0.5187768536033446
29.025,0.2639820679541316,0.21579182110614042,0.4133074105196182,7.301955143631309,-0.5188143004728281
29.03333333333333,0.2661601277027914,0.31471826688406096,0.472807203930551,6.963201113967009,-0.5188478297593209
29.041666666666668,0.2693304334710842,0.45080994951928677,0.5291558879652268,6.55058368794051,-0.518876668236896
29.05,0.27372841421109606,0.606759510418559,0.5818540804690173,6.0911232821199,-0.5189006533111413
29.058333333333334,0.27946034051350416,0.769059299375147,0.630603164741363,5.605722819885065,-0.5189200519200369
29.066666666666666,0.28653729318156884,0.9283160233580504,0.6752514210217463,5.108851922082533,-0.5189353709099633
29.075,0.2949071225016784,1.0786032820333755,0.7157447703209883,4.609723596779502,-0.5189472133231912
29.083333333333332,0.30447961583744615,1.2165651443126066,0.752089276698699,4.1138014405611685,-0.5189561885258152
29.091666666666665,0.31514445731756285,1.340614618482852,0.7843255318633418,3.6240958511465275,-0.5189628640237496
29.099999999999998,0.32678329569258924,1.450325006307626,0.8125123990366725,3.1421110383125477,-0.5189677439073298
29.108333333333334,0.33927751960708674,1.5460021404100996,0.8367172938023136,2.668479301135412,-0.5189712623169729
29.116666666666667,0.3525130713266309,1.628393575427095,0.8570107337309872,2.2033654306439527,-0.5189737845215225
29.125,0.36638325363052915,1.698491220490277,0.8734635762590084,1.746718995374288,-0.5189756113689942
29.133333333333333,0.38079015986558307,1.7573934770031023,0.886145937390631,1.2984337322677328,-0.51897698487175
29.141666666666666,0.39564511610509695,1.8062026643107814,0.8951272011380098,0.8584556241591147,-0.5189780938394519
29.15,0.4108683550603417,1.8459408860173638,0.9004768182280057,0.4268681479286215,-0.5189790790990895
29.15833333333333,0.42638802320370256,1.8774724694005374,0.9022657908165372,0.003974403920640308,-0.5189800381737212
29.166666666666668,0.44213853397079494,1.9014223204285006,0.9005688888080382,-0.4096049871838315,-0.5189810319658062
29.175,0.4580581827555789,1.9180815712855597,0.8954678263660465,-0.8128029062907465,-0.5189821156202007
29.183333333333334,0.47408598055448486,1.9273143650496893,0.8870554933078875,-1.2039815591513,-0.5189833646531173
29.191666666666666,0.49015765793127786,1.9284504463773635,0.8754413410823573,-1.5807755334953573,-0.5189848711006463
29.2,0.5062007440143175,1.9201738653115816,0.8607581602143693,-1.9399210945616248,-0.5189867348844265
29.208333333333332,0.5221287749220287,1.9004298573799512,0.8431702087752134,-2.2771101716090465,-0.5189890527273617
29.216666666666665,0.5378349195085236,1.8663854876933503,0.8228822592890794,-2.5869281744912414,-0.518991904502366
29.224999999999998,0.5531856761285671,1.8144956944380342,0.8001485243865132,-2.862961249218154,-0.5189953377583434
29.233333333333334,0.5680157618253893,1.7407324160261768,0.7752796471162486,-3.09816831704959,-0.5189993525590099
29.241666666666667,0.5821257345953178,1.6410137653862538,0.7486452517275971,-3.285578186944924,-0.519003890374255
29.25,0.5952839704565306,1.5118085887062778,0.7206694293152723,-3.419268668638951,-0.5190088316755213
29.258333333333333,0.607234031244084,1.350797844785294,0.6918175269527697,-3.49542792256843,-0.5190140058386402
29.266666666666666,0.6177071090565451,1.1573957290449246,0.6625748721630308,-3.5131689760112854,-0.5190192133130395
29.275,0.6264375339562672,0.9329382551017225,0.6334208860182627,-3.474780562663351,-0.5190242549876861
29.28333333333333,0.633178142172573,0.6804623103017228,0.6048039660405385,-3.3852953993115436,-0.5190289602366169
29.291666666666668,0.6377123569573713,0.404165151665596,0.5771223317302647,-3.2515389770424052,-0.5190332057448174
29.3,0.6398611229960378,0.10874699538501692,0.5507137707154782,-3.0810081624136063,-0.5190369215281811
29.308333333333334,0.639484599609472,-0.20116120640945664,0.5258542115115252,-2.8809214291047436,-0.5190400858267272
29.316666666666666,0.6364798940400715,-0.5213650068887071,0.5027627492959871,-2.657637079041551,-0.5190427204090238
29.325,0.6307766515425651,-0.8482594451404262,0.4816098987890596,-2.416449956699508,-0.5190448941827441
29.333333333333332,0.6223321291122561,-1.1788070184424086,0.46252621789479637,-2.1616920362921657,-0.5190467167291721
29.341666666666665,0.6111269969341199,-1.5103954374460766,0.4456091667016105,-1.8970372296127191,-0.5190483288501192
29.349999999999998,0.5971626373621557,-1.8406272724514605,0.430926905820213,-1.625919087063282,-0.5190498938501718
29.358333333333334,0.5804603640622722,-2.167073491061771,0.4185183511198646,-1.3520042782783368,-0.5190515892427797
29.366666666666667,0.5610627747850765,-2.487010691370744,0.4083891804537779,-1.0796852472004315,-0.5190535981246165
29.375,0.5390372981443676,-2.7971611468574453,0.4005037766426762,-0.814555531175576,-0.5190560993651233
29.383333333333333,0.5144817913238546,-3.0934676393651244,0.39477347709321237,-0.5638076632155304,-0.5190592559499585
29.391666666666666,0.48753168268686375,-3.3709597202626362,0.39104217304849703,-0.33644977895635164,-0.5190632013265977
29.4,0.4583675640197751,-3.623795206512336,0.38907137184614865,-0.1431898274302095,-0.5190680244777002
29.40833333333333,0.42722138232806245,-3.8455684784437483,0.3885281868567461,0.004175393875712585,-0.5190737556488321
29.416666666666668,0.3943787542313912,-4.029933192137906,0.38898082278010876,0.09394820906004989,-0.5190803559331832
29.425,0.36017496038381613,-4.171472774696186,0.38990602829162735,0.11617136813621398,-0.5190877145178373
29.433333333333334,0.32498336752756585,-4.2665983900225015,0.39071082112070155,0.06432349780806812,-0.5190956563267992
29.441666666666666,0.28919735591064094,-4.314157420142846,0.390766567447928,-0.06350618440102299,-0.5191039624147937
29.45,0.25320928264834003,-4.315512019052178,0.3894490385845385,-0.2644034577161799,-0.5191123993492893
29.458333333333332,0.21739115557388788,-4.274067734634054,0.3861759245388821,-0.5314250593451119,-0.5191207523558421
29.466666666666665,0.18208086025684622,-4.194461020846764,0.3804346408016364,-0.855046813065413,-0.5191288567193207
29.474999999999998,0.14757550423308888,-4.081712716598739,0.37179724634366457,-1.2247212719330196,-0.519136621901847
29.483333333333334,0.11413109403812989,-3.9405824097566153,0.359923476529742,-1.6301215709416519,-0.5191440462169035
29.491666666666667,0.08196638531667592,-3.7752165344571997,0.3445554182742696,-2.0618939416086604,-0.5191512224149599
29.5,0.05126849528594758,-3.589067242848265,0.3255079161332266,-2.5119453536289686,-0.5191583360198115
29.508333333333333,0.022198315402942804,-3.3850080692904925,0.3026581141902973,-2.973385305210052,-0.5191656584630484
29.516666666666666,-0.005105598088628482,-3.1655730181456674,0.27593649235369205,-3.440242831297776,-0.5191735363726613
29.525,-0.030525458025987585,-2.9332692884759792,0.24532089773975468,-3.9070404310694524,-0.519182377224152
29.53333333333333,-0.05396549870707959,-2.690938341729364,0.2108345750746332,-4.368264117855265,-0.5191926302408578
29.541666666666668,-0.07535639522608352,-2.4421530309724906,0.17254899134903798,-4.817744783678452,-0.5192047600926541
29.55,-0.09466308529787469,-2.1916321064487367,0.13059211593807432,-5.247974325370438,-0.5192192098364234
29.558333333333334,-0.11189595490469731,-1.9456198004147423,0.08516243295835925,-5.6494341571042845,-0.5192363493300162
29.566666666666666,-0.12712466066763092,-1.712112354278339,0.036547896209544795,-6.010123619693588,-0.5192564074128362
29.575,-0.14049252364693374,-1.500728292051214,-0.014853130171885262,-6.315622169860507,-0.5192793924656529
29.583333333333332,-0.1522274836082964,-1.3219733788168841,-0.06851514828598704,-6.5501073173334,-0.5193050176671173
29.591666666666665,-0.16264382329601845,-1.1857585095894423,-0.12378231961647708,-6.69858984453428,-0.5193326610784732
29.599999999999998,-0.1721289890726406,-1.0993807724985736,-0.17988817115395625,-6.750059757011311,-0.5193613956546623
29.608333333333334,-0.18111360426838186,-1.0656559599979094,-0.23600173420676634,-6.700446677946306,-0.5193901063687277
29.616666666666667,-0.1900296897226842,-1.0820878277815162,-0.2912924899645232,-6.553957274041328,-0.5194176707312577
29.625,-0.19926814966287193,-1.1415336033427088,-0.3449966279471883,-6.322033217053051,-0.5194431412313554
29.633333333333333,-0.2091470814126945,-1.2340161987901823,-0.3964662316468169,-6.0204896784441315,-0.5194658663992274
29.641666666666666,-0.21989698502507088,-1.3488146402764236,-0.4451918523030222,-5.6662371239536045,-0.5194855233943044
29.65,-0.231661786978626,-1.4760795822209796,-0.49080046291230356,-5.2747921660422445,-0.5195020778068207
29.65833333333333,-0.24451020581159286,-1.607692915917943,-0.5330377233917653,-4.859008310895046,-0.5195157069301453
29.666666666666668,-0.25845143962875505,-1.737483463834262,-0.5717441705657198,-4.428822517600653,-0.5195267188213757
29.675,-0.273450855414848,-1.8610551624066536,-0.6068320464616014,-3.9915905902727364,-0.5195354850880418
29.683333333333334,-0.2894434422499624,-1.975452710338035,-0.6382660592939088,-3.5526469967105574,-0.5195423926295659
29.691666666666666,-0.30634430949708974,-2.078802613406918,-0.6660489445245097,-3.1158728152086255,-0.5195478125282581
29.7,-0.32405633032496667,-2.169992932736031,-0.6902114380469285,-2.684178699721418,-0.5195520818889511
29.708333333333332,-0.34247535070827795,-2.2484099440320797,-0.7108058329758103,-2.2598821966374834,-0.5195554944902107
29.716666666666665,-0.3614934343234077,-2.3137287060842366,-0.7279022766475067,-1.8449913398535607,-0.519558297045954
29.724999999999998,-0.381000552558735,-2.3657475115654036,-0.7415871144116369,-1.4414159272572566,-0.5195606888936444
29.733333333333334,-0.4008850421106231,-2.4042561798402886,-0.7519627632323006,-1.051126257856215,-0.5195628237447716
29.741666666666667,-0.42103308025365094,-2.428931164008007,-0.7591487389836843,-0.6762729207755487,-0.5195648127156802
29.75,-0.4413273863219222,-2.4392546407845033,-0.7632835426377168,-0.31927342173040013,-0.5195667282442133
29.758333333333333,-0.4616453533575831,-2.4344593353213297,-0.764527124631517,0.01713675064544816,-0.5195686087399286
29.766666666666666,-0.4818568430343513,-2.413503351444691,-0.7630636032693683,0.3298945050207747,-0.5195704653540645
29.775,-0.5018219180564397,-2.375084200238099,-0.7591038588505079,0.615656232778283,-0.5195722994214049
29.78333333333333,-0.5213889450404063,-2.317714490572424,-0.7528873194039407,0.870945531961976,-0.5195741117616377
29.791666666666668,-0.5403935548203695,-2.239851107398626,-0.7446821792044378,1.092379314708156,-0.5195758983587947
29.8,-0.5586589001396542,-2.140076232577678,-0.7347834071472544,1.2769704625948497,-0.5195776467342772
29.808333333333334,-0.5759975791863485,-2.017311226665639,-0.7235080118191262,1.4224752319055565,-0.5195793348763768
29.816666666666666,-0.5922153535190343,-1.8710260103058296,-0.7111874361071693,1.527722366856667,-0.5195809330678008
29.825,-0.6071164294922429,-1.7013970360327626,-0.6981575562942773,1.5928459184168149,-0.5195824082517497
29.833333333333332,-0.620509693170334,-1.5093727439185378,-0.6847473842270492,1.6193551620027935,-0.5195837298264148
29.841666666666665,-0.6322150308115311,-1.2966281525574281,-0.671267976489406,1.610015003906221,-0.5195848752963492
29.849999999999998,-0.6420688444739092,-1.0654219075764992,-0.6580030517363687,1.5685646314573858,-0.5195858342848366
29.858333333333334,-0.6499281025570925,-0.8183957369085997,-0.6452023849770523,1.499346845541948,-0.5195866100020763
29.866666666666667,-0.6556726548841608,-0.5583667617275,-0.6330783532050017,1.406936805991997,-0.5195872180807211
29.875,-0.6592059426981967,-0.28815583290905117,-0.6218053090053215,1.2958445415463655,-0.5195876833728342
29.883333333333333,-0.6604545225473528,-0.010477018774444208,-0.6115209680550504,1.1703330702674868,-0.5195880356326662
29.891666666666666,-0.6593669521419753,0.2721049067658061,-0.6023287904147763,1.0343613797708817,-0.5195883056901708
29.9,-0.6559125903181375,0.5571556205388527,-0.5943003543630823,0.8916378239864026,-0.5195885301513763
29.90833333333333,-0.6500807216771626,0.8423153026934473,-0.5874769745718091,0.7457423716590205,-0.5195887579765085
29.916666666666668,-0.6418802704524252,1.125214863145782,-0.5818700863050313,0.6002968152999044,-0.5195890487918098
29.925,-0.6313402669245235,1.4033826387778454,-0.5774601255377487,0.4591492316922745,-0.5195894697161447
29.933333333333334,-0.6185110633891505,1.6741609184938093,-0.5741939358961777,0.3265373088628731,-0.5195900915689976
29.941666666666666,-0.6034661377237025,1.934651772986402,-0.5719810268688684,0.20719446307119682,-0.5195909844265134
29.95,-0.5863041546728767,2.181712803332668,-0.5706893184452088,0.10636064134584722,-0.519592212585337
29.958333333333332,-0.567150787321429,2.412021650518462,-0.5701413171970859,0.02966295765958871,-0.5195938291710985
29.966666666666665,-0.5461596729374542,2.622219856044403,-0.5701119071954147,-0.01715375150748991,-0.5195958708695093
29.974999999999998,-0.523511854036674,2.809129620210758,-0.5703289877547575,-0.02863555765466493,-0.5195983535128885
29.983333333333334,-0.49941320497175395,2.970013412213189,-0.5704779261776757,-0.00011364774345536295,-0.5196012694156449
29.991666666666667,-0.47408969482523966,3.1028234920627735,-0.5702101632650606,0.0718116887097657,-0.5196045873892686
30.0,-0.44778082583474305,3.206380622281426,-0.5691554208787686,0.18890833817712965,-0.5196082560339178
