t,th1,w1,th2,w2,energy
0.0,0.9013995164965425,0.0,0.5178942400075127,0.0,-0.4545964474160341
0.008333333333333333,0.8996451529254078,-0.42117884603019445,0.5192471899328804,0.32503352427192234,-0.45459646243436325
0.016666666666666666,0.89437549281628,-0.8439263760534588,0.5233222744270644,0.653944143360147,-0.45459658402384984
0.025,0.8855714697404851,-1.2696256976402158,0.5301667978920014,0.99021632655982,-0.45459696625520024
0.03333333333333333,0.8732043152259477,-1.699164568908869,0.5398533811385186,1.336329224869966,-0.45459782048778336
0.041666666666666664,0.857241380741375,-2.132495319715101,0.552468334075351,1.6929184125233774,-0.4545994215847714
0.05,0.8376565896938497,-2.567949395008493,0.5680913689837026,2.0575113044587607,-0.45460211029196174
0.058333333333333334,0.8144478598652246,-3.001246534635895,0.5867625998907446,2.4227353777806333,-0.45460628344965626
0.06666666666666667,0.7876638728761666,-3.4242765432431206,0.6084327539282952,2.774141964691075,-0.45461235821769047
0.075,0.7574406359668421,-3.8240816029362157,0.632895960455238,3.0884024053761077,-0.4546206936227555
0.08333333333333333,0.724042459840676,-4.183025095735041,0.6597147391874695,3.3336103468288996,-0.45463146341834526
0.09166666666666666,0.6878919960087179,-4.481438004743564,0.6881643521230582,3.4739609763177675,-0.45464451216616414
0.1,0.6495660820573638,-4.703044826903914,0.7172376394850759,3.4793592413731846,-0.45465928135939393
0.10833333333333334,0.6097417602314591,-4.840882710353988,0.7457383883725422,3.3359916023109104,-0.4546749000796666
0.11666666666666667,0.5691050190051634,-4.899714269312107,0.7724421808334458,3.0508693229311965,-0.45469043346571786
0.125,0.5282617687462329,-4.893156227281094,0.7962562300960818,2.647159131514407,-0.4547051477277203
0.13333333333333333,0.48768734641927,-4.837953866831203,0.8163144621959911,2.1544293917790567,-0.4547186432276031
0.14166666666666666,0.4477222072281093,-4.749127750489071,0.8319933152015413,1.600257153359054,-0.4547308287240897
0.15,0.4085976706432666,-4.637673378611531,0.8428751223422476,1.00615412399763,-0.454741809421629
0.15833333333333333,0.3704714255577299,-4.51034376148718,0.8486936143353635,0.38705312464434233,-0.4547517670720061
0.16666666666666666,0.3334600391643509,-4.370416221051919,0.8492834024005317,-0.24751325748432434,-0.4547608699645622
0.175,0.29766382992286716,-4.2186711631565466,0.8445414559193045,-0.8918608376425793,-0.4547692513459373
0.18333333333333332,0.2631840462675068,-4.054221578871104,0.8344007062448128,-1.5428696553199979,-0.4547771191570157
0.19166666666666665,0.23013414209412128,-3.875108996182392,0.8188124843570391,-2.199128037560356,-0.45478481000375615
0.2,0.19864684056263954,-3.678724731811564,0.7977347624290122,-2.8603861473529624,-0.4547927940205235
0.20833333333333334,0.16887827884188555,-3.462097789734494,0.7711238536292072,-3.527258336920999,-0.4548016831018816
0.21666666666666667,0.1410101268894795,-3.2221016060215333,0.7389278675944971,-4.20108468766902,-0.4548122446780083
0.225,0.11525014906944275,-2.9556294761398747,0.7010809604817848,-4.883863812801974,-0.4548254221284121
0.23333333333333334,0.09183124125608298,-2.659796220559689,0.6574981880121766,-5.578155819214067,-0.45484236295038105
0.24166666666666667,0.07100839202878549,-2.332253469323367,0.6080717845978838,-6.286805147517761,-0.45486445474713066
0.25,0.053052040490558665,-1.9717733790472904,0.5526713556837209,-7.012220678685556,-0.4548933651029915
0.2583333333333333,0.03823453528186025,-1.5793817610225769,0.4911534681409176,-7.754735824237742,-0.4549310703272058
0.26666666666666666,0.026803296114320693,-1.160512444567685,0.4233914321072631,-8.509234931105107,-0.4549798315119566
0.275,0.018929612930710157,-0.7287985644700281,0.3493442499768539,-9.258942841845476,-0.45504202168434704
0.2833333333333333,0.01461797033778054,-0.3116700066946975,0.2691914707908686,-9.965920320098064,-0.45511962322723404
0.2916666666666667,0.01356757160230073,0.04453806572533483,0.18355133639079543,-10.561802559385198,-0.45521317780148773
0.3,0.015018475201964797,0.2778339801235511,0.09373408340023352,-10.951666463765878,-0.4553202674844231
0.30833333333333335,0.017697699645492976,0.3323841132262955,0.0018442236177179583,-11.048296971873757,-0.45543453410774865
0.31666666666666665,0.020010876846465114,0.19178850475487397,-0.08950972349884903,-10.825907236950082,-0.4555469146492782
0.325,0.02044655517925165,-0.10902322330421155,-0.17785015971694362,-10.339465721867091,-0.455649078629737
0.3333333333333333,0.017921906824412675,-0.507974005192682,-0.26136979978943536,-9.685381712232507,-0.4557362296885066
0.3416666666666667,0.011869096878311908,-0.9476525551938981,-0.3390518251623286,-8.95047137407835,-0.45580731670900754
0.35,0.0021237438249977823,-1.3893476496252128,-0.41047746497673465,-8.190554703867928,-0.45586364292930254
0.35833333333333334,-0.011232038261490112,-1.8117424372971438,-0.47557168919133386,-7.433899553992157,-0.4559074674595804
0.36666666666666664,-0.0279904959589164,-2.2050177000800093,-0.5344163506826833,-6.691565691089457,-0.4559411859408393
0.375,-0.04789194834899147,-2.5658625771109485,-0.5871440651448424,-5.9657748098054215,-0.4559669841719104
0.3833333333333333,-0.07066491713816066,-2.8943778730880334,-0.6338875140326092,-5.254917730276283,-0.4559867410857069
0.39166666666666666,-0.09604676021722104,-3.1923847575254527,-0.6747595892302412,-4.556144593005847,-0.4560020339626169
0.4,-0.12379395154717979,-3.4625475581802228,-0.7098487812455885,-3.8665774641538175,-0.4560141748448151
0.4083333333333333,-0.15368699654563278,-3.707913607638261,-0.7392214128456173,-3.183825414624899,-0.45602424957948456
0.4166666666666667,-0.18553241675122364,-3.93164231597441,-0.7629266736494321,-2.506188702958762,-0.4560331501372565
0.425,-0.21916279929682955,-4.136795594713863,-0.7810028548250019,-1.832770262105776,-0.4560415984065546
0.43333333333333335,-0.25443507024967654,-4.326109978055116,-0.7934846216151605,-1.1636329291788672,-0.4560501621064016
0.44166666666666665,-0.291226572034756,-4.501687204925011,-0.8004121752488059,-0.500113744673826,-0.45605926388258655
0.45,-0.32942800248689286,-4.664539277284925,-0.8018440731352133,0.1545930799881985,-0.45606918450945527
0.4583333333333333,-0.36893170007989107,-4.813912452297968,-0.7978764800127434,0.7944498091695346,-0.45608008366437214
0.4666666666666667,-0.4096132065614627,-4.9463584324828185,-0.7886725897249027,1.4091431141491029,-0.45609211489660156
0.475,-0.45130439109199827,-5.054664188875017,-0.7745051034904007,1.9824247749213562,-0.4561054487381645
0.48333333333333334,-0.4937580917187155,-5.126987754896315,-0.7558118008552651,2.4908041713291196,-0.45612017718982023
0.49166666666666664,-0.5366093789201407,-5.147108983200597,-0.7332553974767324,2.904166118917391,-0.45613618032108944
0.5,-0.5793479881167521,-5.097058680969648,-0.7077626621476054,3.1904671461623786,-0.45615300213345267
0.5083333333333333,-0.6213249496059223,-4.962611283438289,-0.6805035109577737,3.3252839017050846,-0.4561698267272125
0.5166666666666666,-0.6618108301742911,-4.7395740098039525,-0.6527811059789408,3.3025681290321267,-0.4561856358611209
0.525,-0.700094776641095,-4.436566643226915,-0.625853204094772,3.139145338203785,-0.45619950811757315
0.5333333333333333,-0.7355818933089601,-4.071833198527396,-0.6007594989844944,2.868782665086172,-0.4562108835842151
0.5416666666666666,-0.7678462716529335,-3.6665310947862504,-0.5782291437031526,2.530186374407881,-0.4562196423853649
0.55,-0.7966296007241327,-3.239030877607255,-0.5586852382641342,2.1568660889536475,-0.45622600645706296
0.5583333333333333,-0.8218053465123101,-2.8024366362772786,-0.5423105807771493,1.7727097684259459,-0.45623037775907443
0.5666666666666667,-0.8433340701086891,-2.3647007273688603,-0.529129395831911,1.3921550007059669,-0.4562332046802942
0.575,-0.8612252765978783,-1.9298499170299752,-0.5190776917078134,1.0223482253449439,-0.4562349043469954
0.5833333333333334,-0.8755103483526617,-1.4993086787024041,-0.5120539747646796,0.6655036490213727,-0.45623582998697043
0.5916666666666667,-0.8862253869141997,-1.0729265783081752,-0.5079521841021515,0.320761732789686,-0.4562362641239503
0.6,-0.8934011729561206,-0.6496673511874439,-0.5066816252499544,-0.014536059757386567,-0.45623642304051953
0.6083333333333333,-0.8970577309358735,-0.22804250304980217,-0.5081782555749857,-0.3440159209924972,-0.45623646576682225
0.6166666666666667,-0.8972018005610195,0.19361059101394748,-0.5124102676096689,-0.6717112702814808,-0.45623651545621235
0.625,-0.8938262490174308,0.6169261391403966,-0.5193796939600033,-1.0016426539023917,-0.45623668854074323
0.6333333333333333,-0.8869111454475139,1.0433042433686301,-0.5291205556619041,-1.3373896365872187,-0.4562371389130005
0.6416666666666666,-0.876426786884427,1.4736323821105806,-0.5416930111395584,-1.6815333725047064,-0.45623807797681426
0.65,-0.8623396749935167,1.9078419400890914,-0.5571717762179148,-2.0348147110964905,-0.4562397808780325
0.6583333333333333,-0.8446231660669219,2.3442162799464294,-0.575625830960828,-2.394860973536707,-0.45624258815790264
0.6666666666666666,-0.823275145160227,2.7783946258560217,-0.5970853369614944,-2.7543862598181907,-0.4562468943915354
0.675,-0.7983450507273784,3.20216106838831,-0.6214917565762934,-3.0990249581409604,-0.45625310969209937
0.6833333333333333,-0.7699705053744229,3.602468778090336,-0.6486308175276605,-3.4055892781692996,-0.4562615776003104
0.6916666666666667,-0.7384177832929593,3.9617081596410166,-0.678058534028134,-3.6425189676881344,-0.45627244496527697
0.7,-0.7041103067674634,4.260491386431818,-0.7090481041968215,-3.774759139125941,-0.45628551917160715
0.7083333333333334,-0.6676219838452808,4.483147137891558,-0.7405985747987912,-3.7734362597061657,-0.45630020255694914
0.7166666666666667,-0.6296209359155561,4.62350452114763,-0.7715312416051594,-3.6261491447131,-0.45631559598803173
0.725,-0.5907778904227707,4.687002984772136,-0.8006498649968892,-3.340964746127262,-0.45633075622510477
0.7333333333333333,-0.5516792146426428,4.687590262501771,-0.8268956474011688,-2.9413582826548366,-0.4563449600063784
0.7416666666666667,-0.512779442925525,4.642002131543077,-0.8494359711037406,-2.456501720103834,-0.4563578301309933
0.75,-0.4743991777679414,4.565071510145747,-0.8676755848637692,-1.9131939599705259,-0.45636930390372454
0.7583333333333333,-0.4367516151056345,4.467587180448512,-0.8812181950379724,-1.3321016275355968,-0.4563795194461642
0.7666666666666666,-0.39997781041236735,4.3561583911635084,-0.889812241321327,-0.727420616678748,-0.456388696743403
0.775,-0.3641785627689192,4.233997316892748,-0.8933015737061082,-0.1081097037350784,-0.4563970489636045
0.7833333333333333,-0.3294387172734548,4.101872856301722,-0.8915882313286523,0.5205810681808927,-0.4564047316345476
0.7916666666666666,-0.29584398478510626,3.958924664707195,-0.8846071777543104,1.1558195334554036,-0.4564118930837293
0.8,-0.263491968053747,3.803236632890068,-0.872309981221429,1.796344903823349,-0.4564187823718571
0.8083333333333333,-0.2324992240142428,3.6322298101403225,-0.8546540603648419,2.4419479376050974,-0.45642576920174405
0.8166666666666667,-0.2030056014141746,3.4429291427315762,-0.8315952605617338,3.0931839107303247,-0.45643335114879857
0.825,-0.17517674070115788,3.2321450455042244,-0.8030820704369076,3.7512534540811013,-0.45644216552019434
0.8333333333333334,-0.14920527416088716,2.996610105097656,-0.7690503796300211,4.417980577909672,-0.4564530069479166
0.8416666666666667,-0.12531093859555018,2.733110561193697,-0.7294182548305127,5.095817556449588,-0.45646685219179095
0.85,-0.10373943774344696,2.438666059662552,-0.6840808711903762,5.787783544530512,-0.4564848936730498
0.8583333333333333,-0.08475930626859235,2.1108500993455173,-0.6329067408766185,6.49717995068049,-0.4565085820287596
0.8666666666666667,-0.06865495182887514,1.74842618236775,-0.5757381946507116,7.226788166850178,-0.4565396732693216
0.875,-0.055712014423489956,1.3526274618264436,-0.5124025061990237,7.976995229526975,-0.4565802628832481
0.8833333333333333,-0.04618752992830487,0.9296379321359493,-0.4427462792797169,8.741886757034129,-0.45663275707576545
0.8916666666666666,-0.04025188189769112,0.4949937429187232,-0.3667153614144852,9.502018250301807,-0.45669966455845523
0.9,-0.03788511796420021,0.07999704682971609,-0.2845111063612399,10.21350193822386,-0.45678299102953945
0.9083333333333333,-0.03872031006880806,-0.263005255445817,-0.19683926983413322,10.798324375236607,-0.45688299241970154
0.9166666666666666,-0.041879821159074716,-0.4664218305919675,-0.10518174887076578,11.152252708357704,-0.4569964693904795
0.9249999999999999,-0.045948053930462814,-0.475054731090133,-0.011858099770457722,11.188654658882776,-0.45711592012751223
0.9333333333333333,-0.04923173747946995,-0.28202146864872135,0.08037505111378773,10.896690944383149,-0.4572314347792059
0.9416666666666667,-0.05021582031022301,0.06605585438671346,0.1690421927897167,10.349708127104323,-0.4573346931713541
0.95,-0.04789006938197214,0.5012717325665703,0.25245616127957726,9.652839507167448,-0.4574215409189234
0.9583333333333334,-0.0417796426986392,0.9666437860958695,0.32974733129889877,8.891533854254085,-0.45749163267389953
0.9666666666666667,-0.03179651849677068,1.4264145690885406,0.40061247262707184,8.116384090073232,-0.45754675314991344
0.975,-0.018073776900194075,1.862156294216346,0.46504830224889687,7.350772247659042,-0.45758941445940376
0.9833333333333333,-0.0008493695881840106,2.2661173297713533,0.5231737802841776,6.602361252959871,-0.45762212185271034
0.9916666666666667,0.01960078218867911,2.636307449305045,0.5751360302352522,5.87127472563084,-0.4576470992173566
1.0,0.04299771623689105,2.973648530845619,0.6210686253408484,5.154664342843022,-0.4576662337434162
1.0083333333333333,0.06907680711456175,3.2804888381920327,0.6610773385820498,4.448949692036271,-0.4576811015285561
1.0166666666666666,0.09759619989727872,3.559859729067696,0.6952387587454684,3.750807216074342,-0.45769301274454244
1.025,0.12834074976810647,3.8150938545769084,0.7236043048173153,3.057555382452572,-0.457703053703719
1.0333333333333332,0.1611235165163331,4.049594824780551,0.7462062339652606,2.3672908625586895,-0.4577121194946884
1.0416666666666667,0.19578554272831308,4.266640530922864,0.7630644765162395,1.678976940378358,-0.4577209367749667
1.05,0.23219385614505253,4.469141986298466,0.7741944921679774,0.9926207479391387,-0.45773007789274067
1.0583333333333333,0.2702370347318768,4.659287321382022,0.7796174013371077,0.30966354538746355,-0.45773996747739265
1.0666666666666667,0.30981705224077694,4.837989936473529,0.7793747355859258,-0.36627443913542984,-0.45775088320906554
1.075,0.35083534763613583,5.004036786083243,0.7735515203124667,-1.02810851655762,-0.45776300635385125
1.0833333333333333,0.39317040761572986,5.152914154709196,0.7623124753962885,-1.6634548194252126,-0.45777655078679036
1.0916666666666666,0.4366445839874082,5.275435858649252,0.7459551069307641,-2.2524703334474516,-0.45779173368499093
1.1,0.4809803223675598,5.3567308979942805,0.7249793242908765,-2.766321169250407,-0.45780864357287554
1.1083333333333334,0.5257538592898591,5.376932605955227,0.7001595698985786,-3.1685990528437697,-0.4578270650723453
1.1166666666666667,0.5703678360851893,5.3152651612007835,0.6725824885241951,-3.4225707720628957,-0.4578463338343785
1.125,0.6140736387889741,5.157618272083219,0.6435975667107094,-3.5043263505630944,-0.45786535664706696
1.1333333333333333,0.6560594460988292,4.903775305491101,0.6146546171264266,-3.4151055602382048,-0.45788288223808404
1.1416666666666666,0.6955762178716594,4.568508520365206,0.5870780695944995,-3.1827957490277177,-0.4578979045507497
1.15,0.7320403754593479,4.17531653640108,0.5618854052874219,-2.8506053143963164,-0.45790993466465946
1.1583333333333332,0.7650703165707651,3.747908252728576,0.539723984291526,-2.4619041067704104,-0.4579190020910193
1.1666666666666667,0.7944624175572149,3.3047581380713718,0.5209154891805278,-2.050534616909856,-0.45792547529891187
1.175,0.8201395368747454,2.8577947845528784,0.5055495103945215,-1.6384303541613998,-0.4579298614902087
1.1833333333333333,0.8421000557588704,2.4134888796741256,0.4935766505165458,-1.2374942083086888,-0.45793267086989553
1.1916666666666667,0.8603794979167779,1.9745611767487532,0.48487962172507654,-0.8526087711283227,-0.45793435111501085
1.2,0.8750256507062468,1.5414390659302222,0.4793203992504626,-0.4842371973036627,-0.4579352674189467
1.2083333333333333,0.8860839328957409,1.1132576031741896,0.47676893539836,-0.130243019083843,-0.45793570454189053
1.2166666666666666,0.8935894144459726,0.6884756304239851,0.4771196334503056,0.2129569450818054,-0.45793587660510093
1.225,0.8975628287972292,0.2652392151267847,0.48030019578143623,0.5496783067910533,-0.4579359458311476
1.2333333333333334,0.8980089291081116,-0.15840539483192573,0.486275731031381,0.8845231863630852,-0.4579360492081167
1.2416666666666667,0.8949163206238456,-0.5843530428671342,0.4950496937961656,1.2220341956960057,-0.4579363169424548
1.25,0.8882586612770281,-1.0142630246415711,0.5066618612114387,1.5663159666985513,-0.4579369166929169
1.2583333333333333,0.8779976162525532,-1.449298097336695,0.5211826503549317,1.9205077935514396,-0.4579380784009926
1.2666666666666666,0.8640886989415051,-1.8896765452728146,0.5387018166868693,2.2859340004008204,-0.4579401029718492
1.275,0.8464919738103381,-2.333935381945492,0.5593081121805141,2.660752769802302,-0.4579433662972087
1.2833333333333332,0.8251904291483696,-2.7778181565385256,0.5830550293357485,3.037953956581683,-0.45794830916165796
1.2916666666666667,0.8002190803610605,-3.212845493694141,0.6099073343861726,3.402809916854176,-0.45795539595547374
1.3,0.7717058919205748,-3.6250397446388227,0.6396665578073539,3.730604622543723,-0.4579650205542228
1.3083333333333333,0.7399188291560644,-3.9949905978144904,0.6718854593595494,3.986715457682215,-0.45797735024902136
1.3166666666666667,0.7053009537120645,-4.300908345716411,0.7058031716910803,4.131932937529889,-0.45799214796348686
1.325,0.668465108736128,-4.525105434198955,0.7403510114984758,4.133824802964156,-0.45800868696200886
1.3333333333333333,0.630129194019945,-4.660984240744654,0.7742628883014026,3.979108908274043,-0.45802588072728656
1.3416666666666666,0.5910090257805465,-4.715477660790068,0.8062618744187303,3.6782445497554765,-0.45804260848433886
1.35,0.5517184276450474,-4.705058919825307,0.83523731502161,3.258871559944802,-0.45805804028180874
1.3583333333333334,0.5127184080523973,-4.648803654344923,0.8603393777146087,2.754020034546091,-0.45807177723407067
1.3666666666666667,0.47431981479805396,-4.5630555997556845,0.8809821974181969,2.192939185140266,-0.45808379552207806
1.375,0.43671708800772835,-4.459288441649954,0.8967931910073521,1.5973441586223551,-0.45809430008040936
1.3833333333333333,0.40002931108486084,-4.344249612808327,0.9075490412565164,0.9815584339625022,-0.4581035832093619
1.3916666666666666,0.364335463281678,-4.221014199319158,0.9131207516645913,0.35421711785667404,-0.4581119256536651
1.4,0.3297002252147979,-4.090110569072108,0.9134340427377541,-0.2799053360824638,-0.45811953935876665
1.4083333333333332,0.29619127220439695,-3.9504187643440565,0.9084435012407894,-0.9184537758713981,-0.45812657664400336
1.4166666666666667,0.26389024097514463,-3.799787964484178,0.8981167033494807,-1.560552594218086,-0.4581332534507389
1.425,0.23289957284818907,-3.6354288180741055,0.8824242666972896,-2.2062820864315187,-0.45813990100362406
1.4333333333333333,0.2033466812227077,-3.4541713017994526,0.8613332029648504,-2.8563979398778074,-0.4581469727475491
1.4416666666666667,0.17538638572066856,-3.252629962189597,0.8348018062095505,-3.5122313318728913,-0.45815505487334013
1.45,0.14920221708573986,-3.027315445886788,0.8027748601195207,-4.175702042217852,-0.4581648823721527
1.4583333333333333,0.1250069018720549,-2.774725341639691,0.7651784706719582,-4.849385314069399,-0.45817736222950517
1.4666666666666666,0.1030420474369717,-2.4914530794018295,0.7219143468567731,-5.536563840394784,-0.45819360590187647
1.475,0.08357663606450082,-2.174379219338879,0.672854066946944,-6.241155012684334,-0.45821497314142323
1.4833333333333334,0.06690317958086744,-1.821070405346823,0.6178351436491427,-6.967304039909184,-0.45824312715823357
1.4916666666666667,0.053328878868269515,-1.4306362222700317,0.5566632150591543,-7.718225209604295,-0.45828009355321125
1.5,0.04315618202265419,-1.0055215485152873,0.48912964202844017,-8.493484562450474,-0.4583282942089624
1.5083333333333333,0.0366418469306903,-0.5550311055280212,0.4150628262056241,-9.283347007418406,-0.4583904757588995
1.5166666666666666,0.03391619757456147,-0.10146138549233157,0.3344446861911936,-10.05858300723153,-0.45846934875922474
1.525,0.03484146902287509,0.3118491888573607,0.2476302627444543,-10.756572344055314,-0.4585666233159357
1.5333333333333332,0.03881506532066178,0.6172761027582698,0.15566667142825166,-11.274510981216237,-0.45868123124720633
1.5416666666666667,0.04461807670035912,0.7398151226579337,0.060552335700085363,-11.495269102670576,-0.45880740360301553
1.55,0.050518569261227796,0.6391731951443879,-0.03490799563359291,-11.355180743185777,-0.4589348877695518
1.5583333333333333,0.054716512569937786,0.34055594357876584,-0.12780222176940645,-10.894188400290215,-0.4590528270436215
1.5666666666666667,0.05584146449024075,-0.08523325408691021,-0.2158953297808981,-10.223278756757162,-0.45915422616053103
1.575,0.053145267094415555,-0.5661308400702713,-0.29791733139964205,-9.452695140455441,-0.459237051823123
1.5833333333333333,0.04639221128785456,-1.0527583662822606,-0.373367070464919,-8.654510653272116,-0.459302572343014
1.5916666666666666,0.03565859528935751,-1.5185254556188215,-0.44218305362993693,-7.864181591885706,-0.4593534201236821
1.6,0.02117458285069279,-1.9517438315765825,-0.5044949109548899,-7.0944308137761425,-0.45939242968545435
1.6083333333333334,0.003230291428562757,-2.348814182153795,-0.560485173315763,-6.34671800772905,-0.4594221642907053
1.6166666666666667,-0.017872857557601513,-2.7101366694700357,-0.6103261348796647,-5.61790081555222,-0.45944479792636905
1.625,-0.04184562443048587,-3.0379957616484528,-0.6541569360253373,-4.903520710586786,-0.4594621345294901
1.6333333333333333,-0.06842188692542733,-3.335543007142267,-0.6920794744560104,-4.199242067083652,-0.4594756641953147
1.6416666666666666,-0.09736363429563259,-3.606320623130286,-0.7241620809556837,-3.501390403126649,-0.45948661885541237
1.65,-0.1284631396860314,-3.854025646081265,-0.7504457799496704,-2.807093106705878,-0.459496016608097
1.6583333333333332,-0.16154359801904614,-4.082359013568611,-0.7709510251221753,-2.1142840758726704,-0.45950469363841867
1.6666666666666667,-0.19645854463825393,-4.294872308593671,-0.7856844475580513,-1.421722328001829,-0.459513325465109
1.675,-0.23308976420444938,-4.494748377137557,-0.7946462115457439,-0.7291376136127334,-0.4595224394371179
1.6833333333333333,-0.2713428662176087,-4.684448003071693,-0.7978395213144823,-0.03762336897831901,-0.45953241975422965
1.6916666666666667,-0.3111390491478981,-4.865128908063734,-0.7952849771718419,0.6495570061202237,-0.45954351506315533
1.7,-0.35240063078918543,-5.035714806931104,-0.7870441630694723,1.3255377438751819,-0.4595559494422708
1.7083333333333333,-0.3950271988100741,-5.191571308984202,-0.7732579018710798,1.9777594843400121,-0.4595700224981803
1.7166666666666666,-0.4388591706992985,-5.322848365409911,-0.7542045977214572,2.5853064651365947,-0.45958603707860307
1.7249999999999999,-0.48362805502642764,-5.413125817947641,-0.730379821421861,3.1167845072940854,-0.45960414421354745
1.7333333333333334,-0.5289019199028062,-5.439972440269596,-0.7025822853469257,3.5315183516537343,-0.45962412871074376
1.7416666666666667,-0.5740513473681573,-5.379627384425807,-0.6719626013830429,3.787832505223029,-0.45964522413314446
1.75,-0.6182741117573072,-5.216089915723732,-0.6399694871999073,3.858805300255024,-0.4596661337137606
1.7583333333333333,-0.6606989603467966,-4.949771123610635,-0.6081598742185124,3.7470188505627506,-0.4596853729936506
1.7666666666666666,-0.700533029942968,-4.598350372020455,-0.5779363546329078,3.4855949491111167,-0.4597017743826691
1.775,-0.7371765969889005,-4.188726441262342,-0.5503453094678837,3.1237477098906776,-0.45971480617252436
1.7833333333333332,-0.7702564774268034,-3.7469424785234646,-0.5260198228723639,2.7089278000144192,-0.4597245450097107
1.7916666666666667,-0.7995909321817644,-3.292404947525692,-0.505243914888357,2.276573417055039,-0.4597314409307863
1.8,-0.8251280795130943,-2.837017547043006,-0.4880639702612412,1.8485244820250037,-0.4597360787866929
1.8083333333333333,-0.8468892704860205,-2.3868007646106375,-0.47439183979816485,1.4358399710115164,-0.45973902834597424
1.8166666666666667,-0.8649287076464566,-1.9439331996220266,-0.46407946732874594,1.0423965967309856,-0.45974077850871187
1.825,-0.8793085064106306,-1.5083530051812906,-0.4569661431588848,0.6677461209229757,-0.4597417216997263
1.8333333333333333,-0.8900847073206231,-1.0787957987546553,-0.4529060673395179,0.3090012544689417,-0.4597421604846232
1.8416666666666666,-0.8973000173061206,-0.6533993692942542,-0.4517835295158664,-0.03803095885945482,-0.45974232066005394
1.8499999999999999,-0.9009803495241104,-0.23003550542852255,-0.4535208071540179,-0.37819139821234127,-0.45974236584604333
1.8583333333333334,-0.9011334411354518,0.1935078770789962,-0.45808178082942924,-0.7165735527009375,-0.4597424239502514
1.8666666666666667,-0.8977486488591637,0.6194114138311261,-0.4654728885667562,-1.0582541867861566,-0.45974261781668097
1.875,-0.8907977009680474,1.049701962263547,-0.47574184203875286,-1.4080090700328618,-0.4597431113537136
1.8833333333333333,-0.8802367044788949,1.4860580569344086,-0.48897354501201135,-1.7699004584236557,-0.45974413294929023
1.8916666666666666,-0.8660104146929146,1.929445132277367,-0.5052814698879587,-2.1465706631225077,-0.45974598705413217
1.9,-0.8480606405364385,2.3794653084017363,-0.5247912415718662,-2.5380392770752587,-0.4597490643044908
1.9083333333333332,-0.8263417441519395,2.833282856406291,-0.5476112874653685,-2.939763698168308,-0.45975384197805047
1.9166666666666667,-0.800847178034045,3.2840531919878013,-0.5737837183349634,-3.3398408165489757,-0.459760857824869
1.925,-0.7716505235426557,3.7191037404145937,-0.6032094774294497,-3.715787824506216,-0.4597706302487871
1.9333333333333333,-0.7389595465785017,4.118887989892609,-0.6355504649621619,-4.032688014067256,-0.45978349865420576
1.9416666666666667,-0.7031689534505968,4.458733754904857,-0.6701337692297217,-4.246233326560191,-0.45979939774193845
1.95,-0.6648800591558612,4.7151516258273976,-0.705913723257358,-4.313768726288086,-0.45981767522090233
1.9583333333333333,-0.6248529212728624,4.875009221836151,-0.74155250093118,-4.210444583689041,-0.4598371369984286
1.9666666666666666,-0.5838910350736092,4.941342612170177,-0.7756202830441986,-3.9396729150106045,-0.45985639312372567
1.9749999999999999,-0.5427109969743296,4.930889560678906,-0.8068249003095411,-3.529265949501334,-0.45987430842534116
1.9833333333333334,-0.5018609255489203,4.865849402688106,-0.8341600280589682,-3.0174528880679,-0.4598902644865337
1.9916666666666667,-0.4617087672067458,4.7663139682772675,-0.8569339614244992,-2.4398690520131154,-0.4599041421434138
2.0,-0.4224774687009101,4.646739951288781,-0.8747173527248142,-1.8233918497047545,-0.4599161465799908
2.0083333333333333,-0.3842943567718906,4.5157616473477065,-0.8872655265918376,-1.1856873505116994,-0.4599266202650223
2.0166666666666666,-0.34723486132069564,4.377449366193265,-0.8944494170306816,-0.5372434234335033,-0.4599359097756353
2.025,-0.31135443455160994,4.2327482004289765,-0.8962057447248483,0.11627955183892612,-0.459944289876508
2.033333333333333,-0.27670957195486096,4.080623685288535,-0.8925049320987016,0.7721950627783883,-0.45995194640200726
2.0416666666666665,-0.2433707850896366,3.918847792289316,-0.8833318928071475,1.4295615849305192,-0.4599590937722555
2.05,-0.21143038165888228,3.744480532123627,-0.8686745673731825,2.0885130624681145,-0.4599660623627056
2.058333333333333,-0.18100703105009866,3.554174458796349,-0.8485166162369635,2.749904812382394,-0.4599733070701254
2.0666666666666664,-0.15224831656222065,3.344361742438012,-0.822832084805112,3.415181036599558,-0.45998141613154364
2.075,-0.125332050710488,3.1113707958931913,-0.7915805332927747,4.086383561190756,-0.45999112573770956
2.0833333333333335,-0.10046678281503447,2.851509200673578,-0.7547017385035207,4.766235456779271,-0.4600033420277274
2.091666666666667,-0.07789163032301605,2.561150228317762,-0.7121096135366133,5.458232486813975,-0.4600191727901956
2.1,-0.05787518815021701,2.2368802564308816,-0.6636856548988159,6.166643654936806,-0.4600399715183087
2.1083333333333334,-0.040712600843600476,1.8758178640559118,-0.60927335792194,6.8962357890941375,-0.46006739521828244
2.1166666666666667,-0.026718535155786403,1.4763308488201947,-0.5486772805355837,7.651346473644556,-0.46010347154531606
2.125,-0.016211068215095336,1.039600378822869,-0.4816749767736791,8.433552002250556,-0.4601506529773308
2.1333333333333333,-0.009476355953368692,0.5728374649739087,-0.40805874639286477,9.23655284736764,-0.46021178937899176
2.1416666666666666,-0.006695824204512709,0.0952306337450031,-0.3277382940994606,10.036354770704095,-0.4602898487848715
2.15,-0.007811103504491154,-0.3533009359561929,-0.2409479551288788,10.776326468162315,-0.46038706008751484
2.158333333333333,-0.012319450389047162,-0.7058869986949986,-0.1485761488490234,11.355582346090264,-0.4605031522896118
2.1666666666666665,-0.019080151262546273,-0.8809122764003603,-0.052491577510072336,11.646999401692048,-0.4606330813920136
2.175,-0.026351563568522685,-0.8246021494306005,0.04449348949856965,11.565585391468073,-0.4607665237076082
2.183333333333333,-0.032217342010489716,-0.5521242938633039,0.13929058247187284,11.13547551659695,-0.4608915320519966
2.1916666666666664,-0.03515178645366738,-0.13511210784608294,0.22942922785228442,10.469481683663357,-0.4609997961465073
2.2,-0.03429001957820623,0.34731542186574604,0.3134696015423191,9.689513705479591,-0.4610885208297436
2.2083333333333335,-0.029338912321322505,0.8393715998935668,0.3908371613787641,8.877888922897853,-0.4611587835900806
2.216666666666667,-0.020359265608700546,1.3108267308083639,0.4614626951784038,8.075589774402859,-0.46121331948324956
2.225,-0.007586640154386159,1.7484307901134983,0.5254985246883852,7.29743445220035,-0.46125514575519766
2.2333333333333334,0.008675448832624355,2.148086127347795,0.5831592488892315,6.545271353827082,-0.4612869930152794
2.2416666666666667,0.028110148525459067,2.510131299002523,0.6346491855328161,5.815675753715203,-0.46131116270552136
2.25,0.050412984489970156,2.8369288334009055,0.6801361407763502,5.103714365205084,-0.4613295485588932
2.2583333333333333,0.07530338386290147,3.1317296679696462,0.719746624241066,4.404569902708678,-0.46134370181482476
2.2666666666666666,0.1025296663737656,3.398162500674788,0.7535697416075716,3.7141308042448027,-0.46135489586558387
2.275,0.131871112348204,3.6400033662886107,0.781663813660062,3.029121570615973,-0.4613641778907689
2.283333333333333,0.16313864418011767,3.8610536383099223,0.8040632218060896,2.347059692193996,-0.46137240649331235
2.2916666666666665,0.1961746208553361,4.065038403252295,0.8207847167601438,1.6661885006945996,-0.4613802776116783
2.3,0.23085167739879606,4.255470918933399,0.8318334067820533,0.9854816824770942,-0.46138834125112627
2.308333333333333,0.26707012517020223,4.435433865178831,0.8372093849169336,0.3048080358614219,-0.4613970108874779
2.3166666666666664,0.30475296985177786,4.607213210904945,0.8369167737713459,-0.3746297780633388,-0.4614065676190081
2.325,0.34383691495648555,4.77168056265015,0.8309782029084742,-1.0493939442907319,-0.46141721758893495
2.3333333333333335,0.38425684972435803,4.927338083397121,0.8194591954217479,-1.7123280461484838,-0.4614292389457914
2.341666666666667,0.4259206930390622,5.068945338077238,0.8025077728716379,-2.3503585151705115,-0.46144298415106905
2.35,0.4686712560429668,5.185836199939717,0.7804150510312141,-2.9417618840053663,-0.46145878419554826
2.3583333333333334,0.512235046187102,5.260666412413879,0.7536968703417273,-3.4541920692753223,-0.4614767819750133
2.3666666666666667,0.5561681177121156,5.27033187786927,0.7231789189564543,-3.8464560070786176,-0.4614967107281812
2.375,0.599826567129329,5.191257269955114,0.6900379078444991,-4.077775717323551,-0.4615177205372215
2.3833333333333333,0.6424004222080313,5.008880436950471,0.6557327911605888,-4.124135444568613,-0.4615384381308411
2.3916666666666666,0.6830265248620647,4.725805304740517,0.6218007992881578,-3.992092547536886,-0.46155735445555
2.4,0.7209372738466571,4.361431683298167,0.5895946781534815,-3.717674039761952,-0.4615733386908073
2.408333333333333,0.7555674202098923,3.943102706448401,0.5600965032839025,-3.35059254585553,-0.4615859243173398
2.4166666666666665,0.7865770870840815,3.4962354514898606,0.5338798430731934,-2.9368364697120994,-0.4615952434738509
2.425,0.8138104939758674,3.0392069092563867,0.5111852344258976,-2.5096569419269876,-0.46160177673718716
2.433333333333333,0.8372332731859404,2.5829762450462264,0.49203349001040647,-2.0888796970044456,-0.46160611838617627
2.4416666666666664,0.8568774549649331,2.132876512034468,0.4763256769309414,-1.6840456795072736,-0.46160883563966126
2.45,0.8728032521334558,1.6906436256033537,0.463913526818014,-1.2979962691525195,-0.4616104098793186
2.4583333333333335,0.8850758843091661,1.2559487453428722,0.45464314545768625,-0.9296102269629616,-0.46161122479137073
2.466666666666667,0.893752766623377,0.8273697012818524,0.44838007100360344,-0.5755702732893078,-0.46161157453012597
2.475,0.8988769458428767,0.402947154601456,0.4450228217149234,-0.23140755257206458,-0.4616116772530206
2.4833333333333334,0.9004739975747221,-0.019517668817703178,0.444509787783365,0.10790511137985798,-0.4616116875348914
2.4916666666666667,0.8985507640940864,-0.44230067575893894,0.4468222982434645,0.44759644222439776,-0.4616117127224458
2.5,0.8930951878551773,-0.8676470690061511,0.45198517214728684,0.7928378909372664,-0.4616118697297254
2.5083333333333333,0.8840769632078052,-1.2976692621574517,0.4600652554218129,1.1484940221190658,-0.4616123295791104
2.5166666666666666,0.8714493469600492,-1.7341569203902767,0.47116733220423934,1.5187184578086932,-0.4616133297474211
2.525,0.8551532009269369,-2.1782144344524204,0.48542553724359155,1.906248745488789,-0.4616151867926983
2.533333333333333,0.83512519503707,-2.62960037825134,0.5029869057319601,2.311182006885488,-0.4616183084224012
2.5416666666666665,0.8113132997230819,-3.0856125996404957,0.5239816198149543,2.728961866830808,-0.4616231965013114
2.55,0.7837038765988245,-3.5394172242218747,0.5484724912830595,3.1474054901597066,-0.4616304232140147
2.558333333333333,0.752364464661186,-3.9780398765087797,0.5763766548297587,3.5431608396764496,-0.4616405507595699
2.5666666666666664,0.7175014873533422,-4.381067261291208,0.6073610291749607,3.8794330709294527,-0.4616539633955403
2.575,0.6795184338028902,-4.7222725407753625,0.6407370411429142,4.108852294348867,-0.4616706212920648
2.5833333333333335,0.6390402129307711,-4.976280078968485,0.6754148672532527,4.1851950248596745,-0.4616898521274262
2.591666666666667,0.5968645096959113,-5.1286472643540435,0.7099862324063673,4.081178195972057,-0.4617103883499779
2.6,0.553838012412589,-5.182448397313072,0.7429406285753839,3.800305865670759,-0.46173074220005084
2.6083333333333334,0.5107147791182531,-5.155648471736312,0.7729161826675104,3.372741459895506,-0.4617497022939512
2.6166666666666667,0.4680681553537657,-5.07200195050979,0.7988606583763489,2.8397976971296726,-0.46176661847042527
2.625,0.42627963197115953,-4.952774691247994,0.8200604052792276,2.239638571610688,-0.46178137425948873
2.6333333333333333,0.3855783296011216,-4.8130222516004215,0.8360812562109408,1.600721241465836,-0.4617941892572641
2.6416666666666666,0.34609475859005195,-4.661530116834139,0.8466834531301568,0.9415186999176599,-0.4618054146380902
2.65,0.3079074595540881,-4.502264291604172,0.8517474118549822,0.2728537104183518,-0.4618153919491139
2.658333333333333,0.27107640457595505,-4.335955241596874,0.8512209809870104,-0.3995230962759513,-0.461824376957826
2.6666666666666665,0.23566452139928196,-4.161334025833952,0.8450859697162222,-1.072939883461329,-0.46183256893912306
2.675,0.20175067883653447,-3.9759480823529536,0.8333381975270293,-1.7465560432484708,-0.461840256223995
2.683333333333333,0.16943728692203147,-3.7766664154877203,0.8159753845716621,-2.420671998531357,-0.46184785634826575
2.6916666666666664,0.1388545296395872,-3.559994488174136,0.7929893100122581,-3.096377248817705,-0.46185592056335434
2.7,0.11016253305953623,-3.322265470406367,0.7643598601140517,-3.7754303738757895,-0.4618651439594753
2.7083333333333335,0.08355225771815564,-3.059763098042878,0.7300494575134328,-4.460273297446793,-0.4618763825706642
2.716666666666667,0.05924549506492455,-2.7688213983270975,0.689997095537898,-5.154098234587519,-0.46189067928734956
2.725,0.03749395163929092,-2.4459547883175987,0.6441119092093436,-5.860873153476215,-0.4619093009340262
2.7333333333333334,0.018576830802200902,-2.088108845010001,0.5922672027681141,-6.585172786432265,-0.46193378832038734
2.7416666666666667,0.002795253709377756,-1.6932087518730736,0.5342976428087682,-7.3315202395476975,-0.4619660172932898
2.75,-0.009540263145398242,-1.2613567231613427,0.47000586928223875,-8.102651518621567,-0.4620082564329687
2.7583333333333333,-0.018137142143105692,-0.7973288316507011,0.39919166639335435,-8.895597265437452,-0.46206317379754763
2.7666666666666666,-0.02277765448343929,-0.31535364521082987,0.3217287277166322,-9.693859995922836,-0.46213366856533844
2.775,-0.02342789679093356,0.15320041510813556,0.23772814825208713,-10.4544197320018,-0.4622222672853978
2.783333333333333,-0.020415801498246774,0.5519839165570294,0.1478211781014478,-11.09376350988281,-0.4623297344905194
2.7916666666666665,-0.01463811511003363,0.803431286274508,0.05350205423848388,-11.492214598760203,-0.46245294349452537
2.8,-0.007626896136260066,0.8403690901963863,-0.04274380141315204,-11.544040672664776,-0.4625834885605874
2.808333333333333,-0.0012637227757046963,0.6523069513728486,-0.13787905121083618,-11.232682922977325,-0.4627097726820407
2.8166666666666664,0.0027700602140954622,0.2940897918839645,-0.22918410191252742,-10.644899116083623,-0.462822075099247
2.825,0.003387387624666018,-0.15492008420619968,-0.3148725204929254,-9.904230214329873,-0.4629158174063885
2.8333333333333335,0.00011650842042201586,-0.6306178924295335,-0.3941023830923306,-9.107239029722374,-0.4629909210565525
2.841666666666667,-0.00708934257452264,-1.0948928922662766,-0.4666560442635037,-8.307845574329338,-0.46304962939244565
2.85,-0.018048126715231153,-1.5294476468215679,-0.5326245688372254,-7.528826947946889,-0.46309485242216497
2.8583333333333334,-0.03247805895468061,-1.927436836857142,-0.5922101481722147,-6.776091392105073,-0.46312936846124036
2.8666666666666667,-0.050067331957055976,-2.28780345541902,-0.6456281726385593,-6.048026901591575,-0.463155566541424
2.875,-0.07050811472559218,-2.6122069074928205,-0.6930673402832357,-5.34038158704267,-0.46317542340546014
2.8833333333333333,-0.09351215456944627,-2.9035210023025586,-0.7346782630314648,-4.64849781286238,-0.4631905563145334
2.8916666666666666,-0.11881762632192082,-3.165139527062068,-0.770574429915611,-3.9682056449536383,-0.46320228755279347
2.9,-0.14619198618231952,-3.400661885265773,-0.8008376743315716,-3.296093538655359,-0.46321169978792937
2.908333333333333,-0.17543298765631662,-3.61374161315042,-0.8255246363295349,-2.6295176427229814,-0.4632196781678777
2.9166666666666665,-0.2063687153200888,-3.807989553040353,-0.8446728796570744,-1.9665309942892242,-0.4632269404851602
2.925,-0.23885682768972089,-3.986873306142541,-0.8583064490938421,-1.3058333293853288,-0.463234057888487
2.933333333333333,-0.27278280276900363,-4.153571871141066,-0.8664413521266239,-0.6468148976019137,-0.46324146828909996
2.9416666666666664,-0.30805663947939804,-4.310742287682962,-0.8690920584532922,0.010228743928218292,-0.46324948389776666
2.95,-0.3446070424107765,-4.460135049374788,-0.8662808670895338,0.6635975642548242,-0.46325830452027217
2.9583333333333335,-0.3823714566462907,-4.601972021736444,-0.8580531814627128,1.3092544315277688,-0.4632681271836629
2.966666666666667,-0.4212797697686706,-4.734036284801432,-0.8445024976478749,1.9394062528159732,-0.4632792351523405
2.975,-0.4612289602513222,-4.850412396976647,-0.8258097815682678,2.540472814877824,-0.46329195646521104
2.9833333333333334,-0.5020463867151519,-4.940093271434846,-0.8023012580477946,3.0908282730442735,-0.4633065665525069
2.9916666666666667,-0.5434433698122934,-4.986240560175017,-0.7745217112210798,3.55967525476022,-0.4633231335802029
3.0,-0.5849705833683841,-4.96767236030852,-0.7433034632840504,3.909742721390566,-0.46334133280789874
3.0083333333333333,-0.6260011057177243,-4.864169733706513,-0.70978680934883,4.106494912916769,-0.46336032993938275
3.0166666666666666,-0.6657720652910324,-4.664728342981721,-0.6753395110181619,4.132265785358558,-0.4633788802820707
3.025,-0.7034907571357129,-4.373688285169631,-0.6413667246420521,3.996537852107789,-0.463395684713127
3.033333333333333,-0.7384628256356283,-4.009396616591061,-0.6090859629162597,3.733206573345363,-0.4634098088935421
3.0416666666666665,-0.770178855375306,-3.596354173428986,-0.5793774278949478,3.3866180679216735,-0.46342089229775385
3.05,-0.798329727650757,-3.157049998329283,-0.5527601750692274,2.9972036169397707,-0.46342907604198974
3.058333333333333,-0.8227693941812158,-2.7078183320131117,-0.5294606264509052,2.5942149451957355,-0.46343479174522834
3.0666666666666664,-0.8434603769514761,-2.2585449538108895,-0.5095113342949474,2.1952170153987796,-0.46343856674368644
3.075,-0.8604256820388815,-1.8141594571162167,-0.4928383969659109,1.808722734852551,-0.46344090570625973
3.0833333333333335,-0.8737148192386485,-1.3763547647441352,-0.4793239232418175,1.4372425903241581,-0.4634422393686478
3.091666666666667,-0.8833827028096654,-0.944915553382829,-0.46884555653092835,1.0796636005051445,-0.46344291266618126
3.1,-0.8894776416668021,-0.5185821598020417,-0.46129960223340566,0.7328237726200815,-0.4634431903524107
3.1083333333333334,-0.8920349606199883,-0.09556083293826662,-0.45661375921036224,0.3924718487865208,-0.4634432677159495
3.1166666666666667,-0.8910738610275638,0.3261886931125609,-0.454753617608503,0.053838782843492715,-0.4634432815841419
3.125,-0.8865961411800626,0.7487792470023387,-0.45572533889898087,-0.28799051902426254,-0.46344334018964517
3.1333333333333333,-0.8785861407797777,1.1742671649558694,-0.45957560431551575,-0.6377764687828186,-0.4634435769116135
3.1416666666666666,-0.8670117970159059,1.6045011391308375,-0.46638900112962495,-0.9997894342167418,-0.46344418092315975
3.15,-0.8518273575549928,2.0408601877264374,-0.47628192710243816,-1.3772804275725026,-0.4634454095806279
3.158333333333333,-0.832979074622743,2.483781667122168,-0.48939068125734403,-1.7715835534242494,-0.4634475997781388
3.1666666666666665,-0.8104161463238108,2.9319502068715693,-0.5058497879128165,-2.1806288019184557,-0.4634511758677824
3.175,-0.7841102971821957,3.3810190520655046,-0.5257546727585816,-2.5966465453921703,-0.46345664305022566
3.183333333333333,-0.7540880218814348,3.821878123650504,-0.5491017705805914,-3.003098493778232,-0.4634645455357247
3.1916666666666664,-0.7204777061896664,4.2389636712696035,-0.5757024016326753,-3.3717124135039245,-0.4634753606493864
3.2,-0.6835660773891568,4.610038299250408,-0.6050804214605278,-3.6621293204161067,-0.4634893117691622
3.2083333333333335,-0.643842719186198,4.909628393210994,-0.6363912076502263,-3.8279961411068846,-0.4635061441979865
3.216666666666667,-0.6019965727836496,5.11694400101559,-0.6684255622817977,-3.8309683947650153,-0.4635250101560951
3.225,-0.5588387009551536,5.224623999270676,-0.6997442867010165,-3.656272177679246,-0.46354462932451534
3.2333333333333334,-0.5151724977292035,5.24160494171535,-0.7289074581247278,-3.3181168948654194,-0.4635636996521324
3.2416666666666667,-0.4716755370542192,5.1877557824868985,-0.754686847492685,-2.850727670574612,-0.4635812924569604
3.25,-0.4288448683486364,5.085167875848141,-0.7761703089738541,-2.2933757686040783,-0.4635969964895758
3.2583333333333333,-0.3870071978117466,4.9519632816400385,-0.7927539286941034,-1.6795839745676657,-0.4636108192236348
3.2666666666666666,-0.346363107568569,4.800227774620126,-0.8040741488171304,-1.033375291179145,-0.4636229955986447
3.275,-0.30703612232840466,4.636579277299889,-0.8099299227584346,-0.37006039622578407,-0.46363382076005993
3.283333333333333,-0.2691124363954334,4.463610104431942,-0.810219429025365,0.30145276576656244,-0.4636435433214772
3.2916666666666665,-0.23266850301744268,4.2812704360710105,-0.8048963193891407,0.9764303938545699,-0.46365235588127257
3.3,-0.19778852273623854,4.087886025140389,-0.7939420804445118,1.6527237148812617,-0.46366053146056463
3.308333333333333,-0.1645750188311487,3.8808227585510986,-0.7773488139226464,2.329811530833011,-0.4636684772217473
3.3166666666666664,-0.13315490388317144,3.6569174904656836,-0.7551082067297391,3.0082514049514875,-0.4636767370859198
3.3249999999999997,-0.10368267294669457,3.41274934990039,-0.727203772039448,3.6894221760934003,-0.46368599940974636
3.3333333333333335,-0.07634175771037925,3.1448199327240616,-0.6936044440846386,4.375438592430895,-0.46369711153094206
3.341666666666667,-0.051344558445584096,2.8496998688589,-0.6542585234535107,5.069135792128466,-0.46371110250885494
3.35,-0.028931180468452288,2.524205662323295,-0.6090878378847341,5.77401147685015,-0.4637292156341307
3.3583333333333334,-0.009366247390486342,2.165706044737274,-0.5579831141656075,6.493956569208307,-0.46375295125690674
3.3666666666666667,0.007067968407975545,1.772740463373967,-0.5008034681588679,7.232467414589217,-0.46378411594207936
3.375,0.020085984745562453,1.3462930342794541,-0.43738649802920343,7.990760327225231,-0.4638248606649845
3.3833333333333333,0.02942886292302342,0.8923167337094631,-0.3675820277718764,8.763768062691128,-0.4638776576839181
3.3916666666666666,0.03492297969001527,0.4263014675911944,-0.29133294571811047,9.532603991024303,-0.46394509542656104
3.4,0.03658668161203685,-0.019928537755934835,-0.20883641511515785,10.2529705797151,-0.4640292606366334
3.408333333333333,0.034793832578418005,-0.39242952579134277,-0.1208046836402201,10.844573627032384,-0.4641304424941963
3.4166666666666665,0.030446863440172053,-0.6210649738817401,-0.028753325087863185,11.199164749143325,-0.46424534002467066
3.425,0.025005594256068624,-0.6489534192202667,0.06493314335222311,11.22734548479372,-0.4643661586163073
3.433333333333333,0.020209653968419613,-0.4705747843151525,0.1574293397647837,10.920470183204104,-0.46448265116138254
3.4416666666666664,0.017597949427591963,-0.13615652294648214,0.24622781057439808,10.357825911367106,-0.4645863632260455
3.4499999999999997,0.018175459854428668,0.2834348501839347,0.3296577991664614,9.649522371492283,-0.4646732489010311
3.4583333333333335,0.02239490915827367,0.7301264746716856,0.4068951610095845,8.883016276933422,-0.4647431450753616
3.466666666666667,0.030318955366155823,1.1683123684346433,0.47768967029590437,8.108955190493658,-0.4647979743464896
3.475,0.04179256514965292,1.5801251973872892,0.5420881644681631,7.3501388858708605,-0.46484031670321785
3.4833333333333334,0.056560601989783015,1.9583578982234324,0.6002546347829903,6.613645867345387,-0.4648726878712521
3.4916666666666667,0.07433392975317742,2.301421088900363,0.6523769967748928,5.899171847233738,-0.4648972844651222
3.5,0.09482306631178535,2.610485420655286,0.69862665669819,5.203577496935928,-0.46491594382777357
3.5083333333333333,0.11775438989879906,2.888021164515118,0.7391451636253663,4.523069691525538,-0.4649301797320896
3.5166666666666666,0.14287764980580464,3.137087551900469,0.7740432342560413,3.854132817070397,-0.46494123434782114
3.525,0.1699692738763927,3.3609888118408096,0.8034047075496363,3.1938575722296036,-0.46495012538074654
3.533333333333333,0.19883359038259718,3.563093918325277,0.8272919807895711,2.5400073657362627,-0.46495768308200364
3.5416666666666665,0.22930284364167516,3.74671482570163,0.845751555485875,1.8909995840523965,-0.4649645774033492
3.55,0.26123622565951554,3.9149843611159847,0.858819438772182,1.2459031734490766,-0.46497133703503357
3.558333333333333,0.2945177422616274,4.070692052081723,0.8665268514506936,0.6045262987523264,-0.4649783620221609
3.5666666666666664,0.32905239340915454,4.2160361094063,0.8689072934322392,-0.03233228748681522,-0.46498593119204057
3.5749999999999997,0.3647597505309443,4.352234442570974,0.8660067168925482,-0.662366003036129,-0.4649942163779206
3.5833333333333335,0.40156344906726593,4.47892724617042,0.8578995725786697,-1.28086246050166,-0.4650033847447193
3.591666666666667,0.43937478335380303,4.59335330245916,0.8447138846656447,-1.8794248716396662,-0.4650136706154152
3.6,0.4780684146837444,4.689295560488486,0.8266687833974019,-2.444284618064354,-0.4650253310432806
3.6083333333333334,0.5174491469799919,4.756071079782968,0.8041263648135176,-2.954688679131941,-0.4650385560993602
3.6166666666666667,0.5572128599468499,4.778311632659158,0.777652555511465,-3.382646710084734,-0.4650533392696652
3.625,0.596913154849514,4.737779754128611,0.748067175257524,-3.696159181272788,-0.4650693389126875
3.6333333333333333,0.6359553382631957,4.618152615069268,0.7164463422373041,-3.867483754110133,-0.4650858136855269
3.6416666666666666,0.6736395650544945,4.4115690926844175,0.6840405086627285,-3.8843034548577258,-0.46510173144427813
3.65,0.7092524076768626,4.122909985626002,0.6521106769866337,-3.7568270608680536,-0.46511605663673217
3.658333333333333,0.7421709009942435,3.768234048296432,0.6217459160708646,-3.514714767337758,-0.46512806166631726
3.6666666666666665,0.7719313036167532,3.3684908087247796,0.5937448557621188,-3.1958820733075077,-0.46513747395619054
3.675,0.7982416479739076,2.9430941964407245,0.5685966149376404,-2.8351818556133956,-0.4651444178944647
3.683333333333333,0.8209523206862442,2.506513931509474,0.5465354873555066,-2.4584275081330063,-0.46514925400218443
3.6916666666666664,0.840011491710295,2.067850094768989,0.5276221255092822,-2.0816611998790973,-0.4651524267663269
3.6999999999999997,0.8554243265285711,1.631911676771751,0.5118179301164226,-1.7130699513064498,-0.4651543677800904
3.7083333333333335,0.8672229977557823,1.2005869029831406,0.49904024187396523,-1.3554264435052994,-0.46515545048769313
3.716666666666667,0.8754472644067912,0.7739651576098229,0.4891986349479105,-1.00810615877254,-0.46515597704902967
3.725,0.8801329163657916,0.35110560618172376,0.482216966209092,-0.6684933000926141,-0.46515618050361834
3.7333333333333334,0.8813053599170757,-0.06948127408934093,0.47804590283786147,-0.3328881606402914,-0.4651562320275364
3.7416666666666667,0.8789763777143947,-0.4895357727087434,0.47666934945157613,0.0029060867079034936,-0.4651562530877602
3.75,0.8731429353908502,-0.91084409235653,0.47810674907248807,0.34315792715970966,-0.4651563562885839
3.7583333333333333,0.8637875363080314,-1.335059253378169,0.4824120791967017,0.6918197717429253,-0.46515668868364807
3.7666666666666666,0.8508802240333354,-1.7634714417972919,0.4896693708540183,1.0520582986743692,-0.4651574543032203
3.775,0.8343830226262493,-2.196636424485689,0.49998339555134513,1.4255352316710521,-0.4651589235591969
3.783333333333333,0.8142584013468167,-2.6337640361547137,0.5134627369949367,1.811269699059944,-0.4651614398989598
3.7916666666666665,0.7904841928728726,-3.071766506858765,0.5301910309799922,2.203912127476394,-0.4651654179283846
3.8,0.7630780031574115,-3.5039429717745985,0.5501811427987765,2.5913958277103073,-0.4651713195841565
3.808333333333333,0.7321333774211805,-3.9185555006599504,0.5733084803501712,2.952423325034511,-0.4651795883117099
3.8166666666666664,0.6978656033816123,-4.298145612871819,0.5992274007165037,3.2552836786861508,-0.465190523656394
3.8249999999999997,0.6606549372348963,-4.621120918647785,0.6272924165877548,3.460686722870442,-0.4652041089979666
3.8333333333333335,0.6210622986575115,-4.8668452485481035,0.65652828860271,3.530786116467353,-0.46521987170534274
3.841666666666667,0.5797911145871735,-5.022944328691578,0.6856956535849181,3.442165914739311,-0.4652369054148445
3.85,0.537594293899329,-5.090280801452645,0.7134548108446586,3.194858360449063,-0.46525411264439065
3.8583333333333334,0.49516451487937385,-5.081700035524211,0.7385616404808778,2.810524445500327,-0.4652705431795682
3.8666666666666667,0.4530583646135025,-5.015817117782063,0.7600072379809432,2.3218913179157754,-0.4652856176882606
3.875,0.41167649863672584,-4.910562976692949,0.7770614072217272,1.7615917870727402,-0.46529914588418897
3.8833333333333333,0.37128658532558484,-4.779599349221025,0.7892416070008423,1.1558431610796824,-0.46531120730883613
3.8916666666666666,0.33206345628115214,-4.63159330698985,0.7962508777606455,0.5230206583331662,-0.46532200302857996
3.9,0.2941280519630341,-4.4709987743196455,0.7979163712084184,-0.12516993933808626,-0.46533173971355885
3.908333333333333,0.25757765942188215,-4.2992334429787835,0.7941414885077854,-0.7818235700136044,-0.46534057857723266
3.9166666666666665,0.2225066865660103,-4.11571807472268,0.7848730453920036,-1.443200451318021,-0.46534873317184794
3.925,0.18902002423610503,-3.9186189430862535,0.7700797962370071,-2.107628129030104,-0.4653565471013877
3.933333333333333,0.1572412173691723,-3.705362234106312,0.7497383745733918,-2.774800234513094,-0.4653644983365499
3.9416666666666664,0.12731710820936773,-3.472976683386292,0.7238237171862535,-3.445385118810932,-0.46537320456773873
3.9499999999999997,0.09942011375928723,-3.218329165180436,0.692301841044509,-4.120834272857909,-0.4653834345116048
3.9583333333333335,0.07374877741405048,-2.938313066207567,0.6551237512309271,-4.803285211124759,-0.4653961260629528
3.966666666666667,0.050526732074818156,-2.6300531122646906,0.612220143696324,-5.495447004006389,-0.46541241222877977
3.975,0.02999959008508782,-2.291217133449305,0.563497647819464,-6.200312733284493,-0.46543365477402265
3.9833333333333334,0.012428284518712288,-1.9205899861330389,0.5088390436589795,-6.920435536206482,-0.4654614816284979
3.9916666666666667,-0.0019243713375569314,-1.519187477961592,0.44811286892287316,-7.6562963414761835,-0.4654978133630333
4.0,-0.012820194079079587,-1.0923730525493505,0.38120305508491303,-8.402965421967885,-0.4655448384577635
4.008333333333333,-0.020096052873447588,-0.6535751252573517,0.3080772177154119,-9.143986751619794,-0.4656048447056892
4.016666666666667,-0.023752925303240958,-0.22975455606645426,0.22891966646646086,-9.842068436505727,-0.465679733770771
4.025,-0.024091495376592362,0.13364427899685286,0.14434570344475142,-10.430086812332698,-0.46577001282864217
4.033333333333333,-0.021862318595992206,0.37592916991675107,0.05564948507344733,-10.814987196779464,-0.465873345175159
4.041666666666667,-0.018318038321817668,0.4424603594450124,-0.03509649973838041,-10.911310667277053,-0.46598361620224965
4.05,-0.015026229083116549,0.3170729746938147,-0.12532532455984383,-10.693630663477867,-0.46609210924620964
4.058333333333334,-0.013474616547920254,0.03379571285577318,-0.21259673303410848,-10.215653986444304,-0.46619079711276545
4.066666666666666,-0.014731949892058548,-0.34654937220908144,-0.2951276918834135,-9.572158158257063,-0.466275038272313
4.075,-0.019361221922445958,-0.7674466455765371,-0.3719145495679797,-8.849017796197707,-0.46634378753231404
4.083333333333333,-0.027527422507331655,-1.1906182927570093,-0.442547162962576,-8.101854508099327,-0.4663982726571936
4.091666666666667,-0.03915135106545682,-1.5948997394209339,-0.5069592884080962,-7.359111106044011,-0.4664406504727676
4.1,-0.05402883104944139,-1.9704969720295187,-0.5652435273660393,-6.632110292330449,-0.46647321305196865
4.108333333333333,-0.07190371318372271,-2.3140699819207358,-0.6175453123287046,-5.923295308838961,-0.46649804982563836
4.116666666666666,-0.09250767535368166,-2.625660541812117,-0.6640116615986836,-5.231197796969875,-0.46651695208813254
4.125,-0.11558064092155824,-2.907007769904117,-0.7047706215191175,-4.553023769266689,-0.4665314178087989
4.133333333333333,-0.1408808860995928,-3.160676047931738,-0.739925961012075,-3.885869538858527,-0.4665426876025992
4.141666666666667,-0.168189846069577,-3.389605845847452,-0.7695587218354945,-3.2272342485928274,-0.46655178383920226
4.15,-0.19731412388245617,-3.596864692261802,-0.7937314908328719,-2.5752060267649584,-0.46655954362595653
4.158333333333333,-0.22808581178980147,-3.7854763042989137,-0.8124936194462069,-1.928528574871759,-0.46656664386210156
4.166666666666667,-0.260361458421377,-3.958257095955153,-0.8258869398281532,-1.2866700803987952,-0.46657361905128936
4.175,-0.294019528110099,-4.117610120933856,-0.833952373618781,-0.6499820354212229,-0.46658087305787543
4.183333333333334,-0.3289558048916629,-4.265229771004743,-0.8367385208558258,-0.020029687829689592,-0.4665886858337538
4.191666666666666,-0.3650757785808853,-4.40166160032938,-0.8343140423004746,0.5998075111267667,-0.46659722360794015
4.2,-0.4022825316789703,-4.525658988689883,-0.8267865805046464,1.2033642668631128,-0.4666066268697026
4.208333333333333,-0.44045849029479467,-4.633359753225358,-0.8143310758997356,1.7804180392570854,-0.4666170820102267
4.216666666666667,-0.4794397617296703,-4.717361673137048,-0.7972296535183289,2.315234770926504,-0.4666287720349186
4.225,-0.5189835826548674,-4.76609559438518,-0.7759222470089824,2.785623645619908,-0.4666417836482176
4.233333333333333,-0.5587345227479172,-4.764325317544046,-0.7510582663397966,3.163924810145684,-0.46665598953051146
4.241666666666666,-0.5982032173227302,-4.695801505812972,-0.7235257520820109,3.4216709373035394,-0.46667094893564337
4.25,-0.6367774676654651,-4.548252875872536,-0.6944243506490928,3.538186569092019,-0.46668590511643815
4.258333333333333,-0.673778531977071,-4.318700888280207,-0.6649609951072047,3.509602703443785,-0.4666999390901445
4.266666666666667,-0.7085504039748107,-4.015489535110981,-0.6362905777584408,3.352062972820175,-0.46671223329035544
4.275,-0.7405447706497559,-3.6552635233048103,-0.6093668880522142,3.0961489574838574,-0.46672229463875714
4.283333333333333,-0.7693664190822105,-3.2571276995458107,-0.5848646860077855,2.7764859115831615,-0.4667300171776401
4.291666666666667,-0.7947716441742312,-2.8377365587049592,-0.5631850558831397,2.423068232525489,-0.4667355966975928
4.3,-0.816636813070234,-2.409111106093408,-0.5445134169406048,2.057411333697251,-0.4667393913872803
4.308333333333334,-0.8349188015353707,-1.9786766664959152,-0.528891847040708,1.6926219988710824,-0.4667418048429737
4.316666666666666,-0.8496206744940412,-1.5502930514932167,-0.5162820936874409,1.3352284240324166,-0.4667432159163055
4.325,-0.8607668730111726,-1.1254083487604594,-0.5066116461504862,0.9872437467935749,-0.4667439475441321
4.333333333333333,-0.8683871568133895,-0.7039795309531353,-0.4998040644937945,0.6478327919200397,-0.466744258746388
4.341666666666667,-0.872507005855396,-0.28510705395489794,-0.4957975119918535,0.3144846308089696,-0.4667443472391875
4.35,-0.873142322154605,0.1325536561332827,-0.4945552310066891,-0.01620230503321603,-0.4667443552256929
4.358333333333333,-0.8702969445302734,0.5505123662470243,-0.4960705511672499,-0.3479649803758159,-0.46674438398599993
4.366666666666666,-0.8639622328593467,0.9702200423569001,-0.5003677214790759,-0.6844156799145291,-0.4667445494175558
4.375,-0.8541184511599138,1.392845581043454,-0.5074990270780579,-1.028584343056638,-0.46674501815961383
4.383333333333333,-0.8407383704293419,1.8189522983660666,-0.5175374698589548,-1.382286365552424,-0.46674601489168205
4.391666666666667,-0.8237942467207807,2.2479979980371243,-0.5305629955890288,-1.7451830641492732,-0.46674782731000375
4.4,-0.803269984087158,2.6775787910322495,-0.54663912562338,-2.1133983905848552,-0.4667508052880228
4.408333333333333,-0.7791808068821449,3.1023881359616086,-0.565775982993937,-2.477646779902542,-0.4667553446611751
4.416666666666667,-0.7516023567513735,3.51304845736528,-0.5878764670574834,-2.8211542067821602,-0.4667618411182165
4.425,-0.7207082947204179,3.8953771686473675,-0.6126673520877408,-3.1183631247652923,-0.4667705997429208
4.433333333333334,-0.6868085749582482,4.231173160403256,-0.63962924669293,-3.336329516358663,-0.4667817029115497
4.441666666666666,-0.6503707126621513,4.501631215221913,-0.667956654923116,-3.440762290566439,-0.4667948828645845
4.45,-0.6120019610880504,4.693041491809634,-0.6965872464797217,-3.40613081239867,-0.4668094915231837
4.458333333333333,-0.5723838103194189,4.801877948700965,-0.7243160784839163,-3.2248032481205833,-0.4668246388961206
4.466666666666667,-0.5321797909603516,4.8356740036875845,-0.7499588859395233,-2.9089015666989044,-0.46683945263023074
4.475,-0.4919569405401908,4.809144513392791,-0.7724942346948923,-2.48383786469052,-0.46685330659245594
4.483333333333333,-0.4521493911077145,4.738598082607987,-0.7911342454424279,-1.978745430508527,-0.4668659032882496
4.491666666666666,-0.4130637857008041,4.6378551936701395,-0.8053231913830049,-1.4193836044318073,-0.4668772181802671
4.5,-0.3749083149489568,4.516633212275868,-0.8146945881943161,-0.8252319326535342,-0.46688738426486087
4.508333333333333,-0.3378272341835907,4.380665543724563,-0.819017716233363,-0.20955359831394527,-0.4668965826049844
4.516666666666667,-0.30193079055705435,4.232540657690445,-0.818150860939799,0.41930088951439426,-0.466904966465605
4.525,-0.26731747655159144,4.072636401082258,-0.8120066307178033,1.0564165606581295,-0.4669126769651989
4.533333333333333,-0.23408917084589267,3.8998666246536766,-0.8005283694229394,1.6991800365716239,-0.46691995316470725
4.541666666666667,-0.20236097829433447,3.712218646722353,-0.7836743439814264,2.3465212762923344,-0.46692715919192856
4.55,-0.17226727700008163,3.507131281086859,-0.7614070435927625,2.998438647036874,-0.4669347882611823
4.558333333333334,-0.14396513486828297,3.2817569693233333,-0.7336854726872183,3.6557402321462353,-0.46694347122810914
4.566666666666666,-0.11763584431262546,3.0331596470880555,-0.7004590114441024,4.3199116367230666,-0.46695399058399584
4.575,-0.09348489882620896,2.758499995701946,-0.6616621623053341,4.9930194496019285,-0.4669673007688111
4.583333333333333,-0.0717402613587989,2.4552732554593333,-0.6172103307791724,5.677536956559406,-0.46698455531718375
4.591666666666667,-0.05264809341913493,2.121703132844866,-0.5669979622932967,6.375915052872145,-0.46700713945664163
4.6,-0.03646395819208579,1.757473772178396,-0.5109023238858906,7.089589155336262,-0.4670367010704204
4.608333333333333,-0.02343547956398605,1.3651147509274564,-0.4487996812041416,7.816883033871009,-0.4670751586472245
4.616666666666666,-0.013769125867160024,0.9525160333179916,-0.3806063507101252,8.54897483966892,-0.46712463345743793
4.625,-0.007569609709389664,0.53702966987402,-0.30636461841500406,9.263065346661405,-0.4671871958849283
4.633333333333333,-0.0047394228415752575,0.15067864653688087,-0.2263963383222399,9.913354511647723,-0.46726424931276533
4.641666666666667,-0.004841401837246689,-0.15721347032422717,-0.14152332786423616,10.425719355315074,-0.4673554210674452
4.65,-0.006978719467644481,-0.32849594250833936,-0.053269423616113434,10.7102315131843,-0.46745727785427316
4.658333333333333,-0.009816407956779167,-0.32136496234294953,0.036158567154778554,10.701294746800343,-0.4675630326378713
4.666666666666667,-0.011837737348295472,-0.13682353451883936,0.12426820740766646,10.400549565317174,-0.4676644169864963
4.675,-0.011722479077097277,0.18199546150815007,0.20887674905880135,9.875749950352043,-0.467754786508604
4.683333333333334,-0.008594397005894943,0.5768438703804942,0.28849374961339314,9.216945336081418,-0.4678308922356079
4.691666666666666,-0.002034238017602238,0.9990176787471633,0.3623260715469447,8.49720928776241,-0.4678925044248503
4.7,0.008043489530292446,1.4172134370653349,0.43007068187788156,7.76114965686482,-0.4679411088134455
4.708333333333333,0.021527428195018707,1.8146310106082464,0.4916952912403996,7.030668178667599,-0.4679788140421225
4.716666666666667,0.03820824519722898,2.18374197421374,0.547287504185974,6.314014963413278,-0.4680077556036434
4.725,0.05783784875472191,2.52224010551621,0.596971262141255,5.612530161467745,-0.46802985537477043
4.733333333333333,0.08016167830846824,2.830578039331066,0.6408673747860472,4.924591092449906,-0.4680467606406289
4.741666666666666,0.10493547824962779,3.110616266744646,0.6790783255532349,4.247651642665654,-0.4680598550532864
4.75,0.13193374071608088,3.3649090043261065,0.711685116265611,3.5792054458508,-0.46807029061704586
4.758333333333333,0.16095371756997978,3.596315818018463,0.7387495955406632,2.917205335648633,-0.4680790203367591
4.766666666666667,0.1918168957556407,3.8077590485657633,0.7603191346646563,2.260245018761415,-0.46808682492136766
4.775,0.22436868123122672,4.002023069733971,0.7764324721031293,1.607680968702028,-0.4680943323506408
4.783333333333333,0.2584763419897657,4.1815273902016585,0.7871267459395238,0.9598128540540256,-0.46810203085765134
4.791666666666667,0.29402475463466515,4.3480171269493395,0.7924466187363967,0.318221509351257,-0.4681102761842997
4.8,0.33090902932304,4.502113172483686,0.7924572192286546,-0.31363527160419674,-0.46811929446304656
4.808333333333334,0.3690225651659557,4.642654569212325,0.7872635505201632,-0.9294469743095942,-0.4681292220963944
4.816666666666666,0.4082387260056583,4.765838828468003,0.7770396069498785,-1.5187276527098428,-0.4681402143552676
4.825,0.4483848690201742,4.864273473227995,0.7620692897432568,-2.0653481370738302,-0.4681524315259269
4.833333333333333,0.4892092298162299,4.926313641899906,0.7427982730432129,-2.546556263078857,-0.46816594621403657
4.841666666666667,0.5303462991541977,4.936539080132137,0.7198871222556507,-2.933958333889235,-0.4681806236138404
4.85,0.5712947087498507,4.878432639167844,0.6942416209809881,-3.198264720327621,-0.4681960185313084
4.858333333333333,0.611427996428668,4.739470936072517,0.6669856672897997,-3.3181062458966206,-0.46821136927422463
4.866666666666666,0.6500516200723974,4.516580928710315,0.6393546989985034,-3.289329534994133,-0.4682257504992797
4.875,0.6864939714269754,4.218251978283382,0.6125321629461612,-3.128355179743591,-0.4682383393275554
4.883333333333333,0.7201932191355146,3.861465316959584,0.5874960435308353,-2.8664966508557463,-0.4682486415456706
4.891666666666667,0.7507437814019069,3.4657222116154887,0.5649382300210621,-2.539295338554891,-0.46825655495604046
4.9,0.7778947285534602,3.048022258642927,0.5452694055536894,-2.177606935367205,-0.4682622822199175
4.908333333333333,0.8015176908020284,2.620636324130866,0.5286780721300952,-1.8036409815325245,-0.46826618918959145
4.916666666666667,0.8215665051771179,2.1911509220363357,0.515204362062669,-1.4310203245497044,-0.46826868644784986
4.925,0.8380422577473992,1.763523530963007,0.5048044101471963,-1.0666439102417218,-0.46827015867856775
4.933333333333334,0.85096804743922,1.3392609912416757,0.4973974713643335,-0.7127893554086736,-0.4682709335956779
4.941666666666666,0.8603726846784218,0.9183582680500059,0.4928969973038689,-0.368811271885407,-0.4682712742234064
4.95,0.8662809738217583,0.49994512286046217,0.4912296916408593,-0.0323363011007034,-0.46827138176665406
4.958333333333333,0.8687083802429038,0.08270671326754739,0.4923463474918933,0.2999336378420372,-0.4682714024274456
4.966666666666667,0.8676585829607208,-0.3348304893742272,0.4962270609241287,0.631651446799858,-0.4682714467173451
4.975,0.8631231043828305,-0.7540745801978986,0.5028822596600769,0.9663705916599055,-0.4682716313321428
4.983333333333333,0.8550827922135993,-1.1761357571034328,0.5123499624566838,1.3070716302658603,-0.46827211940780533
4.991666666666666,0.8435115630014812,-1.6015008763169287,0.5246885193700229,1.6555266482028406,-0.4682731311159184
5.0,0.8283835291231284,-2.0295343521039118,0.5399628976391541,2.011363566279392,-0.4682749477936626
5.008333333333333,0.8096852662866784,-2.4577333221087567,0.5582214693364785,2.3707048058975295,-0.46827790976881006
5.016666666666667,0.7874354117867627,-2.880720728755369,0.5794595165743915,2.724354781052452,-0.468282398414972
5.025,0.761713253077585,-3.289149656177308,0.6035666277930428,3.0558433062642205,-0.46828878856448564
5.033333333333333,0.7326950268290142,-3.66908557553623,0.6302603330463967,3.34031999403611,-0.4682973584741619
5.041666666666667,0.7006898627497313,-4.002909538304783,0.6590202304310969,3.546129071892438,-0.4683081624779763
5.05,0.6661581432008002,-4.272729605772009,0.6890529532829044,3.6408051624494178,-0.4683209135358182
5.058333333333334,0.6296917611723826,-4.465835691667484,0.7193242703371523,3.6007101751404638,-0.4683349637304513
5.066666666666666,0.5919495838739306,-4.5793779821036535,0.7486707633790448,3.419420291510669,-0.46834944498391956
5.075,0.5535692679314045,-4.620978552326754,0.7759550346795281,3.1091042138639846,-0.46836351880729177
5.083333333333333,0.5150934759160837,-4.6049462905118865,0.8001984553539893,2.694229691933616,-0.46837659109777324
5.091666666666667,0.47693633467153207,-4.54700201153486,0.8206459160414372,2.202567384477824,-0.4683883876265923
5.1,0.43938915841955,-4.460463141194096,0.8367631942955931,1.6585966132603824,-0.4683989003964119
5.108333333333333,0.4026482238150236,-4.354736192119787,0.8481958523860988,1.0808225253319064,-0.4684082783188006
5.116666666666666,0.3668476749484824,-4.235425382218812,0.8547184567726361,0.481852021554837,-0.46841672319661587
5.125,0.3320881570504519,-4.105115244390867,0.8561901957600687,-0.13037557190016572,-0.46842441523140355
5.133333333333333,0.2984582984730887,-3.9642426204722208,0.8525218416514506,-0.7512011072432402,-0.4684314862219323
5.141666666666667,0.2660494607563246,-3.811814618121755,0.8436533573223983,-1.3781290378620419,-0.4684381111229848
5.15,0.2349654340961561,-3.6459114612670156,0.8295390777137153,-2.0101099520945196,-0.4684445760975615
5.158333333333333,0.20532859273689932,-3.4640413466487456,0.8101377183528747,-2.6470854365509657,-0.46845128563561356
5.166666666666667,0.17728358427536517,-3.2633840897042106,0.7854052677118097,-3.2897407121055746,-0.468458770298784
5.175,0.15099930333930175,-3.040966228147218,0.75528932458853,-3.9393929814467747,-0.4684676991260693
5.183333333333334,0.12666954906656147,-2.7938087321168483,0.71972405070468,-4.597943221422341,-0.46847889769402307
5.191666666666666,0.10451240866418997,-2.5190940722800925,0.678625536523941,-5.267809505388433,-0.4684933729029353
5.2,0.08476793881396523,-2.214422590103659,0.6318881945502748,-5.951721659790679,-0.4685123448935199
5.208333333333333,0.06769293921919513,-1.8782811452999824,0.579384118782055,-6.652168869730219,-0.46853728372738596
5.216666666666667,0.0535502075725241,-1.510947864164976,0.5209697270320435,-7.370121002215562,-0.46856994057768575
5.225,0.042587168475377794,-1.1162175733828323,0.4565082574883776,-8.102363922051962,-0.4686123439441957
5.233333333333333,0.03499482820471121,-0.7044948055609364,0.38592354155202935,-8.836482829842252,-0.468666690454556
5.241666666666666,0.03083372103956152,-0.29761963484486326,0.3093083561207229,-9.54275489824946,-0.4687349902705497
5.25,0.02991549165022252,0.06577920146451886,0.2271088777822107,-10.16472671085752,-0.46881826812877214
5.258333333333333,0.03165491914495913,0.32996664761614836,0.14036529762201555,-10.617502594133269,-0.4689152640839237
5.266666666666667,0.03497489029833909,0.4366920399721562,0.050876840802332554,-10.810266745762261,-0.46902123826185593
5.275,0.03840579219473327,0.35537132747923367,-0.03894182747577919,-10.694831427588934,-0.46912832716865366
5.283333333333333,0.040421968236155535,0.10404738686754204,-0.12658789544910315,-10.299704945404866,-0.4692282143050145
5.291666666666667,0.03981712181785263,-0.26339119786856896,-0.21006071867454224,-9.70922061569456,-0.4693151965547482
5.3,0.03587409479057333,-0.6882938145841709,-0.2881179892767857,-9.013271230152945,-0.46938718417019065
5.308333333333334,0.02830886596278025,-1.1270248214784109,-0.36017055985671204,-8.276240062135628,-0.46944476202983093
5.316666666666666,0.017124948787108116,-1.5537303082619252,-0.42604219536699683,-7.5338222447113985,-0.4694898124523106
5.325,0.0024832294795423173,-1.9555336179127338,-0.48576398680182814,-6.801750107271643,-0.4695245686257421
5.333333333333333,-0.015383492203197131,-2.327307595885307,-0.5394468795900554,-6.084700926847486,-0.46955116055375046
5.341666666666667,-0.036219032092989815,-2.668118491734742,-0.587216112207407,-5.38215116500983,-0.46957145782942705
5.35,-0.05976943674935702,-2.9791926291143147,-0.6291827160455619,-4.691585033204719,-0.46958704716282307
5.358333333333333,-0.08579600860074878,-3.2628389631141417,-0.6654343176326755,-4.010074150697628,-0.46959925785044787
5.366666666666666,-0.11408173880989518,-3.5218867826949833,-0.6960350782629402,-3.3349892267321857,-0.46960919733899975
5.375,-0.1444342251858955,-3.7593714749253264,-0.7210296079756408,-2.664298086171863,-0.46961778300830226
5.383333333333333,-0.1766864512301912,-3.9783165304097916,-0.7404485800477715,-1.9967080606810501,-0.46962576638974085
5.391666666666667,-0.2106958195424068,-4.181520144602965,-0.7543154511074086,-1.3318105988313738,-0.46963374967847676
5.4,-0.2463411875304786,-4.371278494720946,-0.7626548129833715,-0.6703470354927218,-0.46964219533556373
5.408333333333333,-0.2835171068559175,-4.548979911961762,-0.7655038607796221,-0.014710609234168066,-0.46965142955329425
5.416666666666667,-0.3221238858303756,-4.7144935873501765,-0.762929478311459,0.6301808805705693,-0.46966164922073683
5.425,-0.3620514242830316,-4.865283643094818,-0.7550546343116308,1.2555229108406616,-0.4696730159593239
5.433333333333334,-0.40315470585972957,-4.995311595289353,-0.7420977093539631,1.8469172962431233,-0.46968572443755235
5.441666666666666,-0.4452199143620053,-5.093955043316937,-0.7244264262965994,2.38269490412737,-0.4696999260945316
5.45,-0.48792400216907067,-5.1456966590468,-0.7026214849490332,2.8335740914961356,-0.4697155988532524
5.458333333333333,-0.5307992919917448,-5.1318812080780445,-0.677529895516774,3.1658796123201074,-0.46973240280907363
5.466666666666667,-0.5732253787533416,-5.035566493959415,-0.6502698507181026,3.350038856275066,-0.4697496048035714
5.475,-0.6144715342481876,-4.848325252042187,-0.6221479452253396,3.3723007943164873,-0.4697661763938017
5.483333333333333,-0.6537901264578038,-4.574854667995121,-0.5944893523108385,3.2424672005825257,-0.4697810778114829
5.491666666666666,-0.6905246643753384,-4.231558196447615,-0.5684454058527926,2.9910488178607175,-0.4697935748549841
5.5,-0.7241825093276897,-3.840107474052361,-0.5448657563964845,2.657713343715366,-0.46980339314749636
5.508333333333333,-0.7544493886773114,-3.4207307016918533,-0.5242743355768408,2.2793524095137445,-0.4698106622953323
5.516666666666667,-0.7811597767836108,-2.9885947509504964,-0.5069237828595521,1.8836387785075603,-0.46981575267062486
5.525,-0.8042509654285471,-2.5533084261239023,-0.49287909408259856,1.4881036027475003,-0.46981911996372483
5.533333333333333,-0.8237207430745385,-2.120019250945767,-0.4820951967445639,1.102049361215931,-0.46982120631095203
5.541666666666667,-0.8395961833381403,-1.6908320817307292,-0.4744749818352533,0.7290613116063049,-0.4698223944097703
5.55,-0.8519134085873453,-1.2659775263380662,-0.46990778564186575,0.36910378746766054,-0.4698229944985252
5.558333333333334,-0.8607055617380837,-0.8446160139514032,-0.46829302078856416,0.019991021806051522,-0.46982324683270765
5.566666666666666,-0.8659961727443739,-0.4253459754627052,-0.46955380937141483,-0.3216540095967697,-0.46982333032186147
5.575,-0.8677959054221055,-0.006522739834301461,-0.4736441033273573,-0.6597688846782968,-0.4698233844722757
5.583333333333333,-0.8661014568711629,0.4135290038807028,-0.480551457325301,-0.9984140901785844,-0.4698235329597119
5.591666666666667,-0.8608961226781382,0.836315281097778,-0.4902963517211577,-1.341358872102273,-0.46982391795413947
5.6,-0.8521521699236736,1.2629274547024303,-0.5029277970451211,-1.6915834381389472,-0.4698247354603075
5.608333333333333,-0.8398357635355035,1.6936584569361859,-0.5185139123259235,-2.050542868423729,-0.4698262445692188
5.616666666666666,-0.8239159778257316,2.1273917099110284,-0.5371248355801651,-2.4170375489591693,-0.46982877115070304
5.625,-0.804380125438429,2.5606873813961983,-0.5588040980913227,-2.7855592893358887,-0.46983270140883543
5.633333333333333,-0.7812579552375115,2.9865877512344854,-0.5835240513510185,-3.144153486394521,-0.4698384523976853
5.641666666666667,-0.7546560525970358,3.393453358452658,-0.6111230830231739,-3.472344014811274,-0.46984640221609736
5.65,-0.7247990804030574,3.7646789170040567,-0.6412305762587267,-3.7406057070643897,-0.4698567687774095
5.658333333333333,-0.6920651313053248,4.080617233103822,-0.6732019566290203,-3.9137105612531067,-0.4698694580007657
5.666666666666667,-0.6569925505798414,4.323486208958334,-0.7061035968353788,-3.959325615963982,-0.4698839597118265
5.675,-0.6202378703552125,4.483672576594498,-0.738783681577918,-3.8591426989487863,-0.46989939865666175
5.683333333333334,-0.5824890597699985,4.563436084895025,-0.7700226679338483,-3.615603105355824,-0.4699147689148637
5.691666666666666,-0.5443698989592496,4.57520475232284,-0.7987018465138099,-3.249273398948271,-0.46992922897935396
5.7,-0.5063770702389803,4.536021612815329,-0.8239176937664023,-2.7894736376822973,-0.4699422846942909
5.708333333333333,-0.4688656736351322,4.462093087477427,-0.8450138482382986,-2.264944528991702,-0.46995379725951403
5.716666666666667,-0.4320705017025949,4.365819256049669,-0.8615515251173389,-1.6986910437325482,-0.46996387840563925
5.725,-0.39614152281020365,4.255198355532719,-0.873254878334826,-1.1068661759264207,-0.4699727619613616
5.733333333333333,-0.3611783141412075,4.134483660879411,-0.8799573345610117,-0.49979573009543743,-0.4699807020091362
5.741666666666666,-0.32725716460893983,4.00517466235779,-0.8815596488521193,0.11642382828854944,-0.46998790793383893
5.75,-0.2944501759776674,3.8669087247509886,-0.8780008369233859,0.7384960828579368,-0.46999452568131794
5.758333333333333,-0.26283782657298704,3.7181273960508032,-0.8692394822933962,1.364889317516001,-0.4700007344054575
5.766666666666667,-0.2325169885400063,3.5565141847944584,-0.8552418012982395,1.995225160605886,-0.4700068194569932
5.775,-0.20360592694921675,3.3792911371742016,-0.8359736812112046,2.6299186980830114,-0.4700131805624118
5.783333333333333,-0.17624727077937313,3.183415474476912,-0.8113948888604121,3.270007398369289,-0.47002034022697925
5.791666666666667,-0.15060962281831466,2.9657158328555377,-0.7814541509342187,3.9171020814105737,-0.4700289568939888
5.8,-0.1268881620931851,2.723003685024059,-0.7460843528575407,4.573397085626389,-0.4700398440407567
5.808333333333334,-0.10530428822632013,2.4521995570646955,-0.7051976407136831,5.241669967814504,-0.4700539966942242
5.816666666666666,-0.08610395421872469,2.1505347482270154,-0.6586809099037461,5.925166670106922,-0.47007262658728266
5.825,-0.06955364499816177,1.8159395620704286,-0.6063933323113893,6.6271852843813495,-0.47009720517552966
5.833333333333333,-0.05593165968881625,1.447829427830826,-0.5481697561444663,7.350003254054348,-0.4701295072260878
5.841666666666667,-0.04550992261578086,1.0486750370818783,-0.48383792079546645,8.092492313022644,-0.470171630516392
5.85,-0.03851737837311445,0.6269708010258399,-0.4132645878948341,8.845353945018255,-0.47022592760144977
5.858333333333333,-0.035070480185077954,0.20223187517740016,-0.3364555671705697,9.582807302474386,-0.4702947099105752
5.866666666666666,-0.03505459952453154,-0.18855810160963274,-0.25373888488124124,10.25145358483589,-0.4703794927559755
5.875,-0.037960451402771336,-0.4880023335528555,-0.16602895225213174,10.764267050693162,-0.470479620275053
5.883333333333333,-0.04274909363778814,-0.6302519825924568,-0.07505562513232826,11.01866833751066,-0.4705907215301782
5.891666666666667,-0.04790658141598176,-0.5735620183185655,0.01670607455910913,10.948785060335783,-0.4707045867815626
5.9,-0.051783228712187955,-0.32940231729610336,0.10656682739558437,10.572811689202373,-0.4708118551901339
5.908333333333333,-0.053030959343292876,0.046158303427042933,0.1923133316260877,9.978877764917147,-0.470905741226578
5.916666666666667,-0.0508318840159245,0.48787926388956626,0.2725582843455841,9.267534133069587,-0.4709835602421398
5.925,-0.04485483120799974,0.9464417293083598,0.34665269980570707,8.512005601589667,-0.4710457765652464
5.933333333333334,-0.035093091626986025,1.3928123820337335,0.414416307310928,7.752568936767189,-0.4710944009853869
5.941666666666666,-0.021715338931563945,1.8128071795141207,0.4759003237551236,7.0064606327357986,-0.47113186206749086
5.95,-0.004968489780533845,2.2009614038137184,0.53124109693861,6.278332804498337,-0.47116047062161653
5.958333333333333,0.014876291523028266,2.556406339428356,0.5805861938305038,5.567057688650848,-0.47118224128680763
5.966666666666667,0.037551285676169735,2.880567332584366,0.6240631839817757,4.86937871115468,-0.4711988724035868
5.975,0.06280585592991113,3.1759840784630278,0.6617701232880003,4.1816559932479835,-0.4712117798021512
5.983333333333333,0.09041301033061667,3.445724307705549,0.6937759506079614,3.5006154237338754,-0.47122214041417426
5.991666666666666,0.12017241302353722,3.6930803408359796,0.7201249001605211,2.823626592559737,-0.47123093029256924
6.0,0.15191142413053876,3.9213788481084904,0.7408423143592255,2.148795778276501,-0.47123895329842347
6.008333333333333,0.18548467507035699,4.133806888464646,0.7559410599427961,1.4750397747044572,-0.47124686075177014
6.016666666666667,0.22077202312642083,4.333186413998141,0.765428897106069,0.8022592752333991,-0.4712551632638292
6.025,0.2576741880802766,4.521631764608819,0.7693181034554573,0.13172714749245362,-0.47126423576491716
6.033333333333333,0.29610477625881354,4.700009032483797,0.7676397028265008,-0.5331658748127774,-0.47127432079274134
6.041666666666667,0.3359766002800077,4.867093530343243,0.7604660702532331,-1.1856240497390227,-0.4712856101270204
6.05,0.3771796308923626,5.018408877304706,0.7479465403270682,-1.8136270079899346,-0.4712983516708473
6.058333333333334,0.419548153331185,5.144833379670607,0.7303600682832874,-2.397715087314044,-0.4713127954002654
6.066666666666666,0.46281700650757446,5.231527127827191,0.7081851142067218,-2.9093386440005564,-0.47132906201472224
6.075,0.506574551571833,5.258504654165946,0.6821734415647749,-3.3120573172075414,-0.4713469656323327
6.083333333333333,0.5502334710445299,5.204592356475634,0.6533914710338309,-3.5685495129873885,-0.4713658614938342
6.091666666666667,0.5930506085802638,5.054994533168634,0.6231759164948479,-3.6537331989241806,-0.47138465571119414
6.1,0.6342133830659561,4.808741088642473,0.5929748231861904,-3.5674727566648277,-0.47140207132741185
6.108333333333333,0.6729665756882321,4.480103165758799,0.5641211240003122,-3.3366501585984842,-0.4714170601603914
6.116666666666666,0.7087178985045713,4.092472926067014,0.5376464994671568,-3.004117721843366,-0.47142909161434815
6.125,0.7410774708170321,3.669737494990128,0.5142132143840439,-2.613382428689473,-0.4714381662837794
6.133333333333333,0.769835382899348,3.2306426001714006,0.4941557446530909,-2.1986096590308666,-0.4714446385813391
6.141666666666667,0.7949103905048825,2.787356979755215,0.47757377092093006,-1.782037850788255,-0.47144901231108394
6.15,0.8162984884739766,2.346521753682666,0.4644257818704654,-1.3757912704972342,-0.47145179980979934
6.158333333333333,0.8340339598989461,1.9109650258665047,0.45460086462212373,-0.9848977368130566,-0.4714534528175227
6.166666666666667,0.8481640478953657,1.48117709634276,0.44796638502977,-0.6099158059797469,-0.4714543406163715
6.175,0.8587340250213872,1.0563279377846089,0.44439701746110444,-0.24877710096341524,-0.47145475130483405
6.183333333333334,0.865779029004272,0.6348939987130661,0.44379138368034715,0.10204769057817967,-0.4714549012036795
6.191666666666666,0.8693199514296276,0.21502632799556626,0.44608100676582174,0.446831525058713,-0.471454949059584
6.2,0.8693617166926125,-0.20523015346980394,0.45123446867308137,0.7901352744807311,-0.4714550240393327
6.208333333333333,0.8658930602887399,-0.6277794764705603,0.4592583798459371,1.1364683415941943,-0.47145525325498067
6.216666666666667,0.8588876431940303,-1.0543031572672228,0.47019546758921554,1.4899210102942035,-0.47145580604026177
6.225,0.8483068775438308,-1.486004188072177,0.48411909497945704,1.853648043662223,-0.4714569149135501
6.233333333333333,0.8341055889036736,-1.9231662209198541,0.5011222667792482,2.2290336565244098,-0.47145888442311173
6.241666666666666,0.8162424822653909,-2.3644225922300666,0.5212977157628993,2.6143530466857468,-0.4714620959144453
6.25,0.7946982643563275,-2.8056392926007385,0.5447041230970766,3.0027651785464315,-0.47146699855729957
6.258333333333333,0.7695046446027419,-3.2384505984685297,0.5713129029233013,3.3797073707245064,-0.47147406927456237
6.266666666666667,0.7407856657127082,-3.648891844655596,0.6009330972442126,3.7204700636118635,-0.47148371880390527
6.275,0.7088062021325157,-4.017312388387016,0.6331234859701385,3.9900183933346507,-0.4714961323580639
6.283333333333333,0.674009769943649,-4.321302754674019,0.667123204455095,4.148094832699762,-0.47151108278059944
6.291666666666667,0.637016203541408,-4.542269767620848,0.7018525413451631,4.160742089222444,-0.47152783292020845
6.3,0.5985578052993399,-4.67282641562396,0.7360219561248168,4.013365503793697,-0.47154526048957
6.308333333333334,0.5593692888664762,-4.719666364791227,0.7683237649526272,3.716069411233865,-0.47156219489471696
6.316666666666666,0.5200826791266261,-4.699642195445545,0.7976182632256514,3.2972109961152514,-0.47157776292811693
6.325,0.4811724215103565,-4.632530359699225,0.8230353167975099,2.7910923166221595,-0.4715915424383977
6.333333333333333,0.44295684032026383,-4.535360178327222,0.8439795399200754,2.228200488998397,-0.47160350620999664
6.341666666666667,0.4056328419435927,-4.420110260339739,0.8600778671679663,1.6311597590054516,-0.4716138681491404
6.35,0.3693185897304347,-4.293842101398571,0.8711125542868674,1.0148471535207555,-0.47162293455157733
6.358333333333333,0.3340901375467963,-4.15980861669468,0.8769635978487155,0.38818220691677635,-0.47163100102234723
6.366666666666666,0.3000081159900586,-4.018638923208678,0.8775673017580545,-0.243949317261843,-0.47163829382550365
6.375,0.2671354785360123,-3.869279286405082,0.872889290158343,-0.8791851752193017,-0.4716449739618275
6.383333333333333,0.23554862960387252,-3.709638545576546,0.8629079771487952,-1.516698737274013,-0.47165125762624993
6.391666666666667,0.2053442583961912,-3.536993916446317,0.8476042656307237,-2.156651031356525,-0.4716574723149258
6.4,0.17664341847557224,-3.348255368613365,0.8269547034614715,-2.7998945143956355,-0.4716640629422154
6.408333333333333,0.14959383659398306,-3.140133663588931,0.800926292656657,-3.4478602392303728,-0.4716716011210046
6.416666666666667,0.12437107640093702,-2.9092532791547767,0.7694717270559955,-4.102556967610724,-0.471680799839726
6.425,0.10117886852577941,-2.652245440042081,0.7325243890152737,-4.766619392053834,-0.47169253496770563
6.433333333333334,0.08024861150900753,-2.3658623118400333,0.6899929810289374,-5.4433332789888365,-0.4717078754337621
6.441666666666666,0.06183761557132473,-2.0471793834608323,0.6417564151153009,-6.1365234612222155,-0.47172812365885175
6.45,0.04622488062549669,-1.6940139961144114,0.5876608961130797,-6.850090716613615,-0.4717548654858227
6.458333333333333,0.03370167827508186,-1.305810305178247,0.527523677327323,-7.586778724531697,-0.47179002101659306
6.466666666666667,0.02455129663102045,-0.885456001196144,0.46115286821664353,-8.345382467343239,-0.47183586663841637
6.475,0.019007260105033084,-0.44277472238149934,0.38840132877122374,-9.115106129785222,-0.47189494905670093
6.483333333333333,0.01717272500744215,-0.0004169604066387375,0.30928447710742435,-9.865721612785734,-0.4719697174554256
6.491666666666666,0.018882801839970157,0.39881981825745894,0.22419520554616848,-10.534855777424587,-0.472061595147495
6.5,0.023520370722595524,0.6900111825360526,0.13420383949633483,-11.02335250374767,-0.47216934732177585
6.508333333333333,0.02988587369857389,0.8034322005490271,0.0412828213475409,-11.222036979035254,-0.47228741364662685
6.516666666666667,0.0363127132806957,0.7037745795370645,-0.05185983132914376,-11.075033322612757,-0.4724062833288768
6.5249999999999995,0.04109068806560165,0.41666828804099226,-0.14244747239722033,-10.623025311697349,-0.4725160780545732
6.533333333333333,0.04292260115679395,0.00902857458425809,-0.22835552612580068,-9.971090854747242,-0.4726104868189833
6.541666666666667,0.04109656781423993,-0.45145854471008556,-0.3083690685303491,-9.22305690537162,-0.47268767847563864
6.55,0.035383237439111995,-0.9180956134118691,-0.3819997742732425,-8.447438133552327,-0.47274880054987867
6.558333333333334,0.025849938247150192,-1.365407042480712,-0.4491804886016458,-7.67859833016331,-0.47279625330799735
6.566666666666666,0.012712517932769707,-1.781982821782124,-0.5100318158662629,-6.929358986934849,-0.4728326395525876
6.575,-0.003753890836064002,-2.1641625159969387,-0.564729981193154,-6.201642075931121,-0.47286032562641034
6.583333333333333,-0.02326178220877733,-2.5121730447017225,-0.6134449836873549,-5.492772199315074,-0.4728813255874438
6.591666666666667,-0.045534233407680966,-2.828095349460745,-0.6563171383222675,-4.7986488633243045,-0.47289731374659616
6.6,-0.07031570514098304,-3.114869857776913,-0.6934519787530566,-4.115170433485252,-0.4729096738086531
6.608333333333333,-0.09737699572075234,-3.375824488299346,-0.7249229561229048,-3.4387880632912595,-0.47291954927992064
6.616666666666666,-0.12651739787803934,-3.6144420017629235,-0.7507768770287131,-2.7666648492374817,-0.4729278844201498
6.625,-0.15756537060047215,-3.834218708507252,-0.7710399336497354,-2.096688426303872,-0.4729354542802682
6.633333333333333,-0.19037811758447615,-4.038532764531968,-0.785723733683495,-1.4274767161994741,-0.47294288519376493
6.641666666666667,-0.22483990925763303,-4.230465545968092,-0.7948316988481514,-0.7584762460031285,-0.4729506674442077
6.6499999999999995,-0.26085852963823775,-4.41251994432838,-0.7983670074662726,-0.09025253177240328,-0.4729591613623541
6.658333333333333,-0.2983586984399883,-4.586160401364872,-0.7963441934767868,0.5748943428411113,-0.4729686035347701
6.666666666666667,-0.33727054174482113,-4.7510692780449215,-0.7888079084536327,1.2318023599728622,-0.472979199428459
6.675,-0.37751050251224644,-4.904069420030353,-0.775863386848193,1.8707591022870607,-0.4729912315348237
6.683333333333334,-0.41895175329662965,-5.037694951158962,-0.757723585039296,2.4752069026128924,-0.47300501474216783
6.691666666666666,-0.4613822430247363,-5.138763889888476,-0.7347762099135235,3.019459578854777,-0.4730207787307311
6.7,-0.5044543377112481,-5.188047273909405,-0.707663693897378,3.468323858959993,-0.4730384895569697
6.708333333333333,-0.547642696601006,-5.162915774304542,-0.6773473932147426,3.7818413408150056,-0.4730576576786272
6.716666666666667,-0.5902418897140213,-5.044237740275794,-0.6451020618524341,3.9272764946416836,-0.473077263940509
6.725,-0.6314328814743433,-4.825196741069107,-0.6123914950220191,3.8942320877396863,-0.4730959508030623
6.733333333333333,-0.6704092752461214,-4.5156729101803865,-0.5806428343741962,3.701883938471198,-0.47311245063646096
6.741666666666666,-0.7065046460128657,-4.138045708003123,-0.5510224021567723,3.3912705494367716,-0.4731259824225789
6.75,-0.7392592546498534,-3.7179766430929675,-0.5243200474487433,3.0089452856129255,-0.4731363681119064
6.758333333333333,-0.768413432451984,-3.27696656418968,-0.5009631445736599,2.593840133969818,-0.47314388496935683
6.766666666666667,-0.7938582926834017,-2.8295967204635213,-0.48110595363624686,2.1723791648716233,-0.4731490350899604
6.7749999999999995,-0.8155791177830394,-2.3841439533291635,-0.464732130906262,1.7595330746947866,-0.47315236672089106
6.783333333333333,-0.8336100729412323,-1.9443768254479676,-0.451737458748597,1.3619741115430695,-0.4731543784883458
6.791666666666667,-0.8480039952722287,-1.5112531707443404,-0.4419859757404857,0.9810857848280119,-0.47315548433614557
6.8,-0.8588143710887641,-1.0841308428368759,-0.43534437274446314,0.6151382180795936,-0.4731560103067169
6.808333333333334,-0.8660854124174252,-0.6615205514907766,-0.43170170163707766,0.26067117076164176,-0.47315620372555917
6.816666666666666,-0.8698469739456893,-0.24151860218093693,-0.43098004957129055,-0.08667959127685401,-0.47315624474469736
6.825,-0.8701122098553046,0.1779482334652145,-0.4331398343479451,-0.4316823955609319,-0.4731562595923463
6.833333333333333,-0.8668768503722215,0.5989665286812068,-0.43818167156796545,-0.7791675279254046,-0.4731563574379918
6.841666666666667,-0.8601196232432164,1.0235075073049225,-0.4461456924766961,-1.1337368774677965,-0.4731566852701896
6.85,-0.8498038979692,1.4532466838176974,-0.4571081528730074,-1.4993784460767208,-0.4731574509218248
6.858333333333333,-0.835881360613985,1.8892423615398024,-0.4711739194371881,-1.8788370632454767,-0.4731589334998794
6.866666666666666,-0.8182993017150384,2.3313697075682223,-0.4884620887828492,-2.2725602690405844,-0.47316149333577867
6.875,-0.7970140891416075,2.777380560180995,-0.5090802727571381,-2.6769949489871783,-0.47316557493921935
6.883333333333333,-0.7720143950486763,3.221498206777393,-0.5330813701361399,-3.082080566263074,-0.4731716889504263
6.891666666666667,-0.7433577255180668,3.6526915672049536,-0.5603967231645887,-3.468196816855747,-0.47318034963970057
6.8999999999999995,-0.7112203208547816,4.0533962231204805,-0.590745680298572,-3.803910581333528,-0.4731919415401473
6.908333333333333,-0.6759501865091082,4.400397297100509,-0.6235396178996507,-4.047520178576101,-0.4732065153590465
6.916666666666667,-0.6380966560329989,4.669799969809304,-0.6578270909441968,-4.1557722331970135,-0.4732235918069422
6.925,-0.5983818254410684,4.845540554501476,-0.6923410850225581,-4.098840381046343,-0.4732421382436185
6.933333333333334,-0.5576026958960201,4.926381590241719,-0.725668802099507,-3.8728006875860452,-0.473260831893079
6.941666666666666,-0.5165026344734939,4.925698259286166,-0.7564778185668781,-3.499656339006039,-0.47327848849294213
6.95,-0.4756757629583179,4.864493911041021,-0.7836881777141633,-3.0155369316628162,-0.4732943756155244
6.958333333333333,-0.43553790183424834,4.763452348720479,-0.8065309543601665,-2.4570507339064016,-0.47330826080468485
6.966666666666667,-0.3963510486103666,4.638393488425005,-0.8245143724151475,-1.8533719598700287,-0.4733202704139153
6.975,-0.3582697680669578,4.499339201871854,-0.8373512054447368,-1.224493626646632,-0.4733307049837814
6.983333333333333,-0.32138623521640214,4.351469106491568,-0.8448872972174069,-0.5827284968098019,-0.47333989581286007
6.991666666666666,-0.28576472372656164,4.196527537155205,-0.847047079677039,0.06500527341131764,-0.4733481186121541
7.0,-0.2514649611326732,4.034035911047728,-0.843797155309959,0.7152241113302079,-0.4733555646617972
7.008333333333333,-0.21855678327544636,3.862161128860881,-0.8351238277381614,1.3665106256805333,-0.4733624440171268
7.016666666666667,-0.18712897099468018,3.6782612083579043,-0.8210194548948219,2.018732937394902,-0.4733690786333663
7.0249999999999995,-0.15729442810789912,3.4792341273821528,-0.801473740922719,2.6726101871901,-0.4733759110867858
7.033333333333333,-0.1291930358907213,3.261735623306252,-0.7764675884042227,3.329518434261982,-0.47338351166783155
7.041666666666667,-0.1029930533231894,3.022318286589736,-0.7459678782677179,3.9914481961452437,-0.47339259108439175
7.05,-0.07889153546969692,2.7575348309990657,-0.7099222399233365,4.661037232765895,-0.473404020053272
7.058333333333334,-0.05711389328802379,2.4640491205067523,-0.6682534964070433,5.341601351740611,-0.4734188575622675
7.066666666666666,-0.037912285618210625,2.1388193599314698,-0.6208542230815012,6.037052764495386,-0.4734383895224965
7.075,-0.021561801297625704,1.779472172403407,-0.567583097390251,6.751506984693178,-0.47346417765593884
7.083333333333333,-0.008351982081509718,1.3850991020272045,-0.5082670691172524,7.488191220097456,-0.4734981117158217
7.091666666666667,0.0014314717435043992,0.9579116067652618,-0.44271793223722417,8.24691727333224,-0.4735424394140819
7.1,0.007544776750646397,0.5064764238462702,-0.37078008992161576,9.018871654148187,-0.4735997034859341
7.108333333333333,0.009860615237356263,0.051330861361786884,-0.2924381949103596,9.777261639596645,-0.473672425653034
7.116666666666666,0.008498672100022161,-0.36756236291778777,-0.2080196892295932,10.464447695526557,-0.47376226357276174
7.125,0.004008825386415362,-0.6873092442865186,-0.11849189738135749,10.984861906017365,-0.4738684459315402
7.133333333333333,-0.002479291875835689,-0.8362543291605327,-0.025717059155839706,11.226561641207724,-0.47398599281638887
7.141666666666667,-0.009330321316698422,-0.7720237180160995,0.06764709215061043,11.122517784881266,-0.47410568620624616
7.1499999999999995,-0.014800323578396219,-0.5128954620632149,0.15877129266169626,10.701804770743719,-0.4742173588977907
7.158333333333333,-0.01751682026644164,-0.12361028447880032,0.24541398503179898,10.066376841855197,-0.474314086367242
7.166666666666667,-0.016695508613525437,0.32584150826331754,0.3262512015495919,9.32415369510424,-0.47439354176741133
7.175,-0.012059892465383672,0.7855053358799694,0.40072881493955753,8.549109171669802,-0.47445663050719994
7.183333333333334,-0.0036541008191526346,1.2275415096157336,0.46875345390801876,7.779455520722341,-0.474505689621406
7.191666666666666,0.008314048789557766,1.6392171722183766,0.530443807226676,7.030084368262105,-0.47454333976907126
7.2,0.023569515190134067,2.0162251062702197,0.5859862430492649,6.303851398420266,-0.47457198634367614
7.208333333333333,0.041821138650204065,2.358497580809115,0.6355659272667729,5.598423797076004,-0.47459367900968574
7.216666666666667,0.06278664667893169,2.6679804939521494,0.6793398992343614,4.9097692533223745,-0.47461011733903563
7.225,0.08620432868989504,2.947541430764348,0.7174304275286033,4.233737763610221,-0.47462270006810126
7.233333333333333,0.1118383019986426,3.200454677370499,0.7499270718606756,3.5666853873504483,-0.4746325778445268
7.241666666666666,0.1394807596948422,3.430155823172544,0.7768918492264809,2.9056556713212687,-0.4746406969419731
7.25,0.16895271249051627,3.6401072238606194,0.7983650447677118,2.24838397202493,-0.47464783195573057
7.258333333333333,0.20010376601955432,3.833690762320115,0.8143708367206531,1.5932662050445452,-0.47465460881922644
7.266666666666667,0.232810934684044,4.014076461513439,0.8249228323318679,0.9393818410386432,-0.4746615200381042
7.2749999999999995,0.2669761072886213,4.184022550315551,0.8300302929341222,0.28665005048893427,-0.47466893365319335
7.283333333333333,0.30252138038374954,4.345552785847362,0.8297065330603762,-0.3637854028925458,-0.47467709785704154
7.291666666666667,0.3393809042213107,4.499425934739255,0.8239820040585475,-1.0087877416037776,-0.4746861934620873
7.3,0.3774872084700548,4.644336387264855,0.8129257070474526,-1.6419957886993835,-0.47469646367561935
7.308333333333334,0.41674954540516895,4.775786396011874,0.7966791049110488,-2.2520301208892373,-0.47470821773029503
7.316666666666666,0.45702161558061666,4.884710707997497,0.7755071162283397,-2.820268380394661,-0.4747217543332872
7.325,0.49805847979036466,4.95640225330583,0.7498664960839739,-3.3191482238937606,-0.4747372302395209
7.333333333333333,0.5394699561227448,4.971022072230347,0.7204789783161556,-3.713198920936881,-0.4747544828517278
7.341666666666667,0.580691009350415,4.9074218470023325,0.6883739952831257,-3.9657395633311063,-0.4747728767366798
7.35,0.6209999753757982,4.75057644720446,0.6548484627233269,-4.05168303096112,-0.47479131101422895
7.358333333333333,0.6596027451770966,4.499038083105928,0.6213136770514003,-3.9701911429804517,-0.47480848506202417
7.366666666666666,0.6957581372557878,4.166527852751277,0.5890736192434954,-3.7470456628121958,-0.47482331629124114
7.375,0.7288837012798016,3.776001955354669,0.5591404629650113,-3.423984644854736,-0.47483523975529246
7.383333333333333,0.7585964813299642,3.35108250930577,0.5321655565769313,-3.0435808316477484,-0.47484423042067037
7.391666666666667,0.784691852870619,2.910375746135297,0.5084794252250934,-2.639255736174281,-0.4748506281232522
7.3999999999999995,0.8070929996792986,2.4659757384956587,0.4881833619575327,-2.2326492029326457,-0.47485493080099056
7.408333333333333,0.8257998548131972,2.0244765992314524,0.4712419751841548,-1.83539827738014,-0.4748576500440799
7.416666666666667,0.8408503008908823,1.5886704606571531,0.45755413491942737,-1.4521364995035695,-0.4748592390815103
7.425,0.8522949005105814,1.1590155582374033,0.44699993279301303,-1.0831084197047847,-0.47486006916986534
7.433333333333334,0.8601819796041029,0.7346493966711606,0.43946909328744765,-0.7259997293626004,-0.4748604300299939
7.441666666666666,0.864549442410402,0.3140112220033584,0.4348770993393314,-0.3770900187313043,-0.4748605389958254
7.45,0.8654205900341658,-0.10479860042043662,0.4331737694628232,-0.031947953891608566,-0.4748605511706705
7.458333333333333,0.8628022489543603,-0.523805294331693,0.43434723765961886,0.3141289364043214,-0.4748605747395323
7.466666666666667,0.856684392281647,-0.9450060446753819,0.4384247586132208,0.6657760525993219,-0.4748607266162565
7.475,0.8470409512404175,-1.370224759432515,0.4454708488051884,1.0272390810434135,-0.4748611766958152
7.483333333333333,0.833832147680005,-1.8008767410809712,0.45558220435407426,1.4018948038164636,-0.4748621592878342
7.491666666666666,0.8170094605741465,-2.237555673345238,0.46887744657061503,1.7914612103110739,-0.47486398339674346
7.5,0.7965251674212186,-2.679327007068721,0.4854783146881539,2.1946974021943224,-0.47486704073214187
7.508333333333333,0.7723494396265653,-3.122604161910034,0.5054771403609674,2.6053817709095433,-0.4748718022592447
7.516666666666667,0.7444987028784885,-3.5595843779893492,0.5288842076628382,3.009535078786045,-0.4748787857938445
7.5249999999999995,0.7130778763838085,-3.976592907265893,0.5555505871290947,3.382506519043921,-0.47488846887553154
7.533333333333333,0.6783331931576667,-4.353471753265784,0.5850724327518284,3.687915764800772,-0.47490112681310215
7.541666666666667,0.640699046212444,-4.665974212070287,0.616705952200981,3.8818846462361165,-0.4749166216539573
7.55,0.600807042343074,-4.892435696210785,0.6493490216508435,3.9247970154488394,-0.47493425867303246
7.558333333333334,0.5594281774037481,-5.022352419104775,0.6816409074796526,3.7964932637080593,-0.47495287434997807
7.566666666666666,0.5173563850059817,-5.060817989232479,0.7121666920790878,3.5043605182303654,-0.47497118593236054
7.575,0.4752875721437607,-5.0251248307704195,0.7396727646339183,3.0777970463762827,-0.47498819368727285
7.583333333333333,0.43375037780978476,-4.93674096057707,0.7631950089351892,2.5545007598926768,-0.47500338392272384
7.591666666666667,0.39310196207609044,-4.814534709250358,0.7820751055176446,1.9687343918847957,-0.4750166835610644
7.6,0.35356450381353643,-4.6718471805108015,0.795905757926962,1.3461320668203305,-0.4750282896610206
7.608333333333333,0.3152725631404335,-4.51651825420988,0.8044558336977248,0.7035736147097983,-0.4750384995313339
7.616666666666666,0.2783140994344393,-4.35213009002039,0.8076050401983209,0.051164560460714006,-0.47504759345506314
7.625,0.2427601570047811,-4.179368976473115,0.8052968246767362,-0.6055665402201709,-0.47505577688491196
7.633333333333333,0.20868424580395306,-3.99710556115914,0.7975078495250971,-1.263945121791068,-0.47506325378099434
7.641666666666667,0.17617425528700734,-3.8031130626040737,0.7842290772708631,-1.923079196404893,-0.4750703395439479
7.6499999999999995,0.145339516270364,-3.594534128266865,0.7654537829985079,-2.5832287398797775,-0.4750774743486815
7.658333333333333,0.11631472082696759,-3.3681783079996634,0.7411694963867799,-3.2454776766440627,-0.47508522793519353
7.666666666666667,0.0892618473317855,-3.120713393726256,0.7113517810924007,-3.911603329521247,-0.4750943101601346
7.675,0.06437074154383235,-2.8488049972953915,0.6759586174322434,-4.584047313699408,-0.47510558830543725
7.683333333333334,0.04185857260479149,-2.5492564251660648,0.6349249194043816,-5.2658958843285655,-0.47512011253216085
7.691666666666666,0.021967890222191214,-2.219219272964534,0.5881575771361809,-5.96074837483793,-0.4751391506398896
7.7,0.004962236758378791,-1.8565967855861178,0.535532729860805,-6.672267881499405,-0.47516423115612916
7.708333333333333,-0.008883146247301165,-1.4608688603251614,0.47689935172827125,-7.403029532293535,-0.47519718673482636
7.716666666666667,-0.019300604538245333,-1.0347547747735777,0.41209766909367673,-8.151959642799204,-0.4752401711927913
7.725,-0.026068913153216463,-0.587369387181507,0.34100861479105193,-8.909225536335242,-0.4752955806059257
7.733333333333333,-0.029087054119816977,-0.1395118120033232,0.2636609096869788,-9.64738376115298,-0.47536572775712627
7.741666666666666,-0.028499382386897483,0.2696917558574126,0.18042571679055577,-10.309831876565056,-0.47545202675068643
7.75,-0.024864742144876762,0.5804521926864373,0.09229143489364124,-10.805699414752086,-0.47555354813098694
7.758333333333333,-0.01928545064759073,0.726474401116277,0.0010849851194635646,-11.031505298424294,-0.47566548420324006
7.766666666666667,-0.013325846931679229,0.6697150230183868,-0.09064078023835609,-10.92715303728998,-0.47577925079028077
7.7749999999999995,-0.008642184153165072,0.42776637925116706,-0.18018815003982866,-10.520606494241873,-0.4758854815531129
7.783333333333333,-0.006544243879193126,0.06069492787626554,-0.2654071518709769,-9.906391198141485,-0.4759777470574902
7.791666666666667,-0.007794179876201995,-0.36595209630129133,-0.34500183082789304,-9.185593240742602,-0.4760537879819239
7.8,-0.012674436825202565,-0.8044662609938624,-0.41840426557511295,-8.42905057636413,-0.47611434577970135
7.808333333333334,-0.021157812494182093,-1.2275652509748047,-0.485493785015083,-7.674577380042765,-0.47616154484608963
7.816666666666666,-0.033054404386834546,-1.6223255601578475,-0.5463640997378666,-6.937803779634492,-0.4761978232426204
7.825,-0.0481044392913177,-1.9840527610038043,-0.6011840758125284,-6.222547721344555,-0.4762254486446259
7.833333333333333,-0.06602878732485572,-2.312306396047719,-0.6501290295772035,-5.5273241000445115,-0.4762463696173436
7.841666666666667,-0.08655435939317539,-2.6087233852772695,-0.6933524419910386,-4.84876168022144,-0.47626220985280043
7.85,-0.10942630010315889,-2.8759183888487634,-0.7309778094816566,-4.183204210516084,-0.47627430854031855
7.858333333333333,-0.13441363482506224,-3.1169476747427063,-0.7630994767299728,-3.5273746276245315,-0.47628376727757016
7.866666666666666,-0.16131172292107196,-3.3350439291560003,-0.7897869111996262,-2.87859520088216,-0.4762914903016215
7.875,-0.18994306162352215,-3.5334674138060755,-0.8110899144267212,-2.234822785032005,-0.47629821530309063
7.883333333333333,-0.22015703321811161,-3.7153910689536125,-0.8270438658879348,-1.594638769360322,-0.4763045356242838
7.891666666666667,-0.25182865717455954,-3.883769573984916,-0.8376750046397198,-0.9572805603733123,-0.47631091541606313
7.8999999999999995,-0.2848560431367935,-4.041151631824501,-0.843006395690701,-0.3227865395875444,-0.47631769912482325
7.908333333333333,-0.3191558879577991,-4.189389339495307,-0.8430658490871732,0.30766454174590185,-0.47632511678131734
7.916666666666667,-0.354655887538951,-4.329174759517619,-0.837897905537448,0.9310921380711035,-0.4763333261006337
7.925,-0.3912823821955414,-4.459357891623309,-0.82758293820069,1.541672502174148,-0.4763425320738004
7.933333333333334,-0.42894129993676433,-4.576011511948539,-0.8122666506776771,2.1292643868643895,-0.47635299867267966
7.941666666666666,-0.46749036817418144,-4.671306983737565,-0.7922035245380316,2.67760048389102,-0.4763649854514718
7.95,-0.5067024853010528,-4.732627886757501,-0.7678144192398215,3.1628908313396127,-0.47637864128787594
7.958333333333333,-0.5462258596630021,-4.7428913458689435,-0.7397486696795851,3.5544999027367057,-0.476393861680034
7.966666666666667,-0.5855565745897036,-4.6834160293067475,-0.7089238786479556,3.81997182498292,-0.47641015918066343
7.975,-0.6240479421525343,-4.539768548640202,-0.6765019828170752,3.935090901625364,-0.4764266479850839
7.983333333333333,-0.6609739250370577,-4.308224826606738,-0.6437728706883982,3.894850329398873,-0.4764422276913321
7.991666666666666,-0.6956329359036754,-3.9982590136047587,-0.611970458980184,3.7174251839005077,-0.47645591300483825
8.0,-0.727446093717265,-3.628791818278251,-0.5821013041764669,3.437327577354742,-0.4764671124927864
8.008333333333333,-0.7560070799556307,-3.2211422760898856,-0.5548596157801273,3.0929400299632066,-0.47647570043682375
8.016666666666666,-0.7810765049700149,-2.793394701431441,-0.5306400355333108,2.7166200679870482,-0.47648190441536664
8.025,-0.8025433766194074,-2.3581707222931843,-0.5096081176477987,2.330801103920592,-0.4764861335082914
8.033333333333333,-0.820379703189488,-1.9229464235080185,-0.4917827545673987,1.9485631187863952,-0.4764888408164022
8.041666666666666,-0.8346028367780282,-1.4913675168415848,-0.4771048685130682,1.5759638509854825,-0.4764904452878126
8.05,-0.8452492810423584,-1.0645832356353895,-0.46548573600362836,1.2144161877362059,-0.47649129964661585
8.058333333333334,-0.8523583322346489,-0.6422511788438248,-0.45683769957166664,0.8625000050478381,-0.4764916842090507
8.066666666666666,-0.8559626102356668,-0.22319693681295283,-0.4510923479615335,0.517176326089225,-0.47649181180552186
8.075,-0.8560829546780249,0.19418028516077157,-0.44821054273904937,0.174560433490388,-0.47649183565029474
8.083333333333334,-0.8527260116736526,0.6116506919676,-0.4481872069871937,-0.16956522198037963,-0.47649186759091366
8.091666666666667,-0.8458836377300989,1.0309644885831881,-0.45105239338804326,-0.5193509146740335,-0.4764920272079253
8.1,-0.8355338216884737,1.453664480907495,-0.4568691049440319,-0.8784821041453259,-0.47649248112360854
8.108333333333333,-0.8216434509810983,1.8808150265002863,-0.46572733606273664,-1.249640122595378,-0.47649345745995786
8.116666666666667,-0.8041740113660141,2.3125535019482593,-0.4777324316069469,-1.6336513005479283,-0.47649525398779136
8.125,-0.7830921122045023,2.7473627797245945,-0.49298446580610716,-2.028152000216207,-0.47649824261792934
8.133333333333333,-0.7583875671921375,3.180976443876916,-0.5115439194906188,-2.425620548169714,-0.47650286103562794
8.141666666666666,-0.7301020620664305,3.604962812495968,-0.5333784618969374,-2.810864581246775,-0.47650957517660203
8.15,-0.6983696574518865,4.005423854978427,-0.558288836251505,-3.158735940377777,-0.4765187912798965
8.158333333333333,-0.6634639952784773,4.362939852301605,-0.5858230818497876,-3.4340592348066394,-0.4765307067303683
8.166666666666666,-0.6258350336585294,4.655396248202912,-0.6152094531101503,-3.5966440899716345,-0.4765451343698425
8.175,-0.5861072182288415,4.8642922453175155,-0.6453575883884651,-3.6124480024661914,-0.47656140746234654
8.183333333333334,-0.5450184611446501,4.981887827885605,-0.6749646562839546,-3.4663013372626383,-0.4765784891948515
8.191666666666666,-0.5033137847083571,5.014144252832115,-0.7027031280606186,-3.167381379082594,-0.4765952812803106
8.2,-0.46164203443437585,4.977147022744024,-0.7274061479208737,-2.743315951037222,-0.47661094755862
8.208333333333334,-0.42049993384069434,4.890157605308146,-0.7481727397943306,-2.2282824824882113,-0.4766250633859873
8.216666666666667,-0.3802311096301244,4.769983333493645,-0.76437820462486,-1.6532259919970083,-0.4766375675181196
8.225,-0.3410587703447199,4.628562512308556,-0.7756254964666129,-1.0415432403814038,-0.4766486180204734
8.233333333333333,-0.30312738344356227,4.472980997097892,-0.781679707541387,-0.4089400087684884,-0.4766584500590512
8.241666666666667,-0.26653907415915895,4.306517386975018,-0.7824102432768993,0.23493211100180478,-0.476667276447439
8.25,-0.23138036377997126,4.12982159735052,-0.7777483350115649,0.8845933870130129,-0.4766752640523636
8.258333333333333,-0.19773991871770333,3.941858496817745,-0.7676588234346582,1.5372624753073227,-0.47668264778801706
8.266666666666666,-0.16571971999999344,3.7405569368530642,-0.7521218973323406,2.1919122300848053,-0.4766897871417226
8.275,-0.1354417330517585,3.523250807685218,-0.7311211294293797,2.848686435641148,-0.4766971687080944
8.283333333333333,-0.10705157143714486,3.2869700915458795,-0.7046351686037001,3.508587799004629,-0.47670541229390684
8.291666666666666,-0.08072014090142991,3.0286442894454586,-0.672631278682332,4.173329671164747,-0.4767152828340043
8.3,-0.05664375629124542,2.745274993764192,-0.635059777383674,4.845251588768133,-0.47672770897973604
8.308333333333334,-0.03504273372375281,2.434141642938912,-0.5918492894487838,5.527186918863851,-0.4767438091256148
8.316666666666666,-0.016157815566434697,2.0931363185505463,-0.5429038407403954,6.222118705149101,-0.476764924301683
8.325,-0.00024272387526619971,1.7213947183927114,-0.4881046236341188,6.932340772660866,-0.47679265279919497
8.333333333333334,0.012450747151714604,1.3205193050230126,-0.4273224601797308,7.657620576189854,-0.47682886934571217
8.341666666666667,0.02170188859762028,0.8968699221440496,-0.3604524788892433,8.391540438596708,-0.4768756839259821
8.35,0.027375748837182235,0.46547290167648214,-0.2874904302722808,9.115015497456612,-0.47693524116669817
8.358333333333333,0.02951734457145946,0.05544187928686755,-0.20867572097002882,9.78699088973993,-0.47700918649817114
8.366666666666667,0.028488902062888694,-0.28600534679634365,-0.12471053671768698,10.336923831045096,-0.4770976256563692
8.375,0.025107823078624757,-0.4991665960351986,-0.03698991277934388,10.672645027257396,-0.47719776432601446
8.383333333333333,0.020665307506230607,-0.53530711820678,0.05235276327355802,10.7176220080777,-0.4773032638089777
8.391666666666666,0.01670388598977771,-0.38673415532145955,0.14078839939479387,10.45976932728026,-0.4774057446677802
8.4,0.014626551607476808,-0.09240055397665571,0.22600903117088283,9.960603509645901,-0.4774979888805906
8.408333333333333,0.01540166529726721,0.28786694110832584,0.30638865067295595,9.313312458740805,-0.4775761511238711
8.416666666666666,0.019515219832601943,0.7015054178727389,0.3810438862725317,8.597621093307346,-0.4776396355856468
8.425,0.027088625805347002,1.1139534860247913,0.4496336691080449,7.863563063910544,-0.47768978637968407
8.433333333333334,0.038024807654047955,1.5064679095711824,0.5121231000101729,7.136143148816427,-0.47772869185079814
8.441666666666666,0.05211698147771292,1.8705679264686514,0.5686152622813273,6.424988148509755,-0.4777585080595768
8.45,0.06911422001519675,2.2035443989699477,0.619256566798695,5.731846185909853,-0.47778118044105033
8.458333333333334,0.08875698335814565,2.505702769285838,0.6641914748067833,5.055030352860779,-0.47779837075288684
8.466666666666667,0.11079530867352458,2.7788594705275775,0.7035445793733675,4.391717280209315,-0.47781146721618317
8.475,0.1349978005141712,3.0255639313088833,0.7374162239797677,3.739024369038507,-0.47782161952725966
8.483333333333333,0.16115588994594943,3.248697450424046,0.7658841827837614,3.0944612994163747,-0.4778297753764314
8.491666666666667,0.18908559407993705,3.4512504660716106,0.7890077255564633,2.4560912688842125,-0.4778367108984176
8.5,0.21862776441082962,3.6361692600041553,0.8068324908004668,1.8225864525137787,-0.47784305372105945
8.508333333333333,0.2496471168289045,3.806208369019129,0.8193957753349121,1.193287249529628,-0.47784929933359016
8.516666666666666,0.2820298949394177,3.9637431088572965,0.8267326140978795,0.568345082781871,-0.47785582188030584
8.525,0.3156796555784348,4.1104987742398205,0.8288836593170397,-0.050975362672463165,-0.4778628803240639
8.533333333333333,0.3505102693617325,4.247141653495953,0.8259065629485227,-0.6617364121520951,-0.47787063222505455
8.541666666666666,0.3864347215138581,4.372677578145437,0.8178934780678269,-1.2584191018452604,-0.47787922898242774
8.55,0.42334813354368156,4.483666279470785,0.8049974042506023,-1.8317080666949215,-0.4778888738942284
8.558333333333334,0.4611035559346487,4.573297778772678,0.7874698712456315,-2.3670284277216265,-0.4778997745572889
8.566666666666666,0.49948053397109976,4.630669814274616,0.7657100222413488,-2.843426225887396,-0.47791205628363287
8.575,0.5381509420126105,4.641015965467992,0.7403173803963087,-3.2340791166861695,-0.477925647003776
8.583333333333334,0.5766543077032007,4.587919329499581,0.7121273975628354,-3.5101947624445136,-0.4779401696041156
8.591666666666667,0.6144019030090089,4.457945825414128,0.6821970307087004,-3.648998557499729,-0.4779549161154274
8.6,0.6507249270438806,4.24611910461858,0.6517148202227929,-3.6430426370644717,-0.4779689733794794
8.608333333333333,0.684959800843887,3.9587396136682877,0.6218486558016866,-3.5047996964119905,-0.4779814769974369
8.616666666666667,0.716536528114281,3.6112135581148004,0.5935908482862424,-3.2625801073899017,-0.47799185465969185
8.625,0.7450323946411597,3.222470518183976,0.5676657381898667,-2.950597543050389,-0.47799992232027505
8.633333333333333,0.7701781119106809,2.809718362651324,0.5445214677546696,-2.5997217102080534,-0.47800582108899803
8.641666666666666,0.7918304046267328,2.385779797137998,0.5243808063185225,-2.232799971058363,-0.47800988160036284
8.65,0.809933054707734,1.9588164417975182,0.5073122068824869,-1.8641822792566705,-0.47801249998662254
8.658333333333333,0.8244814494036633,1.5332452151750198,0.493294590205735,-1.5013501442479233,-0.4780140589122457
8.666666666666666,0.8354962326764611,1.1108937239677892,0.4822659246947301,-1.146978390976851,-0.47801488993668384
8.675,0.8430059301340285,0.6919622375292147,0.47415572253600036,-0.8006693205463903,-0.4780152618644693
8.683333333333334,0.8470364001022741,0.2757013138193559,0.4689051360648212,-0.4601962106739342,-0.47801538172065355
8.691666666666666,0.847604901149046,-0.13914470632600218,0.4664784769902474,-0.1223409461724434,-0.47801540006101123
8.7,0.8447171825806302,-0.5540399465645209,0.4668689280703605,0.216522875672415,-0.47801542452001666
8.708333333333334,0.8383667415059691,-0.9704251494574305,0.47009993554878093,0.5599578645233365,-0.4780155686313145
8.716666666666667,0.8285359255734585,-1.3894941443632565,0.4762228046116884,0.9110049196163021,-0.47801599280634016
8.725,0.8151991820838466,-1.8118863510080856,0.48531000542442815,1.2715821145883048,-0.47801691503124594
8.733333333333333,0.7983295132610924,-2.2372116970205194,0.49744234104435,1.641590510443586,-0.4780186161517421
8.741666666666667,0.7779098716425873,-2.6633272949947795,0.5126869641035686,2.0175903651509253,-0.47802144016824566
8.75,0.7539517995970445,-3.0853234106261995,0.5310622697112243,2.390978374289543,-0.4780257805710133
8.758333333333333,0.7265234124634136,-3.4943388770775505,0.5524860992171848,2.7458830233816656,-0.47803203856719717
8.766666666666666,0.6957864209250226,-3.8767030709607737,0.5767079570008654,3.0576554737717943,-0.4780405378387575
8.775,0.6620355097511154,-4.214440434530812,0.6032371643088947,3.2937757229327356,-0.4780513947171654
8.783333333333333,0.6257234970349522,-4.4883316291481385,0.6312962482823902,3.4192728289759686,-0.4780643837186346
8.791666666666666,0.5874496257287425,-4.683496465791759,0.6598396101508373,3.406619285819774,-0.47807888867093956
8.8,0.5478990544953704,-4.794885646248124,0.6876589937276689,3.245557383511142,-0.47809402138923945
8.808333333333334,0.5077506315761959,-4.8288744613607495,0.7135466574690522,2.946193998736456,-0.4781088781505928
8.816666666666666,0.46759310166538753,-4.79982979781475,0.736446468687684,2.5333115299635676,-0.4781227852838325
8.825,0.427882013110539,-4.724425957222186,0.7555360758913566,2.0366379114909443,-0.4781354031975573
8.833333333333334,0.3889407066146338,-4.617184593068125,0.7702330912006605,1.4830988113128227,-0.4781466822817558
8.841666666666667,0.35098800326054896,-4.488538903739798,0.7801544296637936,0.8933534035702807,-0.4781567478504929
8.85,0.31417333197497455,-4.344804307255743,0.7850616514043747,0.2815951156097587,-0.47816578596950365
8.858333333333333,0.27860792589084005,-4.1889945889040785,0.784811832968765,-0.34319009320931865,-0.4781739618987781
8.866666666666667,0.2443882756130034,-4.021786873160104,0.7793205903208269,-0.9756977378938229,-0.47818141876420867
8.875,0.211612127783324,-3.8423134365977933,0.7685367844223933,-1.6130902150424218,-0.4781883860770721
8.883333333333333,0.180388857578633,-3.648731243151562,0.7524255815217977,-2.254181319324911,-0.4781952146153975
8.891666666666666,0.15084581771142588,-3.4386236223654474,0.7309570550071784,-2.8989144009596832,-0.478202379148728
8.9,0.12313189536239343,-3.209277780129971,0.704098124879993,-3.54806776693609,-0.4782104853305107
8.908333333333333,0.0974190851015518,-2.9578922339764673,0.6718063314114612,-4.203093704010181,-0.4782202817878117
8.916666666666666,0.07390244053366243,-2.6817678956946667,0.6340247172618763,-4.865996943659596,-0.4782326780793536
8.925,0.05279828205710018,-2.3785485286654966,0.5906779404364153,-5.539138367117374,-0.47824876877087563
8.933333333333334,0.034339863354924144,-2.046611711086977,0.5416709029175053,-6.224790894492527,-0.47826986200146915
8.941666666666666,0.018768586459018684,-1.685783589909407,0.4868930763321089,-6.924152626815265,-0.478297505485462
8.95,0.0063169449799076694,-1.2986704469677575,0.42623496750209844,-7.635314638423548,-0.47833348965665334
8.958333333333334,-0.0028236627876035477,-0.8930380657211855,0.35962843304172126,-8.349426857911515,-0.4783797792887196
8.966666666666667,-0.00856078727190772,-0.48562440687049446,0.28712919777825796,-9.044328325877343,-0.4784382745477973
8.975,-0.010995448214143113,-0.10687938812713789,0.20906179516302856,-9.676312836158518,-0.4785102468902609
8.983333333333333,-0.010549751211250675,0.19677018721471323,0.1262245550273216,-10.175484395840881,-0.4785953424102014
8.991666666666667,-0.008077444298178721,0.37075116417807125,0.04007592352700446,-10.457358248926441,-0.4786904400746674
9.0,-0.004845375957738869,0.37522209755354036,-0.04728111747298066,-10.459366487844115,-0.4787893759906866
9.008333333333333,-0.0023004759455188925,0.20951157996347247,-0.1334603757048122,-10.180518908638335,-0.47888457034516946
9.016666666666666,-0.0017192872130512194,-0.08737127665514868,-0.2163447904773978,-9.682229697546457,-0.4789698035701134
9.025,-0.003968321515132222,-0.46078019506757256,-0.29445842992745264,-9.04927780656644,-0.4790418945401038
9.033333333333333,-0.009479463318861339,-0.8637460353035372,-0.3669915982315728,-8.352567810549308,-0.47910045936545925
9.041666666666666,-0.018358857815929816,-1.2652993204446117,-0.43361681890013976,-7.636731792351211,-0.47914676804326195
9.05,-0.030515622339372356,-1.648373217710402,-0.494281750566142,-6.924516689643128,-0.4791827320583928
9.058333333333334,-0.045757914905543255,-2.0050373896250697,-0.5490615359964836,-6.225073347394297,-0.4792103283633941
9.066666666666666,-0.06385187307647686,-2.332617403907765,-0.5980743881307863,-5.5404401792963425,-0.4792313552002708
9.075,-0.0845543687840088,-2.6312626881204713,-0.6414402260162976,-4.869461249677621,-0.4792473625902187
9.083333333333334,-0.10763028662267599,-2.902583825427151,-0.6792637007030875,-4.2098659419226605,-0.4792596561027908
9.091666666666667,-0.13286133940473638,-3.1489219634825933,-0.7116296469659218,-3.5592791015555614,-0.4792693240263243
9.1,-0.16005034299882293,-3.3729515145219775,-0.7386043629317546,-2.915674542959464,-0.47927726717131036
9.108333333333333,-0.18902292502000084,-3.5774397629570673,-0.7602394451518135,-2.277571946414735,-0.4792842241178538
9.116666666666667,-0.21962751369405792,-3.7650615519066872,-0.7765768268041733,-1.6441509585754082,-0.47929079028415267
9.125,-0.2517337812958381,-3.9382046759368734,-0.7876548203572311,-1.015393891804597,-0.4792974311261806
9.133333333333333,-0.28522925101729696,-4.098715679402309,-0.7935157763906192,-0.39234493265126225,-0.47930449022742017
9.141666666666666,-0.32001336769362115,-4.247536851780701,-0.794216682539056,0.2224286438954296,-0.47931219317727586
9.15,-0.3559878870494306,-4.384174681698156,-0.7898448133134629,0.8240649486213485,-0.479320675094566
9.158333333333333,-0.3930420297332,-4.505982849176914,-0.7805412480243127,1.4043114219396087,-0.47933008411051525
9.166666666666666,-0.43103109635471054,-4.607321969589256,-0.7665344389720945,1.9502249720759086,-0.47934059251482486
9.175,-0.46974817346068753,-4.6788075635486175,-0.7481844931303543,2.443015292928796,-0.4793523258142005
9.183333333333334,-0.508891879582811,-4.707243957795367,-0.726033128099058,2.8580667669044417,-0.47936526191399825
9.191666666666666,-0.5480395563020729,-4.6771571092252575,-0.7008431785982803,3.167695321918073,-0.4793791257799064
9.2,-0.5866424598686205,-4.574563107020596,-0.6735994435442111,3.34769802077716,-0.4793933385170878
9.208333333333334,-0.6240594185917248,-4.39210227065064,-0.6454432191936978,3.386143010708864,-0.4794070905415833
9.216666666666667,-0.6596294342216125,-4.132677598907694,-0.6175408009631422,3.289436746447883,-0.47941954726934866
9.225,-0.6927579520382346,-3.8088318104226735,-0.5909306475945275,3.080932399923518,-0.47943008736968395
9.233333333333333,-0.722980066112119,-3.438206372452244,-0.566413112972543,2.7927637008129906,-0.4794384370768169
9.241666666666667,-0.7499802438742362,-3.0382387887134232,-0.5445176916678659,2.4564401944418326,-0.47944465191310315
9.25,-0.7735748681418521,-2.6228120184147055,-0.525536079388047,2.0969244034496675,-0.47944900445750555
9.258333333333333,-0.7936773215001328,-2.2013291064292457,-0.5095860991244693,1.730993234671066,-0.47945186183119015
9.266666666666666,-0.8102623818642156,-1.7792818544417917,-0.4966768701635551,1.3682420840653662,-0.47945359841043733
9.275,-0.8233379467874338,-1.3593074015707722,-0.4867609832832218,1.0129643521556246,-0.47945454923015074
9.283333333333333,-0.8329255016256799,-0.9421750147699309,-0.47977105163339223,0.6659242075736393,-0.4794549920782937
9.291666666666666,-0.8390478174171286,-0.5275257914802519,-0.4756431837791566,0.3257065101493378,-0.47945514498595593
9.3,-0.8417217886786569,-0.11437594489346392,-0.4743309760363842,-0.010341879064380503,-0.47945516993049875
9.308333333333334,-0.8409547274203376,0.29854233030987076,-0.4758129391699715,-0.345452089029361,-0.47945517986512054
9.316666666666666,-0.8367431290843365,0.7125173311070387,-0.480095065125135,-0.6829085203610039,-0.47945527688903333
9.325,-0.8290734725935456,1.1286235477858468,-0.48720931508131265,-1.0255766008863354,-0.4794556048156372
9.333333333333334,-0.8179251692504617,1.5474231000998027,-0.49720781908953354,-1.3753167438791072,-0.47945636138685066
9.341666666666667,-0.8032765467138985,1.9685249105911706,-0.5101512458349413,-1.732152140021056,-0.4794578023186093
9.35,-0.7851153411551267,2.3899326952000632,-0.5260887922245621,-2.0930711317379838,-0.4794602409221705
9.358333333333333,-0.7634556522640473,2.8071475019705554,-0.5450264197204111,-2.4504075511006262,-0.47946403560736
9.366666666666667,-0.7383631182532777,3.212129854504706,-0.5668803430455558,-2.789987343487123,-0.4794695533747173
9.375,-0.7099880243539405,3.59253932935215,-0.5914163922581223,-3.0897773785298965,-0.4794770964612204
9.383333333333333,-0.6786007367114139,3.9321135295349623,-0.6181852199724791,-3.3205494659445005,-0.4794867906632716
9.391666666666666,-0.6446155664587765,4.213202084577188,-0.6464778774275463,-3.4503454941549707,-0.4794984666659371
9.4,-0.6085836149269279,4.421533986812,-0.6753361240779491,-3.4529030023809635,-0.4795116076631635
9.408333333333333,-0.5711428684348494,4.551196818505763,-0.7036385797430459,-3.316538695509792,-0.4795254358501098
9.416666666666666,-0.5329374148953022,4.606582620985684,-0.7302427522556989,-3.0478220472424447,-0.47953912570142304
9.425,-0.49453908180613254,4.599930827314178,-0.7541252983172415,-2.6675842993376784,-0.4795520278013742
9.433333333333334,-0.45640185280725304,4.5464436451111405,-0.7744672957808071,-2.2026139147321815,-0.4795637837659247
9.441666666666666,-0.4188561511103589,4.460027185131599,-0.7906712305100312,-1.6783101000293357,-0.47957430870788
9.45,-0.3821301283358038,4.351138822714998,-0.8023310358300023,-1.1148902981174875,-0.479583698347931
9.458333333333334,-0.34638075753176956,4.226452085404622,-0.8091843837266149,-0.5266965911051259,-0.47959212568056137
9.466666666666667,-0.31172325766268527,4.089448090191826,-0.8110668356552493,0.07691034936586426,-0.4795997608026165
9.475,-0.2782542297002903,3.9412534002276076,-0.8078757876829625,0.69023021034531,-0.47960673306309487
9.483333333333333,-0.2460680074942416,3.7813939890372867,-0.7995451048039849,1.310047027856838,-0.4796132078841102
9.491666666666667,-0.21526756928607105,3.6083472255904203,-0.7860279870239787,1.934827320567852,-0.4796194590882757
9.5,-0.1859715190602984,3.419940914586092,-0.767285339049688,2.564186567285909,-0.47962587590365735
9.508333333333333,-0.15831826569330157,3.213633006188703,-0.7432776388170608,3.1985735826035313,-0.4796329689246628
9.516666666666666,-0.13246821800605377,2.986715624950682,-0.7139587780444219,3.8390997295156946,-0.4796413804159895
9.525,-0.10860443892615382,2.736488504421323,-0.6792709948672624,4.487434199401703,-0.47965189968095606
9.533333333333333,-0.08693180942668358,2.4604529628334295,-0.6391407051766489,5.145676111175974,-0.47966548408189086
9.541666666666666,-0.06767424740586186,2.156600167638708,-0.5934759151655767,5.816076553435468,-0.4796832853517169
9.55,-0.05106872705123902,1.823917527144806,-0.5421672644256261,6.500399685585827,-0.47970667772280207
9.558333333333334,-0.03735346647402649,1.463327696003959,-0.4850970950483553,7.198556979752439,-0.47973727631341084
9.566666666666666,-0.02674533631406567,1.079405636442279,-0.4221649181621383,7.905916692237248,-0.47977691578781345
9.575,-0.019398190171699962,0.6833091956879076,-0.3533435456125184,8.608506023335753,-0.4798275228572715
9.583333333333334,-0.015330955827769773,0.2970526925132736,-0.27878564904678943,9.275767808293438,-0.47989076101864087
9.591666666666667,-0.014318598023562177,-0.0423495063472303,-0.19899473974748738,9.85312892932477,-0.4799672972029271
9.6,-0.01576554166811617,-0.28405555377608294,-0.11503210495405042,10.262852876674236,-0.4800557040586753
9.608333333333333,-0.01863880481294849,-0.3776113754483318,-0.0286355432052158,10.426177852085551,-0.4801515765366703
9.616666666666667,-0.021575631102505665,-0.29867214448665963,0.05793978111780297,10.304753463620314,-0.48024801281249196
9.625,-0.02318376539302204,-0.06495645008031731,0.14239252583677706,9.926582566567996,-0.4803378896690388
9.633333333333333,-0.022361306640850356,0.2755671711486651,0.22287800346205522,9.366753912254689,-0.4804163239498671
9.641666666666666,-0.018440659659203665,0.6706870257824268,0.2982253718554279,8.705412209953163,-0.4804814649009659
9.65,-0.01114316773406012,1.0807524784359839,0.36785194022839574,8.001347795060589,-0.48053374661015064
9.658333333333333,-0.00045499150340182464,1.4815321518153195,0.431558324130901,7.2884620070302795,-0.4805747600463782
9.666666666666666,0.01348766261383891,1.8604521504801481,0.48934696503519015,6.582678299944953,-0.4806064474599334
9.675,0.030476569093465033,2.2121504391440183,0.541305218085665,5.889544515720512,-0.4806306951713896
9.683333333333334,0.050277355498833255,2.53530387045483,0.5875425036029346,5.20947177497469,-0.4806491797362591
9.691666666666666,0.07265453874001783,2.8307382884594356,0.6281612702385868,4.540730256809108,-0.48066333589341026
9.7,0.09738465415056752,3.1003877474110366,0.6632463328400408,3.8809918134365056,-0.48067437151436765
9.708333333333334,0.12426290835509095,3.3467307591372455,0.6928633466533085,3.2280664079591554,-0.4806832950384799
9.716666666666667,0.15310625694364782,3.572466031852674,0.7170615394645122,2.5802386295423143,-0.4806909417770608
9.725,0.18375426868452033,3.780287857505231,0.7358784494928423,1.9364427399996087,-0.48069799477134767
9.733333333333333,0.21606822459009636,3.9726755183581526,0.7493459796002114,1.2964236137360827,-0.4807049995136343
9.741666666666667,0.24992830182954184,4.151634766090548,0.7574981147598756,0.660991556658826,-0.4807123729716718
9.75,0.28522820814321936,4.318335001078874,0.7603814952554724,0.03246926217575227,-0.4807204075536222
9.758333333333333,0.3218661519862616,4.472581264974679,0.7580708748666521,-0.5845619753886068,-0.48072927766064777
9.766666666666666,0.3597305116055227,4.612069240230985,0.7506924291870405,-1.1821265187837535,-0.4807391208397941
9.775,0.3986785905597539,4.7314884124515615,0.7384576845064575,-1.747473175270199,-0.48075010321052153
9.783333333333333,0.4385077931629229,4.821654306348097,0.7217091372802719,-2.2617417570580325,-0.4807623593489437
9.791666666666666,0.4789215213999304,4.869245045638795,0.700973623754341,-2.699671283159561,-0.4807758882425098
9.8,0.5194987184512688,4.858120169282437,0.677008077504637,-3.032025050475064,-0.4807904369541186
9.808333333333334,0.5596841773597001,4.773047621584177,0.6508083995008136,-3.232116819591778,-0.48080543150756766
9.816666666666666,0.5988184951671967,4.605185285277771,0.6235495609706142,-3.2852497137720493,-0.48082003446814736
9.825,0.6362113902928551,4.356380206861812,0.5964516979888209,-3.1959549470415434,-0.48083335251934184
9.833333333333334,0.6712338863254368,4.039037156492537,0.570615778100716,-2.9874445466860964,-0.4808446969303267
9.841666666666667,0.7033892783854345,3.6715067540117543,0.546898828804653,-2.6932850479067247,-0.480853743624601
9.85,0.7323380692064411,3.2723090881268586,0.5258714722309649,-2.3471227766318368,-0.4808605262645405
9.858333333333333,0.7578816237366391,2.856335955753877,0.5078487732929081,-1.975942547448953,-0.48086531954172407
9.866666666666667,0.7799256131936446,2.433721163121341,0.492957032158571,-1.5980450872616767,-0.4808685059840887
9.875,0.798441969524886,2.010402191770085,0.4812033989836138,-1.2240223884514672,-0.48087047969396
9.883333333333333,0.8134385179241727,1.5892502630523901,0.4725319858011756,-0.8587573432118123,-0.4808715947524017
9.891666666666666,0.8249380198372641,1.1711358034035397,0.46686323412617886,-0.5033310255482056,-0.4808721454221202
9.9,0.8329650189570982,0.7557253994189244,0.4641192142514953,-0.15647256363627413,-0.4808723634249577
9.908333333333333,0.837538204590209,0.3420192337635114,0.46423877907869254,0.18443865095340475,-0.48087242223605925
9.916666666666666,0.838666446548771,-0.07129012603864611,0.46718575801529766,0.5226785191375131,-0.48087244991013084
9.925,0.8363473502708086,-0.48556021695204205,0.4729521906254661,0.8616646847083639,-0.48087255811851054
9.933333333333334,0.8305678047119452,-0.9019651998631084,0.48155757404409616,1.2044881092479869,-0.48087288417302637
9.941666666666666,0.8213066101926038,-1.3212171313272147,0.49304394408091257,1.5533602308979315,-0.48087361790803096
9.95,0.8085399233084224,-1.743155002419459,0.5074655000828607,1.9088330355912542,-0.4808750072334007
9.958333333333334,0.7922509337626192,-2.166128716137936,0.5248703350079712,2.2686644678459458,-0.4808773587822714
9.966666666666667,0.7724457129188074,-2.586132060750705,0.5452709168364879,2.6262505520253163,-0.48088102759991735
9.975,0.7491771567659894,-2.9957568570876085,0.5686000172430651,2.9687531493564827,-0.4808863842866662
9.983333333333333,0.7225772849870028,-3.3833279702542254,0.5946517102283182,3.2755548107773014,-0.48089374605624124
9.991666666666667,0.6928933424914915,-3.7330281210852814,0.6230155025034646,3.518457529046966,-0.4809032671634851
10.0,0.6605149611638774,-4.027078942575981,0.6530260083615212,3.6654971044762266,-0.4809148145585378
10.008333333333333,0.6259728470219665,-4.250307166635411,0.6837625763157751,3.6889715176533784,-0.4809278990711516
10.016666666666666,0.5898946396320206,-4.395376344490896,0.7141244981937521,3.5747193902554733,-0.48094174248560556
10.025,0.552925918122683,-4.4653782430766435,0.7429687240563171,3.3268957699200143,-0.4809554849721677
10.033333333333333,0.5156482863536821,-4.471918842854741,0.7692550781561608,2.964940959211781,-0.48096842392848516
10.041666666666666,0.47852760272718753,-4.4303020539031985,0.7921413218737055,2.5154375849252006,-0.48098015282619166
10.05,0.4419032066608698,-4.354982584178367,0.8110083640887404,2.0043119430205567,-0.4809905601329001
10.058333333333334,0.40600690008903184,-4.257088063584865,0.8254341192973744,1.4525156675563062,-0.4809997403907027
10.066666666666666,0.370993933833976,-4.143891512790875,0.835146067968749,0.8750246570120755,-0.4810078870632367
10.075,0.3369733564430574,-4.0193389905826855,0.8399740705947649,0.2816407432404724,-0.4810152065531876
10.083333333333334,0.3040322947983807,-3.8848863590141365,0.8398127221794364,-0.32167761983811644,-0.48102186276787645
10.091666666666667,0.2722533524837964,-3.740280188654434,0.8345946542388781,-0.9315763493808229,-0.4810279867088616
10.1,0.24172625107860574,-3.5841452669460967,0.8242728277826835,-1.5464166609663665,-0.48103378034233313
10.108333333333333,0.21255539249027708,-3.414390299389249,0.808808724055591,-2.165718478629892,-0.4810395525772103
10.116666666666667,0.18486456628363065,-3.2284924472061234,0.7881642470779016,-2.789819491942157,-0.4810457244697866
10.125,0.15879967669323272,-3.023694842698727,0.7622957322511358,-3.419699227193949,-0.48105283782868324
10.133333333333333,0.13453004724355525,-2.797156842517483,0.7311489730710653,-4.056899442392554,-0.4810615683733785
10.141666666666666,0.11224853482068825,-2.546096534503221,0.694654747117384,-4.703471612312029,-0.48107274434678887
10.15,0.09217032124196416,-2.267975792625543,0.6527249572962139,-5.361864314213245,-0.48108737131493107
10.158333333333333,0.07452972163769027,-1.9608086571131724,0.605250412203784,-6.034612835942947,-0.48110666266474106
10.166666666666666,0.05957344197769266,-1.6237366448045938,0.5521028078880905,-6.723587917415368,-0.4811320713922108
10.175,0.04754709823483238,-1.2581250178693475,0.49314622108777073,-7.4283711980005105,-0.48116530864558216
10.183333333333334,0.03866906867212849,-0.8695870469650773,0.428268129188698,-8.143052146921368,-0.4812083114855894
10.191666666666666,0.03308189049682976,-0.4714189586062503,0.3574467874555253,-8.85057174353692,-0.4812630774814256
10.2,0.03076873778613669,-0.08943449226993476,0.2808771406278691,-9.514483000300972,-0.48133122005910345
10.208333333333334,0.031430136244012814,0.23402153209590823,0.1991663367475409,-10.071605303939917,-0.481413085687891
10.216666666666667,0.03435236512172944,0.4436001476322111,0.11355114891359584,-10.43662396057527,-0.4815065356221975
10.225,0.038366783536579345,0.48998728289183774,0.02597646636255701,-10.532159529632416,-0.48160619168475255
10.233333333333333,0.04201871060843743,0.3579719410087583,-0.06116235595785209,-10.334193080426848,-0.4817044419028865
10.241666666666667,0.043916612925005545,0.07692499643245168,-0.14556996730873661,-9.889109758267526,-0.48179419594773165
10.25,0.04303839660134352,-0.2987353417381099,-0.22553118822403923,-9.281840604061236,-0.48187120215609397
10.258333333333333,0.038821290080553655,-0.7168789417060353,-0.30004013751555886,-8.591824566297,-0.48193433269968905
10.266666666666666,0.031075181388421177,-1.1410410235825441,-0.3686487697159645,-7.872337504958445,-0.481984528110526
10.275,0.019846204470421267,-1.550343137603553,-0.4312441853497438,-7.151744708087664,-0.48202364188295166
10.283333333333333,0.005306034258729141,-1.9346833559968373,-0.48787552542310053,-6.4420329150165445,-0.4820537179933039
10.291666666666666,-0.012318383723937775,-2.290284105235344,-0.5386506983664084,-5.746340477638424,-0.4820766626527989
10.3,-0.03278438194271322,-2.6167861735082365,-0.5836842792374569,-5.063710872594911,-0.4820941383673978
10.308333333333334,-0.055854502375295635,-2.9156021700937327,-0.6230753021511208,-4.391667554237197,-0.4821075556340875
10.316666666666666,-0.08130721484409914,-3.189038464780787,-0.6569005301527255,-3.727481228468811,-0.4821180980276364
10.325,-0.10894222011453432,-3.439827176004311,-0.6852150779074676,-3.0687464208819244,-0.4821267531012006
10.333333333333334,-0.13858277404459596,-3.6708524395741087,-0.7080563005864138,-2.413634286196131,-0.4821343391348572
10.341666666666667,-0.17007608498095572,-3.88494578990928,-0.7254492149705825,-1.7610348221799932,-0.48214152512139813
10.35,-0.2032920096700126,-4.084671235821334,-0.7374131349833467,-1.1107256055420947,-0.4821488439966884
10.358333333333333,-0.23811969471855982,-4.272036868921043,-0.7439702092600372,-0.4636774822124207,-0.4821566997601433
10.366666666666667,-0.27446128861370056,-4.448068907677496,-0.7451574603784558,0.1773911735658239,-0.48216536916614094
10.375,-0.3122212658706042,-4.612169733109269,-0.741044949918417,0.8070711562343211,-0.48217502289717507
10.383333333333333,-0.3512893093424225,-4.761219485465655,-0.731763735086565,1.4158730500010297,-0.4821858368445535
10.391666666666666,-0.3915148779932191,-4.888496827855874,-0.7175467400547266,1.9885442051942217,-0.48219801219593467
10.4,-0.43267284906877257,-4.982704749813569,-0.69878354091043,2.502566387714864,-0.4822116868394497
10.408333333333333,-0.47442416069588284,-5.027931021282094,-0.6760822602336114,2.9282722276775965,-0.48222680494831327
10.416666666666666,-0.5162844105381976,-5.00581504088182,-0.6503162339005726,3.232752890848018,-0.48224298278603817
10.425,-0.5576229138516448,-4.9006779584584095,-0.6226169627237698,3.3888071898949828,-0.4822594571405426
10.433333333333334,-0.5977124663362168,-4.70602999690493,-0.5942793274857058,3.3861197868946067,-0.4822752098808085
10.441666666666666,-0.6358248221041862,-4.4282623150382205,-0.566589130469562,3.2373909722015104,-0.48228925711302195
10.45,-0.6713328568796044,-4.0843962707452635,-0.5406417712106527,2.974069066604733,-0.4823009402942348
10.458333333333334,-0.7037734952093447,-3.695593553046836,-0.5172319974644536,2.634749590899956,-0.48231004584129356
10.466666666666667,-0.732854971184485,-3.281010553592723,-0.49684271428361704,2.2542662551181545,-0.48231673238499906
10.475,-0.7584250802857214,-2.8547540545605097,-0.47970306070014423,1.8582732240680777,-0.482321371462752
10.483333333333333,-0.7804266975723276,-2.425655813270379,-0.4658693149854446,1.4628084641403638,-0.48232440420012884
10.491666666666667,-0.7988580334554016,-1.9983933597509276,-0.45529768921165886,1.0762527819626586,-0.48232625273026647
10.5,-0.8137436911116305,-1.5748322383557425,-0.4478981056704122,0.7017070486450975,-0.48232728001316294
10.508333333333333,-0.8251159880701175,-1.155109571574076,-0.4435696839685964,0.3389369238726085,-0.48232777897918505
10.516666666666666,-0.8330038678620794,-0.7383766322480128,-0.4422224895116756,-0.014267962498730354,-0.48232797525906357
10.525,-0.8374268067203019,-0.32327217851242696,-0.44379001680167307,-0.36119992429527076,-0.48232803591541445
10.533333333333333,-0.8383919008909955,0.0917733479063173,-0.44823554003580257,-0.7056321493907354,-0.48232809315309877
10.541666666666666,-0.8358930538996272,0.5083225457986946,-0.4555542442333977,-1.0513804549874455,-0.48232826970358234
10.55,-0.8299119130598277,0.9277160841489441,-0.4657717878615122,-1.4018647877333534,-0.48232871820975376
10.558333333333334,-0.8204207961982982,1.3507957564186497,-0.47893884412723464,-1.7595591619280742,-0.4823296479252306
10.566666666666666,-0.8073885188149916,1.7774704895608482,-0.4951200409344758,-2.125171767494789,-0.4823313312767618
10.575,-0.7907907839827725,2.2060417549320017,-0.514374431621274,-2.49640865581175,-0.4823341051650124
10.583333333333334,-0.7706274226989231,2.6322308961953564,-0.5367235372586814,-2.8662220782209413,-0.4823383594122003
10.591666666666667,-0.7469487986590513,3.047986242103487,-0.562102971998689,-3.2206816267177745,-0.48234449844690547
10.6,-0.7198917805184791,3.4404924450830774,-0.5902970163303894,-3.5372074939979714,-0.4823528598400241
10.608333333333333,-0.6897199434669024,3.7923541764056923,-0.6208655399636609,-3.784864893429126,-0.48236358473188673
10.616666666666667,-0.6568528171118165,4.084228682419733,-0.6530898988501064,-3.928953236085883,-0.48237647394085403
10.625,-0.6218611894568622,4.300208144003989,-0.685978209286488,-3.940444966432099,-0.482390918489052
10.633333333333333,-0.5854129889529984,4.433690875682388,-0.7183576382266867,-3.8063785291536827,-0.48240599917467203
10.641666666666666,-0.5481822035844881,4.489769403149073,-0.7490329564176552,-3.534298984487336,-0.4824207455465684
10.65,-0.5107601325131801,4.482358107303683,-0.7769436462298666,-3.1475845506482383,-0.48243440854185504
10.658333333333333,-0.4736051273015216,4.428476124807802,-0.8012565138736489,-2.6757513774860686,-0.48244659594840167
10.666666666666666,-0.4370384356857834,4.3434055881580695,-0.8213796239211165,-2.1461417277276604,-0.4824572451046688
10.675,-0.4012699952151178,4.238404469408339,-0.8369244964299236,-1.5799286260783592,-0.4824665083914308
10.683333333333334,-0.3664338813218032,4.1205003459362,-0.8476510194053349,-0.9916654170157816,-0.4824746317173295
10.691666666666666,-0.3326206878735258,3.993262489465786,-0.8534167897580635,-0.3905085865896167,-0.4824818640370845
10.7,-0.2999022863455146,3.8577692854548977,-0.854138679684535,0.2182246572906224,-0.4824884020558626
10.708333333333334,-0.26834898823787195,3.713437739824061,-0.8497665942283152,0.8317319218522875,-0.48249438817729806
10.716666666666667,-0.23804071289611037,3.558624498191779,-0.8402666694637311,1.4488056215418836,-0.4825000155076922
10.725,-0.20907407546276477,3.391019934951987,-0.8256104151008151,2.06929409589177,-0.48250558089664586
10.733333333333333,-0.18156674811746978,3.2079159596432745,-0.8057673670563748,2.693786233515106,-0.4825114908432794
10.741666666666667,-0.1556599875565314,3.006384901017342,-0.7806996234465496,3.3234640517180964,-0.4825182698661167
10.75,-0.13151990645095346,2.7834081109446793,-0.7503571413979752,3.9600569214117054,-0.48252657352654904
10.758333333333333,-0.10933775881452767,2.5359901922922403,-0.7146732097703681,4.605834276465125,-0.4825372071728044
10.766666666666666,-0.08932918905768969,2.26130213993838,-0.6735600740296814,5.263561486361199,-0.4825511515772135
10.775,-0.07173194258919437,1.9569224651910428,-0.6269054663503938,5.936301327722741,-0.4825695959697071
10.783333333333333,-0.056800751259863475,1.6213021266194314,-0.5745721195708163,6.626849280374272,-0.4825939761636797
10.791666666666666,-0.044796654966044396,1.254686044953504,-0.5164047887797051,7.336409751257645,-0.48262600743216677
10.8,-0.03596541146530696,0.8608944069606161,-0.45225373799004903,8.061823153612485,-0.4826676820650583
10.808333333333334,-0.03049550772983814,0.45053832184912657,-0.3820308291662358,8.790331181152794,-0.48272115930727044
10.816666666666666,-0.028441811751747665,0.04604275692487976,-0.30582255683671394,9.491126791996342,-0.48278840360115877
10.825,-0.02960325329901272,-0.312853732453214,-0.224081984500776,10.105673274631833,-0.4828703690495283
10.833333333333334,-0.03337132366125175,-0.5691194314597111,-0.1378762818299312,10.54655773200369,-0.4829656907094986
10.841666666666667,-0.038638188270208706,-0.6642867442030992,-0.0490473591162287,10.722179073827554,-0.4830695013157866
10.85,-0.04391094082348279,-0.5698389425774641,0.03995644179345888,10.58743475575315,-0.4831738922829733
10.858333333333333,-0.0476648226693967,-0.3071730055850528,0.12663667461415098,10.176251532985493,-0.4832707080142473
10.866666666666667,-0.0487188520141023,0.06767045475539425,0.2090372576074544,9.57659875231033,-0.48335456064624527
10.875,-0.04639015586432131,0.4959855483750918,0.28597656848020625,8.878679994869898,-0.4834236461146735
10.883333333333333,-0.040423764728582674,0.9352396818109865,0.35691962964864665,8.145334484752622,-0.48347869764165297
10.891666666666666,-0.030841977055179607,1.3608199403800665,0.4217297128859268,7.4104692867756246,-0.4835216292612466
10.9,-0.017815196276675823,1.7608044776154281,0.480464023498635,6.688430875989989,-0.48355463808287874
10.908333333333333,-0.001579181110679243,2.1306940633629687,0.5332499874597394,5.982953521551291,-0.48357978908427346
10.916666666666666,0.017611060756281216,2.469934776364812,0.5802228523772456,5.292878999393543,-0.48359887998692697
10.925,0.03950518467999549,2.7799694615651895,0.6214991858195893,4.615234127439403,-0.4836134292780154
10.933333333333334,0.06386945815128836,3.063225217021621,0.6571687478111211,3.946719153286352,-0.48362470605804053
10.941666666666666,0.09049258212151604,3.3225988799482744,0.6872948814950898,3.2843595616681993,-0.48363376719767676
10.95,0.1191883519713581,3.5611814528273427,0.7119184553362189,2.6257599566855734,-0.4836414895967275
10.958333333333334,0.14979649009700502,3.7820771072207657,0.7310631540422863,1.969204033681331,-0.4836485945223994
10.966666666666667,0.18218205689615774,3.9882315784476194,0.744741486874078,1.313746566905949,-0.4836556642230818
10.975,0.2162332529335865,4.1822079023076295,0.7529619095112375,0.659405814215411,-0.48366315176612995
10.983333333333333,0.25185692315217995,4.365848213943762,0.7557383356047916,0.007563739894819108,-0.48367138491496103
10.991666666666667,0.28897051049891875,4.539744069117701,0.753104301773672,-0.6382887615157927,-0.48368057400172854
11.0,0.32748846728757974,4.702427572992178,0.7451353699657658,-1.2713097877297448,-0.4836909093296667
11.008333333333333,0.3673007470025205,4.8492822225091174,0.7319838398704014,-1.8796003061659394,-0.4837026376051128
11.016666666666666,0.40824125979248593,4.971264863154143,0.713929322680791,-2.4441729685404545,-0.4837159991592919
11.025,0.45004658441908013,5.05399107117169,0.6914446458471738,-2.937557329712877,-0.4837311048007038
11.033333333333333,0.49231259799779514,5.078408008598328,0.6652637921695347,-3.325147878802485,-0.48374777347866865
11.041666666666666,0.5344688158956674,5.024582778955435,0.6364178317214904,-3.571891542918942,-0.48376539716872113
11.05,0.575798634738554,4.878687630897689,0.606190796445048,-3.654379880384245,-0.483782955293117
11.058333333333334,0.615520459266234,4.639761900952584,0.5759709165793327,-3.572368396975013,-0.48379925895450493
11.066666666666666,0.6529054160742574,4.321003810052116,0.5470408031181946,-3.350663901128159,-0.4838133248175909
11.075,0.6873760839868173,3.944259687139199,0.5204037132849708,-3.0291827608228235,-0.483824641075134
11.083333333333334,0.7185452564878599,3.532130865535363,0.49671676357539646,-2.6489525810018826,-0.4838331878478879
11.091666666666667,0.746197319322564,3.1026494473718595,0.4763257554234102,-2.24268785779744,-0.48383928137853577
11.1,0.7702415534815874,2.6677612480343513,0.45934980880741483,-1.8320766304272518,-0.48384338712325164
11.108333333333333,0.7906639427148661,2.234167799223282,0.4457689342889123,-1.4292346352482403,-0.4838459866327219
11.116666666666667,0.8074898358663484,1.8048738149905155,0.4354926241123114,-1.0394279645404956,-0.4838475094137195
11.125,0.8207591528617991,1.3805695399366966,0.4284062583068659,-0.6635319829231783,-0.4838483093415799
11.133333333333333,0.8305114600461895,0.9606097991033226,0.4243998369166614,-0.29979995482945404,-0.4838486637749313
11.141666666666666,0.8367776308712188,0.5436323640058607,0.4233846901649229,0.05499168333409832,-0.4838487811791488
11.15,0.8395755546924759,0.12793152882715342,0.42530255975194364,0.40482196155017963,-0.4838488127036078
11.158333333333333,0.8389083227582296,-0.28830717650269266,0.4301297696750679,0.7539461005915573,-0.4838488791288399
11.166666666666666,0.8347640663797276,-0.7068303637046415,0.43787797154144237,1.106526064290355,-0.4838491074105937
11.175,0.8271172962103377,-1.1291232724377966,0.44859174542925767,1.466226523972367,-0.48384967264854534
11.183333333333334,0.815932188203048,-1.556119382954524,0.46234224376952593,1.83564205256493,-0.48385081288786225
11.191666666666666,0.801169025396778,-1.9877179318226577,0.4792147946647243,2.215392822089958,-0.4838528364256773
11.2,0.7827958058218017,-2.422009671430513,0.4992869842379521,2.602714771271508,-0.4838561237469173
11.208333333333334,0.7608077975883277,-2.8541399055367425,0.5225924044684369,2.9894228735026553,-0.4838611135323068
11.216666666666667,0.7352578469669601,-3.2749079606625258,0.5490652336128051,3.3594236244665643,-0.4838682552813589
11.225,0.706297801074882,-3.669645021176736,0.5784651056485601,3.686724938210638,-0.4838779082660427
11.233333333333333,0.6742240459760911,-4.0186118183619355,0.6102945878305881,3.9361121228144227,-0.4838901829371402
11.241666666666667,0.6395078264771173,-4.300464578048492,0.6437431512503603,4.069202107547119,-0.4839047737648843
11.25,0.6027825505413817,-4.498875009767907,0.6777064666029258,4.05606103312115,-0.4839209010544899
11.258333333333333,0.5647729656834362,-4.609051884622043,0.7109081320526772,3.886767482344033,-0.48393746958723594
11.266666666666666,0.52618770961588,-4.6393585958472086,0.7420874235712437,3.5745535284307173,-0.4839533992538641
11.275,0.4876250010795391,-4.606833104496475,0.7701670626323992,3.1483529259423477,-0.48396792637279973
11.283333333333333,0.4495288710545768,-4.530375078938303,0.7943355293989522,2.6411824690080903,-0.48398071330508763
11.291666666666666,0.41219631318972855,-4.425823490366525,0.8140420646114135,2.081649736119301,-0.48399177569172325
11.3,0.37581228808383565,-4.304145264174326,0.828943229520645,1.4907446127372135,-0.48400133519336297
11.308333333333334,0.34049008285588717,-4.171721570981751,0.8388393637018957,0.8822162273514617,-0.4840096849082236
11.316666666666666,0.30630524939992576,-4.031423138857044,0.8436211110997998,0.26430538595746833,-0.4840170983697345
11.325,0.2733201507796933,-3.88371114540873,0.8432311351905744,-0.3584762039479409,-0.4840237793440522
11.333333333333334,0.24160023893396318,-3.727504899949962,0.8376391309319685,-0.9839610371202048,-0.4840298866091357
11.341666666666667,0.21122426414515683,-3.5607697419505304,0.8268263264542839,-1.6114417617870582,-0.4840356516568186
11.35,0.18229054892758695,-3.3808938861510853,0.8107755886878887,-2.2411693540381386,-0.4840414140913998
11.358333333333333,0.15492068995056818,-3.184935980159063,0.7894647119489999,-2.8740809494871398,-0.4840476267703606
11.366666666666667,0.12926158907433094,-2.9697859902238237,0.7628612379113325,-3.5116917758053936,-0.48405486505330303
11.375,0.10548636066324982,-2.7322802353276083,0.7309177435231033,-4.15607990791485,-0.484063841326909
11.383333333333333,0.08379434205958843,-2.4693082174319123,0.6935670977555999,-4.809897353114558,-0.48407542605140086
11.391666666666666,0.06441008892748487,-2.177959286186796,0.6507177927604089,-5.476324227694789,-0.48409067667581346
11.4,0.0475807206992525,-1.855789778252443,0.6022503375819835,-6.158829613894093,-0.4841108748695604
11.408333333333333,0.03357004990977626,-1.501361600730184,0.5480172684033215,-6.8604859507020555,-0.48413756889888965
11.416666666666666,0.02264617456257563,-1.1153346075060748,0.48785227778369206,-7.582360842181388,-0.484172607679291
11.425,0.015056051558637228,-0.7025991654936872,0.4215993387132363,-8.320152595598893,-0.4842181278175041
11.433333333333334,0.010975668436591122,-0.276110083791689,0.3491812296635711,-9.057896833254253,-0.48427640164411795
11.441666666666666,0.01041980570631276,0.13731523104220839,0.27073552352311075,-9.758141385044887,-0.4843493684176092
11.45,0.013101329577785563,0.491446806932922,0.18683803160739432,-10.352007488833003,-0.4844376301373976
11.458333333333334,0.018271067233162994,0.7234625367260896,0.09876736901191038,-10.742468075482698,-0.48453896166092325
11.466666666666667,0.024656941476333263,0.7761687119840033,0.008618304577276192,-10.839496398811049,-0.48464726138033576
11.475,0.03065683823419685,0.6326943261803342,-0.08099297002137563,-10.616375822508198,-0.48475372563227104
11.483333333333333,0.03475415408256496,0.32898475779608294,-0.1675862879950005,-10.130090012067331,-0.4848502870175674
11.491666666666667,0.03587160423013468,-0.07160217426851932,-0.24937375365633752,-9.479813709059767,-0.48493239467819416
11.5,0.03345428149518815,-0.5112451739378846,-0.32537595382436235,-8.753748292161914,-0.48499913758304747
11.508333333333333,0.02735045934952547,-0.9516314816528607,-0.39521656097921026,-8.007644462260407,-0.485051829130961
11.516666666666666,0.017650004272335634,-1.3721431182516206,-0.4588589959585084,-7.269004209131837,-0.4850926555733094
11.525,0.00456264270100836,-1.763612724405798,-0.5164163145260275,-6.547972321944424,-0.48512389790808036
11.533333333333333,-0.011654727134539206,-2.123211521268062,-0.5680448914981197,-5.845913839217817,-0.4851476145230431
11.541666666666666,-0.030736682543813877,-2.451347925717547,-0.6138944085487802,-5.160452120189809,-0.48516556067618394
11.55,-0.05242859653442059,-2.7500133228984813,-0.6540886465968749,-4.488031948313875,-0.48517920194265374
11.558333333333334,-0.07649596921651478,-3.0219527641745474,-0.6887212319162395,-3.8250932786543443,-0.4851897544611118
11.566666666666666,-0.10272880851229851,-3.2702560114261816,-0.7178578918508004,-3.168544335987182,-0.48519822574459537
11.575,-0.13094352521008668,-3.498142949923364,-0.7415411291655917,-2.5159143019068084,-0.4852054479037148
11.583333333333334,-0.160983403210769,-3.7088213827779617,-0.7597955851699271,-1.8653911120434776,-0.4852121020764949
11.591666666666667,-0.19271792995648995,-3.9053461312502975,-0.7726336777870536,-1.2158662498843824,-0.4852187350288156
11.6,-0.2260407740385027,-4.090426836014577,-0.7800619645811157,-0.5670787967325222,-0.4852257691849449
11.608333333333333,-0.2608657626724149,-4.26613016469522,-0.7820894446792276,0.08004589628386044,-0.4852335070286999
11.616666666666667,-0.2971196910804664,-4.433401370935953,-0.778739931696739,0.7227285256482147,-0.4852421459353911
11.625,-0.3347300761116257,-4.591321868390879,-0.7700719141269542,1.3551994814615642,-0.48525189005255887
11.633333333333333,-0.37360553267011604,-4.736073877447352,-0.7562098650215653,1.9670736523213213,-0.48526301290920865
11.641666666666666,-0.4136062957927692,-4.859639394023774,-0.7373912252444721,2.54126296441446,-0.48527579819246836
11.65,-0.45450409729917135,-4.94866635562853,-0.714030416123722,3.0521854799035255,-0.48529042483867657
11.658333333333333,-0.4959368182095213,-4.9845934052482646,-0.6867904611229605,3.466149429554057,-0.4853068041017089
11.666666666666666,-0.5373750971263136,-4.9466601921785145,-0.6566326649268839,3.7466851001951116,-0.4853244215177507
11.675,-0.5781293734999116,-4.8185036930820395,-0.6247957310871124,3.86596573602326,-0.4853423036075644
11.683333333333334,-0.6174191097381725,-4.59570122305191,-0.5926679421665193,3.817690063139777,-0.4853592197455414
11.691666666666666,-0.6544896212304211,-4.288748133954979,-0.561579098761713,3.6219019248272932,-0.48537406418293577
11.7,-0.6887227290950829,-3.9186786098087842,-0.5326062650112816,3.317019102709109,-0.48538618097149894
11.708333333333334,-0.7196910922924705,-3.508918531053643,-0.50648006143047,2.945404396376066,-0.48539544248364686
11.716666666666667,-0.7471492743131509,-3.0789857509151712,-0.48360268278520474,2.542259619089503,-0.485402113129749
11.725,-0.7709890345318554,-2.6422062574729526,-0.4641290068128402,2.1315892487259367,-0.48540665052030085
11.733333333333333,-0.7911887496231598,-2.2062649449121143,-0.44805818913393,1.7271520965285363,-0.4854095520979773
11.741666666666667,-0.8077726841189614,-1.7747631933315302,-0.43530801308218375,1.3352011897132106,-0.4854112716983212
11.75,-0.820783404879646,-1.3487094606836216,-0.42576602256047935,0.957128781969359,-0.48541218778441664
11.758333333333333,-0.8302649894203762,-0.9276026552457413,-0.4193213930297792,0.5914139662772654,-0.4854125993749652
11.766666666666666,-0.8362535582983968,-0.5101221669632182,-0.41588351497503895,0.23489045752809143,-0.48541273312932665
11.775,-0.8387723092977339,-0.09453869920418675,-0.4153921786150174,-0.11647028583262167,-0.4854127527820358
11.783333333333333,-0.8378292236968874,0.32103665480817295,-0.4178225358424606,-0.46705603645231547,-0.48541277264764904
11.791666666666666,-0.8334165079743595,0.738474949216162,-0.42318647027178613,-0.8212391172726277,-0.48541290551486993
11.8,-0.8255113981667311,1.1594673246754468,-0.43153106018062987,-1.1830289914576677,-0.4854133126824089
11.808333333333334,-0.8140785791563855,1.5852835663082832,-0.4429336695504964,-1.5555843056426826,-0.4854142175226381
11.816666666666666,-0.7990752457743258,2.0163645654958025,-0.45749188447853206,-1.9404374788024068,-0.4854159142544911
11.825,-0.7804606086860163,2.451643825693156,-0.4753051683425091,-2.336249330093444,-0.48541877403003186
11.833333333333334,-0.7582125651078843,2.8874925565015426,-0.4964435246401992,-2.7369127972532334,-0.4854232395803972
11.841666666666667,-0.7323548149844814,3.316286150994089,-0.5208975108411221,-3.1290066062694475,-0.4854297923609558
11.85,-0.7029965015558838,3.724937372027694,-0.5485060869838193,-3.489206953741968,-0.48543886949866166
11.858333333333333,-0.6703808856017992,4.094440594555851,-0.5788685450927257,-3.7834843811243153,-0.4854507143926813
11.866666666666667,-0.634927654769553,4.402157445682534,-0.6112675876816721,-3.9711120150884565,-0.4854651866285078
11.875,-0.5972402847134587,4.627901938109804,-0.6446537379750484,-4.015353545351112,-0.4854816356011901
11.883333333333333,-0.5580527881271719,4.761696938563692,-0.6777364637966418,-3.897164917300762,-0.485498980840674
11.891666666666666,-0.5181231111870904,4.807894178767447,-0.7091703390792841,-3.6226822487659627,-0.48551602552251183
11.9,-0.47812096402103577,4.782320166258086,-0.737753797225404,-3.2186147000887155,-0.4855318227722736
11.908333333333333,-0.4385610316688275,4.705090331573987,-0.7625516260168467,-2.720010160391157,-0.4855458709045706
11.916666666666666,-0.39979556412653217,4.594285412820478,-0.7829156947842744,-2.159350740613533,-0.48555808466277284
11.925,-0.36204596932349886,4.4630144961981575,-0.7984379670114237,-1.5613897895640845,-0.48556864560185387
11.933333333333334,-0.32544633921057703,4.319240949575806,-0.8088819215863785,-0.9427150221061039,-0.48557784544462235
11.941666666666666,-0.29008232674471934,4.166839291622475,-0.8141208206648208,-0.31343016602626067,-0.48558597400055314
11.95,-0.256019960541071,4.006838603645095,-0.8140921788291217,0.32083560256919336,-0.48559325515675533
11.958333333333334,-0.22332489963921115,3.838443644165972,-0.8087676386642682,0.9572903737929711,-0.4855998602823901
11.966666666666667,-0.19207447251220405,3.659740943353511,-0.798134234813227,1.5948994216781014,-0.4856060306954746
11.975,-0.1623649828261992,3.4681506531441597,-0.7821825680825625,2.2337628604036475,-0.48561211998765125
11.983333333333333,-0.13431594320043846,3.2607211240870138,-0.7608989593780633,2.8747690995215605,-0.4856185980928514
11.991666666666667,-0.10807233101083852,3.03431786463781,-0.7342596146431745,3.5194437332004487,-0.48562605954838434
12.0,-0.08380553790979177,2.7857554274679805,-0.7022255332604045,4.16990926126312,-0.48563523730772207
12.008333333333333,-0.0617133082839409,2.511915643130833,-0.66473755510319,4.82887896227434,-0.48564702327224746
12.016666666666666,-0.04201857339103359,2.2099050992276608,-0.6217116225710143,5.4995931247264345,-0.48566249678132367
12.025,-0.024966529451034086,1.8773380006298233,-0.5730352898602249,6.185551700753114,-0.485682961283378
12.033333333333333,-0.010818321978521263,1.5129032775432298,-0.5185681716355045,6.889776629445561,-0.4857099854816165
12.041666666666666,0.00016213712372902618,1.1175099426055475,-0.4581521124401427,7.613107310117871,-0.48574543424838135
12.05,0.007734960332110491,0.6965095354597698,-0.3916424216986072,8.35067236913113,-0.4857914480264862
12.058333333333334,0.01173636885744414,0.2636483685983715,-0.31898015379072486,9.08537415815181,-0.4858502742567654
12.066666666666666,0.012171995545583498,-0.15309009203892857,-0.24033347760604049,9.77794741363207,-0.4859237690159985
12.075,0.009359693852826425,-0.5062856347457172,-0.1563253259345251,10.357545433539412,-0.4860123602077478
12.083333333333334,0.004085664319691572,-0.7330486900852197,-0.06829247254783524,10.726883474530755,-0.48611356795023086
12.091666666666667,-0.0023501440248526627,-0.7785780934406579,0.021625574642732674,10.799637051676624,-0.48622108053718527
12.1,-0.008346540580388936,-0.6301359860533502,0.11081324697531081,10.555652931927886,-0.4863261204301654
12.108333333333333,-0.012419104250830572,-0.32652939683963483,0.19684065743552076,10.056442726704764,-0.48642090081235834
12.116666666666667,-0.013534717114631199,0.06884748580560263,0.27798883577568595,9.401173994020436,-0.48650120319065737
12.125,-0.011174981745066384,0.49973459345175886,0.35333476506599915,8.675564231096745,-0.48656633080329986
12.133333333333333,-0.005210777590464303,0.9294143577157701,0.42253689875177597,7.932947521245932,-0.4866176758543004
12.141666666666666,0.004256579331618213,1.3383280002850524,0.4855770987476373,7.199347877815379,-0.48665742091751063
12.15,0.01701260525061146,1.7178844308686148,0.5425780920714032,6.48422779500976,-0.4866878085602645
12.158333333333333,0.03279908004294014,2.0655316237138233,0.5937023736061638,5.7887316967641675,-0.48671084930113084
12.166666666666666,0.05135081900571231,2.381793014675489,0.6391049468058021,5.110481641962519,-0.4867282511761658
12.175,0.07241400318919444,2.668690770807555,0.6789153219228061,4.44600606220392,-0.4867414361403602
12.183333333333334,0.09575498964194795,2.928955262025252,0.7132336608533311,3.791847494329985,-0.48675158063240365
12.191666666666666,0.12116440185027234,3.1656352864034796,0.7421330460503025,3.1450048128323096,-0.4867596560309425
12.2,0.14845885617548055,3.38189500773702,0.7656639831552631,2.5030698294644047,-0.4867664615862106
12.208333333333334,0.17748135405735044,3.580882969846577,0.7838594745888128,1.8642511527936625,-0.4867726488566716
12.216666666666667,0.20810064634769945,3.7656077736054017,0.7967402262859836,1.22739723709253,-0.4867787386842833
12.225,0.24020942621389865,3.9387740108044738,0.8043203284411703,0.5920998672581547,-0.48678513201234974
12.233333333333333,0.27372083271967695,4.102532595900635,0.806614409033437,-0.04104137167299936,-0.4867921155514468
12.241666666666667,0.30856231322441374,4.258083212226781,0.8036480238230235,-0.6698821152211154,-0.4867998746445546
12.25,0.3446652775529045,4.40505457939708,0.795474152628596,-1.2897968616056756,-0.486808594872351
12.258333333333333,0.38194857449207065,4.540633434418699,0.7821991887820563,-1.8923227349677996,-0.48681853265298747
12.266666666666666,0.4202935370875984,4.6584252839169835,0.764022277212152,-2.46333349215041,-0.4868299713770684
12.275,0.4595092229984075,4.747322004560172,0.7412904024509133,-2.9812279433385016,-0.48684312914755645
12.283333333333333,0.4992907623002577,4.7911660401701655,0.7145641725956293,-3.41649325834143,-0.48685802048199783
12.291666666666666,0.5391828721371296,4.770578874149441,0.6846735771144455,-3.7349772366295513,-0.48687430300633067
12.3,0.5785719083917331,4.668038577985978,0.6527238094478377,-3.906688357165279,-0.4868911994301105
12.308333333333334,0.6167306832334998,4.474961720322714,0.6200102701621693,-3.917913169262374,-0.48690760828119306
12.316666666666666,0.6529158935541886,4.196368898363183,0.5878443369188748,-3.779000518612443,-0.48692241455283153
12.325,0.6864791479330963,3.8491782414964457,0.557358385488878,-3.521048737785864,-0.4869348306746982
12.333333333333334,0.7169396631965123,3.4554008264576233,0.5293800299011161,-3.183813874350889,-0.4869445575904108
12.341666666666667,0.7439965405708626,3.0352901563478887,0.5044131119191958,-2.803650778621694,-0.4869517210301699
12.35,0.7674967952595526,2.6038124234473448,0.48269646558586127,-2.4073156306396957,-0.4869566972467116
12.358333333333333,0.7873881628384111,2.170295459828877,0.46428940197995244,-2.0113509417500675,-0.48695995016017557
12.366666666666667,0.8036765575419678,1.7396218641604524,0.4491489916751574,-1.624189194615748,-0.48696192914270925
12.375,0.816395177909126,1.3136833371272716,0.4371867625677999,-1.2487304853300392,-0.48696302212794607
12.383333333333333,0.825584716509935,0.8925487712704764,0.42830563340188715,-0.8844331002303398,-0.4869635425670017
12.391666666666666,0.8312817043416391,0.475253697335823,0.422422183535744,-0.5287505882446439,-0.4869637322121728
12.4,0.83351210717071,0.06028918140687924,0.41947924550944937,-0.17804794486319814,-0.48696376899632415
12.408333333333333,0.8322881231608922,-0.3541007552419541,0.41945237935957436,0.17181519328217387,-0.48696377615874664
12.416666666666666,0.8276070250119612,-0.7697115928706515,0.42235224329306065,0.5250571685259646,-0.4869638584826614
12.425,0.8194515577005084,-1.188205055868254,0.42822369107960145,0.8856043971488389,-0.4869641614693601
12.433333333333334,0.807791912988161,-1.610885283451512,0.43714157126006375,1.256636508868292,-0.486964889655527
12.441666666666666,0.7925901115916854,-2.038331447174074,0.44920178564693014,1.6398802666197316,-0.4869663148404635
12.45,0.7738083643347788,-2.4697921090726456,0.46450486978744254,2.034489877197271,-0.486968782719962
12.458333333333334,0.7514238451839256,-2.9022368780546492,0.48312788145942637,2.4353349431178395,-0.486972710776569
12.466666666666667,0.7254529624951572,-3.3290343034814724,0.5050792805825923,2.8306475041403125,-0.48697856372822534
12.475,0.6959875251479716,-3.738498988108649,0.5302327435894945,3.1994598762669004,-0.4869867859735372
12.483333333333333,0.6632409132194848,-4.113149232579554,0.5582434044042277,3.510309785426559,-0.4869976727051546
12.491666666666667,0.6275922160342748,-4.4312309860254775,0.5884677910963052,3.723936556526651,-0.48701119217954725
12.5,0.5896031026381271,-4.671824636448785,0.6199318541530678,3.802281825383286,-0.48702684060861884
12.508333333333333,0.5499800828816375,-4.822318362693016,0.651395358446802,3.72170439333932,-0.48704366516840175
12.516666666666666,0.5094801176193444,-4.883610660230478,0.6815170375190621,3.482342990540993,-0.4870605179919323
12.525,0.46879817058831613,-4.868925733100402,0.7090539780568554,3.1064020182188603,-0.4870764118614262
12.533333333333333,0.4284890005461237,-4.797451269853789,0.7330040673236207,2.6273484572811814,-0.48709075550564124
12.541666666666666,0.38894658422949313,-4.6876815960502425,0.7526497379304768,2.078433291254258,-0.4871033723907698
12.55,0.3504276682608146,-4.553725627994429,0.7675251196672177,1.4862171768273047,-0.4871143754888124
12.558333333333334,0.3130929578146825,-4.4045771563350575,0.7773516636349836,0.8691613407421213,-0.4871240127885527
12.566666666666666,0.27704691235070217,-4.24493587453304,0.7819748767903206,0.23888804079485018,-0.4871325479043727
12.575,0.24236850325489925,-4.076417123324303,0.7813153773185115,-0.3978805725835018,-0.48714018897504535
12.583333333333334,0.20913228542653975,-3.8986203610930787,0.7753354839589969,-1.0376133872485243,-0.487147110357777
12.591666666666667,0.17742179585884307,-3.709891872402405,0.7640178881077969,-1.6788046354430224,-0.4871535723014311
12.6,0.14733775430060644,-3.507830017296325,0.7473519612372506,-2.321265686132974,-0.48715995150983116
12.608333333333333,0.11900280206361077,-3.2896195905833197,0.725324666302528,-2.965715633282668,-0.4871667441769233
12.616666666666667,0.09256397433983207,-3.0522512878655728,0.6979139348194215,-3.6135819732901426,-0.48717457380806994
12.625,0.06819362969465066,-2.7926809572146096,0.6650831652199144,-4.266915970050798,-0.4871842047272731
12.633333333333333,0.04608912795855394,-2.507979662409388,0.6267762571264086,-4.9283330507028875,-0.4871965622029592
12.641666666666666,0.026471084180592214,-2.1955382273071846,0.5829134049254971,-5.600868166774661,-0.48721275988206497
12.65,0.009579355868770612,-1.8534290148287684,0.5333890203876693,-6.287571792984324,-0.4872341335064603
12.658333333333333,-0.00433523813117625,-1.4811089584832977,0.4780751124328907,-6.990535894369089,-0.48726227448285103
12.666666666666666,-0.015027543801001719,-1.0807883661000157,0.41683696833398826,-7.708797280519432,-0.48729904303221905
12.675,-0.022290575515839673,-0.6599691683304488,0.34957392517103203,-8.43424206863041,-0.48734650959859727
12.683333333333334,-0.026015944469595903,-0.2356648915977606,0.27630606630626736,-9.144562612442307,-0.4874067150556085
12.691666666666666,-0.026295773682740105,0.1601127863611677,0.1973313649360711,-9.793771071628905,-0.48748106949582787
12.7,-0.023564418879460446,0.47736105422441766,0.11345425893840158,-10.306296995312458,-0.48756925308048527
12.708333333333334,-0.018724548857549365,0.6566206935080839,0.026198485109545245,-10.589675362828975,-0.4876679158405397
12.716666666666667,-0.013127118904685127,0.6552067270374247,-0.062209639899229674,-10.576575583598826,-0.4877703373040416
12.725,-0.00830588408623167,0.47484696944654753,-0.1492551174967783,-10.269812272572691,-0.48786832759170795
12.733333333333333,-0.005586437842083036,0.16050786074909063,-0.2327529334320691,-9.740430116314645,-0.48795538702507696
12.741666666666667,-0.005836060054895456,-0.22818214464756334,-0.3112370539757456,-9.081197919027277,-0.48802844394255673
12.75,-0.00945810618612328,-0.6422252297180396,-0.3839541442349893,-8.366157881007902,-0.4880873820993536
12.758333333333333,-0.0165230526979522,-1.0507286137037233,-0.4506433765203278,-7.639670403327017,-0.4881337156512318
12.766666666666666,-0.026909057205183905,-1.4375022057887539,-0.5113103449246144,-6.922950017871406,-0.48816951900087724
12.775,-0.04040120047207018,-1.7955579341298462,-0.5660745382148953,-6.223532536732469,-0.48819685738021434
12.783333333333333,-0.056749703744698655,-2.1229815861602863,-0.615086190357743,-5.542135866380099,-0.4882175670343296
12.791666666666666,-0.07570097451501047,-2.420475203810614,-0.6584876033126761,-4.876602354496835,-0.4882332068530346
12.8,-0.09701331881319036,-2.690038558596562,-0.6963985282720718,-4.223899934938984,-0.4882450763355278
12.808333333333334,-0.12046462720466798,-2.934294213873456,-0.7289132423497228,-3.581042905592028,-0.4882542514785525
12.816666666666666,-0.14585597132789554,-3.1561421372841525,-0.7561027494559859,-2.9454665864258858,-0.48826161982589805
12.825,-0.17301304995777375,-3.358567787057183,-0.7780189158692029,-2.315152677580495,-0.4882679089557286
12.833333333333334,-0.20178632234360686,-3.5445070790845383,-0.7946992078733872,-1.688668654162029,-0.4882737077046927
12.841666666666667,-0.23205004619144695,-3.7167107310069962,-0.8061717548785229,-1.0652200565838872,-0.4882794809932536
12.85,-0.26370003200011877,-3.8775649941991723,-0.8124611652222481,-0.4447908558430641,-0.4882855793261058
12.858333333333333,-0.2966495735378539,-4.028825332130206,-0.813596137686857,0.1715522623951617,-0.4882922438832481
12.866666666666667,-0.33082259714885415,-4.1712026900608015,-0.8096206500320706,0.7810821732356518,-0.4882996298064427
12.875,-0.3661425471244438,-4.303752691996383,-0.800611434540046,1.3784847753562497,-0.48830791373654936
12.883333333333333,-0.4025153297689347,-4.4230541496048215,-0.7867045877633431,1.9545785408280716,-0.4883173296681449
12.891666666666666,-0.4398045717868641,-4.522212617720768,-0.7681343419947549,2.494722848384667,-0.4883281174436775
12.9,-0.4777988871737316,-4.590027824958293,-0.7452845646912463,2.9775087537539773,-0.4883404329592776
12.908333333333333,-0.5161754339782567,-4.611108191189061,-0.7187456221523861,3.375075249072369,-0.48835422485895996
12.916666666666666,-0.554472345670578,-4.568074246860678,-0.6893550702099251,3.6569922548827796,-0.48836911417781653
12.924999999999999,-0.5920907741579187,-4.446422206043356,-0.6581868969323245,3.798647471159829,-0.4883843579976869
12.933333333333334,-0.6283439793923848,-4.240449166923504,-0.6264601592052167,3.7913328108803084,-0.4883989781694813
12.941666666666666,-0.6625471801531687,-3.9564287102523004,-0.5953790096364259,3.647453437492311,-0.48841203610264694
12.95,-0.6941118100928904,-3.610377495017999,-0.565967711201993,3.3963394435476615,-0.4884229019345378
12.958333333333334,-0.7226029823338065,-3.222075249558333,-0.5389718305877135,3.073631231055178,-0.4884313636449277
12.966666666666667,-0.7477459599167965,-2.8094494610641436,-0.5148494688211885,2.711401233491404,-0.48843756017627876
12.975,-0.769396901372687,-2.3857697733111505,-0.49382522579274,2.3332367451530605,-0.4884418345428253
12.983333333333333,-0.7875016935611105,-1.9594051837373443,-0.47596499180168794,1.9538252985982776,-0.4884446000177477
12.991666666666667,-0.8020588648448953,-1.5348285698630508,-0.4612434580053334,1.5807360294769965,-0.48844625571305583
13.0,-0.8130923051177908,-1.1138466909249987,-0.44959421447042947,1.2166086712381958,-0.488447146904471
13.008333333333333,-0.8206334580238148,-0.6966072034029339,-0.44094292032495525,0.8609631854459616,-0.48844755314739363
13.016666666666666,-0.82471060913604,-0.28229755199770407,-0.43522762801605847,0.5114776072117492,-0.4884476897144297
13.025,-0.8253429003075714,0.13040517254585593,-0.4324103600708451,0.16483447472013665,-0.4884477135068371
13.033333333333333,-0.8225373793295341,0.5430392769177915,-0.4324828742906655,-0.18270291915662418,-0.48844773646148665
13.041666666666666,-0.8162881665660964,0.9571348754409801,-0.4354682132800458,-0.5348347975094553,-0.4884478725418483
13.049999999999999,-0.8065773881037454,1.3740016888158604,-0.44141860606388095,-0.8947877084494709,-0.4884482812139021
13.058333333333334,-0.7933781335753772,1.7944390353725959,-0.450409306002295,-1.2647461173119514,-0.4884491806742815
13.066666666666666,-0.7766604664928185,2.218279360610099,-0.4625265761844933,-1.6449926345363364,-0.48845085408028543
13.075,-0.7564022362350701,2.6436775596139372,-0.47784678145268433,-2.0326082800324956,-0.48845365143959985
13.083333333333334,-0.7326071157112359,3.0660840477152593,-0.4964024053578406,-2.4196291477587133,-0.4884579783257357
13.091666666666667,-0.7053323210219682,3.4769841477822996,-0.5181308020244956,-2.790810544462844,-0.4884642567262868
13.1,-0.6747264292969849,3.8628559185526385,-0.542805120395328,-3.121796596919504,-0.48847284054111517
13.108333333333333,-0.6410715552860857,4.205389396895466,-0.5699576599831693,-3.3795253981988194,-0.4884838803470947
13.116666666666667,-0.6048136028644844,4.484327362486034,-0.5988244080925754,-3.527255391435157,-0.4884971735373803
13.125,-0.566556108680563,4.683210860297801,-0.6283539454102266,-3.5347269326609663,-0.48851209442001114
13.133333333333333,-0.5270017334096283,4.795537112554918,-0.6573091980304087,-3.389132978355417,-0.4885277030291015
13.141666666666666,-0.48685575763551237,4.827079464278565,-0.6844377337297877,-3.099473762146228,-0.48854301730742977
13.15,-0.44673398598713304,4.792624810407574,-0.7086370139952222,-2.691174821482858,-0.4885572907616351
13.158333333333333,-0.4071126129443474,4.709871523923228,-0.729048649204433,-2.1956459462221805,-0.4885701404529892
13.166666666666666,-0.3683264879409299,4.594435576827232,-0.7450692667455553,-1.6416149373452136,-0.48858150698132136
13.174999999999999,-0.33059768104087545,4.457611124624774,-0.7563083190369259,-1.0511367487107828,-0.48859153043236014
13.183333333333334,-0.2940729335957938,4.306281305380205,-0.762529368655887,-0.4392867527305211,-0.4886004251217522
13.191666666666666,-0.25885709088908854,4.143793702558715,-0.7635970221914663,0.18448174522995717,-0.48860838967108855
13.2,-0.22503817341671264,3.9710045426064355,-0.7594370553386246,0.814677380735756,-0.4886155790864234
13.208333333333334,-0.19270434276741852,3.7871442578722663,-0.7500093696356326,1.4484198913398663,-0.48862220433735015
13.216666666666667,-0.16195476788000632,3.590425109282064,-0.7352901828196473,2.08455485281931,-0.488628591413853
13.225,-0.13290623602690477,3.378463718009097,-0.7152602029054848,2.7230881544770873,-0.488635184300185
13.233333333333333,-0.10569685072949055,3.148566811919046,-0.6898964280788644,3.3648663674121653,-0.48864255024003617
13.241666666666667,-0.08048772210847306,2.897936374588812,-0.6591659203402754,4.011406827505703,-0.488651390057262
13.25,-0.05746309763511224,2.6238478827601477,-0.6230206965742884,4.664783472291349,-0.48866255416179594
13.258333333333333,-0.03682891351743289,2.3238629315380845,-0.5813936977187891,5.327461873098076,-0.48867706462161464
13.266666666666666,-0.018809134107564164,1.9961664837743458,-0.5341968530063577,6.001929054215848,-0.4886961422805927
13.275,-0.003638262851767891,1.6401813982966833,-0.48132393136390766,6.689858770141856,-0.48872123361815206
13.283333333333333,0.008453281076375307,1.2577211176998075,-0.42266374797246786,7.390366508745222,-0.4887540213140624
13.291666666666666,0.017266981597965896,0.8550807414375152,-0.35813404394258463,8.096657115172976,-0.4887963788595233
13.299999999999999,0.02268693377420496,0.4464920312674943,-0.2877528248899499,8.790281442419936,-0.4888501855150439
13.308333333333334,0.02476487186228922,0.05874908987403356,-0.2117677508583572,9.433176107494504,-0.4889168612827224
13.316666666666666,0.023841127595050013,-0.26554626603692044,-0.13084931963100843,9.961534178378368,-0.48899649109548865
13.325,0.020664678529659475,-0.4728849444896125,-0.046290916775943707,10.292690350240749,-0.4890866996727397
13.333333333333334,0.016412289449743205,-0.518540691583875,0.03994714721015514,10.356391154197174,-0.48918209439717764
13.341666666666667,0.012503550550268364,-0.39247985906459826,0.12552206979238403,10.13683162908463,-0.4892754198829677
13.35,0.01026229193308932,-0.1262634376040215,0.20824307285746904,9.683925531644883,-0.4893601795161653
13.358333333333333,0.010640929482629511,0.22718506233001973,0.28650335239129193,9.080356856894443,-0.4894326354475293
13.366666666666667,0.014152837847808254,0.618675431241188,0.35937495559121196,8.401203836785964,-0.48949191602802694
13.375,0.0209619741261279,1.0141884941611712,0.42645422081284656,7.696346284303248,-0.48953899429606296
13.383333333333333,0.031012295941622692,1.394305863534042,0.4876513004219319,6.992395833558534,-0.48957563857246417
13.391666666666666,0.0441310241547292,1.7496361950987223,0.5430290594181691,6.3007481797251295,-0.4896037669093892
13.4,0.060094046821801424,2.076681621232063,0.5927069969017746,5.624541119945078,-0.48962515571857546
13.408333333333333,0.07866283382902138,2.3751414142476515,0.6368123928035976,4.963042592502012,-0.4896413467015873
13.416666666666666,0.09960403549107376,2.6463750273052935,0.6754591033668906,4.314039303343384,-0.4896536411116405
13.424999999999999,0.12269951712194836,2.8925769560881895,0.7087407540684086,3.6750193580884756,-0.4896631241639372
13.433333333333334,0.14775130196166972,3.116337705699939,0.7367307984596912,3.0437093606032297,-0.48967069491409204
13.441666666666666,0.1745837499465568,3.3203952686946185,0.7594855772384195,2.4182982988816106,-0.4896770926234485
13.45,0.2030440529080213,3.507465745052222,0.7770486272107934,1.797537225169874,-0.48968291727066304
13.458333333333334,0.2330014079771668,3.6800866182994474,0.7894557145948812,1.1808287704198712,-0.48968864429860876
13.466666666666667,0.2643447709875515,3.840425482466561,0.7967408617359197,0.5683886167210679,-0.48969463433964655
13.475,0.2969787224436888,3.9900109275383397,0.7989442798438604,-0.03844571013923492,-0.4897011386824775
13.483333333333333,0.3308165942290106,4.129333633120544,0.7961237929149001,-0.6366660337237555,-0.4897083112300482
13.491666666666667,0.3657695323673702,4.257268189342518,0.7883721899024103,-1.2207209034577489,-0.4897162962277413
13.5,0.4017300549305693,4.3703318792764865,0.7758429824514088,-1.7813734876202465,-0.4897252844950997
13.508333333333333,0.4385488670970724,4.461833291596137,0.7587866870793941,-2.304360416704935,-0.4897354689911976
13.516666666666666,0.47600513576927944,4.521237586996217,0.7375973468476137,-2.7694204729280365,-0.4897469641671446
13.525,0.5137746563880219,4.534441981208786,0.7128616915238943,-3.1508828371194415,-0.489759700182758
13.533333333333333,0.5514073582031863,4.485884677624474,0.6853913744581852,-3.4213814770214785,-0.48977332524313777
13.541666666666666,0.5883317286806341,4.362837550057956,0.6562084341432459,-3.5592572139517036,-0.4897871827573398
13.549999999999999,0.6238998605898265,4.160436738099656,0.626461185055516,-3.557112713637455,-0.48980042476618535
13.558333333333334,0.6574667460604753,3.8843238014186037,0.5972825849415427,-3.4261232504543147,-0.4898122414991231
13.566666666666666,0.6884731725057667,3.54877801105141,0.5696447599907211,-3.1925051270917826,-0.48982208506600244
13.575,0.716497719589618,3.1716597747652675,0.5442693636816858,-2.8885097417092402,-0.4898297641854257
13.583333333333334,0.7412650084404655,2.7695024273587605,0.521615402517008,-2.543766421368885,-0.4898353938534991
13.591666666666667,0.7626218806227222,2.3548782370261785,0.501923524031978,-2.1806533488114117,-0.4898392740665395
13.6,0.7805014605493119,1.935986397532263,0.4852815625816442,-1.8135809873428261,-0.4898417743385351
13.608333333333333,0.7948894621025626,1.5174213735898345,0.4716860489821936,-1.4503578323814232,-0.4898432574139537
13.616666666666667,0.8057985606505523,1.101230834976658,0.4610893686284597,-1.0940771179356938,-0.4898440411072627
13.625,0.8132511482378423,0.6878309150331219,0.45343190629115554,-0.744764855306288,-0.48984438509626255
13.633333333333333,0.8172686754299602,0.2766700379230786,0.448662244994869,-0.4005952393645653,-0.48984449035913663
13.641666666666666,0.8178655766870264,-0.13332366164979154,0.44674887634303406,-0.05873164862696891,-0.4898445032863569
13.65,0.8150462941736861,-0.5434310728822148,0.44768599826230127,0.2840694737415121,-0.48984452835397835
13.658333333333333,0.808804609896704,-0.9548909614906893,0.451494767411181,0.6309557837068671,-0.4898446789701689
13.666666666666666,0.7991249876443273,-1.3686553509397514,0.4582205022207129,0.9844888729621145,-0.48984511666455255
13.674999999999999,0.7859862674128923,-1.7850544652134086,0.4679252681120976,1.3459984213758445,-0.48984605895543815
13.683333333333334,0.769368793287047,-2.2032959226491022,0.4806739616892598,1.7146478913336705,-0.4898477828689882
13.691666666666666,0.7492666501213116,-2.620729999160023,0.4965109935455751,2.086096632678166,-0.4898506222371311
13.7,0.7257070811295471,-3.031869204235149,0.5154240097468,2.4507423917100057,-0.48985494963385096
13.708333333333334,0.6987786038411532,-3.427335153327597,0.5372921060041379,2.791852625535427,-0.4898611297273294
13.716666666666667,0.6686664672926654,-3.7932817432612693,0.5618210666817065,3.08455088025558,-0.4898694320929675
13.725,0.6356875668631466,-4.112293071439075,0.588479624501426,3.29741041854486,-0.48987990882382865
13.733333333333333,0.6003081863618689,-4.366697254138392,0.6164660969150791,3.3983114428624974,-0.48989228212409813
13.741666666666667,0.5631247760871037,-4.54386121133566,0.6447404168899238,3.3638238389085613,-0.48990592551476814
13.75,0.5248010697753627,-4.640783874151518,0.6721338968793186,3.1874502287399213,-0.4899199980708395
13.758333333333333,0.4859815401125295,-4.664798697444822,0.697502472525548,2.8811406828987827,-0.489933683971714
13.766666666666666,0.44721800571027476,-4.629969647732824,0.7198593943489004,2.4692739203597878,-0.4899464002939188
13.775,0.40893518509732685,-4.551925276099998,0.7384418104078055,1.9798060232781642,-0.489957871515332
13.783333333333333,0.37143511717801486,-4.444034971320629,0.7527103061057822,1.4376226515048292,-0.4899680785086714
13.791666666666666,0.3349239824545094,-4.315839516609679,0.7623090790416414,0.8617180438476669,-0.489977152425193
13.799999999999999,0.2995445590340859,-4.173107248924596,0.7670153334467141,0.26515600176037857,-0.48998527331222314
13.808333333333334,0.26540472516331587,-4.018593545205625,0.7666943433487428,-0.34375830184458134,-0.4899925986090555
13.816666666666666,0.23259888122968803,-3.852915819206297,0.7612656107808692,-0.9600980911313622,-0.489999265754895
13.825,0.20122262528285673,-3.675269668203569,0.7506795604041496,-1.5812215927082665,-0.4900054935536142
13.833333333333334,0.1713823268425499,-3.4839477814486317,0.734901770863654,-2.2060325981314683,-0.4900116136065753
13.841666666666667,0.14320101354707684,-3.276710629379725,0.7139022665752085,-2.8344994627489926,-0.4900180729905939
13.85,0.11682165985961292,-3.0510475249031193,0.6876479258728814,-3.4673741975985592,-0.4900254406751603
13.858333333333333,0.09240858386171294,-2.804377845658723,0.6560966951338958,-4.106025593715634,-0.4900344185445702
13.866666666666667,0.07014724112053232,-2.5342436255389993,0.6191930247449128,-4.752296973515716,-0.4900458574893422
13.875,0.05024223541677889,-2.2385576512875116,0.5768647592698167,-5.408277517006238,-0.49006077845896495
13.883333333333333,0.03291270731305855,-1.9160054730188316,0.5290228472420347,-6.07581876855496,-0.4900803963595678
13.891666666666666,0.018383190483105123,-1.566766223363468,0.47556706445524766,-6.75551487240954,-0.49010613929853564
13.9,0.006866241457282284,-1.1938210158090579,0.41640400285277324,-7.444683332194608,-0.4901396431764915
13.908333333333333,-0.001469556224063504,-0.8052200720298033,0.3514882945442908,-8.133689370844417,-0.49018267605692123
13.916666666666666,-0.006555561198725536,-0.41757699271655063,0.28090345254552196,-8.800080940032949,-0.4902369040931432
13.924999999999999,-0.00851171006547844,-0.06015385591465293,0.20499860587792906,-9.401443172309174,-0.4903033704956952
13.933333333333334,-0.007761725540126498,0.2237007443393508,0.12457418706132826,-9.872196114290544,-0.49038161836448596
13.941666666666666,-0.0051269360501261674,0.3843301621465986,0.04104077799491569,-10.135277334336179,-0.49046873978904587
13.95,-0.0018005640530680315,0.386270122586733,-0.04360974320682829,-10.134919557455351,-0.49055920798664043
13.958333333333334,0.0008657807650082503,0.22924957602728216,-0.12713613389374082,-9.8707569481216,-0.49064630913728324
13.966666666666667,0.001674994491321735,-0.05159227280764951,-0.20754143621198687,-9.398171822771745,-0.4907245048152946
13.975,-0.00019919929952232545,-0.4065391826076472,-0.28340937203770505,-8.794445174820236,-0.49079087967474305
13.983333333333333,-0.0051839713479855535,-0.7919868471165662,-0.3539371248273709,-8.125660130492008,-0.49084498200962445
13.991666666666667,-0.013400579877176588,-1.1784433879673244,-0.41877723914074505,-7.434663651443809,-0.4908878687381767
14.0,-0.024780192829727748,-1.5491635700135347,-0.47785073934480415,-6.744162175251823,-0.49092122062786253
14.008333333333333,-0.039153295839839175,-1.8960451402781224,-0.5312090217695665,-6.0639044514782094,-0.4909468166365252
14.016666666666666,-0.05630617094318489,-2.216098052988891,-0.5789521042662169,-5.396607595196683,-0.49096629851500284
14.025,-0.07601312840164877,-2.509149859481738,-0.6211869361692511,-4.741675888601544,-0.4909810955775729
14.033333333333333,-0.09805393354339612,-2.7765213021519632,-0.6580092173564945,-4.097243639249013,-0.49099242026492473
14.041666666666666,-0.12222290908253411,-3.0202973521663474,-0.6894976235494831,-3.4612062853691192,-0.49100128840549995
14.049999999999999,-0.1483334584110225,-3.2429216990914753,-0.7157141097017036,-2.831708768443947,-0.49100854401544347
14.058333333333334,-0.17621995035046328,-3.4469480449177894,-0.7367070578050742,-2.2073755519670697,-0.49101488112622316
14.066666666666666,-0.20573782563387322,-3.634849298725128,-0.7525158781528903,-1.587451283999625,-0.49102086055910776
14.075,-0.23676212693444948,-3.8088211050910883,-0.763176803211597,-0.971961878077784,-0.49102692159084604
14.083333333333334,-0.26918419438944063,-3.9705302006149084,-0.7687304112763292,-0.3619822194090365,-0.491033389034186
14.091666666666667,-0.3029058706982434,-4.120760225854674,-0.7692321088843359,0.23990732140663862,-0.4910404765665094
14.1,-0.33783013490198077,-4.258898761628562,-0.7647675525349884,0.8288732008808241,-0.4910483149996768
14.108333333333333,-0.37384672298814303,-4.382255825153555,-0.7554756109503443,1.3967884869592937,-0.4910570499694918
14.116666666666667,-0.4108115756378757,-4.485275713864333,-0.7415807926626581,1.9310168430069774,-0.4910668484882717
14.125,-0.4485198668097991,-4.558847532679166,-0.72343559108347,2.4133580550991645,-0.4910778320996315
14.133333333333333,-0.48667551763227695,-4.590273327130812,-0.7015677857791001,2.820122554684389,-0.4910899829237134
14.141666666666666,-0.5248660585469457,-4.564728206231633,-0.6767175168667102,3.1247562477759674,-0.4911030459030282
14.15,-0.5625581722861376,-4.4687805247824794,-0.6498380218678094,3.303958286790833,-0.49111648095971017
14.158333333333333,-0.599129077937201,-4.295175182871338,-0.6220345828573732,3.345871113344843,-0.49112952839787727
14.166666666666666,-0.6339344092489277,-4.046287400030247,-0.5944415734401998,3.2558467764232972,-0.4911413966202296
14.174999999999999,-0.6663897635154363,-3.733694885218609,-0.5680779742301676,3.0554187888276365,-0.4911514839114237
14.183333333333334,-0.6960320211995903,-3.37406900726816,-0.5437403357911036,2.7749076603348177,-0.4911595097152282
14.191666666666666,-0.7225405533979713,-2.984197995428617,-0.5219672610348396,2.4445951955235543,-0.4911655059680415
14.2,-0.7457228751667421,-2.577700612734416,-0.5030668016746573,2.0889179552209662,-0.49116971726065245
14.208333333333334,-0.765482560405478,-2.163994667337702,-0.48717519557718275,1.724643122921368,-0.49117248628518123
14.216666666666667,-0.7817853813827874,-1.7487296762454998,-0.4743187593926227,1.3616319721272498,-0.49117416922922075
14.225,-0.7946317883346381,-1.334747311065393,-0.4644645469611746,1.0045469214542209,-0.49117508875503924
14.233333333333333,-0.8040375358552436,-0.9230193719786665,-0.4575564660711102,0.6545341792887589,-0.4911755146139942
14.241666666666667,-0.8100212790926192,-0.5133710959346949,-0.4535388106152365,0.31054053034957596,-0.4911756596616959
14.25,-0.8125972550115578,-0.10498566683578281,-0.452370443019425,-0.02974714821364869,-0.49117568243434123
14.258333333333333,-0.8117714713455648,0.3032446853573835,-0.45403235121011476,-0.36922726466477007,-0.49117569391898147
14.266666666666666,-0.807540472103342,0.7124412506593838,-0.4585301890176978,-0.7108377316327392,-0.49117579677791234
14.275,-0.7998922605421382,1.1234882651617208,-0.46589254990075596,-1.0570584967398184,-0.49117613563354406
14.283333333333333,-0.7888095196195294,1.5367156799669115,-0.47616471925228254,-1.409296229762804,-0.4911769078329951
14.291666666666666,-0.7742760176031482,1.9514417539905984,-0.4893963645744688,-1.7670270026264314,-0.4911783662967932
14.299999999999999,-0.7562876252999924,2.3653149801317186,-0.5056206994619693,-2.1265925531889054,-0.4911808171493922
14.308333333333334,-0.7348697405103508,2.7734403674333796,-0.5248220312816275,-2.4796271163061263,-0.49118460436788486
14.316666666666666,-0.7101025025256607,3.167427117060565,-0.54688935463393,-2.811358470298384,-0.49119007015391053
14.325,-0.6821528550435618,3.534806031477861,-0.5715577518437768,-3.0995713424040536,-0.491197480280548
14.333333333333334,-0.6513071095913515,3.8596562435523434,-0.5983488506321859,-3.315705913849664,-0.49120691685047574
14.341666666666667,-0.6179900483580346,4.125308176914777,-0.6265349561178475,-3.4296170261735806,-0.4912181731601054
14.35,-0.5827527866778557,4.318957660907505,-0.6551582829232072,-3.4177282549189676,-0.4912307205933234
14.358333333333333,-0.5462208834159458,4.436100420706403,-0.6831207442578164,-3.2709556849980355,-0.4912438068945387
14.366666666666667,-0.5090166685855406,4.48188523438245,-0.7093206173359851,-2.9973302397072166,-0.4912566614335264
14.375,-0.4716874309781548,4.468477802064432,-0.7327812692528776,-2.6176706838369888,-0.4912686958431735
14.383333333333333,-0.4346657997510718,4.410459937279596,-0.7527257175046673,-2.157752220917882,-0.4912795981813429
14.391666666666666,-0.3982668182562938,4.320986015883577,-0.7685882962576625,-1.6416720410777563,-0.49128930824582184
14.4,-0.36270905921093133,4.209900857928285,-0.7799844871911408,-1.0885267001726187,-0.49129792886507584
14.408333333333333,-0.3281440992343782,4.083489068705686,-0.786665535495799,-0.511870168388337,-0.49130563066788224
14.416666666666666,-0.2946841309608126,3.945043673076412,-0.7884753108928922,0.07942552226579105,-0.49131257902257025
14.424999999999999,-0.2624236502926915,3.7956487538070136,-0.7853163840832175,0.6799389567127395,-0.49131890039128895
14.433333333333334,-0.23145481558369888,3.6348823832760466,-0.7771260484542112,1.2866058884532916,-0.49132475585618174
14.441666666666666,-0.20187773007369453,3.4613330055273392,-0.7638600013085474,1.8979713115426367,-0.49133040856628074
14.45,-0.17380703286841748,3.2729761250682285,-0.74548118630347,2.5136853748387247,-0.4913362301174202
14.458333333333334,-0.14737582997323137,3.0674417583056117,-0.7219519737558252,3.134197666422377,-0.49134270598395313
14.466666666666667,-0.12273771053442531,2.842213747471835,-0.6932282965721693,3.760581065150901,-0.49135044489327545
14.475,-0.10006723522782887,2.5948046588890064,-0.6592549767840201,4.394409006017225,-0.49136019270557985
14.483333333333333,-0.079558897811021,2.322957076081382,-0.6199621500481945,5.037597838769681,-0.49137285109940987
14.491666666666667,-0.06142405680893209,2.0249447714566675,-0.5752635662781752,5.692088048615154,-0.49138950025494066
14.5,-0.04588454402210781,1.700095019652656,-0.525058895888904,6.359157481821981,-0.4914114214820939
14.508333333333333,-0.03316032851779647,1.349735692260685,-0.4692444393755727,7.038017787764343,-0.4914401077793953
14.516666666666666,-0.023446468718404202,0.9788795996346276,-0.40774034210665466,7.7231498564490995,-0.4914772329867508
14.525,-0.016871685307211965,0.5990010987800147,-0.34054756438375605,8.39973047421723,-0.4915245177143067
14.533333333333333,-0.013428972150554035,0.23188913463163138,-0.2678517391606012,9.037063514453571,-0.49158338536304197
14.541666666666666,-0.012874147116857446,-0.0870023009676649,-0.1901831084416499,9.582478259441217,-0.491654290266221
14.549999999999999,-0.014613999251046533,-0.3105012670472783,-0.10860014587344824,9.963563388381537,-0.49173576704138167
14.558333333333334,-0.01765594186189035,-0.3932963932540626,-0.024780786645800544,10.109437929714929,-0.4918237342322402
14.566666666666666,-0.020716620452019184,-0.3146318693578266,0.05914015186386024,9.987370213024631,-0.491912003573276
14.575,-0.022495715546737745,-0.09144208295284578,0.14100140456766502,9.624148605338188,-0.49199426896616316
14.583333333333334,-0.021960602487551023,0.232475907712774,0.21906317802521713,9.088415473648118,-0.492066192104316
14.591666666666667,-0.01847545833576972,0.609249402009629,0.29220234789484695,8.45381984964441,-0.4921260772690719
14.6,-0.011763597602370007,1.0019323658038575,0.35984060257014966,7.775396116766675,-0.49217425139108506
14.608333333333333,-0.0017975159641431485,1.3874402338902754,0.4217626857517008,7.085761731765996,-0.49221209991551435
14.616666666666667,0.011305637428799701,1.7534539948336945,0.47795069390929446,6.400868641385089,-0.4922413562023791
14.625,0.027356972406009167,2.094485531689658,0.5284742264218439,5.726757012004065,-0.4922637284858309
14.633333333333333,0.0461397830505437,2.4089643027741823,0.573429442222248,5.064383393572691,-0.49228075059671095
14.641666666666666,0.06743407762440237,2.6974508080390773,0.6129097291388937,4.412469251547568,-0.4922937446992847
14.65,0.09102971836389004,2.9616270371643774,0.6469940893052809,3.7690150096711834,-0.49230382961085983
14.658333333333333,0.11673321191556356,3.203736833314356,0.6757446370660778,3.132051235464839,-0.49231194276602697
14.666666666666666,0.14437092017414385,3.4262584652848473,0.6992085360229557,2.500000609132818,-0.49231886259424107
14.674999999999999,0.17379003063698506,3.6316774846480904,0.7174221496169417,1.8718760532442538,-0.49232522674062107
14.683333333333334,0.20485775546918655,3.822277592851255,0.7304166691323425,1.2474565071901444,-0.4923315451010697
14.691666666666666,0.23745865238524283,3.999889964151424,0.7382254788581089,0.6275438373354041,-0.49233820785789784
14.7,0.27148949875351536,4.165547905308379,0.7408943215896888,0.014393217239517357,-0.4923454890121335
14.708333333333334,0.306850702982126,4.318990630315822,0.7384961062636439,-0.5875838536163349,-0.49235355332225883
14.716666666666667,0.34343276291080865,4.457971198694293,0.7311530527652403,-1.1707658501930096,-0.4923625346559353
14.725,0.3810963409812109,4.5774321483070075,0.7190686177631112,-1.7230554643886256,-0.4923725945711569
14.733333333333333,0.4196453851232159,4.668710006489001,0.7025701172504498,-2.226660150435798,-0.4923838668987817
14.741666666666667,0.45879537907848333,4.719282082145033,0.6821584890615655,-2.657805985137793,-0.4923963634001404
14.75,0.49814468573500137,4.713922255461505,0.6585515032536513,-2.9888687432358516,-0.49240986727921887
14.758333333333333,0.5371642725214285,4.638020082262838,0.6326942905087638,-3.1941876963860443,-0.492423866065977
14.766666666666666,0.5752230982939978,4.482567873072365,0.6057080039232802,-3.2586550495140068,-0.49243759473535226
14.775,0.6116538224912654,4.248300358571259,0.5787696141671874,-3.184701296983313,-0.4924502154584552
14.783333333333333,0.6458385310837046,3.9459968497219093,0.5529590430096158,-2.992532126626474,-0.4924610560410027
14.791666666666666,0.6772783937015474,3.5925766570356754,0.5291366634842627,-2.713058614854343,-0.49246977042825035
14.799999999999999,0.7056223357057508,3.2057550766904193,0.5078941473716925,-2.378391894688282,-0.492476350056045
14.808333333333334,0.7306561340363751,2.8002368858040234,0.48957555579702416,-2.0150945029585516,-0.49248102642032837
14.816666666666666,0.7522700869061874,2.3863506584570824,0.47433645643734285,-1.6417476198663687,-0.49248414817788244
14.825,0.7704231360156404,1.9703795853966264,0.4622094617406487,-1.2695204715241741,-0.4924860867622667
14.833333333333334,0.7851131119707049,1.555552832818917,0.4531590155565109,-0.9039222886241947,-0.49248718260834273
14.841666666666667,0.7963555960161847,1.143053692964828,0.44712087186951505,-0.5466033263061931,-0.49248772236803795
14.85,0.8041703250451073,0.7328060727872949,0.4440280090205964,-0.19678069036498372,-0.4924879337594234
14.858333333333333,0.8085731262490453,0.32402201538379044,0.44382642190116706,0.14774686173799267,-0.4924879881733095
14.866666666666667,0.809571639687711,-0.0844228353349722,0.44648379073679145,0.48987975589654875,-0.49248801102481643
14.875,0.8071637165047613,-0.49371188868412424,0.451992947723663,0.8326722598144436,-0.49248811135804055
14.883333333333333,0.8013379623287968,-0.9048378104749406,0.46037111680304954,1.1788389272096882,-0.4924884251296513
14.891666666666666,0.7920764916927379,-1.3183083553041768,0.4716547859862149,1.530178095110748,-0.4924891396481349
14.9,0.7793606136883094,-1.7337245198355316,0.48588895208064004,1.8867763653122334,-0.4924904978476072
14.908333333333333,0.7631807966632936,-2.1491657738949765,0.5031084179954383,2.245879954913037,-0.49249279736646323
14.916666666666666,0.7435526963055193,-2.560350951102661,0.5233080636962665,2.6003797605293544,-0.49249637824452125
14.924999999999999,0.7205408588853808,-2.959669038491855,0.5463993327456301,2.9370773918499764,-0.49250158830946894
14.933333333333334,0.6942898733217906,-3.3354559196305704,0.5721534096520763,3.2353917555252982,-0.49250871449121636
14.941666666666666,0.6650579452848724,-3.6722971268145383,0.6001399721400372,3.467872057583463,-0.49251787843761474
14.95,0.6332402920042943,-3.9532992230545236,0.6296836776876193,3.6041724008975344,-0.49252892422888567
14.958333333333334,0.5993643207760389,-4.16447803725733,0.6598701651133598,3.618770065136736,-0.49254136469192134
14.966666666666667,0.5640447702104732,-4.299522312030464,0.6896227535365571,3.499422246519748,-0.4925544554211058
14.975,0.5279081313807897,-4.361932619206679,0.7178343557574532,3.251137799493385,-0.4925673918915454
14.983333333333333,0.4915164920652819,-4.363035287034211,0.7435026423562251,2.8929972028809043,-0.49257952650975256
14.991666666666667,0.45532041000900714,-4.317468190657436,0.7658167992051989,2.450513535255492,-0.4925904900937279
15.0,0.4196497689152716,-4.2390001639887265,0.7841795302469283,1.9484588499843707,-0.4926001866013941
15.008333333333333,0.3847319299313946,-4.138259265177035,0.7981819223910038,1.4069011781857717,-0.4926087097931707
15.016666666666666,0.350720918325682,-4.022243127310727,0.8075586975133939,0.840271379654813,-0.49261624424737444
15.025,0.31772606297639305,-3.894801627798188,0.8121435860140628,0.25809009067985755,-0.49262298591334996
15.033333333333333,0.2858350373591221,-3.7574136568107397,0.8118334530325907,-0.33380249506392895,-0.49262909084792694
15.041666666666666,0.2551304722216228,-3.609920910180713,0.8065626110220818,-0.9320863149093258,-0.4926346873837481
15.049999999999999,0.22570113603360067,-3.451084636280191,0.7962855841331249,-1.535122379067269,-0.4926399740798257
15.058333333333334,0.1976492268262756,-3.2789754192172524,0.7809654804589226,-2.1424175705186266,-0.49264525119320285
15.066666666666666,0.17109490371873753,-3.091250243471577,0.7605659704754019,-2.7542887849681774,-0.4926509253043627
15.075,0.14617887323059142,-2.8853488242656895,0.7350453857552423,-3.3716788604804253,-0.4926575171681824
15.083333333333334,0.12306354008808651,-2.6586481984596104,0.7043519531582048,-3.9960569778904125,-0.49266567372034925
15.091666666666667,0.10193290600910683,-2.4086159080854768,0.6684197471877531,-4.629333222327999,-0.49267618489586884
15.1,0.08299102341104514,-2.1330142483965235,0.6271655969280227,-5.273696722134138,-0.492690005548025
15.108333333333333,0.06645826062487489,-1.830239164400032,0.58048812717535,-5.931234887294603,-0.49270828123562305
15.116666666666667,0.05256370985522204,-1.4999382733310611,0.5282716864287597,-6.603088270629482,-0.4927323723482118
15.125,0.04153047535647847,-1.144152682023053,0.47040063165674917,-7.287721999681708,-0.492763860664765
15.133333333333333,0.033548030302358235,-0.7693472081906833,0.40679384878220065,-7.9776759160095185,-0.49280450025907935
15.141666666666666,0.028722622306957848,-0.3896872383133361,0.33747514127225525,-8.654124543601124,-0.49285603467397754
15.15,0.026995616544368307,-0.031292344477540104,0.26269780154349787,-9.279558448815667,-0.49291975389624676
15.158333333333333,0.02802967001056202,0.2650047995846287,0.18312639884410456,-9.792521816754366,-0.4929956819595911
15.166666666666666,0.031098538812165635,0.4485729562031231,0.10002022571315285,-10.11462554402488,-0.493081557319622
15.174999999999999,0.035072549317546386,0.47729355416990615,0.015268480475055343,-10.179642329936655,-0.49317234677571653
15.183333333333334,0.03859187937359854,0.3412699436185095,-0.06887670679102925,-9.971942015305356,-0.4932613013919739
15.191666666666666,0.04038101516856905,0.06937729636049902,-0.15029672038300984,-9.537139972981068,-0.4933423265521032
15.2,0.039508703130398275,-0.28887141853964765,-0.22741372771216303,-8.952530637875514,-0.49341182571284814
15.208333333333334,0.03545835040001028,-0.686558187543592,-0.2992905771564924,-8.289681936406406,-0.4934688632060329
15.216666666666667,0.02804982232525091,-1.0905656954895964,-0.36549471728374666,-7.597143612093956,-0.4935142701859051
15.225,0.017319286501024912,-1.481562980831748,-0.4259021825079714,-6.901434782549418,-0.49354967735584276
15.233333333333333,0.003420489174427659,-1.8499310985542194,-0.4805431552646948,-6.214291339631912,-0.4935768989840684
15.241666666666667,-0.013439239664837729,-2.191885431736831,-0.5295076298997045,-5.539236907454986,-0.49359764322426414
15.25,-0.033035877676182206,-2.5068738263461703,-0.5728963090941503,-4.875848691935771,-0.4936134120780591
15.258333333333333,-0.05514872124575399,-2.796060703208996,-0.6107986825770753,-4.222137909301774,-0.4936254879626343
15.266666666666666,-0.07957087234334971,-3.0614950084516286,-0.6432856272545536,-3.5757629029478872,-0.49363495179191436
15.275,-0.10611452375759925,-3.3056529963053283,-0.6704091863556441,-2.9346089794058043,-0.493642707936781
15.283333333333333,-0.1346132941950632,-3.531163033624611,-0.6922057400034747,-2.2970640306052914,-0.49364950663081614
15.291666666666666,-0.16492261000635206,-3.7405970826344164,-0.7087009188635343,-1.662186801740142,-0.4936559610018294
15.299999999999999,-0.1969183592280399,-3.936253953504108,-0.719915934241889,-1.0298970199667514,-0.49366255840705986
15.308333333333334,-0.2304934963169759,-4.119874610909245,-0.7258759473114053,-0.4012914023203122,-0.4936696664715455
15.316666666666666,-0.26555178783860417,-4.292230441420904,-0.726621949708196,0.22081184144799362,-0.49367753448655893
15.325,-0.3019973577971218,-4.452514157315562,-0.7222285634708098,0.8309732645226319,-0.49368631844883687
15.333333333333334,-0.33971820773543426,-4.597511302619797,-0.7128310059082382,1.4198542956508167,-0.49369618543979954
15.341666666666667,-0.37856217715735285,-4.720632257354792,-0.6986637516868802,1.9727139704145398,-0.4937073219109905
15.35,-0.41830507060348204,-4.811084247365577,-0.6801113336756702,2.468144973283221,-0.4937198516935505
15.358333333333333,-0.4586149141123464,-4.853934790087179,-0.6577644356416956,2.878349948465175,-0.49373371943890487
15.366666666666667,-0.4990242534766038,-4.832160568055419,-0.6324607764789587,3.172823788665186,-0.49374857347086204
15.375,-0.5389303693870269,-4.7312742570030615,-0.6052768449782636,3.326414967307916,-0.4937637227662961
15.383333333333333,-0.5776407884987881,-4.5451073317590325,-0.5774413384650989,3.32924950753548,-0.4937782466181524
15.391666666666666,-0.6144595621593985,-4.279150870637684,-0.5501793942318293,3.1922768726806137,-0.49379124695117027
15.4,-0.6487805281422171,-3.948733053879452,-0.5245471588907937,2.9437849837087033,-0.4938021068568908
15.408333333333333,-0.6801470596868617,-3.5733562483050725,-0.5013271657853317,2.619272975445014,-0.49381060567721874
15.416666666666666,-0.7082622337287214,-3.1710981594220033,-0.48101193328523223,2.251517765756916,-0.49381686517430123
15.424999999999999,-0.7329624516346641,-2.7556258455224323,-0.4638523965897082,1.8652700869177132,-0.4938212123501433
15.433333333333334,-0.754177509810472,-2.3357655987588597,-0.449930529001264,1.4764642633448652,-0.4938240493184481
15.441666666666666,-0.7718935051635989,-1.9164004184573404,-0.43922716918848664,1.0937852474224838,-0.4938257688209301
15.45,-0.7861249829680037,-1.499666544313985,-0.4316735850689855,0.7207861964302,-0.49382671326487493
15.458333333333334,-0.7968964678925186,-1.0859672361727284,-0.42718633545153206,0.3577051596917022,-0.49382716157280926
15.466666666666667,-0.8042312224789115,-0.6746934324581397,-0.42568907716759913,0.0027800892096374805,-0.49382732969348003
15.475,-0.8081449331032196,-0.26469978037061936,-0.42712527161281577,-0.3468576557949624,-0.49382737737612786
15.483333333333333,-0.8086426564978153,0.14537574766028255,-0.43146465913189436,-0.6945595300103357,-0.49382743035211685
15.491666666666667,-0.8057180281594147,0.5568741202386971,-0.43870526432404366,-1.043686392605753,-0.4938276089904308
15.5,-0.7993544173431192,0.9708755133784478,-0.4488715185951749,-1.3971296798126323,-0.4938280683923527
15.508333333333333,-0.7895283042851011,1.387890813467034,-0.46200798160154594,-1.7567099091934304,-0.4938290191848121
15.516666666666666,-0.7762158335060194,1.807394773209492,-0.47816701274666346,-2.1223033483465454,-0.4938307318027093
15.525,-0.7594041698553734,2.2271296577628843,-0.49738758809826294,-2.4905719778470496,-0.49383353470821645
15.533333333333333,-0.7391097456034312,2.6421517159614374,-0.5196616561227119,-2.8532501159786734,-0.4938377981721134
15.541666666666666,-0.7154051542855507,3.043754901375515,-0.5448850225607902,-3.1952243695598566,-0.4938438904377795
15.549999999999999,-0.688453993271827,3.4187610220029696,-0.5727940530830672,-3.4932623802772484,-0.4938520931591039
15.558333333333334,-0.6585468819231046,3.7501397881777336,-0.6029001012257242,-3.71707464192795,-0.4938624780626078
15.566666666666666,-0.6261229557197105,4.019998106950985,-0.6344491985446215,-3.8345345214501974,-0.49387478557188663
15.575,-0.5917563527891566,4.214784657139574,-0.6664430634174,-3.8208188585907887,-0.4938883895497625
15.583333333333334,-0.5560979206093594,4.330250844505426,-0.6977391235507728,-3.6672221363756283,-0.4939024189040892
15.591666666666667,-0.5197888318633379,4.3727744551947465,-0.7272013393218733,-3.383732400696015,-0.493916002401678
15.6,-0.483382870924056,4.356135471976853,-0.7538383596833228,-2.993712717071902,-0.49392849876190675
15.608333333333333,-0.4473064075639854,4.296280885743137,-0.7768782641164645,-2.525005144675205,-0.493939594376183
15.616666666666667,-0.41185900488143684,4.20719929947448,-0.795773850658359,-2.002836989089757,-0.49394926367339764
15.625,-0.37723890987535186,4.099089373894639,-0.8101648364689115,-1.446606288379398,-0.4939576625816809
15.633333333333333,-0.3435758168770209,3.9782859738669263,-0.819826870800929,-0.8696611071383913,-0.4939650213005021
15.641666666666666,-0.31096031313263445,3.847986756851141,-0.8246254288439414,-0.2804468542555799,-0.49397156574788303
15.65,-0.2794663482756812,3.709126008376842,-0.8244808418720134,0.3160947340695479,-0.49397747021739985
15.658333333333333,-0.24916685180163778,3.5611233431321994,-0.8193442619654512,0.9173371507579323,-0.4939828713750784
15.666666666666666,-0.22014395258835423,3.402423101493545,-0.809182043917789,1.5221568627842421,-0.4939879707304786
15.674999999999999,-0.19249550702479365,3.2308565898544157,-0.7939654147128196,2.130443887307554,-0.49399306973940676
15.683333333333334,-0.16633909661070514,3.043892515450593,-0.773663367557364,2.742809982701888,-0.4939985747458895
15.691666666666666,-0.14181429002500118,2.8388095649877894,-0.7482373299356218,3.3604437507370646,-0.4940050051935539
15.7,-0.11908365947182589,2.612828837401923,-0.7176366545700545,3.985047487486924,-0.4940130061965877
15.708333333333334,-0.09833273227970175,2.3632436855209624,-0.6817945204096967,4.618790202396493,-0.49402336630070426
15.716666666666667,-0.07976870974128647,2.0875956406095817,-0.6406244369319897,5.264192861429409,-0.4940370410709214
15.725,-0.06361726997032904,1.7839754390106297,-0.5940184256721638,5.923811671482196,-0.4940551819174349
15.733333333333333,-0.05011588375567649,1.4515896122947882,-0.54184945500597,6.599482011857549,-0.4940791657571799
15.741666666666667,-0.039500493025289005,1.091839487571001,-0.48398338128155044,7.29070291449124,-0.49411061139996537
15.75,-0.03197975357688357,0.7103034451009794,-0.42031019532598773,7.991484655965366,-0.4941513467556954
15.758333333333333,-0.027687377584312587,0.320074081803665,-0.3508108508279785,8.684839585916698,-0.49420324904006735
15.766666666666666,-0.026600741285192683,-0.05359811009075121,-0.27568074120467734,9.334858101433232,-0.49426782189604523
15.775,-0.02842165462597155,-0.36954217924805915,-0.19551946786492513,9.879813163323826,-0.49434536713052557
15.783333333333333,-0.03245031329129278,-0.5742266085579546,-0.1115395238131342,10.23690595113057,-0.49443385388860395
15.791666666666666,-0.037547703930758174,-0.6200970541088991,-0.02563914348599217,10.331316293286536,-0.4945282141695804
15.799999999999999,-0.042298682973039355,-0.4923693878408806,0.059847484649772124,10.13964732952617,-0.49462128449974746
15.808333333333334,-0.045347254376308425,-0.21910280227190249,0.1426801494288829,9.706336520469806,-0.49470637673851714
15.816666666666666,-0.045692117539656664,0.14727487153329158,0.2211773146692755,9.113473727400528,-0.4947794527549968
15.825,-0.04277612144798578,0.5561636664919014,0.2943458571619956,8.4385007977187,-0.49483940557525435
15.833333333333334,-0.03640516356460755,0.9718921406324383,0.3617389023864593,7.7338646000681335,-0.4948870841415013
15.841666666666667,-0.026617062487049023,1.3738768919392899,0.4232411191135135,7.027804771501201,-0.4949242167947308
15.85,-0.013573858351298861,1.7520712766325055,0.4788994737543509,6.332439488241417,-0.49495272581761046
15.858333333333333,0.002507136523950281,2.1026575482800114,0.5288209995049449,5.651064187419818,-0.49497441131875763
15.866666666666667,0.021392384546420153,2.425201719340784,0.5731204888364233,4.982820905187594,-0.4949908467623939
15.875,0.0428528738540746,2.721029157305962,0.6118976982869874,4.32525552479188,-0.4950033688508095
15.883333333333333,0.06667477438598178,2.9923555905585935,0.645229996604686,3.6755896624563906,-0.4950131004014763
15.891666666666666,0.09266474288219946,3.2418266310512527,0.6731724233669776,3.0313043995844327,-0.4950209795073079
15.9,0.12065232407751034,3.4722551292409283,0.6957610513721709,2.3903938699076877,-0.49502778514127244
15.908333333333333,0.15049054304122342,3.6864342378533683,0.7130178408808293,1.7514960874272076,-0.4950341565190469
15.916666666666666,0.18205498147000257,3.8869499010888053,0.7249565422587592,1.1140321068338748,-0.4950406061374639
15.924999999999999,0.21524108231315,4.075933674516103,0.7315901529742902,0.47845649414284724,-0.49504752708136773
15.933333333333334,0.2499589417603293,4.254696286965049,0.7329412815211619,-0.153277116782352,-0.4950551952193558
15.941666666666666,0.28612429649225,4.423165882176937,0.7290577394100402,-0.7768990128261459,-0.4950637879612394
15.95,0.32364378175433106,4.579075394545674,0.7200367974919145,-1.3845689038732527,-0.49507349227722214
15.958333333333334,0.36239246514183576,4.716927339002568,0.7060614521326855,-1.9632551997880348,-0.4950845363854355
15.966666666666667,0.4021822755484544,4.826905650742066,0.6874510309492646,-2.4930214012795826,-0.49509711563854725
15.975,0.442723189920341,4.8943805682854284,0.6647228993269755,-2.9463427446570174,-0.4951112727178577
15.983333333333333,0.4835867327972926,4.901186834458074,0.6386487627461169,-3.290475280115438,-0.49512675550979446
15.991666666666667,0.5241917755673319,4.829804334475323,0.6102713008296041,-3.494781761606928,-0.4951429236206556
16.0,0.5638361638319123,4.6698254903800755,0.5808412370214739,-3.5418842419507333,-0.49515880712111515
16.008333333333333,0.601780168018744,4.423143592352434,0.55166574296618,-3.4364377560519017,-0.4951733554938093
16.016666666666666,0.6373526827063372,4.103769075237411,0.5239197616113923,-3.204482038666221,-0.4951857571070111
16.025,0.6700315438461829,3.732255502572548,0.49850504814675534,-2.8834420394300824,-0.4951956327412016
16.03333333333333,0.6994690482138437,3.328940007240373,0.47600672953701684,-2.5101504003462702,-0.4952030211925241
16.041666666666668,0.725470322567891,2.9097569367638347,0.456733324541857,-2.1134365067463188,-0.49520823460338503
16.05,0.7479505527342829,2.4852192401190307,0.44079429072776716,-1.7122989782918479,-0.4952117007236243
16.058333333333334,0.7668925154795811,2.061248421138879,0.4281772761629427,-1.3173461487846674,-0.49521385374711546
16.066666666666666,0.7823138970238847,1.640524129327469,0.41880822058641975,-0.9331745533327076,-0.49521507883644694
16.075,0.7942454571551119,1.2236753003256304,0.4125922426040539,-0.5604915612161556,-0.49521569284444306
16.083333333333332,0.8027177235079173,0.8101313614118582,0.4094392199649083,-0.19765660692285175,-0.4952159434829323
16.091666666666665,0.8077534649771457,0.39867247366812086,0.4092787926477567,0.15829701557954057,-0.4952160154633296
16.1,0.8093638423941234,-0.012220473288714822,0.41206841771654273,0.5109853563120088,-0.4952160441094325
16.108333333333334,0.8075469579745626,-0.42412827805124315,0.41779668865295466,0.864195987299072,-0.49521614602705827
16.116666666666667,0.8022881933180153,-0.8384876574609051,0.4264830394093953,1.2214708448507032,-0.49521645981190454
16.125,0.793562374922066,-1.256346437779251,0.4381737470299904,1.5856148152521699,-0.4952171780348224
16.133333333333333,0.7813384498722016,-1.6779904295158214,0.45293302884827213,1.957983754480402,-0.4952185555385366
16.141666666666666,0.7655881067807842,-2.102355290374808,0.4708267637332091,2.3374009886778007,-0.4952209130943402
16.15,0.7463004769878563,-2.5261458186534815,0.4918951451557946,2.7185681034764024,-0.49522463159143526
16.15833333333333,0.7235054277154367,-2.9426708331574334,0.5161099333301555,3.0899867008065853,-0.4952301243833039
16.166666666666668,0.6973069483325407,-3.34066707889653,0.5433137574145586,3.431870536450238,-0.49523777084179177
16.175,0.6679238710041324,-3.703897909488539,0.5731463675029943,3.7154206226428523,-0.49524779904058763
16.183333333333334,0.6357262652591931,-4.012822940988984,0.6049782873284332,3.9057291716335,-0.4952601347596908
16.191666666666666,0.6012456401777484,-4.249237511860015,0.6378902115877338,3.969899618458097,-0.4952742901293451
16.2,0.5651375262970766,-4.4025905955448055,0.6707359895923397,3.888173558521433,-0.49528940007475447
16.208333333333332,0.5280974414777496,-4.474124321272654,0.7022882959283862,3.6613777894197113,-0.49530444622130143
16.216666666666665,0.49076360128523905,-4.475699892831409,0.7314097514924969,3.3091962490778313,-0.4953185566155144
16.225,0.45364917896021906,-4.424425858257066,0.7571751905700754,2.8611040012202937,-0.4953312042065968
16.233333333333334,0.41712319949018645,-4.337008574392795,0.7789111605896729,2.3466921053114427,-0.4953422278046463
16.241666666666667,0.3814294542970631,-4.22648704307101,0.7961699562567707,1.790000989036104,-0.4953517311592714
16.25,0.34672171446589634,-4.101448016817763,0.8086749820854962,1.2080747421485594,-0.49535995231167884
16.258333333333333,0.313098913176835,-3.966621031804724,0.8162652983702391,0.6118751032137802,-0.4953671583339713
16.266666666666666,0.28063317163132734,-3.823879672203086,0.8188515561682211,0.007893168855279686,-0.4953735782825759
16.275,0.24938962712364962,-3.6731635179917594,0.8163851197925347,-0.600372406478932,-0.49537937451454633
16.28333333333333,0.2194394530506216,-3.513179760166389,0.808838027672013,-1.2113139660226544,-0.49538471468505363
16.291666666666668,0.19086806416413743,-3.341865164232224,0.7961902479038402,-1.824552658759597,-0.4953898590643596
16.3,0.16378016345015212,-3.1566955870316677,0.7784212261993112,-2.4405444084076597,-0.4953951713983896
16.308333333333334,0.13830266672174643,-2.954891924591406,0.7555038975046169,-3.060373763503012,-0.495401124922619
16.316666666666666,0.1145862025373836,-2.733562760972531,0.7273998609033517,-3.6856692317886277,-0.49540831263848994
16.325,0.09280555438734701,-2.4898218184194274,0.6940549861000113,-4.318573417550407,-0.49541746269159503
16.333333333333332,0.07315908964066635,-2.220921569613347,0.6553952838422337,-4.961695916603401,-0.4954294598053085
16.341666666666665,0.05586680919844302,-1.9244634831924101,0.6113235806136644,-5.617945655091809,-0.49544537326228444
16.35,0.04116598351056125,-1.5987902511829721,0.5617186705234136,-6.290064966360586,-0.4954664898399312
16.358333333333334,0.02930213855215289,-1.243751504330308,0.5064406436485023,-6.979542152515924,-0.4954943440593258
16.366666666666667,0.020511011060653794,-0.8621751003622938,0.4453497297209126,-7.684335373003882,-0.4955307232254437
16.375,0.014983635448254425,-0.46253432542871464,0.378351969529981,-8.39454924936822,-0.49557759254450034
16.383333333333333,0.012802610264765394,-0.06322412785992583,0.30549245076988657,-9.08527490966545,-0.4956368285597592
16.391666666666666,0.013837685013005148,0.3022767509402311,0.2271178826140597,-9.707612486943594,-0.49570959076371296
16.4,0.01760760502108096,0.5836203888610937,0.14410071053371912,-10.184768972943871,-0.4957952428714709
16.40833333333333,0.023171388749817678,0.724042192471231,0.05802432443201081,-10.428009500517685,-0.49589017907203164
16.416666666666668,0.02917709504787815,0.6868407386328927,-0.028881281929591232,-10.379274025453242,-0.4959877417562526
16.425,0.03414183436052251,0.47935997354201637,-0.11417889404774983,-10.050272908659034,-0.4960802493887969
16.433333333333334,0.03682090497589857,0.14780768591341692,-0.19580876811359255,-9.513974191774526,-0.49616189733791116
16.441666666666666,0.03642018487715251,-0.2508469371549906,-0.2724172896534209,-8.858855098510562,-0.4962301233804783
16.45,0.03258164587517376,-0.6711611099968987,-0.34331911666647336,-8.15333770643372,-0.49628501609907916
16.458333333333332,0.02525374873502154,-1.0848801920370617,-0.40828016363045944,-7.437716418264719,-0.4963280839484695
16.466666666666665,0.014560194953030674,-1.4773143828279334,-0.4673068430127232,-6.730974948350229,-0.49636130516228943
16.475,0.0007087824346933545,-1.842198822476597,-0.5205063768316206,-6.039625120856305,-0.49638663141682676
16.483333333333334,-0.016061896496766512,-2.1779197097561296,-0.5680111225664198,-5.363985433263309,-0.4964057986561863
16.491666666666667,-0.035510987287126615,-2.485277637995365,-0.6099435014791967,-4.701776098850303,-0.49642028699414054
16.5,-0.057409943130348064,-2.766285148949128,-0.646402884132521,-4.049948845295711,-0.49643133792622646
16.508333333333333,-0.08154975469053019,-3.0235464531131635,-0.6774632011710106,-3.4055357169740295,-0.49643998668064915
16.516666666666666,-0.10774439202890254,-3.2599330304971597,-0.703175318655918,-2.766003969931824,-0.4964470933201867
16.525,-0.13583218032746572,-3.47839222037502,-0.7235713189103086,-2.12939216188803,-0.49645336756394653
16.53333333333333,-0.16567579655333012,-3.681795737624219,-0.7386695772767015,-1.4943854965694892,-0.4964593866676515
16.541666666666668,-0.19716095385781823,-3.8727673730184327,-0.7484805867547054,-0.8604353895296788,-0.4964656070355106
16.55,-0.23019338318494742,-4.053437772257719,-0.7530142784574358,-0.2280143712444263,-0.49647237037959724
16.558333333333334,-0.2646932684845467,-4.225067068852356,-0.7522903774765427,0.40089000215580156,-0.49647990655342833
16.566666666666666,-0.3005857016510532,-4.387453183059204,-0.7463543896495852,1.0218934884142739,-0.4964883871829485
16.575,-0.33778516894686555,-4.538091620956442,-0.7353027166764443,1.626913658356077,-0.4964980354792416
16.583333333333332,-0.37617196791678176,-4.671083074438218,-0.7193204116717974,2.2024391535712677,-0.4965091120093631
16.591666666666665,-0.4155590570690262,-4.776002002274819,-0.6987341692740837,2.7277317023242866,-0.49652183120612065
16.6,-0.4556515766755,-4.837438135023474,-0.6740766469357877,3.174195010014848,-0.4965362324280545
16.608333333333334,-0.4960096638827472,-4.836489292716847,-0.6461438035008273,3.508096703908498,-0.49655203011533344
16.616666666666667,-0.5360362436118082,-4.755355875968758,-0.6160081393183299,3.6985803815835463,-0.4965685230233619
16.625,-0.5750141892292202,-4.584177660910425,-0.5849465362433641,3.7294184560650483,-0.49658467338813417
16.633333333333333,-0.6121966798293719,-4.326122340638644,-0.5542773738333594,3.6075788873403023,-0.4965993857318684
16.641666666666666,-0.6469170737739184,-3.996573638498807,-0.5251663596059413,3.361478193161683,-0.49661184280497367
16.65,-0.6786672134925218,-3.6169308454303764,-0.4984898939015828,3.029914690250677,-0.496621690552946
16.65833333333333,-0.7071175330707172,-3.207692585964625,-0.4748016132715081,2.649853678873883,-0.49662900288050504
16.666666666666668,-0.7320905310684666,-2.7845004861283833,-0.45438120881071,2.2494487285192197,-0.4966341215447405
16.675,-0.7535154846795599,-2.3574146439405395,-0.43731640107443887,1.8467479464499492,-0.4966374934682146
16.683333333333334,-0.771385500635648,-1.9319260683645316,-0.42358093773551964,1.4514645857358588,-0.4966395629851531
16.691666666666666,-0.7857253618418186,-1.5103731069910649,-0.413093609606029,1.067477798222822,-0.496640719468903
16.7,-0.7965704728559493,-1.0931351025347473,-0.40575758022914343,0.6949617030443092,-0.4966412806517272
16.708333333333332,-0.8039542381185344,-0.6794626268185946,-0.4014845702298057,0.3318901997216778,-0.49664149344679637
16.716666666666665,-0.8079010217497118,-0.26800311313201364,-0.40020881167072053,-0.02498487381898924,-0.49664154092913554
16.725,-0.808422582384503,0.1428726029201116,-0.401894418726074,-0.3794999491047005,-0.49664155183448094
16.733333333333334,-0.8055167566856809,0.554843681082982,-0.40653829263006613,-0.7356201826189409,-0.496641633046124
16.741666666666667,-0.7991678330647178,0.9694505365915239,-0.4141695722191343,-1.097051101747075,-0.49664192532749046
16.75,-0.789348615120473,1.3878613157984523,-0.42484562080282434,-1.4667672307340045,-0.49664262663318776
16.758333333333333,-0.7760249385662601,1.8105030326097011,-0.4386432098731216,-1.8463074765559526,-0.4966439995461177
16.766666666666666,-0.7591641283040188,2.236468510496917,-0.45564233166884544,-2.2346824148133706,-0.4966463762758693
16.775,-0.7387496587783204,2.662608388705707,-0.4758987253153674,-2.6267373692854825,-0.496650154526178
16.78333333333333,-0.7148047933692763,3.08229666595851,-0.49940033168455095,-3.0109547335395677,-0.49665577125506954
16.791666666666668,-0.6874271389588116,3.4841250895041265,-0.5260043893431767,-3.3671449835842533,-0.4966636357089636
16.8,-0.6568318248024267,3.8513312548510084,-0.5553592900807913,-3.665434021984799,-0.4966740067059794
16.808333333333334,-0.6233915873335938,4.163372807956597,-0.5868317906685142,-3.869015776793252,-0.496686828991876
16.816666666666666,-0.5876504300367673,4.400751547194643,-0.6194805163916802,-3.94261251233162,-0.49670160552103665
16.825,-0.5502865958416615,4.551863896028091,-0.6521185523551929,-3.8645482472182637,-0.49671742664649715
16.833333333333332,-0.5120240779928932,4.617682924692617,-0.6834673083551543,-3.635156606199308,-0.4967332076912246
16.841666666666665,-0.4735281043329868,4.610650240739326,-0.7123407702193141,-3.2751773804864452,-0.4967480161572423
16.85,-0.43533189031236863,4.548875288630166,-0.7377779427456348,-2.8159425300165353,-0.4967612900248227
16.858333333333334,-0.3978161896996323,4.449993688411983,-0.7590852151250373,-2.2888310073371296,-0.4967728597876122
16.866666666666667,-0.3612300143644814,4.327660726904614,-0.7758076336104405,-1.7191614094669927,-0.49678283671694046
16.875,-0.32572858731836274,4.190763084369304,-0.7876696981023967,-1.1247194000785234,-0.49679147054582234
16.883333333333333,-0.291410789447864,4.044109275970713,-0.7945160082870771,-0.5168202888498815,-0.49679903685841975
16.891666666666666,-0.2583486032264505,3.889528792121026,-0.796264643362301,0.09792247237196103,-0.49680576698828627
16.9,-0.22660765147945677,3.7268649628752164,-0.7928748644408085,0.7160047532069617,-0.4968118265403872
16.90833333333333,-0.1962604713785707,3.5547139008432613,-0.7843263737225522,1.3358768398655967,-0.496817408386914
16.916666666666668,-0.16739475950899657,3.370906182491126,-0.7706061387960623,1.9572569761223348,-0.49682280612080176
16.925,-0.1401183199850734,3.1728283549407434,-0.7516996882084029,2.580723299752966,-0.4968284203719587
16.933333333333334,-0.11456182516988421,2.9576339763730592,-0.7275849234908083,3.2075060129376634,-0.4968347649318966
16.941666666666666,-0.09088011591277934,2.722390403498138,-0.6982271017711457,3.839401487158057,-0.4968424775529963
16.95,-0.06925239959625631,2.4642035545070335,-0.6635742832693249,4.478734275376839,-0.49685233626730785
16.958333333333332,-0.04988134088681667,2.1803680885376595,-0.6235531732486572,5.128284608186113,-0.49686528211142333
16.966666666666665,-0.03299056133462629,1.8686143422535713,-0.5780661108986073,5.791059858754584,-0.49688244840145607
16.975,-0.01881927071922727,1.5275773523440956,-0.5269912996577591,6.469698669744408,-0.4969051938620743
16.983333333333334,-0.007611327675206732,1.157713888295375,-0.47019077870097103,7.1651255530681865,-0.4969351290872755
16.991666666666667,0.0004064688522602631,0.7630480981689857,-0.4075348870009154,7.873802770673637,-0.49697410715079576
17.0,0.0050658794500468935,0.35426358726864654,-0.3389586273394205,8.582662467498148,-0.49702411043735184
17.008333333333333,0.006331332540420916,-0.04659115515853296,-0.2645723762229959,9.261151080296568,-0.49708690282660384
17.016666666666666,0.0044162075792506215,-0.4011947276869714,-0.18484535261482865,9.85253198079754,-0.4971632750302681
17.025,-7.699018615211698e-05,-0.6555369689427638,-0.10083559434045453,10.273756037209354,-0.4972518723617424
17.03333333333333,-0.006076911244591006,-0.7551698748760384,-0.01433051467647414,10.43932811274673,-0.49734816741865767
17.041666666666668,-0.012156342212251935,-0.6740536818257743,0.072320945323433,10.307997400880852,-0.4974449271902892
17.05,-0.01686207032697077,-0.4324130653739727,0.1567290780434473,9.9119234433561,-0.49753472395026077
17.058333333333334,-0.019062953224069413,-0.08270589417782113,0.23701378075258125,9.333715580386194,-0.4976126190130919
17.066666666666666,-0.01809583660140463,0.31963997920308745,0.3120254248210788,8.658955628846234,-0.4976769103034173
17.075,-0.013704137591910808,0.7339013776058264,0.38123266140948253,7.948318758506448,-0.49772820909873394
17.083333333333332,-0.005898737802441002,1.1361118534070536,0.44449266862476894,7.235356234417999,-0.4977682307014236
17.091666666666665,0.00516401511931531,1.5144192160700136,0.5018574321179968,6.534838616966435,-0.4977989753645902
17.1,0.01926194545453676,1.864181103498285,0.5534536652870795,5.851092248062779,-0.49782233707958295
17.108333333333334,0.03615213677074886,2.18464299332332,0.5994205948017255,5.183471443649478,-0.4978399701147388
17.116666666666667,0.05559461418591734,2.477038666182342,0.6398824451965888,4.529370154138571,-0.4978532724146386
17.125,0.07736427538296149,2.7435870554566537,0.6749390844085865,3.885712355991169,-0.4978634105842958
17.133333333333333,0.10125672288146001,2.986978571818812,0.7046652934092776,3.249621931406984,-0.4978713535658389
17.141666666666666,0.1270909568692586,3.2101051634140974,0.7291137227821399,2.618688500144336,-0.4978779029129049
17.15,0.15471033171737622,3.415896805398839,0.7483192280024406,1.9910607550469783,-0.4978837163899436
17.15833333333333,0.1839823087938714,3.6071860134393994,0.7623037469548603,1.3655006160106467,-0.49788932486797144
17.166666666666668,0.21479701187636774,3.7865482477454933,0.7710817855821489,0.7414884881550503,-0.49789514337539437
17.175,0.24706419305837996,3.9560720834775647,0.7746672718794876,0.11946027138866686,-0.49790147716148414
17.183333333333334,0.2807078082857795,4.117004253000244,0.7730832533155853,-0.49872716105491316,-0.4979085270752422
17.191666666666666,0.3156568466814855,4.269194969305263,0.7663769133622503,-1.1089679795900356,-0.49791645965482745
17.2,0.3518306117451286,4.410318913696551,0.7546430538992428,-1.7037041512105293,-0.49792550207407027
17.208333333333332,0.38911647643351616,4.534851762416453,0.7380593761167469,-2.2702991185541217,-0.4979359176749382
17.216666666666665,0.42733863512076464,4.63299686302842,0.7169361456373144,-2.7893247083387407,-0.49794792831544266
17.225,0.46621970442308586,4.690193360182036,0.6917770260769467,-3.2338529523845465,-0.49796159439892096
17.233333333333334,0.5053445473713928,4.688366863007485,0.6633349583751389,-3.571736627877989,-0.49797667295657844
17.241666666666667,0.5441460044504128,4.610044439343892,0.6326294382244528,-3.772770346919332,-0.497992524525647
17.25,0.5819358329393456,4.444747627202652,0.6008857411839331,-3.819662823198573,-0.4980081723018859
17.258333333333333,0.6179870266981325,4.1941587891577825,0.5693866124299829,-3.7167405904302355,-0.4980225522345114
17.266666666666666,0.6516390423022885,3.871995131367887,0.5392867192260457,-3.4894053588992353,-0.4980348353520783
17.275,0.6823778067793963,3.4985239416718406,0.511473462762352,-3.1743315555542595,-0.4980446253726558
17.28333333333333,0.7098615658732028,3.0938596242240504,0.48652376246364776,-2.8076459455751954,-0.4980519476155181
17.291666666666668,0.7338998488490048,2.673786748402859,0.46474335831730534,-2.4175860800565023,-0.49805710550926463
17.3,0.7544112483489301,2.2487256586967206,0.4462433442782532,-2.022681283201753,-0.49806052224291136
17.308333333333334,0.7713813439707724,1.8245424188152908,0.43101645687717066,-1.6331773247398227,-0.4980626302702637
17.316666666666666,0.7848302605339096,1.4038824897898354,0.4189963721463802,-1.2533945150967452,-0.4980638145744352
17.325,0.7947909603835406,0.9873508471816775,0.41009795185881004,-0.8838320153183482,-0.4980643925014065
17.333333333333332,0.8012959894992395,0.5743556016596061,0.40424232224733403,-0.5226939012271304,-0.49806461242480665
17.341666666666665,0.8043699480979458,0.1636523508754296,0.40137149133062455,-0.1668978777270102,-0.4980646596090029
17.35,0.8040255797019373,-0.2463148183889554,0.40145615097605203,0.1872685686569677,-0.49806466353989126
17.358333333333334,0.8002622125193617,-0.6571740099111697,0.40449885945914227,0.5436680728537713,-0.49806472606150737
17.366666666666667,0.793065993482816,-1.070428745646653,0.4105335715886771,0.9059072685286648,-0.4980649840392508
17.375,0.7824118318736875,-1.4872247998098327,0.4196216692957418,1.2768684620374462,-0.49806563114165997
17.383333333333333,0.7682677844815825,-1.907985044535131,0.4318432205705575,1.65801145711927,-0.4980669247610068
17.391666666666666,0.7506033208900901,-2.331827249441236,0.44728096904969006,2.048299357663113,-0.4980691910562582
17.4,0.7294036684343413,-2.7556748806065294,0.4659932504569122,2.4425944125098638,-0.4980728214318727
17.40833333333333,0.7046929550499254,-3.1730460455401444,0.4879711587025164,2.829502595920386,-0.4980782479911378
17.416666666666668,0.6765681014708665,-3.572760037139283,0.5130766664978038,3.189090570451768,-0.4980858799032991
17.425,0.6452414031075794,-3.9383299005360715,0.5409654538462518,3.4918217216623644,-0.49809598553800016
17.433333333333334,0.6110806675107084,-4.249411628092517,0.5710140811185784,3.70110935205619,-0.4981085329811473
17.441666666666666,0.5746243092316113,-4.486435497665024,0.6022912271931871,3.781465547658669,-0.49812306101117165
17.45,0.5365471560260262,-4.6373476569704914,0.6336157801477181,3.710407090040539,-0.4981386980993982
17.458333333333332,0.4975747196379036,-4.702432550373237,0.6637064670425498,3.4871170171513604,-0.4981543855636766
17.466666666666665,0.45837938141824114,-4.693520923242429,0.69136545997326,3.1313839263612824,-0.49816919691235045
17.475,0.4195054300569775,-4.628409880599214,0.7156142659424332,2.6741538499904354,-0.4981825593809363
17.483333333333334,0.3813460067018808,-4.524715522007131,0.7357409219120009,2.146954694408517,-0.4981942843822934
17.491666666666667,0.34416190222476234,-4.396234485349748,0.7512747475706371,1.5755415350005455,-0.4982044621492787
17.5,0.30811871560385834,-4.252033120903736,0.7619285263896679,0.9781965364524227,-0.49821332180880573
17.508333333333333,0.27332428736526887,-4.097074262065948,0.767539069592541,0.3666691251914011,-0.49822111871461816
17.516666666666666,0.23985844798138525,-3.9332998424800634,0.7680198710455047,-0.25209409958793566,-0.4982280638203914
17.525,0.20779387395444016,-3.760633742100852,0.763327995677118,-0.8743458374170475,-0.49823431911353644
17.53333333333333,0.1772095944247143,-3.577727260515239,0.7534425950344827,-1.4983854860923147,-0.49824010619396586
17.541666666666668,0.14819939426332726,-3.3824556563718153,0.7383510171810108,-2.1238541928085586,-0.49824575387615133
17.55,0.12087678779393955,-3.1722534883689586,0.7180395719112272,-2.7513087043328586,-0.4982517012912817
17.558333333333334,0.09537770218342577,-2.94433774134967,0.692486939138044,-3.381998453203439,-0.498258504248472
17.566666666666666,0.07186158989119085,-2.695869729372198,0.6616588962919857,-4.017757910806928,-0.49826684651884773
17.575,0.0505112820513382,-2.424103611029851,0.6255037512306341,-4.660930532633444,-0.4982775567600365
17.583333333333332,0.031531468330262165,-2.1265788682934073,0.583948609363681,-5.314225148053634,-0.49829163157127765
17.591666666666665,0.015145098932169993,-1.8014454976063372,0.5368976140203778,-5.980353856032255,-0.49831026377371945
17.6,0.0015860203418910097,-1.4480762980620614,0.48423496612581485,-6.66119022370129,-0.49833487071722704
17.608333333333334,-0.008915566280628803,-1.0682337639601551,0.42583845275170906,-7.355991866732382,-0.4983671066055668
17.616666666666667,-0.016161073746728018,-0.6682054097342056,0.36161409723398646,-8.057968107255283,-0.49840881888135874
17.625,-0.020034943180452812,-0.26235047432881053,0.2915692370627215,-8.74837999933188,-0.49846186378836876
17.633333333333333,-0.020591337098350374,0.12214285972340133,0.21594527355683632,-9.388359321410865,-0.4985276382332033
17.641666666666666,-0.018177686967059962,0.4419563323525775,0.13541574808347617,-9.912690892826184,-0.498606199147831
17.65,-0.013556471580001143,0.6428617781624132,0.05128975585768045,-10.237251803559333,-0.49869513362901563
17.65833333333333,-0.00792127207468278,0.6801983791593623,-0.03444899689068489,-10.291651033610773,-0.4987890063589382
17.666666666666668,-0.0027027533103989453,0.5452201326711609,-0.11944215355607671,-10.062073067249118,-0.49888057527514384
17.675,0.0007775253277606875,0.271181250489097,-0.2015048537725187,-9.601226650182694,-0.4989634547500521
17.683333333333334,0.0015808468127958498,-0.08808055556558013,-0.27905552061442934,-8.993402732715419,-0.49903406958684404
17.691666666666666,-0.0007892226750466523,-0.48345956615739033,-0.35119782088880913,-8.313683885175383,-0.499091677063486
17.7,-0.0064828575740889655,-0.8815142344444348,-0.4175557298622425,-7.611141387240494,-0.4991373080978593
17.708333333333332,-0.015435443664583803,-1.2634482691863624,-0.47805953156322073,-6.91147383628836,-0.4991727364310078
17.716666666666665,-0.027470299380510595,-1.6203565460563967,-0.5327852631044575,-6.225338012807701,-0.49919985648664467
17.725,-0.04236280247501469,-1.9490726414559914,-0.5818602928640889,-5.555331976037922,-0.49922040935156164
17.733333333333334,-0.05987614306813747,-2.249506546596698,-0.6254159239596999,-4.900330159800893,-0.4992358995813311
17.741666666666667,-0.0797800831112033,-2.523146965898198,-0.6635671662874583,-4.2578158468136,-0.49924759424130105
17.75,-0.10186045102204755,-2.7722681331509005,-0.6964064962493388,-3.625022220158813,-0.49925654932399616
17.758333333333333,-0.12592377851329223,-2.999515309191619,-0.7240041934284341,-2.999440853957755,-0.49926364029172593
17.766666666666666,-0.15179935596284688,-3.207676057044535,-0.7464114738297769,-2.379024381783236,-0.49926958850182573
17.775,-0.1793397588905416,-3.3995285862509297,-0.7636647086864821,-1.7622671943241734,-0.4992749815197472
17.78333333333333,-0.20842019915902346,-3.5777027638863665,-0.7757902046146965,-1.1482742682409492,-0.4992802875596246
17.791666666666668,-0.23893660913230805,-3.744507975548604,-0.7828097882704027,-0.5368977027667687,-0.4992858648475804
17.8,-0.27080200502147905,-3.901684735797069,-0.7847480692697434,0.0709839651698389,-0.49929196666187736
17.808333333333334,-0.30394028073669094,-4.0500248083669605,-0.7816429486209087,0.6729445219694377,-0.4992987551069046
17.816666666666666,-0.33827606868414706,-4.188803911263209,-0.7735618654573082,1.2641534664458656,-0.4993063947715221
17.825,-0.3737190793409585,-4.315019512364732,-0.7606264930390816,1.8361958561806293,-0.49931510740575175
17.833333333333332,-0.4101412555109385,-4.422446790863559,-0.7430487368983252,2.375570409309024,-0.4993251300067031
17.841666666666665,-0.4473461362264637,-4.500787991728739,-0.7211791238275996,2.8623479336942084,-0.49933663475244217
17.85,-0.48503370338427254,-4.5355908643086575,-0.6955619490424375,3.2701506833693896,-0.49934961521055543
17.858333333333334,-0.5227713823384197,-4.509991895317928,-0.6669789068539699,3.56924991385394,-0.4993637669625307
17.866666666666667,-0.5599900734872139,-4.408995120863143,-0.6364490566099261,3.7339647541437198,-0.499378433139292
17.875,-0.5960234739684274,-4.225181039081392,-0.6051544328221689,3.752409278205117,-0.49939269683859244
17.883333333333333,-0.6301895981483998,-3.962466967776577,-0.5742942593949799,3.63274763438616,-0.49940562476504713
17.891666666666666,-0.6618840818215513,-3.6349323085618317,-0.5449211521373101,3.4008572465501716,-0.49941653731613594
17.9,-0.6906444509464844,-3.2615112313672223,-0.5178299965467439,3.0908787604473993,-0.4994251480387186
17.90833333333333,-0.7161658111933544,-2.8602966889943233,-0.4935327386303535,2.7351861023883717,-0.4994315289789408
17.916666666666668,-0.7382781184235827,-2.445256903100866,-0.4723006925600562,2.3586266471017114,-0.49943597896433667
17.925,-0.7569075461430412,-2.0255654924823414,-0.4542347058065764,1.9773536439745374,-0.49943888929105823
17.933333333333334,-0.7720392283758517,-1.6063869603508996,-0.43933282648877836,1.6002179042936886,-0.4994406524176093
17.941666666666666,-0.7836887162014652,-1.1900487341759158,-0.42754252569101264,1.2308488657185155,-0.49944161546620497
17.95,-0.7918827932650494,-0.7770667362022944,-0.4187962415453056,0.8694909247350127,-0.4994420637035176
17.958333333333332,-0.7966476579893357,-0.3668845463823731,-0.4130336474207176,0.5143470189733175,-0.4994422194170962
17.966666666666665,-0.7980021674363101,0.04163871261809067,-0.4102146211405022,0.1624877698998322,-0.49944224663135345
17.975,-0.7959543914458991,0.4499060280776169,-0.41032594857527616,-0.1895269840450686,-0.4994422602832824
17.983333333333334,-0.790500481400577,0.8593376962885165,-0.41338349092616605,-0.5451593067246292,-0.49944236834373057
17.991666666666667,-0.7816254394379062,1.2711500987980082,-0.4194305032605745,-0.9074435146490568,-0.4994427221100377
18.0,-0.769305937006473,1.6860677252960896,-0.4285318711551041,-1.2784245167936423,-0.49944352981533474
18.008333333333333,-0.7535161190958116,2.1038819275332683,-0.44076264134550286,-1.658328470247673,-0.49944506204540184
18.016666666666666,-0.7342380044196929,2.52277552367097,-0.45618805133939844,-2.044328702985675,-0.4994476530089801
18.025,-0.7114787123660756,2.938356843232609,-0.4748312132789347,-2.4288125191563426,-0.49945168944624396
18.03333333333333,-0.6852967675248354,3.342480345035464,-0.49662461321658374,-2.7972892708628283,-0.49945757367470334
18.041666666666668,-0.65583785945236,3.722266651435532,-0.5213449098532322,-3.1266671766538616,-0.49946564480208094
18.05,-0.6233748314737624,4.060270891548656,-0.548540356512352,-3.385562226829444,-0.49947605296763636
18.058333333333334,-0.5883370351070998,4.337052983930329,-0.5774770561166607,-3.538836550266046,-0.49948861859744154
18.066666666666666,-0.5513063787951258,4.536480893919102,-0.6071439967144728,-3.556962376013184,-0.499502762000076
18.075,-0.5129643535137496,4.65160289785564,-0.636344874768635,-3.4264613119657774,-0.49951759605537766
18.083333333333332,-0.4740015221575529,4.687168122531814,-0.6638573885706641,-3.1545787147687685,-0.4995321756623274
18.091666666666665,-0.4350280141888723,4.6569124793737835,-0.6885932314589779,-2.7648445713866576,-0.49954576413522633
18.1,-0.39652161504973876,4.577883381516914,-0.7096946804393115,-2.287384486774697,-0.4995579676135107
18.108333333333334,-0.358822157372766,4.4655205159056175,-0.7265515846767574,-1.750404772491463,-0.49956870934143915
18.116666666666667,-0.3221566735492911,4.33126767344705,-0.7387646790526968,-1.17596461474697,-0.49957811686077486
18.125,-0.2866748901694302,4.1823077121469066,-0.7460900014901589,-0.5793799770179994,-0.4995864018420346
18.133333333333333,-0.25248193850933637,4.0223228408404434,-0.7483869279354434,0.029607702665788743,-0.4995937709986019
18.141666666666666,-0.21966340603172815,3.8524813443322783,-0.7455782521096185,0.6452648432678665,-0.4996003825813528
18.15,-0.18830256330334671,3.6722924552144374,-0.7376226801451546,1.264519893018366,-0.49960641763800506
18.15833333333333,-0.15849150238394552,3.4802138044125095,-0.7244966625697942,1.8860662873548875,-0.49961216011916454
18.166666666666668,-0.1303380220156918,3.2740763006886806,-0.7061822952370537,2.5097809502985045,-0.49961800367810766
18.175,-0.10396956480334729,3.0513743262412536,-0.6826590228979359,3.13638164749609,-0.49962445564883695
18.183333333333334,-0.07953512018822423,2.809472449924615,-0.6538974967902229,3.7672375578042225,-0.4996321455012641
18.191666666666666,-0.05720557592196173,2.5457795521194653,-0.6198546803779633,4.404244346154493,-0.49964183828911884
18.2,-0.03717256559145045,2.2579461557018132,-0.5804700556211263,5.0496668173350745,-0.49965445339921744
18.208333333333332,-0.0196453159524722,1.9441633813669421,-0.5356637201737007,5.705814755441711,-0.4996710878172573
18.216666666666665,-0.00484415787167098,1.6036922815977712,-0.48533859823763953,6.374332950128706,-0.49969303979388824
18.225,0.007012048408700672,1.2378407847735353,-0.4293913945943254,7.054734323540226,-0.49972182048061436
18.233333333333334,0.015729620809069624,0.8517239066155319,-0.36774087752402723,7.74159301325304,-0.4997591228164789
18.241666666666667,0.02118306693469715,0.45719034491122484,-0.3003876066288828,8.419700830825706,-0.49980668238841547
18.25,0.023387620827498273,0.07689121314961496,-0.22752335458039372,9.057110145430508,-0.49986591721370777
18.258333333333333,0.02260541824997088,-0.2522574874523291,-0.14969952642468637,9.598805523822636,-0.499937223720464
18.266666666666666,0.019461064818940724,-0.481472477797575,-0.06801792416818062,9.969650081069737,-0.5000189958786433
18.275,0.014988118825789699,-0.5650275971224065,0.015783318983876343,10.097899461293883,-0.5001069373016439
18.28333333333333,0.010504736804088257,-0.484127586043423,0.09951771216177595,9.953856308827762,-0.5001946807973228
18.291666666666668,0.007322055564030966,-0.25915797683479247,0.18101045393145113,9.569869431698613,-0.5002759204166478
18.3,0.006456697170395202,0.06344546773392899,0.2585517741159092,9.018905707700648,-0.5003464991797653
18.308333333333334,0.008514346632773652,0.4350627452352364,0.33107212413062637,8.375931257734164,-0.5004049490984108
18.316666666666666,0.013741414759658366,0.8192969160691506,0.39804811563629316,7.695254111440578,-0.500451759246619
18.325,0.02214184473763337,1.1940040660490083,0.45931008645400245,7.008170803735253,-0.500488393354217
18.333333333333332,0.03358254597404644,1.5477086318073228,0.5148751115833136,6.32947193395761,-0.5005165999289739
18.341666666666665,0.047864783473912056,1.875538292986497,0.5648394772834043,5.66437009780999,-0.5005380653223759
18.35,0.0647662408515722,2.1763313368263413,0.6093203489653934,5.013269492931211,-0.5005542831728886
18.358333333333334,0.08406405266367767,2.450905661789202,0.6484283063073467,4.374512007181861,-0.5005665281639001
18.366666666666667,0.10554690500887608,2.701101102504992,0.682256789748643,3.7458042277533643,-0.5005758704005889
18.375,0.12902118041681038,2.9292627660750394,0.7108800252925965,3.124902388437328,-0.5005832007818284
18.383333333333333,0.1543138600958486,3.1379526345717026,0.7343548885802249,2.5099184124845166,-0.5005892555497535
18.391666666666666,0.18127352001297695,3.329764953576283,0.7527245111462998,1.8994583891806789,-0.5005946362249625
18.4,0.2097699536893515,3.507171595449511,0.7660227983690556,1.2927195080041178,-0.500599824329932
18.40833333333333,0.2396924541541294,3.672347586924022,0.7742798880336907,0.6896315768055545,-0.500605191346707
18.416666666666668,0.2709464116174708,3.826934285168812,0.7775292308565483,0.09111703378454257,-0.5006110045514521
18.425,0.30344752090790145,3.9716933349510573,0.7758176052228374,-0.5004480915622442,-0.5006174332361628
18.433333333333334,0.3371124420590497,4.105995425972708,0.7692201932764849,-1.0804716396961551,-0.5006246146765132
18.441666666666666,0.3718445202315861,4.2271487435213695,0.7578631540423941,-1.6411168366152058,-0.5006327322609591
18.45,0.4075132730822885,4.329586226928402,0.7419558672172549,-2.170025653471504,-0.5006419882409513
18.458333333333332,0.44392717520460134,4.404132578951344,0.7218337233914548,-2.649174596703953,-0.5006525353480938
18.466666666666665,0.4808024615711996,4.43790491890686,0.6980067993600597,-3.0548169186694647,-0.5006643803873817
18.475,0.5177366943318106,4.415708028365162,0.6711994603138652,-3.359976607169585,-0.5006772814231025
18.483333333333334,0.554202702807558,4.32355879752355,0.6423543232522598,-3.540552554840704,-0.5006906936281077
18.491666666666667,0.5895789213087149,4.153602961098427,0.6125736377706906,-3.583720729475439,-0.5007038317238505
18.5,0.623217761323019,3.9077848448410912,0.5829962202954008,-3.494066010033957,-0.5007158630288857
18.508333333333333,0.654529248584447,3.5975576000548437,0.5546500959803934,-3.2928022791270033,-0.5007261419263982
18.516666666666666,0.6830448384075457,3.2397316998469083,0.5283417327789189,-3.010329758302433,-0.5007343533950728
18.525,0.7084402110446864,2.851345641629423,0.5046181162549992,-2.6771776953929534,-0.5007405094758275
18.53333333333333,0.7305212605004696,2.446249200130722,0.48379364824140586,-2.3180001661697123,-0.5007448475681615
18.541666666666668,0.7491915731855951,2.034018066533325,0.46600952748213076,-1.9496769664465365,-0.5007477111576574
18.55,0.7644179393977599,1.620387978613211,0.4512965065834875,-1.5820883565552928,-0.5007494609489116
18.558333333333334,0.7762023187824149,1.208236061643067,0.4396261743916313,-1.21986046518481,-0.5007504251386712
18.566666666666666,0.7845621302339097,0.7985385701353508,0.43094738754058165,-0.8640808124590544,-0.5007508786858587
18.575,0.7895176472228419,0.3911067075505628,0.4252099008031436,-0.5136339989290026,-0.5007510388331657
18.583333333333332,0.7910845523569432,-0.014903317306927316,0.42237854386105667,-0.16614782231822248,-0.5007510676260747
18.591666666666665,0.7892700213256989,-0.42063956666315133,0.4224407628195633,0.18133698854326752,-0.5007510789792103
18.6,0.7840713594628066,-0.827280997938634,0.42540922167623746,0.5318297043721587,-0.5007511772858548
18.608333333333334,0.7754767677820302,-1.2357908260214596,0.43132016958275915,0.8878970226747499,-0.5007515078243803
18.616666666666667,0.7634683455632637,-1.6466091100191684,0.44022741027812146,1.2510689117432312,-0.5007522697412389
18.625,0.7480282028988259,-2.059202704078097,0.4521903623439451,1.620995702804431,-0.5007537197329399
18.633333333333333,0.7291491521620574,-2.4714060268340545,0.46725366410943875,1.994244252767167,-0.5007561709570536
18.641666666666666,0.7068519006864993,-2.8785225609516063,0.4854150184595113,2.362684603182966,-0.5007599794293984
18.65,0.68121042151852,-3.272299624311778,0.506578440031303,2.711669004049316,-0.5007655060237204
18.65833333333333,0.6523850624059182,-3.6402035922261025,0.5304938123774194,3.0187554954247013,-0.5007730416334417
18.666666666666668,0.6206575719870385,-3.96586032422418,0.5566931131252577,3.2544927999107323,-0.5007826950862648
18.675,0.5864539927075724,-4.2316571782856744,0.5844481000692955,3.387015996821441,-0.500794276647307
18.683333333333334,0.5503360962539026,-4.42353877101638,0.6127835721084265,3.390527230119026,-0.5008072509342907
18.691666666666666,0.5129501473805501,-4.5359362312693285,0.6405663385611405,3.2540866774099553,-0.5008208296338349
18.7,0.4749454837973855,-4.573605979574158,0.6666487556256075,2.985081521790619,-0.5008341877867023
18.708333333333332,0.4368963999984812,-4.549080244878532,0.6900087670052439,2.605047087162,-0.5008466853492514
18.716666666666665,0.3992573316260645,-4.47775230302301,0.7098338105965476,2.141281207032175,-0.500857976713744
18.725,0.3623579223084894,-4.373638653475296,0.7255361889908623,1.619510004763034,-0.5008679883969821
18.733333333333334,0.32642482914027293,-4.247264064194004,0.7367217797497281,1.0601428821078767,-0.5008768239857935
18.741666666666667,0.2916130325555396,-4.105358656727451,0.7431413925070415,0.4776224089297537,-0.5008846610957413
18.75,0.2580352550874815,-3.951470578733692,0.7446442865910382,-0.11865316014820572,-0.5008916729511366
18.758333333333333,0.22578495072305163,-3.7868171915268527,0.741141674806598,-0.7229900929948314,-0.5008979957718784
18.766666666666666,0.19495243120524908,-3.611043983516238,0.7325810222712287,-1.3322176812386346,-0.5009038083479133
18.775,0.16563552442000448,-3.422780369739906,0.7189286185457663,-1.9448774218326086,-0.5009093933950837
18.78333333333333,0.13794626924055367,-3.2200421251321862,0.7001577540635392,-2.5606763779747266,-0.5009151415601949
18.791666666666668,0.1120147809708103,-3.000514918234314,0.6762405205857576,-3.180153154758362,-0.5009215558045745
18.8,0.08799108712185086,-2.761765993188994,0.6471417823306154,-3.8044769117065464,-0.5009292598850728
18.808333333333334,0.0660453291453094,-2.501433134200025,0.6128145624438414,-4.4352939078716185,-0.5009390113176775
18.816666666666666,0.04636629126731928,-2.21744818691289,0.5731968449364181,-5.074522285617925,-0.5009517187949175
18.825,0.02915765031861422,-1.9083775644374796,0.5282107700715287,-5.723953691009762,-0.5009684625871292
18.833333333333332,0.01463046140554501,-1.5740133874774878,0.47776670445819175,-6.38443342200875,-0.5009905125600663
18.841666666666665,0.002988954731328403,-1.2164322179078901,0.4217771330783696,-7.054245891070839,-0.5010193293283522
18.85,-0.00559549604162689,-0.8418323369391456,0.3601891678728837,-7.726158928032352,-0.50105651517082
18.858333333333334,-0.011030036043898368,-0.4634354074663638,0.29304927186974705,-8.382587045553073,-0.5011036483978678
18.866666666666667,-0.0133740939115666,-0.1051824563364462,0.2206156608403374,-8.989206208297215,-0.5011618968143815
18.875,-0.0129409435306277,0.1958855921992512,0.14352038158659355,-9.490384315325752,-0.501231322533355
18.883333333333333,-0.010396631174324523,0.39370800627459573,0.0629338739912616,-9.814941898195103,-0.5013100097928451
18.891666666666666,-0.00677864631603171,0.4486834193434846,-0.019394399442464776,-9.900698560490547,-0.5013936141887764
18.9,-0.0033527351834882874,0.34863997523696344,-0.10135546920548939,-9.728455598236058,-0.5014761658023597
18.90833333333333,-0.0013367573466995094,0.11656714291123092,-0.18091660916896188,-9.334606292474579,-0.501552052623479
18.916666666666668,-0.0016540204024307402,-0.20341293249996942,-0.25650899746001243,-8.78827350930227,-0.5016177288763761
18.925,-0.004846789452547549,-0.5669550175951401,-0.3271554722413815,-8.157573663758473,-0.5016720378297775
18.933333333333334,-0.011131779697309128,-0.941202251299592,-0.3923717965144749,-7.491330380712652,-0.5017155214117925
18.941666666666666,-0.020506579670803837,-1.3060778873129797,-0.4519921764970086,-6.8178315623711505,-0.5017495602905329
18.95,-0.03284390623637202,-1.651046105339916,-0.5060207589499317,-6.150691943118497,-0.5017757801089071
18.958333333333332,-0.04795573572814795,-1.9715436582687536,-0.5545357053008048,-5.494932017389482,-0.501795750501217
18.966666666666665,-0.06563164211541392,-2.2664235892446736,-0.5976365040039157,-4.851188608116364,-0.5018108688124936
18.975,-0.08566019919286591,-2.5364000349438744,-0.6354187072415778,-4.218176228945495,-0.5018223343279596
18.983333333333334,-0.10784046377353937,-2.7831676212012146,-0.6679639626489265,-3.593993974503177,-0.5018311587417384
18.991666666666667,-0.13198790608376815,-3.008910316915001,-0.695337914953186,-2.97677470965944,-0.5018381870589146
19.0,-0.15793719035639167,-3.2160126530366893,-0.7175919427096906,-2.3649972149524316,-0.5018441183094952
19.008333333333333,-0.18554298117675228,-3.406860253728621,-0.7347667930054662,-1.7576542212260795,-0.501849522461227
19.016666666666666,-0.2146792065210497,-3.5836594170172305,-0.7468974502364423,-1.1543969427809244,-0.5018548527875385
19.025,-0.24523671865596608,-3.7482254375926427,-0.7540194197514216,-0.5557432915089018,-0.5018604539395048
19.03333333333333,-0.27711890659186433,-3.9016953274156356,-0.7561772795937165,0.03657333680121313,-0.5018665662327063
19.041666666666668,-0.3102344353191948,-4.044115914491057,-0.753437013787317,0.6190273548765493,-0.5018733360104892
19.05,-0.34448586663585773,-4.1738680728078945,-0.7459043999599819,1.1854300030196978,-0.5018808956886629
19.058333333333334,-0.3797529290800085,-4.286964904887815,-0.7337515529525758,1.725853789939501,-0.5018894130035397
19.066666666666666,-0.4158696486518066,-4.3763126004901185,-0.717252958109644,2.2254846608174974,-0.5018990458160202
19.075,-0.4525963058343188,-4.431294852044561,-0.6968293911965108,2.6640274768177723,-0.5019098649041729
19.083333333333332,-0.48959151347761126,-4.438350291444627,-0.6730906538339263,3.0168109689545832,-0.5019217594025425
19.091666666666665,-0.5263959571583763,-4.383292453731985,-0.6468574258932283,3.258858699506752,-0.5019343598792014
19.1,-0.5624433370360408,-4.255405494144419,-0.6191359212815344,3.3719439969559444,-0.5019470382461413
19.108333333333334,-0.5971079001494646,-4.051719181803489,-0.5910299641210749,3.351841823762967,-0.5019590274366883
19.116666666666667,-0.6297788389198165,-3.7787525356449425,-0.5636082130334316,3.2111060873814363,-0.5019696272621996
19.125,-0.6599328278318864,-3.450332378208079,-0.5377767872428396,2.9750242534007385,-0.5019783869961668
19.133333333333333,-0.6871764474943988,-3.0829988873227654,-0.5142061267264336,2.6734373202519874,-0.501985170928558
19.141666666666666,-0.7112502787655842,-2.6918257233022707,-0.4933257696080645,2.333357953360581,-0.5019901053377873
19.15,-0.7320061589693654,-2.2882599690659338,-0.4753664626014491,1.9751650968481398,-0.5019934719159895
19.15833333333333,-0.7493747306378774,-1.8798285606186087,-0.46041936323422566,1.6120889325593604,-0.5019956091834896
19.166666666666668,-0.7633352549729119,-1.4708241237408484,-0.4484912125792919,1.2514277278530652,-0.501996847503868
19.175,-0.773892529952339,-1.0632338287585208,-0.43954687212123267,0.896204818772101,-0.5019974761448441
19.183333333333334,-0.7810612000154596,-0.6575518393046622,-0.43353861339866545,0.5466331300987346,-0.5019977313950563
19.191666666666666,-0.784855970194378,-0.25338214942329623,-0.4304246851916909,0.20122033477277468,-0.5019977954684752
19.2,-0.7852860507072759,0.1501392227866285,-0.4301800391308998,-0.14243773681879998,-0.5019977995109046
19.208333333333332,-0.7823526181314187,0.5540281921231272,-0.43280130971399944,-0.48704683742719934,-0.5019978407412626
19.216666666666665,-0.7760486913649429,0.9591844918992166,-0.43830708922200584,-0.8350877904035776,-0.5019980396992819
19.225,-0.7663612268833189,1.3661090568998961,-0.446733844684153,-1.1882652737342887,-0.5019985665274437
19.233333333333334,-0.7532759733219957,1.7745137982998422,-0.4581265388610907,-1.5467698489494761,-0.501999644523815
19.241666666666667,-0.7367862294333645,2.1827653309217565,-0.47252197614094404,-1.908253362806039,-0.5020015501000761
19.25,-0.7169070853036387,2.5871237824160414,-0.48992215294863267,-2.2664525964919595,-0.5020046036953449
19.258333333333333,-0.6936967158329048,2.9808355685585615,-0.5102549389039449,-2.6095678568423066,-0.50200914220876
19.266666666666666,-0.6672849555243229,3.353368710072034,-0.533321790833637,-2.918905122035995,-0.5020154618800126
19.275,-0.6379055299028619,3.6904388879224803,-0.5587389726848442,-3.168918950913006,-0.5020237271104117
19.28333333333333,-0.6059216702480528,3.97571093409378,-0.5858904163605372,-3.3302088134218204,-0.5020338636197165
19.291666666666668,-0.5718287813436675,4.194566668513767,-0.6139210281535622,-3.376166926479402,-0.5020454898178985
19.3,-0.5362205345553119,4.338755669887034,-0.6417946956290057,-3.2912351748800512,-0.502057954282791
19.308333333333334,-0.49972170613721134,4.409247626525114,-0.6684118311013706,-3.0761013759523155,-0.5020704962504766
19.316666666666666,-0.46291244083389865,4.415315258925756,-0.6927439194620495,-2.7463594486204643,-0.502082453120723
19.325,-0.42627406776835075,4.370638496534866,-0.7139325331984465,-2.325934778624178,-0.5020934020732529
19.333333333333332,-0.3901707688573478,4.2890392438532,-0.7313272424546893,-1.8397604307402085,-0.5021031835466101
19.341666666666665,-0.3548610538698954,4.181769518938518,-0.7444720060805979,-1.3090471629399398,-0.5021118367672084
19.35,-0.320523984682286,4.056616488455526,-0.7530654652782689,-0.7496404674300239,-0.5021195065889466
19.358333333333334,-0.2872875043840116,3.918158756090656,-0.7569166898516886,-0.17234536268576295,-0.5021263622928064
19.366666666666667,-0.2552523824339326,3.7684671296175325,-0.7559074874439149,0.4159854872917907,-0.5021325435466852
19.375,-0.22450997844118933,3.607843031358629,-0.749964396228267,1.0112922937083009,-0.5021381819142043
19.383333333333333,-0.19515441588848143,3.4354040637514,-0.7390393173092373,1.6114294658851696,-0.5021434915034395
19.391666666666666,-0.16729056930563763,3.2495135908641433,-0.7230962156128974,2.2155648901848806,-0.5021487891133526
19.4,-0.14103897685284555,3.0480926410900384,-0.702101949699909,2.823785642986079,-0.5021544974750496
19.40833333333333,-0.11653853340730383,2.8288478544285987,-0.6760196923321522,3.436858209221938,-0.5021611518813581
19.416666666666668,-0.09394748300361773,2.5894590710623917,-0.6448039662981522,4.056067763877814,-0.5021694107185077
19.425,-0.0734428540851903,2.3277742349885067,-0.608396972015685,4.683053665007022,-0.502180070119518
19.433333333333334,-0.055218029912654565,2.042074767996049,-0.5667266646203387,5.319532256509535,-0.5021940821528279
19.441666666666666,-0.03947749091758789,1.7315095473481776,-0.5197081635615427,5.966739015225666,-0.5022125736373546
19.45,-0.02642670941975428,1.3968578463700512,-0.4672518858258741,6.624315116707014,-0.5022368569940252
19.458333333333332,-0.016253489250782092,1.0418681154406861,-0.40928470524757543,7.288209455879453,-0.502268412187479
19.466666666666665,-0.009094689846095586,0.675474306181273,-0.3457945925452143,7.947052578068065,-0.502308795291804
19.475,-0.004980270954551397,0.3149925628251695,-0.2769130322968795,8.576748061201753,-0.502359394226175
19.483333333333334,-0.0037490810576315484,-0.010597243765252118,-0.20304627470667144,9.134641472181638,-0.5024209306690797
19.491666666666667,-0.004947225814415282,-0.26055087865125526,-0.1250402719033395,9.558585475993201,-0.5024926910179581
19.5,-0.007758021404375533,-0.39093157037934084,-0.04430099521963933,9.780099877472201,-0.5025717944580304
19.508333333333333,-0.01104799688249117,-0.37315139566169725,0.037268893405241275,9.75413556257238,-0.5026532253307845
19.516666666666666,-0.013571727100211844,-0.21046822182219949,0.11759024397282385,9.485894168362938,-0.5027311742648317
19.525,-0.014244154552239483,0.06403841252954051,0.19483743717372984,9.027510301253304,-0.5028009805768786
19.53333333333333,-0.012318241196085147,0.4058097951335127,0.2677141703389448,8.448250453570248,-0.5028602286874854
19.541666666666668,-0.007403020599663587,0.7759706137480191,0.3354716460202718,7.807080300484696,-0.5029085674447596
19.55,0.0006185103076732715,1.1479179641049782,0.39776957381138994,7.142774641517549,-0.5029469204108997
19.558333333333334,0.011690347556906028,1.5062249863827637,0.4545133340181551,6.47644745251728,-0.5029767557349749
19.566666666666666,0.025662578271555922,1.843198418728351,0.5057317163358062,5.81759844728614,-0.5029996426513286
19.575,0.04234247616897236,2.155832710076199,0.5515027282890032,5.169240618914776,-0.5030170449325719
19.583333333333332,0.06152440274072064,2.4437735761648347,0.5919145330110204,4.531213346724907,-0.5030302493912548
19.591666666666665,0.08300639559971622,2.708108020638947,0.6270476267224426,3.9020609706864113,-0.5030403565886719
19.6,0.10659904581471134,2.950677239322184,0.6569686125161172,3.280018467778864,-0.5030482947067325
19.608333333333334,0.13212998948702914,3.1736800819553905,0.6817299223163488,2.6635066864425885,-0.5030548387447619
19.616666666666667,0.15944576676899327,3.3794186641644606,0.701372545637723,2.0513914393985377,-0.5030606279702798
19.625,0.18841182056166364,3.570094123697809,0.7159305035245901,1.443164166110281,-0.5030661793702089
19.633333333333333,0.21891078074165857,3.747590463538581,0.7254368834068001,0.8391513821422991,-0.5030718967523723
19.641666666666666,0.25083872210485336,3.913196445565663,0.7299320438087092,0.2408397895753896,-0.5030780757817257
19.65,0.28409868186776593,4.067217709176937,0.7294752954324206,-0.34859991160440373,-0.5030849063823765
19.65833333333333,0.31859029847421066,4.208426507231871,0.7241621223530693,-0.9234941486956247,-0.5030925131645141
19.666666666666668,0.35419421425306824,4.333367898742086,0.7141493458487912,-1.474606840085334,-0.5031010428377176
19.675,0.3907503702447482,4.435607672324059,0.6996896397797943,-1.9879836638484643,-0.5031106475217682
19.683333333333334,0.42803065024925735,4.505205432020831,0.6811746468740281,-2.444178216771084,-0.5031214131979261
19.691666666666666,0.465710128893013,4.529033824616069,0.6591793989574632,-2.8189304447171053,-0.5031332669345547
19.7,0.5033472676456038,4.4927241707733945,0.6344903385361382,-3.0866210680431627,-0.5031458921309521
19.708333333333332,0.5403884170330119,4.384496646367396,0.6080908484926898,-3.226908254059961,-0.5031587079332019
19.716666666666665,0.5762083694345774,4.199619646593758,0.581084783054479,-3.2323395912815918,-0.5031709639824997
19.725,0.6101815855423635,3.9428461737256204,0.5545682750396791,-3.112352300586549,-0.5031819352227771
19.733333333333334,0.6417579450394995,3.6269651170653714,0.5294958076427562,-2.8904917270563883,-0.5031911173799766
19.741666666666667,0.6705126559601746,3.268443842895768,0.5065932717559136,-2.5966132201999934,-0.5031983180350007
19.75,0.6961574672266292,2.882966308710764,0.4863398614304715,-2.2589746027538706,-0.5032036225736041
19.758333333333333,0.7185217721206439,2.482835535397049,0.4690032662475179,-1.899640300269002,-0.5032072925066359
19.766666666666666,0.7375207925311846,2.076373569624702,0.45469775165344123,-1.533412558300776,-0.5032096624357635
19.775,0.7531242639673226,1.6684845485823228,0.4434414155137467,-1.1688220953552073,-0.5032110683122499
19.78333333333333,0.7653317459454715,1.2615775874606552,0.4352017220014696,-0.8097678667586078,-0.5032118092020401
19.791666666666668,0.7741555028168422,0.8564186794276112,0.429927517680081,-0.45704699379307845,-0.5032121323118174
19.8,0.7796096566861155,0.45277808571601547,0.4275697032563612,-0.10953617874833893,-0.5032122304907142
19.808333333333334,0.7817039044379227,0.04988698900835263,0.4280934891062674,0.23495504388485874,-0.5032122450755564
19.816666666666666,0.7804404777002142,-0.3532280999536101,0.43148450340070704,0.5790403983610195,-0.5032122808716516
19.825,0.7758136069152748,-0.7574705288487152,0.4377500451695802,0.9252224613454237,-0.5032124515895892
19.833333333333332,0.7678112286656117,-1.1633962727261586,0.44691596196917915,1.2753509299020271,-0.5032129161902529
19.841666666666665,0.7564193177446691,-1.5708482631115677,0.45901845776615086,1.6299268785932195,-0.5032138855051176
19.85,0.7416298624808,-1.9784384720862114,0.4740890792066346,1.9871450842918652,-0.5032156225826686
19.858333333333334,0.7234539513035203,-2.3828359777613666,0.49213035138100997,2.3416024694249065,-0.5032184351575761
19.866666666666667,0.7019415176102992,-2.7778995983101002,0.5130794133264142,2.6827427274153623,-0.5032226515836913
19.875,0.6772082326356997,-3.1538942080063177,0.5367588741117604,2.993457739638076,-0.5032285695802489
19.883333333333333,0.6494667229517606,-3.497362293063582,0.5628199221968738,3.2498472378030145,-0.5032363719434353
19.891666666666666,0.6190532136142962,-3.792491589350022,0.5906933660561645,3.423610960613373,-0.5032460228766902
19.9,0.5864344290839477,-4.024486594448823,0.6195753122436493,3.487974855616833,-0.5032571919627986
19.90833333333333,0.5521804095344746,-4.184078333906714,0.6484729239542077,3.4256672321642996,-0.5032692721536889
19.916666666666668,0.5169032186615317,-4.270732179342925,0.6763109329925059,3.2347069334316543,-0.5032815197525713
19.925,0.481182583943033,-4.292380539749763,0.7020628376405401,2.928189813373554,-0.503293256488584
19.933333333333334,0.4455081687181399,-4.261983781311555,0.7248552037647356,2.528530268981732,-0.50330402410928
19.941666666666666,0.41025566573184336,-4.1932952024370085,0.7440146472371394,2.0602265563189963,-0.5033136272267483
19.95,0.3756937493636578,-4.097911027498908,0.7590617806870226,1.544753052035846,-0.5033220822118417
19.958333333333332,0.3420079859573823,-3.9841161828796587,0.7696754918623406,0.9984943014066704,-0.5033295283246114
19.966666666666665,0.3093286407138161,-3.856976906476927,0.7756497522777734,0.432804142156269,-0.5033361449983075
19.975,0.2777550511149697,-3.7189707477973837,0.7768554668225267,-0.1450167644387909,-0.5033420925149498
19.983333333333334,0.24737417778222334,-3.5707055181440657,0.773211456788514,-0.7305879395325529,-0.503347493152436
19.991666666666667,0.2182735347776198,-3.4115259896493124,0.7646642507990004,-1.3215138950498089,-0.5033525109095928
20.0,0.19054979772158057,-3.2399508201480516,0.7511743031435738,-1.9167626632300003,-0.5033574050320134
20.008333333333333,0.16431428384275967,-3.053992039081864,0.732706500074791,-2.516248410771474,-0.5033625349160915
20.016666666666666,0.13969616735189055,-2.8513847021657135,0.7092234237846534,-3.120578111769709,-0.5033683657939234
20.025,0.11684402412776916,-2.6297647661981607,0.680680264677921,-3.730897906233678,-0.5033754779716086
20.03333333333333,0.09592597026946134,-2.386835866759008,0.6470208410779453,-4.348768484868622,-0.5033845800532576
20.041666666666668,0.0771282904063722,-2.1205747291415338,0.6081748249858128,-4.975983502764133,-0.5033965261936084
20.05,0.060651949289266045,-1.8295492330013454,0.5640571366745731,-5.614204245072944,-0.5034123361091177
20.058333333333334,0.04670558384647333,-1.513470836328339,0.5145718313433881,-6.264202768622834,-0.503433213067385
20.066666666666666,0.035492257761025735,-1.1741800459673748,0.4596250528443182,-6.924371904273359,-0.5034605469053478
20.075,0.02718522366403593,-0.8173525213802137,0.39915516484851493,-7.58799740846298,-0.5034958721902698
20.083333333333332,0.021885433265641917,-0.4552037555735456,0.33319267456554985,-8.238771823544026,-0.5035407218231571
20.091666666666665,0.01955263478592083,-0.11000498849229229,0.26196474249289387,-8.844755009239563,-0.5035962803184764
20.1,0.01990911146330191,0.18338260544251145,0.18604813017899793,-9.353625048142218,-0.5036627483948408
20.108333333333334,0.022341519716055063,0.3805747112913618,0.10653146297691025,-9.696842533843727,-0.5037385124690597
20.116666666666667,0.025870749431439632,0.44136866352091153,0.025073279265065102,-9.811298262197576,-0.5038196341879705
20.125,0.02927155412641509,0.35000543451487065,-0.056280086347106906,-9.672092872812662,-0.5039004591659137
20.133333333333333,0.03133044242516464,0.12489957678962929,-0.13550116576440138,-9.308377864326518,-0.5039754270375191
20.141666666666666,0.031096313447301568,-0.19264472108544883,-0.21097595226624621,-8.7849320739402,-0.5040408106348458
20.15,0.027986008190567752,-0.558702003377181,-0.2816626690879456,-8.169383999241692,-0.5040952021973388
20.15833333333333,0.021744848959926698,-0.9395109231195385,-0.3470183837426773,-7.512102549478773,-0.5041389425250545
20.166666666666668,0.01234639765011439,-1.3138404239623567,-0.4068334932792009,-6.8431982133604805,-0.5041732905549671
20.175,-0.00010206567676162605,-1.6702212414456,-0.4610818543171569,-6.177657980871625,-0.5041998126308929
20.183333333333334,-0.015425987504591503,-2.0034507662562038,-0.5098205290115073,-5.521350901024267,-0.5042200577286031
20.191666666666666,-0.03342410398125558,-2.3119739486978275,-0.5531332592452143,-4.875376916140705,-0.5042354240508407
20.2,-0.05389144138275537,-2.5962511604286735,-0.5911026362831918,-4.238678022123125,-0.5042471232442418
20.208333333333332,-0.07663182742140291,-2.85781922969632,-0.6237986599776597,-3.609456067177868,-0.5042561854414095
20.216666666666665,-0.1014644449273737,-3.098760441715957,-0.6512759331667823,-2.985896788677651,-0.5042634771771561
20.225,-0.1282269540565791,-3.3213845935345705,-0.6735752145463012,-2.366535261087793,-0.5042697202484127
20.233333333333334,-0.15677641301622539,-3.528002843330237,-0.690727274926086,-1.7504702277182462,-0.5042755071864344
20.241666666666667,-0.186988416816817,-3.7207154295112352,-0.7027583908687286,-1.1375613374641482,-0.5042813122053352
20.25,-0.218754319944076,-3.9011551680598915,-0.7096977658882269,-0.528710031864253,-0.5042874976456915
20.258333333333333,-0.2519759546128249,-4.070134216431288,-0.7115879577254854,0.07368490580882846,-0.5042943162867528
20.266666666666666,-0.28655681011135264,-4.227137272799977,-0.7085001686666994,0.6649958298023122,-0.5043019222239447
20.275,-0.3223881923189396,-4.369627865411691,-0.7005570561654478,1.2373051805242168,-0.5043104561762115
20.28333333333333,-0.3593290526502347,-4.492237011111936,-0.6879652572882388,1.7781584042957606,-0.504320083787367
20.291666666666668,-0.3971790785456247,-4.586012880173834,-0.6710582789109482,2.269417859808666,-0.504330935255756
20.3,-0.4356475204009422,-4.638269532607993,-0.65034551098843,2.687149098850673,-0.5043430117957413
20.308333333333334,-0.4743261708736381,-4.633887704131081,-0.6265528945388452,3.0039970911326574,-0.5043560831488121
20.316666666666666,-0.512681832942752,-4.5587318639867584,-0.6006290478489057,3.195162306830155,-0.5043696285605325
20.325,-0.5500845459140575,-4.404539953704413,-0.5736894144117431,3.246816537916799,-0.5043828887699263
20.333333333333332,-0.5858742948446198,-4.172733950508715,-0.5468947406835769,3.162521408040889,-0.5043950478948344
20.341666666666665,-0.6194447218549338,-3.8743808433606493,-0.5213020414361141,2.962888539996387,-0.5044054633136245
20.35,-0.6503089068969271,-3.5262123744395515,-0.4977490038341921,2.6783998571763195,-0.5044138131290442
20.358333333333334,-0.6781247773843371,-3.145478225240472,-0.4768104981519194,2.3402638588437914,-0.5044200998892675
20.366666666666667,-0.7026829775793643,-2.7463920101220047,-0.45882166484891973,1.9741173864552675,-0.504424553825864
20.375,-0.7238750266871624,-2.33891155048865,-0.4439359826956893,1.5978508668763294,-0.5044275149129395
20.383333333333333,-0.7416586305978428,-1.9290993195415735,-0.43218852589902684,1.222228531301695,-0.5044293432748023
20.391666666666666,-0.7560290764818601,-1.5200845268981398,-0.42354855777214984,0.852586192024584,-0.5044303682903253
20.4,-0.7669989287860066,-1.1130304872027694,-0.41795739623267686,0.49055712194929907,-0.5044308669646013
20.40833333333333,-0.7745849600086031,-0.7078895246860718,-0.4153532870231176,0.1354386946283161,-0.5044310589201056
20.416666666666668,-0.7788004042193606,-0.3039325676109124,-0.41568654871276417,-0.21482776647048363,-0.5044311088678491
20.425,-0.7796509049966579,0.09988081686234578,-0.4189277837949862,-0.5629502309246142,-0.5044311400324227
20.433333333333334,-0.7771331193988034,0.5046243606881298,-0.4250709539076736,-0.9117439838488928,-0.5044312647691641
20.441666666666666,-0.7712355164120086,0.911144161580703,-0.434132172839046,-1.2636211964569206,-0.5044316246890522
20.45,-0.7619415102909186,1.3197462013794328,-0.4461439389765299,-1.619985836919764,-0.504432412690376
20.458333333333332,-0.7492357024280598,1.7297508564209363,-0.46114346154252894,-1.980400753128067,-0.5044338761037327
20.466666666666665,-0.7331146032254646,2.1388551359683117,-0.4791527224472865,-2.3414231624834128,-0.5044363138516694
20.475,-0.7136035540433466,2.542287878182048,-0.5001473101973921,-2.6950843139928167,-0.5044400608075981
20.483333333333334,-0.6907811857902072,2.931886978615232,-0.5240117478470084,-3.0272406742466433,-0.504445448427996
20.491666666666667,-0.6648105496357518,3.2955243021595955,-0.5504828953655597,-3.316541483013712,-0.5044527313171875
20.5,-0.6359709030249164,3.617681557521737,-0.5790920179841504,-3.535417712119056,-0.5044619820910793
20.508333333333333,-0.6046767884914521,3.8820244657845473,-0.6091289808503412,-3.654581238228334,-0.5044729879874464
20.516666666666666,-0.5714671182982676,4.075863553622558,-0.6396590227951496,-3.6508647465610946,-0.5044852171540369
20.525,-0.5369554516409448,4.194537032456335,-0.6696080411043087,-3.515009294960626,-0.5044979137073432
20.53333333333333,-0.501754196111894,4.242884306414359,-0.6978949400037681,-3.2544677614733333,-0.5045103003578383
20.541666666666668,-0.46640322980420973,4.232808092343907,-0.7235584242901406,-2.889422872966043,-0.5045217804386912
20.55,-0.43132929635110695,4.178796807140822,-0.7458322082076849,-2.4451941433595383,-0.5045320368756208
20.558333333333334,-0.39684158582382495,4.094083144289367,-0.7641584628879345,-1.9456410786709641,-0.5045410122924584
20.566666666666666,-0.36315165735361293,3.988700404853793,-0.7781591859824897,-1.4097653619404915,-0.5045488228713324
20.575,-0.3304022681422304,3.8691694697099144,-0.787591643766533,-0.85108571014556,-0.5045556636577704
20.583333333333332,-0.298694767999197,3.7390281223081105,-0.7923055003297153,-0.2784500489119419,-0.5045617350879942
20.591666666666665,-0.26811081883037646,3.599589510765842,-0.7922088725815608,0.3027613081400286,-0.5045671964379829
20.6,-0.2387279407748845,3.4506386817549655,-0.7872441719622582,0.8895347204860263,-0.5045721754622148
20.608333333333334,-0.21062992479927942,3.2909567224403977,-0.777371933604027,1.4804329754272858,-0.5045768620155177
20.616666666666667,-0.18391359999700368,3.1186847214496054,-0.7625598985640868,2.075096655959988,-0.5045815409599543
20.625,-0.15869302113979486,2.931583356792973,-0.7427754645341251,2.673928462961309,-0.5045865964738641
20.633333333333333,-0.1351018276633451,2.727218344575433,-0.7179801476170488,3.2779158462960076,-0.5045925192129507
20.641666666666666,-0.1132942363711756,2.5031090750348874,-0.6881251688494371,3.888527702014869,-0.5045999172674378
20.65,-0.09344481530910809,2.2568796116026997,-0.6531478250580842,4.5076171094346495,-0.5046095314236714
20.65833333333333,-0.0757468190540793,1.9864633053793521,-0.6129689387483961,5.137241909658602,-0.5046222548038236
20.666666666666668,-0.06040832983528563,1.6904420254377825,-0.567492598334431,5.779265141041706,-0.5046391554095948
20.675,-0.04764456003902017,1.368657616558555,-0.5166109118560085,6.434501204281107,-0.5046614959392801
20.683333333333334,-0.03766317272653394,1.0233229553988394,-0.4602190580535821,7.101017333632583,-0.5046907355482392
20.691666666666666,-0.030637151471021834,0.6609587227123039,-0.39824995382479295,7.7710174376591015,-0.5047284781119815
20.7,-0.02665698832179472,0.2954454329992342,-0.33074284665877624,8.425758837248226,-0.5047762966469392
20.708333333333332,-0.02565348465548422,-0.04814470331381126,-0.2579617161589755,9.02893779316014,-0.5048353243706132
20.716666666666665,-0.027292436565951886,-0.33128531593478716,-0.1805639474184283,9.5223044108588,-0.5049055274801096
20.725,-0.030875367937764357,-0.506831926053253,-0.09976591760059479,9.832669917715174,-0.50498481623902
20.733333333333334,-0.0353294243115142,-0.5357535231458194,-0.017369846571170265,9.89854915437332,-0.5050686341104567
20.741666666666667,-0.03936704103299385,-0.4084509335720229,0.06448288862852615,9.70475838325285,-0.5051508905392863
20.75,-0.04177330228381843,-0.15091262317754994,0.14376620019955477,9.292432914222427,-0.505226036344348
20.758333333333333,-0.04164767130008369,0.19117680458389746,0.2189489704108733,8.733084521099952,-0.5052907148615619
20.766666666666666,-0.03847627958224572,0.5735874002835919,0.28909955240126944,8.094477827751897,-0.5053439600490433
20.775,-0.03206579992530674,0.9643891851664015,0.3537697629388968,7.4237813238737385,-0.5053864404769561
20.78333333333333,-0.022433695718500485,1.3444947888198064,0.41281518449344096,6.747552457142968,-0.5054195998449669
20.791666666666668,-0.009714937379864,1.704127966862468,0.4662484418437218,6.078069748704424,-0.5054450866904211
20.8,0.005900023914706008,2.0392361266657533,0.5141468442468258,5.419437420454317,-0.5054644748746325
20.808333333333334,0.024201776100044804,2.349000054384081,0.556602779144419,4.771689155070145,-0.505479160415312
20.816666666666666,0.04498211885215653,2.6343469150204837,0.5937005974303952,4.1331434327719245,-0.505490342140938
20.825,0.0680448083852054,2.8971182675072784,0.6255080433269458,3.501637636630875,-0.5054990346025882
20.833333333333332,0.09321106777365644,3.1396071366016765,0.6520750871771318,2.87513699090364,-0.505506089303176
20.841666666666665,0.12032210746300624,3.3642797776150393,0.6734363739299365,2.25203363310338,-0.5055122146348964
20.85,0.14923968941420032,3.5735697967352906,0.689615567554924,1.6313275355564238,-0.5055179913751405
20.858333333333334,0.17984501518343218,3.7696714528638693,0.7006311609483796,1.0128151690794776,-0.5055238831488471
20.866666666666667,0.21203568667731912,3.954274642143461,0.7065042399199637,0.3973857364828106,-0.5055302420886837
20.875,0.24572002266076928,4.128185625777748,0.7072694983724005,-0.21247801189911664,-0.5055373102412043
20.883333333333333,0.2808075109386099,4.290766516564406,0.7029916876198291,-0.8118734648630412,-0.5055452429606261
20.891666666666666,0.3171937004286114,4.439168054968904,0.6937905109639678,-1.39229606252954,-0.5055542084599316
20.9,0.35473803557807965,4.567415437139661,0.6798764341704614,-1.9402185662656597,-0.5055643996256167
20.90833333333333,0.3932340977826053,4.665570385937895,0.6615983074879751,-2.4357991475572702,-0.5055759610597331
20.916666666666668,0.43237527615021193,4.719616805600772,0.6394975792865102,-2.852839992426079,-0.5055888817922405
20.925,0.47172595533967104,4.71307662990236,0.6143517376149191,-3.1617150817860487,-0.505602880139324
20.933333333333334,0.5107162324329266,4.63106487249756,0.587176195272604,-3.336448402248189,-0.5056173454929509
20.941666666666666,0.5486780833392206,4.465816405004146,0.559154416205987,-3.3642172235410066,-0.5056314153370786
20.95,0.5849231709274437,4.220523981818874,0.5314970786246688,-3.251793012863913,-0.5056441978478191
20.958333333333332,0.6188343499342606,3.9085180957276617,0.5052796596597484,-3.0238256885774946,-0.5056550292848684
20.966666666666665,0.6499313079398592,3.5483082221455753,0.4813273458396113,-2.7139579456983585,-0.5056636164103895
20.975,0.6778895409688656,3.1579788016043646,0.4601829911004387,-2.354890808214053,-0.5056700137568355
20.983333333333334,0.7025206448022618,2.751775736369497,0.4421435907188953,-1.9723365521288219,-0.5056745022985625
20.991666666666667,0.723735305928991,2.3392581606159157,0.42732748818716676,-1.5834962350270552,-0.505677459874475
21.0,0.7415063912348294,1.9259644013249084,0.4157416025415432,-1.1982162168370845,-0.5056792704248277
21.008333333333333,0.7558400626864807,1.514535287194423,0.4073345783529408,-0.820970072387958,-0.5056802763697047
21.016666666666666,0.766756050579481,1.105735415903228,0.4020336902516506,-0.45268087044228666,-0.5056807607772351
21.025,0.77427535196878,0.6992074063087262,0.399768405630445,-0.09208847449261463,-0.5056809452254103
21.03333333333333,0.7784131466444697,0.2939810961798915,0.40048438955515686,0.2633047307264823,-0.5056809943277992
21.041666666666668,0.7791752187403059,-0.11118027534668591,0.4041508928863392,0.6165675359352384,-0.5056810331221764
21.05,0.7765568342730927,-0.5175248082282152,0.41076335191937635,0.9708380634000859,-0.5056811785391153
21.058333333333334,0.7705436532197104,-0.9260667349115052,0.4203419821493105,1.3288398395912702,-0.50568157925448
21.066666666666666,0.7611148720025369,-1.3372826528079313,0.4329259879336978,1.692291583207053,-0.505682437850921
21.075,0.7482494477483053,-1.750662696473827,0.44856191113676663,2.061068340773532,-0.5056840149456544
21.083333333333332,0.7319369115670215,-2.16404784580921,0.46728352451871796,2.4319934567077017,-0.5056866274881049
21.091666666666665,0.7121947294985065,-2.572723975514448,0.48907989094545173,2.797211607706964,-0.5056906337011934
21.1,0.6890939078690753,-2.9683894747923567,0.5138486817971825,3.1423486226000756,-0.5056963923556785
21.108333333333334,0.6627923524456842,-3.338437142793467,0.5413356782021234,3.4452283957544627,-0.5057041837981767
21.116666666666667,0.6335699510280587,-3.6664386031322262,0.5710710559587014,3.676698598201433,-0.5057140932889732
21.125,0.6018509427201377,-3.934840500769039,0.6023277606112596,3.8053350992591906,-0.5057258924166881
21.133333333333333,0.5681939567944342,-4.129861964864792,0.6341364615527876,3.8060338780632716,-0.5057389964103498
21.141666666666666,0.5332388548427686,-4.246430364579673,0.6653766079755412,3.6687585048778626,-0.5057525686085408
21.15,0.4976239650341111,-4.289878608764294,0.6949207229037069,3.401742292396209,-0.5057657502476482
21.15833333333333,0.4619081186215979,-4.27320412051135,0.7217725965357918,3.026996527702842,-0.5057778894266495
21.166666666666668,0.42652725479775205,-4.212059080333054,0.7451474371814394,2.571807133317134,-0.505788649830332
21.175,0.39179114035956997,-4.120545059822748,0.7644835182754259,2.0615109952124246,-0.5057979835339154
21.183333333333334,0.35790627113600926,-4.009184494251707,0.7794085616385094,1.5159485754227835,-0.5058060314609281
21.191666666666666,0.32500759137290824,-3.884688544770906,0.7896903135927063,0.948974225960929,-0.5058130178204642
21.2,0.29318788522157835,-3.7506036500385456,0.7951903186786203,0.3694674849418005,-0.5058191706665734
21.208333333333332,0.2625206025058003,-3.6081613385024034,0.7958281355334506,-0.2173080536869623,-0.5058246727618205
21.216666666666665,0.2330759121472587,-3.4570284185093523,0.7915563562738915,-0.8085128805577172,-0.5058296604890746
21.225,0.2049312729371751,-3.295862889089892,0.7823442243899645,-1.4028830353645168,-0.5058343180740801
21.233333333333334,0.17817819314383707,-3.1226866386836716,0.7681668073529783,-2.0002168552684982,-0.5058389236174339
21.241666666666667,0.15292638108603882,-2.935145247851274,0.7489975859067053,-2.6010582792395316,-0.5058438537654347
21.25,0.1293060886059804,-2.730688088804582,0.7248030261497229,-3.206527509653852,-0.5058495905730824
21.258333333333333,0.10746915422686322,-2.5067064379182025,0.6955381731923236,-3.8182345008464043,-0.5058567323139284
21.266666666666666,0.0875889406440451,-2.2606674305241112,0.6611428462480965,-4.438209489493198,-0.5058660088696787
21.275,0.0698590146395754,-1.9902914603816473,0.6215386152341444,-5.068768589633114,-0.5058783020799346
21.28333333333333,0.0544899228376548,-1.6938477475574267,0.5766275846253638,-5.712187402398042,-0.5058946702356297
21.291666666666668,0.041702590704968526,-1.3706970949368282,0.5262954107267919,-6.36996404931589,-0.5059163723949723
21.3,0.03171544270843666,-1.0223025127024754,0.4704234079118812,-7.041295037408134,-0.5059448795939053
21.308333333333334,0.02472001149113588,-0.6540465819976379,0.4089186108126315,-7.720174797037911,-0.5059818412743939
21.316666666666666,0.020836694573070146,-0.27822816277348644,0.34177617481369854,-8.390438247302347,-0.5060289402757036
21.325,0.020040529844468753,0.08184702923091955,0.2691922056299574,-9.018770269612073,-0.5060875229463949
21.333333333333332,0.022053876209802155,0.38859218050328775,0.19173464436032225,-9.548698197971593,-0.5061578898101131
21.341666666666665,0.026232884633787014,0.5931303635528195,0.1105310753890814,-9.904550604507257,-0.5062383304754117
21.35,0.031529068007364845,0.6509468121096451,0.027341356031036972,-10.016240931355444,-0.5063244850628262
21.358333333333334,0.03662473927427998,0.5455675694028083,-0.05564927915954524,-9.857668078905506,-0.5064100524020242
21.366666666666667,0.0402281478077241,0.29930393270957584,-0.13629705415540086,-9.464242325438779,-0.5064889359376306
21.375,0.04135179153446986,-0.041068986559879755,-0.2129386944576225,-8.909458068617411,-0.5065572256560037
21.383333333333333,0.039416050802678786,-0.42785279502143964,-0.28454605299024016,-8.266774310721079,-0.5066136254400138
21.391666666666666,0.03419101582194525,-0.8258839436416969,-0.3506215434847698,-7.588488355379206,-0.5066586943714932
21.4,0.025679800642370184,-1.2140042959940007,-0.41100586567483477,-6.904276127295185,-0.50669389828219
21.40833333333333,0.014015826735746662,-1.581372549843122,-0.4657152752490254,-6.227855027691544,-0.5067209576772769
21.416666666666668,-0.0006059293538054494,-1.9234818706572208,-0.5148381360854823,-5.563777272971067,-0.5067415246424828
21.425,-0.01796920296353174,-2.2393707721527987,-0.5584793407398855,-4.912040431340941,-0.5067570634606907
21.433333333333334,-0.03785843363968976,-2.5299675953695195,-0.5967344660167745,-4.270724049655122,-0.506768828156654
21.441666666666666,-0.06007032624983189,-2.7971786095203393,-0.6296801390540574,-3.637355604376738,-0.5067778771516461
21.45,-0.08441974130992222,-3.0433952145227265,-0.657372522807919,-3.0095681117847675,-0.5067850974378216
21.458333333333332,-0.11074247152629936,-3.271213221816278,-0.6798496161135282,-2.385402531987678,-0.5067912273445414
21.466666666666665,-0.1388961157278558,-3.4832413366722554,-0.6971353529787272,-1.7634637706160534,-0.5067968744163045
21.475,-0.16875945369263362,-3.681922445819481,-0.7092448619172999,-1.1430611022776942,-0.5068025278390402
21.483333333333334,-0.2002301853335639,-3.8693109139144775,-0.716191176608103,-0.5244314909723519,-0.5068085657619286
21.491666666666667,-0.23322044393575503,-4.046751641657313,-0.717994477725781,0.09085993875633461,-0.506815258011552
21.5,-0.26764900379170115,-4.214394297856059,-0.7146958026947419,0.699223321766293,-0.5068227790372224
21.508333333333333,-0.3034285206443072,-4.370485610859661,-0.7063781981067931,1.2939575312890224,-0.5068313034051405
21.516666666666666,-0.34044601243579165,-4.510457579038533,-0.6931983328452204,1.8638292426530663,-0.5068410508567442
21.525,-0.37853514210166106,-4.625913995979536,-0.6754309962582808,2.3914737161074164,-0.5068522279647851
21.53333333333333,-0.41744114177794434,-4.703997506878281,-0.6535250320611677,2.852456390875813,-0.5068649271442197
21.541666666666668,-0.4567852284749147,-4.728095506325296,-0.6281588768827749,3.21663910336198,-0.5068789983085188
21.55,-0.4960444951278658,-4.680992757162909,-0.6002682927782318,3.453728771218157,-0.5068939448145616
21.558333333333334,-0.5345689873845045,-4.550452812124532,-0.5710093806745461,3.5429224837393574,-0.5069089334641893
21.566666666666666,-0.5716474680263028,-4.334687037538035,-0.5416380421857955,3.482214486468359,-0.506922977753534
21.575,-0.6066043157509271,-4.0437932905897815,-0.5133374187245292,3.2906073638180304,-0.5069352275943867
21.583333333333332,-0.6388854208327935,-3.6958510528715536,-0.48706692358691683,3.001036938124305,-0.5069451944712353
21.591666666666665,-0.668098598030633,-3.310627573049836,-0.4634924716426535,2.64921316682948,-0.5069527961677442
21.6,-0.6940057675504842,-2.904790243892476,-0.4430020164343955,2.2651637394570825,-0.5069582527342663
21.608333333333334,-0.7164875281844384,-2.4900688481827893,-0.4257698870814503,1.8699761627393217,-0.5069619385153566
21.616666666666667,-0.735502266953664,-2.073558124040055,-0.41183092412477573,1.4763114903107828,-0.5069642648199899
21.625,-0.7510520908618502,-1.6588653948142555,-0.40114270603974633,1.0904210328153443,-0.5069656124846621
21.633333333333333,-0.7631587993318205,-1.24728625688469,-0.3936300463681156,0.7142325407416588,-0.5069663033232681
21.641666666666666,-0.7718486056465832,-0.8387092949849507,-0.3892138761568182,0.346976638260564,-0.5069665937451013
21.65,-0.7771431473407149,-0.4322290969655054,-0.38782872095508986,-0.013688479688342525,-0.5069666780810006
21.65833333333333,-0.77905464499546,-0.026544836632145564,-0.38943246190072833,-0.3709220031693982,-0.5069666963770466
21.666666666666668,-0.7775838175087411,0.3797636658241436,-0.39401077413267815,-0.7281570068892448,-0.5069667600668326
21.675,-0.7727198311698498,0.78801192090019,-0.4015775360140868,-1.088655400659994,-0.5069669974287782
21.683333333333334,-0.7644421555287396,1.1991641332461296,-0.4121714395954805,-1.4550175577293891,-0.5069675876466636
21.691666666666666,-0.7527248691503283,1.6134771553223755,-0.425847827955692,-1.828503044864602,-0.5069687690782215
21.7,-0.737544671134801,2.0299540506015004,-0.44266359992712756,-2.2080230434786037,-0.5069708424002801
21.708333333333332,-0.7188944994711207,2.445535772528608,-0.462651899477015,-2.5886807101010008,-0.50697416550188
21.716666666666665,-0.6968050246208546,2.854032364159954,-0.4857826824506782,-2.9598643776660354,-0.5069791292135153
21.725,-0.6713754702549258,3.245021737849566,-0.5119066985213009,-3.3032938388911455,-0.5069860987757102
21.733333333333334,-0.6428116028837093,3.6033884443011823,-0.5406867411778937,-3.592194426128663,-0.5069953094074466
21.741666666666667,-0.6114609874146909,3.9106512825481166,-0.5715335465170295,-3.793606428270007,-0.5070067282638993
21.75,-0.5778261500580049,4.148992085958575,-0.603580282924095,-3.875436093753429,-0.5070199436717114
21.758333333333333,-0.5425350598144337,4.307097219859032,-0.6357319299836508,-3.8167345201137888,-0.5070341789094037
21.766666666666666,-0.5062663984089214,4.384499092218226,-0.6667946876308136,-3.6154653159626706,-0.5070484792841686
21.775,-0.4696569156950332,4.391237543777251,-0.6956386791229152,-3.288200885790043,-0.5070619888173415
21.78333333333333,-0.43323113578208305,4.343250295570556,-0.7213241450347586,-2.8623703037910597,-0.5070741552615619
21.791666666666668,-0.3973756313738935,4.256910581141214,-0.7431519254776383,-2.366916451262064,-0.507084774638786
21.8,-0.36235183372980156,4.145510372093109,-0.7606476776412763,-1.8262061167206185,-0.5070939107314587
21.808333333333334,-0.32832778293456294,4.018144168524629,-0.7735129407119533,-1.2580198789365271,-0.5071017738105728
21.816666666666666,-0.29541219976578714,3.88008419675555,-0.7815713682534143,-0.6740900448846627,-0.5071086165871216
21.825,-0.26368269104564906,3.733685666073346,-0.7847241407451546,-0.0815478810253914,-0.5071146651334716
21.833333333333332,-0.2332062125223112,3.5792863152617436,-0.7829177857982709,0.5156367017766099,-0.5071200844095082
21.841666666666665,-0.20405275337647044,3.4159197222839675,-0.7761227912265449,1.1155305905791784,-0.5071250316644529
21.85,-0.17630404656538406,3.2417984866584177,-0.7643198366930231,1.717531884157348,-0.5071297480604416
21.858333333333334,-0.1500589670033433,3.05464057670729,-0.7474906326171628,2.321940450148748,-0.507134572847757
21.866666666666667,-0.12543667045205034,2.8518907990795332,-0.7256115286039109,2.9297149820111534,-0.5071399481654308
21.875,-0.10257818926351364,2.630876566544106,-0.6986485829715106,3.5423533532419444,-0.5071464277237091
21.883333333333333,-0.08164686592325864,2.3889375680423908,-0.6665533554589691,4.161827351316364,-0.5071546900102992
21.891666666666666,-0.06282767031511133,2.1235720500552215,-0.6292592681175898,4.790497713982879,-0.507165556641901
21.9,-0.04632502935988508,1.8326601826480764,-0.5866790976154281,5.430906126360036,-0.5071800158859985
21.90833333333333,-0.03235814297704211,1.5148659597170666,-0.5387052741591791,6.085272471884917,-0.5071992492234721
21.916666666666668,-0.021151626456345215,1.1703951596173614,-0.4852165815848218,6.754396287557813,-0.5072246530369695
21.925,-0.012917377222279716,0.8024037928442702,-0.42609816612054124,7.435456840654992,-0.5072578339944334
21.933333333333334,-0.007820598269158588,0.41946280454514195,-0.361286919164902,8.117995318362638,-0.5073005289216604
21.941666666666666,-0.005919756717054174,0.03934871811738108,-0.2908600821348526,8.777539047557354,-0.5073543539267726
21.95,-0.00707149182505944,-0.3066522114788628,-0.21518389374869396,9.368065748459157,-0.5074202479820006
21.958333333333332,-0.010809293058075748,-0.572742354002073,-0.13511083123891454,9.819506808897247,-0.5074975612294901
21.966666666666665,-0.016252651185778212,-0.7081883905541845,-0.05213490398197873,10.052449150606698,-0.5075831022959293
21.975,-0.022154118340729154,-0.6800343672052966,0.03167197705250387,10.014722243053749,-0.5076711015608253
21.983333333333334,-0.027143347437842944,-0.4935762176470056,0.11404328396750035,9.71479062888731,-0.5077548797499363
21.991666666666667,-0.03005078813665035,-0.188808506431548,0.19303112561192157,9.215912372206882,-0.507829256961102
22.0,-0.03010479325793893,0.1830485476896392,0.2673126133728213,8.597893172702872,-0.5078917825493856
22.008333333333333,-0.02693296368467857,0.5795638665585108,0.3361794821566442,7.92504928457993,-0.5079423420843652
22.016666666666666,-0.02045433776962847,0.9732820506203399,0.3993566321822876,7.237090847274695,-0.5079821488080747
22.025,-0.010761588692615233,1.349268614148396,0.45681212149010914,6.553941335314885,-0.5080129108959633
22.03333333333333,0.001964883865139117,1.700712922975245,0.5086244445603683,5.883353674863633,-0.5080363661260016
22.041666666666668,0.017509245605875107,2.0254596127293403,0.5549070061266097,5.226712948800204,-0.5080540882546092
22.05,0.0356492254457402,2.323852597609262,0.5957710104424329,4.58252797392942,-0.5080674343792018
22.058333333333334,0.05617141076001179,2.5975300255064946,0.6313101105408065,3.948291041835477,-0.5080775509468543
22.066666666666666,0.07887906907890972,2.8487806239225817,0.6615962010855218,3.321387505429636,-0.5080853981054869
22.075,0.1035959845965401,3.0801971436931868,0.6866804775429023,2.6995074776214634,-0.5080917755955615
22.083333333333332,0.13016807245441542,3.2944700614839046,0.7065968218502602,2.0808255537282374,-0.5080973443515244
22.091666666666665,0.15846352480240272,3.4942296714543204,0.7213662853741656,1.4641046591909808,-0.5081026424926649
22.1,0.18837162893000065,3.6818766974534802,0.7310024882843972,0.8488270425927661,-0.5081080959455561
22.108333333333334,0.21979995405556013,3.8593519753179746,0.7355185226455697,0.23543841783130204,-0.5081140242848564
22.116666666666667,0.25266918488676593,4.027791928028766,0.7349366746000492,-0.374201772120804,-0.5081206435158677
22.125,0.28690435867269654,4.186997838889719,0.7293032135871106,-0.9760331255077312,-0.5081281131562957
22.133333333333333,0.32242078738947244,4.334692828801725,0.7187112734576863,-1.5626489431174175,-0.5081366380256434
22.141666666666666,0.3591028880242718,4.465565174808585,0.7033347844579683,-2.121787898381666,-0.5081464594277842
22.15,0.3967746181980314,4.570269570018561,0.683475722249283,-2.6347509380491636,-0.5081577840746878
22.15833333333333,0.43516325853434645,4.634966482097582,0.6596216535344142,-3.075749109908214,-0.5081706740514464
22.166666666666668,0.473865130174254,4.642450946961554,0.6324987951134781,-3.413979419247721,-0.5081849157811168
22.175,0.5123311936542012,4.575898676351832,0.6030898895694718,-3.620162961577941,-0.5081999304139796
22.183333333333334,0.5498940700074582,4.424769361574085,0.5725804015384752,-3.676697271919201,-0.508214818833822
22.191666666666666,0.5858432892165958,4.189786389138217,0.5422223690647504,-3.5860717021206843,-0.5082285816026804
22.2,0.6195243557072909,3.8832185564509447,0.5131591678372859,-3.3710589667199105,-0.5082404157155611
22.208333333333332,0.6504175626917373,3.5240823103212695,0.4862878671200535,-3.0661130479266356,-0.5082499106049805
22.216666666666665,0.6781674904033952,3.1318424248892667,0.46220915691731024,-2.706241473003238,-0.5082570551551564
22.225,0.7025670871965243,2.722201598642694,0.4412573495245924,-2.3195907743167017,-0.5082621138570808
22.233333333333334,0.7235192287041453,2.305826845248061,0.42357006081441667,-1.925197244527806,-0.5082654789842398
22.241666666666667,0.7409964168024581,1.888942613739574,0.40916123947149013,-1.5340230062295657,-0.5082675621842846
22.25,0.7550086985632899,1.4745433460467108,0.3979797489325726,-1.1510947569166328,-0.5082687358520044
22.258333333333333,0.7655816558273547,1.0635294269972926,0.3899501148796121,-0.7775248768985764,-0.5082693102797137
22.266666666666666,0.7727426745578478,0.6555479256925536,0.38499845366281743,-0.41202777782639,-0.5082695301265602
22.275,0.776512997005824,0.24955094099124628,0.3830678722547496,-0.05194932603517195,-0.5082695787962297
22.28333333333333,0.7769035363351406,-0.15584374221930736,0.3841268289179481,0.30604527762634315,-0.5082695853508812
22.291666666666668,0.7739132135318562,-0.5620935571890867,0.3881725918875421,0.6654589018837427,-0.5082696530479717
22.3,0.7675292421744874,-0.9705152522983668,0.3952308156060586,1.0295295696766162,-0.5082699181058219
22.308333333333334,0.7577292959350291,-1.382030650137215,0.4053513502208818,1.4007274523580897,-0.5082705719905419
22.316666666666666,0.7444862823322406,-1.7967831705008919,0.418599015931086,1.7800287234147474,-0.5082718672818505
22.325,0.7277771215674717,-2.2135458554641874,0.435036927415619,2.1658291128284697,-0.5082741205880739
22.333333333333332,0.707597594934721,-2.62884849215741,0.4546988039602687,2.5523732013548908,-0.5082777058486442
22.341666666666665,0.6839856359008546,-3.0358424801893893,0.47754618738346966,2.927735428612171,-0.5082830259505158
22.35,0.657054334716509,-3.423186781792261,0.5034084431720859,3.2718507995556414,-0.5082904465431108
22.358333333333334,0.6270316423061186,-3.7747326649142847,0.531910924417261,3.555955194852905,-0.5083001814281828
22.366666666666667,0.5942950951939835,-4.071250625795456,0.5624118227249257,3.7456093622054643,-0.5083121478569097
22.375,0.5593803071925606,-4.295008075725299,0.5939850152668003,3.808733356442732,-0.5083258633597872
22.383333333333333,0.5229430005980664,-4.435879070695816,0.6254846405140645,3.7263860267343873,-0.5083404861942463
22.391666666666666,0.4856763316424428,-4.495268829335506,0.6556890934569407,3.4998352971332025,-0.5083550333886746
22.4,0.44821608187394646,-4.484906183102507,0.6834684107280933,3.1487488867764974,-0.5083686673650007
22.40833333333333,0.41107484055756344,-4.421619549077578,0.7079035258236137,2.7023510218306326,-0.5083808834602849
22.416666666666668,0.37462339361070385,-4.321854222870933,0.7283249549623497,2.1900050928310515,-0.5083915276892293
22.425,0.33910908406903306,-4.198485573950855,0.744287606599547,1.6356596372040282,-0.508400698608419
22.433333333333334,0.30469017502961476,-4.060034633754628,0.7555172734250526,1.0563880989896135,-0.5084086212270931
22.441666666666666,0.2714703270562138,-3.9112351841068036,0.7618559505916145,0.4632439511658385,-0.5084155456367969
22.45,0.23952615448807976,-3.7540093954314884,0.7632180598931806,-0.13717984544291084,-0.5084216827154837
22.458333333333332,0.208926744030474,-3.5883778858642312,0.7595595327460456,-0.7412972511646793,-0.5084271875927363
22.466666666666665,0.17974644359198702,-3.413150537427999,0.7508575541245187,-1.3474548221407283,-0.5084322508141726
22.475,0.15207290769474965,-3.226386935138929,0.7370974105402217,-1.9552757772557192,-0.5084371596742152
22.483333333333334,0.1260119529723408,-3.0257111364170695,0.7182636878364292,-2.565255216481672,-0.5084423028819327
22.491666666666667,0.10169024689121713,-2.808524212078735,0.6943340264659115,-3.1785394245407805,-0.5084481761460969
22.5,0.07925649400820042,-2.572159569130072,0.6652742150260925,-3.7968127267905736,-0.50845539201914
22.508333333333333,0.058881416619136075,-2.3140244017481453,0.6310340393164815,-4.42221639042795,-0.5084646945960629
22.516666666666666,0.04075644332690752,-2.031778327998881,0.591543969630694,-5.057211425477931,-0.5084769794524668
22.525,0.02509050093716151,-1.7236262748516744,0.5467136564509866,-5.704254106182235,-0.5084933180555927
22.53333333333333,0.012103460440127119,-1.388856985003493,0.4964346372426954,-6.3650616821375126,-0.5085149824202242
22.541666666666668,0.002013333061392514,-1.028851907709049,0.44059212783966684,-7.039085066929415,-0.5085434571751691
22.55,-0.004988068437741541,-0.6489120286468372,0.37909486591469693,-7.720585138273078,-0.5085804072963435
22.558333333333334,-0.008779501189290164,-0.26129186305909824,0.3119376608884061,-8.393604327877563,-0.5086275341705951
22.566666666666666,-0.009385146363655983,0.1106241507718187,0.23931529024785492,-9.024822157338518,-0.508686204355849
22.575,-0.0070834669228994835,0.42892364929198823,0.1617960692764915,-9.557327474749714,-0.5087567334241753
22.583333333333332,-0.0025230709381080666,0.6441256650225414,0.08051379699613437,-9.914508865058442,-0.5088374049735158
22.591666666666665,0.0032374748398504623,0.7111243978725567,-0.002756960102773291,-10.025318201376018,-0.5089238134801024
22.6,0.008867450025966506,0.613408764633349,-0.08581139888589298,-9.863588681906512,-0.5090095849792995
22.608333333333334,0.013064858790615905,0.37395756732121893,-0.16649077980070498,-9.465841850270381,-0.5090885694505847
22.616666666666667,0.014838819925684461,0.04041726471632752,-0.24312839609899564,-8.907049519398745,-0.5091568542059695
22.625,0.013612532103901544,-0.3389477698681404,-0.3147033581981339,-8.261676033192362,-0.5092131772940005
22.633333333333333,0.00916195173957381,-0.728790883941185,-0.38073108022921487,-7.582419132943703,-0.5092581331312487
22.641666666666666,0.0014965303760909518,-1.1079943527330633,-0.4410669310620899,-6.899001252569494,-0.509293210066952
22.65,-0.009244706069267574,-1.4658339639261369,-0.49574157745757624,-6.225059028752096,-0.5093201369003582
22.65833333333333,-0.022862187617213068,-1.7979208983370896,-0.5448570059664257,-5.565046366773417,-0.5093405625291876
22.666666666666668,-0.039135940519313905,-2.103385927317707,-0.5885309671017115,-4.918877255477765,-0.5093559401433976
22.675,-0.057847337880103836,-2.383219636987355,-0.6268712637524012,-4.284561786787657,-0.5093675076876818
22.683333333333334,-0.07879042606085772,-2.639365136220993,-0.6599661909433769,-3.6595606047440223,-0.5093763046720441
22.691666666666666,-0.10177763806315329,-2.874234243784048,-0.6878829804837467,-3.0414268689866657,-0.5093831979887429
22.7,-0.12664248538855208,-3.0904401685323384,-0.7106699114946625,-2.42808809856207,-0.5093889060620633
22.708333333333332,-0.1532404852779196,-3.290626289431555,-0.7283600126581268,-1.8179718426871998,-0.509394018046355
22.716666666666665,-0.1814488016483463,-3.4773191517389104,-0.74097560359368,-1.2100977344680874,-0.5093990076658333
22.725,-0.21116458506344593,-3.6527557335740894,-0.7485337685721253,-0.604222243325776,-0.5094042421837198
22.733333333333334,-0.24230161091364238,-3.8186400622455636,-0.751053525822446,-0.0011141959045333633,-0.5094099871110965
22.741666666666667,-0.2747844164715847,-3.9757752579144627,-0.7485661518409138,0.59694311873516,-0.50941641496445
22.75,-0.308538620237431,-4.123509892529764,-0.7411310537101609,1.1853167258337134,-0.509423686794029
22.758333333333333,-0.3434758381222459,-4.258992575129634,-0.7288599063880981,1.7558723400662786,-0.5094320191165463
22.766666666666666,-0.37947155552750905,-4.376240717557899,-0.7119518343648376,2.295497013728065,-0.5094416483274313
22.775,-0.4163352084064699,-4.465272053709302,-0.6907409649313799,2.7847296612455885,-0.5094527547051474
22.78333333333333,-0.45377534424154414,-4.511937181851355,-0.6657514014284718,3.1975976214855315,-0.5094653520992293
22.791666666666668,-0.4913698246896395,-4.49948147131779,-0.6377425355560059,3.504411656466139,-0.509479168098751
22.8,-0.5285593027941369,-4.412604824127426,-0.6077136106089126,3.6788043946839686,-0.5094935812497828
22.808333333333334,-0.5646826349508426,-4.243102696813892,-0.5768360916247187,3.7073844151618083,-0.509507698062707
22.816666666666666,-0.5990552095873852,-3.993875919124216,-0.54631319117606,3.596446543797589,-0.5095205838542527
22.825,-0.6310621384185128,-3.678195033329312,-0.5172158948261032,3.370408770708386,-0.5095315337474008
22.833333333333332,-0.6602256349887448,-3.314673182100296,-0.49036602391405565,3.0628478778086765,-0.5095402257424289
22.841666666666665,-0.6862248048576148,-2.9215311636155477,-0.46630353466677793,2.7063931455594243,-0.5095467005426649
22.85,-0.7088758086385695,-2.5131002447909734,-0.4453235184840991,2.3265841384904036,-0.5095512366716353
22.858333333333334,-0.7280943274536289,-2.09895896548239,-0.4275442695801442,1.9403566454710477,-0.5095542157972319
22.866666666666667,-0.7438581735436123,-1.6846185709872998,-0.41297507364185443,1.5572517178291745,-0.5095560280721277
22.875,-0.7561781161117469,-1.2726689977233356,-0.40156948242169727,1.181444664381528,-0.5095570223216622
22.883333333333333,-0.7650780213848271,-0.8638141223500724,-0.3932620370834755,0.8135931155952328,-0.5095574872709692
22.891666666666666,-0.770582494846391,-0.45763086810287856,-0.3879915171317096,0.4522114139840453,-0.509557649175175
22.9,-0.7727097513063602,-0.05307599413835069,-0.3857146301510099,0.09460952555185083,-0.5095576759612147
22.90833333333333,-0.7714679325791213,0.3511778705311982,-0.38641321934651285,-0.26246360537418784,-0.509557684287021
22.916666666666668,-0.7668538413487527,0.756485927190971,-0.3900967725525884,-0.622313868378969,-0.5095577784140536
22.925,-0.7588536456325262,1.1640061130885806,-0.39680099851345974,-0.9878505314207209,-0.5095581058791571
22.933333333333334,-0.7474456424202012,1.5744115069565685,-0.40658233028993035,-1.3610273942255973,-0.5095588703490379
22.941666666666666,-0.732605979159274,1.9874564163101016,-0.41950679522511397,-1.7420298029578938,-0.509560336457191
22.95,-0.7143188677170577,2.401319044423789,-0.43563059565560486,-2.1280759034079186,-0.5095628305345503
22.958333333333332,-0.6925934172571953,2.8116677950093605,-0.4549687371083015,-2.5117431053017194,-0.5095667292088825
22.966666666666665,-0.6674892172709248,3.2105270994260295,-0.4774480652374769,-2.8789566642604596,-0.5095724229291225
22.975,-0.6391509968166558,3.585338159515991,-0.5028442625514937,-3.207335217854366,-0.5095802392716069
22.983333333333334,-0.6078473413508256,3.9191177354766853,-0.5307117218435237,-3.466473865751885,-0.5095903213466694
22.991666666666667,-0.5739992753590033,4.19291038118998,-0.5603312658450312,-3.622258060279469,-0.5096024919023135
23.0,-0.5381769959709576,4.390872472385851,-0.5907139114330721,-3.645817288373138,-0.50961618441921
23.008333333333333,-0.5010493610138488,4.505971428070837,-0.620688066033078,-3.5236305803656083,-0.5096305304621589
23.016666666666666,-0.4632964260900011,4.5425569360848455,-0.6490529257082278,-3.262263782278295,-0.5096445997774107
23.025,-0.4255216372197375,4.513892969985851,-0.6747347789702566,-2.884350784118905,-0.5096576611642907
23.03333333333333,-0.3881994976228247,4.436708172316888,-0.6968836102712843,-2.419307666334696,-0.5096693189826991
23.041666666666668,-0.3516682852546655,4.326344856167019,-0.7148924167819528,-1.8949570211913676,-0.5096794935739142
23.05,-0.31615352557914284,4.19431941334768,-0.7283630389532969,-1.3332315961848904,-0.5096883137200784
23.058333333333334,-0.28180240642385745,4.0479775345941125,-0.7370522086403817,-0.749456149889655,-0.5096959991063857
23.066666666666666,-0.24871600134906627,3.891195866448914,-0.7408203049113704,-0.15342672385205425,-0.5097027719174344
23.075,-0.2169742117590945,3.7253344910782835,-0.7395915865413037,0.4490739706306778,-0.5097088054032698
23.083333333333332,-0.18665308652068,3.550080584230179,-0.7333265546220304,1.0549387950930245,-0.5097142578622484
23.091666666666665,-0.15783605900393352,3.3640572039292853,-0.7220037766052453,1.6628207426007318,-0.5097193705544504
23.1,-0.13062096662342787,3.165242203392034,-0.7056078146368472,2.272551508664345,-0.5097244863887792
23.108333333333334,-0.10512414921307492,2.95125649764042,-0.6841210160141243,2.884787670851077,-0.5097300529395764
23.116666666666667,-0.08148253874001238,2.71956609021788,-0.6575175394619279,3.5008137482963013,-0.5097366294111163
23.125,-0.059854259112785115,2.467645378955595,-0.6257586563218496,4.12241965874003,-0.5097448980590551
23.133333333333333,-0.04041785789052845,2.193151268913121,-0.5887890558353661,4.751766598260612,-0.5097556804197964
23.141666666666666,-0.023369822788862564,1.8941741557302223,-0.546534692964575,5.3911280104801085,-0.5097699579547618
23.15,-0.008919340373953191,1.5696712714404228,-0.49890390388475575,6.042326228606948,-0.5097888943332474
23.15833333333333,0.0027218994133157842,1.2202598828929705,-0.44579547699868227,6.705562271549896,-0.5098138505007022
23.166666666666668,0.011358947415282476,0.8496519573969104,-0.38712062291590404,7.377152272758139,-0.5098463700492327
23.175,0.016848718288825185,0.4670884870834517,-0.3228505823015171,8.045530803693788,-0.5098880856795481
23.183333333333334,0.019160306256806748,0.09092340538669705,-0.25310628896635806,8.685180952211041,-0.5099404564753178
23.191666666666666,0.018467223237717528,-0.2476484790676491,-0.17830318970673315,9.250022263651806,-0.5100042190357148
23.2,0.015259270643749321,-0.5045528650247167,-0.09933385994881219,9.672515758626325,-0.5100785382428856
23.208333333333332,0.010416739536345542,-0.6329388293289188,-0.01769642517494504,9.879311142334116,-0.5101602038356339
23.216666666666665,0.005149806233757564,-0.6044009460943844,0.06459160368980306,9.825475602571654,-0.5102437330296234
23.225,0.00076183645826048,-0.4263353760547948,0.1453654291156282,9.522812939525192,-0.5103229712928906
23.233333333333334,-0.001646369276887506,-0.13717010499624818,0.22278152669947157,9.032061263467268,-0.5103932285754494
23.241666666666667,-0.0013497763679815537,0.2151686772758676,0.2955862513869828,8.427859408121082,-0.5104523084499843
23.25,0.002003744503228772,0.5910244528427396,0.36310001340993586,7.7703573962538055,-0.5105001284125444
23.258333333333333,0.008492909847613313,0.9644912526040635,0.42505033600805386,7.09716647862996,-0.510537816153301
23.266666666666666,0.01803148661502035,1.321247603475192,0.48139729759070005,6.427626567203925,-0.5105669594787612
23.275,0.03044829266014152,1.6545994424978931,0.5322101337394698,5.769659666939625,-0.5105891814691931
23.28333333333333,0.04553667342298169,1.9622994718760318,0.5775957415376023,5.125085702124589,-0.5106059586871854
23.291666666666668,0.06308242431810232,2.2445307270686348,0.6176626820393059,4.492882629777775,-0.5106185683118691
23.3,0.08287877816948397,2.502755985486023,0.6525056838286711,3.870958716089058,-0.5106280905800182
23.308333333333334,0.10473418708457075,2.739089620098321,0.6822008743729248,3.2570403525748217,-0.510635429576314
23.316666666666666,0.12847617681952278,2.9559521368047963,0.7068062191984815,2.6490869475233967,-0.5106413365036625
23.325,0.153952971604727,3.155862360723111,0.7263643465119438,2.0454794055679617,-0.5106464296721264
23.333333333333332,0.18103364956418047,3.3412815739683093,0.7409065280302342,1.4451279626108553,-0.5106512097329822
23.341666666666665,0.20960701844675556,3.514454483313555,0.7504575610345687,0.8475940805454102,-0.5106560702544437
23.35,0.23957900061300363,3.6772034766033213,0.7550419887886266,0.25330190419555776,-0.5106613041557153
23.358333333333334,0.2708679586446402,3.8306319910032256,0.7546927167988843,-0.33608384877352526,-0.5106671073489578
23.366666666666667,0.3033969677682617,3.974678344804704,0.7494638435326294,-0.9170061829712296,-0.5106736190876338
23.375,0.33708166063897244,4.1075023798674675,0.7394501521739142,-1.4830803282711036,-0.5106810166377687
23.383333333333333,0.37181226422369484,4.22470462673684,0.724815562002992,-2.0238730009614114,-0.510689513892163
23.391666666666666,0.40742873991522516,4.3184947913503455,0.7058324605231142,-2.5235876293057666,-0.5106993048827367
23.4,0.443690116789639,4.377229021477263,0.6829300620900703,-2.96038325261522,-0.510710476500521
23.40833333333333,0.4802441012998554,4.386094089272127,0.6567413657393427,-3.307655780822547,-0.5107229012502876
23.416666666666668,0.5166103007282,4.329799294729679,0.6281259529739861,-3.5387364538561195,-0.5107361524250313
23.425,0.5521947128819983,4.197236816125864,0.5981387285570893,-3.634898662546015,-0.5107495123255081
23.433333333333334,0.5863450383217441,3.98612330407513,0.5679289860783563,-3.593216607331971,-0.5107621204641745
23.441666666666666,0.6184335294639208,3.7045009560903117,0.5385936536715652,-3.4289066681702627,-0.5107732131373313
23.45,0.6479336080424294,3.3678259565534074,0.5110435511075171,-3.1700240445986574,-0.5107823214380176
23.458333333333332,0.6744602786928485,2.9937423325885457,0.48593429189978454,-2.8482136253934316,-0.5107893273154774
23.466666666666665,0.6977688274864478,2.5977381356064235,0.4636707266059978,-2.491074213803051,-0.5107943901530813
23.475,0.7177269745197165,2.191173737962769,0.4444579828142795,-2.118703476054598,-0.5107978242211849
23.483333333333334,0.7342793695664479,1.781252234036514,0.42836588384396307,-1.7436547273380076,-0.5107999931124814
23.491666666666667,0.7474162747638621,1.3718906475021946,0.4153859214978674,-1.3724815598351927,-0.5108012439995251
23.5,0.7571504763285216,0.9647368722679023,0.40547361217228983,-1.0075491526644844,-0.5108018764276687
23.508333333333333,0.7635020291829027,0.5600063587743008,0.39857683855786247,-0.6485400086578499,-0.5108021324870682
23.516666666666666,0.7664889617868808,0.15707853774191102,0.39465338363560365,-0.2935462340649418,-0.5108021973117879
23.525,0.7661221035644361,-0.24509811409184531,0.39368082618423245,0.060168892632396304,-0.5108022033428496
23.53333333333333,0.7624027750588036,-0.6477094623363453,0.3956609805125148,0.4155974137953605,-0.5108022513292381
23.541666666666668,0.7553227331275637,-1.0518249558997241,0.400619916118484,0.7754889670180194,-0.5108024673405623
23.55,0.7448662151534977,-1.4581272774156462,0.40860382816886187,1.1418232242250814,-0.5108030291346469
23.558333333333334,0.7310146640434995,-1.8665271094728695,0.4196697699198474,1.515082481784587,-0.5108041710583594
23.566666666666666,0.7137553794064058,-2.275594514000296,0.4338690834426088,1.8932071640514103,-0.510806185435071
23.575,0.6930958789974176,-2.6817522480742317,0.45122045502550495,2.2701424216206303,-0.5108094149329458
23.583333333333332,0.6690859060960215,-3.0782678959554266,0.4716692893302023,2.634044593976655,-0.5108142254556483
23.591666666666665,0.6418478375468389,-3.4543220947692066,0.4950321983464144,2.9656367528561876,-0.5108209463175787
23.6,0.6116122962808057,-3.794845672945586,0.5209323417230022,3.237927952850899,-0.5108297701805664
23.608333333333334,0.5787483154756818,-4.082165209629667,0.5487444177014711,3.4191171658455435,-0.5108406300405375
23.616666666666667,0.5437696913079515,-4.300064425195847,0.5775816397160733,3.4797554996055955,-0.5108531133245772
23.625,0.5073006634907881,-4.439092379238074,0.6063545690871545,3.4021500295942007,-0.5108664956262962
23.633333333333333,0.4700026644903674,-4.500023223826788,0.6338993937951714,3.1866221620050057,-0.5108799213760231
23.641666666666666,0.4324895399808632,-4.492985027945727,0.6591284075641252,2.8502554045021746,-0.5108926451844531
23.65,0.3952664964141639,-4.433051126196949,0.6811412289242156,2.4194331309463384,-0.5109041973717612
23.65833333333333,0.35870989245368756,-4.33537618765378,0.6992662351192792,1.9214689359640418,-0.5109144095387933
23.666666666666668,0.3230807927076557,-4.212163155347647,0.7130435222190128,1.379305264476262,-0.5109233375976018
23.675,0.28855465822486587,-4.0717367965205735,0.7221792323651945,0.8098000831271456,-0.5109311540853461
23.683333333333334,0.25525271755860757,-3.918907229569988,0.7264959467916401,0.22422441251398964,-0.5109380571562449
23.691666666666666,0.22326793113334037,-3.755794946617004,0.7258913205987048,-0.37044372060312747,-0.5109442113898452
23.7,0.19268385894938297,-3.5826621794941422,0.720307921057182,-0.9702045556840794,-0.5109497617399754
23.708333333333332,0.16358730449090472,-3.398557284019341,0.7097127786390244,-1.5730571893282705,-0.5109549294438862
23.716666666666665,0.13607642081760604,-3.2017723909491336,0.6940836034315209,-2.1783514516134597,-0.5109600370611578
23.725,0.11026557873307626,-2.9901679157641223,0.6733994165083278,-2.7863698054269745,-0.5109655107132415
23.733333333333334,0.086287953783566,-2.761403558223619,0.6476339052531246,-3.398077989152603,-0.5109718858552655
23.741666666666667,0.06429641119282359,-2.513123739920739,0.6167504414043531,-4.014961517585269,-0.5109798171325699
23.75,0.0444628636496018,-2.2431477867007987,0.5806984020221655,-4.63886072145255,-0.5109900925083973
23.758333333333333,0.026975808153959804,-1.9497297447744653,0.5394112439332535,-5.2716926512602,-0.5110036510746989
23.766666666666666,0.012035079079588699,-1.6319875943574607,0.4928079283258265,-5.914889441055506,-0.5110216016724071
23.775,-0.0001582175610347531,-1.2906645096465754,0.4408011237873398,-6.568274778148547,-0.511045233822526
23.78333333333333,-0.009420335827141732,-0.9294726600632829,0.38331856435170614,-7.227943951123459,-0.5110760001970256
23.791666666666668,-0.015618222741315574,-0.5573257392190615,0.3203481452258981,-7.882597112946328,-0.5111154264515974
23.8,-0.01872571640649288,-0.19156298716486017,0.252021214824589,-8.50807283084087,-0.5111648694358866
23.808333333333334,-0.018908212253758293,0.13875255163102757,0.17874513907204256,-9.061482228008204,-0.5112250237293521
23.816666666666666,-0.01662463810815784,0.3927910123812148,0.10136936909277025,-9.480378171939044,-0.5112951639909249
23.825,-0.012696778604797955,0.5267281968399496,0.021304942685026404,-9.696284547713356,-0.5113724272098996
23.833333333333332,-0.008260664986018499,0.512487946801187,-0.05954323039828462,-9.6648617010897,-0.5114518557758173
23.841666666666665,-0.004558680110715209,0.35409867967156616,-0.13910230709026067,-9.392559900219705,-0.5115277461921401
23.85,-0.002666967217173397,0.08519921731161068,-0.21556302261658486,-8.932543642176213,-0.5115955688526177
23.858333333333334,-0.0033210060504383423,-0.2495857778423555,-0.2876511286725467,-8.354394424462862,-0.5116530198747313
23.866666666666667,-0.006901358151234304,-0.6116798273240336,-0.3546399320185592,-7.716838186552783,-0.511699804259815
23.875,-0.0135177061607019,-0.974884503472512,-0.416208286917493,-7.058233007051703,-0.5117368512070986
23.883333333333333,-0.02310995277947208,-1.3241277759216064,-0.47227734252872117,-6.399319732598881,-0.5117656031346551
23.891666666666666,-0.03552665768188812,-1.651975822736965,-0.5228889548665008,-5.749322693338623,-0.511787587918888
23.9,-0.050575348805620444,-1.9555943472989712,-0.5681322456709519,-5.111055847977024,-0.5118042224432786
23.90833333333333,-0.06805177445310627,-2.234733334685047,-0.6081050243541555,-4.484199459698564,-0.5118167465568983
23.916666666666668,-0.08775602320127204,-2.4905382512070644,-0.6428961628564728,-3.8671475049233335,-0.5118262165144621
23.925,-0.10950110057060483,-2.7248822056424746,-0.6725793366683781,-3.2579687575261396,-0.5118335202442645
23.933333333333334,-0.13311727940579424,-2.939988927983333,-0.6972125204531501,-2.654879146484655,-0.5118393973941711
23.941666666666666,-0.15845399296418147,-3.138201550587724,-0.7168402843023253,-2.0564730543405183,-0.5118444574854788
23.95,-0.18538008994398217,-3.3218092901799934,-0.7314975566660816,-1.4618635358365106,-0.5118491941244785
23.958333333333332,-0.21378268212787177,-3.49287498431752,-0.7412145272195851,-0.8708295240454994,-0.5118539950368045
23.966666666666665,-0.2435644031387489,-3.6530192522191927,-0.746023074391101,-0.28404662057964897,-0.5118591482732996
23.975,-0.27463854181213004,-3.8031187326078455,-0.7459657170576306,0.29652472511847366,-0.5118648455772996
23.983333333333334,-0.3069211193738571,-3.9428651881727865,-0.7411087931103821,0.8669960490977399,-0.5118712163254502
23.991666666666667,-0.34031864678693197,-4.070175329458922,-0.7315621253898454,1.4206529910367434,-0.5118784178658026
24.0,-0.3747104194675395,-4.180473255646643,-0.7175070672333232,1.9468424771561064,-0.5118866367806001
24.008333333333333,-0.4099246693090716,-4.265978958700685,-0.699234142401562,2.4298623377212096,-0.5118960340548289
24.016666666666666,-0.44571015947242204,-4.315421375934173,-0.6771875871052322,2.8485784963569274,-0.5119066638674747
24.025,-0.48170954475563416,-4.314883720673431,-0.6520059750095218,3.177976557558427,-0.5119183790713158
24.03333333333333,-0.5174470493618185,-4.250467294688692,-0.6245375399896587,3.3938027198729683,-0.5119307636327661
24.041666666666668,-0.552345716077397,-4.112557129027474,-0.5958044340376271,3.4798832453681072,-0.5119431523471618
24.05,-0.585780854831227,-3.8998018421185336,-0.5669053087928762,3.434843158436966,-0.5119547709024113
24.058333333333334,-0.6171559923013296,-3.620160976288321,-0.5388807082101008,3.2736765956045293,-0.5119649464622086
24.066666666666666,-0.6459711953387304,-3.288134847547394,-0.5125937523923978,3.0227046352003835,-0.51197327466891
24.075,-0.6718584206271683,-2.9200989912514497,-0.488669755588665,2.711308035523372,-0.511979662951279
24.083333333333332,-0.6945798781516324,-2.5304634585755585,-0.46750113266864113,2.3651671013160236,-0.5119842642575414
24.091666666666665,-0.7140028240037477,-2.129902744867534,-0.4492937335493016,2.0031558460333097,-0.5119873694707144
24.1,-0.7300672925112175,-1.7252928978586566,-0.4341255320146944,1.6372394483353103,-0.5119893142231441
24.108333333333334,-0.7427572988002146,-1.3204661847428047,-0.4219991252786816,1.273815107001231,-0.5119904198854912
24.116666666666667,-0.7520793032149845,-0.9171215819847585,-0.41288130732855577,0.9153372696607508,-0.5119909647132798
24.125,-0.758047775249045,-0.515592934261878,-0.40672991110007534,0.5617032671674623,-0.5119911740504735
24.133333333333333,-0.7606762977950479,-0.11541155354480809,-0.40351058089212005,0.21128584150994129,-0.5119912199693513
24.141666666666666,-0.7599726217033522,0.2842976529488685,-0.4032062137966931,-0.13832180491189958,-0.5119912248180225
24.15,-0.7559365901069384,0.6845104112294031,-0.40582093924647067,-0.4897168945541062,-0.5119912867684449
24.15833333333333,-0.7485604243483536,1.0860366701207127,-0.4113795002346678,-0.8451641688612626,-0.5119915360942167
24.166666666666668,-0.737831295137702,1.489220269020368,-0.41992217929532294,-1.206017490685513,-0.5119921537435235
24.175,-0.7237368549255964,1.8935186691396635,-0.4314941072282754,-1.5719328959753318,-0.5119933741969759
24.183333333333334,-0.706274972130534,2.2969057781968734,-0.4461268065985983,-1.9397767425104189,-0.5119954840581239
24.191666666666666,-0.6854692999333312,2.6950707212153864,-0.46380916624904633,-2.3021849313001463,-0.5119988099086102
24.2,-0.661392121749022,3.0805048321116257,-0.4844454071065564,-2.645938522928839,-0.5120036853504313
24.208333333333332,-0.6341941707134888,3.441829475779555,-0.5078006837139646,-2.9507761549967264,-0.5120103865395607
24.216666666666665,-0.6041366599822413,3.764085788940417,-0.533442794504886,-3.1899073300930545,-0.512019034853985
24.225,-0.5716137695869651,4.030857674000822,-0.560700730048751,-3.3337555588748757,-0.51202949197981
24.233333333333334,-0.5371487276290691,4.228389862037711,-0.58866980048524,-3.3572295757582307,-0.5120413078507247
24.241666666666667,-0.501352024122488,4.35014300435472,-0.6162838206988098,-3.2478248383745987,-0.5120537854383145
24.25,-0.46484957602016613,4.399002179790433,-0.6424413105610695,-3.009700761287484,-0.5120661612955775
24.258333333333333,-0.4282085765615984,4.385605653787526,-0.66613775481549,-2.661013890466472,-0.5120778098199736
24.266666666666666,-0.39188964635988777,4.324123122280384,-0.6865538801625564,-2.2267475273668347,-0.5120883627796745
24.275,-0.3562353368382345,4.228164000194027,-0.703081697393179,-1.731658073757833,-0.5120977099873144
24.28333333333333,-0.321485945156772,4.108432518022528,-0.715303125347473,-1.196158745789927,-0.5121059232280967
24.291666666666668,-0.2878072147017818,3.972125259514987,-0.722947335991916,-0.6351709024502156,-0.5121131623503019
24.3,-0.2553183188053627,3.8233332798738053,-0.7258466345884712,-0.05869574099032574,-0.5121195986199868
24.308333333333334,-0.22411472665301066,3.66378385240565,-0.7239001452999255,0.5270277650182926,-0.5121253690557108
24.316666666666666,-0.19428478583882255,3.4935675895490843,-0.7170473579438219,1.1183835502241672,-0.5121306200242398
24.325,-0.16592092056049293,3.311694037592907,-0.7052499344269242,1.7135541102191993,-0.5121355869823163
24.333333333333332,-0.13912685216082363,3.116500084355539,-0.6884792353025415,2.3119523441947387,-0.5121406049494435
24.341666666666665,-0.1140219087957287,2.90594470746403,-0.6667077241473793,2.913852987733875,-0.5121461115679593
24.35,-0.09074322265662602,2.677828697798508,-0.6399028185378263,3.5201610774436514,-0.5121526536044678
24.358333333333334,-0.06944625169892961,2.429984850684786,-0.6080223715541798,4.132238622936146,-0.5121608971945469
24.366666666666667,-0.050303665230363837,2.1604900989975433,-0.5710116572674934,4.751700312377019,-0.5121716417482118
24.375,-0.03350213632930899,1.8679700200300593,-0.5288025903112142,5.380057154154286,-0.5121858362936516
24.383333333333333,-0.0192358501737224,1.5521053730280496,-0.48131716797339547,6.018020249611003,-0.5122045940600393
24.391666666666666,-0.007694373126997318,1.2145144298707715,-0.42847912158088775,6.664165379368292,-0.5122291942762345
24.4,0.0009592387728685731,0.8602591764021487,-0.37024083283632336,7.3125228236706175,-0.5122610461879316
24.40833333333333,0.006626380563242135,0.5002190244061125,-0.3066364648024968,7.9486380692385055,-0.5123015658540455
24.416666666666668,0.009334094104125125,0.15420852159564438,-0.2378743525663385,8.54421973538944,-0.5123518861244996
24.425,0.009321187068166837,-0.1465698177522729,-0.16447337583858443,9.052600787946007,-0.5124123215428316
24.433333333333334,0.0071297277770555265,-0.3615190596591066,-0.08741357635546287,9.411243598506701,-0.5124816450250428
24.441666666666666,0.003644302524361985,-0.4517185924206419,-0.008207701667719279,9.559136102676584,-0.5125565710769748
24.45,3.934469085962111e-06,-0.3980164089222983,0.07123095165536734,9.466026469380196,-0.5126321228382384
24.458333333333332,-0.002620246259584693,-0.21229906241100246,0.1489387091979378,9.150794439396757,-0.5127031075803359
24.466666666666665,-0.003266643673065628,0.06963575726756119,0.22328314448488218,8.669813952949037,-0.5127657568246307
24.475,-0.0013090102517659455,0.40609907066931583,0.2931561977386138,8.087733539118208,-0.5128183842311514
24.483333333333334,0.0035573917939067546,0.7630278492725401,0.3579426469412597,7.456010011184556,-0.5128610161002531
24.491666666666667,0.011401521671323443,1.1179092855611188,0.41737720267775397,6.807274739375924,-0.5128946620605096
24.5,0.022147446428042103,1.4579701068212803,0.4713991009984256,6.158895790612011,-0.5129207162099558
24.508333333333333,0.03564223729713818,1.776995597716644,0.5200481123883169,5.518497181446246,-0.5129406122349914
24.516666666666666,0.05169910573550741,2.072716565582544,0.5634026968205696,4.888327695245542,-0.5129556685861905
24.525,0.07012257326035468,2.3450980499521115,0.6015477374551895,4.268024871046074,-0.5129670380206781
24.53333333333333,0.09072247365193321,2.595324008716115,0.6345599434783585,3.6561755311665047,-0.5129757042416809
24.541666666666668,0.11332146220147292,2.8252153163100298,0.6625028989651721,3.051138229664767,-0.512982495600549
24.55,0.13775878047498288,3.0368873120437905,0.6854271013727123,2.4514625600038378,-0.512988102253572
24.558333333333334,0.16389171742033554,3.232523379455018,0.7033725820300739,1.8561168929727627,-0.5129930914157089
24.566666666666666,0.19159538672748394,3.414186875700514,0.7163731066568428,1.2646577229226912,-0.5129979190392837
24.575,0.22076090546906682,3.5836176614514574,0.724461873772201,0.6774334077969826,-0.5130029377054738
24.583333333333332,0.25129165755326005,3.741968806568871,0.7276793234768335,0.09589922179827753,-0.513008401017494
24.591666666666665,0.2830969631284561,3.8894390901723246,0.7260842974069771,-0.4768784644704306,-0.5130144683095637
24.6,0.31608207658336474,4.024755907110092,0.7197705118230944,-1.035446647932612,-0.5130212625081806
24.608333333333334,0.35013333697849647,4.144537727042817,0.70889038635986,-1.570994014048845,-0.5130289387689125
24.616666666666667,0.38509768407442097,4.242599529632847,0.6936875208968205,-2.070277698658395,-0.5130376549089979
24.625,0.42075698928657146,4.309473246904746,0.6745371059545622,-2.5149149253935437,-0.5130475050299211
24.633333333333333,0.45680113300340347,4.332700547100927,0.6519875372175473,-2.8819968949726844,-0.5130584339956481
24.641666666666666,0.4928092174720457,4.29859855255653,0.6267871991508056,-3.1472123651740103,-0.513070158622082
24.65,0.52825286166079,4.19574791313928,0.5998727541224719,-3.2908773641502838,-0.5130821456635486
24.65833333333333,0.5625325714461727,4.0191269873786934,0.5723006609212314,-3.3049815116366856,-0.5130936937002883
24.666666666666668,0.595043193243804,3.7725341939795527,0.5451296772040889,-3.197177711988099,-0.5131041091586435
24.675,0.6252454857580355,3.467515114638549,0.5192946909341123,-2.9886786323601546,-0.513112890563775
24.683333333333334,0.6527156881848323,3.1194847708046263,0.49552063950745057,-2.7073208508827205,-0.5131198235622896
24.691666666666666,0.6771596017779425,2.7435209824782034,0.47429945921404637,-2.3801262020054748,-0.5131249602190199
24.7,0.6983974686746657,2.3517439560026343,0.4559185760902914,-2.0286837205852466,-0.5131285296188604
24.708333333333332,0.7163350744712687,1.9525620259360335,0.4405136636533321,-1.6678219076455103,-0.5131308410041423
24.716666666666665,0.7309340238341768,1.5510857800800222,0.42812283855127514,-1.3063428757838549,-0.513132213002091
24.725,0.7421876222304493,1.1499575092946,0.41873090433906396,-0.9484979576046777,-0.513132933874065
24.733333333333334,0.7501037721042146,0.7501601560777886,0.41230106762900887,-0.595439319511175,-0.5131332445135699
24.741666666666667,0.7546939255384143,0.3516527267436917,0.4087957180390751,-0.24637637283155311,-0.5131333342683502
24.75,0.7559665721992671,-0.04617036472211034,0.4081888769023931,0.10057059036738454,-0.5131333423361915
24.758333333333333,0.753924015704364,-0.44413634514059946,0.41047246031685986,0.4477167614594052,-0.5131333681196779
24.766666666666666,0.7485617612754925,-0.8430048458518923,0.4156575236077753,0.7972533642614811,-0.5131335222997813
24.775,0.7398702289671306,-1.2431839104776576,0.4237709962726162,1.1506977544713952,-0.5131339619529303
24.78333333333333,0.7278391562452065,-1.644356657338999,0.4348472711232902,1.5081882575885375,-0.5131348946153694
24.791666666666668,0.7124656789021181,-2.044963437308391,0.44891293972052143,1.8675300775628432,-0.5131365778688077
24.8,0.6937674699658418,-2.4415040864552626,0.465962301781778,2.222932691853373,-0.5131393109201104
24.808333333333334,0.6718023254046778,-2.8277088747618784,0.48592128312251803,2.5635267612287316,-0.5131434098717067
24.816666666666666,0.6466944497547154,-3.193824255327572,0.5085994083016209,2.8720939067020477,-0.5131491568755114
24.825,0.6186643909138478,-3.526571958371099,0.5336352742932403,3.124988553649154,-0.5131567186456122
24.833333333333332,0.5880537704464003,-3.8105671560118957,0.5604511428163581,3.294629784160773,-0.513166048889012
24.841666666666665,0.5553303075520575,-4.031617459901514,0.5882422067913452,3.3553127831332885,-0.5131768200872313
24.85,0.5210600198009958,-4.181009409048979,0.616023820093322,3.29080271074898,-0.5131884457473633
24.858333333333334,0.4858474185237959,-4.258467797021181,0.6427358314468492,3.099685987499022,-0.5132002158825347
24.866666666666667,0.45026411080961065,-4.271808639423534,0.6673689495670795,2.7950014146855233,-0.5132114872162086
24.875,0.41479376354915415,-4.233632642839736,0.6890645089800537,2.3986890696416743,-0.5132218264728777
24.883333333333333,0.3798093615373443,-4.157294462778148,0.707159382550031,1.9346894205549716,-0.5132310487167403
24.891666666666666,0.3455798506383057,-4.054087432988494,0.721180267095293,1.4240547257140834,-0.5132391682117646
24.9,0.3122930406833944,-3.932125865279679,0.7308094151891849,0.8829374754914731,-0.513246314178143
24.90833333333333,0.28008237211703774,-3.7964174858041675,0.7358428954684859,0.3226090306249169,-0.513252652398803
24.916666666666668,0.2490504976887138,-3.6494594743744133,0.7361534252629734,-0.2496253510132468,-0.513258329143264
24.925,0.2192872942002865,-3.491932180091196,0.7316618797908035,-0.8293384471527091,-0.5132634650664902
24.933333333333334,0.1908824464695157,-3.3232840194722075,0.722317249793699,-1.4140890023642487,-0.5132682394600797
24.941666666666666,0.1639338318245911,-3.142162501601431,0.708082787980382,-2.002809767181234,-0.5132729264126357
24.95,0.13855279058472605,-2.9467340717944404,0.6889264367002217,-2.5953872075080393,-0.5132778977095983
24.958333333333332,0.1148671100557924,-2.7349192078953144,0.6648140749068898,-3.1923949127761277,-0.5132836279679749
24.966666666666665,0.09302226401759985,-2.5045829467057703,0.6357045829240754,-3.794911889993905,-0.5132907031051952
24.975,0.07318109921186364,-2.2537250805207187,0.60154632953214,-4.404349051326966,-0.5132998322825195
24.983333333333334,0.05552174999436985,-1.9807263051494748,0.5622753959114803,-5.022186788684248,-0.5133118627773419
24.991666666666667,0.04023299123220592,-1.6847342687276146,0.5178168328208677,-5.649479655345009,-0.5133277953731756
25.0,0.02750535058902259,-1.366322853319608,0.4680917718831239,-6.285899174368812,-0.5133487934014161
25.008333333333333,0.017514910889671963,-1.0286269025913841,0.41303561283058005,-6.927963245567998,-0.5133761690346005
25.016666666666666,0.010394802978582033,-0.6792019737662655,0.352635912053296,-7.566003780131626,-0.5134113124239134
25.025,0.006187642825659861,-0.33272371251408794,0.28700190467782927,-8.179616462432286,-0.5134555020874989
25.03333333333333,0.004773603498645284,-0.01392259607235495,0.2164759105206131,-8.732494681274579,-0.5135095146951657
25.041666666666668,0.005780527288266121,0.24164358461020957,0.14177828912621868,-9.1705360423758,-0.5135730020968096
25.05,0.008511870844579883,0.3934410753303476,0.06412914689668858,-9.430666161664593,-0.5136438309429394
25.058333333333334,0.011961879492094641,0.41080942864429504,-0.014767026023997404,-9.464582072853686,-0.5137179257679999
25.066666666666666,0.014969563969553432,0.2891300583329776,-0.09296073596639595,-9.265010164621085,-0.5137901681247652
25.075,0.0164602650713712,0.05260705701539268,-0.16863940629464486,-8.870229560515625,-0.5138560353553293
25.083333333333332,0.015637238338783867,-0.2592817870492327,-0.24042769551619514,-8.34199856966785,-0.5139128068257168
25.091666666666665,0.01203642950870677,-0.6084281719723109,-0.30746605860778664,-7.738758665115235,-0.5139596818398943
25.1,0.005472346035582981,-0.9667356610816521,-0.36931617693945384,-7.102229894068801,-0.5139971960068419
25.108333333333334,-0.004052249887123094,-1.316821702386693,-0.42581344360202106,-6.456970623441279,-0.5140265480594473
25.116666666666667,-0.016425457392940143,-1.6493546920341673,-0.4769426946371635,-5.815194273741113,-0.514049136987821
25.125,-0.031480841848942544,-1.9601502168474485,-0.5227567642205713,-5.181723775340243,-0.5140663217443032
25.133333333333333,-0.04903087404922999,-2.2480488248699064,-0.5633305804351748,-4.557493891033069,-0.5140793236164698
25.141666666666666,-0.06888612896459861,-2.5135871610547436,-0.598738369585755,-3.9416601709860855,-0.5140892008263523
25.15,-0.0908658775103945,-2.758218523922155,-0.6290441806462274,-3.3327624522175503,-0.5140968534766552
25.15833333333333,-0.1148036662866478,-2.9838577886276205,-0.6542995799589333,-2.7293369677748753,-0.5141030381185957
25.166666666666668,-0.1405498968328493,-3.1925959909498935,-0.6745451141030651,-2.1302435533650406,-0.5141083829482647
25.175,-0.16797237674700954,-3.3864859547654693,-0.6898139239825101,-1.5348771241703638,-0.5141134002773239
25.183333333333334,-0.19695514539034653,-3.567333325574391,-0.7001370435944089,-0.9433764960993075,-0.5141184953512657
25.191666666666666,-0.22739540319724963,-3.7364426170403333,-0.7055507353131963,-0.3569178143654176,-0.5141239715146937
25.2,-0.25919797924625854,-3.8942728669986066,-0.7061068960717197,0.2218288906936342,-0.51413003223289
25.208333333333332,-0.2922663811482865,-4.039953127392438,-0.7018882586031416,0.7879891587989769,-0.514136804476815
25.216666666666665,-0.3264891738572736,-4.170655844101759,-0.6930306284718318,1.3335293102675096,-0.5141444246923298
25.225,-0.36172078291560933,-4.280898159355506,-0.6797536272623863,1.846187209668737,-0.514153045364159
25.233333333333334,-0.3977567485187676,-4.3619669669899634,-0.6623999082796473,2.308609104268784,-0.5141627755223004
25.241666666666667,-0.43430634185434525,-4.401967262783987,-0.6414778681978297,2.6985561648053964,-0.5141735983155383
25.25,-0.47097062483115604,-4.387198708869914,-0.6176940170820341,2.991380226372055,-0.5141852866015582
25.258333333333333,-0.5072393164504118,-4.3052972754455805,-0.5919522622622463,3.1654903057430084,-0.5141973621048976
25.266666666666666,-0.5425192651888212,-4.149423415366157,-0.5652986385428335,3.209532251068627,-0.5142091505552135
25.275,-0.576194916056051,-3.9213178206621704,-0.5388116871619221,3.1275032969876557,-0.5142199407499368
25.28333333333333,-0.607701495208713,-3.6310755010866695,-0.5134725984935135,2.9381189456148618,-0.5142291764448904
25.291666666666668,-0.6365819022161722,-3.293706812183657,-0.4900656265417557,2.6686166771143913,-0.5142365774445071
25.3,-0.6625091551332134,-2.924761571852551,-0.46913996255267015,2.3469919352220328,-0.5142421430621469
25.308333333333334,-0.6852767014303441,-2.5372461480755386,-0.45102849891507246,1.99654776688381,-0.5142460724590461
25.316666666666666,-0.7047712140567747,-2.1404773934723096,-0.43589756574090477,1.6338649581176579,-0.5142486651904058
25.325,-0.7209421137147878,-1.740303361799875,-0.42380250271689923,1.269186258675932,-0.5142502432038005
25.333333333333332,-0.7337757792321777,-1.3398919959547593,-0.41473496423827144,0.9078130830753242,-0.5142511045311456
25.341666666666665,-0.7432767798993712,-0.9405706578847441,-0.4086577339579241,0.5516060146564998,-0.5142515020785343
25.35,-0.7494555154435499,-0.5425090139590457,-0.4055280180622706,0.20022170982851975,-0.5142516373340228
25.358333333333334,-0.7523207650262206,-0.1452184226730769,-0.40531176906188837,-0.1479646754259566,-0.514251661045756
25.366666666666667,-0.7518757965638377,0.2520812590187464,-0.40799135172608375,-0.4951635089941429,-0.5142516822767238
25.375,-0.7481172086290443,0.6501644679436553,-0.4135679766981312,-0.8435989514202502,-0.5142518068109181
25.383333333333333,-0.7410361337878554,1.0495188462460994,-0.42205958470911276,-1.1949657661218291,-0.5142521798102573
25.391666666666666,-0.7306220026877387,1.449997910563563,-0.43349380527858417,-1.549768288302379,-0.5142529959066419
25.4,-0.7168697143034916,1.8503424503904204,-0.44789453108153593,-1.9064343648371151,-0.5142544994554207
25.40833333333333,-0.699791492546964,2.2475306443102405,-0.46525990757011165,-2.260134834987008,-0.5142569780566818
25.416666666666668,-0.6794348281704563,2.6359818123284504,-0.485529342741413,-2.6013543336542124,-0.5142607418224547
25.425,-0.6559070832666318,3.006806627611942,-0.5085385967658816,-2.9145525811456174,-0.5142660788461288
25.433333333333334,-0.6294045973435105,3.347584098451306,-0.5339668130373566,-3.1777573216155557,-0.5142731807090325
25.441666666666666,-0.6002388960337872,3.643411228287347,-0.5612885238131415,-3.3643955996647286,-0.5142820474741147
25.45,-0.5688466776658362,3.8797760613453884,-0.5897540718677562,-3.448336588973536,-0.5142924104897575
25.458333333333332,-0.535769619587333,4.046700596259982,-0.6184231436166546,-3.411203477267613,-0.5143037326870009
25.466666666666665,-0.5016011409907233,4.142105558544909,-0.646256958319192,-3.248403571403285,-0.5143153210187454
25.475,-0.4669164415399129,4.1722105910695575,-0.6722412654137888,-2.9700520797988452,-0.5143265103295892
25.483333333333334,-0.4322131666605748,4.148769899994981,-0.6954927649282975,-2.5963819611797727,-0.514336821438882
25.491666666666667,-0.39788189898757115,4.085085945812473,-0.7153151945889604,-2.1509546303500913,-0.5143460222404848
25.5,-0.3642072644236248,3.9929059221883567,-0.7312029530280579,-1.6553057593365585,-0.5143540945941915
25.508333333333333,-0.3313880188118616,3.880980468466529,-0.7428117039335203,-1.1263984111524499,-0.5143611552160703
25.516666666666666,-0.2995632505373565,3.7549293570025237,-0.7499177795119342,-0.5763000080710489,-0.5143673752422645
25.525,-0.26883659211988425,3.6177510400355883,-0.7523801994495837,-0.012958230058739615,-0.5143729194501507
25.53333333333333,-0.23929526988397687,3.4704959419273678,-0.7501107218451318,0.5587420062328579,-0.5143779138032678
25.541666666666668,-0.2110237020843152,3.312876412528314,-0.7430524494757473,1.1360281806094534,-0.514382497607573
25.55,-0.18411266574341584,3.1437177882867133,-0.7311651480684359,1.717584769930805,-0.514386894508936
25.558333333333334,-0.15866523375463942,2.9612908591859366,-0.714415092621136,2.3031048051142293,-0.5143914213991374
25.566666666666666,-0.13480033283182027,2.7635545121687177,-0.6927679590769783,2.8930018245262823,-0.5143964927153547
25.575,-0.11265454012186504,2.54834215664664,-0.6661836308211762,3.4882274088188785,-0.5144026278074421
25.583333333333332,-0.09238242605611567,2.31353101697267,-0.6346123184342621,4.090126653968758,-0.5144104616999622
25.591666666666665,-0.07415540257052215,2.0572403677737916,-0.59799199428585,4.700251947448993,-0.5144207592020623
25.6,-0.0581585820570179,1.7781241371029972,-0.5562479248736624,5.320022775819503,-0.5144344312126794
25.608333333333334,-0.044584463128983294,1.4758615666224473,-0.5092962640939844,5.9500541228159385,-0.5144525492235231
25.616666666666667,-0.03362115474410617,1.1520110485450115,-0.45705556577147227,6.588869062562889,-0.5144763475536343
25.625,-0.02543117120866535,0.8114630242485419,-0.3994729911826682,7.2305813641503125,-0.5145071896646745
25.633333333333333,-0.02011476672118142,0.4647248330790509,-0.33657569489426375,7.861114144088718,-0.5145464518828838
25.641666666666666,-0.0176508704744003,0.13092930893915833,-0.26855992258131084,8.453049957314708,-0.5145952492355469
25.65,-0.017813786472665356,-0.15974025686898358,-0.19592271259904348,8.961174345043789,-0.5146539279225664
25.65833333333333,-0.020083638487314582,-0.3677604052791188,-0.11960894469403241,9.324558427463609,-0.5147213719421814
25.666666666666668,-0.023604762087098857,-0.4546055848702595,-0.04108605321994743,9.482778934730206,-0.5147944843932404
25.675,-0.027264926210514465,-0.4001667752380798,0.03777437063704785,9.404043133266727,-0.5148684891567105
25.683333333333334,-0.0299069217042174,-0.21435914028864816,0.11502977930882677,9.104092176845962,-0.5149383097082257
25.691666666666666,-0.030566563033234875,0.06880932631340363,0.18904275655953828,8.636494461987757,-0.515000171627645
25.7,-0.028603868432565193,0.4084908130475948,0.2586830416795211,8.064636728838833,-0.5150523056539846
25.708333333333332,-0.023697053824149845,0.7706467352535648,0.32330855233538286,7.439998152168715,-0.5150946419505041
25.716666666666665,-0.0157617043948941,1.132428851279923,0.3826299772342757,6.795753239145503,-0.5151281151455427
25.724999999999998,-0.004861425758770148,1.4806821820666838,0.4365673514108021,6.149832141239083,-0.5151540715578895
25.733333333333334,0.008860266327721456,1.8088826032142196,0.4851453312609924,5.510267823295573,-0.5151739188279026
25.741666666666667,0.025223790922983,2.114539474000113,0.5284299896038287,4.8795602911235765,-0.5151889641906342
25.75,0.044039340518552676,2.397466777663664,0.5664954120725916,4.2574857874376155,-0.5152003587927213
25.758333333333333,0.06512137794350736,2.6587460567891275,0.59940836511982,3.6427048104146476,-0.5152090908869374
25.766666666666666,0.08829647089557863,2.9001257716951105,0.6272229705681474,3.0336233110143955,-0.5152159972805757
25.775,0.11340723796881819,3.123662490591058,0.6499806619586358,2.428844204033273,-0.5152217788922956
25.78333333333333,0.14031385306465374,3.33147707096263,0.667712984571028,1.8274268617844804,-0.5152270146934388
25.791666666666668,0.16889370223739408,3.5255438979130043,0.6804462639976341,1.2290953098559962,-0.5152321721243489
25.8,0.19903921339606517,3.7074543674572458,0.6882081561689563,0.6344967660563879,-0.5152376136138821
25.808333333333334,0.2306534323303646,3.8781044208534188,0.6910368654127337,0.04559741687061341,-0.5152435993852391
25.816666666666666,0.26364250685942753,4.037255693845801,0.6889945314197934,-0.533695863161965,-0.5152502921493044
25.825,0.29790381149079453,4.182927319333409,0.6821870614453988,-1.0966114835361007,-0.5152578225380263
25.833333333333332,0.3333084588661379,4.310669909410689,0.6707925435064266,-1.6324018616267173,-0.5152663484067042
25.841666666666665,0.3696776145564433,4.41284056966073,0.6550991668889738,-2.1252320228000374,-0.5152760118221135
25.849999999999998,0.4067540414306062,4.478278731444072,0.6355502254310086,-2.5537570675231342,-0.5152868597637073
25.858333333333334,0.4441749989034957,4.4930905797392935,0.612785675343675,-2.892601531189363,-0.5152987499012225
25.866666666666667,0.4814589044069215,4.443246664939006,0.5876590344603546,-3.1169284751179434,-0.5153112801026347
25.875,0.5180211743615203,4.318831214751681,0.5612035131010549,-3.209778048274064,-0.5153238015770417
25.883333333333333,0.5532265509187977,4.118112104355876,0.5345356024211416,-3.168980995157196,-0.5153355514017354
25.891666666666666,0.5864650752645658,3.8487587259546783,0.5087192590716076,-3.00903883171606,-0.5153458593015033
25.9,0.6172217845372724,3.5252030057642747,0.4846430513744706,-2.75629263253648,-0.5153543165754457
25.90833333333333,0.6451140131255579,3.1639763438260613,0.4629554760769441,-2.440621691769216,-0.5153608242221995
25.916666666666668,0.6698912647753648,2.7797735408318838,0.4440666865656227,-2.0884739459641812,-0.515365530341065
25.925,0.6914106211432784,2.383577209153941,0.4281935414558697,-1.7195400898439595,-0.5153687236685606
25.933333333333334,0.7096043691952948,1.982531279302293,0.4154185181170835,-1.3465153004885513,-0.5153707398726673
25.941666666666666,0.7244507610810512,1.580675793570121,0.40574318939137105,-0.976390674447006,-0.5153719016101883
25.95,0.7359519894615983,1.1798628760495093,0.3991289465285639,-0.6120802830597145,-0.5153724889483742
25.958333333333332,0.7441193547578597,0.7805395375396127,0.39552487515651735,-0.25382877563805356,-0.5153727291557709
25.966666666666665,0.7489641008580118,0.3823255435501868,0.3948853579452814,0.09973093040095744,-0.515372796165549
25.974999999999998,0.7504923275262652,-0.015574876963201693,0.39718012872698905,0.45080404773874583,-0.5153728176624319
25.983333333333334,0.7487028720271748,-0.4140627852098755,0.40239867348676017,0.8018369902179802,-0.5153729021263858
25.991666666666667,0.7435875703717805,-0.813871245530734,0.41055004784575255,1.1549905045666893,-0.515373178703775
26.0,0.7351338815818849,-1.2152598537291985,0.4216581274483618,1.5115505252374328,-0.5153738241917691
26.008333333333333,0.7233304629415851,-1.6175998239102747,0.4357512508510562,1.8711513602167578,-0.515375066831302
26.016666666666666,0.7081768651513811,-2.0187927485492403,0.4528442506076039,2.2307127295568345,-0.5153771837880226
26.025,0.6896988528124635,-2.4145052079479714,0.47291028264290197,2.5830606450363938,-0.5153804877317268
26.03333333333333,0.6679705894598137,-2.7973198020852053,0.49584034248254477,2.915409492388751,-0.515385293007556
26.041666666666668,0.6431431479155874,-3.1561520505010394,0.5213914750823561,3.208316764638331,-0.5153918519193366
26.05,0.6154744973735131,-3.4766168504543367,0.5491322198894065,3.4363058023853474,-0.515400261369495
26.058333333333334,0.5853496446792641,-3.7431301405396455,0.5784051659471403,3.571535025373102,-0.5154103655797936
26.066666666666666,0.553275272832633,-3.9428244563931094,0.6083341674498925,3.59067143777249,-0.5154217121993083
26.075,0.5198388535097376,-4.069770021864253,0.6378941663187444,3.4823682126970894,-0.5154336194046039
26.083333333333332,0.48564028431431316,-4.126944162732353,0.6660302559202165,3.2508998025770333,-0.5154453494490747
26.091666666666665,0.45122206245927216,-4.124607714729524,0.6917812082372979,2.913577558865284,-0.5154563017098996
26.099999999999998,0.41702431316221666,-4.076350525228733,0.7143616371177969,2.4940679272853847,-0.5154661255441657
26.108333333333334,0.38337381073904764,-3.99526342740143,0.7331862942948495,2.015834850796856,-0.5154747220272362
26.116666666666667,0.35049865073821507,-3.8917200233910827,0.7478501622981911,1.4982832238203203,-0.5154821732754382
26.125,0.3185543078150918,-3.7727775278917677,0.7580884478690408,0.9556503319248909,-0.5154886538589928
26.133333333333333,0.28765022669887563,-3.6425264743236427,0.7637349347596152,0.3975142627506051,-0.5154943574040056
26.141666666666666,0.2578717870800703,-3.5027707790827636,0.7646874935760564,-0.17013430479154737,-0.5154994474394485
26.15,0.22929648088319549,-3.3537039393976644,0.7608827341257679,-0.7438242886612857,-0.5155040478138357
26.15833333333333,0.20200496109295565,-3.1944481370938402,0.7522786836766404,-1.3217781637587984,-0.5155083233542003
26.166666666666668,0.17608830662235236,-3.023432618655539,0.7388430335572586,-1.9033817658363266,-0.5155125270868554
26.175,0.1516525877832708,-2.838668634642873,0.7205450211787808,-2.4888329530401068,-0.5155170047222619
26.183333333333334,0.12882148037459454,-2.637948286273493,0.6973496239759397,-3.0789293402499602,-0.515522200341622
26.191666666666666,0.10773741592594963,-2.419003126929957,0.6692131520570463,-3.6749342764827824,-0.5155286653640945
26.2,0.08856144640543843,-2.179660978797401,0.6360798594630599,-4.27845448825542,-0.5155370711287602
26.208333333333332,0.07147164756286752,-1.918049437801108,0.5978798055942119,-4.891245949864749,-0.5155482249723039
26.216666666666665,0.056659390196047224,-1.6329194106396026,0.5545290464553129,-5.514822697926133,-0.5155630882825384
26.224999999999998,0.04432202019408658,-1.3242087681882164,0.5059345806874139,-6.149663586518107,-0.5155827914350719
26.233333333333334,0.03464920324912702,-0.994038154037486,0.4520086779711147,-6.793686116746489,-0.5156086324724423
26.241666666666667,0.027798260376531984,-0.6484051639736362,0.39270057755106463,-7.43951787954805,-0.5156420302127729
26.25,0.02385161505247404,-0.2998008280276293,0.3280575481743518,-8.070136559437795,-0.5156843752282803
26.258333333333333,0.022749214578666587,0.029538475885615353,0.2583283744247813,-8.653257039185721,-0.515736692376652
26.266666666666666,0.024196845684433727,0.3056133400791406,0.18410987306130383,-9.137458041818014,-0.5157990468467699
26.275,0.02757731385537806,0.4862691652874501,0.10649443641492916,-9.457321007144945,-0.5158698054351263
26.28333333333333,0.03193149350888035,0.5346237842579264,0.02710938509260772,-9.554755745704496,-0.5159452287255091
26.291666666666668,0.036080693554562226,0.43760270816728375,-0.05207104331291498,-9.409056989254251,-0.5160201003016095
26.3,0.038870855951121934,0.21385365872320017,-0.12911190996220884,-9.049802015083591,-0.5160893831840674
26.308333333333334,0.039401889468916484,-0.0973580254820167,-0.20247926024895285,-8.538695274295623,-0.5161497417289723
26.316666666666666,0.03712095504653683,-0.4547448581069193,-0.27118038223058627,-7.939459869407052,-0.516199932200184
26.325,0.03178389655191429,-0.8265457883345464,-0.3346927032304537,-7.299648382266267,-0.5162402782182564
26.333333333333332,0.02336183374025455,-1.1926613416909013,-0.3928094272124431,-6.647928776526145,-0.5162719334086924
26.341666666666665,0.01195298182937933,-1.5421317277966344,-0.4454993937760976,-5.998763158666394,-0.516296335177934
26.349999999999998,-0.0022798204865605185,-1.8699196133220306,-0.49281240391922776,-5.357943109918264,-0.516314910590081
26.358333333333334,-0.01914762399307641,-2.174470174470518,-0.5348250978095973,-4.726650991279247,-0.5163289531001953
26.366666666666667,-0.03845742890601838,-2.4561721926358713,-0.5716138021141035,-4.103933025643246,-0.5163395878090022
26.375,-0.06002430323263691,-2.7164627184004617,-0.6032430059031438,-3.488063007037175,-0.5163477745002583
26.383333333333333,-0.08367779456094143,-2.957315876806386,-0.6297622077724039,-2.8772516354296793,-0.5163543230401626
26.391666666666666,-0.10926502771639493,-3.180934869581633,-0.6512070751351913,-2.2700128462731577,-0.5163599100516432
26.4,-0.1366516678589075,-3.389532684913705,-0.6676029362189912,-1.6653829979124257,-0.5163650927000254
26.40833333333333,-0.16572115767261777,-3.5851267668505,-0.6789699456524382,-1.0631212900520204,-0.5163703183993075
26.416666666666668,-0.19637210250243528,-3.7692911101717885,-0.6853301863671303,-0.46398921612728994,-0.5163759303584583
26.425,-0.22851323237185453,-3.9428139652116783,-0.6867177408863818,0.12980130110618035,-0.516382169270238
26.433333333333334,-0.2620549207614588,-4.105202653022585,-0.6831935509884174,0.7138660619870387,-0.5163891878050265
26.441666666666666,-0.29689579218316375,-4.254004793855265,-0.6748676816715705,1.280607239339908,-0.5163971385277556
26.45,-0.33290309433026977,-4.3840006935493285,-0.6619311818635804,1.817966072485689,-0.5164062014949499
26.458333333333332,-0.36988625968945615,-4.48642969783725,-0.6446984928016833,2.308230374581832,-0.5164165247177691
26.466666666666665,-0.4075658167130754,-4.548764667569501,-0.623656691107646,2.727788071189279,-0.51642813249321
26.474999999999998,-0.4455455594977258,-4.555873661090363,-0.5995079601149135,3.0492608180737135,-0.5164408216786656
26.483333333333334,-0.48330291039721757,-4.493280796159143,-0.573179760496699,3.2472124087577807,-0.5164540960475315
26.491666666666667,-0.5202141140971933,-4.352016357053404,-0.5457745773785375,3.3065052857064527,-0.5164672074365916
26.5,-0.5556185235233742,-4.132619830369284,-0.5184528382114636,3.229068060493227,-0.5164793295482173
26.508333333333333,-0.5889022465196095,-3.845439607387336,-0.4922840863207673,3.0341610669363774,-0.5164897901747596
26.516666666666666,-0.6195664132717452,-3.5068848201055007,-0.46812702281884605,2.751615488520633,-0.5164982305260187
26.525,-0.64725599364311,-3.13426582828791,-0.4465799417715044,2.4126787113061625,-0.5165046213486202
26.53333333333333,-0.6717502171727895,-2.7420745558817354,-0.42799916291005413,2.043433344614812,-0.5165091721329796
26.541666666666668,-0.692931821670323,-2.3406005382992197,-0.4125549641952575,1.6623366333283904,-0.5165122127615879
26.55,-0.7107523711909404,-1.9361987824606128,-0.400294607979126,1.2806757081188453,-0.5165141006525094
26.558333333333334,-0.7252031693658632,-1.532222758022708,-0.39119559255735337,0.9042091822595474,-0.516515166544307
26.566666666666666,-0.7362943899720433,-1.129995872779934,-0.38520436987606793,0.534894420860949,-0.5165156905514614
26.575,-0.7440415322617299,-0.729581183446361,-0.38226196047649635,0.17227470669348904,-0.5165158958534579
26.583333333333332,-0.74845732584517,-0.3303254577759156,-0.38231966040941306,-0.18552034725197242,-0.5165159504667077
26.591666666666665,-0.7495474333345885,0.0687603917803666,-0.3853476710793307,-0.5410539529562182,-0.5165159792542874
26.599999999999998,-0.7473088818666576,0.4687167632495879,-0.3913384928313685,-0.897031480354173,-0.5165160948759968
26.608333333333334,-0.7417307173693205,0.8703735241224042,-0.4003060139406049,-1.2557924215410046,-0.5165164372161688
26.616666666666667,-0.7327969832608155,1.2740415733128552,-0.4122800890915374,-1.6187156882811178,-0.5165171969303819
26.625,-0.7204927492850891,1.6790769667464887,-0.4272953399407476,-1.985406721887171,-0.5165186188582712
26.633333333333333,-0.7048145213513859,2.0832570563610946,-0.445371892364104,-2.3525607373602977,-0.5165209993663327
26.641666666666666,-0.6857867309735612,2.4819493589530475,-0.4664851253360237,-2.7124697387386965,-0.5165246713026881
26.65,-0.6634856902028813,2.8671890486594265,-0.4905220654723379,-3.051377135514605,-0.51652996578364
26.65833333333333,-0.6380703528974286,3.227066776070037,-0.517225640731034,-3.348381897190893,-0.5165371402661977
26.666666666666668,-0.6098142806467405,3.546208000894651,-0.5461366391915914,-3.5762567752048824,-0.5165462742085061
26.675,-0.5791259094928272,3.808211506055474,-0.5765559922448501,-3.705702287819198,-0.5165571638421566
26.683333333333334,-0.5465397922912745,4.000035445219814,-0.6075578413188226,-3.7130398373121283,-0.5165692830076068
26.691666666666666,-0.5126689659047179,4.116483436544032,-0.6380710709884836,-3.5881575684884606,-0.5165818719845389
26.7,-0.47812966416200897,4.1619311405304975,-0.6670104821002502,-3.3377360987919045,-0.5165941387774656
26.708333333333332,-0.4434683783179588,4.148096609512783,-0.6934059079228432,-2.9816214578679965,-0.5166054667941735
26.716666666666665,-0.40911870528558775,4.089583188001332,-0.7164814468656648,-2.5452714322932772,-0.5166155220049828
26.724999999999998,-0.3753948783737386,3.999918545490058,-0.7356721273126554,-2.052959718546639,-0.5166242382475267
26.733333333333334,-0.34251077014193654,3.889477754350836,-0.7505966023437548,-1.5241544780197593,-0.516631731953577
26.741666666666667,-0.310608701750261,3.765091919353574,-0.7610124072955837,-0.9727621660117997,-0.5166382059152984
26.75,-0.27978723078886475,3.630553250037035,-0.7667722198223131,-0.4079006302113964,-0.5166438739697543
26.758333333333333,-0.2501233275187765,3.487378050343127,-0.7677889577991717,0.16488751467933768,-0.5166489127928983
26.766666666666666,-0.22168830521854488,3.3355144101205894,-0.7640108024514554,0.742513258193649,-0.516653453875802
26.775,-0.1945584856197833,3.173886051711558,-0.7554044816517822,1.3235068448132097,-0.516657667079269
26.78333333333333,-0.1688220970142712,3.000763684827977,-0.7419440927442992,1.9074999091061702,-0.516661810149247
26.791666666666668,-0.14458355061971853,2.814029263497913,-0.7236034256099318,2.494892565977703,-0.5166662333604493
26.8,-0.12196585778427227,2.6113636083517164,-0.7003504392877976,3.0866603594070203,-0.5166713853675753
26.808333333333334,-0.1011116765366752,2.390393862221435,-0.6721429783470071,3.6842391750219567,-0.5166778225176264
26.816666666666666,-0.08218316633801448,2.148838843831981,-0.6389253492861118,4.289422205166844,-0.5166862220349892
26.825,-0.0653604808457811,1.8847000502612976,-0.6006259798325747,4.9041868698210065,-0.5166973991086904
26.833333333333332,-0.05083823866146508,1.5965713111403084,-0.5571572218142082,5.530327304995714,-0.5167123266017167
26.841666666666665,-0.038818520458676266,1.2841886212604317,-0.5084197050597773,6.168685601227829,-0.5167321526280408
26.849999999999998,-0.02949762581070586,0.9494188047776089,-0.4543158963979564,6.817640795556606,-0.5167582032080001
26.858333333333334,-0.023041792915521303,0.597972344417842,-0.39478103706984263,7.470355295672053,-0.5167919406500276
26.866666666666667,-0.0195446284275002,0.2421072295608424,-0.329844047144934,8.11027834044025,-0.5168348194181068
26.875,-0.01895826584820917,-0.09589611424056296,-0.25973285266174534,8.705170588668139,-0.5168879471816904
26.883333333333333,-0.020997866510300944,-0.3813374914269824,-0.1850269458150551,9.202598836463121,-0.5169514717885533
26.891666666666666,-0.02504587396579806,-0.5704155128967281,-0.10681622894953616,9.534572730384522,-0.5170237914796951
26.9,-0.030126207585342634,-0.624071705170998,-0.026751810834875954,9.63952536415862,-0.5171010772739199
26.90833333333333,-0.03502738408484255,-0.5278604710609885,0.053142909929611036,9.494556008972934,-0.5171778968357926
26.916666666666668,-0.03855851128781567,-0.3008793833541022,0.1308775100870937,9.129999164243097,-0.5172489718447594
26.925,-0.039792594382568054,0.015877270086894373,0.20487881115410933,8.610365777824406,-0.5173108178714787
26.933333333333334,-0.03816505548512704,0.3793991062211526,0.27413926452818516,8.002118841004709,-0.517362160721915
26.941666666666666,-0.033431682118157946,0.7568824062207178,0.33813973674716213,7.354399744207071,-0.5174033622263192
26.95,-0.02556941086282813,1.1278207561686278,0.39668545450013104,6.696417799596024,-0.5174356363086708
26.958333333333332,-0.014683963843253621,1.4812113010471282,0.4497590499985298,6.04259299718286,-0.5174604763687451
26.966666666666665,-0.0009453094302789289,1.8121239438115464,0.49742263254873603,5.398446033384844,-0.5174793527549058
26.974999999999998,0.015451578723473169,2.1191502308532137,0.5397626142536212,4.764840010541986,-0.5174935898577366
26.983333333333334,0.034308892357528986,2.402820703009221,0.5768624942768411,4.140522131898904,-0.5175043343062464
26.991666666666667,0.0554380109634843,2.664699328933021,0.6087915871835795,3.5235018074591014,-0.5175125610149793
27.0,0.07866580172964951,2.906876654300879,0.6356021328549032,2.911751461821424,-0.5175190909717517
27.008333333333333,0.10383767107629653,3.1316724415195356,0.6573306020064209,2.3035546406282514,-0.5175246096571482
27.016666666666666,0.1308185859899239,3.3414306193208145,0.6740011578930093,1.697701269291709,-0.5175296820871966
27.025,0.15949250226895714,3.5383316876590847,0.6856305686791816,1.0936582958120606,-0.517534763449841
27.03333333333333,0.189760105821092,3.724166837531534,0.6922347785360339,0.49181206639108505,-0.517540205370623
27.041666666666668,0.22153433355505167,3.900022172155387,0.6938381067382997,-0.10612819202041249,-0.5175462581496758
27.05,0.25473268467613563,4.065812204498532,0.6904868412918899,-0.6964568622960725,-0.5175530839594007
27.058333333333334,0.28926482595246833,4.219617988771019,0.6822698987595106,-1.2724567927035506,-0.5175608460453864
27.066666666666666,0.32501396947830213,4.356858878794463,0.6693490923556427,-1.8231139196933392,-0.5175697458583942
27.075,0.3618109404265014,4.469408473588871,0.6520008278726259,-2.331732101368097,-0.5175799684019801
27.083333333333332,0.39940207438622605,4.545106431175862,0.6306672700977972,-2.7752329852217517,-0.5175915911902239
27.091666666666665,0.4374175111348955,4.56850891361396,0.6060056614380437,-3.1255845389857795,-0.5176044715700194
27.099999999999998,0.4753542488394146,4.523793062164198,0.5789111937108516,-3.354906881227986,-0.5176181581321245
27.108333333333334,0.5125927134940247,4.399720262835714,0.5504815912607481,-3.444043824561044,-0.5176319019800832
27.116666666666667,0.5484563176002475,4.194449954796113,0.5219079657711384,-3.3907497307096865,-0.5176448160253825
27.125,0.5822986776563095,3.9168847659799377,0.49431947353219235,-3.2117693999861197,-0.5176561262530626
27.133333333333333,0.6135821734184671,3.5833771115704454,0.4686452197880846,-2.9368572558516934,-0.5176653722420133
27.141666666666666,0.6419172602336713,3.212202309801929,0.4455462927971948,-2.5989740248413815,-0.5176724558265848
27.15,0.6670585366942005,2.819150973297684,0.42542429239924057,-2.2265029750980467,-0.5176775579327281
27.15833333333333,0.688874490073388,2.415650977426739,0.40847636005703125,-1.839925638631642,-0.5176810100764582
27.166666666666668,0.7073105440588549,2.0088569534588743,0.394762148023606,-1.4519632315975481,-0.517683187306956
27.175,0.7223571454817782,1.6026026535631526,0.3842620088397954,-1.0692490325934685,-0.517684443400745
27.183333333333334,0.7340265754200852,1.1984576647700382,0.37691978979719004,-0.6942018241296297,-0.5176850811989347
27.191666666666666,0.7423378064470059,0.7965782720220315,0.37267128393947013,-0.3265529033646407,-0.5176853440719011
27.2,0.7473073819286005,0.3963063466977164,0.371461785689919,0.03555899387555867,-0.5176854172549805
27.208333333333332,0.7489444239419129,-0.003424909985990902,0.3732560050261324,0.39482455171467734,-0.5176854346862606
27.216666666666665,0.7472485067006911,-0.4037973591485448,0.3780425046145128,0.7541942809028722,-0.5176855057120194
27.224999999999998,0.742209734715396,-0.8058606763996611,0.3858338465630278,1.116396805513877,-0.5176857600455195
27.233333333333334,0.7338109426208527,-1.210257259910329,0.3966625944412825,1.483402528988922,-0.5176863775969945
27.241666666666667,0.7220325971347317,-1.616835312460492,0.41057213691623035,1.855694915731181,-0.5176875944032417
27.25,0.7068616407403119,-2.024078822542308,0.4276002044739551,2.231226408788305,-0.5176897031556571
27.258333333333333,0.6883060389860493,-2.4283050011548406,0.44775204239235344,2.603973875433467,-0.5176930440135664
27.266666666666666,0.6664168852108457,-2.8226756143295173,0.4709600580222201,2.962176668879402,-0.5176979751252528
27.275,0.6413186337013751,-3.196313872972771,0.49702901420754875,3.2867677336218137,-0.5177048099677851
27.28333333333333,0.6132439698126664,-3.5342290514350525,0.5255729381903173,3.5512237571256273,-0.5177137153584498
27.291666666666668,0.5825624029887926,-3.8190649137503305,0.5559628809731412,3.724611049423561,-0.5177245899588556
27.3,0.5497843945749289,-4.035197168046498,0.5873174316821705,3.7787604017976375,-0.5177369853591006
27.308333333333334,0.5155251444790727,-4.17391614414941,0.6185640802427872,3.6974018680369864,-0.5177501503578428
27.316666666666666,0.4804311367385272,-4.236627039147755,0.6485667249104419,3.4819387092965544,-0.5177632192089517
27.325,0.4450972523467935,-4.233771213097225,0.6762715796668498,3.1498309889898994,-0.5177754526267303
27.333333333333332,0.41000854120924474,-4.1804105030663665,0.70081229429082,2.727145222977081,-0.517786397393114
27.341666666666665,0.3755221688100481,-4.091509031624335,0.7215467239643795,2.240476607991277,-0.517795906525262
27.349999999999998,0.34188177754209487,-3.9790563992246173,0.7380379008842205,1.7119589304618414,-0.5178040604520858
27.358333333333334,0.30924695098427196,-3.8512280034435684,0.750008478670878,1.1577358901511428,-0.517811060124758
27.366666666666667,0.2777239326593726,-3.7127685928586276,0.7572922362253113,0.5885205468036603,-0.5178171375492802
27.375,0.2473909404192854,-3.56580125124912,0.75979402318639,0.01088319773639472,-0.5178224966361785
27.383333333333333,0.2183166083100923,-3.4106247051238494,0.7574606662226945,-0.5714787935684833,-0.5178272864748055
27.391666666666666,0.19057240343079176,-3.2463484710172965,0.7502614185524462,-1.1567468317939902,-0.5178316627750357
27.4,0.16424060947757754,-3.0713262062655535,0.7381751260011402,-1.744356321661113,-0.5178358643862154
27.40833333333333,0.13941929785686152,-2.883456743871764,0.7211815474300854,-2.334602014160708,-0.5178402225899774
27.416666666666668,0.1162251938204029,-2.6803935061488837,0.6992552524741634,-2.9284065672429644,-0.5178451658235832
27.425,0.09479505133754756,-2.459699507867684,0.6723609755501128,-3.527191211277471,-0.5178512279102996
27.433333333333334,0.07528582881783609,-2.218986765419806,0.6404498547434452,-4.132781246976612,-0.5178590602626818
27.441666666666666,0.05787361761836898,-1.9560848184740505,0.603456572837695,-4.7472692808625885,-0.5178694483077377
27.45,0.0427508306182168,-1.6693033332699163,0.561298180045638,-5.372725367553702,-0.5178833314546437
27.458333333333332,0.03012045902585134,-1.3578960124289734,0.5138765667998347,-6.010571954827347,-0.5179018232483359
27.466666666666665,0.020185033653540796,-1.022905176730249,0.46108854966739926,-6.66031731015483,-0.5179262218513767
27.474999999999998,0.013126039328898857,-0.6686617965059732,0.4028507820045331,-7.317170402159156,-0.5179579869579484
27.483333333333334,0.009066967000136272,-0.30525856655875766,0.33915123063315106,-7.967962431412221,-0.5179986329403885
27.491666666666667,0.008011354981526749,0.0479800719917457,0.2701425710995661,-8.585244470080617,-0.5180494509531889
27.5,0.009751327287771807,0.3592848583336021,0.19628688286311693,-9.121517056610934,-0.5181109607254415
27.508333333333333,0.013763216210734676,0.5854918288382426,0.11852695806557621,-9.510169111790262,-0.5181821143981308
27.516666666666666,0.019150499232708344,0.6831394588681401,0.038386896828055114,-9.682875150504948,-0.5182596204158971
27.525,0.024723215765634667,0.6287963664455465,-0.042145732999510216,-9.602483470473505,-0.518338208138638
27.53333333333333,0.02923565855030797,0.4333083526290938,-0.12099517139381731,-9.286275693860562,-0.5184122210041244
27.541666666666668,0.03165869152683727,0.13494356848671601,-0.19642915970820216,-8.79472592525766,-0.5184775127401188
27.55,0.03132561569230289,-0.22103496224005978,-0.26728411650899575,-8.198260364780253,-0.518532241787189
27.558333333333334,0.027917968622483955,-0.5979189637770393,-0.33293184629705286,-7.552455977508108,-0.5185764472894123
27.566666666666666,0.02136937822869712,-0.9718935405481676,-0.39311865165917803,-6.891784162744531,-0.5186112266783961
27.575,0.011764993709402476,-1.3298074060506817,-0.4478036552559996,-6.233917151725789,-0.5186380738958452
27.583333333333332,-0.0007320349861352889,-1.665518040302192,-0.49704556241933034,-5.586055718322061,-0.5186585073046194
27.591666666666665,-0.01592611020584434,-1.9769902454151593,-0.5409370076180073,-4.949784433963189,-0.5186739102842443
27.599999999999998,-0.03361507462543015,-2.2644536275541642,-0.5795713419662412,-4.3240571217436425,-0.5186854845027157
27.608333333333334,-0.053604245173792454,-2.5293435434470704,-0.6130282585146231,-3.7068336362262726,-0.5186942517550409
27.616666666666667,-0.07571378049572221,-2.7737155340353024,-0.6413693843382099,-3.0959123701650766,-0.518701072012213
27.625,-0.09978235190327567,-2.999915317473256,-0.6646388167027582,-2.4893327912456957,-0.5187066636314982
27.633333333333333,-0.12566864079737422,-3.210370030043636,-0.6828660536109119,-1.8855766754061087,-0.5187116205236613
27.641666666666666,-0.1532513038448929,-3.4074183130741997,-0.6960702700520339,-1.283708574811535,-0.5187164248576267
27.65,-0.18242748245375598,-3.593122481200494,-0.7042658585015183,-0.6835532682739429,-0.5187214552779289
27.65833333333333,-0.21310950276249419,-3.7690139517284513,-0.707469896116543,-0.0859947890153882,-0.5187269909973755
27.666666666666668,-0.24521899600311897,-3.9357182461885887,-0.7057129243649973,0.5065086588941446,-0.5187332162727624
27.675,-0.27867715783023517,-4.0923962708086785,-0.6990553475900558,1.0890805736604767,-0.5187402855850668
27.683333333333334,-0.3133895781810598,-4.236002509421988,-0.6876121508963884,1.6532810774390978,-0.5187484003774466
27.691666666666666,-0.34922416769685577,-4.36038427553142,-0.6715883905675708,2.1856872978436925,-0.5187577791164462
27.7,-0.38598168517674886,-4.455479638648218,-0.6513263378640719,2.666643696284342,-0.518768582805731
27.708333333333332,-0.4233620751167931,-4.5072563701237085,-0.6273587331350065,3.0702890462714345,-0.5187808086057808
27.716666666666665,-0.4609367619917499,-4.499372972252823,-0.6004507338740245,3.3675317153599287,-0.5187941773260865
27.724999999999998,-0.49814462240992646,-4.417212948443955,-0.5716003263449121,3.533057016858566,-0.5188080793575879
27.733333333333334,-0.5343287699799644,-4.2532777108229,-0.541968355256425,3.554570180804467,-0.5188216550028207
27.741666666666667,-0.5688135454987426,-4.010834911231289,-0.5127402350160889,3.4389018529870023,-0.5188340165372523
27.75,-0.6009939320474489,-3.7030086660969874,-0.4849682187802509,3.210160109851905,-0.5188445016334454
27.758333333333333,-0.6303991119569791,-3.3479091656656697,-0.4594606882099124,2.9010431060024877,-0.5188528126777217
27.766666666666666,-0.6567105442311126,-2.9631997717135525,-0.4367520294085928,2.5432503513180387,-0.5188589947038379
27.775,-0.6797426398051677,-2.5628042106025726,-0.41713843191128114,2.161682939718483,-0.5188633171706359
27.78333333333333,-0.6994067602886728,-2.1560892449079483,-0.40074308828544947,1.7729967524097934,-0.5188661472252639
27.791666666666668,-0.7156753099590045,-1.7485063361809552,-0.3875812983466325,1.386725611016151,-0.5188678602942806
27.8,-0.7285535702337287,-1.3426767620218505,-0.37761195106859463,1.0071973834493608,-0.5188687925741148
27.808333333333334,-0.7380603956433736,-0.9393815633246637,-0.3707732922572064,0.6352982386470829,-0.51886922272424
27.816666666666666,-0.7442161217527048,-0.5382959107345286,-0.3670057586383608,0.2698002627942657,-0.518869369137121
27.825,-0.7470355652487216,-0.13848714244772709,-0.36626551665509033,-0.09171787665334287,-0.5188693934781389
27.833333333333332,-0.7465244534420795,0.2612450337030263,-0.36853156952272625,-0.4522213009384375,-0.5188694098982694
27.841666666666665,-0.7426783271851494,0.6621051911706722,-0.3738080773671784,-0.8147046040782645,-0.5188695266416926
27.849999999999998,-0.7354834952475514,1.0650614943810772,-0.38212265964848896,-1.1817190355378595,-0.518869894827558
27.858333333333334,-0.7249202185058778,1.4705353533810985,-0.39352034933288443,-1.5547756647680648,-0.5188707205466258
27.866666666666667,-0.7109690464711853,1.8779437595552704,-0.4080516009616358,-1.9334952070680087,-0.518872268303518
27.875,-0.6936218252637049,2.2850252696326745,-0.4257517347006428,-2.314384801680027,-0.5188748591005794
27.883333333333333,-0.672899358575662,2.686920422678606,-0.4466084059219619,-2.689193263687531,-0.5188788548314668
27.891666666666666,-0.6488774235652881,3.075127639807484,-0.4705142001645062,-3.0430587641182045,-0.518884616454856
27.9,-0.6217205945464344,3.436786475870925,-0.4972053983466989,-3.3532394857217453,-0.5188924232688094
27.90833333333333,-0.5917176601613514,3.755195304004014,-0.5261978605110664,-3.590011842523534,-0.5189023542732746
27.916666666666668,-0.5593038605351238,4.012586724443091,-0.5567459422917624,-3.7215289686894737,-0.5189141687949063
27.925,-0.5250499974193973,4.1951288976713785,-0.5878595052741535,-3.7226071623386496,-0.518927266093968
27.933333333333334,-0.48960761526217544,4.297919115329342,-0.6183983887903646,-3.5835797039522173,-0.5189407954360179
27.941666666666666,-0.45362452658317703,4.326630349125089,-0.6472202014527687,-3.3134042256025444,-0.518953891548981
27.95,-0.41766595209832275,4.294639202559426,-0.6733204932427969,-2.9349247868915156,-0.5189659050911536
27.958333333333332,-0.38217132325265013,4.217900317622397,-0.6959127987386461,-2.4761424213555285,-0.5189765080278443
27.966666666666665,-0.3474518696904674,4.1106991296172355,-0.7144388026481614,-1.9628942737292798,-0.5189856613477107
27.974999999999998,-0.3137144581066463,3.9836423764781665,-0.7285329345226137,-1.4153194316305897,-0.5189935118310767
27.983333333333334,-0.281093975354328,3.843466567734246,-0.7379714889411361,-0.8474252557886315,-0.5190002851659448
27.991666666666667,-0.24968305269109373,3.693720792155951,-0.7426254157668336,-0.26815135085872405,-0.5190062069705788
28.0,-0.21955497050697612,3.5356412696948913,-0.7424239208146322,0.3172356899050093,-0.5190114554928309
28.008333333333333,-0.19077961964210324,3.368917664172009,-0.7373291244256167,0.905926230273755,-0.5190161749881907
28.016666666666666,-0.16343390535253097,3.1922517148524374,-0.7273194030125454,1.4967211397882416,-0.519020571679023
28.025,-0.13760830867836163,3.003736240849619,-0.7123783100614649,2.089507125831923,-0.5190249445454252
28.03333333333333,-0.11341079098585749,2.8011193489817323,-0.6924870117964678,2.684930071595679,-0.519029688477456
28.041666666666668,-0.09096885191743266,2.5819904793879793,-0.6676188029223331,3.284210500925155,-0.5190353005362272
28.05,-0.07043021672352733,2.343930166129019,-0.6377348192089042,3.8890289709408163,-0.5190423900953953
28.058333333333334,-0.05196227870028266,2.084666935742298,-0.6027806703705494,4.50140620619471,-0.5190516932034666
28.066666666666666,-0.0357500155881287,1.8022981140329066,-0.5626844178436317,5.123480646859519,-0.519064090929005
28.075,-0.021991506747379628,1.4956637187617734,-0.5173573320207921,5.757031752029276,-0.5190806296005778
28.083333333333332,-0.010889207311871133,1.1650223893000913,-0.4667005140729489,6.402495373503227,-0.519102536124558
28.091666666666665,-0.002633539369389086,0.8132672813111255,-0.41062320088342846,7.057061150245114,-0.5191312109268145
28.099999999999998,0.0026269917838097866,0.4479982431832672,-0.3490826763909677,7.711291279200624,-0.5191681599426481
28.108333333333334,0.004837358190623811,0.08465016396161544,-0.28216015357229407,8.3438558852502,-0.5192147930721053
28.116666666666667,0.004116457132232759,-0.24994030706113735,-0.2101861419908736,8.915294425094208,-0.5192719871766498
28.125,0.000860339978490368,-0.5163715232037575,-0.13390770564922863,9.365414391268933,-0.5193393698840106
28.133333333333333,-0.0041739587868319245,-0.6695131786690021,-0.054630494254641726,9.623666582955638,-0.5194145328694476
28.141666666666666,-0.00988862732933046,-0.6763135508369871,0.02580360691392939,9.637752833267644,-0.5194928522256418
28.15,-0.01502989718055461,-0.5345371959414857,0.1053055919718476,9.404167487008818,-0.5195686209019137
28.15833333333333,-0.018466905273352714,-0.274209271331738,0.18198199579140256,8.970546762065744,-0.5196370024095938
28.166666666666668,-0.01939575671971211,0.059852893254011254,0.2544551754221482,8.407149127466203,-0.5196953206014904
28.175,-0.017379002120484894,0.42688880347522656,0.3219163409168686,7.776481382721916,-0.5197430121385933
28.183333333333334,-0.012269520375333283,0.7984401529454305,0.38399498454810166,7.120612835813209,-0.519780864350228
28.191666666666666,-0.004106143055685097,1.157854211115914,0.4405887961803051,6.462733016840148,-0.5198102684224454
28.2,0.006970692547878524,1.4967830949327605,0.4917313965812223,5.813332294058524,-0.5198327465190896
28.208333333333332,0.02077390636067479,1.811922082478772,0.5375107209571811,5.175718266095964,-0.5198497276338744
28.216666666666665,0.03710187096766247,2.1028014746580657,0.5780255328140611,4.549637505676066,-0.5198624688581857
28.224999999999998,0.05575607654608226,2.3704786251948744,0.6133652143552021,3.9333373170623904,-0.5198720443064859
28.233333333333334,0.07655051422181403,2.616808081681748,0.6436022674772599,3.3246422191642404,-0.5198793594607142
28.241666666666667,0.09931647534089984,2.844037511030334,0.6687912565943018,2.7214812954674397,-0.5198851715661772
28.25,0.12390475789036097,3.0545690615981993,0.6889708528546643,2.1221399031503902,-0.519890108401694
28.258333333333333,0.15018622258687916,3.250789465241236,0.7041674242679854,1.5254002197787,-0.5198946829912426
28.266666666666666,0.17805099780209477,3.4349070579020786,0.7143997133412169,0.9306765108863905,-0.5198993038974669
28.275,0.20740618907129635,3.6087484010003763,0.7196849069708662,0.3382269290111847,-0.5199042814017386
28.28333333333333,0.23817156781705298,3.773468524521073,0.7200470631504213,-0.25047844451048545,-0.519909830262561
28.291666666666668,0.27027228357465943,3.9291149982927536,0.7155296223016296,-0.8321243086516372,-0.5199160979507653
28.3,0.3036271998415671,4.0740159657765895,0.7062144982825994,-1.4006149401089856,-0.5199232602631361
28.308333333333334,0.33813141208411746,4.203993918114898,0.6922501419355495,-1.9458477426183285,-0.5199315343187156
28.316666666666666,0.37363170780933336,4.311495990324672,0.6738907275608854,-2.4523370814548517,-0.5199411254614433
28.325,0.4098956764940631,4.385035188724393,0.6515452569539222,-2.898374567457923,-0.5199521415885582
28.333333333333332,0.44658000754754595,4.409711649144266,0.6258270626311975,-3.25704119778184,-0.519964483630581
28.341666666666665,0.48321093599834525,4.36973434366507,0.5975815531129091,-3.500630941262099,-0.5199777518680359
28.349999999999998,0.5191950361809211,4.2530630000827045,0.5678613013246976,-3.608650720845913,-0.5199912400047096
28.358333333333334,0.5538718659814426,4.056323400525883,0.5378294675997518,-3.576176954011682,-0.5200040725566633
28.366666666666667,0.5865973716628132,3.786762433566435,0.5086116557051251,-3.416997456716441,-0.5200154472743027
28.375,0.616824406498137,3.4596277272247233,0.48115492368007584,-3.1588130540217567,-0.5200248491177017
28.383333333333333,0.6441479965931414,3.092877027512628,0.45614983598624576,-2.8338666179557275,-0.5200321230633344
28.391666666666666,0.6683072986846026,2.7025591886989178,0.43402892396289844,-2.4708159116578203,-0.5200374080330288
28.4,0.689158706554383,2.3005955394513022,0.41501585970410015,-2.0908365213703166,-0.5200410125110018
28.40833333333333,0.7066397623609807,1.8946309962502912,0.39919078152152765,-1.7073604428103553,-0.5200433034836618
28.416666666666668,0.7207367194892627,1.4888866233730398,0.3865491845362346,-1.3275799040350038,-0.5200446357275188
28.425,0.7314603996217959,1.0852026363938678,0.37704614157147054,-0.9542978329607198,-0.5200453174895158
28.433333333333334,0.7388301506395294,0.6839093280797016,0.3706260876391586,-0.5874886640792341,-0.5200455991526438
28.441666666666666,0.7428640273870335,0.28445109137383345,0.3672413722256188,-0.22543524835494727,-0.5200456732195636
28.45,0.7435732836725031,-0.11419106096400342,0.3668628700145382,0.13448178894707546,-0.5200456782844276
28.458333333333332,0.7409598299051343,-0.5131947805994144,0.36948497040677036,0.4951974095097938,-0.5200457150764979
28.466666666666665,0.7350159913048167,-0.9136436349239808,0.3751260929064962,0.8594665356512061,-0.5200459048391475
28.474999999999998,0.7257263343216642,-1.3162656373947388,0.38382514441424614,1.229354073260121,-0.5200464201343695
28.483333333333334,0.7130720693664337,-1.7210644234526324,0.395633034897023,1.6055384863193718,-0.5200474897057508
28.491666666666667,0.6970392053214426,-2.126775931051279,0.41059721866382803,1.9863142709412778,-0.5200494001398799
28.5,0.6776321780794192,-2.5300917560827414,0.42873629407677327,2.3661931872100337,-0.5200524891850841
28.508333333333333,0.6548949028429644,-2.924670509518426,0.4500013220628254,2.734144780182381,-0.5200571206679302
28.516666666666666,0.6289402282707446,-3.300178661775513,0.4742222483719962,3.07190109500445,-0.5200636278465889
28.525,0.5999851978119629,-3.6420021270190985,0.5010440761774033,3.3534475414221077,-0.5200722165029162
28.53333333333333,0.5683824130574961,-3.9326500030697598,0.529869869585177,3.5474862403957306,-0.5200828417266703
28.541666666666668,0.5346297634741441,-4.155567922837698,0.5598417417649859,3.624135869548976,-0.5200951144548898
28.55,0.499340735804875,-4.300436319224315,0.5898912331518863,3.564281474103061,-0.5201083213602294
28.558333333333334,0.4631743114635462,-4.366988875920796,0.618861424262693,3.3664272531855177,-0.5201215952739014
28.566666666666666,0.4267495226969141,-4.364630813533576,0.6456577162530178,3.04628759038266,-0.520134160107916
28.575,0.39058050476539197,-4.308267769500628,0.6693650088063453,2.6297541540896128,-0.5201455114122225
28.583333333333332,0.35505191182954643,-4.213337152016141,0.6892961285222253,2.1443735265893475,-0.5201554565289361
28.591666666666665,0.3204297255541175,-4.092529787532879,0.7049791973395887,1.613647802581948,-0.5201640440605876
28.599999999999998,0.2868901104080939,-3.9546706478495173,0.7161132542668898,1.055006819081333,-0.5201714554624953
28.608333333333334,0.2545511190709003,-3.8049932227616954,0.7225180515313233,0.4801644332330541,-0.5201779104518657
28.616666666666667,0.22349940475077842,-3.6459461841124083,0.7240914693651059,-0.10361002014749228,-0.5201836032340962
28.625,0.19380986555115623,-3.478032069754976,0.7207781396632486,-0.6921590868972058,-0.52018868036668
28.633333333333333,0.16555889381100708,-3.300483267740992,0.7125481779249468,-1.2833837539522002,-0.5201933189969214
28.641666666666666,0.13883289140794658,-3.1117302294134603,0.6993830542225361,-1.876567350100545,-0.5201977873267295
28.65,0.11373349456687809,-2.909731731101966,0.6812660487026585,-2.4719356018181626,-0.5202024490410243
28.65833333333333,0.09038048887292797,-2.69220560557552,0.6581755928995126,-3.070393517602846,-0.5202077676853673
28.666666666666668,0.0689130648873836,-2.4568036376744096,0.6300803211130237,-3.6733653187764337,-0.5202143147413847
28.675,0.04948969478022889,-2.2012753938799987,0.596935293605688,-4.282659821688253,-0.5202227817044268
28.683333333333334,0.03228651120524389,-1.9236741728810836,0.5586795436308153,-4.900269644487818,-0.5202339960416884
28.691666666666666,0.017493537160069305,-1.6226830101450325,0.5152360129700994,-5.527971181368778,-0.5202489395091799
28.7,0.005307282862880531,-1.2981872335008497,0.4665163600894581,-6.1665096840049305,-0.5202687636492445
28.708333333333332,-0.004083128935553228,-0.9522963547546446,0.412435443430145,-6.8140206608426315,-0.5202947889436558
28.716666666666665,-0.010521192483514342,-0.5910983720285726,0.3529438358583619,-7.463189523460544,-0.5203284571713293
28.724999999999998,-0.013926843290460312,-0.2273874030630396,0.2880909906580565,-8.096690431339299,-0.5203711777840464
28.733333333333334,-0.014366415319656684,0.11593922063029924,0.21813283968330568,-8.681308337540756,-0.520423977669775
28.741666666666667,-0.012147651879294145,0.40381887348625045,0.14368422741546305,-9.163961001195716,-0.5204868859818145
28.75,-0.007910758190377811,0.5929960395769149,0.06587080829256696,-9.477416500441747,-0.5205581734384988
28.758333333333333,-0.0026441780252380084,0.6463458239043167,-0.013636111226261871,-9.56311153913274,-0.5206339501500874
28.766666666666666,0.0024483556141898562,0.5520868160620741,-0.09282462268434173,-9.40237938520448,-0.5207088692139402
28.775,0.006203267776251883,0.33108569097753676,-0.1697470339137338,-9.028392266448176,-0.5207778698184122
28.78333333333333,0.007728381426299548,0.024366611857380538,-0.242885062617559,-8.505745344299395,-0.5208377044637844
28.791666666666668,0.006488797537214674,-0.32614837494464244,-0.31127839432622423,-7.89926511795051,-0.5208872583291588
28.8,0.002259763938160284,-0.6888903754745981,-0.37444001645600306,-7.256307501121818,-0.520926954993523
28.808333333333334,-0.004971381486727555,-1.044259300393315,-0.4321946305220356,-6.604877759842221,-0.5209580031249301
28.816666666666666,-0.015094484866296139,-1.3817916002410626,-0.48453691803345633,-5.9587899813900895,-0.520981858143722
28.825,-0.02793847851015667,-1.6968376562927396,-0.5315377634779541,-5.323348245402905,-0.5209999408110839
28.833333333333332,-0.043308925752349306,-1.9881157434013004,-0.5732914875849839,-4.699398510761067,-0.5210135243269051
28.841666666666665,-0.06100921961119352,-2.2561975955294504,-0.6098897468883111,-4.085750034204295,-0.5210237063497659
28.849999999999998,-0.08085206949078486,-2.5026416022365123,-0.6414106164589752,-3.4804870024899346,-0.5210314161737976
28.858333333333334,-0.10266551282645467,-2.7295086059378852,-0.6679156401748539,-2.8816328671772258,-0.5210374327509757
28.866666666666667,-0.12629583741651734,-2.939081535752715,-0.6894508323555645,-2.2874737749211,-0.5210424032456485
28.875,-0.15160861875769663,-3.133679346976673,-0.7060496318793067,-1.696727626013594,-0.5210468584327429
28.883333333333333,-0.17848835395079501,-3.3154970808278432,-0.7177370416706099,-1.1086752580340409,-0.5210512240439287
28.891666666666666,-0.2068367002889719,-3.486423673003447,-0.7245349986567298,-0.5233371267459784,-0.5210558281772513
28.9,-0.23656895490854368,-3.647794871653053,-0.7264696616104754,0.05823077667350722,-0.5210609051690416
28.90833333333333,-0.26760803993359855,-3.8000315445145243,-0.7235819538733689,0.6334327996970076,-0.5210666066419777
28.916666666666668,-0.29987481261609283,-3.9421180672158536,-0.7159435005365331,1.1973450684102505,-0.5210730817848234
28.925,-0.33327340225194996,-4.070929476850695,-0.7036801560124579,1.741679669254155,-0.5210805257286426
28.933333333333334,-0.36767035238745827,-4.1804370802643005,-0.687005199367717,2.253532480133985,-0.5210891424545474
28.941666666666666,-0.40286744001444247,-4.261052869989633,-0.6662624633941625,2.7143683779228938,-0.5210990757984305
28.95,-0.4385714899322802,-4.299688769729511,-0.6419737028704602,3.1002316926988036,-0.5211103145530116
28.958333333333332,-0.47437054186628586,-4.2813610683444505,-0.6148742023413897,3.3845932903764733,-0.5211225960287169
28.966666666666665,-0.5097318734181079,-4.192826721766265,-0.5859102582608366,3.544639102511348,-0.5211353638853454
28.974999999999998,-0.5440362004619363,-4.027308075153774,-0.5561745143262629,3.569337636263638,-0.5211478424137403
28.983333333333334,-0.5766469074852762,-3.7876654132163496,-0.5267820113608963,3.464723921685028,-0.5211592305882501
28.991666666666667,-0.6069902840110606,-3.4856592541265834,-0.4987291413773843,3.252372748282853,-0.5211689228971865
29.0,-0.6346137768699952,-3.1377585087196938,-0.47279266448726204,2.9619208544340063,-0.5211766349952008
29.008333333333333,-0.6592045392641618,-2.760323237039333,-0.4494990174859128,2.6225780831851635,-0.5211823911657082
29.016666666666666,-0.6805741269804638,-2.3665330301839487,-0.42915314930997656,2.257736132884763,-0.5211864248307561
29.025,-0.6986269271253671,-1.9654817466046512,-0.41189587828096197,1.8833850126517115,-0.5211890664812749
29.03333333333333,-0.7133274186419125,-1.5626355036375492,-0.3977632447203692,1.5089255549826115,-0.5211906611924353
29.041666666666668,-0.724673728423834,-1.1607657919485819,-0.3867347087011907,1.1388244960632854,-0.5211915225078072
29.05,-0.732679040062778,-0.7608491623445957,-0.3787673752544965,0.7742218579226418,-0.5211919130159064
29.058333333333334,-0.7373596804403446,-0.36276036273899426,-0.37381822124845476,0.4141854547015382,-0.5211920398845411
29.066666666666666,-0.7387280915691828,0.03424090019881285,-0.3718574010255194,0.05661005551831632,-0.5211920568490758
29.075,-0.7367892109832502,0.4311650833183102,-0.37287517806762,-0.30112868620500727,-0.521192071690496
29.083333333333332,-0.7315394181049057,0.8290126240372035,-0.3768839344771426,-0.6616303509098527,-0.5211921911292634
29.091666666666665,-0.7229676853002206,1.228514037024869,-0.3839158738848838,-1.0269623790552007,-0.521192567143878
29.099999999999998,-0.7110591455837382,1.6297938862657868,-0.39401607101297736,-1.3980219836626764,-0.5211934049431173
29.108333333333334,-0.6958020298373203,2.0318881283494163,-0.40722921550287183,-1.7736440685070871,-0.5211949649800922
29.116666666666667,-0.6771994438125932,2.4320576892022934,-0.4235775147930811,-2.1493588272657917,-0.5211975587271525
29.125,-0.6552877615522918,2.8248962151156896,-0.44302671307243624,-2.5157988095275154,-0.5212015298766008
29.133333333333333,-0.6301628261570859,3.201398819712924,-0.46543823660038636,-2.8570505752348203,-0.521207209393811
29.141666666666666,-0.6020124957215881,3.548487815056044,-0.49051013912297,-3.1498204264489105,-0.5212148346793355
29.15,-0.5711482808281488,3.8498706161354415,-0.5177196606979056,-3.364945791488712,-0.521224438922362
29.15833333333333,-0.538021224105996,4.089041078719857,-0.5462935193386678,-3.472676966331128,-0.5212357513366281
29.166666666666668,-0.5032044469270349,4.254053625430991,-0.5752369293339806,-3.4511024146160203,-0.5212481814463027
29.175,-0.4673360147897812,4.341759330650485,-0.6034329453380328,-3.2937086537595213,-0.5212609397102376
29.183333333333334,-0.4310390917382629,4.3586629303226605,-0.6297831395966241,-3.0111108709143712,-0.5212732548066744
29.191666666666666,-0.3948521113273002,4.317851219502344,-0.6533328441548658,-2.62593444479285,-0.5212845678005024
29.2,-0.35919347816420993,4.234283671364387,-0.6733378812390254,-2.164762186252394,-0.521294608998437
29.208333333333332,-0.3243626243129507,4.121107257756873,-0.68926874345236,-1.6517503081711955,-0.5213033582696974
29.216666666666665,-0.2905633964515994,3.9879950781913456,-0.7007757446938827,-1.10567417345215,-0.5213109498357992
29.224999999999998,-0.257934185337449,3.84105260444831,-0.7076416737645991,-0.5396516147810505,-0.5213175776033601
29.233333333333334,-0.2265752367545549,3.6834617079752165,-0.7097383170573682,0.03786732843320194,-0.5213234260218877
29.241666666666667,-0.19656965868836201,3.5162840063814365,-0.7069928543113504,0.6218317354893887,-0.5213286374536771
29.25,-0.16799804454842354,3.3391614925240343,-0.6993643262561989,1.2094936851645486,-0.5213333760623065
29.258333333333333,-0.14094807550657687,3.150822075120613,-0.6868277449787412,1.799667574359925,-0.5213378954315169
29.266666666666666,-0.11552053579178542,2.9494439169345528,-0.6693632957582204,2.3922315656590536,-0.521342544347235
29.275,-0.09183275527296265,2.7329144633056917,-0.646948883686793,2.987814485452742,-0.521347770275876
29.28333333333333,-0.0700201864668445,2.4990266809216526,-0.619554757933825,3.5875972735419572,-0.5213541263196757
29.291666666666668,-0.05023645000615838,2.245658302755405,-0.5871395866375559,4.193149676361229,-0.521362281864681
29.3,-0.03265177742319763,1.9709874179072127,-0.5496480563682089,4.806210136953846,-0.5213730366735139
29.308333333333334,-0.01744925553030858,1.67381997841588,-0.5070109716409963,5.428279437815801,-0.5213873368035582
29.316666666666666,-0.004817482205733506,1.3541483680996078,-0.45915018875742086,6.059824294364356,-0.5214062872696617
29.325,0.005063015488665467,1.0141273782169782,-0.4059928797241235,6.698769367383182,-0.521431148649952
29.333333333333332,0.012044103332965572,0.659720726901762,-0.3475028539864514,7.337830528803082,-0.521463289502855
29.341666666666665,0.016051666183432664,0.30322125892840296,-0.28374041914792897,7.960297294077394,-0.521504041045347
29.349999999999998,0.01715119992604526,-0.033654259653802865,-0.21496303382123233,8.534669513878383,-0.5215543736935155
29.358333333333334,0.01563610475172561,-0.31790579251092105,-0.14176668940639955,9.011052965820044,-0.5216143347892778
29.366666666666667,0.012112518550554384,-0.5087891676406461,-0.0652271654848957,9.326218491508072,-0.5216823569935081
29.375,0.007516885152240839,-0.570659578876004,0.013062981408968615,9.424017878909156,-0.5217548789258908
29.383333333333333,0.002998717152463521,-0.490645196838616,0.09117452162079047,9.284074024525813,-0.5218269336240624
29.391666666666666,-0.0003133944698551602,-0.2863630408610942,0.16721188025665795,8.934388930293958,-0.5218937024931206
29.4,-0.0015336295657512372,0.0044079303370856224,0.239663609470213,8.434473265902147,-0.5219519616619612
29.40833333333333,-0.00011222900603184222,0.3414882674463847,0.3075436090430479,7.846569610945409,-0.5220004754584104
29.416666666666668,0.004198583335051939,0.693627956514555,0.37032789879872074,7.217757210707511,-0.5220395125830342
29.425,0.011433691667484059,1.0408314749013199,0.4278073212144269,6.576870997203188,-0.5220701513227681
29.433333333333334,0.021500872371620385,1.372062408538878,0.4799509567981181,5.938777534247267,-0.5220937547357509
29.441666666666666,0.034242371561927616,1.6821561454384943,0.5268123618019194,5.309683559692412,-0.522111682917064
29.45,0.04947324753505303,1.9694307846254282,0.56847509913736,4.691109272719106,-0.5221251699836854
29.458333333333332,0.06700349908272533,2.234160503005828,0.6050248287351209,4.082341025446953,-0.522135287972415
29.466666666666665,0.0866502902445217,2.4776801130037316,0.6365369735847946,3.4817976137257536,-0.5221429486532185
29.474999999999998,0.10824446375946722,2.7018742585262916,0.6630727941789972,2.887743579864212,-0.5221489183066174
29.483333333333334,0.1316337689317113,2.908876688478713,0.6846797747995906,2.2986500950468836,-0.5221538344109304
29.491666666666667,0.15668406014389247,3.100869725644276,0.7013942298539657,1.71339115604439,-0.5221582200152147
29.5,0.18327899193645159,3.279914640058207,0.713245286243747,1.1313936643536624,-0.522162494571553
29.508333333333333,0.21131825601341206,3.4477641015374973,0.7202602226618051,0.5528255179149265,-0.5221669811604067
29.516666666666666,0.24071403529668184,3.6056149984788295,0.7224717859910975,-0.021106214162343873,-0.5221719104264445
29.525,0.2713849969366801,3.753755896794425,0.7199287198894775,-0.5876656303369572,-0.5221774294048336
29.53333333333333,0.3032467386038198,3.8910672856476265,0.7127114791115279,-1.1418346515758804,-0.5221836740018861
29.541666666666668,0.3361975276453218,4.01439377056346,0.7009551017635139,-1.6753519657227707,-0.522190820406602
29.55,0.37009835546339176,4.117826886213307,0.6848808909586727,-2.1755911537918418,-0.5221990507984177
29.558333333333334,0.40474742698003163,4.19215109959368,0.6648367544508662,-2.624716392468671,-0.5222084888858468
29.566666666666666,0.4398524577015136,4.22498401284848,0.6413404287857454,-3.0000261109057007,-0.522219113633172
29.575,0.4750095675454715,4.202337135552635,0.6151105801174895,-3.2767175848362418,-0.5222306742163035
29.583333333333332,0.509702737780882,4.111974548928006,0.5870620627278551,-3.4336915343954444,-0.5222426556920178
29.591666666666665,0.5433362382096876,3.947676913346862,0.5582445817166195,-3.4608260864731486,-0.5222543481484098
29.599999999999998,0.5752985002905564,3.712080130151913,0.5297282082277881,-3.3636942163982035,-0.522265020118856
29.608333333333334,0.6050359189723723,3.4160392938766933,0.5024735524276995,-3.1622271532242405,-0.5222741152061422
29.616666666666667,0.6321072078216378,3.074893635069323,0.4772374988362387,-2.8840382334471184,-0.522281366351143
29.625,0.6562020290744172,2.704084173412933,0.45454227931145225,-2.5566921519844286,-0.522286788579448
29.633333333333333,0.6771283638339672,2.3162557981186955,0.43469956026420686,-2.2026152791135716,-0.5222905924157216
29.641666666666666,0.694784051835445,1.920305305430874,0.4178622978757806,-1.83743006768112,-0.5222930828245946
29.65,0.7091263589916964,1.5217150668948396,0.40407999366146563,-1.4705505642726309,-0.5222945825546655
29.65833333333333,0.7201468322961174,1.1233776137139182,0.3933445553985064,-1.1066478873821186,-0.5222953877560637
29.666666666666668,0.7278532760426211,0.7264289067537105,0.3856234649141566,-0.7471411494500059,-0.5222957482104881
29.675,0.7322580100544328,0.3309107738426364,0.38088164411110126,-0.39139757953993787,-0.5222958618396545
29.683333333333334,0.733370860689321,-0.06375021677781435,0.37909467315794443,-0.03761698739856651,-0.5222958756620314
29.691666666666666,0.7311955562431006,-0.4583920320145179,0.3802556502859106,0.3165051617341711,-0.5222958935587616
29.7,0.72572876885041,-0.8538249765242982,0.384376996798282,0.6732137454364807,-0.5222960225075517
29.708333333333332,0.7169614769465593,-1.2505551770239636,0.39148776219616827,1.0341589196945502,-0.5222964144567414
29.716666666666665,0.7048829005051337,-1.6484291397925932,0.4016260139071679,1.3997253627526267,-0.5222972724289802
29.724999999999998,0.6894879517172338,-2.0461367927816774,0.41482467803275874,1.7681167802772308,-0.5222988510341054
29.733333333333334,0.6707895812817067,-2.4405292564174896,0.4310884559011166,2.1341226865391434,-0.522301449921992
29.741666666666667,0.6488375402209798,-2.8257763545458046,0.450359224139155,2.4876144843598107,-0.522305392066746
29.75,0.6237442120629502,-3.1925689406496773,0.472468866501904,2.8121326765931327,-0.5223109765590643
29.758333333333333,0.595715234254431,-3.5278834844411264,0.49708364296172675,3.084472301376427,-0.5223183992097653
29.766666666666666,0.565076964184998,-3.8161170272237257,0.5236541217903045,3.2766819680578028,-0.5223276513815137
29.775,0.5322864391810729,-4.042182839156752,0.5513959403715386,3.3615171006047735,-0.5223384391367926
29.78333333333333,0.4979089402328843,-4.1959363158921725,0.5793277269719184,3.320266648569325,-0.5223501875485091
29.791666666666668,0.46256060512095526,-4.2756768739282665,0.6063711585167644,3.1490369199845616,-0.522362165640428
29.8,0.4268343607902477,-4.288395764928,0.6314818230258961,2.859411533437556,-0.5223736838406963
29.808333333333334,0.391238660773393,-4.246679303844867,0.6537596574190438,2.4732679428375826,-0.5223842572579931
29.816666666666666,0.35616870371040776,-4.164454131878498,0.6725042531069466,2.0154941601677816,-0.5223936618015933
29.825,0.32190974414589524,-4.053800963503824,0.6872148809105489,1.5084600025628068,-0.522401891803804
29.833333333333332,0.2886594329065369,-3.9235682001274834,0.697557167100365,0.9695384835293657,-0.5224090734342839
29.841666666666665,0.256555583603557,-3.7793343907251207,0.7033195667728048,0.41093002598733297,-0.5224153806910509
29.849999999999998,0.2257011839398319,-3.623999151511641,0.7043736307203653,-0.15943550450028815,-0.5224209741972152
29.858333333333334,0.19618367736070513,-3.4585121487730617,0.7006431900810437,-0.7367536744963352,-0.5224259820368198
29.866666666666667,0.1680884592270528,-3.2825051719076876,0.6920826002948941,-1.3183692275891818,-0.5224305763146526
29.875,0.141507828804184,-3.094755975011279,0.6786617912902472,-1.9031061703051493,-0.5224350206192001
29.883333333333333,0.11654660211585849,-2.8935309723359426,0.6603560037581337,-2.490804395049235,-0.5224396728749449
29.891666666666666,0.09332528179803425,-2.676834980883715,0.6371386571544275,-3.0820216112001697,-0.5224449892602
29.9,0.07198138980957604,-2.44260967231422,0.6089762551276168,-3.6778298408677355,-0.5224515313714118
29.90833333333333,0.05266920355805813,-2.1889264394667083,0.5758248637703367,-4.27962736621734,-0.5224599766980507
29.916666666666668,0.03555771947499134,-1.9142298581801052,0.5376284180695823,-4.888869246964493,-0.5224711318077458
29.925,0.020826107389398843,-1.617713093782638,0.4943200758342531,-5.5065768551095156,-0.522485945889732
29.933333333333334,0.008655067703113337,-1.2999518034877682,0.4458292990043652,-6.132408978123975,-0.5225055181804977
29.941666666666666,-0.0007888048201420219,-0.963985385393279,0.3920996024392294,-6.762965994489225,-0.522531084077184
29.95,-0.007380334083392258,-0.61707459240763,0.33312506358360505,-7.388915330285027,-0.5225639484767072
29.958333333333332,-0.011081013473089315,-0.27323424835280125,0.2690166793359019,-7.990714297890128,-0.5226053106392746
29.966666666666665,-0.01200706142115194,0.04402353400039417,0.2001079764635454,-8.533777328489364,-0.5226559072037055
29.974999999999998,-0.010514357737250977,0.3009317867212138,0.12709212742666062,-8.966654152454781,-0.5227154451080515
29.983333333333334,-0.007267460254112583,0.4587839761469721,0.05113846333633222,-9.22904224774131,-0.5227819956033947
29.991666666666667,-0.0032287022325246015,0.48762702046339684,-0.02611665928600777,-9.273697178049424,-0.5228518235108559
30.0,0.0004823149907276179,0.38162045321146904,-0.1027883607969248,-9.091403277277857,-0.5229201695826442
