t,th1,w1,th2,w2,energy
0.0,0.7689429908767978,0.0,1.468725140897044,0.0,-0.3481282580141023
0.008333333333333333,0.7683865327007342,-0.13342437145004668,1.4674050662580174,-0.3169485927032338,-0.34812826408648156
0.016666666666666666,0.7667234520885451,-0.2653363188708967,1.4634382646780049,-0.6354807404952034,-0.34812831166729247
0.025,0.7639726877791049,-0.3942142173234163,1.4568049005639787,-0.9571874562397826,-0.34812845663600067
0.03333333333333333,0.7601658938614246,-0.5185273574800257,1.4474719532113671,-1.283640622456773,-0.3481287717235089
0.041666666666666664,0.7553475297471544,-0.6367327874047485,1.4353934141151588,-1.616383939380409,-0.3481293484022527
0.05,0.7495749685051172,-0.7472742310233644,1.4205105590491698,-1.956923970543245,-0.3481302994954642
0.058333333333333334,0.742918601509453,-0.8485842964444672,1.4027522964295525,-2.306720622227064,-0.348131762594754
0.06666666666666667,0.735461905025813,-0.9390917647455042,1.3820356021770734,-2.6671755598842974,-0.3481339043918813
0.075,0.727301415897341,-1.0172366704627998,1.3582660690993376,-3.0396156665522334,-0.3481369260358033
0.08333333333333333,0.7185465352769601,-1.0814973459595427,1.3313386317787628,-3.425266335869429,-0.3481410696067
0.09166666666666666,0.7093190356854777,-1.1304359124529195,1.3011385858163087,-3.8252056165249213,-0.34814662572876076
0.1,0.6997520786744859,-1.1627723203894957,1.267543118460811,-4.2402841613054605,-0.348153942173122
0.10833333333333334,0.6899884446541159,-1.1775025868016131,1.230423729745319,-4.670986446737202,-0.3481634329391884
0.11666666666666667,0.6801775142105657,-1.1740849860772329,1.1896501831564112,-5.117194544649831,-0.3481755865821353
0.125,0.6704702989478976,-1.1527287258229877,1.1450970251525283,-5.577796281180565,-0.3481909712025418
0.13333333333333333,0.6610114835294052,-1.1148309863750447,1.096654289656695,-6.050057710489239,-0.3482102311283583
0.14166666666666666,0.6519270326681682,-1.0636117610850198,1.0442447346248493,-6.528668311691071,-0.34823406646061233
0.15,0.6433055829931124,-1.0049690449652038,0.9878506271865748,-7.0044026585834205,-0.348263181318842
0.15833333333333333,0.6351720108942615,-0.9484724091077517,0.9275530191863037,-7.462502641958726,-0.34829818161533777
0.16666666666666666,0.6274531653471674,-0.9081646750340978,0.8635841277199131,-7.8812829952454075,-0.3483394048588669
0.175,0.6199401095392073,-0.9024404352231239,0.7963866116818713,-8.23212530095366,-0.3483866861635038
0.18333333333333332,0.6122588030502581,-0.9519747121374125,0.7266612686066346,-8.482540462922126,-0.3484391201942683
0.19166666666666665,0.6038684723062291,-1.0751749651948985,0.6553725032942593,-8.603210768046775,-0.3484949538231027
0.2,0.5941045503711739,-1.2824453052036204,0.5836842182154415,-8.576985821950235,-0.3485517614225433
0.20833333333333334,0.5822634170322087,-1.5724878171130754,0.5128302088582893,-8.404641546596661,-0.3486069232819927
0.21666666666666667,0.5676994456205917,-1.933240226072824,0.443966162621105,-8.103236397193132,-0.34865820755347476
0.225,0.5498964207455062,-2.3466585711482963,0.3780634447240884,-7.698440947866417,-0.3487041740589118
0.23333333333333334,0.5284943056180955,-2.79407933625233,0.3158734775936772,-7.216192070889753,-0.3487442699368487
0.24166666666666667,0.5032784082990572,-3.259644828414909,0.2579492769772145,-6.677683983376704,-0.3487786917053715
0.25,0.4741500015230798,-3.7314108100237693,0.20469219964354984,-6.098169118928158,-0.3488081622560636
0.2583333333333333,0.4410946009545629,-4.200967443816696,0.1563977348472419,-5.488102400802386,-0.3488337260732511
0.26666666666666666,0.4041564653173951,-4.662438240946923,0.11328727343125583,-4.855175324052863,-0.34885659726836876
0.275,0.3634222871860189,-5.111318558114624,0.07552206679289045,-4.206487840990368,-0.3488780535501494
0.2833333333333333,0.31901473318542156,-5.543274732669595,0.04319927732522153,-3.5506742150025286,-0.3488993552703915
0.2916666666666667,0.27109626649190866,-5.952867238416932,0.016330296594650018,-2.9000488189059728,-0.3489216684654493
0.3,0.21988404181679344,-6.33217729300997,-0.005199046988254739,-2.272790017248146,-0.3489459755517636
0.30833333333333335,0.16567613203453047,-6.669519371704792,-0.02168563014918874,-1.694811575553201,-0.34897296556443846
0.31666666666666665,0.10888623913020236,-6.948834534193308,-0.03367705053439866,-1.2002479821696594,-0.34900291086131113
0.325,0.050077048683051864,-7.150821227576907,-0.04203161808247247,-0.8286995989988423,-0.3490355620034438
0.3333333333333333,-0.010026663622604199,-7.25674404803972,-0.04793582254150757,-0.6176624151989333,-0.3490701196191695
0.3416666666666667,-0.07056663680963417,-7.254330262104075,-0.05284132648985203,-0.5913586726966396,-0.34910534486691003
0.35,-0.13062771222597172,-7.1427318750945235,-0.058312031584065546,-0.7515180192403087,-0.34913981887561174
0.35833333333333334,-0.18933891901401131,-6.933021924652302,-0.06582589490650213,-1.0764942199016803,-0.34917227237816306
0.36666666666666664,-0.24595714956787698,-6.643818975849979,-0.07660937301664279,-1.5294375578954835,-0.34920185580912866
0.375,-0.29990458306447604,-6.2952340851831465,-0.09155867513228566,-2.069736644285189,-0.34922826125770384
0.3833333333333333,-0.3507611460793366,-5.904527583160284,-0.11124721739225747,-2.6615314204042715,-0.34925169824896884
0.39166666666666666,-0.3982323708076766,-5.4845207389796204,-0.13598326110262832,-3.277268275997857,-0.34927278467310424
0.4,-0.44211302733938906,-5.0439714756081635,-0.16588052223813884,-3.897600648614786,-0.34929241638826364
0.4083333333333333,-0.4822580484458267,-4.588787859883663,-0.20091976532227407,-4.509611570405414,-0.3493116518179299
0.4166666666666667,-0.5185644367848754,-4.1233758689035085,-0.24099331412878167,-5.104628903799827,-0.34933162129927176
0.425,-0.5509639653098043,-3.6518663406754146,-0.28593154901158124,-5.676120203747869,-0.34935345512879573
0.43333333333333335,-0.5794255185079833,-3.17920944078449,-0.3355124365508071,-6.217715608446348,-0.34937821681230163
0.44166666666666665,-0.6039661703428275,-2.7121810113734175,-0.38945486665433066,-6.721291928230747,-0.3494068248295926
0.45,-0.6246701788897578,-2.260253210787368,-0.4473964324225422,-7.175191668165934,-0.34943994657562855
0.4583333333333333,-0.6417138149268311,-1.8360524590490717,-0.5088583280159141,-7.563030976390645,-0.3494778564318462
0.4666666666666667,-0.6553903610755304,-1.4548242174876758,-0.5732059966013618,-7.864072985916259,-0.3495202744725397
0.475,-0.6661240731968953,-1.1322288566690724,-0.6396236371117581,-8.056344408957724,-0.3495662460127619
0.48333333333333334,-0.6744582110070108,-0.8804191820864531,-0.7071274832750775,-8.122684533494022,-0.3496141614282513
0.49166666666666664,-0.681007580419442,-0.703815067385911,-0.7746349024443762,-8.05749731342131,-0.3496619925057024
0.5,-0.6863833124992117,-0.5970755945549158,-0.841078487505164,-7.870120069371647,-0.34970770265919454
0.5083333333333333,-0.6911159109311122,-0.5467531218030337,-0.9055240753148535,-7.582315943184959,-0.3497496557589813
0.5166666666666666,-0.6956044149907856,-0.5355302836537318,-0.967248058911516,-7.221618140137959,-0.34978684398938786
0.525,-0.7001027618460778,-0.5465003549993341,-1.0257562737415205,-6.814626347761744,-0.3498188873536995
0.5333333333333333,-0.7047354551257641,-0.5657740386350855,-1.0807573437786204,-6.383011373234403,-0.34984588574095277
0.5416666666666666,-0.7095270621053195,-0.5832687102918357,-1.132115363643356,-5.942419523376855,-0.34986823345764473
0.55,-0.7144330389763572,-0.5923715145662128,-1.1798016639749813,-5.5031296845815385,-0.3498864646260273
0.5583333333333333,-0.7193655898358938,-0.5891791273653031,-1.2238552466777062,-5.071325652472398,-0.3499011496437577
0.5666666666666667,-0.7242129568315044,-0.5717254304496908,-1.26435397014296,-4.65033636617245,-0.3499128363335831
0.575,-0.7288528372401545,-0.5393562241883677,-1.3013950205856712,-4.241608477093773,-0.3499220218934518
0.5833333333333334,-0.7331613102283456,-0.4922746775999108,-1.3350822619617555,-3.8453905611889985,-0.34992914325799285
0.5916666666666667,-0.7370185975869493,-0.4312298307029776,-1.3655182730145787,-3.461185297867639,-0.3499345772812561
0.6,-0.7403126928649505,-0.3573104388319239,-1.3927994227022717,-3.088037056954744,-0.3499386455116615
0.6083333333333333,-0.7429415955668862,-0.2718116201936625,-1.417012855106706,-2.724710518299248,-0.3499416206419723
0.6166666666666667,-0.744814650958151,-0.1761502195389989,-1.4382346523483303,-2.3698002029085248,-0.34994373312631627
0.625,-0.745853327748001,-0.07181229305656552,-1.456528718589454,-2.021797530465032,-0.34994517725359553
0.6333333333333333,-0.7459916521994995,0.03967830101073805,-1.4719461075415703,-1.6791324134961836,-0.34994611639239975
0.6416666666666666,-0.745176443059259,0.15677718434310534,-1.4845246281857232,-1.3401997173553175,-0.34994668751400576
0.65,-0.7433674440888953,0.27792756045585204,-1.4942886315589474,-1.0033772583751628,-0.34994700552038394
0.6583333333333333,-0.740537414423697,0.4015624803532743,-1.501248927810311,-0.6670393506402784,-0.34994716645620727
0.6666666666666666,-0.7366722200796355,0.5261025805562543,-1.5054028019204662,-0.32956718416136505,-0.34994724949158135
0.675,-0.731770957591397,0.6499508299831847,-1.5067341071119689,0.01064280159119299,-0.3499473179658868
0.6833333333333333,-0.7258461285917386,0.7714861210113263,-1.5052134265487225,0.3551696059938907,-0.34994742117937805
0.6916666666666667,-0.7189238637859151,0.8890570295079778,-1.5007983350587493,0.7055557167774853,-0.3499476108844535
0.7,-0.7110442229516587,1.0009700467211968,-1.493433689475255,1.063311888286056,-0.3499479580873275
0.7083333333333334,-0.7022615898367598,1.1054793497229736,-1.4830518797534245,1.4299198003704063,-0.34994855694033816
0.7166666666666667,-0.6926451470300575,1.2007775477730818,-1.469573055731496,1.8068365267957285,-0.3499495283233421
0.725,-0.682279424831404,1.284987295522835,-1.4529052969191478,2.195503877753967,-0.349951024541474
0.7333333333333333,-0.6712649135673076,1.3561546199198664,-1.4329446815619917,2.5973633218720447,-0.3499532353586988
0.7416666666666667,-0.6597187202352844,1.4122452119779976,-1.4095752070469418,3.0138767142777194,-0.34995639565762715
0.75,-0.647775237088121,1.4511456975575534,-1.3826685157829608,3.4465519724043667,-0.34996079510456446
0.7583333333333333,-0.6355867676215599,1.470673339280293,-1.3520833960332657,3.896970623763486,-0.34996679030246514
0.7666666666666666,-0.6233240165603081,1.4686003290071925,-1.3176650688919411,4.366809819182438,-0.34997482001741337
0.775,-0.6111762801473778,1.4427039071774261,-1.2792443651166623,4.85784313926556,-0.3499854241161744
0.7833333333333333,-0.5993510440640533,1.39086299010034,-1.2366370842061145,5.371888973294699,-0.3499992667253802
0.7916666666666666,-0.588072458947878,1.3112393009647925,-1.1896441962287323,5.910646444530262,-0.3500171635136764
0.8,-0.5775777301616982,1.2026118607996568,-1.1380542432364662,6.475306850801623,-0.35004011122770834
0.8083333333333333,-0.568109685469979,1.0649856282487893,-1.0816505710650268,7.065739510882697,-0.3500693132506815
0.8166666666666667,-0.5599024729867361,0.900671873820243,-1.0202282325783079,7.678915302921651,-0.3501061852322067
0.825,-0.553155349640448,0.716115371673742,-0.9536288534073007,8.306083061611702,-0.35015230534566405
0.8333333333333334,-0.5479872517746012,0.5246960979415651,-0.8818058996678722,8.928253291089796,-0.35020924082802374
0.8416666666666667,-0.544364661267892,0.3501879882375801,-0.8049338910231449,9.510387152524816,-0.35027814630559184
0.85,-0.5420039500817597,0.2288755085757482,-0.7235620313636552,9.997429412249476,-0.3503590494471287
0.8583333333333333,-0.5402771052788172,0.2056748615234956,-0.638768099116037,10.31978616501989,-0.35044995416671987
0.8666666666666667,-0.5381918301867564,0.3199030685656942,-0.5521986732654169,10.415607212758383,-0.3505463601050232
0.875,-0.5345206134746647,0.585852548323222,-0.4658733902244079,10.26174546255189,-0.35064202199586564
0.8833333333333333,-0.5280561200908634,0.9848084431911589,-0.3817881772082406,9.886292502893046,-0.3507309064660188
0.8916666666666666,-0.5178483065241947,1.4769228157817988,-0.30155106878443744,9.349079957587737,-0.35080899849671543
0.9,-0.5032988982390642,2.020468512193353,-0.22624906072841766,8.7108357005389,-0.3508748033923817
0.9083333333333333,-0.48412084318390625,2.583499395023194,-0.15652765987995307,8.01534772225299,-0.35092875874128615
0.9166666666666666,-0.4602433082751487,3.145853081973865,-0.09274862231692041,7.287474592750194,-0.35097238391028057
0.9249999999999999,-0.4317228780573209,3.6965507887064497,-0.03512804096073802,6.538362183313513,-0.3510076524489549
0.9333333333333333,-0.3986807474462008,4.230579558303287,0.016174536704238598,5.771302690330431,-0.35103665133532264
0.9416666666666667,-0.36126384754391083,4.746442063065628,0.0610099085655622,4.986070784635802,-0.3510614317454772
0.95,-0.3196229135862124,5.244492189899176,0.09922271370052453,4.18180750338179,-0.35108395436080214
0.9583333333333334,-0.27390244014965126,5.725674293776016,0.13065525582479415,3.359141205963459,-0.35110606679207246
0.9666666666666667,-0.2242409709598801,6.190231825422061,0.1551684332676629,2.522294783139204,-0.351129476873787
0.975,-0.17078375433403895,6.6359625132277715,0.1726826757295334,1.6818946823318213,-0.35115569778915373
0.9833333333333333,-0.11371311581553824,7.055668378712485,0.1832473312549382,0.8590555190426743,-0.351185944539996
0.9916666666666667,-0.05330359128204189,7.433837108154682,0.18714944114445134,0.0906041841212786,-0.35122096603865616
1.0,0.009995812933919893,7.743830558271832,0.18506392274286856,-0.5668882792700574,-0.3512608264848355
1.0083333333333333,0.07546962850968743,7.949169340092221,0.1782118544063077,-1.040614043483312,-0.35130475603228967
1.0166666666666666,0.14208890264393506,8.01361412449736,0.16842820885825108,-1.2607119223877086,-0.3513510334488227
1.025,0.2085838892998863,7.918573981327906,0.15800764032536993,-1.1920718601542806,-0.35139711997175166
1.0333333333333332,0.27364981824737444,7.674852754949443,0.14930925583025523,-0.8554113928325159,-0.3514403884513551
1.0416666666666667,0.3361796865872608,7.316675038409216,0.144314442096217,-0.31621538890300194,-0.3514789682925046
1.05,0.3953888171824961,6.884183063537719,0.14438300859278838,0.3473325896787081,-0.35151204806764647
1.0583333333333333,0.45080074551224386,6.409756639288546,0.15026518054945673,1.0699018337594952,-0.35153966582599927
1.0666666666666667,0.5021596807439361,5.9139697160447975,0.16225437702207632,1.807380384690681,-0.35156248470262597
1.075,0.5493380117990485,5.407573219280029,0.1803574640067433,2.5342215226247373,-0.35158155836686955
1.0833333333333333,0.5922690501084312,4.895000635042649,0.2044258327903874,3.237714332144912,-0.35159812930615447
1.0916666666666666,0.6309071534736878,4.377268497725891,0.2342407519496634,3.913050738427395,-0.3516135055820639
1.1,0.665207906040613,3.8539059747824864,0.26956411877441033,4.559939702201339,-0.3516289972142364
1.1083333333333334,0.6951211754695213,3.3241758241959536,0.3101662118779609,5.180376581980081,-0.35164588932224655
1.1166666666666667,0.720592654434187,2.7879476010969966,0.3558376001159087,5.7769748022940846,-0.35166543293010055
1.125,0.7415723637475123,2.2465445136030033,0.40638759122459256,6.351320313863357,-0.351688836003644
1.1333333333333333,0.7580310559214516,1.703832033221074,0.4616274347104757,6.901889557222919,-0.3517172337841839
1.1416666666666666,0.7699873436817048,1.1677152597372034,0.5213331957711348,7.421226907199422,-0.35175160888489165
1.15,0.7775487044174904,0.6519013709998496,0.5851823923082282,7.892580057699947,-0.35179262366831443
1.1583333333333332,0.7809655151241005,0.17702093846515515,0.6526647936707038,8.287465640311861,-0.35184034022921723
1.1666666666666667,0.7806849982916537,-0.23093567110988272,0.7229881152514048,8.567592960304296,-0.3518938760918175
1.175,0.7773727693307664,-0.5470540071779615,0.7950320116435696,8.694941198102436,-0.3519512001130264
1.1833333333333333,0.7718622408616012,-0.7577049353108337,0.8674178713223882,8.64839772900628,-0.3520093461926657
1.1916666666666667,0.7650251599782468,-0.867848804163441,0.9387086419031178,8.4359777519472,-0.35206510808433045
1.2,0.7576183649536693,-0.8989209166729804,1.0076502796396554,8.091705760306677,-0.35211590121842906
1.2083333333333333,0.7501837875801266,-0.8792591131185896,1.073328723013122,7.66024941351026,-0.35216025984957844
1.2166666666666666,0.7430321895759784,-0.8348220269426868,1.1351923634700833,7.182048216456857,-0.3521977942090273
1.225,0.7362849950098254,-0.7847782074526026,1.192982210299292,6.6864298456512925,-0.3522288444372781
1.2333333333333334,0.7299338343768513,-0.7412927150254636,1.2466356195293162,6.191523323815031,-0.3522541170051742
1.2416666666666667,0.7238927939270068,-0.7111247869581152,1.2962036390368457,5.707011839730608,-0.3522744324941111
1.25,0.7180358212037581,-0.6974207195499385,1.3417933210089892,5.237097092233357,-0.3522905888969309
1.2583333333333333,0.712220699743761,-0.7011044759387339,1.38353196791965,4.78274108008252,-0.3523033028969214
1.2666666666666666,0.7063034137625628,-0.7218048486763461,1.421546692154093,4.343123324742476,-0.35231319377325054
1.275,0.7001463572857674,-0.7584270597154648,1.4559535256745326,3.91651347943716,-0.352320787185397
1.2833333333333332,0.6936228352038409,-0.8094889712270333,1.4868521059088151,3.500767440120117,-0.35232652652634816
1.2916666666666667,0.6866194192790714,-0.8733118406385345,1.5143234740242262,3.0935984295778636,-0.35233078589867406
1.3,0.6790371081560336,-0.9481241840874707,1.5384295453616061,2.6927195725636,-0.3523338821385443
1.3083333333333333,0.6707918536892461,-1.0321145303595884,1.559213442711546,2.2959155985267192,-0.35233608494414387
1.3166666666666667,0.6618147833704963,-1.1234542621229848,1.576700253002038,1.9010768313897866,-0.35233762489112336
1.325,0.6520523118844087,-1.2203029337208453,1.5908979780617483,1.5062140211087367,-0.35233869940420004
1.3333333333333333,0.6414662550195164,-1.3208032954614817,1.6017985660974028,1.1094640675351244,-0.35233947684044936
1.3416666666666666,0.6300340124293335,-1.4230702860445636,1.6093789719207505,0.7090917659462748,-0.3523400988434765
1.35,0.61774885791257,-1.5251765694442019,1.6136022236681344,0.3034898246378805,-0.35234068110363503
1.3583333333333334,0.6046203587297909,-1.625136258808271,1.6144184847029492,-0.1088222862006384,-0.3523413126448704
1.3666666666666667,0.590674930542054,-1.720889291334038,1.611766113797819,-0.5291957679254086,-0.35234206038521376
1.375,0.5759565176119731,-1.8102857572234714,1.605572755606335,-0.9588535333308769,-0.35234300349483716
1.3833333333333333,0.5605274195040332,-1.891067536173023,1.5957563259100105,-1.398910787156233,-0.3523442563215396
1.3916666666666666,0.5444692576023277,-1.9608531258045394,1.5822258273333418,-1.8503955594794053,-0.3523459742610296
1.4,0.5278840614527164,-2.0171238526122335,1.5648819563275824,-2.314279619396387,-0.3523483601446465
1.4083333333333332,0.5108954664301126,-2.057210847162257,1.5436173905806347,-2.7915249985738737,-0.35235167213756
1.4166666666666667,0.4936500196383502,-2.0782818846592175,1.5183166071695995,-3.2831509662210423,-0.35235623354428347
1.425,0.47631860154953226,-2.077326410541394,1.4888550378317436,-3.7903271801533003,-0.35236244515996606
1.4333333333333333,0.4590979888601255,-2.0511360888623926,1.4550973158969094,-4.3144997505343765,-0.3523708011754823
1.4416666666666667,0.44221261076687784,-1.9962771183767227,1.4168943087127537,-4.857558055040366,-0.352381910203889
1.45,0.4259165862601207,-1.9090496503689576,1.3740785598578804,-5.4220510843408,-0.352396523837913
1.4583333333333333,0.41049616982293946,-1.7854296969090084,1.3264576914440938,-6.01146198156165,-0.35241557640695104
1.4666666666666666,0.3962727620266075,-1.6209919306090437,1.2738052563563522,-6.630545601196014,-0.3524402414639192
1.475,0.3836066175283547,-1.4108227719901134,1.215848540196086,-7.285718941231885,-0.35247201320528193
1.4833333333333334,0.3729011944539435,-1.149464873992586,1.15225305543036,-7.985448271250957,-0.3525128245396739
1.4916666666666667,0.3646074491099895,-0.8310189497547114,1.0826043893203874,-8.740447024927706,-0.35256521692564324
1.5,0.359225556758144,-0.4497484014820624,1.0063908407313584,-9.563148828182996,-0.3526325756519974
1.5083333333333333,0.3572967102838089,-0.0020806978396108664,0.9229979346828444,-10.465017783153076,-0.352719420132417
1.5166666666666666,0.3593656080113862,0.5078392702233107,0.8317456115422761,-11.448124615067787,-0.3528316386583467
1.525,0.365867529152911,1.0546853966454794,0.7320438828928023,-12.483541477327913,-0.3529762603557397
1.5333333333333332,0.3768526445287313,1.5661275222027442,0.62381530761534,-13.468321197907828,-0.3531594374781901
1.5416666666666667,0.39147641850277254,1.8984382621047586,0.5083164274044618,-14.182308147736485,-0.35338044053646733
1.55,0.4075065913913623,1.8798507329592884,0.38896779975875456,-14.354355503940115,-0.35362332136342534
1.5583333333333333,0.42166433625093797,1.4568875189147286,0.27084954424425345,-13.89967090998023,-0.35385886801959837
1.5666666666666667,0.43100789799731914,0.7542982586122574,0.1585001318991301,-13.016998677390411,-0.3540625764260121
1.575,0.4339413708669512,-0.056941905080300115,0.05433922216301817,-11.97161821874497,-0.3542263863251306
1.5833333333333333,0.4300655183178847,-0.867955061582344,-0.04102416854404794,-10.921742973576512,-0.3543536936034038
1.5916666666666666,0.419606446987064,-1.6328537625910753,-0.12783495158385927,-9.922513290417463,-0.35445143627480874
1.6,0.403015910314461,-2.3388850478639083,-0.20655234954426024,-8.977828982663127,-0.3545263362845421
1.6083333333333334,0.38078756335071584,-2.986531049258305,-0.27757833312971913,-8.0737059171605,-0.35458390126135597
1.6166666666666667,0.35338904226824525,-3.580697104566168,-0.3411780820482412,-7.192674775583879,-0.35462848154672755
1.625,0.321240746107919,-4.12754504081145,-0.3974758175899758,-6.318785761654305,-0.3546635581207341
1.6333333333333333,0.28470988701131084,-4.63362976914106,-0.44647410942337507,-5.438840491274961,-0.35469200675381757
1.6416666666666666,0.24410766628217914,-5.10586331432169,-0.4880767334359498,-4.542249449630994,-0.35471628912192205
1.65,0.1996855146513541,-5.55171690668927,-0.5221080933743586,-3.6204403684120856,-0.354738577538553
1.6583333333333332,0.15162954085870192,-5.979422942217571,-0.5483272228297907,-2.666191716574212,-0.35476082968240946
1.6666666666666667,0.10005376896664299,-6.398041558335768,-0.5664367414317661,-1.6731301988436962,-0.35478482680269396
1.675,0.04499396933240403,-6.817209232940504,-0.5760894265361847,-0.6357413127601328,-0.35481218196022235
1.6833333333333333,-0.013593810152825195,-7.246161376447242,-0.5768993831195925,0.4493553055340267,-0.35484431574992337
1.6916666666666667,-0.0758204550871296,-7.69105151071172,-0.5684746554737791,1.5791163291537529,-0.3548825686606912
1.7,-0.14181526160722563,-8.148652288050442,-0.5505089345282008,2.7335147578978547,-0.3549288075756888
1.7083333333333333,-0.21160018559635882,-8.59366382296289,-0.523003474886384,3.854085078035479,-0.35498542517232695
1.7166666666666666,-0.2848302856839071,-8.96036460064159,-0.48671462868332,4.8131811553952355,-0.3550541501448985
1.7249999999999999,-0.36041605340856075,-9.13861370080072,-0.4437930216002418,5.409203047377752,-0.35513339855969517
1.7333333333333334,-0.4363259565225189,-9.027472101483825,-0.3980876972379754,5.462667403955373,-0.35521595619719804
1.7416666666666667,-0.5100605717124096,-8.627539796517752,-0.35426238143386984,4.978360938740895,-0.35529157320432414
1.75,-0.579608642429739,-8.04426445144511,-0.3160723388604209,4.1497364945984625,-0.35535347030899456
1.7583333333333333,-0.6439533579157641,-7.394968618831501,-0.2854448423088456,3.1937962623970013,-0.3554007815517014
1.7666666666666666,-0.702875284385702,-6.75038030096187,-0.2628118452612495,2.2462256354221846,-0.35543597340046407
1.775,-0.7565517397577649,-6.138198760642417,-0.24781718564976998,1.365907330985973,-0.355462085575867
1.7833333333333332,-0.8052825045735904,-5.563148756025749,-0.23981250875901902,0.5693508468455963,-0.3554815961256072
1.7916666666666667,-0.8493619438055602,-5.020809577397479,-0.2380994897963809,-0.14512873676006438,-0.35549626696125647
1.8,-0.8890341598847769,-4.5042173895049356,-0.24202572259328825,-0.7856343122772641,-0.35550731521927825
1.8083333333333333,-0.924484483822786,-4.006466453300854,-0.25101487947285744,-1.3618685982137726,-0.3555156973248574
1.8166666666666667,-0.9558440601675907,-3.5215142371667523,-0.26457187874376986,-1.8834904133689228,-0.355522237723733
1.825,-0.9831977819137182,-3.044291670920908,-0.282280265434782,-2.3596942611051843,-0.3555276476796837
1.8333333333333333,-1.0065918817167507,-2.5705547451459663,-0.3037983548168256,-2.799256510409523,-0.355532544300022
1.8416666666666666,-1.0260398788025638,-2.096656069592739,-0.3288565245944633,-3.210733315720799,-0.35553747119171514
1.8499999999999999,-1.041526549096891,-1.6193055865424772,-0.35725632867133983,-3.602688280858463,-0.3555429198153035
1.8583333333333334,-1.0530099569843512,-1.135347684499541,-0.38887146187850485,-3.9839042423255906,-0.3555493518545422
1.8666666666666667,-1.0604217575923658,-0.6415722441436096,-0.42365033226972487,-4.363552397608421,-0.35555722352900887
1.875,-1.063666156807273,-0.13458829984739903,-0.46161972283451363,-4.7512735416574206,-0.3555670130743865
1.8833333333333333,-1.0626182863933638,0.3891735740921739,-0.5028884224576523,-5.157062120985725,-0.3555792540497082
1.8916666666666666,-1.0571236279328042,0.9331767424294236,-0.5476482459472045,-5.590695408887838,-0.35559461349211635
1.9,-1.0470019218013442,1.499918949661618,-0.5961667581365487,-6.060194723326748,-0.3556140154169443
1.9083333333333332,-1.0320625858060597,2.0888971058055734,-0.6487597785011942,-6.568283697006109,-0.35563870333633446
1.9166666666666667,-1.012145127609999,2.69248011394253,-0.7057205641108841,-7.105242599183507,-0.35567021444099023
1.925,-0.9872052210477754,3.289101066210571,-0.7671697904110562,-7.637069288649655,-0.35571012387791434
1.9333333333333333,-0.9574622913555638,3.836227812367633,-0.8327978321456129,-8.093032442490786,-0.3557593183722188
1.9416666666666667,-0.9235744042928982,4.273264507502601,-0.901555643919189,-8.369944282415512,-0.3558167565183152
1.95,-0.8866984656538283,4.547310076424745,-0.9715358474382808,-8.375566614376769,-0.35587855771612514
1.9583333333333333,-0.8482684370292878,4.649494424794973,-1.0403330011941931,-8.090757611025081,-0.35593895650797586
1.9666666666666666,-0.8095720925501299,4.620791084197911,-1.1057521925646743,-7.580284787468782,-0.35599293656890346
1.9749999999999999,-0.7714524423163729,4.520609260910122,-1.1663136735852642,-6.940337002888719,-0.3560380439347685
1.9833333333333334,-0.7342920730023444,4.396874336114347,-1.2212829762143182,-6.248286512570243,-0.3560741780904797
1.9916666666666667,-0.6981568228031377,4.277807027049732,-1.270434053521388,-5.549023748581162,-0.356102485650677
2.0,-0.6629454243396093,4.176403378595563,-1.3138036974093914,-4.862621740410858,-0.35612447821744725
2.0083333333333333,-0.6284893090829077,4.096741321364836,-1.3515304354578164,-4.194972553994481,-0.35614159996296
2.0166666666666666,-0.5946070891028803,4.038366692961864,-1.3837696271362236,-3.545138227090447,-0.35615508382319594
2.025,-0.5611310882571428,3.998723812784666,-1.410655314834174,-2.909409775882461,-0.3561659354497348
2.033333333333333,-0.5279192326493177,3.9743556061345098,-1.432286535312501,-2.283317059873346,-0.3561749587435357
2.0416666666666665,-0.49485998728422576,3.961445943052982,-1.448725351835351,-1.6625548666601224,-0.3561827870985134
2.05,-0.4618742916894927,3.9560370876457545,-1.4600001191255272,-1.0433775231004438,-0.3561899082151794
2.058333333333333,-0.428916396508198,3.9540960205199958,-1.4661108612721252,-0.4227430120769609,-0.3561966798637281
2.0666666666666664,-0.39597445595210146,3.951516654463722,-1.467035303644913,0.2016594983304768,-0.35620333746317195
2.075,-0.3630712022691167,3.9441037175758433,-1.4627349064441049,0.8314265349229104,-0.3562100221364304
2.0833333333333335,-0.33026476013439315,3.927554887572166,-1.4531606319025958,1.467498072104565,-0.3562169055868228
2.091666666666667,-0.2976496059758592,3.89744749347225,-1.4382579472701174,2.110272616016616,-0.3562242573315122
2.1,-0.2653575617192123,3.849243264815816,-1.4179708138921525,2.7597377257735314,-0.3562324548260019
2.1083333333333334,-0.23355869270678456,3.7783057822587427,-1.3922444341468199,3.415640304987593,-0.356241992516599
2.1166666666666667,-0.2024620249141164,3.679925230962476,-1.3610263753337248,4.077707344105051,-0.3562534919704188
2.125,-0.17231605583330464,3.5493412518205414,-1.3242656118522522,4.745926386200824,-0.3562677142850099
2.1333333333333333,-0.14340912963634223,3.3817499023032638,-1.2819089462156508,5.42089601787419,-0.3562855772459149
2.1416666666666666,-0.1160698857852455,3.1722753589736894,-1.2338941733369462,6.104259601539081,-0.35630818144100185
2.15,-0.09066817626623655,2.9158809800065275,-1.1801392182695853,6.799242019639979,-0.3563368519905688
2.158333333333333,-0.06761708528670665,2.607187758040477,-1.1205262669985638,7.511321250962726,-0.3563732061924907
2.1666666666666665,-0.047376979128639966,2.240161807549006,-1.0548795720868378,8.249085005955354,-0.35641926317268546
2.175,-0.030462848248287433,1.8076304610095038,-0.9829351083525018,9.02534313714758,-0.35647762135504346
2.183333333333333,-0.01745648773308088,1.3006056644953954,-0.9042996378696688,9.858564825994574,-0.3565517462398385
2.1916666666666664,-0.009024913586698784,0.7074960185754513,-0.8183965213855374,10.774588306611586,-0.35664643861251677
2.2,-0.005944400955251142,0.013696304586372325,-0.7243979642961438,11.8079510394075,-0.3567685916420321
2.2083333333333335,-0.00912055459601071,-0.7964752092359507,-0.6211565443639538,12.999829518479258,-0.35692837489403895
2.216666666666667,-0.019561551617875466,-1.7285393400882865,-0.5072017335993209,14.381306629695755,-0.3571409425628085
2.225,-0.03815489754981189,-2.7368017862977885,-0.38104456422413496,15.907375524789664,-0.3574269912429324
2.2333333333333334,-0.0648589850153165,-3.6219995873369437,-0.24244602013985928,17.285646394790135,-0.35780404501968177
2.2416666666666667,-0.09701223478066383,-3.9674778591698066,-0.09520284105075565,17.858318485168695,-0.3582544493240638
2.25,-0.1286859874944023,-3.5103996479748654,0.051668022433975,17.202078230864643,-0.35870139877241614
2.2583333333333333,-0.15409039341151798,-2.5411000480210393,0.18937984022408863,15.78571097091844,-0.3590711589417459
2.2666666666666666,-0.17077633298439857,-1.4683953224551316,0.31448375584498167,14.253140875304718,-0.3593500625772026
2.275,-0.17880538744658878,-0.4780777983410324,0.4273771741361371,12.873357603553107,-0.35955683300456515
2.283333333333333,-0.17908662203177828,0.3902963452578032,0.5295624511028901,11.679908014482965,-0.3597119583510222
2.2916666666666665,-0.1726194784221451,1.144008623241835,0.6224613832623893,10.63723092270832,-0.3598301866133854
2.3,-0.1602941595212178,1.7988773990518212,0.7071479661669149,9.70224582181825,-0.3599214629226387
2.308333333333333,-0.14287280479600456,2.3691761116565693,0.7843649942263349,8.839396658386596,-0.3599925705936532
2.3166666666666664,-0.1210114354840152,2.866115725120281,0.8545973672520671,8.022205596661179,-0.3600482849057259
2.325,-0.0952835772313323,3.2984303706374902,0.9181422880485451,7.23180025825929,-0.36009211150212006
2.3333333333333335,-0.06619721200114997,3.673255141107115,0.9751651912493803,6.455154276998616,-0.3601267386845377
2.341666666666667,-0.034204918262374914,3.996855190516381,1.0257420615210207,5.683606436165063,-0.36015431127769604
2.35,0.0002911669860247104,4.275140165645596,1.069890715938981,4.911682810635524,-0.3601765949395659
2.3583333333333334,0.03693786566648473,4.513992065136074,1.107593272929646,4.136146127849053,-0.3601950728876949
2.3666666666666667,0.07543159084736407,4.719452792313345,1.1388113974045329,3.355203131273445,-0.3602110010262813
2.375,0.11552011604240063,4.897816634850574,1.1634954330055542,2.5678243399189307,-0.3602254380979687
2.3833333333333333,0.1570048590533871,5.055667334282176,1.1815882365579504,1.773149541703093,-0.36023926167081555
2.3916666666666666,0.19974335964776446,5.199892285139767,1.1930243607320163,0.9699640731401885,-0.3602531767369484
2.4,0.243651865536902,5.33769730180906,1.1977251401910887,0.1562389125261384,-0.36026772052983425
2.408333333333333,0.28870808125308844,5.4766298772114945,1.1955902314401827,-0.6712542028736154,-0.36028327326183873
2.4166666666666665,0.33495406339237854,5.624585250557737,1.1864864991256276,-1.5171862161731686,-0.3603002376890926
2.425,0.3824989743947238,5.789752422850722,1.1702354688972436,-2.3877562371133583,-0.36031933993202414
2.433333333333333,0.43152051032349126,5.980296428679686,1.1466018551800112,-3.2902491846041158,-0.36034174520723217
2.4416666666666664,0.4822610729895715,6.203300239619518,1.1152905190842053,-4.231268523191554,-0.3603691619737103
2.45,0.5350085946540001,6.461879127585626,1.0759693983730996,-5.2118321048558345,-0.36040394866572667
2.4583333333333335,0.5900384693205082,6.748249421661512,1.0283585815062783,-6.215585270932446,-0.3604491008814813
2.466666666666667,0.6474700861798003,7.029750641451122,0.9724645368738771,-7.185052005052084,-0.3605077447877455
2.475,0.7069804011386829,7.230172850647606,0.9090569749863818,-7.99000164793575,-0.3605813872869408
2.4833333333333334,0.7674213480492755,7.232778187126633,0.8403067972283919,-8.433136434991813,-0.3606666412794233
2.4916666666666667,0.8267212267785565,6.95001374403456,0.7699333140833288,-8.369934830897959,-0.36075347142309266
2.5,0.8825381472638134,6.412567203981922,0.7020631307081624,-7.860584992351233,-0.36083002766444044
2.5083333333333333,0.9332267327750456,5.740916836377831,0.6395645393334946,-7.11907074289754,-0.3608900716250787
2.5166666666666666,0.9781547966529359,5.043773183138027,0.5835141265275113,-6.33729512751565,-0.36093398507012536
2.525,1.0173775823440026,4.3770161242136725,0.5337729932963029,-5.614457130757011,-0.36096511458489144
2.533333333333333,1.0512391622248176,3.757981796692771,0.4896858987706907,-4.98205435906207,-0.36098698153790815
2.5416666666666665,1.0801421995612845,3.1861436375842214,0.45048738765889307,-4.439815382118766,-0.3610023540253209
2.55,1.1044544430849803,2.6549218691135534,0.41547027205300024,-3.9762488635220246,-0.36101320726035735
2.558333333333333,1.124482474025837,2.156695711161261,0.3840368218631664,-3.5774233190699896,-0.36102090963065575
2.5666666666666664,1.140471701136958,1.6845474466836,0.35570368483709136,-3.2300820318961803,-0.36102640650492923
2.575,1.1526145252593456,1.2326896280875392,0.33009190896114393,-2.9224680435979646,-0.3610303554403416
2.5833333333333335,1.1610597504673805,0.7964219851362804,0.30691413382584526,-2.6443261085505547,-0.36103321724986553
2.591666666666667,1.1659209220530753,0.3719485345941619,0.2859630275306844,-2.3866570839776253,-0.3610353156964499
2.6,1.167283007202095,-0.04382677899280108,0.2671020114938552,-2.1414332020676885,-0.36103687651752553
2.6083333333333334,1.1652074258719205,-0.4534885253042595,0.2502582655384446,-1.9013409381260074,-0.36103805690787555
2.6166666666666667,1.1597356069182867,-0.8592770707577553,0.23541770558923017,-1.6595632524435804,-0.36103899268972056
2.625,1.1508911904008814,-1.2632467058985992,0.22262166039940767,-1.4095883828376847,-0.36103983213129365
2.6333333333333333,1.138680955328782,-1.6674144192992333,0.21196504706587432,-1.1450392311511275,-0.3610407445462696
2.6416666666666666,1.1230945064881501,-2.073911001244159,0.20359594465895997,-0.8595052535977586,-0.36104192701738497
2.65,1.1041026542315797,-2.485145386376625,0.19771662163641218,-0.5463585855778733,-0.36104361138512336
2.658333333333333,1.0816543315233493,-2.903993309331107,0.19458622807762518,-0.19853495466631813,-0.361046071867694
2.6666666666666665,1.0556717957969208,-3.334022298248245,0.1945255329942465,0.19174136756259402,-0.36104963369177434
2.675,1.026043770695554,-3.7797621096252296,0.1979242307145439,0.6332995417351346,-0.3610546948459863
2.683333333333333,0.992616115929349,-4.247029062964875,0.2052514295898069,1.1364488521180065,-0.36106179271398664
2.6916666666666664,0.9551796080997467,-4.743285891483927,0.21706998499608568,1.7134547797829724,-0.3610716935404849
2.7,0.913454908695977,-5.27792638051658,0.2340543526123773,2.3788527621942333,-0.361085523496826
2.7083333333333335,0.8670765554718042,-5.8621270104310526,0.2570084550487974,3.148964159716006,-0.3611049777528739
2.716666666666667,0.8155832841292767,-6.5071931773473874,0.2868704120326614,4.038733861293181,-0.3611326367096417
2.725,0.7584374410553872,-7.218501745129607,0.32466405564066986,5.050859350564325,-0.361172364312163
2.7333333333333334,0.6951342889016083,-7.978552802090964,0.37129142468100107,6.14604132119126,-0.3612294832058601
2.7416666666666667,0.6255266965698724,-8.711764473748847,0.42694976687932445,7.1818979872300375,-0.3613095383403371
2.75,0.5504678197502803,-9.252903049739166,0.49000041951420564,7.859184870584448,-0.3614133748121273
2.7583333333333333,0.4723717860906505,-9.418976976890724,0.5559944681913254,7.849038288713489,-0.361530106238634
2.7666666666666666,0.3945860070002737,-9.195766195803822,0.6187857995251357,7.120005514065632,-0.3616402893145358
2.775,0.31972521185781433,-8.749955252507686,0.673471193982462,5.9614465743367075,-0.3617308365182986
2.783333333333333,0.24890126570138493,-8.247666659240892,0.7177841917515125,4.668108618885107,-0.3618004985772761
2.7916666666666665,0.1821883814269612,-7.77066793630787,0.7513307263244807,3.392185216446497,-0.36185380297999586
2.8,0.11925691788834865,-7.340844925141152,0.7745115404793337,2.1836602842655424,-0.36189574027614335
2.808333333333333,0.05972013317038924,-6.954289405803229,0.7879298303861728,1.0484583984371503,-0.36193003624549935
2.8166666666666664,0.003265430022076188,-6.59890321175234,0.7921675427476212,-0.021380934348282504,-0.36195906441238557
2.825,-0.05031065677979374,-6.261217229810373,0.7877264933895349,-1.0360777948350535,-0.3619841793761327
2.8333333333333335,-0.1011022012943592,-5.928622924292197,0.7750279736214698,-2.0044879582424606,-0.36200640019333974
2.841666666666667,-0.14910388196836025,-5.589899061710527,0.7544273753014744,-2.933605827285796,-0.36202688352788426
2.85,-0.19422274046337148,-5.2352163458308825,0.7262280333714746,-3.8290477722283236,-0.3620469440843844
2.8583333333333334,-0.23628919413209565,-4.855982119389814,0.6906894808229184,-4.695856033763115,-0.36206805006195664
2.8666666666666667,-0.2750664702134851,-4.444623073075838,0.648028495824047,-5.539403781152738,-0.36209183228503716
2.875,-0.31025800710457735,-3.994311706080911,0.5984124548145573,-6.366332538512387,-0.3621201125425448
2.8833333333333333,-0.3415122548600952,-3.4986105614401053,0.5419447566907458,-7.18552051583096,-0.3621549624215501
2.8916666666666666,-0.36842407095687013,-2.9510077083286754,0.4786419659606635,-8.009106364587778,-0.3621988101557806
2.9,-0.39053178178983133,-2.3443465699316084,0.4084021345156876,-8.853579660860328,-0.3622546216571739
2.908333333333333,-0.40730934742636454,-1.6702541902026533,0.33096404813534425,-9.74082797328073,-0.36232619439092884
2.9166666666666665,-0.4181550141209296,-0.9189904485073913,0.24585963184613693,-10.698555843516008,-0.36241861590295066
2.925,-0.4223847173310992,-0.08112593153143843,0.15237198242014735,-11.757901581226806,-0.3625389257717898
2.933333333333333,-0.4192602157056066,0.8446624671531678,0.049546255410489834,-12.941249068935386,-0.36269687311304605
2.9416666666666664,-0.4081430600583437,1.8265469065679185,-0.06359742542537365,-14.221394952592448,-0.36290512563643207
2.95,-0.3889884754591783,2.741356283773741,-0.1872866632611974,-15.423615493890253,-0.3631752864669807
2.9583333333333335,-0.3633782040199597,3.322276582897499,-0.3192913692665087,-16.131629506371915,-0.3635024260929792
2.966666666666667,-0.33529088010748054,3.3143926995699196,-0.45357275159613436,-15.93503098024875,-0.3638467529156927
2.975,-0.3095885489533778,2.7928496316237617,-0.582657969580008,-14.953668190751179,-0.3641537910391278
2.9833333333333334,-0.2893217520828079,2.058518630442613,-0.701974236385696,-13.667000273029489,-0.36439779080474943
2.9916666666666667,-0.2752630842299626,1.3254788336663719,-0.8105276199657379,-12.403627371029442,-0.36458305032107774
3.0,-0.266999033279738,0.6737320177444543,-0.9090773323217576,-11.272493045318818,-0.3647230895858028
3.0083333333333333,-0.2637667366615126,0.1176825293908367,-0.9987900062501397,-10.280062914400313,-0.36483002182850177
3.0166666666666666,-0.26479024672164075,-0.3494016519191609,-1.0807334810189928,-9.403437082580172,-0.3649126399717506
3.025,-0.2693737336599631,-0.738559682346701,-1.1557634389696507,-8.616782577057686,-0.36497705692062676
3.033333333333333,-0.27691208366490433,-1.0601611121756351,-1.2245357308926614,-7.89841603258655,-0.3650275746704481
3.0416666666666665,-0.2868796924170824,-1.322888151190613,-1.2875468096323108,-7.231711977104896,-0.36506728888291257
3.05,-0.2988165552157276,-1.533855995311821,-1.345173341244326,-6.6043879394329705,-0.36509848658638916
3.058333333333333,-0.31231667489938086,-1.6989729709034582,-1.3977043765557855,-6.007544277016569,-0.3651229038632185
3.0666666666666664,-0.3270194641698656,-1.823279365349475,-1.445365908318571,-5.434820870359185,-0.36514189229346306
3.075,-0.34260365008230304,-1.9112066254250886,-1.4883391327283968,-4.881729273181898,-0.36515652739795845
3.0833333333333335,-0.3587830046893381,-1.9667586313656884,-1.5267738131727715,-4.345139652213079,-0.36516768021529233
3.091666666666667,-0.37530331720231697,-1.9936313747309726,-1.5607978965423568,-3.822889066299524,-0.36517606527080076
3.1,-0.39194016720531644,-1.9952881992371583,-1.5905242676922202,-3.3134821191899815,-0.3651822733091507
3.1083333333333334,-0.408497190687067,-1.9750049433965056,-1.616055316041876,-2.8158621230095546,-0.36518679413843386
3.1166666666666667,-0.42480463616558206,-1.9358959915625888,-1.6374858319566437,-2.329236822640106,-0.3651900330331606
3.125,-0.44071808719946204,-1.8809292786768295,-1.6549046362052113,-1.852946916391821,-0.3651923229229525
3.1333333333333333,-0.45611728419610803,-1.8129358841849348,-1.6683952601476204,-1.3863683875424013,-0.36519393379275195
3.1416666666666666,-0.47090501721399364,-1.734617971816906,-1.6780359275212282,-0.9288414760545745,-0.3651950801872774
3.15,-0.48500608656797145,-1.6485574164903811,-1.6838990342972722,-0.47962032923772535,-0.3651959273567664
3.158333333333333,-0.49836634304016125,-1.557226434745883,-1.6860502771308914,-0.03783821968662604,-0.36519659634498963
3.1666666666666665,-0.5109518265844329,-1.4630004333381597,-1.6845475452970924,0.3975139401672924,-0.36519717025837334
3.175,-0.5227480166028472,-1.3681722280625117,-1.6794397030182713,0.8275949368409992,-0.3651977267890722
3.183333333333333,-0.5337592222608263,-1.2749717065171713,-1.6707652640568729,1.2537337458596787,-0.3651983736400175
3.1916666666666664,-0.5440081470527955,-1.1855872878472649,-1.6585509016295645,1.6774452342537873,-0.3651992511872781
3.2,-0.553535638033081,-1.1021890416266056,-1.6428098421241235,2.1004445012336723,-0.36520053236668376
3.2083333333333335,-0.562400636597992,-1.0269539076363567,-1.623540120418,2.5246661606744634,-0.36520242435097094
3.216666666666667,-0.5706803473830008,-0.9620927719878719,-1.6007226459663337,2.9522908115677704,-0.3652051723195993
3.225,-0.5784706390151645,-0.9098789180843436,-1.5743190122452262,3.385780370234468,-0.36520906573598955
3.2333333333333334,-0.5858866840313549,-0.8726766843560192,-1.5442689724616503,3.827922764242821,-0.36521444771777295
3.2416666666666667,-0.5930638296340487,-0.852967521940826,-1.5104875095389971,4.281883935954865,-0.3652217283256193
3.25,-0.6001586544504803,-0.8533670427705934,-1.4728614656485208,4.751259560474864,-0.36523140290568584
3.2583333333333333,-0.60735008515796,-0.8766190249792132,-1.4312458031858286,5.240106998103629,-0.36524407696157485
3.2666666666666666,-0.6148402718607742,-0.9255365240049631,-1.3854598233319078,5.752912857042261,-0.36526049925129134
3.275,-0.622854553347358,-1.00282789858241,-1.3352842324353114,6.294399113677131,-0.36528160443867397
3.283333333333333,-0.6316390858641657,-1.1106808980025684,-1.2804611490567082,6.868963930596731,-0.36530856441615267
3.2916666666666665,-0.6414531901614361,-1.2498546913138386,-1.2207016176084975,7.479345906265906,-0.36534284017767904
3.3,-0.6525505782451004,-1.4178204167705317,-1.1557100068042658,8.123740434869173,-0.36538620657131704
3.308333333333333,-0.6651387142804684,-1.6052400624604946,-1.0852430150909094,8.790145087787748,-0.36544067658249213
3.3166666666666664,-0.679299549204432,-1.7901859099095176,-1.0092316359506233,9.446824014270465,-0.3655081660714038
3.3249999999999997,-0.6948557223000806,-1.9313932786599948,-0.9279943960957868,10.03082821907388,-0.365589652699372
3.3333333333333335,-0.7111984004814444,-1.9676803168698032,-0.8425187114653835,10.446235285600402,-0.3656837375829642
3.341666666666667,-0.7271819512145427,-1.8365898355682688,-0.7546397317468018,10.593931403511233,-0.36578536700383607
3.35,-0.7412634320606692,-1.511462306642074,-0.6668224727094831,10.432051449647322,-0.36588652391398035
3.3583333333333334,-0.7519122167369562,-1.0216099866514277,-0.5815039067985032,10.008548801136556,-0.3659794306659001
3.3666666666666667,-0.7580065091385282,-0.429366081411769,-0.5004632376308433,9.422574182448317,-0.3660595219570584
3.375,-0.7589484887818574,0.2067822035287827,-0.4246594699174719,8.763826920373566,-0.3661257482698736
3.3833333333333333,-0.7545451403225573,0.8489683087369314,-0.35444909110820405,8.08614555960855,-0.36617916087673363
3.3916666666666666,-0.7448364571494069,1.478055738155089,-0.28987877891102354,7.412031925189189,-0.3662216557445763
3.4,-0.7299685296305245,2.086581850745537,-0.2308940944453136,6.745241818053713,-0.3662552868342641
3.408333333333333,-0.7101212303150035,2.673190698363873,-0.17745213380525238,6.080485263113694,-0.36628198362540126
3.4166666666666665,-0.6854719063544684,3.2394853751437758,-0.12957154405526514,5.408910974763088,-0.3663034978977793
3.425,-0.6561777769016763,3.7885386325418513,-0.08734966653948768,4.720770432361103,-0.366321438082746
3.433333333333333,-0.6223665913605078,4.324295693351155,-0.0509644649526965,4.006581473063916,-0.3663373254088161
3.4416666666666664,-0.5841303337927526,4.851377740269399,-0.020670011033139625,3.257614428489098,-0.3663526463698578
3.4499999999999997,-0.541520007178934,5.374975077607717,0.0032110910919915217,2.4662137078972948,-0.3663688923444156
3.4583333333333335,-0.4945418573039935,5.900559100478329,0.020298815742204813,1.626408538360796,-0.3663875812585782
3.466666666666667,-0.4431580023736879,6.433030438224162,0.030175266340714203,0.7354703975274866,-0.366410252924162
3.475,-0.38729874706827355,6.974614045490884,0.03242501277156706,-0.20239298728649718,-0.36643841950168954
3.4833333333333334,-0.32690166220793654,7.520289471679078,0.026721997094825523,-1.168125412424668,-0.36647350385043753
3.4916666666666667,-0.26200413129968375,8.049377620758877,0.013008462891208179,-2.113433039542378,-0.3665169933384877
3.5,-0.1929201102488518,8.514432097169212,-0.008183755544204366,-2.94226747981644,-0.3665700663284089
3.5083333333333333,-0.12048899822604946,8.83807444901599,-0.03529693584351799,-3.507089716997412,-0.36663223978973425
3.5166666666666666,-0.04623992578824616,8.940037664922109,-0.06547793132629663,-3.6588083239360496,-0.3666998908733207
3.525,0.02781146767190813,8.792845724947044,-0.0949737402345035,-3.346642648943871,-0.36676677041977684
3.533333333333333,0.09974848468419732,8.44557327706948,-0.12021047648179863,-2.6605695334193644,-0.3668271630947192
3.5416666666666665,0.16825009357253662,7.982058476594186,-0.13871551354456405,-1.7569797366401048,-0.36687842837379253
3.55,0.23265236144624726,7.4704736261876565,-0.1492614022370181,-0.7679110761597918,-0.3669206744993279
3.558333333333333,0.2927303624121095,6.948170845847332,-0.15149916285561343,0.22789724621058147,-0.3669551596477581
3.5666666666666664,0.3484660505781949,6.4293745727580776,-0.14555021316979105,1.193102259679968,-0.3669832442593541
3.5749999999999997,0.39990172851214567,5.915853653880599,-0.1317385763751009,2.11387181851365,-0.3670063803253787
3.5833333333333335,0.4470681177408626,5.403900981836103,-0.11044886051597178,2.9880686374565104,-0.3670261764330778
3.591666666666667,0.4899556829546308,4.88796290143813,-0.08205763298203783,3.819078063643915,-0.3670443037597115
3.6,0.5285070606500027,4.362283730038396,-0.04690068516056798,4.613012771358011,-0.36706245931417814
3.6083333333333334,0.5626185805789667,3.821569524609227,-0.005255784389565997,5.377573056001088,-0.3670823699508376
3.6166666666666667,0.5921453356540933,3.2612472440758564,0.04266833112081557,6.12156507362233,-0.3671058231660533
3.625,0.6169080003835898,2.6776775854513173,0.09673950063236761,6.854464931408182,-0.36713471778200574
3.6333333333333333,0.6367023611995679,2.0686558966556268,0.15690436504575828,7.585473043765603,-0.36717112620100506
3.6416666666666666,0.6513158115923521,1.434685079262736,0.22317795358800652,8.321255829838694,-0.36721734569812137
3.65,0.6605602885332933,0.781809699979877,0.29560455402618896,9.061034575219502,-0.36727587672445866
3.658333333333333,0.6643389025101566,0.12702202578648727,0.3741603222808661,9.787229453110625,-0.3673491810634143
3.6666666666666665,0.6627692935948439,-0.49378172281253324,0.45855699880229805,10.451448452910576,-0.3674389515296794
3.675,0.6563690873268181,-1.0204824743389633,0.5479330846923196,10.96416506601368,-0.36754468868039575
3.683333333333333,0.6462261034318197,-1.380715774209065,0.6405553581744304,11.212607749829447,-0.3676619076580536
3.6916666666666664,0.6339529397129319,-1.528797217144248,0.7338631316884222,11.123937292495487,-0.36778179346295675
3.6999999999999997,0.6212942486922134,-1.4813619207536375,0.8250826972189491,10.724354081110897,-0.367894288061141
3.7083333333333335,0.6096229831006647,-1.304624561323867,0.9120303220933972,10.11891108024272,-0.36799243139655724
3.716666666666667,0.5997074828193009,-1.0705502458298748,0.9934762064307995,9.420291013936746,-0.3680738979850143
3.725,0.5917969485725644,-0.829741222866161,1.06899393236853,8.705525329286417,-0.36813961549061114
3.7333333333333334,0.585819758920435,-0.609555194984039,1.1386353453205684,8.01410316767581,-0.3681918651865225
3.7416666666666667,0.5815468137802324,-0.42181869243232883,1.2026705445302155,7.3612476280600845,-0.36823311597192443
3.75,0.5786894438451602,-0.2699577240749247,1.2614380468757005,6.749711150178359,-0.36826555276641093
3.7583333333333333,0.5769493648078418,-0.15337895564226195,1.3152731867853513,6.176802468909734,-0.36829096712784515
3.7666666666666666,0.5760415159216595,-0.06976193612850298,1.3644792828412864,5.63791671177889,-0.36831078670512735
3.775,0.5757032760949435,-0.016162109980247294,1.4093192556642822,5.128127623407069,-0.3683261412762268
3.783333333333333,0.5756973037373528,0.010490770463372094,1.450016046645917,4.642825660059554,-0.36833792778435226
3.7916666666666665,0.5758115855563749,0.013185065209907346,1.4867562846481976,4.177918056473831,-0.36834686387594606
3.8,0.5758583905017893,-0.005245459127093292,1.5196947226612298,3.7298412145503623,-0.3683535291453699
3.808333333333333,0.5756729027233409,-0.042134233434683935,1.5489584280950106,3.295501773865582,-0.36835839610134014
3.8166666666666664,0.5751118703647299,-0.09496928781288703,1.5746503786790127,2.8721983563428126,-0.36836185322225695
3.8249999999999997,0.5740524050869656,-0.161371378011138,1.5968524081860214,2.457545967366366,-0.368364222110744
3.8333333333333335,0.5723909766748313,-0.23906974382693008,1.6156275642610916,2.0494111849825796,-0.368365770261795
3.841666666666667,0.570042609142495,-0.3258782489977993,1.6310219790272464,1.6458600671041845,-0.3683667205299208
3.85,0.5669402706193551,-0.41967279693462994,1.6430663564975554,1.2451180334954952,-0.36836725805082493
3.8583333333333334,0.5630344455661687,-0.518370143777924,1.651777169445499,0.8455399075864695,-0.36836753513410125
3.8666666666666667,0.5582928782047762,-0.6199079614631433,1.6571576414253826,0.4455879346909687,-0.36836767447633273
3.875,0.5527004775672109,-0.7222259550098501,1.659198570957005,0.04381550269385077,-0.368367770930042
3.8833333333333333,0.5462593753780839,-0.8232482546406736,1.6578790392677045,-0.36114389299280597,-0.36836789350959226
3.8916666666666666,0.5389891203363889,-0.9208679795152642,1.6531670657829978,-0.7705799747672771,-0.3683681083335731
3.9,0.5309270090262378,-1.0129295449085085,1.6450201780641092,-1.185724962919484,-0.3683685090136215
3.908333333333333,0.5221285615169026,-1.0972123410135133,1.6333858050752612,-1.6077735064740948,-0.368369222915701
3.9166666666666665,0.5126681268018206,-1.1714155101778847,1.6182014997806304,-2.0379057510846397,-0.3683704148411844
3.925,0.5026396149828817,-1.233142656773572,1.5993949312196276,-2.477320157899933,-0.36837229187115855
3.933333333333333,0.4921573596037389,-1.279885743233092,1.576883550100253,-2.9272796892468813,-0.3683751096578897
3.9416666666666664,0.48135712157401517,-1.3090069646903342,1.5505737993774797,-3.389175591433285,-0.3683791806047779
3.9499999999999997,0.4703972586206115,-1.3177167877332143,1.5203597028946938,-3.86461378627537,-0.36838488460772933
3.9583333333333335,0.45946010227918754,-1.3030456158809938,1.486120619566948,-4.355529827785579,-0.3683926833735533
3.966666666666667,0.44875360865914543,-1.2618058256329998,1.4477178966883708,-4.864339396779076,-0.3684031398397046
3.975,0.43851337834748233,-1.1905405447423607,1.4049900944040343,-5.3941320205449985,-0.3684169449764637
3.9833333333333334,0.42900516884929174,-1.0854564032306888,1.3577463906651541,-5.948914970269618,-0.36843495537693927
3.9916666666666667,0.42052803179127357,-0.9423417931481419,1.3057577352533603,-6.533908923996172,-0.3684582466872539
4.0,0.4134181484770897,-0.7564854428897833,1.248745370922139,-7.155878542027705,-0.368488190241988
4.008333333333333,0.4080531878339434,-0.5226461173496004,1.1863666656083722,-7.823427607544328,-0.3685265631439162
4.016666666666667,0.4048562591959079,-0.23521733415137897,1.1181992931129525,-8.547043405350873,-0.36857570422885344
4.025,0.4042965036670905,0.11103488044541224,1.043727924716087,-9.338297268898158,-0.36863872459924774
4.033333333333333,0.40687818472180165,0.5187148918224964,0.962345889846045,-10.20666649534481,-0.36871975917563593
4.041666666666667,0.4130977080685777,0.9818477792871803,0.8734047586874594,-11.150349571690251,-0.3688241587942841
4.05,0.42332219674114047,1.4721993718099413,0.776388597296367,-12.13412055456056,-0.36895813482113093
4.058333333333334,0.4375090599550636,1.9150369956781843,0.6713505543890014,-13.04871962965272,-0.3691266019569133
4.066666666666666,0.45472469829697426,2.1715991452581695,0.5596945442054111,-13.679130282174375,-0.3693275676960277
4.075,0.4727515032383844,2.090296552783006,0.4448423964706548,-13.784796651664715,-0.3695454697467103
4.083333333333333,0.48851834838313674,1.6389911526951246,0.331573073621484,-13.3151284049718,-0.3697545630885719
4.091666666666667,0.49937826626353277,0.9400831494212001,0.22398011372409968,-12.46598441861359,-0.36993461314443726
4.1,0.5039321496558121,0.14728868212906204,0.12418495655418603,-11.4766299052548,-0.370079541483871
4.108333333333333,0.5018440889459351,-0.6434450289972513,0.032695499030635546,-10.486841297216799,-0.3701926015699153
4.116666666666666,0.4933284877696259,-1.391748033903487,-0.050733099321352504,-9.545079466163529,-0.3702797931156239
4.125,0.4787981146250074,-2.086467636494806,-0.12653189868371761,-8.65422763453497,-0.37034688965320584
4.133333333333333,0.45870142017271653,-2.728239882392348,-0.19507468425377875,-7.800897337633929,-0.3703986475471136
4.141666666666667,0.4334618178373386,-3.321669620111598,-0.2566043051345658,-6.968301123062976,-0.37043885171277013
4.15,0.4034586758173174,-3.87247822232097,-0.31122709303235235,-6.140849601618572,-0.3704705568929287
4.158333333333333,0.36902210464185764,-4.386724343632559,-0.35892922632902974,-5.305351087688557,-0.37049631321092835
4.166666666666667,0.3304304812309821,-4.870792799915107,-0.399596905110828,-4.450939248265295,-0.3705183324723561
4.175,0.2879068603664605,-5.33161918686223,-0.43303375913513437,-3.5685636216751266,-0.37053859895866137
4.183333333333334,0.24161334723070202,-5.776930411508483,-0.4589734441209564,-2.650382775817033,-0.37055893738952933
4.191666666666666,0.19164383837476698,-6.215375201502167,-0.4770875125277334,-1.6892745882846985,-0.3705810487873272
4.2,0.13801667213993138,-6.656376373588582,-0.4869906992700615,-0.6787786401674649,-0.37060651929858013
4.208333333333333,0.080670852852191,-7.109327115576897,-0.4882497098677765,0.3858360484810515,-0.37063679850400916
4.216666666666667,0.01947461125769373,-7.581206959855997,-0.4804108159812124,1.503721084175364,-0.37067328699602164
4.225,-0.04573337249692079,-8.070714556575938,-0.4630818389601229,2.658559849711819,-0.3707179276888886
4.233333333333333,-0.11502897836205461,-8.55587244348776,-0.43613904304694234,3.797534344461582,-0.37077330744737913
4.241666666666666,-0.18815156843314434,-8.974456691927944,-0.40016449403877025,4.798343823631357,-0.37084159809289874
4.25,-0.2641091603411372,-9.214757488983121,-0.35712045204937404,5.455264940174919,-0.3709218819953555
4.258333333333333,-0.34091033520740044,-9.163364464734567,-0.31078112498440646,5.56531187027727,-0.3710072897575978
4.266666666666667,-0.4159680514980844,-8.805541250744,-0.26597232867342885,5.104983859841185,-0.3710869519033528
4.275,-0.4871023879415418,-8.244111568362325,-0.22676280592640108,4.262347438033579,-0.3711529835912383
4.283333333333333,-0.5531569079295301,-7.60410500607971,-0.19534576790052116,3.267895573796886,-0.3712038683411228
4.291666666666667,-0.6138404458490572,-6.963556877367078,-0.17229744864182273,2.2707331570814246,-0.37124198043866985
4.3,-0.6693037853642644,-6.353732862951346,-0.15732002620386376,1.336949070850419,-0.37127048861718603
4.308333333333334,-0.7198382757626568,-5.78042211809283,-0.14978317937931074,0.4859936725594172,-0.37129200761072556
4.316666666666666,-0.7657334578857126,-5.23918049624548,-0.14899129335062844,-0.282788732337996,-0.37130838458671434
4.325,-0.8072266164028988,-4.722665226075497,-0.1542895072902683,-0.9771657378644065,-0.3713208974038208
4.333333333333333,-0.8444927163525787,-4.223524255153758,-0.1650973992025927,-1.60674338356505,-0.3713305906397748
4.341666666666667,-0.8776489198993312,-3.735302464899661,-0.18091543307011762,-2.1811791264879146,-0.3713383879659642
4.35,-0.9067629469543078,-3.252578582796606,-0.20132297701128782,-2.7097366653264023,-0.37134510510619634
4.358333333333333,-0.9318611651829063,-2.770812786750045,-0.2259751025528016,-3.2013518324352925,-0.37135146807903263
4.366666666666666,-0.952934946406739,-2.2861026166017897,-0.25460075302501406,-3.664860682191134,-0.37135813499461856
4.375,-0.9699448958738592,-1.7949242508358376,-0.28700298248448197,-4.109255311806776,-0.3713657204315086
4.383333333333333,-0.9828229867032277,-1.2938927361754688,-0.32306124328420827,-4.543913332257186,-0.37137482291731905
4.391666666666667,-0.991472868516993,-0.7795692431233694,-0.3627353391664326,-4.978759695927333,-0.3713860567717104
4.4,-0.9957689283712119,-0.2483666144062272,-0.4060701951332651,-5.42428133048254,-0.37140008979630956
4.408333333333333,-0.9955553385674536,0.3033313332717362,-0.4531995410548737,-5.891205302537741,-0.37141768805465175
4.416666666666667,-0.9906478224567797,0.8785754145628,-0.5043441198871363,-6.389402829274455,-0.37143979814994604
4.425,-0.9808439972817813,1.4782750931628605,-0.5597947017657893,-6.925142999457402,-0.3714676917734184
4.433333333333334,-0.9659539702486609,2.097721147287538,-0.6198600745653959,-7.495099772365606,-0.3715030094847911
4.441666666666666,-0.945871819526402,2.7201171364465893,-0.6847445449936612,-8.075179344406685,-0.3715475898032607
4.45,-0.9207124528742854,3.307866468669276,-0.754311897420999,-8.605278436865214,-0.37160283632294344
4.458333333333333,-0.8910069232761159,3.799491784794849,-0.8277448441700747,-8.983243123021447,-0.3716683930257114
4.466666666666667,-0.8578420361719844,4.1288538809807775,-0.9032915619185677,-9.09660611349566,-0.3717406861977643
4.475,-0.8227288428280187,4.267475719642746,-0.9784672453994975,-8.894191184206118,-0.3718131922824815
4.483333333333333,-0.7871620006698787,4.247210475457263,-1.0507825060320695,-8.425303446932515,-0.3718793029069255
4.491666666666666,-0.7522011314431134,4.133317056230011,-1.118442671218692,-7.79517975994356,-0.37193518075164617
4.5,-0.7183675356249828,3.984707760525984,-1.180521245212961,-7.0985635498850925,-0.37198011454842206
4.508333333333333,-0.6857822641880087,3.837999033249048,-1.2367309671148303,-6.39329749719592,-0.3720152369579086
4.516666666666667,-0.6543457931168147,3.71075295043351,-1.2871278828781487,-5.706043967752287,-0.3720422974128213
4.525,-0.6238648138477363,3.6090890773031394,-1.331905657207546,-5.045136767223211,-0.37206302043756856
4.533333333333333,-0.5941220731635994,3.5333495213194728,-1.3712854868301945,-4.4100359716159545,-0.37207888365713465
4.541666666666667,-0.564909824973451,3.481277513322713,-1.4054664615376173,-3.796578680019795,-0.3720910882196245
4.55,-0.5360441578770261,3.4495802976349137,-1.4346073844070726,-3.1995375706457283,-0.372100593882679
4.558333333333334,-0.5073702981097714,3.434629800703445,-1.4588233358057587,-2.6137650693337444,-0.3721081653454426
4.566666666666666,-0.4787640468419437,3.4327416973317377,-1.4781885875489285,-2.034659232199,-0.37211441180480676
4.575,-0.45013181233374816,3.4402592930760374,-1.4927419467750427,-1.4583225153299482,-0.3721198156212067
4.583333333333333,-0.42141034763496676,3.45355266386073,-1.5024927943562973,-0.8815887274439878,-0.37212475067532297
4.591666666666667,-0.3925666529979454,3.4689858695944356,-1.5074270914770416,-0.30199661314883497,-0.37212949225008224
4.6,-0.3635981912056118,3.482877542604831,-1.5075130652533368,0.2822572968413505,-0.37213422079774805
4.608333333333333,-0.33453340627792005,3.4914693604084452,-1.5027064964176498,0.872363568388279,-0.37213905424642924
4.616666666666666,-0.30543246469788793,3.4909027569662725,-1.49295557521693,1.4689700802094123,-0.37214415325767103
4.625,-0.2763881537423482,3.477206882688329,-1.4782049992152486,2.0722840238230518,-0.3721497625260003
4.633333333333333,-0.24752680808794206,3.4463029857633605,-1.4583991958510996,2.682184088913796,-0.37215621796635723
4.641666666666667,-0.21900915067352034,3.3940199283527206,-1.4334844848987394,3.298364597849033,-0.3721639538791668
4.65,-0.19103097402221786,3.3161159312010775,-1.4034098756452498,3.920520371525748,-0.3721735109063437
4.658333333333333,-0.1638236403103803,3.2082987447067914,-1.3681261259779067,4.5485803671633,-0.3721855457643524
4.666666666666667,-0.1376544582356508,3.0662328023626926,-1.3275826215601088,5.182998795941192,-0.37220084468980674
4.675,-0.11282710747660264,2.885517631318498,-1.2817215525481092,5.825114767956597,-0.3722203438268556
4.683333333333334,-0.08968243290941431,2.6616167806672784,-1.2304687534842236,6.4775968945342255,-0.3722451615927607
4.691666666666666,-0.06860012757312786,2.3897105996341557,-1.1737203967938123,7.144999411629279,-0.3722766507194856
4.7,-0.050002073823042614,2.064439288624584,-1.1113244448710644,7.834472929152818,-0.37231648186795674
4.708333333333333,-0.03435842119598744,1.6794959165314987,-1.0430553146652406,8.556695745791604,-0.37236677774366234
4.716666666666667,-0.02219782477960902,1.227029211772226,-0.9685795642993629,9.327112343821906,-0.37243032883336435
4.725,-0.014123503112020395,0.6968502761170328,-0.8874097225527244,10.167543284123695,-0.3725109430128817
4.733333333333333,-0.01083627963086171,0.07560762062965753,-0.7988435338282683,11.108004286644546,-0.3726140156055029
4.741666666666666,-0.013162202848336116,-0.6532318065700891,-0.7018905539356469,12.187541880849938,-0.37274745692046685
4.75,-0.022067244362258258,-1.5053166061834014,-0.5952110153990386,13.4489323589359,-0.37292323276622424
4.758333333333333,-0.03858722734041079,-2.476055033039034,-0.4771800725550787,14.908746343583365,-0.373159187699266
4.766666666666667,-0.06343702700981997,-3.4763005564646927,-0.34646670042155,16.452140636947156,-0.3734775986390359
4.775,-0.0958023678456595,-4.207882830140356,-0.20397776094417755,17.62131379755386,-0.37388814892600625
4.783333333333333,-0.13153905822344336,-4.224905061171015,-0.05587434993862558,17.70161060613007,-0.3743480502284165
4.791666666666667,-0.16405984327326295,-3.485016402979078,0.08774749773087957,16.62540905880386,-0.3747679988698484
4.8,-0.18873390683985403,-2.4183852353269066,0.21995971058314326,15.085167257209742,-0.3750969096518122
4.808333333333334,-0.20440385059914754,-1.3571921262089057,0.33934320771169585,13.595050914110185,-0.37534058421610855
4.816666666666666,-0.2116779979920971,-0.4098121534189782,0.4470955389749381,12.299009909494057,-0.3755213987019954
4.825,-0.2115793127853084,0.41390948253534093,0.5448367882486504,11.18579666629396,-0.3756579661905184
4.833333333333333,-0.20508157473099686,1.1288873983657368,0.6339083614835892,10.21059767431553,-0.37576283259736
4.841666666666667,-0.1930199321183344,1.7517973205695188,0.7152785012295086,9.33116471288019,-0.37584434359482555
4.85,-0.17610289943355886,2.296135244012439,0.7896017532633306,8.514662181035483,-0.37590820814664067
4.858333333333333,-0.15494061142369406,2.77213948353697,0.8572970519397171,7.73709648157178,-0.3759584823600618
4.866666666666666,-0.13006832630715953,3.1877062267390444,0.9186137865742342,6.981458271129668,-0.37599817821007003
4.875,-0.10196204463433381,3.5492956915638,0.9736826507468608,6.236015831811638,-0.3760296332444205
4.883333333333333,-0.07104743684851703,3.862622847871856,1.0225537696275933,5.492967416969746,-0.3760547342622219
4.891666666666667,-0.03770394292720597,4.133130940479168,1.0652248918839045,4.747388356958428,-0.3760750514280053
4.9,-0.0022656868134452893,4.366290338180474,1.1016617096644907,3.996380924988172,-0.37609191676997944
4.908333333333333,0.03497953494436658,4.567769367045614,1.1318116923038886,3.238358770937779,-0.3761064681416642
4.916666666666667,0.07379230351696753,4.743519420080775,1.155612364026988,2.4724237950016286,-0.3761196722932777
4.925,0.11398410972256921,4.899811085689111,1.1729946856560576,1.6978112216649244,-0.3761323360687556
4.933333333333334,0.15542009249606722,5.043252226235038,1.183882043994177,0.9133884714355957,-0.376145111468587
4.941666666666666,0.19802193935225562,5.180812120410001,1.1881852556931705,0.11719859665251361,-0.37615849766771936
4.95,0.24177106433245021,5.319864058718014,1.1857939507575614,-0.6939474472972619,-0.3761728509897745
4.958333333333333,0.2867121770277611,5.468234150724943,1.1765649328503482,-1.5247864799231536,-0.3761885643921957
4.966666666666667,0.33295724350647826,5.634237817253737,1.1603081650940719,-2.3818490542393342,-0.37620634670227904
4.975,0.3806892522749168,5.826557539648659,1.1367718481983693,-3.2733579407509614,-0.37622733555460264
4.983333333333333,0.43016318331797937,6.053606108669076,1.1056316594966715,-4.208189585557506,-0.37625321608166246
4.991666666666666,0.48169678764486823,6.321501101932601,1.0664970831022955,-5.1924467269601635,-0.376286370776844
5.0,0.5356323158141456,6.628650773769685,1.0189670196967493,-6.220267774403864,-0.3763299843679082
5.008333333333333,0.5922268412924235,6.953329221031299,0.9628066301992432,-7.252729290698297,-0.3763878082804051
5.016666666666667,0.6513995591091338,7.23213514037961,0.8983670359021175,-8.181277439093181,-0.376462813966423
5.025,0.7123065348202281,7.346164887895655,0.8272972716879476,-8.804498083669225,-0.3765537791259892
5.033333333333333,0.773019034235926,7.170365564165532,0.7530749282559062,-8.913083524966904,-0.3766515468532562
5.041666666666667,0.8309522490979168,6.6900027472494425,0.6802500207071446,-8.489056341371109,-0.37674177369761486
5.05,0.8839976857615829,6.0221748717749675,0.6124924438825372,-7.740723441284399,-0.37681447573342075
5.058333333333334,0.9311811051475626,5.301390831067783,0.5514710661231742,-6.904460870874217,-0.3768682107577157
5.066666666666666,0.9724258176952996,4.604674748107884,0.4972773653127258,-6.115866442223833,-0.37690637610215894
5.075,1.0080684432999854,3.9585828079808065,0.44927213951062106,-5.422330979725484,-0.3769331676051505
5.083333333333333,1.0385487050665863,3.3649824606467025,0.40662898866380404,-4.827767555847758,-0.3769519978377823
5.091666666666667,1.0642786352160767,2.8171156596398093,0.36856669784176577,-4.320466286501306,-0.37696531012771733
5.1,1.0856040585066185,2.3065113546771396,0.33442141616639715,-3.885125649831293,-0.3769747865717696
5.108333333333333,1.1028022573047334,1.8253880998236376,0.3036556021371933,-3.5070881082719922,-0.376981579236028
5.116666666666666,1.1160909443736915,1.367257989509222,0.2758467506080236,-3.1734623485101374,-0.37698648306813193
5.125,1.1256391616425758,0.9269008544468696,0.25067216016474564,-2.87315182354187,-0.3769900520823439
5.133333333333333,1.1315770266414151,0.5001555655397555,0.22789509843259628,-2.5965638352279115,-0.37699267496688554
5.141666666666667,1.1340035716953814,0.08368466305131544,0.2073536866484905,-2.3352719257571564,-0.3769946241254198
5.15,1.1329926920653517,-0.3252405462767545,0.18895246987399722,-2.0817152548504794,-0.37699608878972796
5.158333333333333,1.1285974304348692,-0.7289249215021869,0.17265626721088484,-1.8289515764139679,-0.3769972168074559
5.166666666666667,1.1208527989501138,-1.1294179618662716,0.15848590606390428,-1.5704490708605072,-0.376998159285449
5.175,1.1097772522355518,-1.5286690508539884,0.14651556529440513,-1.2999069857042058,-0.37699908348259137
5.183333333333334,1.0953728939996357,-1.9286785405874645,0.13687154786184547,-1.0110883365554206,-0.3770001795586057
5.191666666666666,1.0776243991031502,-2.3316567182198935,0.12973246693346158,-0.6976448007090384,-0.37700166712537764
5.2,1.0564965401896487,-2.740201678955958,0.12533099241752702,-0.3529138039843337,-0.37700380199723305
5.208333333333333,1.0319301107136432,-3.1575085348630823,0.12395748132352637,0.030334652253351104,-0.37700688341132294
5.216666666666667,1.0038359282054214,-3.5876228023074503,0.12596600377651876,0.4602220051150716,-0.3770112654979231
5.225,0.972086503252175,-4.035750029558286,0.1317834139254329,0.9461740286199102,-0.37701740626210056
5.233333333333333,0.9365048420159953,-4.5086332131210165,0.1419223604361545,1.4994507542406679,-0.3770259507400114
5.241666666666666,0.8968499320722912,-5.014958815457532,0.1569989400422605,2.1337060191176556,-0.37703783941304314
5.25,0.8527991971235798,-5.565631944021146,0.17775427561171833,2.865287176227284,-0.3770544820953987
5.258333333333333,0.8039308536792548,-6.173374716797794,0.2050745831145818,3.7123089535678893,-0.3770780354410086
5.266666666666667,0.7497174910581409,-6.84999761510693,0.23998957645454955,4.689621731903464,-0.37711181402251753
5.275,0.6895659875364077,-7.596900225251597,0.2835877647431511,5.791987539718624,-0.3771607521221112
5.283333333333333,0.6229953872561177,-8.379590034188281,0.33668983006725717,6.94964744472363,-0.377231312200255
5.291666666666667,0.5501193130596491,-9.081629827336409,0.3989937854307155,7.948786756831033,-0.3773288265716995
5.3,0.4724456516797421,-9.49326322522001,0.4676775204609976,8.413404873665963,-0.3774498397264736
5.308333333333334,0.3931521219776602,-9.463353649060236,0.5369295918436767,8.071761143368908,-0.3775762460879129
5.316666666666666,0.31571815202074993,-9.079420524999128,0.6003571553305446,7.071749281605433,-0.3776867256658447
5.325,0.24222188702038114,-8.550652291655704,0.6539946010677665,5.77928105577468,-0.3777727090904339
5.333333333333333,0.173206818975358,-8.018886464696733,0.6965878157861387,4.448759349163605,-0.37783702230734356
5.341666666666667,0.10843332027960165,-7.536241231782958,0.7283235252088671,3.1816177866589843,-0.37788568993142313
5.35,0.04744880340357853,-7.108560948842309,0.7498546827824503,2.0000316574553043,-0.37792386320306776
5.358333333333333,-0.01016655824772605,-6.7253744694787345,0.7618795078600175,0.8982461950637912,-0.377955063668186
5.366666666666666,-0.0647246805916436,-6.37241972778451,0.7650131516511383,-0.1359264092468321,-0.37798144425140845
5.375,-0.11641893801698668,-6.035858877293257,0.7597697457495294,-1.1139666622639386,-0.37800422257554067
5.383333333333333,-0.16533358510087964,-5.703405973548771,0.7465775642014199,-2.044944948494715,-0.3780243675027002
5.391666666666667,-0.21145742210499058,-5.364421045729891,0.7257987386238886,-2.9357684938442525,-0.37804297109326107
5.4,-0.25469690073660467,-5.009745392205659,0.6977443269723979,-3.791928456648396,-0.3780612536369726
5.408333333333333,-0.29488754706055664,-4.631476108980648,0.6626825000822528,-4.6183751733094605,-0.37808055847021305
5.416666666666667,-0.33180341059932056,-4.2227180200718175,0.6208393436397599,-5.4204056060316494,-0.3781023586039037
5.425,-0.36516430244567316,-3.777296169091396,0.572392312339362,-6.204540102748902,-0.3781282803957092
5.433333333333334,-0.39464035831942024,-3.2893954838761177,0.5174563629139267,-6.979408126473984,-0.37816015397002306
5.441666666666666,-0.4198531824578799,-2.753096220355061,0.45606253375464073,-7.75668282816007,-0.3782001050810636
5.45,-0.4403726334890316,-2.161794061972931,0.3881283912399219,-8.552102277257864,-0.3782507104127838
5.458333333333333,-0.4557084476071399,-1.50756109263952,0.313419667333666,-9.386542228460945,-0.37831524967722074
5.466666666666667,-0.4652970967132424,-0.780721497644943,0.23150373918248818,-10.286789220095947,-0.37839810277663855
5.475,-0.4684889104997315,0.029390552345865035,0.14170223668454104,-11.284555238511615,-0.37850534435138605
5.483333333333333,-0.46455582792947836,0.9293996220364662,0.043074246113270966,-12.40874453550204,-0.3786455328856685
5.491666666666666,-0.452786121589073,1.9038576274911332,-0.06546245518534735,-13.65633750547083,-0.3788304520038771
5.5,-0.4328418677239217,2.867117786228944,-0.18457751143210316,-14.912115988265674,-0.3790732032338399
5.508333333333333,-0.40564871848728273,3.5928975848557823,-0.3130704551513384,-15.826650751894093,-0.37937676768238354
5.516666666666667,-0.3744797471696784,3.7816737866828567,-0.44602395105789133,-15.918070961233619,-0.3797128341244045
5.525,-0.34426247746674465,3.3925029115434353,-0.5758362614013917,-15.117937716604423,-0.38002657224310477
5.533333333333333,-0.31876759140252503,2.7023943929690026,-0.6967609313653975,-13.871340474055774,-0.3802815773236242
5.541666666666667,-0.2993231939231295,1.9704607998279642,-0.8069391630332453,-12.584485978757865,-0.3804758272497357
5.55,-0.28572438910727277,1.308593527824402,-0.9068528493269595,-11.41949570642615,-0.38062196984528596
5.558333333333334,-0.27724473671937044,0.7425454417766469,-0.9976746795103048,-10.401076506559583,-0.38073291749347177
5.566666666666666,-0.27309410573999077,0.2679486431015994,-1.0805572568574657,-9.509630956979615,-0.38081829606049983
5.575,-0.2725565949012429,-0.12658590514250462,-1.1564459505362816,-8.718194738933532,-0.38088476107724833
5.583333333333333,-0.27501288236477606,-0.45229976498918484,-1.2260720024041352,-8.003077628479314,-0.38093690026500565
5.591666666666667,-0.27993017736698694,-0.7186437754087908,-1.2899906548695155,-7.34574350076007,-0.38097796014280644
5.6,-0.28684675636665957,-0.9332723568554542,-1.3486225863864432,-6.732279665469988,-0.38101030792421936
5.608333333333333,-0.29535846165439955,-1.1024147350929838,-1.4022884113831275,-6.152421218606208,-0.3810357183655193
5.616666666666666,-0.30510845939726555,-1.231257548660986,-1.4512352386727296,-5.598657762790065,-0.3810555582338404
5.625,-0.3157798830879291,-1.3242498521959412,-1.4956565400223694,-5.065523654699512,-0.3810709060852255
5.633333333333333,-0.32709066324225416,-1.3853245196156796,-1.5357068319988212,-4.549057363854485,-0.38108263104878715
5.641666666666667,-0.3387899044966561,-1.4180512132258063,-1.5715124306474104,-4.046393475532313,-0.38109144537411377
5.65,-0.3506553139780444,-1.4257384910746937,-1.6031792406957397,-3.5554540778185126,-0.3810979399761048
5.658333333333333,-0.3624913218674694,-1.411500040137406,-1.6307982964112273,-3.0747141920008425,-0.38110260883944513
5.666666666666667,-0.37412764589193476,-1.3782966555388172,-1.6544495907379408,-2.6030229733126777,-0.38110586606344854
5.675,-0.3854181354424155,-1.328962590414925,-1.6742045999783093,-2.139467598364362,-0.3811080580159511
5.683333333333334,-0.3962397924469518,-1.2662224927728467,-1.690127817955085,-1.683270283686141,-0.3811094722176712
5.691666666666666,-0.4064919098192826,-1.1927032822741408,-1.702277544302536,-1.233711196902245,-0.3811103440179861
5.7,-0.4160952984175652,-1.1109439092376385,-1.710706117936226,-0.7900715273845118,-0.3811108617454329
5.708333333333333,-0.42499159339079484,-1.02340489492636,-1.7154597433623129,-0.3515919683607233,-0.38111117075903367
5.716666666666667,-0.4331426433247938,-0.9324788047540128,-1.7165780208468295,0.08255746103107009,-0.38111137665401174
5.725,-0.4405299914402031,-0.8405016974709519,-1.7140932706295395,0.5132954637931272,-0.38111155358796084
5.733333333333333,-0.4471544561965502,-0.7497661515085279,-1.708029751688651,0.9416418454797771,-0.3811117834926734
5.741666666666666,-0.4530358380869384,-0.6625382042294227,-1.6984027119967278,1.3687431295255466,-0.3811121807131545
5.75,-0.4582127734671112,-0.5810756548044604,-1.6852172484273498,1.7958924436189752,-0.3811128931921219
5.758333333333333,-0.4627427505182763,-0.5076488545969493,-1.668466992243378,2.2245528774615515,-0.38111410370624993
5.766666666666667,-0.466702311397316,-0.4445647155925915,-1.64813256821286,2.6563890218343227,-0.3811160326803468
5.775,-0.4701874707066773,-0.3941947911120811,-1.6241797444674104,3.0933102866394946,-0.3811189429290814
5.783333333333333,-0.47331438907597734,-0.3590086603230302,-1.5965571583294105,3.537530077774733,-0.38112314683495163
5.791666666666667,-0.47622035253389583,-0.3416142300853611,-1.5651934669064484,3.9916455056429268,-0.38112901671930266
5.8,-0.4790651229654789,-0.3448068028007057,-1.5299937299459057,4.458742828363906,-0.38113699954246405
5.808333333333334,-0.4820327397403257,-0.3716284723174384,-1.490834788536833,4.942533795795698,-0.3811476376410032
5.816666666666666,-0.48533385998113815,-0.4254376952531943,-1.4475593661346746,5.447526132096551,-0.38116159806067385
5.825,-0.4892087052800426,-0.509983574627499,-1.3999686156255398,5.979224244790385,-0.38117971427754294
5.833333333333333,-0.4939305875314469,-0.629465313937157,-1.3478129404470571,6.544335653996954,-0.38120304578538355
5.841666666666667,-0.4998096988008482,-0.7885221135317255,-1.2907813127360666,7.1509044739267,-0.3812329629819275
5.85,-0.5071960892799754,-0.9920132731297884,-1.2284904503294574,7.808156918119374,-0.3812712658369712
5.858333333333333,-0.5164788619439835,-1.2442454864977934,-1.1604781913858202,8.525511683725512,-0.38132034046967533
5.866666666666666,-0.5280740898256654,-1.546846010147938,-1.0862127411064757,9.309440484477964,-0.3813833333588958
5.875,-0.5423838546703896,-1.8935702940892245,-1.0051462724314308,10.155303523751732,-0.3814642366059817
5.883333333333333,-0.5596895195267558,-2.259185388983865,-0.9168742333630147,11.029216687953237,-0.38156753559403805
5.891666666666667,-0.5799209916277297,-2.581231903355384,-0.8215001025424146,11.837434217731083,-0.38169659655124144
5.9,-0.6022819571388637,-2.7484485814835917,-0.7202473583096903,12.40544804345999,-0.3818498433050151
5.908333333333333,-0.6249513298504846,-2.6390675097584255,-0.6159639811822476,12.538891347109473,-0.38201640370592466
5.916666666666667,-0.6453878537905894,-2.21818001088409,-0.5126462491833768,12.183115902794734,-0.3821780976508361
5.925,-0.6612964762630767,-1.5735871848075402,-0.413877899853001,11.481270127811909,-0.3823196572674601
5.933333333333334,-0.6713465401518715,-0.8309505334703344,-0.32169047900574926,10.633006864930508,-0.3824354642417205
5.941666666666666,-0.6751185180704897,-0.07691615781193721,-0.23669685188059642,9.76915388913251,-0.3825271448806475
5.95,-0.6727107611187568,0.6483734472501222,-0.15876396384143776,8.942506719187726,-0.3825988243771056
5.958333333333333,-0.6644288022036778,1.3320873121930925,-0.0875264871217027,8.161600847939358,-0.3826546514610598
5.966666666666667,-0.6506274820018062,1.973385016735166,-0.02263655580979866,7.416808444871373,-0.3826981598535058
5.975,-0.6316472618752097,2.575761623620058,0.03614577031607379,6.693184552487219,-0.3827322160539592
5.983333333333333,-0.6077930422711402,3.1439735335941146,0.08893316611698691,5.9756080241198335,-0.3827591604558406
5.991666666666666,-0.5793285933744475,3.6830699850182262,0.13571802131773802,5.250454450787242,-0.3827809701485609
6.0,-0.5464749141165889,4.198285602418097,0.17638661354190896,4.505865827268352,-0.3827993913324198
6.008333333333333,-0.5094079236042108,4.695252122607939,0.21073292338263758,3.7314816639884203,-0.38281603541874554
6.016666666666667,-0.4682539100457686,5.180300439682178,0.2384692631079958,2.9179794889470605,-0.3828324445460243
6.025,-0.4230824945737541,5.660739205651186,0.25923289828860085,2.0565979736018467,-0.382850133125719
6.033333333333333,-0.3738977368101676,6.144998426285899,0.2725892456215358,1.1388348955529368,-0.3828706093116294
6.041666666666667,-0.32062931700959146,6.642411178445735,0.2780345723927951,0.15673157152278583,-0.38289537475372803
6.05,-0.2631288068027932,7.1620664933293146,0.27500667710174853,-0.8952378046011598,-0.382925912046729
6.058333333333334,-0.20118376117500142,7.709354546271846,0.2629258006572311,-2.014238879924822,-0.3829640061296532
6.066666666666666,-0.13457905884842994,8.277479243717613,0.24131671386013157,-3.1745046087035216,-0.3830122717054695
6.075,-0.06326388259414521,8.830049638089895,0.21011189223636834,-4.297555647641896,-0.3830738532284487
6.083333333333333,0.012303326133607274,9.278007102806914,0.17025697462793152,-5.213441079407233,-0.3831506458833994
6.091666666666667,0.09069766907723019,9.485228114155413,0.1244939698452291,-5.6733617014528654,-0.38323962375858
6.1,0.16943959372447626,9.35558712452136,0.07747368493941102,-5.504891553402382,-0.38333074530945044
6.108333333333333,0.24579698431702426,8.931598971103499,0.0342928494802999,-4.785685530130239,-0.3834121745283462
6.116666666666666,0.3178630858607146,8.34934837593053,-0.0014514437054435679,-3.763568712427972,-0.38347794849759426
6.125,0.3848418281440246,7.724989799415755,-0.028204236353922676,-2.655225774209624,-0.38352859284524954
6.133333333333333,0.4466602064266323,7.116322232194946,-0.0457924856296837,-1.5759231229342967,-0.3835672813155686
6.141666666666667,0.5035405279971159,6.540681436361301,-0.0546733018157687,-0.5688756023522681,-0.38359715567378755
6.15,0.5557605005738931,5.99687344654688,-0.05549994803081309,0.35713431494405246,-0.38362051921857193
6.158333333333333,0.6035559958072915,5.477366732325222,-0.048934114715063357,1.2065622143734869,-0.3836389510838186
6.166666666666667,0.6470932490510575,4.973476348228303,-0.03557953376484991,1.9879862672580395,-0.3836537954746101
6.175,0.686468283773999,4.47719165367852,-0.015963681599985707,2.710843181397803,-0.38366631594330236
6.183333333333334,0.7217150718349166,3.9816502768880238,0.009464530633679365,3.384500238628473,-0.383677693717782
6.191666666666666,0.7528150784969566,3.481081717866799,0.040333746750380074,4.018236455442868,-0.3836890408651544
6.2,0.7797054068685928,2.9705616732213556,0.07635051822605336,4.621527841283824,-0.3837014245755433
6.208333333333333,0.8022846166860171,2.4457138694473017,0.1173023993326609,5.204395914957544,-0.3837159010793773
6.216666666666667,0.8204160809329294,1.9024269328252061,0.1630638165096504,5.777710610319252,-0.3837335605977583
6.225,0.8339292719810321,1.3366552638223668,0.21360394101775093,6.353346634615348,-0.3837555859688422
6.233333333333333,0.8426201619807909,0.744437628163862,0.26899461262688285,6.943989104058712,-0.38378332708997565
6.241666666666666,0.8462536370759852,0.12243422660421814,0.3294136532305928,7.562102555847314,-0.38381838829612913
6.25,0.8445746516913717,-0.5303578614811587,0.395132595632768,8.216960114195805,-0.3838627118668816
6.258333333333333,0.8373428318350677,-1.2084159825252214,0.4664643403923378,8.9075182677558,-0.38391866667510793
6.266666666666667,0.8244185216459899,-1.8912582566275937,0.5436231201619548,9.607990392942273,-0.38398891815290737
6.275,0.8059382189565076,-2.5309689866615375,0.6264303804584922,10.246146923488595,-0.384075449390862
6.283333333333333,0.7825794882326003,-3.046526464197901,0.7138610128257,10.692279383068517,-0.38417734221861677
6.291666666666667,0.7557535084367479,-3.3514906468452574,0.8036967143353666,10.803942579669416,-0.384288324540938
6.3,0.7273961757474118,-3.4167142512155424,0.8928427404069879,10.530649236875986,-0.38439759453809985
6.308333333333334,0.6993250287574391,-3.297078476527008,0.9783751913836269,9.959616389771057,-0.38449515389501776
6.316666666666666,0.6727044237153577,-3.083164849849136,1.0584165948711077,9.236056615875615,-0.3845761881699451
6.325,0.6479980989830368,-2.8467906862304977,1.1322060563669032,8.4733458865707,-0.38464069827343794
6.333333333333333,0.6252088699907588,-2.6273055803634073,1.1996998583616822,7.731299879905616,-0.3846909911953802
6.341666666666667,0.6041166381618783,-2.440927790076486,1.2611824947862098,7.032374106480769,-0.3847298422333655
6.35,0.5844230102564967,-2.2917269557499136,1.3170362162399227,6.380052755647921,-0.3847597255397686
6.358333333333333,0.5658213920435049,-2.1783924399885195,1.3676341735530775,5.769946897277971,-0.3847826347668898
6.366666666666666,0.5480260684807399,-2.097587454730062,1.4133000967847082,5.195154008946896,-0.3848001222076496
6.375,0.5307820279606968,-2.0454318261673445,1.4542982773443258,4.648537087148671,-0.38481339006085297
6.383333333333333,0.5138666261471307,-2.01809315486566,1.4908357820178324,4.123573555622908,-0.38482337709471565
6.391666666666667,0.49708820375913715,-2.0119814980418314,1.5230688199409832,3.6145925820230755,-0.38483082695480686
6.4,0.4802838806319347,-2.023777073080606,1.5511099219053583,3.1167720234819716,-0.3848363382749846
6.408333333333333,0.4633174342169556,-2.0503930828302095,1.5750346909523825,2.6260550830678033,-0.38484040011919324
6.416666666666667,0.4460775935002777,-2.088917763696043,1.5948877701573416,2.1390522403435064,-0.38484341633635744
6.425,0.4284768336193571,-2.136554016666803,1.610688024334544,1.6529527997209947,-0.38484572166566317
6.433333333333334,0.41045065650387963,-2.190563815963013,1.6224330514302017,1.1654527810073467,-0.38484759166611376
6.441666666666666,0.3919573052126636,-2.2482199325900067,1.6301031602875402,0.6746985246403336,-0.38484924795693204
6.45,0.3729778472099153,-2.3067657200601506,1.6336649319789092,0.17924241338074048,-0.3848508598563789
6.458333333333333,0.35351655832226664,-2.363383266206091,1.633074447600754,-0.32199308884418465,-0.38485254403623126
6.466666666666667,0.33360153234831397,-2.4151711955517694,1.628280268563572,-0.829738839131529,-0.38485439130989096
6.475,0.3132854460082894,-2.4591287782106925,1.619226177134184,-1.3444205238401605,-0.3848565313120485
6.483333333333333,0.29264642704245347,-2.492148031819026,1.6058534887224483,-1.8662134175025478,-0.38485915143629323
6.491666666666666,0.27178894914350665,-2.51101464664555,1.5881028955819223,-2.395103447770304,-0.3848625014027939
6.5,0.250844691544181,-2.512415228201966,1.5659157235411096,-2.930968063666082,-0.38486689813623776
6.508333333333333,0.2299733198993361,-2.4929484279829803,1.539234412338867,-3.473682636438879,-0.38487273123353355
6.516666666666667,0.20936317128977336,-2.4491360125568837,1.5080019831126443,-4.023258127808065,-0.38488046955963284
6.5249999999999995,0.18923186712760562,-2.3774279109550926,1.472160206829402,-4.580016328395444,-0.3848906699768223
6.533333333333333,0.1698269375631826,-2.2741927505928956,1.4316461298830236,-5.144810365311061,-0.38490398985837493
6.541666666666667,0.1514266243859477,-2.135682241080167,1.3863865381831002,-5.719301078079216,-0.3849212059400745
6.55,0.13434114229059996,-1.9579537960019189,1.3362898324290844,-6.306305249817765,-0.38494324336963837
6.558333333333334,0.11891482883430796,-1.7367306702792409,1.2812346188676456,-6.9102408858411986,-0.3849712208088293
6.566666666666666,0.10552981253448535,-1.467172277811029,1.2210540534196783,-7.537709302729545,-0.38500652066139873
6.575,0.0946120888079373,-1.143519458250859,1.1555145630057226,-8.198274641828482,-0.3850508989320375
6.583333333333333,0.08664121590063223,-0.7585735038888691,1.0842869621695859,-8.905525227028415,-0.3851066586640147
6.591666666666667,0.08216516325516407,-0.3029787245289424,1.0069072274290158,-9.678506720423796,-0.38517692744497173
6.6,0.08182183231747547,0.23563588176111935,0.9227237279754663,-10.543514887504662,-0.3852661077503138
6.608333333333333,0.08636708914492196,0.8732235287436719,0.8308295683646918,-11.535680139639895,-0.3853806405760411
6.616666666666666,0.09670093502107799,1.6277686862567171,0.7299907301627596,-12.697542584144463,-0.385530333664471
6.625,0.1138519019995135,2.508906345343525,0.6186309985665212,-14.063708972746443,-0.3857301749872828
6.633333333333333,0.13877352195737747,3.477865326857029,0.495110949372662,-15.59653577220003,-0.38600111571665735
6.641666666666667,0.17155253090917486,4.341976684156116,0.3589746737900844,-17.009917044733264,-0.38636209772051366
6.6499999999999995,0.20965610536285406,4.674705551676464,0.21383920328292774,-17.625511018463655,-0.38679792799061724
6.658333333333333,0.24711887263707918,4.189189956859754,0.06883991017974371,-16.979222549137003,-0.38723218319954733
6.666666666666667,0.27801665060774655,3.180620548407997,-0.06697028643672581,-15.552035566215942,-0.38758978926695953
6.675,0.29988307065945485,2.0734929275503595,-0.1901139219020103,-14.01932325550705,-0.3878574812487681
6.683333333333334,0.3128354990983072,1.0554087421788114,-0.3011200562771522,-12.65688643475777,-0.388054906082445
6.691666666666666,0.31782334210476787,0.16210980768632063,-0.4016218995378607,-11.494168956458473,-0.38820288920718415
6.7,0.3158547657645896,-0.6170527748948168,-0.4931330031279906,-10.491050604592818,-0.388316028952802
6.708333333333333,0.3078063031575566,-1.2999207915538054,-0.5767862874735441,-9.601128108518868,-0.38840383702773745
6.716666666666667,0.2944141299884271,-1.9017623100387258,-0.6533597220825218,-8.786380224596694,-0.3884726875358806
6.725,0.2763030716543387,-2.4340950273612743,-0.7233548551846519,-8.018295556427034,-0.3885270183590273
6.733333333333333,0.2540149605082405,-2.905495850277199,-0.7870695702410158,-7.276180650553882,-0.38857005964048796
6.741666666666666,0.22802877809487915,-3.3226328884536773,-0.844655392685395,-6.545324080392728,-0.3886042777333796
6.75,0.19877286019838122,-3.691114786579515,-0.8961609128653181,-5.815517514300382,-0.38863164449060433
6.758333333333333,0.1666309973555115,-4.016108944893488,-0.9415643564984425,-5.0799140148529105,-0.3886537997607675
6.766666666666667,0.13194423779804446,-4.30276221363401,-0.980797680074174,-4.3341184824416485,-0.38867214732673483
6.7749999999999995,0.09500984724730742,-4.556470190463308,-1.0137637341396222,-3.5754212705745267,-0.3886879087013829
6.783333333333333,0.056078501518818075,-4.783039037797006,-1.0403474234531749,-2.802116318150982,-0.38870215037613576
6.791666666666667,0.015350438080137599,-4.988779901156501,-1.0604214097557425,-2.0128688855170567,-0.38871579498044173
6.8,-0.027029026688634248,-5.180572528953822,-1.0738466773338933,-1.2061121724371773,-0.38872962340910777
6.808333333333334,-0.07097449705551453,-5.3659306959691255,-1.0804681412812633,-0.3794590052136398,-0.38874427223642954
6.816666666666666,-0.11646614288362205,-5.553094707829049,-1.0801053852633304,0.4708780152818577,-0.3887602301502846
6.825,-0.16355624084120346,-5.751151328272698,-1.0725387329243607,1.3506156842715282,-0.388777953948512
6.833333333333333,-0.2123767893621336,-5.97016774765464,-1.0574911214201153,2.267885188754933,-0.3887982348572545
6.841666666666667,-0.2631479362954868,-6.221209438564475,-1.0346066988487022,3.2334464139605985,-0.38882241618258384
6.85,-0.31618472976467593,-6.51581047769515,-1.0034311678918761,4.259875058809306,-0.3888525881777255
6.858333333333333,-0.37189358532021394,-6.863733053396366,-0.963409155597497,5.357779602265202,-0.3888918554618268
6.866666666666666,-0.43073353751875343,-7.266018933203621,-0.9139414235867082,6.5239714468306005,-0.38894459161905537
6.875,-0.493079476083653,-7.6971116358478895,-0.854609010058571,7.71101602649441,-0.3890162314014507
6.883333333333333,-0.5588686202922607,-8.070976319597726,-0.7857664181476736,8.769585364379553,-0.3891112226939314
6.891666666666667,-0.6269724495717877,-8.220064630189253,-0.7096004022649869,9.413202010876233,-0.38922724463268676
6.8999999999999995,-0.6947853431297035,-7.9861649043347125,-0.630808792536803,9.375148804570125,-0.3893493615881276
6.908333333333333,-0.7590708062345065,-7.396736806271837,-0.5551162989078537,8.710893703245862,-0.38945695428241556
6.916666666666667,-0.8175936604841183,-6.636126619478391,-0.486453860442796,7.745964016797992,-0.38953921682552667
6.925,-0.8696428538365691,-5.8613924229428145,-0.42606723513449357,6.757165987935619,-0.3895974495255502
6.933333333333334,-0.9154397390098467,-5.141142496748767,-0.3735514941892172,5.867162638612988,-0.38963752654343997
6.941666666666666,-0.9555211709945335,-4.489624978720121,-0.3279271382489873,5.103534673559367,-0.38966499082594963
6.95,-0.9904404359886606,-3.900480292042986,-0.288166057354608,4.457203567133186,-0.38968388023671857
6.958333333333333,-1.0206708788369259,-3.3623770801877435,-0.25336629924942905,3.909575944997334,-0.38969692258187266
6.966666666666667,-1.0465913991352234,-2.8644235599011822,-0.22278426408472068,3.4420291728623438,-0.3897059362736656
6.975,-1.068497454354743,-2.397559983890571,-0.1958217423842273,3.038439953890507,-0.38971214596183196
6.983333333333333,-1.0866170314733228,-1.954617111442683,-0.1720034228466799,2.685389645347058,-0.38971639170886657
6.991666666666666,-1.1011252324927552,-1.530012791649672,-0.15095599391083567,2.3717287757153263,-0.3897192611128787
7.0,-1.1121560350476083,-1.1194039294263987,-0.1323914340694379,2.0880538897200243,-0.3897211721461666
7.008333333333333,-1.119811310084499,-0.7193821414550878,-0.11609441790109598,1.826253845037174,-0.3897224255202118
7.016666666666667,-1.1241675426546918,-0.3272263804691757,-0.10191310203070907,1.579152024787677,-0.3897232382558987
7.0249999999999995,-1.1252807012539205,0.059296114362974356,-0.08975253120417181,1.3402320527499252,-0.3897237655378678
7.033333333333333,-1.1231896071952703,0.44209244965907346,-0.07957005253000325,1.1034269062731739,-0.3897241187471524
7.041666666666667,-1.1179180593232627,0.8228833922876599,-0.07137229307329143,0.8629504440206033,-0.38972440058022684
7.05,-1.1094758324952656,1.2033352825453658,-0.06521344590685191,0.613149528359382,-0.3897247288863084
7.058333333333334,-1.0978586002157626,1.5851876081494705,-0.06119474229036149,0.34836465719682236,-0.389725241714246
7.066666666666666,-1.0830467733118787,1.9703874602227711,-0.059465112347724676,0.06278104496557815,-0.38972610113710293
7.075,-1.0650031532082818,2.361241239709309,-0.060223188374075434,-0.24974739131793416,-0.38972749758515846
7.083333333333333,-1.0436692139488557,2.7605941791745185,-0.06372093991600007,-0.595917426821894,-0.3897296647609235
7.091666666666667,-1.018959713300831,3.172055076624745,-0.07026944529144166,-0.9832766807137315,-0.3897329110191124
7.1,-0.9907551862277176,3.600282261317816,-0.0802475858133607,-1.4206273623766499,-0.3897376557915721
7.108333333333333,-0.958891740521461,4.05134794482858,-0.09411462171462677,-1.9185589066121331,-0.3897444851047821
7.116666666666666,-0.9231474568763534,4.533187277438393,-0.11242778753892531,-2.490116100947157,-0.38975424157199234
7.125,-0.8832248280616087,5.056082104779153,-0.13586575442032467,-3.1515060843898652,-0.38976817161887206
7.133333333333333,-0.8387297418673786,5.632934770143704,-0.16525684859401357,-3.922405325286383,-0.3897881668015709
7.141666666666667,-0.7891516490698598,6.278470916345542,-0.20160360892242266,-4.824357267507768,-0.38981714988244043
7.1499999999999995,-0.7338629946357574,7.004702195458208,-0.24607187326965824,-5.872631208200744,-0.3898596307752172
7.158333333333333,-0.672194599371962,7.805473692188622,-0.29984585502896555,-7.049168464949189,-0.3899222131526301
7.166666666666667,-0.6037304730320592,8.617031796057207,-0.36360140255531,-8.234211453925825,-0.3900128049436184
7.175,-0.5290297651837803,9.262195395964035,-0.4362412861278126,-9.110208654852606,-0.3901351098570874
7.183333333333334,-0.4505203556031658,9.496712472622495,-0.5133423676248796,-9.24371064045693,-0.39027756195036545
7.191666666666666,-0.3720926152212024,9.259050374647632,-0.5878710460072888,-8.520416151296834,-0.3904135402512132
7.2,-0.29695889726939095,8.748668152249602,-0.6539241273021185,-7.283330893864819,-0.3905232085662306
7.208333333333333,-0.22642925774358819,8.180618118611418,-0.7088982414715184,-5.908448277846161,-0.3906043575212565
7.216666666666667,-0.16048616792146672,7.656507828010978,-0.7525375054798911,-4.579363028638305,-0.39066348713584187
7.225,-0.09863024971369228,7.200094226433831,-0.785493295070143,-3.3467877345877644,-0.39070764220150217
7.233333333333333,-0.04031453768609358,6.804683566288582,-0.8085831806203462,-2.209566724073571,-0.3907420280239863
7.241666666666666,0.014909325563363487,6.455421301868757,-0.8225431724990818,-1.1529185290288817,-0.3907700432606161
7.25,0.06736122965975938,6.136966633546448,-0.8279796364743717,-0.1615936782372912,-0.390793758646816
7.258333333333333,0.11723933701531558,5.835581669073289,-0.8253835273320571,0.7766507061562044,-0.390814337540576
7.266666666666667,0.16463531341158924,5.539433462638897,-0.8151578522577118,1.670747216301011,-0.39083256109163156
7.2749999999999995,0.20954950198061897,5.238391669200291,-0.7976425938993401,2.5270403404320674,-0.39084928875097474
7.283333333333333,0.2519039919800218,4.923764247996801,-0.7731325082564289,3.350188366746807,-0.39086550269375775
7.291666666666667,0.29155361504264216,4.588065267298021,-0.7418875116807733,4.144036398091393,-0.39088229740235214
7.3,0.328295113391701,4.224804407144949,-0.7041359809027626,4.912442564915507,-0.3909008768026827
7.308333333333334,0.36187453613744586,3.8282658233739566,-0.6600713513514562,5.660063249863796,-0.3909225622363682
7.316666666666666,0.3919926110362148,3.3932366801250606,-0.6098422576329212,6.393123324466813,-0.3909488177909551
7.325,0.41830750648041737,2.914645887506023,-0.5535361796617332,7.120212877944237,-0.39098130276219945
7.333333333333333,0.4404340818604403,2.387077109958575,-0.49115614052144635,7.8531692899881405,-0.39102196556746294
7.341666666666667,0.45793846205315347,1.8041313527011877,-0.42258945440566675,8.608114323285585,-0.39107320106623616
7.35,0.47032670579876346,1.1576573582128804,-0.3475670313157398,9.406680036840733,-0.39113810636348856
7.358333333333333,0.47702701797422337,0.4370284300908094,-0.2656121688928614,10.27723359691774,-0.39122089048615116
7.366666666666666,0.47736832645088323,-0.3707899664833446,-0.17598226799400435,11.255020450154563,-0.391327514394046
7.375,0.47057064914796115,-1.2777351994389978,-0.07762638041936111,12.377015402907698,-0.3914666982790164
7.383333333333333,0.4558044147686295,-2.2794038367871683,0.030750168716461888,13.657664062132648,-0.3916512250377634
7.391666666666667,0.43249159718261393,-3.307833944362767,0.15022680786439233,15.010780564179859,-0.39189705702470995
7.3999999999999995,0.40119567675829165,-4.141795279175437,0.2802181841453758,16.096361829018168,-0.3922127474075342
7.408333333333333,0.36501160908866565,-4.426564730407884,0.4161291122476884,16.342596007391304,-0.3925733741280255
7.416666666666667,0.32930334561448765,-4.050689803087452,0.5496724861046876,15.565407054574235,-0.39291641216121465
7.425,0.2985008118391699,-3.3128783750293325,0.6740589746718928,14.247315333358593,-0.39319498972979683
7.433333333333334,0.274214123856515,-2.522971504857694,0.787018916745976,12.878518138940441,-0.3934048959899974
7.441666666666666,0.2562208140386455,-1.812744920192982,0.889112898497739,11.652782286055869,-0.3935610356161887
7.45,0.24370240200567023,-1.2093017710471856,0.9817047499473999,10.595855330973365,-0.3936786020679436
7.458333333333333,0.23578905916724738,-0.7053180960976088,1.0661093885217936,9.68241238608197,-0.39376865609559664
7.466666666666667,0.2317104334078226,-0.2865882470505398,1.1433867183670623,8.880193598688363,-0.3938386604834436
7.475,0.23081270604425694,0.06009508708004505,1.2143445233417154,8.161680183333123,-0.39389364139914135
7.483333333333333,0.2325418189714638,0.34542932579614294,1.2795878879131448,7.505687959408277,-0.3939370676178856
7.491666666666666,0.23642294669399416,0.5778162466925446,1.3395688202022205,6.896452770837171,-0.3939714223146024
7.5,0.2420436062575282,0.7639079425593135,1.3946261476681001,6.322376778710076,-0.39399854684525776
7.508333333333333,0.24904123276900111,0.9091064998493529,1.4450156182511438,5.774962826583817,-0.3940198478780623
7.516666666666667,0.2570944399530793,1.017946740926529,1.4909321861586582,5.248001328424279,-0.3940364296851143
7.5249999999999995,0.26591700141157004,1.094370001945206,1.5325264379754562,4.736967835927231,-0.3940491802152915
7.533333333333333,0.2752537421683381,1.1419129585120382,1.5699166865540242,4.238577379266056,-0.3940588279086933
7.541666666666667,0.28487773104108394,1.1638344565722065,1.6031978477338218,3.7504517788247522,-0.3940659796620385
7.55,0.29458833672405255,1.1631986105242762,1.6324479021139326,3.2708683968598553,-0.39407114646462144
7.558333333333334,0.30420984307117716,1.1429278606229967,1.657732524011201,2.798568524823922,-0.39407476088116755
7.566666666666666,0.31359041724485986,1.1058360188154572,1.6791083082244445,2.332610402560461,-0.39407718911141976
7.575,0.32260129583020714,1.054648550277856,1.6966249202672543,1.8722563598692414,-0.394078739435941
7.583333333333333,0.3311361052985004,0.9920152520132467,1.71032642106128,1.4168864506171333,-0.3940796682538752
7.591666666666667,0.3391102693965849,0.9205189291519588,1.720251961637641,0.9659327611835303,-0.3940801845109124
7.6,0.3464604809635314,0.8426825086475016,1.7264359999839947,0.5188297040469092,-0.3940804530341187
7.608333333333333,0.3531442322806015,0.7609761823782996,1.7289081562533568,0.07497630902990454,-0.3940805970926448
7.616666666666666,0.3591394084380288,0.6778254297217597,1.7276927939926887,-0.36629147210402946,-0.394080701847487
7.625,0.3644439505839085,0.5956198991376394,1.722808428942071,-0.8057159307492409,-0.39408084323393855
7.633333333333333,0.369075605248973,0.5167254990684714,1.714266970163035,-1.2441458252612538,-0.39408112795020833
7.641666666666667,0.37307178487148,0.4434986778716245,1.7020727135158271,-1.682563657220906,-0.3940816991089066
7.6499999999999995,0.3764895566484918,0.37830319775618126,1.6862211177255737,-2.122112909198276,-0.3940827370579842
7.658333333333333,0.3794057855403007,0.32353050582982723,1.6666973238331013,-2.5641330134113303,-0.3940844615250632
7.666666666666667,0.3819174657088916,0.28162481383792703,1.643474337625672,-3.010205968517547,-0.3940871354312891
7.675,0.3841422861451596,0.25511455834782093,1.6165107593539354,-3.462219219500538,-0.3940910708686637
7.683333333333334,0.38621949312548504,0.24665265300935688,1.5857479024460766,-3.9224504737948114,-0.3940966379734217
7.691666666666666,0.3883111359520143,0.25906886472865015,1.551106089778144,-4.393681613429213,-0.39410427780053914
7.7,0.39060381450173864,0.2954386877055889,1.5124798486183788,-4.87935079739206,-0.39411452088329507
7.708333333333333,0.3933110876430394,0.3591740100437363,1.4697316405500296,-5.383754007587866,-0.3941280140629813
7.716666666666667,0.3966767469638264,0.45414090979750915,1.4226836618283298,-5.912308706171976,-0.39414555958038794
7.725,0.4009791957395969,0.584806941646638,1.3711071495251685,-6.471889848283868,-0.39416817261187825
7.733333333333333,0.40653715319025313,0.756408457861274,1.3147085924229225,-7.071233268763589,-0.3941971667825773
7.741666666666666,0.41371670044951075,0.9750921832051046,1.2531124665492546,-7.721348390728046,-0.39423428199234534
7.75,0.4229389465027563,1.2478825042032786,1.1858411484247202,-8.435722464919436,-0.39428187448908847
7.758333333333333,0.4346853776242374,1.5820461894199083,1.1122960418787475,-9.229646893051545,-0.3943431903712069
7.766666666666667,0.4494918047106686,1.982694769962601,1.0317537924179274,-10.116783146380222,-0.3944227182495465
7.7749999999999995,0.46790586181270777,2.445729161711214,0.9434177875227816,-11.09814068623256,-0.3945264847754768
7.783333333333333,0.49034690910476925,2.940256362231998,0.8466261802502907,-12.133421515541087,-0.3946616891813183
7.791666666666667,0.5167550649841421,3.3758351810317557,0.7414092513339322,-13.086056293830149,-0.3948339411786109
7.8,0.5459733926459756,3.5813464713634913,0.6295040701000896,-13.685172849841912,-0.3950397833613062
7.808333333333334,0.575318907859072,3.3886815639357892,0.5150869665122023,-13.660554684589478,-0.39525883912186316
7.816666666666666,0.6013509433582199,2.8063044754615123,0.4035437434216836,-13.028768863363736,-0.3954615805590063
7.825,0.6214971249587483,2.0091797880191233,0.2988304824330371,-12.074625546026693,-0.395629686680137
7.833333333333333,0.6347078611940214,1.1623134962385557,0.20245721538973716,-11.058543646632058,-0.3957614792718543
7.841666666666667,0.6409642956216579,0.3478971094528442,0.11435253367295488,-10.100227374485401,-0.39586313149219987
7.85,0.6406694966544696,-0.40843337903808274,0.03388266131042666,-9.226267218030282,-0.3959416113697202
7.858333333333333,0.6343239193378576,-1.1049078776871453,-0.03962346182218477,-8.42579048844086,-0.3960024801899671
7.866666666666666,0.6224050192640109,-1.7471742914013348,-0.1066930291470659,-7.677842213394099,-0.39604992405895445
7.875,0.6053356278709908,-2.342157466786517,-0.16767475353201242,-6.9614081476900465,-0.39608710402623803
7.883333333333333,0.583482519418747,-2.8962702640358247,-0.2227532027768621,-6.258296486707194,-0.3961164728363995
7.891666666666667,0.5571621218019162,-3.415209588301731,-0.2719747660336935,-5.553503254251382,-0.3961400203365725
7.8999999999999995,0.5266453831908975,-3.9042611016284994,-0.3152727280986464,-4.83479080930883,-0.3961594442749091
7.908333333333333,0.49215943206731055,-4.368729449656298,-0.35248774200146366,-4.092053070100313,-0.3961762638461742
7.916666666666667,0.4538856061176234,-4.814369306099987,-0.38338274539055567,-3.3166275688903744,-0.39619189262337884
7.925,0.41195401256873854,-5.247784938324102,-0.40765203399107525,-2.5005815400037994,-0.39620768320344396
7.933333333333334,0.36643490913505716,-5.676793007531855,-0.4249242850552365,-1.6359759729628889,-0.39622495196837293
7.941666666666666,0.31732726178338516,-6.110730968271785,-0.43475948512266593,-0.7141537958742766,-0.39624498876233377
7.95,0.2645452226797839,-6.56062127090022,-0.43664059244238973,0.27475917281218243,-0.3962690517850097
7.958333333333333,0.20790482238681596,-7.038864482273897,-0.42996382612086925,1.3415123558850255,-0.3962984461249519
7.966666666666667,0.14711803174691462,-7.557552056548366,-0.4140404044570484,2.494944592835548,-0.39633512276838423
7.975,0.08181395724338597,-8.12302924569638,-0.3881441813946118,3.7326872091242116,-0.3963822583294375
7.983333333333333,0.011638699449430318,-8.721245304449658,-0.3516945750234923,5.015932857206347,-0.3964443988535503
7.991666666666666,-0.06345863442186017,-9.28704830741615,-0.30475933307545033,6.216838343522822,-0.3965264066797778
8.0,-0.14264767148750737,-9.671716356865883,-0.24905386286291012,7.064183243297026,-0.39662926594392706
8.008333333333333,-0.22362871988813726,-9.692615508202278,-0.18893350456867575,7.23322912310858,-0.3967435070255364
8.016666666666666,-0.30304568417482297,-9.308946707752579,-0.13061698513929437,6.654082924344616,-0.39685071979076747
8.025,-0.37808161724026945,-8.674903706490486,-0.07934269783106834,5.6037429624413555,-0.396937358342949
8.033333333333333,-0.44743976658432644,-7.969973451125459,-0.037609662609465556,4.4078035865302,-0.3970016615478361
8.041666666666666,-0.5109915799324465,-7.2905341053366435,-0.0057673428583175255,3.2481943940583218,-0.3970481894151716
8.05,-0.569102841995764,-6.665680071206071,0.016808808533940733,2.1883984548079924,-0.397082139782984
8.058333333333334,-0.622235920549273,-6.0944450959607614,0.03100980180497743,1.2374541446008867,-0.39710744015865196
8.066666666666666,-0.6707972762589287,-5.566514822210048,0.037709672054429544,0.3859945414630477,-0.39712669632043346
8.075,-0.7150992755963036,-5.0703552146155495,0.03768199057211124,-0.37941218977931007,-0.3971415584711532
8.083333333333334,-0.7553629717834724,-4.595778349598923,0.03158936682736834,-1.0715983609262245,-0.3971531207303031
8.091666666666667,-0.7917322131022863,-4.134445524241888,0.019994116867011788,-1.7017801599553877,-0.3971622937133975
8.1,-0.8242885733245034,-3.6797011933788193,0.003371338154546672,-2.2797386964113646,-0.39716989821542364
8.108333333333333,-0.8530640423662963,-3.2262413997000543,-0.017880959713318514,-2.8142762918743234,-0.3971766763341481
8.116666666666667,-0.8780508084657663,-2.769759847012654,-0.04343572832865231,-3.313698063896805,-0.39718330581086225
8.125,-0.8992081587163115,-2.306612689416989,-0.07303457102785167,-3.7862418872106343,-0.39719041736576205
8.133333333333333,-0.9164666824115678,-1.8335057567665105,-0.10648877273926924,-4.240451788337066,-0.39719861545021196
8.141666666666666,-0.9297299419351741,-1.3471985508261781,-0.14368326259111702,-4.685511655998228,-0.3972085037521842
8.15,-0.938873734235241,-0.8442222991535423,-0.1845832500114324,-5.131554627089062,-0.3972207175993542
8.158333333333333,-0.9437430930915106,-0.3206237309610805,-0.22924332701286848,-5.589940907269852,-0.39723596637916375
8.166666666666666,-0.9441474118233324,0.22821623494460117,-0.2778185482316098,-6.073433904434819,-0.39725509035001066
8.175,-0.9398548241290123,0.8075407743760518,-0.3305758353407053,-6.596039721906874,-0.3972791614699537
8.183333333333334,-0.9305889972836828,1.4225930291732507,-0.3879007421211321,-7.17190504853903,-0.397309689893771
8.191666666666666,-0.9160362719302456,2.0765420590314627,-0.4502864757298475,-7.811796072550564,-0.39734881894632806
8.2,-0.8958821753429993,2.765094711897842,-0.5182731491440541,-8.513961078665048,-0.3973994280277633
8.208333333333334,-0.8699164879834028,3.46496137353283,-0.5922702993408294,-9.244414866643254,-0.39746488004400227
8.216666666666667,-0.8382630670330189,4.116289199027361,-0.6721647854777647,-9.906503631411063,-0.3975477267351408
8.225,-0.8017307955340669,4.6165598231872265,-0.7567147401814867,-10.329152939667907,-0.39764670259928736
8.233333333333333,-0.7620255202056686,4.86630747791152,-0.8431662037796019,-10.342894194597,-0.39775373065533537
8.241666666666667,-0.7213639833093611,4.8540184230646926,-0.9278763069403873,-9.923725031432705,-0.3978561236353917
8.25,-0.6816135590210615,4.666353995975293,-1.0077464433276553,-9.211800759981534,-0.3979439422350804
8.258333333333333,-0.6437811802530382,4.408904285206742,-1.0810767909633685,-8.378785515603786,-0.3980139443841815
8.266666666666666,-0.6081302185704218,4.150726751548677,-1.1473696975807137,-7.5352729469117845,-0.3980676205655492
8.275,-0.5745155458882923,3.923113721132796,-1.206772453661774,-6.729423737318157,-0.39810808681214827
8.283333333333333,-0.5426331273535113,3.7354676790612773,-1.2596678674844766,-5.973903195446022,-0.39813841355048135
8.291666666666666,-0.5121476596407596,3.587345182655226,-1.3064702574160216,-5.266021832826725,-0.39816111755799244
8.3,-0.4827456278864164,3.4746236136245896,-1.3475453943395435,-4.597899672440886,-0.3981781400648974
8.308333333333334,-0.45415320222604394,3.392167636747775,-1.3831879570792687,-3.9607794587415954,-0.3981909567990482
8.316666666666666,-0.42613971703348846,3.334845256234492,-1.413622071907859,-3.3466277977584893,-0.398200694806676
8.325,-0.39851604312577593,3.29784062997853,-1.4390097822237362,-2.7486081947483547,-0.3982082242803827
8.333333333333334,-0.3711316988583334,3.276688387299504,-1.4594613671020622,-2.161123761526668,-0.39821422341912416
8.341666666666667,-0.3438721620788406,3.2672095624724027,-1.475045300964243,-1.5797170489604315,-0.3982192215518376
8.35,-0.31665684918492226,3.265422972160529,-1.485797202431141,-1.0009380802240158,-0.3982236261989452
8.358333333333333,-0.28943782537818546,3.267461188822825,-1.4917276955421364,-0.42221827185783184,-0.3982277386555173
8.366666666666667,-0.2621991551177225,3.2695019141477095,-1.4928292776191407,0.15824180803209373,-0.39823176160629625
8.375,-0.23495674326563332,3.267719578953714,-1.489082323588925,0.7415651915058709,-0.39823581996727964
8.383333333333333,-0.20775849529469623,3.2582556444533854,-1.480460363330898,1.328291239981319,-0.39824005894594966
8.391666666666666,-0.1806846665721932,3.2372039474138594,-1.4669344323428977,1.9184994568160556,-0.3982447004369572
8.4,-0.1538482535765821,3.200614650337078,-1.4484763898467785,2.5119350511969665,-0.39825004861488045
8.408333333333333,-0.12739529595055546,3.144510749318081,-1.4250611075339108,3.1081568794153136,-0.3982564935577569
8.416666666666666,-0.1015050080238076,3.0649114159591266,-1.3966673001557197,3.7067165131963713,-0.3982645150945666
8.425,-0.07638971320077315,2.9578544658674883,-1.3632767132303254,4.307374423653563,-0.3982746876709886
8.433333333333334,-0.0522946300875284,2.819407470038326,-1.3248713342101137,4.910359220525377,-0.3982876877810601
8.441666666666666,-0.029497659776163605,2.6456537794796926,-1.2814282390530993,5.5166774084635115,-0.39830430646803405
8.45,-0.008309453587552185,2.4326359043530443,-1.232911608706695,6.128485348148554,-0.39832547065649876
8.458333333333334,0.01092579415050905,2.1762339448134145,-1.1792613209229466,6.749543573365557,-0.3983522788585774
8.466666666666667,0.02782817303908723,1.8719504954118327,-1.12037729886129,7.385788279811157,-0.3983860595521871
8.475,0.04197757608303286,1.5145649286923784,-1.0560984184028768,8.046077796966806,-0.3984284651405111
8.483333333333333,0.052905632655034465,1.097609604322164,-0.986174166556334,8.743203824065596,-0.3984816225164886
8.491666666666667,0.06008234770604477,0.6126147485172332,-0.9102263513501162,9.495290038690007,-0.3985483758700413
8.5,0.0628953717348623,0.0480982783927696,-0.8276971257624625,10.327688585658008,-0.3986326835800419
8.508333333333333,0.06062021758968007,-0.6115326929134131,-0.7377794113375623,11.275230825263732,-0.39874028268191664
8.516666666666666,0.05238380283508057,-1.3861779581526241,-0.6393310487060713,12.383418323049977,-0.39887990302544907
8.525,0.03714220351267862,-2.2952139667623657,-0.5308024638350701,13.702008915692593,-0.3990652551259812
8.533333333333333,0.013764791289231634,-3.332603469898068,-0.41032393892911867,15.246103105710239,-0.39931717313505877
8.541666666666666,-0.018460550430000652,-4.381905678083931,-0.2764741303169784,16.85618548492052,-0.3996611339459384
8.55,-0.05827415884653341,-5.066153286564211,-0.13080849308690237,17.94142464079447,-0.4001030407309031
8.558333333333334,-0.10049430445687164,-4.910679943845713,0.01884325379390791,17.73325223609543,-0.40058153218767933
8.566666666666666,-0.1380278584385689,-4.017928727725893,0.1615504371660464,16.39965442734516,-0.40099714743074
8.575,-0.16685743213398238,-2.897217480982001,0.29137837604920386,14.761879655937783,-0.40131105770214814
8.583333333333334,-0.18651851623152763,-1.8423555492502472,0.4080238047615713,13.271020561665301,-0.40153982678657885
8.591666666666667,-0.19794796964784236,-0.9238080762737284,0.5132133921002736,12.011387639585777,-0.40170887804559763
8.6,-0.20227602630771782,-0.1348020254873572,0.6087585244476652,10.947630168307269,-0.40183689471567186
8.608333333333333,-0.20049586364174582,0.5456582732231872,0.696071988125984,10.02752770024431,-0.40193584978615615
8.616666666666667,-0.19343055209678212,1.1363760837961716,0.7761597717365607,9.207087740903253,-0.40201340753428133
8.625,-0.18176584698089843,1.6515137819503436,0.8497078640773627,8.453340679144045,-0.40207471723981697
8.633333333333333,-0.1660864243067816,2.1013666880474173,0.9171671740064529,7.742441370479033,-0.40212339368618505
8.641666666666666,-0.14690309202696733,2.4935565011859775,0.9788199734847085,7.057421250734381,-0.40216208797455916
8.65,-0.12467072379351221,2.834028720571646,1.034829428435573,6.3864104140210225,-0.40219283147930707
8.658333333333333,-0.09979902502917473,3.127778254368715,1.085276373703057,5.721334786050132,-0.40221724519977303
8.666666666666666,-0.07265824992173475,3.3793448504804315,1.1301867470473428,5.05695442290567,-0.40223666763212457
8.675,-0.04358155736155595,3.593132912262109,1.1695520042875311,4.3901240705417255,-0.4022522319833526
8.683333333333334,-0.012865268169306885,3.7736023340634333,1.2033440058165963,3.719195249833502,-0.40226491130921016
8.691666666666666,0.01923206380967338,3.925367971077391,1.2315253316126673,3.0435109457783094,-0.4022755433912458
8.7,0.05249113771518063,4.053238549933048,1.2540556701868104,2.362965340344611,-0.4022848432488754
8.708333333333334,0.0867335546302175,4.162220805562194,1.2708947542573397,1.6776134093795114,-0.4022934086805638
8.716666666666667,0.12182343283100153,4.257510562543739,1.2820022171080867,0.9873209211315235,-0.4023017224081765
8.725,0.157668958287712,4.34448883307026,1.28733467225435,0.2914465981533112,-0.4023101529085449
8.733333333333333,0.19422397494690433,4.428737158630713,1.2868402479844534,-0.41145151284289977,-0.402318956172693
8.741666666666667,0.23148980481919565,4.516077865062783,1.280450812345005,-1.1238750687025292,-0.4023283487257557
8.75,0.2695175515189239,4.6126533591498395,1.2680720146186846,-1.8496668352834236,-0.40233869924279825
8.758333333333333,0.30841122804112664,4.72503950736286,1.2495708575316733,-2.5943042518443478,-0.4023506074063463
8.766666666666666,0.34833185438897696,4.860357785645775,1.2247610322096518,-3.3651362486897285,-0.40236495505699066
8.775,0.38950222605476376,5.026300847354211,1.1933868469530866,-4.171448072874562,-0.4023829875481101
8.783333333333333,0.43221078247931677,5.230828555049142,1.155108530053849,-5.023965032302419,-0.40240643771718815
8.791666666666666,0.47680960638611386,5.48090482185977,1.1094972430318781,-5.9327540435049615,-0.40243769664797535
8.8,0.5236930675544901,5.778742907447727,1.0560623614026206,-6.90094933078581,-0.4024799913836805
8.808333333333334,0.5732242739357688,6.112322642863488,0.9943662681080407,-7.908812685860838,-0.4025373699336847
8.816666666666666,0.6255430517324846,6.435920283695853,0.9243389145294729,-8.880824579729104,-0.402613863180975
8.825,0.6801803372431394,6.646320613663211,0.8469204273146109,-9.64527882014215,-0.40271060832701105
8.833333333333334,0.7355945170874544,6.599606775159268,0.7648369144301024,-9.962708820213988,-0.40282098048208514
8.841666666666667,0.78923402997065,6.220804511940756,0.682482267836629,-9.712221648783077,-0.40292976960328275
8.85,0.838569443765318,5.590477513209828,0.6041554041551103,-9.037625308421612,-0.40302239046064836
8.858333333333333,0.8821316199518697,4.858374115006358,0.5323031434592144,-8.198175801149949,-0.403093591808546
8.866666666666667,0.9195562837060004,4.129099048092009,0.46746811763353746,-7.37330539699159,-0.40314571343129657
8.875,0.9510801366937721,3.4455927599212894,0.4091674198456715,-6.635557398691306,-0.4031833933137897
8.883333333333333,0.9771341729765985,2.8161755876063217,0.35659633432380544,-5.997620598142973,-0.40321079401666476
8.891666666666666,0.9981531016144125,2.235882795185252,0.3089582770820696,-5.449088073530358,-0.4032309897799222
8.9,1.014512118230487,1.6963706339003055,0.26557575408034706,-4.973454917401448,-0.4032461117126849
8.908333333333333,1.0265165931875468,1.1895369013153212,0.2259106083680198,-4.5543206552711135,-0.4032576131605396
8.916666666666666,1.0344093827537058,0.7085429829565562,0.18955402353712547,-4.177155609875898,-0.4032664858954209
8.925,1.038382072473632,0.24790225549956402,0.15620957181191222,-3.829489356037232,-0.4032734097952318
8.933333333333334,1.0385854996558308,-0.19672024241275177,0.12567710521850967,-3.5006240685788943,-0.40327885189740087
8.941666666666666,1.0351382775676206,-0.6287661687005128,0.09783953353562298,-3.181263223185962,-0.40328314406158416
8.95,1.0281331838922878,-1.0510351031947602,0.07265260104654843,-2.8631700594399065,-0.40328656649848776
8.958333333333334,1.017641533934427,-1.465914281856786,0.05013729750989987,-2.53887913148661,-0.40328938611066345
8.966666666666667,1.0037157479294274,-1.8755843244576498,0.03037445447337144,-2.2014567681159005,-0.4032918720093692
8.975,0.9863902570523062,-2.282214181877957,0.013501214813344356,-1.8442871951478654,-0.40329430764742025
8.983333333333333,0.9656807898405759,-2.688156847610191,-0.00029074111503184626,-1.4608607681616834,-0.40329700105130406
8.991666666666667,0.9415819823669557,-3.0961580894463827,-0.010755126175549598,-1.0445389832648395,-0.4033002939146427
9.0,0.914063147599759,-3.50959198219626,-0.01758882680356879,-0.5882685232867547,-0.40330457003281023
9.008333333333333,0.8830619155438102,-3.9327392433184167,-0.020426983054188736,-0.08421389200954814,-0.4033102633072034
9.016666666666666,0.848475316660974,-4.371124706239954,-0.018834566540255754,0.4767183277420203,-0.40331786839651607
9.025,0.81014778246331,-4.831920342302037,-0.012293543720621646,1.1054638480282717,-0.40332801527325635
9.033333333333333,0.7678555155147249,-5.324407113670648,-0.00018466842268467643,1.8154951573097364,-0.40334163618610286
9.041666666666666,0.7212871639503021,-5.860357453435436,0.018236186662225803,2.623356122391996,-0.4033601640475597
9.05,0.6700231321963493,-6.453842074841656,0.043862797499904196,3.5481490560120106,-0.4033858383301929
9.058333333333334,0.6135237026765004,-7.1188808973352256,0.07774632454564188,4.607216383332917,-0.40342217144521897
9.066666666666666,0.5511597517003154,-7.860407544715593,0.12102690206496346,5.800179746135315,-0.40347451927953293
9.075,0.4823804249968583,-8.648170028242951,0.17462559763831065,7.063515174395163,-0.4035501625571296
9.083333333333334,0.40720919090803137,-9.36449313944493,0.2383677623776546,8.18045889889969,-0.4036556520519729
9.091666666666667,0.3271458935721162,-9.779138118631343,0.3094119976381885,8.739347042989781,-0.4037880328229052
9.1,0.24559667570953347,-9.71084035198014,0.3815203026803868,8.41703213554278,-0.40392683804877894
9.108333333333333,0.16639903418255464,-9.25150347743034,0.447659222111907,7.370688131195202,-0.4040469638152896
9.116666666666667,0.0918184149890893,-8.639470600627792,0.503534402452016,6.018787019310673,-0.4041385689403265
9.125,0.022382112583419676,-8.033062197786244,0.5479319319651553,4.646080745768937,-0.40420539101686154
9.133333333333333,-0.04223758732587808,-7.486877750254276,0.5812157527346986,3.359470048791191,-0.4042546129775846
9.141666666666666,-0.10257853084145181,-7.00479216449977,0.6042179812079217,2.178197982151113,-0.40429215515876515
9.15,-0.1591273932989924,-6.574215936351134,0.6177854303240184,1.092690438616337,-0.40432198537265296
9.158333333333333,-0.2122484160480379,-6.179552296392421,0.6226530683230793,0.0877400943532144,-0.4043465329143635
9.166666666666666,-0.2621794008186147,-5.806371415979144,0.619433152877854,-0.8503647665065195,-0.4043671881491182
9.175,-0.3090465186785932,-5.4423470304064105,0.6086358685996558,-1.7323886362105736,-0.40438492280463656
9.183333333333334,-0.3528818551237307,-5.077181772988829,0.5906927130677497,-2.5665836715016646,-0.4044007434689365
9.191666666666666,-0.3936391221170456,-4.70231019142099,0.5659739454344079,-3.359543371391806,-0.4044157228422892
9.2,-0.43120676221671456,-4.310580848214566,0.5347987162278651,-4.117083511214518,-0.4044309923813026
9.208333333333334,-0.4654184380005413,-3.8959464856721904,0.4974380674580827,-4.845065572605215,-0.40444774469327216
9.216666666666667,-0.49606092355339915,-3.4531459038066106,0.4541113585785535,-5.550153612868451,-0.4044672481957555
9.225,-0.5228792097331664,-2.9773483907141287,0.40497657467326387,-6.240531900341881,-0.4044908795567272
9.233333333333333,-0.5455783918927701,-2.4637330103346478,0.3501146699951781,-6.9266268645386,-0.404520182316659
9.241666666666667,-0.5638217136615755,-1.906985449215749,0.2895077087783037,-7.6218810391845055,-0.40455696416518694
9.25,-0.5772241006440819,-1.3007257543627322,0.22301024557878973,-8.34359905104132,-0.4046034518868018
9.258333333333333,-0.5853409537595158,-0.6369763240533756,0.15031365746630065,-9.113750975244615,-0.40466253271867
9.266666666666666,-0.5876539100355358,0.0939178198731827,0.07090569691253927,-9.959140221566804,-0.4047381204278565
9.275,-0.5835618940551027,0.9015715152816323,-0.015962310578605914,-10.90880614567694,-0.40483569976912515
9.283333333333333,-0.5724062265668094,1.7880693189364825,-0.111254899020355,-11.982075364420167,-0.40496314847140397
9.291666666666666,-0.5536137063007579,2.7248389645496363,-0.21593976725559483,-13.150427982857995,-0.4051309462401708
9.3,-0.5271473068952636,3.6008478121516774,-0.3302603830194224,-14.249850752314847,-0.4053486844963778
9.308333333333334,-0.4944246778589241,4.178914722079579,-0.45220141857380436,-14.902457647334147,-0.40561267051262684
9.316666666666666,-0.4589894953599182,4.2320598800915175,-0.5763079792917556,-14.736649616883224,-0.4058914815030256
9.325,-0.42520759364781496,3.8187293925563552,-0.6957606520102239,-13.844826765256695,-0.4061412818207142
9.333333333333334,-0.3958964366644811,3.202856260438422,-0.8062374285582955,-12.65236627856661,-0.40634017241765574
9.341666666666667,-0.37183117431188323,2.581056763898175,-0.9066750289621851,-11.46780309510377,-0.4064907437772242
9.35,-0.35267585139416596,2.030400476372961,-0.9977067245666744,-10.402321641935517,-0.4066038425817422
9.358333333333333,-0.33774998745997425,1.5659662104889085,-1.0804148394441713,-9.468378714932792,-0.4066895506084281
9.366666666666667,-0.32635317858320845,1.1817800027946381,-1.15582739892808,-8.647511166748421,-0.4067553007228185
9.375,-0.3178604333354395,0.8671809387622637,-1.2247892328669319,-7.916472922312382,-0.40680626598573544
9.383333333333333,-0.3117354228072392,0.6119461219399448,-1.2879610151532515,-7.254843590306676,-0.4068460413599828
9.391666666666666,-0.30752048013332267,0.4074718709280909,-1.3458506156383714,-6.646376238544144,-0.4068771737807799
9.4,-0.3048227992072472,0.24675383014155006,-1.3988466257112315,-6.078570060613415,-0.406901516795183
9.408333333333333,-0.30330233398499473,0.12407742723031176,-1.4472463987117516,-5.541900416233198,-0.40692045878873817
9.416666666666666,-0.3026624203283919,0.034696064093661605,-1.4912778099905835,-5.029110906335076,-0.4069350693358011
9.425,-0.30264285534986685,-0.025432771399972336,-1.5311157103106896,-4.534650320560269,-0.40694619389220593
9.433333333333334,-0.3030149033606586,-0.05984707882275029,-1.5668942721362773,-4.054245856959822,-0.40695451587402504
9.441666666666666,-0.30357773224848866,-0.07172626007551186,-1.598716250270366,-3.5845844825673137,-0.406960597870408
9.45,-0.30415588695821766,-0.0639961077478867,-1.6266599425834605,-3.123075570202449,-0.40696490931572715
9.458333333333334,-0.30459750631507326,-0.03940387197995475,-1.6507844356505563,-2.6676735800796156,-0.40696784535099656
9.466666666666667,-0.3047730715285489,-0.0005720236295769007,-1.6711335665137312,-2.216745023398459,-0.40696973973156625
9.475,-0.30457453660501277,0.049962952115343226,-1.6877389193306536,-1.7689682471740296,-0.4069708736214009
9.483333333333333,-0.3039147361647034,0.10972214042965826,-1.70062209355472,-1.3232576136175807,-0.4069714815667794
9.491666666666667,-0.30272699805944264,0.17626302109039277,-1.7097964194331337,-0.8787057534287602,-0.4069717555055375
9.5,-0.30096491056766195,0.24716322390402157,-1.7152682499151748,-0.43453890623849983,-0.406971847296656
9.508333333333333,-0.29860221001767645,0.3200076639747636,-1.7170379205512427,0.009918724037895607,-0.40697187013492
9.516666666666666,-0.29563276483519474,0.3923782237420495,-1.7151004438704893,0.45527216182853064,-0.40697190259677285
9.525,-0.29207063590540844,0.46184546117077085,-1.7094460230099917,0.9020753358637102,-0.40697202479377764
9.533333333333333,-0.2879502055910421,0.5259603643469595,-1.7000603308985949,1.3508678098839486,-0.40697235322249237
9.541666666666666,-0.2833263717677765,0.5822470301720445,-1.6869244842467028,1.802209300171241,-0.4069730448072186
9.55,-0.27827480257782816,0.628195166572174,-1.670014720310418,2.2567183290226636,-0.40697429860721973
9.558333333333334,-0.27289225883514184,0.6612511341841171,-1.649301712296561,2.71512087543379,-0.40697635831849216
9.566666666666666,-0.26729700255195993,0.6788059117366385,-1.6247494249513372,3.1783127514523764,-0.4069795159153606
9.575,-0.26162932645180503,0.6781776248666103,-1.5963133780275323,3.647440158082375,-0.4069841169574094
9.583333333333334,-0.25605226304728673,0.6565852551563414,-1.5639381437223485,4.124004041721857,-0.4069905683421111
9.591666666666667,-0.2507525655316713,0.6111087631486325,-1.5275538502330697,4.6099957139202,-0.40699934965315426
9.6,-0.24594209981966955,0.5386289998233038,-1.4870713903413755,5.1080740516614584,-0.4070110298060262
9.608333333333333,-0.24185985214186073,0.43573829907299144,-1.4423759311514577,5.621798917623314,-0.4070262915400494
9.616666666666667,-0.2387748454060461,0.29860941715903694,-1.393318174370866,6.155941747692821,-0.4070459676453554
9.625,-0.23699037608869428,0.12280664188555526,-1.3397026077495249,6.716902823505327,-0.4070710949843851
9.633333333333333,-0.23685013328694035,-0.09698040329308379,-1.2812717014674497,7.313274472749988,-0.4071029959691267
9.641666666666666,-0.23874692058089705,-0.3672970842620115,-1.2176846505993528,7.956593423775434,-0.40714340535847093
9.65,-0.24313477297167388,-0.6963736243407981,-1.148488969895525,8.662301837438964,-0.4071946773760202
9.658333333333333,-0.2505449218001469,-1.094565750044356,-1.0730835068848708,9.450802417793557,-0.40726011584919664
9.666666666666666,-0.261604113248499,-1.5743536816350345,-0.9906741066588429,10.347976639364415,-0.40734449600413036
9.675,-0.27704655480914997,-2.148393325619066,-0.9002342892213155,11.382787139889784,-0.40745485278093946
9.683333333333334,-0.2976869871965699,-2.820855944977057,-0.8005218177888125,12.574134336656444,-0.4076014501542247
9.691666666666666,-0.32425320694545356,-3.5592778132389316,-0.6903176474980783,13.885363079550165,-0.40779793958090027
9.7,-0.35683277597952623,-4.228183327915684,-0.5693011599293667,15.113299408360248,-0.4080565697341611
9.708333333333334,-0.3937137034560271,-4.5333705239729145,-0.4399586250413164,15.78967422865962,-0.4083707621770608
9.716666666666667,-0.4306165760493081,-4.216640623350488,-0.30890569975834886,15.496818180857066,-0.40869666941570826
9.725,-0.46257969416993194,-3.399024973947252,-0.18384498594054363,14.435414787577674,-0.4089799498488984
9.733333333333333,-0.4867973801394256,-2.4063482957973132,-0.06895787164146548,13.132443556574199,-0.40920011752179397
9.741666666666667,-0.5027718308848547,-1.4399860384406733,0.03524386693978614,11.89891967008283,-0.40936524477882985
9.75,-0.5110495397323921,-0.5627483051370229,0.1297828511882315,10.815802161754844,-0.409489633500275
9.758333333333333,-0.5124116022900183,0.22107221937557603,0.21589261359163578,9.870870579067871,-0.40958476930493776
9.766666666666666,-0.5075932794910046,0.9227185668500295,0.29458622008208235,9.030019471889382,-0.40965849795181364
9.775,-0.49722628934612595,1.554683431001053,0.3665894297616281,8.260124164093964,-0.4097161670641874
9.783333333333333,-0.4818465636249718,2.127284953428504,0.4323763971000149,7.534155335218893,-0.4097615644761011
9.791666666666666,-0.46191413053484,2.6484966267997154,0.4922222123307207,6.831225094918951,-0.4097974838559286
9.8,-0.4378302327466021,3.12457436127218,0.546249849687379,6.135518394337491,-0.40982608789153546
9.808333333333334,-0.4099486640319837,3.5607606089060013,0.594467704017985,5.435177921044726,-0.40984913708998894
9.816666666666666,-0.378581625516301,3.9618841779083227,0.6367984849183609,4.721351491217511,-0.4098681320525313
9.825,-0.3440011225872103,4.332831947822624,0.6731008096437328,3.987382993920717,-0.4098843998586362
9.833333333333334,-0.30643690280370406,4.678911925305877,0.7031844361672867,3.228084549895543,-0.4098991437365924
9.841666666666667,-0.2660717157416855,5.006138445245998,0.7268195663618522,2.439032829341305,-0.409913468410392
9.85,-0.22303440228431487,5.3214737377601296,0.7437402322364852,1.6158467216813854,-0.4099283894602672
9.858333333333333,-0.17739103190020888,5.633060387355967,0.753641480896172,0.7534179120354143,-0.4099448321844212
9.866666666666667,-0.129134038552396,5.950472479880244,0.7561699121885617,-0.15491361989318458,-0.409963622657604
9.875,-0.07816919064828702,6.284975446251725,0.75090730259053,-1.1181668880847422,-0.40998552755545914
9.883333333333333,-0.0243006869999716,6.649690017175848,0.7373483108947322,-2.1482948660716294,-0.4100116763189454
9.891666666666666,0.03278366699194811,7.059294680028995,0.714876022337289,-3.2599213589783695,-0.4100440538127581
9.9,0.09351888928860823,7.5279654219882,0.6827503469409736,-4.466925339920833,-0.41008590352437146
9.908333333333333,0.1584336075883503,8.061958978160309,0.6401570459552317,-5.769731282625452,-0.41014218417381076
9.916666666666666,0.22800940665378464,8.638376580669792,0.5864479942939395,-7.118874651527284,-0.4102196089434289
9.925,0.30226697064892233,9.160285983082602,0.5218493107497943,-8.338299816290295,-0.41032444822839786
9.933333333333334,0.3799592884907555,9.421667918283696,0.44883707032854814,-9.066731305268226,-0.41045495649919594
9.941666666666666,0.45799342032447815,9.224545390281111,0.37309835572058586,-8.962597662489753,-0.410592747006598
9.95,0.53253948482238,8.61615860136464,0.3015616165974497,-8.11450491126611,-0.4107121868448844
9.958333333333334,0.6011121652791798,7.830485058801612,0.23875526961114515,-6.9375717039818445,-0.4108013167715013
9.966666666666667,0.6630624045248745,7.046121412277483,0.18594093423223398,-5.751632117976495,-0.41086314015750625
9.975,0.7187447149142334,6.330898743686037,0.14255814853103668,-4.683599858069588,-0.4109051858430589
9.983333333333333,0.7687952906319424,5.693568193389323,0.10748722396043627,-3.7562838074618794,-0.4109339109381738
9.991666666666667,0.8138241229613227,5.123340258875081,0.07959763276032729,-2.9568693833178328,-0.4109537696251231
10.0,0.8543309975205037,4.605988024209827,0.057907366392646466,-2.2650536763289746,-0.41096765726696516
10.008333333333333,0.8907018494391186,4.128775308181622,0.0416009485919692,-1.6618356870122977,-0.41097744571516487
10.016666666666666,0.923226696142542,3.681439017977397,0.030008158781177255,-1.1314206253664962,-0.410984363583819
10.025,0.9521198180372585,3.255998327506952,0.022577386841224394,-0.6610430286090311,-0.4109892364067051
10.033333333333333,0.9775369554712824,2.8463074049499713,0.01885302343954781,-0.2403130115298996,-0.41099263398982583
10.041666666666666,0.9995887483149533,2.44762137649917,0.01845843373849503,0.139432435440686,-0.4109949607920691
10.05,1.0183508597480129,2.0562375725778574,0.02108384579428344,0.4856530807000409,-0.4109965174304769
10.058333333333334,1.0338714226537922,1.6692083749943363,0.026478075112999187,0.805010258495541,-0.41099755357997564
10.066666666666666,1.046176330539346,1.284109441683162,0.03444324133701873,1.10368012088662,-0.41099828723175086
10.075,1.0552727861344644,0.8988503413242414,0.04483174584487461,1.3875888174553412,-0.4109989097380957
10.083333333333334,1.0611513896678184,0.5115111659353573,0.05754500392465117,1.662602755629268,-0.41099959068266684
10.091666666666667,1.0637869309667258,0.12019298349423069,0.07253365492130433,1.9346964720860313,-0.41100048308505793
10.1,1.0631379562770096,-0.27712819591677773,0.08979914626989668,2.2101174869899007,-0.4110017298302707
10.108333333333333,1.0591451067076634,-0.6827517662476758,0.10939673589080685,2.495564790703418,-0.4110034875067112
10.116666666666667,1.0517281282635187,-1.0994242737356987,0.13144011947636797,2.7984046584056155,-0.4110059715015618
10.125,1.0407813292904229,-1.5305403382229097,0.1561080736671513,3.1269403380312157,-0.4110094855527789
10.133333333333333,1.0261672214896977,-1.9803793679835988,0.18365361656689458,3.4907487155199903,-0.41101445701686357
10.141666666666666,1.0077080265786902,-2.4543794094551257,0.21441626346212464,3.9010833229719615,-0.4110214910700426
10.15,0.9851748404074555,-2.9594147715279564,0.24883774878398907,4.371284402053934,-0.41103145508599
10.158333333333333,0.9582748664287447,-3.5039446195139523,0.2874805009573552,4.916965236014859,-0.41104561034379794
10.166666666666666,0.9266392119268622,-4.097619167038811,0.3310445556844166,5.555261128515266,-0.4110658134554122
10.175,0.8898198126031993,-4.749183972539818,0.3803681256742422,6.301143525017999,-0.41109480064120074
10.183333333333334,0.8473201299880548,-5.4597596206196,0.43636934889054757,7.155764252076496,-0.41113648857126595
10.191666666666666,0.7987203844221982,-6.205704763794897,0.4998244702758209,8.076835743693577,-0.4111959049759785
10.2,0.7440068440677512,-6.907334690792493,0.5707933455519134,8.924541113162585,-0.41127753645482595
10.208333333333334,0.6841452613635777,-7.411706834182715,0.6476216879286399,9.431423901911105,-0.41138039560527684
10.216666666666667,0.6214471477061284,-7.573508885484539,0.7262959117824556,9.341286798864457,-0.41149265890953757
10.225,0.5588552490087597,-7.403955326192214,0.801660085984961,8.666405169836962,-0.4115964045833756
10.233333333333333,0.4985498183647275,-7.052756713827142,0.8698154826041452,7.658595534781466,-0.41168037685719805
10.241666666666667,0.4414186222057578,-6.659565105203926,0.9290496965253041,6.555026140893221,-0.4117435736828318
10.25,0.38747484333254556,-6.294367724785476,0.9791408011045668,5.475720909494571,-0.41179001920953984
10.258333333333333,0.3363741410084136,-5.978311335864983,1.0204879924510624,4.4587811305807215,-0.41182437543731226
10.266666666666666,0.2877009585311448,-5.710769839113879,1.0536340193765743,3.506381288098615,-0.4118504196279134
10.275,0.24108218377472637,-5.4836711870671495,1.079080840381889,2.6090795059217853,-0.4118708898148333
10.283333333333333,0.19622124242429415,-5.287257012611381,1.0972401487321246,1.7555624088121742,-0.41188768562201084
10.291666666666666,0.1529024439704006,-5.1120343948096965,1.108434088318277,0.9359160346394343,-0.41190208400966755
10.3,0.11098610615820642,-4.949281172095295,1.1129111817420978,0.1424166014297981,-0.41191489883929544
10.308333333333334,0.07040188250304547,-4.791066210383544,1.1108645843587381,-0.6305430256824498,-0.4119265949517455
10.316666666666666,0.031142564851223787,-4.630147581224627,1.1024484668381225,-1.3867777265254666,-0.4119374988868832
10.325,-0.006741155797543777,-4.459853279365981,1.0877911210227313,-2.128763459046309,-0.41194803488986875
10.333333333333334,-0.04314505171264893,-4.2739955593887275,1.067004187300809,-2.8580945528722483,-0.4119587546328705
10.341666666666667,-0.07791515474086087,-4.066817099791506,1.0401881426759945,-3.5759313427137016,-0.4119703348481488
10.35,-0.11085116841462356,-3.8329494600779004,1.0074340091174918,-4.283461115046087,-0.41198357764359644
10.358333333333333,-0.14170951187494563,-3.567362297029652,0.9688211322868912,-4.982382080418377,-0.41199941548132435
10.366666666666667,-0.17020581469546786,-3.2652778441446344,0.9244107887887366,-5.6754230559012395,-0.4120189246907615
10.375,-0.1960164558667071,-2.922021995336737,0.874235250827961,-6.366918034579518,-0.4120433535574362
10.383333333333333,-0.21877848815727174,-2.532780113622629,0.8182817299402873,-7.063467329359169,-0.41207417392694495
10.391666666666666,-0.2380870094456668,-2.0922224218359333,0.7564702817493377,-7.774736119230153,-0.41211316976709694
10.4,-0.253488743928235,-1.5939635465023159,0.6886242389780429,-8.514462501735935,-0.41216258380120463
10.408333333333333,-0.2644703492266216,-1.0298377752263612,0.6144311044333901,-9.301748124836335,-0.4122253567183773
10.416666666666666,-0.27044009249784084,-0.3890599168966652,0.5333915325200755,-10.162598641503138,-0.41230551593950093
10.425,-0.2707032699780496,0.3423069594268654,0.4447559826019101,-11.13115507781875,-0.4124088032884511
10.433333333333334,-0.2644395007485101,1.1798743933043547,0.3474600365507462,-12.248000889510003,-0.41254372083556456
10.441666666666666,-0.25071855275333577,2.1315074604135242,0.24011498491265396,-13.545853254561123,-0.4127231448476212
10.45,-0.22868285172572322,3.1622753307795586,0.12126281992358072,-14.992789361470352,-0.41296504199711703
10.458333333333334,-0.19823685228173912,4.104269669573113,-0.009530289867229043,-16.340976995025272,-0.4132860801443253
10.466666666666667,-0.16156982792372926,4.582367053590424,-0.14915144978431014,-16.99351440182617,-0.413675716018582
10.475,-0.12400966785946056,4.310497693209468,-0.28942756258255775,-16.484696898461394,-0.41407107783759417
10.483333333333333,-0.09120623470531601,3.511373821948085,-0.4216532744148056,-15.175781451220477,-0.41440334494134423
10.491666666666667,-0.06582863581574849,2.5805562286824726,-0.5419311412045899,-13.698975967027108,-0.4146546493272732
10.5,-0.04799420735552758,1.7177897105334827,-0.6503630353741373,-12.35583851630098,-0.4148399865238571
10.508333333333333,-0.03687176975774697,0.971257381702309,-0.7483921695598477,-11.201400777642851,-0.4149781574444153
10.516666666666666,-0.031496362354175376,0.3361386469953665,-0.8375062419813883,-10.209854373909403,-0.41508312758658705
10.525,-0.031004427317361364,-0.20351103040989812,-0.9189007066875621,-9.34247716663646,-0.4151641827561789
10.533333333333333,-0.034665367187286744,-0.6628262867910802,-0.9934652727726309,-8.565761796536847,-0.4152274566184029
10.541666666666666,-0.04186214664554831,-1.0538682911969763,-1.061843453454943,-7.854092783609012,-0.4152771507997257
10.55,-0.052066102270759376,-1.3858965144006596,-1.1244948202674205,-7.188678022637987,-0.41531625939640315
10.558333333333334,-0.06481658380453395,-1.6660966399912627,-1.1817452688072365,-6.555977884724895,-0.4153469923743385
10.566666666666666,-0.07970653204366457,-1.9002417426907414,-1.2338249965240728,-5.946369571443412,-0.4153710375268656
10.575,-0.09637289428895592,-2.09318966503771,-1.2808967048000852,-5.353131564670791,-0.4153897244605407
10.583333333333334,-0.11449053422633479,-2.2492293880345327,-1.323076472560404,-4.771687572460378,-0.4154041284026784
10.591666666666667,-0.13376851509779836,-2.3723099473026177,-1.3604491540803152,-4.199037466960568,-0.41541513644072564
10.6,-0.15394791288537385,-2.466183490479044,-1.3930796132508647,-3.6333193949147917,-0.4154234899694301
10.608333333333333,-0.17480055435351302,-2.5344879098080284,-1.4210207182910009,-3.073465115045748,-0.4154298119805388
10.616666666666667,-0.1961282619339804,-2.580788707406211,-1.4443187636837416,-2.5189239421417873,-0.41543462476038706
10.625,-0.21776233116294283,-2.6085951170260047,-1.4630168200663043,-1.9694393808128736,-0.4154383616459879
10.633333333333333,-0.23956307582288766,-2.6213618688483344,-1.4771564038339182,-1.4248677285999443,-0.41544137522995517
10.641666666666666,-0.26141935834817237,-2.6224850961491426,-1.4867777819339947,-0.8850307464671835,-0.4154439435305716
10.65,-0.2832480838917323,-2.615298572651898,-1.4919191677874666,-0.34959582019800645,-0.4154462750117026
10.658333333333333,-0.30499368006896055,-2.6030746099113524,-1.4926150119593837,0.18202232643179392,-0.41544851294690777
10.666666666666666,-0.32662760947556635,-2.589030856484951,-1.4888935686328655,0.7107352489273275,-0.41545075622545224
10.675,-0.3481479718631275,-2.5763466946473783,-1.4807739105930422,1.2378491221089623,-0.41545313694227737
10.683333333333334,-0.3695793033941749,-2.5681931489431142,-1.4682622875390419,1.765147799156649,-0.4154558564499053
10.691666666666666,-0.3909726617426853,-2.5677716693066532,-1.4513478394126726,2.294966277329084,-0.4154591887459596
10.7,-0.4124060757453941,-2.5783627008121845,-1.4299976798611924,2.830269742393039,-0.4154634869240665
10.708333333333334,-0.43398543186983757,-2.6033811252761407,-1.4041512874427637,3.3747403474994218,-0.41546919532653503
10.716666666666667,-0.45584582530387235,-2.6464302332211673,-1.3737141621877744,3.9328643967182373,-0.4154768695099428
10.725,-0.47815329072798757,-2.711333872951614,-1.3385508357338864,4.509993244971593,-0.4154872067655572
10.733333333333333,-0.5011065599569768,-2.80209920033277,-1.2984777054646652,5.1123068586471465,-0.41550109049917583
10.741666666666667,-0.5249378774168031,-2.92270178502263,-1.2532571167777848,5.7465089379894,-0.4155196514582352
10.75,-0.5499105222206465,-3.0764531292526156,-1.2025963430935536,6.418862674145351,-0.4155443450493944
10.758333333333333,-0.5763076870728601,-3.26444086869041,-1.146160055484373,7.132720185811984,-0.41557702962521353
10.766666666666666,-0.6044012804762162,-3.4820567379156153,-1.083615073361583,7.882882716866429,-0.4156199877262161
10.775,-0.6343787558278507,-3.712142714734829,-1.014744025339456,8.644260214680838,-0.4156757264703529
10.783333333333333,-0.6661959101221253,-3.9143121138540926,-0.9396825531608882,9.353917185637428,-0.41574620729915035
10.791666666666666,-0.6993432120593048,-4.017121648826438,-0.8593035297647061,9.8974836877739,-0.41583110482731045
10.8,-0.7326290404201935,-3.934467981290839,-0.7755784513082893,10.135841231098775,-0.41592561486576474
10.808333333333334,-0.7642646172823185,-3.619827867631888,-0.691439595183387,9.995336318507272,-0.4160204929439533
10.816666666666666,-0.7924072637293367,-3.108181048817121,-0.6098798813882623,9.537214223649075,-0.4161063046734471
10.825,-0.8157592176025094,-2.4849991985536373,-0.5329684795238033,8.90445156874074,-0.41617799820402857
10.833333333333334,-0.83373010967624,-1.8268362263906597,-0.46160467282207585,8.221959626190197,-0.41623525180076254
10.841666666666667,-0.8462338313229565,-1.177644942292234,-0.395880172186378,7.558017669472345,-0.41628014837270433
10.85,-0.8534337405514336,-0.5554503202173359,-0.33551720492480536,6.936720621630835,-0.4163152404396931
10.858333333333333,-0.8555783850793486,0.03558744253442825,-0.28014654643834885,6.358912040331306,-0.4163427245406085
10.866666666666667,-0.8529224726695108,0.5972143462072728,-0.22943871521096112,5.815803573861743,-0.4163642764743064
10.875,-0.8456961600986616,1.1331651087374797,-0.18315274512896126,5.2956418953290765,-0.41638118540820324
10.883333333333333,-0.8340962499767909,1.6475591114712895,-0.14114755942055984,4.786473174676507,-0.4163945071717362
10.891666666666666,-0.8182856406213217,2.1443786494941235,-0.1033788282185293,4.277108559594699,-0.4164051437569015
10.9,-0.7983948668114795,2.62742298486979,-0.06989145645996679,3.7573179756372577,-0.41641390495449765
10.908333333333333,-0.774523067355916,3.1004625608238987,-0.040811971852900135,3.217707512957697,-0.41642155652030066
10.916666666666666,-0.7467372785147766,3.5674742783259896,-0.016342549739461622,2.649467707833954,-0.41642885721033135
10.925,-0.7150696177556872,4.032906918123073,0.003242601542936632,2.044066458277171,-0.41643658732155553
10.933333333333334,-0.6795122316912388,4.501947537493922,0.01759820673419703,1.3929276090830676,-0.41644557064459775
10.941666666666666,-0.6400101490606024,4.9807481072038895,0.0263063607252184,0.6871622987802323,-0.41645669048201955
10.95,-0.5964527194716451,5.476512780711987,0.02887349189293329,-0.08247061210990744,-0.4164708981887083
10.958333333333334,-0.5486657342993017,5.997176637385367,0.02472943966614216,-0.9248899591472481,-0.4164892389920555
10.966666666666667,-0.49641004331132965,6.550011875433685,0.013238890545266363,-1.846135090265224,-0.41651311899986865
10.975,-0.4394008911891649,7.137687794689003,-0.0062501625717406835,-2.842412816594035,-0.4165446453585534
10.983333333333333,-0.37738065332307263,7.748766747721843,-0.03426445967901605,-3.8835372407448876,-0.4165867211408004
10.991666666666667,-0.31030635104030635,8.339401562136036,-0.07086472468166927,-4.881394010151635,-0.41664254673671836
11.0,-0.2387109219271221,8.813138602680489,-0.11500824028554628,-5.655940813466724,-0.41671362654457167
11.008333333333333,-0.1641171524025373,9.038080890340487,-0.16383439892073998,-5.967446139550555,-0.416796214981427
11.016666666666666,-0.08898770343923676,8.94012545701423,-0.21278073758432808,-5.681710402153525,-0.4168802167131578
11.025,-0.01585556069707489,8.578021267697876,-0.2571465089687917,-4.902518336605022,-0.41695496001511484
11.033333333333333,0.05360678477723841,8.080458325380977,-0.293768491188614,-3.861588157440317,-0.41701563564881994
11.041666666666666,0.11872745884802319,7.548126972588927,-0.3213070995022902,-2.7456602460718607,-0.4170630257503397
11.05,0.1794490362603133,7.029115634534427,-0.3395944131101816,-1.651123148936508,-0.4171000181162127
11.058333333333334,0.2359554680459479,6.537007003900804,-0.3489876462856976,-0.6139611680358574,-0.4171293809022165
11.066666666666666,0.2884682737044074,6.069618975217663,-0.3500082773790537,0.35830344519635715,-0.41715310080488344
11.075,0.3371630668322928,5.619224962679565,-0.3431869907888418,1.2690793972793444,-0.417172501081992
11.083333333333334,0.3821445654466998,5.176966506122391,-0.3290088729687748,2.1251828210387425,-0.41718877064323145
11.091666666666667,0.42344509211847575,4.734471778661336,-0.3078981016328643,2.9341891540707965,-0.4172031411016367
11.1,0.4610310932508721,4.284329066014382,-0.28021530642855225,3.703749936601076,-0.41721687448515327
11.108333333333333,0.4948113399104365,3.820087142394334,-0.24625677449791528,4.441708410922154,-0.41723126715304354
11.116666666666667,0.5246442238997849,3.336066478252403,-0.20625128236126405,5.1565006921303755,-0.41724767011561875
11.125,0.5503431296354183,2.8270992569951647,-0.1603531996109497,5.8576259884025506,-0.4172675268478042
11.133333333333333,0.5716795822581106,2.2882671073093404,-0.10863179418060231,6.556070281196259,-0.41729243321787274
11.141666666666666,0.588384503710446,1.7147312874529994,-0.051057654577829084,7.264541909957939,-0.4173242261013334
11.15,0.6001491068145864,1.1018683916335315,0.012511054637591836,7.997193815092202,-0.4173651062861631
11.158333333333333,0.6066298045310353,0.4462244107229938,0.08233531783516876,8.768011239497236,-0.41741779052009204
11.166666666666666,0.6074682248184321,-0.2515335496029756,0.15877680299915428,9.585907082559658,-0.417485645320278
11.175,0.6023519110124865,-0.979291335607797,0.24221160354059365,10.442469720029155,-0.41757266796871584
11.183333333333334,0.5911653730572051,-1.6987535373658402,0.3327916572766883,11.286933896896418,-0.41768292571114823
11.191666666666666,0.5742896370722675,-2.326441726889868,0.429950486795175,11.99289494024395,-0.4178181987555004
11.2,0.5529924832638426,-2.7386097562777976,0.5317381351347079,12.363488394102593,-0.4179734202559843
11.208333333333334,0.5295125867204195,-2.8434797258663633,0.6346407375844512,12.249133423173912,-0.4181340646510751
11.216666666666667,0.5063878383250707,-2.668515580730407,0.7346473871975868,11.692762311527881,-0.418282272737863
11.225,0.48548325459918706,-2.3324727269491605,0.8288234105023079,10.884583288691532,-0.41840698866861603
11.233333333333333,0.46764196251507273,-1.9482897099505492,0.9158603710309237,10.00256165263893,-0.41850638307142973
11.241666666666667,0.45296192335081503,-1.5807669945508505,0.9956056079249053,9.14469869566573,-0.4185836984150184
11.25,0.4411739125958609,-1.2565156862194302,1.0684427164877346,8.347326590634953,-0.4186433830277082
11.258333333333333,0.4318801645795372,-0.9823516900112812,1.1349124454416428,7.616103577444067,-0.41868941961107137
11.266666666666666,0.42466608646649195,-0.756811875332924,1.1955446875210043,6.944881012025187,-0.4187249488358407
11.275,0.4191434946656053,-0.5755866527967979,1.2508011026692742,6.324301198032491,-0.41875234938471234
11.283333333333333,0.4149635748467549,-0.43375447235821113,1.3010646176367036,5.7451318154117,-0.4187734124966208
11.291666666666666,0.4118179802837752,-0.326595910574774,1.346645862245662,5.199331715909641,-0.41878949955808453
11.3,0.40943593607709255,-0.24982703668159523,1.3877941941451792,4.680230501246997,-0.41880166129749624
11.308333333333334,0.40758047034950284,-0.1996125239071245,1.4247086925689803,4.182399551198677,-0.4188107226577176
11.316666666666666,0.4060449009093865,-0.172505965167272,1.4575476482713101,3.701442143748489,-0.41881734200533627
11.325,0.40464990585893534,-0.16537492904983078,1.4864362842232448,3.2337862857288853,-0.418822052278604
11.333333333333334,0.40324120415708736,-0.17533129270443418,1.5114728628758474,2.7765065826356308,-0.4188252896769435
11.341666666666667,0.40168777219856416,-0.1996725850203193,1.5327334492945768,2.3271796354906593,-0.41882741377144844
11.35,0.39988050192076774,-0.23583447963302862,1.5502755991619932,1.8837698157550835,-0.41882872165656665
11.358333333333333,0.3977312139746833,-0.2813527516106618,1.5641412033760833,1.4445401554145847,-0.41882945789629267
11.366666666666667,0.39517195554963114,-0.3338326751461181,1.5743586759319417,1.0079829855588138,-0.4188298214352135
11.375,0.39215452865793715,-0.3909240390089663,1.5809446290026403,0.5727654672267526,-0.4188299702564695
11.383333333333333,0.388650208485859,-0.4503002966155757,1.583905141169119,0.1376857509356192,-0.41883002431095834
11.391666666666666,0.38464962217635573,-0.509640844444182,1.5832366926605896,-0.2983630951095222,-0.4188300677300739
11.4,0.3801627605708856,-0.5666167714898296,1.5789268490552624,-0.7364175389863911,-0.41883017031273817
11.408333333333333,0.3752191081668929,-0.6188758458530419,1.5709547106345132,-1.1774805422197665,-0.41883043007537457
11.416666666666666,0.3698679003547525,-0.6640277908380023,1.5592910110273632,-1.62256364448064,-0.4188309839671648
11.425,0.36417849860101786,-0.6996301862213495,1.543897874079445,-2.0727294301156434,-0.41883201073477566
11.433333333333334,0.35824088869012743,-0.7231727953819048,1.5247281787082874,-2.52914385318386,-0.4188337349380212
11.441666666666666,0.35216632153625177,-0.732058711528932,1.501724432321846,-2.9931425900228477,-0.41883643251419334
11.45,0.34608813172837827,-0.7235801303258964,1.474817016441515,-3.466316238216613,-0.41884043846257024
11.458333333333334,0.3401627903778306,-0.6948857749881258,1.443921623848133,-3.9506202388185288,-0.4188461575132323
11.466666666666667,0.3345712774191028,-0.6429360698637386,1.4089356519226737,-4.448516821177885,-0.41885407907339095
11.475,0.32952089505283866,-0.5644412179647266,1.3697332489984568,-4.963157985305515,-0.41886479838448054
11.483333333333333,0.32524768712300345,-0.4557768167421565,1.3261586285341198,-5.498620079397809,-0.41887904678985
11.491666666666667,0.3220196712196234,-0.3128727426679337,1.278017176651732,-6.060200291724023,-0.41889773548082043
11.5,0.3201411064915352,-0.1310769557936784,1.2250638133029768,-6.654778607191977,-0.4189220192989339
11.508333333333333,0.3199579406444435,0.09498488841323674,1.166988126487012,-7.2912222179877215,-0.4189533903725701
11.516666666666666,0.32186421228380097,0.37147728256914186,1.1033962761472784,-7.980725957557795,-0.4189938176831631
11.525,0.32630802576619006,0.7051260472454347,1.0337913671633039,-8.736748310356322,-0.41904595928453975
11.533333333333333,0.3337924855356712,1.1020785682838665,0.9575590491652349,-9.573565032997745,-0.41911345697577107
11.541666666666666,0.34485835639794826,1.5642601744624502,0.8739790711635925,-10.500826420890462,-0.41920127451586353
11.55,0.36001417898654386,2.079555166601544,0.7823185764747588,-11.507931185531557,-0.41931583180911347
11.558333333333334,0.3795378800383734,2.5997734454493964,0.682134331329466,-12.527688875581338,-0.41946403759046186
11.566666666666666,0.4030406232791271,3.0081413834123,0.5739735369453929,-13.380929512066395,-0.4196491522548551
11.575,0.4288566419020927,3.124216052403217,0.46038605792795867,-13.780745310967076,-0.41986240839378697
11.583333333333334,0.45394700494358053,2.829090498136862,0.34611916107905183,-13.536349773603915,-0.4200790230210373
11.591666666666667,0.4750636854265402,2.1977037492009477,0.23624426984717561,-12.770801940705017,-0.4202718763221236
11.6,0.49015126758807587,1.4114033187426676,0.13390135332729455,-11.774943708041922,-0.420428489556833
11.608333333333333,0.4985417091281,0.6060752177144829,0.04004116298136009,-10.758044281849921,-0.420550326549208
11.616666666666667,0.5003725172543481,-0.1574457803877846,-0.04557953511304534,-9.803765177127898,-0.4206439430114011
11.625,0.49608322999010296,-0.8618662791539129,-0.12356816555812458,-8.925480785329901,-0.4207158182083047
11.633333333333333,0.4861722399166687,-1.5073387673965655,-0.19451337248066428,-8.11033144102471,-0.4207711246555851
11.641666666666666,0.4711094535648836,-2.0993577746966072,-0.2588624918819203,-7.33919737261251,-0.42081381852017014
11.65,0.45131356620831226,-2.6443377820907314,-0.3169045870883475,-6.593815824111013,-0.4208469301529155
11.658333333333333,0.427150877151982,-3.148363000457128,-0.36878773361853456,-5.858725524414927,-0.42087284744656966
11.666666666666666,0.3989388982199695,-3.6170846874024183,-0.41454353018926765,-5.121383907696198,-0.4208935280621997
11.675,0.36694899788601565,-4.0559803376676875,-0.45410968730848894,-4.371703314949012,-0.4209106440030636
11.683333333333334,0.3314064517134842,-4.470691043030781,-0.48734793536910265,-3.601427913323614,-0.42092567524899904
11.691666666666666,0.29248771603998286,-4.867342546957371,-0.5140565669785976,-2.8034792642049724,-0.4209399675093189
11.7,0.2503152023708269,-5.252821397830732,-0.5339775405297238,-1.9713101591089255,-0.42095476510724894
11.708333333333334,0.20494999494173166,-5.634988141922832,-0.5467983614514577,-1.0983078640283084,-0.4209712261168256
11.716666666666667,0.15638321085873338,-6.022775173371888,-0.5521495478564191,-0.1773615243470698,-0.42099042285017524
11.725,0.10452753656817347,-6.426000059490166,-0.5496001770281125,0.799077191355468,-0.4210133402486078
11.733333333333333,0.049213025534197576,-6.854411786907305,-0.5386588220871288,1.8375544424354624,-0.4210411523612027
11.741666666666667,-0.00980253692538924,-7.314875709926064,-0.5187979835708465,2.9389534034790605,-0.42107576540025343
11.75,-0.0727837714730188,-7.804113827079031,-0.48954513129000504,4.0861385435549336,-0.4211200196646566
11.758333333333333,-0.13987447514415233,-8.292854281507148,-0.45073318042073485,5.216879718272281,-0.4211774090906864
11.766666666666666,-0.21078183464623548,-8.701563634438909,-0.4030447363231653,6.182749157516738,-0.42125047618791844
11.775,-0.28430295386667875,-8.895458968029237,-0.34881773287609175,6.742416025045827,-0.42133707436158496
11.783333333333333,-0.35810911815277535,-8.759725834623246,-0.2923849419362356,6.694537878157415,-0.421427325470877
11.791666666666666,-0.4294296066382658,-8.315606758503083,-0.23883716883666734,6.080192547445723,-0.4215080860937481
11.8,-0.4962274117915632,-7.699687871714584,-0.1919350016730739,5.145440530657166,-0.4215718975382638
11.808333333333334,-0.5576438835776806,-7.040435933541066,-0.15330865633428464,4.124219514258124,-0.42161887286131294
11.816666666666666,-0.6136371326974216,-6.404549943701472,-0.12307984172320369,3.1428478804286706,-0.4216525796046123
11.825,-0.6645114872809491,-5.813050298182077,-0.10068759374775194,2.2467780755851163,-0.42167676923620256
11.833333333333334,-0.7106449430309424,-5.265852943409183,-0.08537605613759212,1.4429844141227819,-0.4216943181412097
11.841666666666667,-0.7523786966978441,-4.755703562164445,-0.07640124309110029,0.7242682932993848,-0.4217072088721344
11.85,-0.7899857195065921,-4.274042042857878,-0.07309912608612203,0.07964470169512505,-0.4217167604649761
11.858333333333333,-0.8236700008767839,-3.8130414095311753,-0.07489878228423205,-0.5019235221487699,-0.4217238502085865
11.866666666666667,-0.8535754056946026,-3.366119402279273,-0.08131732462060735,-1.0304667434843207,-0.4217291277938333
11.875,-0.8797960277821323,-2.927883034629166,-0.09195097650377383,-1.5149730464691342,-0.42173315853233634
11.883333333333333,-0.9023852254065043,-2.4939073020070297,-0.10646737841713969,-1.9636447048396812,-0.4217364463717959
11.891666666666666,-0.921362632319401,-2.060480831850907,-0.12460033000276517,-2.384209719741738,-0.4217394445720875
11.9,-0.9367190599483025,-1.6243574950044333,-0.14614710748342993,-2.7842222770098575,-0.42174256788010384
11.908333333333333,-0.9484193932870557,-1.1825235532822,-0.17096817123309732,-3.171335710962596,-0.42174620617894654
11.916666666666666,-0.9564036081699611,-0.7319792054408233,-0.19898904653155525,-3.5535524066931043,-0.4217507402421176
11.925,-0.9605860222282174,-0.2695333371482407,-0.2302042136025165,-3.939456447879434,-0.4217565607379671
11.933333333333334,-0.9608529105688889,0.208381065273764,-0.2646828447874399,-4.338420564927951,-0.42176409231913886
11.941666666666666,-0.957058774703753,0.705836060632799,-0.30257600180383226,-4.760734775150811,-0.42177384204084784
11.95,-0.9490220195361131,1.2274035760464663,-0.34412414961441595,-5.21752109733956,-0.42178650981185584
11.958333333333334,-0.9365218672442761,1.7778087550219162,-0.3896619774170374,-5.720080869468492,-0.4218030944318559
11.966666666666667,-0.9193011729084783,2.3607444429471465,-0.4396127266408536,-6.277830059844845,-0.42182500042952037
11.975,-0.8970858907767145,2.9758306725076364,-0.49445378041221977,-6.893069452262277,-0.4218541343778951
11.983333333333333,-0.8696434264981754,3.6119931650844324,-0.5546153885030424,-7.549591243693967,-0.42189287251436725
11.991666666666667,-0.8369164827616208,4.235997481829714,-0.6202491674723211,-8.192844818547858,-0.42194358802841214
12.0,-0.7992592255918117,4.781367845839013,-0.690818461177147,-8.710427919844834,-0.4220072405130625
12.008333333333333,-0.7576949526981506,5.159258588046792,-0.7646457612576605,-8.949799959844391,-0.4220811086001193
12.016666666666666,-0.7139080082854763,5.311109615599442,-0.838907860296211,-8.80774177626274,-0.4221578874774587
12.025,-0.6697496704191873,5.258711726927757,-0.910461418658334,-8.31645213526596,-0.42222882590130884
12.033333333333333,-0.6266074091823438,5.082011714826622,-0.9769103356921344,-7.606943633114941,-0.4222883366091841
12.041666666666666,-0.5851741343771217,4.859293619196832,-1.037000883006624,-6.8080796720045695,-0.4223352227119912
12.05,-0.5456108312098262,4.6386805128546875,-1.0903528841811105,-5.998565873271956,-0.42237094461115016
12.058333333333334,-0.507795607147474,4.44176248040321,-1.1370464493087618,-5.213264493972546,-0.4223977835159668
12.066666666666666,-0.47149751933842243,4.274837703336065,-1.1773367540274078,-4.462222244740134,-0.42241791812824087
12.075,-0.43646725369419154,4.137004989860241,-1.2115090761980645,-3.7442703919587057,-0.4224331431670196
12.083333333333334,-0.4024771959638749,4.02443014537914,-1.2398186114434426,-3.0541427833933,-0.4224448568825207
12.091666666666667,-0.369336630435739,3.9322945490748062,-1.2624716454281049,-2.3857011809650883,-0.42245412495800677
12.1,-0.33689608389934406,3.8555961022905314,-1.279624624446096,-1.733248311531611,-0.422461749341121
12.108333333333333,-0.3050474477992585,3.789432604901923,-1.2913900989224723,-1.0919821591151901,-0.4224683222905291
12.116666666666667,-0.27372278038285797,3.72906783108624,-1.2978447101322579,-0.4580849128095006,-0.42247426380915476
12.125,-0.2428929581077359,3.6699161315781152,-1.299037204226462,0.1713368865148991,-0.4224798456559644
12.133333333333333,-0.21256656580432431,3.607507662040659,-1.294995695159196,0.7983597088544578,-0.42248522900379715
12.141666666666666,-0.1827890687951815,3.5374551131022605,-1.2857339465649138,1.4243805953475024,-0.4224905942053166
12.15,-0.15364225427378408,3.4554254234031676,-1.2712562627140567,2.050303290044247,-0.4224962116686606
12.158333333333333,-0.12524383661989752,3.3571280660597345,-1.2515608278742283,2.676725700862203,-0.4225024481195369
12.166666666666666,-0.09774712168975086,3.2383112421310885,-1.226641393874887,3.304151563831967,-0.4225097717082793
12.175,-0.0713406972152017,3.0947579139859616,-1.1964870685471858,3.9332358086930626,-0.4225187590528972
12.183333333333334,-0.046248192694404965,2.922271058243774,-1.161079891561882,4.5650716881583016,-0.42253010565310134
12.191666666666666,-0.022728254126862434,2.7166342498211353,-1.1203898093026128,5.201529853672227,-0.4225446422309706
12.2,-0.0010750092489260482,2.473530136780833,-1.0743665593949094,5.845663905605251,-0.42256336105758485
12.208333333333334,0.018380539798411363,2.18839549998683,-1.0229278252545664,6.502204562124206,-0.4225874584811333
12.216666666666667,0.035267565866472846,1.8561878694794258,-0.9659427920483925,7.17817578123623,-0.42261840319157545
12.225,0.049170060624909064,1.4710374500840206,-0.9032099055436644,7.883678258911471,-0.42265804515208266
12.233333333333333,0.059618035129432166,1.0257684133805356,-0.8344272395920801,8.632885509057314,-0.42270878910617093
12.241666666666667,0.06607427655698853,0.5113265584309824,-0.7591536807075845,9.44523642453278,-0.4227738711784867
12.25,0.06791662672897217,-0.08365091400986237,-0.6767602077285115,10.346518441333247,-0.42285779805622126
12.258333333333333,0.06441999916152492,-0.772203598123549,-0.5863766678336519,11.36845503313613,-0.42296704199357527
12.266666666666666,0.054757485866512766,-1.5642417068650407,-0.48686323061995906,12.541793609222715,-0.4231111470674984
12.275,0.03808773902194635,-2.4482087917137902,-0.376914466687208,13.867275117480649,-0.4233037407873694
12.283333333333333,0.013920683706267898,-3.338467505256464,-0.2556159727124634,15.22873990563289,-0.4235606547444829
12.291666666666666,-0.016902469037552756,-3.9888519275164005,-0.12403428249978807,16.245089080935777,-0.423887129352557
12.3,-0.0509020899569512,-4.053659172079986,0.012582505996752702,16.360614225366795,-0.4242517355690487
12.308333333333334,-0.08264803137049583,-3.4803914398738574,0.14583472902420325,15.49043500983276,-0.4245904948418865
12.316666666666666,-0.10803276517244584,-2.588539658833585,0.2694684393653097,14.150679139879182,-0.4248621403377324
12.325,-0.12572084682403917,-1.6651560302715753,0.3816549505913046,12.791328855966762,-0.42506634412725014
12.333333333333334,-0.13602332039954687,-0.824557826974745,0.48306627214081704,11.574657826274352,-0.42521850768424974
12.341666666666667,-0.13975522906644602,-0.0881764498132535,0.5750032905180644,10.51429204666877,-0.4253332057198591
12.35,-0.13776095830087193,0.5518327066337709,0.658658010793082,9.581152409685208,-0.42542084074523123
12.358333333333333,-0.1307889155052551,1.1086590300631993,0.7349491875291568,8.741832085136455,-0.42548846504358107
12.366666666666667,-0.11948100490244398,1.5942313017417982,0.8045376984302733,7.968434694612392,-0.42554096852724865
12.375,-0.10438955700366517,2.018117483548283,0.867880015111896,7.239716477508981,-0.42558184608021093
12.383333333333333,-0.08599592322753313,2.3878819646174194,0.9252800836205896,6.540104681166375,-0.4256136859397707
12.391666666666666,-0.0647246568449228,2.709690280879131,0.9769313356148979,5.858450952687257,-0.4256384768043973
12.4,-0.04095287812211506,2.9888377145949496,1.022948925890793,5.186957162830346,-0.4256577992442382
12.408333333333333,-0.015015797915663842,3.23014143215995,1.0633939432929689,4.520319085804971,-0.4256729446700706
12.416666666666666,0.012790489241712904,3.438207706792019,1.0982912508351232,3.8550450422471907,-0.4256849887864903
12.425,0.04220801222799421,3.6176015138079025,1.1276422043046401,3.1889008641795673,-0.4256948363287591
12.433333333333334,0.07301703375101287,3.772946095397924,1.1514331405099945,2.520444676573194,-0.42570324780464897
12.441666666666666,0.10503678429657402,3.908976765446958,1.1696402751874848,1.8486272167494744,-0.42571085521881713
12.45,0.13812652590056385,4.030569333174332,1.1822314863464338,1.1724418912359102,-0.42571817129443656
12.458333333333334,0.17218680549529644,4.1427595769583485,1.1891653500429935,0.49061379875739125,-0.4257255949343988
12.466666666666667,0.20716087697850774,4.250765833047154,1.1903877199649655,-0.19867959487211298,-0.42573341434161416
12.475,0.24303633722210935,4.360016519399878,1.1858261429662387,-0.8980424308813588,-0.4257418409930747
12.483333333333333,0.2798470022908821,4.476182449235733,1.175382529271248,-1.6110582292258142,-0.4257511824261083
12.491666666666667,0.317675064635569,4.6052034757601685,1.1589242161827045,-2.342457319930162,-0.4257619562764643
12.5,0.35665319662733813,4.753233344045871,1.136274311341784,-3.098097697690357,-0.4257749366550194
12.508333333333333,0.3969653955208859,4.926356080307171,1.1072036653983741,-3.884534353212118,-0.4257912174594917
12.516666666666666,0.4388434045252768,5.129723010980154,1.0714299669115925,-4.707599517342813,-0.42581229611274973
12.525,0.48255106053757324,5.3653374615516,1.0286369172569017,-5.568699214520341,-0.42584015776760703
12.533333333333333,0.5283396140311918,5.626979316695195,0.9785421139101779,-6.456276928623628,-0.4258772759507048
12.541666666666666,0.5763415115138225,5.8902048944112195,0.9210686778623047,-7.328925441425954,-0.42592628554760326
12.55,0.626360114902073,6.098198199607235,0.8566929213912602,-8.09142102020433,-0.42598883244392993
12.558333333333334,0.6775676162405377,6.1583050612225,0.7869475381950721,-8.588886412725959,-0.42606324997960143
12.566666666666666,0.7283337720578524,5.982027988597743,0.7147016387903661,-8.674926563470272,-0.4261425652011057
12.575,0.7765745585129468,5.559591462983192,0.643556064075778,-8.338309029097811,-0.42621664044092
12.583333333333334,0.8205352898223855,4.972668425557556,0.576505322269408,-7.723323791868204,-0.4262780630616062
12.591666666666667,0.8592819457705257,4.32297039518931,0.5151096301272499,-7.006613788578056,-0.42632504223489703
12.6,0.8925990328973059,3.677081054628726,0.45968593009163766,-6.302911765178358,-0.4263594950670452
12.608333333333333,0.9206589592429522,3.063726767003084,0.40988604691034675,-5.661003303212673,-0.4263843631018358
12.616666666666667,0.9437713361350041,2.4897555616866076,0.36513322942828635,-5.091543846440506,-0.4264022777363411
12.625,0.9622575706807298,1.9526659434596598,0.32484142108296393,-4.58872915574536,-0.4264152392210117
12.633333333333333,0.9764030109757551,1.4469788534704078,0.2885005011947458,-4.1413037688337875,-0.426424679492309
12.641666666666666,0.9864449163112788,0.9668849960115025,0.2556995667247143,-3.7371528240225196,-0.4264316033388964
12.65,0.9925742592553874,0.5071574350130272,0.22612607689998415,-3.3649175883684306,-0.42643671284241663
12.658333333333333,0.99494169182876,0.0633482917119717,0.19955741004351116,-3.0143901053079603,-0.42644049861494404
12.666666666666666,0.9936638399403401,-0.36828304981153936,0.1758513448640987,-2.676455543516235,-0.42644330431972777
12.675,0.9888285709825613,-0.7909275604142985,0.15493773165047772,-2.3428938535501302,-0.4264453952309686
12.683333333333334,0.9804988057703985,-1.207413119363125,0.1368120063910078,-2.006145278608562,-0.4264470191712743
12.691666666666666,0.9687147638282118,-1.62039076019007,0.12153064713739986,-1.6590825665031956,-0.4264484262679786
12.7,0.9534946712311063,-2.0325187754304657,0.10920848665126118,-1.29479124804125,-0.426449880508081
12.708333333333334,0.9348339173949829,-2.4466520755690944,0.10001786657920014,-0.906345029478245,-0.4264516695737993
12.716666666666667,0.9127025845755986,-2.8660447712380503,0.0941897365162032,-0.48656099118823676,-0.42645411367996044
12.725,0.8870412066824739,-3.294573622855141,0.0920169284503267,-0.027720358741528214,-0.4264575737915151
12.733333333333333,0.8577545689437761,-3.736983582701208,0.09385991541035164,0.47874522704491357,-0.4264624628259624
12.741666666666667,0.8247034298636515,-4.199136507709412,0.10015519240711937,1.042562335039359,-0.4264693085438158
12.75,0.7876943001010009,-4.688211966143173,0.11142601117809935,1.6748430027880288,-0.4264788713632671
12.758333333333333,0.7464683893553901,-5.212651102607346,0.12829348186430062,2.387845749515456,-0.4264922768365995
12.766666666666666,0.7006938143629622,-5.781288028905302,0.1514807096887586,3.193295979992804,-0.4265112068714729
12.775,0.6499728856094821,-6.4002454417500125,0.18178919811939234,4.096796654889959,-0.42653815239530396
12.783333333333333,0.5938949249305165,-7.064373961779347,0.21999453624344179,5.082778329087551,-0.42657662230377685
12.791666666666666,0.5322009456730568,-7.738138782958212,0.2665468294353827,6.081290938545188,-0.42663085417228663
12.8,0.46515354117729835,-8.327597930457653,0.3209164275823013,6.919824460651006,-0.4267038728963338
12.808333333333334,0.3940637409489743,-8.681988269953502,0.3806744692896924,7.327388959280561,-0.4267930083860743
12.816666666666666,0.32142875499400403,-8.69153088417199,0.4412634064916835,7.1063705896616804,-0.4268868872214026
12.825,0.2500476690646625,-8.401310818977143,0.4975596063010886,6.332274271742223,-0.4269715195816236
12.833333333333334,0.18183198518415813,-7.956652683149381,0.5459789718408296,5.259834225514579,-0.42703974018713764
12.841666666666667,0.11752799267929698,-7.476855506031682,0.5849996664636111,4.102883601808279,-0.42709202349330955
12.85,0.05715474274601828,-7.018389235091764,0.6144296731081462,2.968580431011987,-0.4271319699076411
12.858333333333333,0.00045152156910702873,-6.596559394833979,0.6346433957791989,1.8935751926691484,-0.42716320703117455
12.866666666666667,-0.05288209251941961,-6.208454418747701,0.6461694538928419,0.8831247866782039,-0.4271884362630276
12.875,-0.10309120262395662,-5.844974120912098,0.6495261253413337,-0.06835308255637845,-0.4272094120134128
12.883333333333333,-0.15033799543981144,-5.495797580516464,0.6451717573594797,-0.9688583213094636,-0.4272271810730474
12.891666666666666,-0.19470032825279948,-5.151156543666927,0.6334990227164532,-1.825935055648623,-0.42724257528386667
12.9,-0.23617883177892535,-4.802313373942759,0.6148418753337582,-2.6461329601335084,-0.4272565196508221
12.908333333333333,-0.27470581030823404,-4.441594901667154,0.5894831181670063,-3.435250929403669,-0.42727003992455626
12.916666666666666,-0.31015364053951416,-4.062262861558842,0.557658580416923,-4.1988625597723495,-0.42728426073578385
12.924999999999999,-0.34234176652079973,-3.658314366054698,0.5195564447045704,-4.94293597673065,-0.42730041568378097
12.933333333333334,-0.37104183128406015,-3.224234964646062,0.4753112707359273,-5.674481785345556,-0.42731987243003794
12.941666666666666,-0.3959805496868843,-2.754702818431686,0.4249925581340502,-6.40221533873949,-0.4273441793840104
12.95,-0.4168399144526656,-2.244246682668187,0.3685877405167846,-7.137228908640114,-0.42737514426432327
12.958333333333334,-0.4332544716434337,-1.6868968922578933,0.30597966082681594,-7.893628775303969,-0.4274149593982301
12.966666666666667,-0.4448061060695569,-1.0759777830586772,0.23691948626555215,-8.688933589269956,-0.42746639360144645
12.975,-0.4510190702379947,-0.4044938090669585,0.1609993799021318,-9.543546860953448,-0.42753307043336447
12.983333333333333,-0.4513646238792625,0.33262130963230707,0.07763969859375058,-10.477260372855254,-0.4276198240959385
12.991666666666667,-0.4453024827585685,1.1311091297411322,-0.013865194841423659,-11.49731704818477,-0.4277330484130245
13.0,-0.4324277713528381,1.958043649684195,-0.11412805989776514,-12.566331177394922,-0.42788052352741945
13.008333333333333,-0.41285301351273723,2.7150891734542193,-0.223054600049578,-13.539740743294367,-0.42806841912699295
13.016666666666666,-0.38788577796508433,3.216384916619754,-0.3387131586995674,-14.124479257295482,-0.42829264490899693
13.025,-0.36046216544391,3.288011482675358,-0.4565646114599582,-14.038799117501014,-0.42852993861504773
13.033333333333333,-0.3342257575074232,2.9556139251753337,-0.5709133001202544,-13.322783854446834,-0.4287475156694517
13.041666666666666,-0.31178080237371336,2.4132096275134765,-0.6777331508817896,-12.287877601679584,-0.42892600130073993
13.049999999999999,-0.29410404632483317,1.832046072401388,-0.7755867653954961,-11.202663879638397,-0.4290643288792718
13.058333333333334,-0.281119884879624,1.2946786635838035,-0.8646501891779959,-10.188637334263264,-0.42916967491982194
13.066666666666666,-0.27233222446705263,0.826374484580174,-0.9456804821591958,-9.275453524001959,-0.4292499638232781
13.075,-0.26715077738125503,0.4284864539961887,-1.0195041558954288,-8.456717689858149,-0.42931153054689053
13.083333333333334,-0.2650124418262823,0.0947685647792969,-1.0868435444912607,-7.716397075808286,-0.42935900538171673
13.091666666666667,-0.2654144269907591,-0.182451688173454,-1.148283417803219,-7.03832092512846,-0.4293957156350747
13.1,-0.2679162949953281,-0.4103152502014382,-1.204283668626191,-6.408861581887491,-0.4294240828867906
13.108333333333333,-0.2721331552924408,-0.5949988808725039,-1.2552026970164623,-5.817256684424827,-0.42944591356770484
13.116666666666667,-0.27772770222506166,-0.7417715122500439,-1.3013199440268461,-5.255237003470258,-0.42946258637347123
13.125,-0.28440336231067953,-0.8551713046018304,-1.3428545849946356,-4.71652578723913,-0.42947517616915637
13.133333333333333,-0.29189896192385406,-0.93918329991515,-1.3799801742371132,-4.196381034158776,-0.4294845371537625
13.141666666666666,-0.2999847474204721,-0.9973842690876447,-1.4128358101104288,-3.6912195828112853,-0.4294913590118967
13.15,-0.30845945917286755,-1.0330513381591107,-1.4415345035638232,-3.1983199867399814,-0.42949620519600457
13.158333333333333,-0.31714817837221454,-1.049240025055553,-1.4661693529387663,-2.715590718908996,-0.42949953932911816
13.166666666666666,-0.32590072223957905,-1.0488390212887477,-1.4868180106351834,-2.241389869416933,-0.42950174365113875
13.174999999999999,-0.33459042239503484,-1.034608376448012,-1.503545820634806,-1.7743847316377224,-0.4295031320916113
13.183333333333334,-0.3431131714242383,-1.0092064684180053,-1.516407919494348,-1.3134421003061434,-0.42950395967689425
13.191666666666666,-0.3513866621789651,-0.9752098804819345,-1.5254505255269002,-0.857542071464512,-0.429504429399168
13.2,-0.3593497741023611,-0.9351292437980407,-1.530711587109791,-0.4057095629084391,-0.42950469728253066
13.208333333333334,-0.36696208274741543,-0.8914232758431411,-1.532220917233941,0.043041243752286636,-0.4295048761109233
13.216666666666667,-0.37420348284751814,-0.8465118795588317,-1.5299999134835625,0.4897496789214021,-0.42950504277152973
13.225,-0.381073917069491,-0.8027893174097529,-1.5240609797208193,0.9355421736262782,-0.42950527899865887
13.233333333333333,-0.3875932361722925,-0.7626424414419275,-1.5144065958559914,1.381681979664222,-0.4295057036407164
13.241666666666667,-0.39380121785506383,-0.7284703546103456,-1.5010279915655023,1.8296132109967154,-0.42950647587296875
13.25,-0.39975776157798626,-0.7027073553375625,-1.4839034473187096,2.2810080788025657,-0.42950779778650333
13.258333333333333,-0.4055432930828255,-0.6878504727577452,-1.4629961665883848,2.7378231802734465,-0.42950991898338764
13.266666666666666,-0.41125942061725074,-0.6864924786276969,-1.4382516285859228,3.2023684834301416,-0.4295131438023958
13.275,-0.4170298914394835,-0.7013609970206585,-1.4095943013373946,3.6773923575671548,-0.4295178420707708
13.283333333333333,-0.4230018990349871,-0.7353633586225805,-1.3769235712927834,4.1661847154712,-0.4295244646743386
13.291666666666666,-0.4293477791221233,-0.7916341742289098,-1.3401087416454682,4.672696542826971,-0.42953356580579477
13.299999999999999,-0.43626708388311725,-0.873576040995632,-1.2989830005445604,5.201664313502105,-0.42954583452265116
13.308333333333334,-0.4439888888895062,-0.9848684690881938,-1.2533364408681726,5.758704093350271,-0.42956213917708136
13.316666666666666,-0.4527738536542553,-1.1293852014540446,-1.2029087059881467,6.350284569348066,-0.4295835890352331
13.325,-0.46291477550782395,-1.3108820176709888,-1.1473830509693679,6.98336104506352,-0.4296116167311635
13.333333333333334,-0.47473260854878385,-1.5321474684477654,-1.086386449413129,7.664170567318586,-0.4296480791919445
13.341666666666667,-0.4885610769300524,-1.7929645452054523,-1.0195067001853937,8.395105135687494,-0.4296953523511372
13.35,-0.5047053016600366,-2.0856501835052703,-0.9463504418005128,9.167571542055368,-0.42975632940879804
13.358333333333333,-0.523347245982131,-2.386498271721058,-0.866687698350833,9.94790256927552,-0.4298340757268653
13.366666666666667,-0.5443619162808699,-2.64347720567628,-0.7807453121056982,10.65657522251158,-0.42993064610822657
13.375,-0.5670463423529583,-2.7708616929609793,-0.6896513230792837,11.158164749968678,-0.4300446393802268
13.383333333333333,-0.589923261453589,-2.677278486999799,-0.5957670440056926,11.306372627729683,-0.43016865935552306
13.391666666666666,-0.6109547033876648,-2.3304283172834332,-0.5023498196000484,11.050406096168793,-0.43029048106946444
13.4,-0.6282133399017166,-1.7867227945637878,-0.4124635009322432,10.483263232908977,-0.43039908915176317
13.408333333333333,-0.6404533336256248,-1.1412934227929907,-0.3280636344746473,9.757964148565323,-0.4304894194944554
13.416666666666666,-0.6471648040358655,-0.4693807859932124,-0.24994036866135727,8.991089409744397,-0.43056169537104994
13.424999999999999,-0.6483175610226775,0.1884993799419959,-0.17816411446869176,8.240180513558396,-0.43061849404450714
13.433333333333334,-0.6441081559632211,0.8161670013597209,-0.11250976500175072,7.5225919059210735,-0.43066274907538815
13.441666666666666,-0.6348096647463486,1.4098367025606455,-0.05270064854692362,6.8360735271040385,-0.43069709060984074
13.45,-0.620701297920822,1.971012826944571,0.0014840451130550933,6.170834224860818,-0.4307237348743048
13.458333333333334,-0.6020401453091675,2.5031570870392668,0.05017312857557583,5.515165793232535,-0.4307445257135563
13.466666666666667,-0.5790512728921041,3.010375182945894,0.09339834577997436,4.857687587334317,-0.4307610286935166
13.475,-0.5519243552297908,3.497035264983919,0.1311007140029562,4.188051643646356,-0.43077462094592295
13.483333333333333,-0.5208116001444664,3.967780266486284,0.1631396190992097,3.4969937301633225,-0.4307865617966499
13.491666666666667,-0.48582485454725927,4.4276843934325925,0.1893010877528045,2.776128122278268,-0.43079804365630725
13.5,-0.44703126376500074,4.882427363288989,0.2093039979621815,2.0176841088306707,-0.43081022599880464
13.508333333333333,-0.40444774282163964,5.338386872414929,0.22280440521390824,1.214348929231396,-0.43082425458157503
13.516666666666666,-0.35803551324289495,5.802494803799341,0.2293998718704022,0.3594887794178956,-0.4308412652193455
13.525,-0.30769787274112415,6.281524159657392,0.22863907494319455,-0.5516617924301467,-0.4308623695219116
13.533333333333333,-0.25328870811749504,6.7800452261167266,0.22004967560577166,-1.518493582426843,-0.43088877907186746
13.541666666666666,-0.19464826383932582,7.2956218545696645,0.20321300616211935,-2.5267832915982615,-0.4309221995686684
13.549999999999999,-0.1316980547784361,7.809032855330476,0.1779400109410952,-3.5319740271390514,-0.4309648230060792
13.558333333333334,-0.06464140645987942,8.269216152819153,0.1446270475485617,-4.4336897123565455,-0.4310185975380379
13.566666666666666,0.005722559599485285,8.584952013501026,0.10480002964915955,-5.062780337823592,-0.4310833536904123
13.575,0.07775462448462847,8.655966699941903,0.06152098220955441,-5.2377766504995735,-0.4311545352363563
13.583333333333334,0.14920571287664772,8.44897032413903,0.01894914239508033,-4.8993500533276455,-0.4312238275516914
13.591666666666667,0.21798019841667043,8.030613372545508,-0.019037291286979587,-4.168138093131096,-0.4312839333564903
13.6,0.28275838497610073,7.506361603730747,-0.04996942430495479,-3.2367968219286207,-0.43133215772082345
13.608333333333333,0.3430138103211416,6.954609000879823,-0.0728446671383801,-2.2528319843833375,-0.43136950927424106
13.616666666666667,0.39870079465024627,6.413605404553097,-0.0875902150721744,-1.2938145473170581,-0.431398285460632
13.625,0.44997117544445225,5.895228629224418,-0.09456438413681013,-0.39027290962681555,-0.4314206392614036
13.633333333333333,0.49701591519550337,5.398782650706358,-0.09426942991569545,0.45068801355260185,-0.4314381599219549
13.641666666666666,0.5399968392025175,4.9188488992904045,-0.08721947540502956,1.2317954560950861,-0.4314519937358801
13.65,0.579024307163364,4.448854266170022,-0.07388823805576145,1.9593921552155027,-0.43146318647691634
13.658333333333333,0.6141543531879514,3.9824629378782457,-0.05469074260232414,2.6409891649689183,-0.4314727552913887
13.666666666666666,0.645392899929974,3.5140110541698832,-0.029977692140374844,3.2844550850114462,-0.43148168332295567
13.674999999999999,0.6727016212411857,3.03852790369671,-3.3234062411922026e-05,3.8979066872567243,-0.4314909288509422
13.683333333333334,0.6960031930222739,2.5515949667332736,0.03492764413125428,4.489859672838741,-0.43150144504843263
13.691666666666666,0.7151851273522014,2.0491612054374952,0.07476330769821957,5.0694351424024555,-0.4315142095048425
13.7,0.7301021590927722,1.5273936675646282,0.11941117360832842,5.646493706856929,-0.4315302645528595
13.708333333333334,0.7405778683276726,0.9826658277778146,0.16889370337441445,6.2315366339242715,-0.43155076969362555
13.716666666666667,0.7464074115471625,0.4118814627453673,0.2233215878244931,6.835055414249178,-0.4315770648355961
13.725,0.7473656647901423,-0.18645549557911367,0.2828870355551979,7.465647741692959,-0.4316107332716536
13.733333333333333,0.743230006460087,-0.8096203309559151,0.3478317900710779,8.125533552901953,-0.43165364909014564
13.741666666666667,0.7338356474628667,-1.4452573219489522,0.41835956243335076,8.801305400832499,-0.431707977503059
13.75,0.7191909369135909,-2.0624585872833228,0.4944453727217707,9.448501142431663,-0.43177573040215783
13.758333333333333,0.6996711909551885,-2.603304385406821,0.5755072533405914,9.976422716593685,-0.431857466693935
13.766666666666666,0.6762313419187306,-2.9903950266173718,0.6600359601625336,10.25933574318255,-0.431950275773851
13.775,0.6504236869609495,-3.1666701015830405,0.7455406023083224,10.202245470111933,-0.4320468238002108
13.783333333333333,0.6240219702091073,-3.140435607091142,0.8291509978320603,9.816604921088917,-0.4321378719829627
13.791666666666666,0.5984619460486109,-2.978009453709032,0.9085330647512241,9.208911406828022,-0.43221670583144073
13.799999999999999,0.5745542364731142,-2.755013529810436,0.982356322513384,8.50016738245276,-0.4322810260649543
13.808333333333334,0.552564264308001,-2.5242222905791647,1.0501558390752959,7.773177712668649,-0.43233170326097947
13.816666666666666,0.5324277408303297,-2.3130948280138015,1.111975784989205,7.06926452791165,-0.4323708904938483
13.825,0.5139269111406013,-2.1325737948192955,1.1680835105607363,6.4033098019288905,-0.43240087876610916
13.833333333333334,0.4967929285357228,-1.9850224031989416,1.2188081639202661,5.7769836274795,-0.4324236579337195
13.841666666666667,0.48075569698069454,-1.86892786082662,1.264466067039056,5.186424448270222,-0.4324408317779676
13.85,0.46556513719404646,-1.7812585020316867,1.3053322483900653,4.625987929030785,-0.4324536600672414
13.858333333333333,0.4509987567897999,-1.7185377071132653,1.3416334174618954,4.089888070883593,-0.43246312881835725
13.866666666666667,0.43686320873952383,-1.677290691662633,1.3735498872470584,3.5728332122317594,-0.4324700149108699
13.875,0.4229934892171977,-1.654202398188489,1.4012206756105263,3.07021516663583,-0.4324749369087701
13.883333333333333,0.4092514220175609,-1.6461486768817337,1.4247492939851565,2.5781134110660906,-0.43247839249316505
13.891666666666666,0.3955241322478485,-1.6501758164263258,1.4442092381003837,2.093231796809568,-0.43248078505359655
13.9,0.38172277975849295,-1.6634622873020994,1.4596488582586347,1.612818029022058,-0.43248244203123465
13.908333333333333,0.3677816302462306,-1.6832774927382812,1.4710955612181689,1.134585577675491,-0.43248362711465305
13.916666666666666,0.35365745962842376,-1.7069436310497812,1.478559394926795,0.656643996652324,-0.4324845478676558
13.924999999999999,0.3393292548206246,-1.7318028801881682,1.4820360886742523,0.17743761974984298,-0.4324853599525299
13.933333333333334,0.32479816350637586,-1.7551905737558071,1.4815096099229135,-0.30430906937141966,-0.4324861694571695
13.941666666666666,0.3100876367835266,-1.774415826018384,1.4769543154726295,-0.7896338544228607,-0.43248705852790686
13.95,0.29524371848895103,-1.7867444151536758,1.4683367109648067,-1.2793954460797956,-0.43248814371927347
13.958333333333334,0.2803354679857053,-1.789385054450835,1.4556166492008047,-1.774342905689115,-0.43248959287159505
13.966666666666667,0.26545547713211765,-1.7794797320077065,1.4387479520140376,-2.275187735007367,-0.4324916293115071
13.975,0.25072046428608136,-1.7540944479389016,1.4176783713584085,-2.782691344295099,-0.4324945371558627
13.983333333333333,0.23627195375476806,-1.7102073978958667,1.3923487386916131,-3.297773328407396,-0.4324986682265918
13.991666666666667,0.22227707800235513,-1.6446905375864445,1.362691104459015,-3.8216466912860665,-0.4325044513367134
14.0,0.20892957971923595,-1.554278986214243,1.328625612653313,-4.355987636913265,-0.4325124051719035
14.008333333333333,0.19645114441663278,-1.4355208978986478,1.290055782908118,-4.903149879430972,-0.43252315666536
14.016666666666666,0.185093264367363,-1.2846982959664133,1.2468617761163037,-5.466436870122633,-0.4325374677660941
14.025,0.17513992305471257,-1.0977072254443996,1.19889108965646,-6.050449860342741,-0.43255627503613797
14.033333333333333,0.1669114921704712,-0.8698845384535443,1.145945959542858,-6.661534143278921,-0.43258074891958426
14.041666666666666,0.16077032948366762,-0.5957722081339161,1.0877665561051806,-7.308345267730821,-0.43261238334225116
14.049999999999999,0.1571285806666215,-0.2688289031251263,1.024008943361343,-8.002535298627045,-0.4326531322672095
14.058333333333334,0.15645838639227194,0.11883588612842808,0.9542170775157458,-8.759466093345187,-0.43270561851973915
14.066666666666666,0.1593033645927982,0.5764227952780787,0.8777899672495566,-9.598537826898633,-0.43277345799759087
14.075,0.16628579045363984,1.1132109536085426,0.7939519152986977,-10.541739109483528,-0.43286177485223565
14.083333333333334,0.17809058954815984,1.7335432589088031,0.7017552109325524,-11.606182405626747,-0.4329778536345712
14.091666666666667,0.19537050690190574,2.421288717911666,0.6002057096374329,-12.779296033657646,-0.4331314792038873
14.1,0.2184363901547111,3.101781103605936,0.48873930305702706,-13.955771637755715,-0.43333311867347446
14.108333333333333,0.24653797042879455,3.588301625048409,0.3683886929903835,-14.845615032083169,-0.43358545916325564
14.116666666666667,0.27697501097098404,3.62562340618437,0.24327541279201043,-15.03954380049423,-0.43386795900378744
14.125,0.30548311073326295,3.1409850900193153,0.12003877662294288,-14.420931712920906,-0.4341378862913373
14.133333333333333,0.3284500413380252,2.3414416894274734,0.004248664049503701,-13.325951594986554,-0.43436246246765936
14.141666666666666,0.3443043586244811,1.4642066372315776,-0.10180218492237292,-12.130107528260089,-0.4345360203415689
14.15,0.3529786210557271,0.6292477426798101,-0.19814414593883398,-11.01052601631779,-0.4346673267875586
14.158333333333333,0.3550103566234738,-0.12804458921619943,-0.28563555220561243,-10.006270944577931,-0.4347668934608674
14.166666666666666,0.35106511776680455,-0.8061890261191488,-0.36519982866030726,-9.10412820177301,-0.43484294822119474
14.174999999999999,0.3417714306251361,-1.4132291745834595,-0.43758394042992593,-8.278707696707919,-0.43490140717858833
14.183333333333334,0.32768322483270756,-1.9583325498560593,-0.5033236037646597,-7.505756596876671,-0.4349465422665477
14.191666666666666,0.30928206000154884,-2.4495691287357233,-0.5627700421531082,-6.765414613071142,-0.4349815072708002
14.2,0.28698780079416814,-2.8937120214417504,-0.6161280493602114,-6.0423112495264055,-0.4350087144107656
14.208333333333334,0.26116810011339225,-3.2965916328589784,-0.6634906228699593,-5.324847198572474,-0.4350300832107936
14.216666666666667,0.23214443627659664,-3.663528543914653,-0.7048669195716538,-4.604365457157711,-0.43504719910441725
14.225,0.200194740666026,-3.999709207561512,-0.7402035262554801,-3.8743856246184256,-0.43506141200880677
14.233333333333333,0.16555323528710797,-4.310479946583267,-0.7693996875139028,-3.129917039016509,-0.43507389557123977
14.241666666666667,0.12840812853495284,-4.60156999988209,-0.7923170653957003,-2.3668290745791043,-0.4350856807884409
14.25,0.08889767852260853,-4.879263739994704,-0.80878441063104,-1.5812567642379336,-0.4350976730159361
14.258333333333333,0.047104966626375644,-5.1505404327862925,-0.818597389989155,-0.7690327558173263,-0.43511065804138915
14.266666666666666,0.0030516136981349464,-5.4231872754616415,-0.8215138346202067,0.07483738803725806,-0.4351253000197912
14.275,-0.04330923946423032,-5.705849953167641,-0.817245071309054,0.9565602102623962,-0.4351421649357692
14.283333333333333,-0.09209970261006264,-6.007894712418094,-0.8054454542327454,1.8835595196161445,-0.43516201756533945
14.291666666666666,-0.14352106635294506,-6.338776328016359,-0.7857048173102892,2.863614986613278,-0.43518616591934656
14.299999999999999,-0.1978475394173485,-6.706001824580538,-0.7575568432407785,3.9015195457419027,-0.43521665305810375
14.308333333333334,-0.2553906899862157,-7.109657663016704,-0.7205366386710468,4.989801652625697,-0.43525640702782387
14.316666666666666,-0.31639132843953616,-7.529721394188978,-0.674361794034101,6.0871019855838,-0.4353090923537198
14.325,-0.38076385137213226,-7.903589872254405,-0.6193647031179871,7.079961080231079,-0.4353779070698413
14.333333333333334,-0.4476551921560597,-8.11006550226802,-0.5572381858680557,7.756221210520596,-0.43546227686188393
14.341666666666667,-0.5150881516967578,-8.017010224037497,-0.4916254508004737,7.888530007504246,-0.4355538875311591
14.35,-0.580363430339262,-7.602331694081714,-0.42739278728641766,7.443539586544256,-0.43563885316568673
14.358333333333333,-0.6412240869737988,-6.98304679185781,-0.3685905533629236,6.63065622785127,-0.4357071056791564
14.366666666666667,-0.6965751544548021,-6.299376150366466,-0.3171983989348216,5.699762744176076,-0.43575697738582453
14.375,-0.7462691224818596,-5.633859241688199,-0.27349880989079606,4.800158631801629,-0.4357917287902545
14.383333333333333,-0.79060813977918,-5.016233465948473,-0.2369472941111314,3.9885227152481684,-0.43581548518305036
14.391666666666666,-0.8300159116689606,-4.4497702323108514,-0.20675105564855029,3.2744162359385807,-0.4358316077349921
14.4,-0.8648957610683901,-3.9281750688475006,-0.1821251589181143,2.6496534007639045,-0.43584249221635324
14.408333333333333,-0.8955866180692167,-3.443007314224472,-0.16237790219767131,2.101317861440497,-0.43584977713348333
14.416666666666666,-0.9223582364660707,-2.9863297243527653,-0.14692685866865637,1.6165139126734398,-0.4358545781486787
14.424999999999999,-0.9454191354482763,-2.5514219038763373,-0.13529161841763768,1.1837413841066948,-0.43585766352097227
14.433333333333334,-0.9649270734682108,-2.132798778484131,-0.12708107965862253,0.793044846743069,-0.43585957155626587
14.441666666666666,-0.9809985979147372,-1.7260162809787718,-0.1219814353392181,0.4357781595376686,-0.43586068638531694
14.45,-0.9937167443511155,-1.3274370740035861,-0.11974656946639135,0.10428926282856811,-0.43586128629773513
14.458333333333334,-1.0031368271665189,-0.9340110563447751,-0.12019103359977654,-0.20837572617927616,-0.4358615746285415
14.466666666666667,-1.0092905144839717,-0.5430833003605289,-0.12318530180362021,-0.5087226595890959,-0.435861705990906
14.475,-1.0121883942274639,-0.15222204819279841,-0.1286529745720283,-0.8030315423934927,-0.43586181060675805
14.483333333333333,-1.0118211687464096,0.24093867256530782,-0.1365697449115895,-1.0975559360703835,-0.43586200248656165
14.491666666666667,-1.00815958370705,0.6388470402398116,-0.1469639510062338,-1.3987079714770494,-0.43586239777151214
14.5,-1.0011531083248904,1.0441883438634791,-0.1599186961436748,-1.7132535199668188,-0.4358631543960058
14.508333333333333,-0.9907272682739171,1.4600526177186504,-0.17557568415491565,-2.048528871562153,-0.43586449455293125
14.516666666666666,-0.9767795283835953,1.8901159561487864,-0.19414096286146915,-2.4126828504276605,-0.4358667275157665
14.525,-0.9591736089732839,2.3388330139464895,-0.2158927768288845,-2.8149369833037374,-0.43587028461994237
14.533333333333333,-0.9377322406342826,2.811610511420306,-0.24119150270616332,-3.2658096370481817,-0.435875772849184
14.541666666666666,-0.9122288516749869,3.314863937301121,-0.27049077657311654,-3.777132677305322,-0.4358840564234216
14.549999999999999,-0.8823801056027539,3.8556878439532203,-0.30434644218243956,-4.3613922240511664,-0.435896378025324
14.558333333333334,-0.8478449428288922,4.440454090093537,-0.34341347448585274,-5.029207460235382,-0.43591452604234715
14.566666666666666,-0.8082448386283421,5.070745122305783,-0.3884053856468385,-5.7821979662392335,-0.43594101728128093
14.575,-0.76323914706984,5.733577528212401,-0.43995757147224757,-6.595988712288258,-0.4359791270760878
14.583333333333334,-0.712717137882414,6.383075523720096,-0.49828823245143666,-7.388457142264019,-0.43603224260951656
14.591666666666667,-0.6571564355126907,6.922594197134436,-0.5625710993246038,-7.988767001704596,-0.43610161006716447
14.6,-0.5979966040456948,7.228231898558993,-0.6302814273135837,-8.177958598919469,-0.4361827137807021
14.608333333333333,-0.5375115502444661,7.241472911922865,-0.6974089043995607,-7.8493817632295,-0.4362647636432321
14.616666666666667,-0.47794314732602733,7.026912731663254,-0.7599536432866616,-7.1096837981352,-0.43633697671069205
14.625,-0.42069556309952416,6.703264266720936,-0.8153297980759102,-6.161136752764449,-0.4363946291909698
14.633333333333333,-0.366274444829795,6.359099191378285,-0.8624915903244784,-5.156631715093741,-0.43643850119387967
14.641666666666666,-0.31464820874645955,6.036422828194367,-0.901330232707443,-4.170880965235144,-0.43647155609980626
14.65,-0.26557209413887,5.747632675952718,-0.9321302428804783,-3.2290661039239446,-0.43649683391872673
14.658333333333333,-0.2187633283142622,5.491450152013927,-0.955278226061206,-2.333896729747364,-0.43651675884551966
14.666666666666666,-0.17397509576417008,5.261446265627356,-0.971143501411824,-1.480075542661753,-0.43653307860995455
14.674999999999999,-0.13102171532772872,5.049748007766582,-0.9800413328141045,-0.6605441411480821,-0.43654697658631214
14.683333333333334,-0.08978376138410069,4.8484580731004385,-0.982229654001221,0.13119418830024013,-0.43655919514711705
14.691666666666666,-0.05020591822274773,4.650125796917128,-0.9779172301127981,0.9004011271593696,-0.43657016334237986
14.7,-0.012292655000152967,4.447854471466615,-0.9672743022977947,1.6510968347486037,-0.436580270195496
14.708333333333334,0.023896296594806764,4.235269214732313,-0.9504417301201491,2.3863731321758754,-0.43659002364930627
14.716666666666667,0.058250064633928025,4.0064611558822385,-0.9275371670885587,3.108775098238028,-0.4366000560336482
14.725,0.09061025643879903,3.7559225780934398,-0.8986578755454925,3.820725163688957,-0.436611125789528
14.733333333333333,0.12077398898211436,3.4784687154467204,-0.8638798629322192,4.5249812312837685,-0.43662412490146796
14.741666666666667,0.1484961640334173,3.1691316631542192,-0.823253052825681,5.225131663891887,-0.43664009492599526
14.75,0.1734906739918043,2.8230062132234446,-0.776792134227755,5.9261404794785975,-0.43666025675781184
14.758333333333333,0.19543004648024984,2.4350257619494453,-0.7244625853427268,6.634964512522342,-0.43668606215087974
14.766666666666666,0.21394286417803002,1.9996503087305517,-0.6661611621846031,7.361268919613983,-0.4367192791843415
14.775,0.2286082078609981,1.5104673048921167,-0.6016899571275746,8.11825354055383,-0.4367621302981532
14.783333333333333,0.23894659351654046,0.9597705293663593,-0.5307232913474479,8.923520118515857,-0.43681751114476336
14.791666666666666,0.24440811241722216,0.3383869582241862,-0.45276831322434025,9.799602448195042,-0.43688933000796093
14.799999999999999,0.2443628752375135,-0.36335078192939113,-0.3671267373010288,10.772772765598635,-0.43698300826263625
14.808333333333334,0.23811270815192748,-1.1507486599717536,-0.2728872431162363,11.86567790594765,-0.4371061767709743
14.816666666666666,0.2249825195299503,-2.008678413056702,-0.16904351209248833,13.071472008332414,-0.4372692729275141
14.825,0.20463978049789736,-2.8604374982174248,-0.05498697888997643,14.28533638160449,-0.43748380684372956
14.833333333333334,0.17786624957241107,-3.507458294941247,0.06823459452538168,15.200423692737655,-0.43775309040344945
14.841666666666667,0.1475322101340941,-3.6760171134992423,0.19626869175914197,15.37710774224338,-0.438054644199141
14.85,0.11815808805768004,-3.2958147310625674,0.32209372584322166,14.70060547093258,-0.43834136841401733
14.858333333333333,0.09348619283597985,-2.596739477913493,0.43994276573807944,13.541864252654026,-0.4385780509800128
14.866666666666667,0.07505571781913124,-1.8289910437514896,0.5475727022138278,12.295879793804978,-0.43875956308192654
14.875,0.0628488723889505,-1.1138909977441103,0.645142530719686,11.141971776245073,-0.43889600452888267
14.883333333333333,0.05624806520863592,-0.48520349841338695,0.7336376267300375,10.118124331363424,-0.43899897565576285
14.891666666666666,0.05452171440666138,0.05717487630042162,0.8141031913269459,9.211094858276038,-0.4390774579014627
14.9,0.05698700165466058,0.5225291433614546,0.8874123452019792,8.396482174816748,-0.4391377659856888
14.908333333333333,0.06304490901466164,0.9210086462632924,0.9542375706649234,7.65151305390686,-0.4391843250563381
14.916666666666666,0.07217608009006264,1.261451505685617,1.015079896561978,6.957933940732376,-0.43922031477603285
14.924999999999999,0.08392826820797956,1.551152552610374,1.070307164580911,6.301926424194928,-0.4392480807101732
14.933333333333334,0.09790452119946377,1.7961470459896027,1.1201878538500476,5.673318576816422,-0.43926940282501004
14.941666666666666,0.11375416190493935,2.001560747628808,1.1649179808101007,5.0647636247459555,-0.43928566882972886
14.95,0.13116648087005361,2.171902287944213,1.2046416544953116,4.4710473775640125,-0.4392979859708128
14.958333333333334,0.1498665386106821,2.3112773423842246,1.239466457017285,3.888536101386118,-0.4393072534817684
14.966666666666667,0.16961245635265895,2.4235341801350185,1.2694747270070204,3.3147406648475464,-0.4393142098573029
14.975,0.19019368914637347,2.5123565978992817,1.2947316011524772,2.7479702648123068,-0.4393194639903788
14.983333333333333,0.21142990822777388,2.581319571365597,1.31529046713442,2.187054387570638,-0.4393235159925342
14.991666666666667,0.23317023732198316,2.633920461417261,1.3311963278222783,1.6311173409808508,-0.4393267714684384
15.0,0.2552926833015358,2.6735959347350438,1.3424874647528886,1.079393908602149,-0.439329551667069
15.008333333333333,0.27770367597604867,2.7037323414955723,1.3491957057290422,0.5310773899772101,-0.4393321010090821
15.016666666666666,0.30033768739194733,2.727675204047968,1.351345535969518,-0.01480707192531159,-0.4393345928356658
15.025,0.3231569376474983,2.7487403480242127,1.3489522491825188,-0.5595045441716234,-0.439337140281138
15.033333333333333,0.3461511971479543,2.7702272116204254,1.342019373673649,-1.1046081358879283,-0.43933986569681144
15.041666666666666,0.36933774746918724,2.7954434577106553,1.3305353774828692,-1.6521540033284927,-0.439342965777797
15.049999999999999,0.39276155557909287,2.827729795843004,1.3144696519975847,-2.204694680397144,-0.43934672166142585
15.058333333333334,0.4164956351291435,2.870478749219509,1.2937679821025538,-2.7653491360304012,-0.439351508195312
15.066666666666666,0.4406414898776954,2.9271316504012743,1.268347746232942,-3.337811988820664,-0.43935780923015927
15.075,0.46532932820649525,3.0011184468614815,1.2380933762803865,-3.926269259758003,-0.4393662405777527
15.083333333333334,0.49071730309407663,3.095667048287082,1.2028532770435048,-4.535105144074754,-0.4393775817171591
15.091666666666667,0.5169881431182308,3.213333903010775,1.162440833826849,-5.168158300303926,-0.43939281484674064
15.1,0.5443397759688642,3.354967283874466,1.1166450431118886,-5.827048415662256,-0.43941316222243687
15.108333333333333,0.5729632582853472,3.517589966252806,1.06526180827674,-6.507707482010885,-0.4394400926539877
15.116666666666667,0.60299605707961,3.690477440554774,1.0081659016833593,-7.193873917729494,-0.43947522299987773
15.125,0.6344335131049323,3.8491080873239487,0.9454527294819867,-7.8469396849927255,-0.43951996403306204
15.133333333333333,0.6669875879461481,3.949413893923719,0.8776692036861535,-8.396135897352355,-0.4395747155686927
15.141666666666666,0.699927838591665,3.931413994957236,0.8060765835275914,-8.744298193723074,-0.4396376727386082
15.15,0.7320358559084006,3.74391201598477,0.7327257913983579,-8.808983680183678,-0.439704159963873
15.158333333333333,0.761830414074055,3.3797498337481087,0.660081069195774,-8.58127811295614,-0.439767919412396
15.166666666666666,0.7879933625843564,2.8824033818139303,0.590311239300389,-8.13609970558998,-0.4398239245343276
15.174999999999999,0.8096755535531365,2.314349599193184,0.5247896423932173,-7.5782638838571055,-0.439870081004431
15.183333333333334,0.8265099493538136,1.7254009909654129,0.46408961671652654,-6.989294090379188,-0.4399067340135986
15.191666666666666,0.8384544929511312,1.1439227856481147,0.40826261502324807,-6.413360438194729,-0.4399353455395666
15.2,0.8456306522955935,0.5820705884279553,0.3571173292914219,-5.866795368194582,-0.4399575501015578
15.208333333333334,0.8482191643864749,0.0429451060744528,0.3103978428681657,-5.350557645858032,-0.43997475359895794
15.216666666666667,0.8464065596067194,-0.474574316497834,0.26787377505654697,-4.858575584320446,-0.43998804806844166
15.225,0.8403619094678271,-0.9732744078375476,0.22937830850398977,-4.382156617560957,-0.43999829153420744
15.233333333333333,0.8302284119892929,-1.4564630959149465,0.19482044869184145,-3.912004377449889,-0.44000621498730447
15.241666666666667,0.8161211580845148,-1.9275436316191665,0.16418612436222538,-3.4390278700717936,-0.4400124702377262
15.25,0.7981268309284293,-2.3899345021994702,0.13753522484242847,-2.9545791514258872,-0.44001766581602364
15.258333333333333,0.7763033151936639,-2.8471498721061774,0.11499788572467888,-2.4504312119240153,-0.4400223966538763
15.266666666666666,0.7506783084723544,-3.302947778575534,0.09677148240826411,-1.9186476386697788,-0.44002726806532927
15.275,0.72124660437203,-3.761493146131201,0.08311885792512175,-1.3514289587162325,-0.4400329148979671
15.283333333333333,0.687966124286221,-4.2274849868759015,0.07436765059716399,-0.7410194574077933,-0.4400400161491572
15.291666666666666,0.6507533184521221,-4.706160060527191,0.0709096640032472,-0.07982596157413147,-0.44004930398491743
15.299999999999999,0.6094796624590345,-5.202978259182388,0.0731972905348456,0.6389082239852562,-0.4400615716363071
15.308333333333334,0.563973517539882,-5.722550316308505,0.0817294913908864,1.4190994209929813,-0.44007780080041786
15.316666666666666,0.5140367819764435,-6.26596556891037,0.09701099572210248,2.2570689153068524,-0.44009938509209423
15.325,0.4594957364559521,-6.82493936829886,0.11945133798479177,3.1313125363622594,-0.4401281926647772
15.333333333333334,0.4003199397658459,-7.371210386627302,0.14914574091241997,3.98419446856442,-0.4401663304685309
15.341666666666667,0.33684294542356646,-7.8440428009280625,0.18548169659931005,4.700799274723453,-0.4402152082087252
15.35,0.2700419375554844,-8.153028775228352,0.22665095162271445,5.115142432932531,-0.4402736991826133
15.358333333333333,0.20163439230544916,-8.221743965033587,0.2694939343284387,5.088097655151386,-0.44033675002065503
15.366666666666667,0.13369179497134265,-8.048845378441117,0.31020095598344083,4.615509888987305,-0.4403971269129894
15.375,0.06795536588167185,-7.707653428923401,0.3455425640459458,3.828079838091287,-0.44044950891514456
15.383333333333333,0.005452533309269028,-7.285539144924653,0.37357512613393257,2.8849698911325428,-0.440492374028283
15.391666666666666,-0.053411977862921636,-6.841339198860308,0.39350870313200237,1.8979684853174466,-0.4405267555319327
15.4,-0.10858623131504527,-6.40241921657184,0.4052496273035014,0.9248550595088589,-0.440554448577509
15.408333333333333,-0.16015586599851192,-5.976486234487338,0.4090280165116809,-0.010976447380386268,-0.44057704229806505
15.416666666666666,-0.20822576147366437,-5.561754343962284,0.4051881381608889,-0.9033111631527788,-0.4405956651138491
15.424999999999999,-0.25286759331722886,-5.152688164237618,0.3940904777467679,-1.7533841338348952,-0.44061126723869515
15.433333333333334,-0.294101280721278,-4.742684984124611,0.37607075120604816,-2.5654480884623663,-0.440624889239784
15.441666666666666,-0.33189154826732675,-4.32521268799988,0.35142340964610513,-3.3449894948566103,-0.4406376569866631
15.45,-0.3661505309201352,-3.8942128552881,0.32039413632243663,-4.098198959663092,-0.44065077415243026
15.458333333333334,-0.39674214739528224,-3.4441672029533668,0.28317409729532184,-4.831999341376813,-0.44066553309264966
15.466666666666667,-0.42348634463794876,-2.9700231509998596,0.23989292462090903,-5.554280800744985,-0.44068334294380496
15.475,-0.44616254605961464,-2.4670948432223496,0.19060960091448395,-6.274139638440821,-0.44070577739704336
15.483333333333333,-0.46451258799431044,-1.9310656059879536,0.1353020168884869,-7.00191605934828,-0.440734645984124
15.491666666666667,-0.47824483957541547,-1.3583239692102496,0.07385823056531965,-7.7486606457808,-0.4407720901010655
15.5,-0.48704409880786736,-0.7471318356108958,0.006077128653234428,-8.524217047931923,-0.4408206914877745
15.508333333333333,-0.49059803313587097,-0.10066268273306116,-0.06830359057222601,-9.332182913266346,-0.4408835370829117
15.516666666666666,-0.4886628260248457,0.5662644102772111,-0.149513970790597,-10.158602114524351,-0.44096407231094237
15.525,-0.48120701525434323,1.2150739474695293,-0.23752587302857112,-10.951267988208771,-0.4410654112391576
15.533333333333333,-0.4686679666102407,1.770409603897232,-0.3316313199822363,-11.596512502937832,-0.44118836216870627
15.541666666666666,-0.45224962672902547,2.128844270713703,-0.4299344826401465,-11.931092569830913,-0.44132802070722094
15.549999999999999,-0.43394873542848694,2.2167361157705163,-0.529273730782217,-11.83618432032404,-0.44147221377974577
15.558333333333334,-0.4160057274029944,2.0547858787211584,-0.6260893652437892,-11.344382227424825,-0.44160625854234403
15.566666666666666,-0.40012924484988494,1.738971566434183,-0.7176710822431454,-10.608968493126799,-0.4417205408962118
15.575,-0.3871746025613747,1.3671409312903096,-0.8026624555170936,-9.78374026950526,-0.44181276848441653
15.583333333333334,-0.37732524159862096,1.0007850594498413,-0.8807477787810338,-8.961873197556427,-0.4418851392834044
15.591666666666667,-0.37039852085564035,0.6685001465602858,-0.9521500540142428,-8.183362048699534,-0.4419412471233013
15.6,-0.36606131357064314,0.3799541690600403,-1.0172880238883681,-7.458774848423032,-0.4419845333450427
15.608333333333333,-0.3639418229227035,0.13598692526419576,-1.0766069750797271,-6.785903004562348,-0.44201782708086756
15.616666666666667,-0.3636784782433874,-0.06611479004299559,-1.1305118712387254,-6.1581822281202365,-0.44204333494475434
15.625,-0.3649381991356945,-0.2302268840233016,-1.1793484473601255,-5.568322638873475,-0.44206275636096043
15.633333333333333,-0.3674213455746238,-0.3604029153400379,-1.2234038270287446,-5.009666446302081,-0.4420774074698864
15.641666666666666,-0.3708614283113759,-0.46051422093034056,-1.2629137923154252,-4.476569919033351,-0.4420883182820614
15.65,-0.3750230673809888,-0.5341506346768078,-1.298071375691822,-3.9644006605921356,-0.44209630406849654
15.658333333333333,-0.3796996164606781,-0.5846228597036037,-1.3290347662752633,-3.4694016596361164,-0.4421020172463405
15.666666666666666,-0.38471097677625266,-0.6149986481519567,-1.3559339153028402,-2.9885252868027155,-0.44210598462463807
15.674999999999999,-0.3899017503517066,-0.6281453991893198,-1.3788757813443377,-2.519276431416853,-0.4421086340921237
15.683333333333334,-0.39513973721763435,-0.6267692628735718,-1.397948354572808,-2.059577214147791,-0.44211031380755933
15.691666666666666,-0.40031473354111585,-0.6134481468519498,-1.4132236512484637,-1.607654943197004,-0.4421113060754984
15.7,-0.40533757983522256,-0.5906588874305047,-1.424759863808223,-1.161950955879977,-0.44211183742805327
15.708333333333334,-0.41013941537940035,-0.560799799127349,-1.4326028259147585,-0.7210467319882413,-0.4421120859565101
15.716666666666667,-0.41467110610675495,-0.5262099806805663,-1.4367869205396806,-0.28360348724606577,-0.4421121865984775
15.725,-0.41890282424585235,-0.4891865945818288,-1.437335528323537,0.15168822047823294,-0.4421122348893712
15.733333333333333,-0.4228237623239585,-0.4519994475561417,-1.434261105708344,0.5861453316523545,-0.4421122990289833
15.741666666666667,-0.42644196386439776,-0.41690609733545914,-1.4275649856545163,1.021128944080816,-0.44211246303955964
15.75,-0.42978430022268155,-0.38617060440702594,-1.4172368000321,1.4580934273539987,-0.4421128473290949
15.758333333333333,-0.43289659783196577,-0.3620811384498255,-1.4032535270918574,1.8986284276710832,-0.44211361139782657
15.766666666666666,-0.4358439164994007,-0.3469688041844336,-1.3855781785795966,2.3445042989963354,-0.44211495760731845
15.775,-0.43871099073627573,-0.34322790030354927,-1.364158083655822,2.797723682294018,-0.44211713695002436
15.783333333333333,-0.44160284378171494,-0.353336893618507,-1.3389227140883662,3.260580009516247,-0.44212045739358524
15.791666666666666,-0.44464557235298924,-0.379877840051106,-1.3097809972220666,3.7357213653681405,-0.4421252956094329
15.799999999999999,-0.4479872692086095,-0.42554868802477097,-1.2766180947353678,4.226213074347978,-0.44213211319661605
15.808333333333334,-0.45179897901325516,-0.49315601531433156,-1.2392917198289053,4.735581599782534,-0.44214147885394195
15.816666666666666,-0.45627542713059027,-0.585561556525308,-1.1976282934996154,5.267799688496988,-0.44215409821613616
15.825,-0.4616349325347778,-0.7055269752867626,-1.15141974682681,5.827125718356696,-0.44217085287257957
15.833333333333334,-0.4681172397110186,-0.8553436504492539,-1.100422853408411,6.417614813634231,-0.44219284838004247
15.841666666666667,-0.4759766482909041,-1.0360240005963577,-1.0443651882021785,7.041933808359055,-0.4422214651891748
15.85,-0.48546522589794344,-1.2456408674494834,-0.9829661247283679,7.698785899567821,-0.44225839011026286
15.858333333333333,-0.49679642094948745,-1.4761579844213366,-0.9159888731213771,8.377816325488233,-0.4423055670006289
15.866666666666667,-0.5100735560122576,-1.7081113076645371,-0.8433498055924752,9.050834836945663,-0.4423649291608254
15.875,-0.5251667030882862,-1.9039543894229098,-0.7653141389465355,9.660521038646461,-0.4424376850175733
15.883333333333333,-0.541546085237345,-2.005885882310741,-0.6827677414970184,10.116102978755569,-0.44252301263268645
15.891666666666666,-0.5581582375205967,-1.9504504573416594,-0.5974255781997622,10.316539636321234,-0.44261670423828947
15.9,-0.5735152353860001,-1.7032315597825038,-0.511695139808427,10.207150668141722,-0.44271139452243025
15.908333333333333,-0.5860643198325197,-1.2841958111697975,-0.4280814134743253,9.820945171922911,-0.4427993217794901
15.916666666666666,-0.5946042244466732,-0.7519948790567471,-0.348519825815016,9.252039541422493,-0.44287546314038206
15.924999999999999,-0.5984537732928356,-0.1673132028681757,-0.2741218279627693,8.595107259339574,-0.44293831627707264
15.933333333333334,-0.5973652565841158,0.4279480489202348,-0.2053375400965414,7.912031173539131,-0.4429886884780697
15.941666666666666,-0.5913553979095321,1.0113595553649184,-0.14224407895519148,7.2320760335333025,-0.44302833258545493
15.95,-0.5805692790334217,1.573388676888496,-0.08476990348750141,6.563678652770976,-0.4430592137326069
15.958333333333334,-0.5651989824211245,2.1115028670925167,-0.0328229470652907,5.904679581975054,-0.4430831847729231
15.966666666666667,-0.5454416264934618,2.626605672984748,0.013649210632135329,5.2484443519733075,-0.44310189840188036
15.975,-0.521479147795715,3.121241339552074,0.054636519093759134,4.586954212221287,-0.44311682236646677
15.983333333333333,-0.4934684182216458,3.5988013375769214,0.09006154647758266,3.9122000744463903,-0.4431292839487315
15.991666666666667,-0.4615356704218396,4.063219361448779,0.11978228365822767,3.216747773047816,-0.4431405144173831
16.0,-0.42577252469066257,4.518853458896487,0.14359802409083153,2.4939745487502423,-0.44315168353338513
16.008333333333333,-0.3862329250613757,4.970355422674983,0.16125701427975764,1.7383082095760123,-0.44316392094835166
16.016666666666666,-0.3429318849344484,5.422329044411096,0.1724672408279041,0.9458062155134892,-0.4431783220343089
16.025,-0.2958489381751343,5.878478137912394,0.17691514900344163,0.11559165311659678,-0.443195932728831
16.03333333333333,-0.24494253273426456,6.3397168170719524,0.17430286831608158,-0.7469405375333937,-0.44321771485043454
16.041666666666668,-0.19018738169069674,6.800394193470523,0.16442451810779568,-1.6236918918802206,-0.4432446694127253
16.05,-0.13165380020907394,7.241943306683257,0.14731372680255683,-2.473141208465101,-0.4432779513919704
16.058333333333334,-0.0696481373529892,7.6251341784909865,0.1234934230924643,-3.2175272687254117,-0.44331842902845836
16.066666666666666,-0.004900203557573583,7.888606888256167,0.09429980984358047,-3.7414845381660187,-0.4433657181094142
16.075,0.06131436777266951,7.968250767663429,0.06208094114739253,-3.927452622998737,-0.44341717689730786
16.083333333333332,0.12731221737385526,7.8370700898204095,0.029927802318407856,-3.726634576573068,-0.44346818991688053
16.091666666666665,0.1914319878721584,7.527004069617264,0.0008884618672560854,-3.197506403032075,-0.4435142724160051
16.1,0.25244970788481164,7.104110806366866,-0.0227911959392843,-2.4617257170290476,-0.44355305991310845
16.108333333333334,0.30969142300942804,6.6291038745161455,-0.03988812250921469,-1.6337001393250619,-0.44358441251186614
16.116666666666667,0.3628971005051731,6.139843037552003,-0.04997512322392994,-0.7884584449376857,-0.44360935032474397
16.125,0.4120323662060966,5.6538613403368485,-0.05309160213487108,0.035022592591931176,-0.44362911881473566
16.133333333333333,0.45715210433973813,5.176321092610982,-0.04949804868262942,0.8204953569939807,-0.4436447766183552
16.141666666666666,0.49832539192452086,4.7062650413645315,-0.03953444500187501,1.5637586829454468,-0.4436572806866739
16.15,0.5356009390987716,4.240176822489439,-0.023548102524464782,2.2665387470806464,-0.4436676171964863
16.15833333333333,0.5689940739136164,3.7737550330741776,-0.0018586984582659653,2.933399677777119,-0.4436767770085862
16.166666666666668,0.5984839556983035,3.30269980413063,0.02525868934306087,3.5703345280920247,-0.44368574388567616
16.175,0.6240150557491702,2.8230126180340176,0.057582685617411464,4.184180075237808,-0.44369550058072926
16.183333333333334,0.6455001493393732,2.3310947845563414,0.0949514825505148,4.782363818037713,-0.44370704700263097
16.191666666666666,0.6628239275116036,1.8238238457519385,0.13726689482584595,5.372678821935601,-0.44372142761115274
16.2,0.6758477100592665,1.2987715820652832,0.1844957286299731,5.9628143802668605,-0.4437397652173629
16.208333333333332,0.6844173132145195,0.7547904593648349,0.2366649800516398,6.559265202266185,-0.4437632943378644
16.216666666666665,0.6883785576105348,0.19333795883592064,0.29384329700027345,7.164993644880861,-0.4437933755409376
16.225,0.687608743176549,-0.3789139616217573,0.35609455412982005,7.774895470330869,-0.44383144714042755
16.233333333333334,0.68207708047896,-0.9457071798007535,0.4233811273144326,8.368190421633043,-0.4438788643965689
16.241666666666667,0.6719469329461087,-1.4759110209014603,0.4953937444759536,8.899015055505055,-0.443936479335441
16.25,0.6577113100363442,-1.922093419847052,0.571319596181187,9.293137645651349,-0.44400372507488184
16.258333333333333,0.6402920068964026,-2.23225567702549,0.6496631471231302,9.466613457478365,-0.44407760945330527
16.266666666666666,0.6209713617927046,-2.3768586870946318,0.7283404607494915,9.370507087115993,-0.44415274682359973
16.275,0.6011030425258419,-2.369535378523332,0.8051422868698787,9.025798836001615,-0.4442231738842506
16.28333333333333,0.5817706715395967,-2.257371222332873,0.8782885850127129,8.507800999440729,-0.44428467281669415
16.291666666666668,0.563624130093831,-2.0928742986926507,0.9466921640797444,7.900095725410666,-0.44433565046908163
16.3,0.5469242612144275,-1.9152711054360572,1.0098808074016905,7.264088927064551,-0.4443764872937134
16.308333333333334,0.5316744752613953,-1.7475197495725552,1.0677802421808567,6.634623447310607,-0.4444085022287785
16.316666666666666,0.5177403472827304,-1.6006303403294064,1.1205208024933841,6.027463822880093,-0.4444332381518239
16.325,0.5049280843048782,-1.4785417135793286,1.1683138604690608,5.4474529803165135,-0.444452126820425
16.333333333333332,0.49302830890072163,-1.381480662149236,1.2113856971891905,4.894014290118156,-0.44446638231050817
16.341666666666665,0.4818381476509902,-1.307888841787951,1.2499465464198338,4.3642340424066965,-0.444476996474333
16.35,0.4711714345975821,-1.2554302940707252,1.2841783993368248,3.8544223541347344,-0.4444847692468269
16.358333333333334,0.4608628759459658,-1.221486460362516,1.3142319844873158,3.360843775618492,-0.4444903450360032
16.366666666666667,0.45076932775591894,-1.203383851313162,1.3402278748623662,2.8800263680797693,-0.44449424498455015
16.375,0.4407698008447183,-1.1984875064700307,1.3622592164299288,2.408867086006969,-0.4444968925838324
16.383333333333333,0.4307649919420792,-1.204229216104336,1.380394893136908,1.9446436848589224,-0.44449863290079145
16.391666666666666,0.42067672282764856,-1.2181053788747278,1.3946826009870836,1.484986989317308,-0.4444997464625371
16.4,0.4104474597946387,-1.2376618323404864,1.4051516196837202,1.027838755364113,-0.44450045889760537
16.40833333333333,0.4000399825283144,-1.260474105734779,1.4118152141478533,0.5714060587813642,-0.44450094726489353
16.416666666666668,0.3894372218568839,-1.2841270646774765,1.4146726562669363,0.11411602936804399,-0.44450134379935224
16.425,0.3786422626934239,-1.3061960068479341,1.4137108749022997,-0.3454273160183587,-0.444501738749797
16.433333333333334,0.3676784877147731,-1.3242317519089175,1.4089057861214551,-0.8084772441408145,-0.4445022083357091
16.441666666666666,0.35658985129376225,-1.3357431443522054,1.4002232736269797,-1.276199249798405,-0.44450286349738255
16.45,0.3454413003904561,-1.338180668521622,1.3876196597864943,-1.7497324691898013,-0.4445038616545743
16.458333333333332,0.33431932283740673,-1.3289214344688223,1.3710416626557123,-2.230254674059043,-0.4445054113899301
16.466666666666665,0.32333262697628,-1.305252348697114,1.3504257557204464,-2.7190613930288903,-0.4445077787453836
16.475,0.3126129764199289,-1.2643493004870479,1.3256967933087327,-3.217663860393708,-0.4445112956764736
16.483333333333334,0.30231622439035893,-1.2032495544496786,1.2967657229529275,-3.727911158638123,-0.4445163715139588
16.491666666666667,0.2926236180994842,-1.1188139425272587,1.263526158061798,-4.252142677357694,-0.44452350873720076
16.5,0.28374347335565153,-1.0076752439016348,1.2258495310121607,-4.793377430017544,-0.4445333250244388
16.508333333333333,0.2759133467006907,-0.866170181963421,1.1835784949290231,-5.355545714222275,-0.44454658450904033
16.516666666666666,0.2694028390618853,-0.6902568577377475,1.1365182151086182,-5.943762977474212,-0.44456424256285826
16.525,0.2645171048585392,-0.47543235395997757,1.0844252546720476,-6.564627502134072,-0.44458751035646915
16.53333333333333,0.2616008974371502,-0.2166994393759801,1.0269940914631697,-7.226472062245978,-0.4446179477968037
16.541666666666668,0.2610422668282074,0.09128184022704254,0.963842364896606,-7.93936310169201,-0.4446575951405658
16.55,0.26327312554419,0.4535051347861058,0.8944989115879088,-8.714289774040152,-0.44470915413030593
16.558333333333334,0.26875912146016934,0.8725299282340823,0.818406346231456,-9.56013566265286,-0.44477622274978235
16.566666666666666,0.27796008111507525,1.3430501321769586,0.7349684842808766,-10.475173794764867,-0.4448634668846902
16.575,0.2912192970174082,1.8395448208247933,0.6437119543875794,-11.426933013686288,-0.44497632688680494
16.583333333333332,0.30850986976615635,2.294515332378414,0.5446847588058309,-12.3156313191299,-0.4451192360310494
16.591666666666665,0.32899855929360505,2.5819161434275575,0.4391682854273255,-12.944460717851031,-0.4452909489259986
16.6,0.3506708808145232,2.559529908457148,0.33031319057414316,-13.08629747531277,-0.44547873990958
16.608333333333334,0.37066990837152486,2.187351640202948,0.22261829843504782,-12.677562680096424,-0.4456605378915325
16.616666666666667,0.38644452565092136,1.570681586841848,0.1200811607521167,-11.888571790959158,-0.445818005726577
16.625,0.3965774857661393,0.854591303072471,0.02488453239373034,-10.948770912508316,-0.44594493367448546
16.633333333333333,0.40068286025126715,0.13489674398687668,-0.062388393882511106,-10.00232019793149,-0.44604380739444016
16.641666666666666,0.3989359394693944,-0.5460815714954901,-0.14196097838413252,-9.104837588265427,-0.44611984913296904
16.65,0.3917250419915198,-1.1757631910449295,-0.21429650036246378,-8.264706704291797,-0.4461780792787886
16.65833333333333,0.3794830337936555,-1.7540355917446695,-0.27983861683430367,-7.472160958231542,-0.44622262922334877
16.666666666666668,0.3626224381671932,-2.285060275287639,-0.3389245415948858,-6.712771758971664,-0.4462567480961977
16.675,0.3415153636907515,-2.7740841808475807,-0.3917712105055427,-5.972556400156117,-0.4462829950771382
16.683333333333334,0.31648957200973626,-3.2264309388775914,-0.43848686208225185,-5.239511035944501,-0.4463034340350989
16.691666666666666,0.2878288531056365,-3.647336963884544,-0.4790887462727352,-4.5037734779009515,-0.4463197822628775
16.7,0.25577332578851303,-4.042077844352172,-0.5135198100337063,-3.7573013116442113,-0.4463335130744177
16.708333333333332,0.2205182949101798,-4.416166940789026,-0.5416619430974858,-2.9934005080328534,-0.44634592239389226
16.716666666666665,0.1822114705729844,-4.775541120570908,-0.5633451550194556,-2.206234319449762,-0.4463581692595716
16.725,0.1409488436385918,-5.126691064822422,-0.5783528353683518,-1.39038679929767,-0.44637129753095106
16.733333333333334,0.09676987203209898,-5.4766844495058935,-0.5864239328421135,-0.5405833282417704,-0.44638624291634965
16.741666666666667,0.049653284529880735,-5.832965367718064,-0.587254156698886,0.34821028199492154,-0.4464038262482586
16.75,-0.00048357906214156076,-6.202631749224806,-0.5805013096675566,1.2797591463624596,-0.4464248276060718
16.758333333333333,-0.05377522665058066,-6.590573905793685,-0.5658065284442149,2.2535496766992433,-0.4464503785456797
16.766666666666666,-0.11037420754478836,-6.995218933741026,-0.5428556040844206,3.257667698988116,-0.44648217832993836
16.775,-0.170364848231463,-7.399852045178116,-0.5115288806359579,4.254087699577681,-0.44652237532851824
16.78333333333333,-0.23358248554554994,-7.758958662733411,-0.47221121413791944,5.155604016145871,-0.44657287104409116
16.791666666666668,-0.29932469887774443,-7.989161030904693,-0.4262821686462534,5.811214173628212,-0.44663358436522016
16.8,-0.36610337137672877,-7.9939278826871165,-0.37652435508643556,6.050450242620564,-0.4467002691151806
16.808333333333334,-0.4318105800677525,-7.733799518488737,-0.32680279907239423,5.806209841369225,-0.44676486974373814
16.816666666666666,-0.49442044512515093,-7.266561772714789,-0.2808115724455109,5.184064232908064,-0.44682000176266506
16.825,-0.5526340604759653,-6.6953913209239,-0.2409281397614318,4.37066256835382,-0.44686276968100186
16.833333333333332,-0.6059502595232822,-6.101168094095378,-0.2080791167962013,3.514445185683312,-0.44689416966370615
16.841666666666665,-0.6543727099198753,-5.524947657336965,-0.1822502927474393,2.6939697807616425,-0.4469166743347409
16.85,-0.6981219382160283,-4.98043064887589,-0.16299551636365855,1.9390042027749868,-0.4469326986941869
16.858333333333334,-0.737469570274886,-4.4680486859352335,-0.14973591626247834,1.2548838352776754,-0.4469441197565391
16.866666666666667,-0.7726659537694749,-3.983186176574577,-0.14189684086457488,0.636886544637422,-0.44695227686217875
16.875,-0.8039160589271499,-3.519952937026357,-0.1389598580542965,0.076936101764019,-0.44695809733983916
16.883333333333333,-0.8313760563806376,-3.0726629016920035,-0.14047756348007942,-0.4336774969820413,-0.4469622226216785
16.891666666666666,-0.8551573826962405,-2.6362956407179268,-0.14607414624074186,-0.903353146017614,-0.44696513973045016
16.9,-0.8753325930008121,-2.2065270495577667,-0.15544175968388663,-1.3400073965430401,-0.4469672760876325
16.90833333333333,-0.8919407108471236,-1.7796078405464018,-0.16833681609451667,-1.7511715590713657,-0.44696901664189453
16.916666666666668,-0.9049913295847857,-1.3521942650832852,-0.18457750061759184,-2.1441731080185966,-0.44697071286672074
16.925,-0.914467243525007,-0.92116854033999,-0.20404291652292023,-2.526338798998226,-0.4469726933288794
16.933333333333334,-0.9203255990005828,-0.48346489191216163,-0.22667391132610795,-2.9051921620457675,-0.44697527597655595
16.941666666666666,-0.9224976516752491,-0.035910772140348275,-0.252475473130282,-3.288630085902245,-0.4469787828253416
16.95,-0.9208873177219254,0.4248990814844615,-0.2815204261521057,-3.685050599540824,-0.4469835606762883
16.958333333333332,-0.9153689553572911,0.9026523754217782,-0.3139537582934368,-4.103360932092568,-0.44699004166781575
16.966666666666665,-0.9057852963506848,1.4012117559647124,-0.34999606741153966,-4.552720224134898,-0.44699882828640014
16.975,-0.8919476321864546,1.9241293705468068,-0.38994257579439756,-5.041645468391302,-0.44701076023950903
16.983333333333334,-0.8736430334682024,2.4733452282859054,-0.43414961135839325,-5.575726103848669,-0.44702698508777894
16.991666666666667,-0.8506584733739003,3.0462610746809635,-0.48299164981182147,-6.152547833856187,-0.447049004259532
17.0,-0.8228399879859378,3.630082109077971,-0.5367576605741484,-6.75189226903368,-0.4470785949956024
17.008333333333333,-0.7902117603250876,4.193337832769647,-0.5954434883855854,-7.320989892936113,-0.44711738889209385
17.016666666666666,-0.7531623930192481,4.679930039179099,-0.6584265377565186,-7.763916076416753,-0.4471658351822252
17.025,-0.7126200176977099,5.020819686392569,-0.7241556095993181,-7.961107566547612,-0.4472217587533598
17.03333333333333,-0.6700139141841085,5.172455433351355,-0.790203217098135,-7.835007296058257,-0.4472799598509304
17.041666666666668,-0.6269002076051801,5.150094316318992,-0.8538946655559478,-7.407667783068585,-0.4473342772830023
17.05,-0.5844964725041267,5.01344107942516,-0.9130999309169695,-6.777157500477464,-0.4473805328362813
17.058333333333334,-0.5434836075067369,4.825336728008707,-0.9665760175358927,-6.047694583590745,-0.4474175168928295
17.066666666666666,-0.5040971849480501,4.628234230147603,-1.0138192010931373,-5.28980967438543,-0.44744603515223624
17.075,-0.46631031052445404,4.44366969984992,-1.0547625455137375,-4.539495278278481,-0.4474676720396946
17.083333333333332,-0.429978396276914,4.2796236095950135,-1.0895381418778987,-3.810670717136308,-0.4474840622329317
17.091666666666665,-0.39492367663360545,4.136919985431429,-1.1183411441837166,-3.105966575877815,-0.4474966108682096
17.1,-0.36097732159661605,4.0130405878096544,-1.1413650981172674,-2.42311838934042,-0.44750643697945863
17.108333333333334,-0.3279982191522455,3.9040677265073738,-1.1587762623512115,-1.758199638315308,-0.4475143969993939
17.116666666666667,-0.2958803714190507,3.8055878216436345,-1.1707067801223616,-1.1071044425307686,-0.4475211255707352
17.125,-0.26455517463947004,3.7130786695510043,-1.1772561326541073,-0.4661574417513693,-0.44752707202148245
17.133333333333333,-0.23399160413131231,3.622056594307071,-1.1784957283565607,0.16769158554610483,-0.44753252753919137
17.141666666666666,-0.20419566226755242,3.5281224888508538,-1.1744742354735456,0.7968551046798029,-0.44753766674381934
17.15,-0.17520963252861416,3.4269655650957005,-1.1652226227634,1.4231932195986212,-0.4475426815859811
17.15833333333333,-0.14711141617089699,3.3143457327200796,-1.150758073421895,2.0481836283645367,-0.447547854389058
17.166666666666668,-0.12001400361794123,3.1860792747929465,-1.131086418840129,2.6731061124051645,-0.4475535645941544
17.175,-0.09406506966088618,3.038022506529891,-1.1062029150390618,3.299257739257073,-0.44756029530772845
17.183333333333334,-0.06944673228179934,2.866047665014374,-1.076091076780362,3.928204673585085,-0.4475686431282866
17.191666666666666,-0.046375574331510454,2.666002186932092,-1.040719238066412,4.562077457866955,-0.447579332991113
17.2,-0.025103114071945952,2.433639514985985,-1.0000344362549314,5.203920096442243,-0.4475932410196376
17.208333333333332,-0.005917019077671725,2.1645074529419115,-0.9539531150365371,5.858107140491964,-0.4476114301018416
17.216666666666665,0.01085652296901864,1.8537800226525076,-0.9023480082970137,6.53084619082965,-0.4476352054385005
17.225,0.02484876410228687,1.496024743860832,-0.8450304260481002,7.230780240666864,-0.4476662011403662
17.233333333333334,0.03564218630921554,1.0849211633383562,-0.7817271296342547,7.96967659154508,-0.44770651472829925
17.241666666666667,0.04276201429170547,0.6130229761515166,-0.7120514540674937,8.763080585849798,-0.44775891436279425
17.25,0.04566689803630721,0.07188502425400488,-0.63547055272243,9.630457593873802,-0.4478271510104589
17.258333333333333,0.04374517658544789,-0.5464607840587018,-0.5512782989424713,10.59327072332158,-0.44791640291049506
17.266666666666666,0.03633769254137421,-1.243891305822947,-0.4586068950947043,11.666420130408923,-0.4480338648436077
17.275,0.022846405570248977,-1.9995999965789675,-0.35657418768878757,12.83147012678874,-0.4481889978666428
17.28333333333333,0.0030655282147032115,-2.731747929364581,-0.24479720127078397,13.972678023299817,-0.4483913644638101
17.291666666666668,-0.022098147029987993,-3.250657674587423,-0.12456695961473557,14.79554209479736,-0.4486418623095998
17.3,-0.049838902623514834,-3.318471427525262,-0.00018091352708893803,14.9186658769624,-0.4489185582098587
17.308333333333334,-0.07599628406307884,-2.889031046444576,0.12188078135335093,14.267588662649231,-0.44918034079399305
17.316666666666666,-0.09718283937364676,-2.1687338011191555,0.23638970357609135,13.175249924252197,-0.4493974313727315
17.325,-0.11196117133204572,-1.3790749483576654,0.34123115131716014,11.990318181794635,-0.449565236358027
17.333333333333332,-0.1202921729361983,-0.6317849459025058,0.4364388399378363,10.877071854501985,-0.4496921587106752
17.341666666666665,-0.1227059893733378,0.039030877589035784,0.5228259522502839,9.874096974441972,-0.44978819816338317
17.35,-0.11986117853110827,0.6310813484781664,0.6012869641049882,8.971557607083968,-0.4498612864289839
17.358333333333334,-0.11238692765264902,1.1515357940352073,0.6725704385601191,8.147739316351132,-0.44991717554057575
17.366666666666667,-0.10084367640397085,1.6090432570255941,0.7372422782718313,7.381535499492343,-0.4499600271523591
17.375,-0.0857224745431464,2.0114542562296425,0.7957076848429231,6.655664239006685,-0.44999290057641494
17.383333333333333,-0.06745378108236243,2.365470400980645,0.8482449286802964,5.956876085233221,-0.4500181059827874
17.391666666666666,-0.046416340749086286,2.6768513217908954,0.8950366442755674,5.275346292947461,-0.4500374406924034
17.4,-0.02294375710782791,2.9507209773558887,0.9361953135716479,4.603944575997638,-0.4500523421083407
17.40833333333333,0.002671371328908506,3.191835800815215,0.9717828863364288,3.937570990738201,-0.4500639852911949
17.416666666666668,0.03017527102249168,3.4047851646897396,1.0018252728375427,3.272589310656823,-0.45007334459137116
17.425,0.059352214643190564,3.594129288981138,1.0263224869307128,2.606346839753746,-0.4500812321716438
17.433333333333334,0.09002468086485518,3.7644892445245137,1.0452550859311553,1.9367630428455755,-0.4500883218182104
17.441666666666666,0.1220541188638593,3.9206045036529282,1.058587417626563,1.2619726770996644,-0.45009516347547235
17.45,0.15534210289167816,4.067370777908403,1.0662680880189639,0.5800147113470745,-0.4501021918640941
17.458333333333332,0.1898317485452606,4.2098656239498755,1.0682280192728852,-0.111434365180585,-0.4501097309691322
17.466666666666665,0.2255092793475519,4.353355565710348,1.0643765364705533,-0.8152573667090133,-0.4501180174648681
17.475,0.26240549860017304,4.5032646853563225,1.054596267365176,-1.5349887516635865,-0.4501273633577546
17.483333333333334,0.30059675334854297,4.665068923396946,1.0387377141193508,-2.274771719790087,-0.45013829305290204
17.491666666666667,0.340204224269869,4.843968113185642,1.0166156972626648,-3.0388969942569686,-0.4501515923806907
17.5,0.3813886839774771,5.044062111303962,0.98801280755653,-3.830476275568208,-0.45016836119047504
17.508333333333333,0.42433450575503345,5.266467415971589,0.9527005557455545,-4.648306868596934,-0.45019005845497667
17.516666666666666,0.46921024013134405,5.505372020401602,0.9104997959046627,-5.48023466057782,-0.45021848055376046
17.525,0.5160834094691925,5.740842690579516,0.8614183649616021,-6.291003950945636,-0.4502555186565298
17.53333333333333,0.5647629305969915,5.929229499243803,0.8059110725695195,-7.0060335564525795,-0.45030240872890537
17.541666666666668,0.6145789448897649,6.000394523988765,0.7452451686407783,-7.506857334520214,-0.45035827978281506
17.55,0.6642378143060733,5.88190796175211,0.6817360719096521,-7.672587397937623,-0.45041877503389594
17.558333333333334,0.7120114894193473,5.550430989909195,0.618411727965865,-7.467532583531618,-0.45047690546299207
17.566666666666666,0.7562856992763143,5.054696388900431,0.5580680952520558,-6.979585015359935,-0.4505266139761722
17.575,0.796027417098088,4.4757926371673875,0.5024721158423283,-6.351096462273131,-0.45056546258458063
17.583333333333332,0.8308344409385484,3.878592424177551,0.4522872375045057,-5.695234003941601,-0.4505941421781064
17.591666666666665,0.8607184165248147,3.2978703491257333,0.40745628398796774,-5.072393043631394,-0.4506146580819866
17.6,0.8858815937377534,2.7465433735252867,0.36759251915921626,-4.504659479620479,-0.4506290920340991
17.608333333333334,0.9065806689104922,2.2262247057396434,0.3322189698143044,-3.9941433445011727,-0.45063914808049443
17.616666666666667,0.9230630791505329,1.7338518239615592,0.30088195559149816,-3.5344885056377042,-0.4506461001765913
17.625,0.9355433359349189,1.2649289278154088,0.2731949873075748,-3.1165284961265627,-0.45065086765793627
17.633333333333333,0.9441976354182916,0.814887365259303,0.24885062452106504,-2.7306948600745553,-0.45065410621627633
17.641666666666666,0.9491656089900863,0.3795565669719985,0.22761949459245104,-2.367893298235937,-0.4506562822414031
17.65,0.9505541601658226,-0.04475078664816983,0.20934516944432272,-2.019717270778533,-0.45065772680028776
17.65833333333333,0.9484412627722643,-0.4613083069517137,0.19393854273381508,-1.6783968143483698,-0.45065867695737416
17.666666666666668,0.9428789064910758,-0.8731029064760675,0.18137309944724844,-1.3366507364988354,-0.45065933239129574
17.675,0.9338948505767423,-1.2829893357970246,0.1716816096302157,-0.9874997941983331,-0.45065989482872226
17.683333333333334,0.9214930640327673,-1.6938493914560195,0.16495441613023912,-0.6240730621047181,-0.45066057906200585
17.691666666666666,0.905652819454693,-2.1087563565354626,0.16133935946063632,-0.23940807952814952,-0.45066162071555854
17.7,0.8863263904814449,-2.53114544297581,0.16104339844916546,0.17375571638078724,-0.45066328307871645
17.708333333333332,0.8634353279856379,-2.964981633484505,0.1643359253708868,0.6231709511381658,-0.45066587448549406
17.716666666666665,0.8368654093159097,-3.4149068944653354,0.1715535437377771,1.1172362587812148,-0.450669807776744
17.725,0.8064606207541652,-3.8863060961554297,0.1831056799348332,1.6650065513368781,-0.4506756664441125
17.733333333333334,0.7720174904034046,-4.385115126762652,0.1994786538989264,2.275739988869632,-0.4506842847480368
17.741666666666667,0.7332833661419552,-4.916966532671809,0.22123183811347832,2.9572795949514648,-0.4506968603958087
17.75,0.68996749875203,-5.484754492289596,0.2489704062474436,3.711679783007969,-0.45071509096036555
17.758333333333333,0.6417849100718791,-6.082815181154231,0.28325998053880797,4.524972654756075,-0.45074126500401657
17.766666666666666,0.5885714036711638,-6.685342430623157,0.3244169973459838,5.347020938845182,-0.4507780702318274
17.775,0.5305177827060142,-7.230494702259307,0.37209273536064175,6.0641417222342575,-0.45082758781576787
17.78333333333333,0.46849999400873193,-7.618463271252986,0.42469429121857,6.496395612383166,-0.4508890355841895
17.791666666666668,0.4042421347264202,-7.75806059828187,0.4791030150124465,6.479558639650951,-0.4509567025377486
17.8,0.33991794309746004,-7.642178216881412,0.5313780954816902,5.997458907304431,-0.45102177735282084
17.808333333333334,0.2773576815960695,-7.351987389240278,0.5781559544241146,5.1904045248116715,-0.45107761745279146
17.816666666666666,0.21759504660939177,-6.984768028245937,0.6174654228847375,4.230111307801826,-0.45112234869782997
17.825,0.16097885212296473,-6.6040928424299645,0.6485596938922649,3.2324183754894236,-0.451157321258603
17.833333333333332,0.10748412718731451,-6.238109611597543,0.6713936992251491,2.2532358851530265,-0.4511848538938805
17.841666666666665,0.05694916755216721,-5.893852110547277,0.6862221731878575,1.3126155973416715,-0.45120704691616226
17.85,0.009200194745533978,-5.568585948447562,0.6933878449149173,0.41400280493814084,-0.4512254413364608
17.858333333333334,-0.03589547527162555,-5.255848432667446,0.6932308651973945,-0.44554879901483,-0.4512410285816345
17.866666666666667,-0.07841136430768283,-4.9481876027816964,0.6860572423474829,-1.2708259842491654,-0.4512544566511095
17.875,-0.11835892890438317,-4.638261705440855,0.6721318614951456,-2.0667794190015005,-0.4512664016351885
17.883333333333333,-0.1556903335224056,-4.319213911342476,0.6516792158151137,-2.8381419008799176,-0.4512776609971823
17.891666666666666,-0.19030297123005524,-3.9847552669487785,0.6248849436269754,-3.5895518918917726,-0.4512891492372904
17.9,-0.22204403415918225,-3.6291103412690977,0.5918952191472518,-4.3259134931691,-0.4513019033976994
17.90833333333333,-0.25071430511024556,-3.2468907727188006,0.5528126506266254,-5.052860972222044,-0.45131710054999163
17.916666666666668,-0.27607068263598467,-2.8329201725593327,0.5076880814236268,-5.77727128601773,-0.4513360913320027
17.925,-0.297827096167316,-2.3820263911507022,0.45650803788380073,-6.507790083987149,-0.4513604565880688
17.933333333333334,-0.3156536759837809,-1.8888413932595496,0.39917792716138656,-7.2553096552558864,-0.45139209733228725
17.941666666666666,-0.32917465660748807,-1.3477292555361127,0.3355019969936139,-8.033220252799468,-0.4514333710234427
17.95,-0.337967244084983,-0.7531751758380456,0.26516372964554613,-8.856919574958141,-0.45148728563513313
17.958333333333332,-0.34156834343895676,-0.10150056207922825,0.1877177460587237,-9.74118469368783,-0.45155774216653377
17.966666666666665,-0.33950770497937804,0.604007344048355,0.1026234699255845,-10.691928940682446,-0.4516497334638717
17.975,-0.3314119242416771,1.3403368682332069,0.009394559266719995,-11.685121665232385,-0.4517692218953286
17.983333333333334,-0.31726322148181507,2.040183079970064,-0.09199236757944011,-12.625150787134164,-0.4519215460231436
17.991666666666667,-0.29787989194215214,2.569014600812184,-0.20030571900732266,-13.303774533713101,-0.45210627038482476
18.0,-0.27537794077175964,2.7665256632103414,-0.3122650162389498,-13.464370681381029,-0.45230991176135255
18.008333333333333,-0.2528456368667298,2.5838337823536097,-0.42302163706811535,-13.027203324256506,-0.45250745158253114
18.016666666666666,-0.23304526903076883,2.1390938658307204,-0.5282470190414452,-12.182105673342768,-0.4526777472965145
18.025,-0.217464321157328,1.5946452454667643,-0.6256495126695569,-11.18633043678494,-0.45281387618298163
18.03333333333333,-0.20644901393755213,1.0549020203942092,-0.7147187126580258,-10.199005969725176,-0.45291902840361703
18.041666666666668,-0.19974364889564442,0.5641686506151898,-0.7958304088629663,-9.28118359367262,-0.4529994349148557
18.05,-0.19687549672165972,0.13449686253115983,-0.8696291308356289,-8.443457982372454,-0.45306089657929
18.058333333333334,-0.1973348561146071,-0.2351109462593799,-0.9367549945159003,-7.677715129662943,-0.45310794645764985
18.066666666666666,-0.2006415697463764,-0.549857967329406,-0.9977556317930552,-6.971252563938186,-0.45314396156596526
18.075,-0.20636346920772858,-0.815743876122871,-1.053073224246121,-6.311908700823063,-0.45317146039217154
18.083333333333332,-0.21411737816255094,-1.038436622781865,-1.1030565842450453,-5.689528383033293,-0.4531923437875729
18.091666666666665,-0.2235649002528997,-1.2230055341378885,-1.1479789508414013,-5.096101750772591,-0.4532080702618972
18.1,-0.23440744237124003,-1.3739488845255676,-1.1880548337732777,-4.525484236525478,-0.4532197789752903
18.108333333333334,-0.24638188119571888,-1.4953003076808953,-1.2234540326614525,-3.97302895594976,-0.45322837405737854
18.116666666666667,-0.25925715591734666,-1.5907379841573828,-1.2543126480834144,-3.435241504446257,-0.4532345821710614
18.125,-0.2728316944765818,-1.6636739576123196,-1.280741423891643,-2.9094862879715504,-0.45323899200850104
18.133333333333333,-0.28693148763541065,-1.7173205733874806,-1.3028318660597373,-2.3937457797729023,-0.4532420816799587
18.141666666666666,-0.30140863274766927,-1.7547375705051949,-1.3206605531195743,-1.886425884449544,-0.4532442379948754
18.15,-0.31614020693363215,-1.778864898143553,-1.3342919880470865,-1.3861991780789145,-0.4532457702902629
18.15833333333333,-0.3310273711493496,-1.7925460488184923,-1.3437802750042074,-0.8918784636679234,-0.453246920548231
18.166666666666668,-0.34599464318631773,-1.7985458436300124,-1.349169845877292,-0.40231418050156476,-0.45324787091992813
18.175,-0.3609893063993426,-1.7995656322964366,-1.35049541211575,0.0836897407009803,-0.4532487493428074
18.183333333333334,-0.3759809375942556,-1.7982562484078497,-1.3477812919091345,0.5674396779583895,-0.4532496413921193
18.191666666666666,-0.3909610330763678,-1.7972303377313668,-1.341040291613556,1.050402515067575,-0.4532506456089783
18.2,-0.40594276670964424,-1.7990807399462743,-1.3302720965234487,1.5342696492976067,-0.45325191092462314
18.208333333333332,-0.4209608905593757,-1.8063956397614374,-1.3154611977918793,2.0210028686958097,-0.45325364085584224
18.216666666666665,-0.4360717455157592,-1.821769370351142,-1.2965744896341063,2.5128681583599173,-0.453256098239594
18.225,-0.4513533241549803,-1.8478025666956985,-1.2735586512086907,3.0124515077107707,-0.45325961312646834
18.233333333333334,-0.46690524662836125,-1.8870780549028032,-1.246337532594225,3.522637600937041,-0.45326459457299423
18.241666666666667,-0.48284834961976036,-1.9420861818561388,-1.214810001197583,4.046511422923263,-0.4532715469846878
18.25,-0.499323280548171,-2.0150495671652315,-1.1788491851908407,4.587103384036869,-0.4532810910978003
18.258333333333333,-0.5164869098152867,-2.1075541288021324,-1.138304984808634,5.146826091702614,-0.45329398789940384
18.266666666666666,-0.5345043165878527,-2.2198199580792037,-1.0930134650665322,5.726326184616268,-0.4533111591155585
18.275,-0.5535322938182576,-2.3493402592311634,-1.0428197788453413,6.322291798931964,-0.4533336870762647
18.28333333333333,-0.5736876440578618,-2.48853361126162,-0.987625839034163,6.923602015568118,-0.45336275477999516
18.291666666666668,-0.594991013478581,-2.621243782075463,-0.9274784560751166,7.505493329918544,-0.4533994518026463
18.3,-0.6172793392933317,-2.71904737816349,-0.8627102881508794,8.023273653658999,-0.4534443461104075
18.308333333333334,-0.6400985904458328,-2.7411567910957233,-0.794115446580171,8.411860103170508,-0.45349680069704934
18.316666666666666,-0.6626332071508947,-2.6443411495802374,-0.7230668984639685,8.601927763517489,-0.4535543457711999
18.325,-0.6837678390791971,-2.4036662803633777,-0.6514164796041166,8.554123555645866,-0.45361283997949997
18.333333333333332,-0.7023182189786996,-2.0286055889934804,-0.5811160886237725,8.285497426770325,-0.4536678178833627
18.341666666666665,-0.7173084562501824,-1.5567104131239435,-0.5137657393790496,7.858384381779226,-0.4537161250268478
18.35,-0.7281174935880789,-1.031904926440252,-0.4503837198214093,7.343921252326536,-0.45375654074549493
18.358333333333334,-0.7344558487176789,-0.48825227391386844,-0.3914596645845826,6.795290987849105,-0.4537893083370316
18.366666666666667,-0.7362604999658838,0.05378374307999937,-0.3371397584315236,6.242146335400864,-0.45381536352795493
18.375,-0.7335921567578213,0.5842538140696274,-0.28740253088601503,5.696351051832454,-0.4538357983364451
18.383333333333333,-0.7265652258245909,1.0996092273733746,-0.2421759987511595,5.1592332208245,-0.4538516697307269
18.391666666666666,-0.715307775002761,1.5997409487726832,-0.2014021985300907,4.626763141252108,-0.45386396232541154
18.4,-0.699940745601016,2.0862668661741717,-0.16506801720614284,4.092564394844941,-0.4538735778852883
18.40833333333333,-0.6805675999078348,2.561669902980874,-0.13321749378176534,3.54947310294744,-0.4538813525694103
18.416666666666668,-0.6572689310119509,3.0289178084042776,-0.10595487660770395,2.9902846891642656,-0.4538880826726901
18.425,-0.6300991289382547,3.491317509359062,-0.08344332333142938,2.408107255147913,-0.453894549283805
18.433333333333334,-0.5990838627627333,3.9524419048046875,-0.0659013243850525,1.7965930101604666,-0.4539015380347179
18.441666666666666,-0.5642183383888821,4.415993339276198,-0.053596922114239345,1.1502757594660733,-0.45390985174568355
18.45,-0.5254675250762914,4.885432441534956,-0.046837709758922305,0.4653065868862355,-0.453920312936277
18.458333333333332,-0.48277137491081185,5.3630896953865115,-0.045951456269578604,-0.2589265968593476,-0.45393375045360673
18.466666666666665,-0.4360612352904809,5.84826130352252,-0.05124672402592961,-1.0164325673626353,-0.4539510082546977
18.475,-0.3852987265352267,6.333613069444007,-0.06293417186458074,-1.7883769482299705,-0.45397308988655016
18.483333333333334,-0.3305533572366033,6.799483847221904,-0.08098126675940621,-2.5333607828032862,-0.4540011062342365
18.491666666666667,-0.2721322378458332,7.207710810372269,-0.10487903822545777,-3.177163462113223,-0.454035843518846
18.5,-0.21074061840330577,7.502193847920414,-0.13336115254972403,-3.614689714564413,-0.4540769495439895
18.508333333333333,-0.14756921071333634,7.627395848868714,-0.16426051435824857,-3.74359457180448,-0.4541221640564529
18.516666666666666,-0.08415379775174492,7.561311168713792,-0.19477463756468985,-3.52311407963796,-0.4541676251568427
18.525,-0.022005526273492254,7.331274572936788,-0.22213977363819376,-3.0023263520224233,-0.4542095529251192
18.53333333333333,0.03773425112286165,6.993083610097646,-0.24426388692526363,-2.2834337946716166,-0.45424581553219695
18.541666666666668,0.09439291226553895,6.599147597181692,-0.25992402670188924,-1.4651165546822953,-0.4542760717211072
18.55,0.1476613035074481,6.18347168292566,-0.26859718097332314,-0.6150523249037265,-0.4543009795671487
18.558333333333334,0.19743769787388904,5.762721858110525,-0.2701927547064168,0.22924295232148512,-0.4543214391535888
18.566666666666666,0.2437083292320508,5.342381750900426,-0.26484198881329685,1.050309269363026,-0.4543382550034622
18.575,0.286477540805326,4.922009813401938,-0.25276987731911227,1.8419431620329763,-0.4543522758635671
18.583333333333332,0.3257330406317964,4.498445220022936,-0.2342257587423167,2.6038576739332298,-0.4543644747768094
18.591666666666665,0.3614312188222232,4.067529870668813,-0.20944721283859866,3.3388399629062224,-0.45437591102181896
18.6,0.39349277835114227,3.6249493311518437,-0.17864081167966853,4.0513998322819225,-0.4543877145922615
18.608333333333334,0.421803260513747,3.1666224738848494,-0.14197059221238148,4.747171420548196,-0.4544010904647065
18.616666666666667,0.4462159108040583,2.6889098780835123,-0.09955006012085328,5.432601499497377,-0.45441733814693036
18.625,0.46655622631251237,2.188841499822963,-0.05143679109900578,6.114583141926633,-0.4544378836994908
18.633333333333333,0.4826292271466082,1.6645867950774242,0.0023684406436437866,6.799662281741955,-0.45446431906725404
18.641666666666666,0.49423278148820243,1.1165099951265558,0.06191226246123539,7.4922439277479596,-0.45449843362291925
18.65,0.5011840057277739,0.5493653707895922,0.12725705398810344,8.190851924675291,-0.4545421973482829
18.65833333333333,0.503371217038924,-0.023652927404971654,0.198405611638913,8.881178344124772,-0.4545976016974993
18.666666666666668,0.5008484287552164,-0.5748714062619915,0.27515221716707966,9.525539035781955,-0.45466619090383376
18.675,0.4939801851800306,-1.057063114963882,0.3568439230582723,10.053452426312912,-0.454748134865206
18.683333333333334,0.4835940154796675,-1.408795873896118,0.44211888633282853,10.369098647240229,-0.45484086544152846
18.691666666666666,0.471005651815001,-1.5802200307750378,0.5288444065433249,10.392928970283522,-0.45493832242210935
18.7,0.4577768884179487,-1.5663013500167162,0.6144923206658421,10.116534829040726,-0.4550324810600486
18.708333333333332,0.4452946457242814,-1.4111502133602751,0.6968122133202319,9.61029431212187,-0.45511663248036555
18.716666666666665,0.4344733532468871,-1.1779152233388466,0.7743055105054307,8.974255975159323,-0.45518749726705304
18.725,0.42573173652065854,-0.9191214599875508,0.8462527087827189,8.290088916497812,-0.4552448907709068
18.733333333333334,0.41913358968592657,-0.667370253045407,0.9124784444752965,7.60677944525728,-0.45529029667520915
18.741666666666667,0.41454277055375344,-0.4391045911719152,0.973100604037993,6.9475455565106765,-0.4553257102993559
18.75,0.4117312451117204,-0.2408891847725355,1.0283607895729046,6.320445219642167,-0.45535305366583534
18.758333333333333,0.4104405481508481,-0.07405977365133262,1.078532355870231,5.726005265665461,-0.4553739727416137
18.766666666666666,0.4104129255878474,0.06256737530167153,1.1238775428030336,5.161533812828533,-0.45538981178235516
18.775,0.4114057662815972,0.17128121490315495,1.164630734035041,4.623274962718628,-0.45540165038874125
18.78333333333333,0.4131975758252113,0.254784292837986,1.2009942392856512,4.107388362135597,-0.45541035357350335
18.791666666666668,0.4155899128547264,0.3158725841496937,1.2331395006072003,3.610342174320246,-0.45541661618545914
18.8,0.41840750826827167,0.3572977413716554,1.2612102748721226,3.1290299091108276,-0.455420998741554
18.808333333333334,0.42149764517338983,0.3817165066750707,1.2853262068951972,2.660764672697708,-0.4554239551666272
18.816666666666666,0.42472930607552173,0.39168012649821343,1.3055861179271102,2.203224772883136,-0.45542585373224026
18.825,0.42799231441976493,0.3896410636105895,1.3220707655418238,1.7543849270474978,-0.45542699267323455
18.833333333333332,0.43119656471468826,0.3779663956681902,1.3348450262509048,1.3124480237063798,-0.4554276117571036
18.841666666666665,0.4342713745463625,0.35895318231158524,1.343959533476499,0.8757831321766899,-0.45542790079549134
18.85,0.4371649656789459,0.334843902277042,1.349451830459779,0.44287108222351435,-0.4554280058241597
18.858333333333334,0.43984407176976476,0.3078413669169752,1.3513470992181502,0.012256925880230453,-0.45542803346304633
18.866666666666667,0.4422936661558236,0.28012217869531897,1.3496585230574938,-0.4174891703370631,-0.4554280563675696
18.875,0.44451678720570226,0.25384753232815155,1.34438738238387,-0.8478000702849193,-0.45542814560359146
18.883333333333333,0.4465344746849205,0.23117924807195522,1.3355228441394373,-1.2801579270309422,-0.45542840451883876
18.891666666666666,0.44838583520085107,0.21429364867393677,1.3230413778344667,-1.7161340657657373,-0.4554289739987791
18.9,0.4501282144617233,0.20539373030757035,1.3069058584240791,-2.1574261517172535,-0.45543003593977816
18.90833333333333,0.45183746504198086,0.20671966178428722,1.2870643549105991,-2.605896322490918,-0.4554318184753586
18.916666666666668,0.45360828738028225,0.2205553261925343,1.2634486030197682,-3.063608304681288,-0.45543460337288194
18.925,0.455554593712025,0.24922620543885884,1.2359721910098398,-3.5328577079187102,-0.45543873615913866
18.933333333333334,0.45780978830979463,0.2950792954794332,1.2045285634839127,-4.016182306672444,-0.45544463966781445
18.941666666666666,0.4605267471388007,0.3604269739726872,1.1689891107627406,-4.516324925680323,-0.4554528317508868
18.95,0.46387706778005267,0.44742025099399013,1.1292019403787987,-5.03609449340704,-0.4554639476509174
18.958333333333332,0.46804875827995,0.5577864408294537,1.0849925702051468,-5.578020272503484,-0.45547876648376745
18.966666666666665,0.4732407886962328,0.6923126828093006,1.0361690004713866,-6.143603709093665,-0.45549823827350866
18.975,0.479651607281002,0.8498710707362218,0.9825358242232547,-6.73182470991247,-0.45552350057296204
18.983333333333334,0.4874565796291894,1.0256760988587699,0.9239256784000615,-7.336370961165345,-0.4555558574636993
18.991666666666667,0.4967665209227277,1.2084491187381434,0.8602612215890625,-7.94100413679432,-0.4555966633320998
19.0,0.5075581164180756,1.3766183292654943,0.7916636612992226,-8.513188339940376,-0.45564701327848267
19.008333333333333,0.5195740471570878,1.4953933816558656,0.7186130660814065,-8.99892156149744,-0.4557071396101261
19.016666666666666,0.5322187489575075,1.519737177600098,0.642119762614621,-9.327067737312758,-0.4557755887533514
19.025,0.5445249408504899,1.4088935077766294,0.5637840184658174,-9.43273007603753,-0.4558487123884234
19.03333333333333,0.5552797110726475,1.1479233102096011,0.4855968312695852,-9.292336183596964,-0.4559213013284311
19.041666666666668,0.5632942839897441,0.7571396495226431,0.409507174141518,-8.938776240757125,-0.4559883703781072
19.05,0.567655519918092,0.27877336589724394,0.33702295565573775,-8.439027278163246,-0.4560467519255634
19.058333333333334,0.567816999410501,-0.2444912842568246,0.2690779569357654,-7.858873340896067,-0.4560953923298847
19.066666666666666,0.5635434124266977,-0.7816089479390995,0.20613698165839434,-7.24369163317317,-0.45613470206398543
19.075,0.5548033019837398,-1.3143126105164864,0.14837904785733322,-6.617472375622558,-0.45616584028687934
19.083333333333332,0.5416758798913232,-1.833634969527369,0.09585057263573854,-5.989252599430621,-0.4561902242722561
19.091666666666665,0.5242894117235709,-2.336248237986397,0.04856185069006092,-5.3595782934802685,-0.4562092774439011
19.1,0.5027855039143103,-2.821961483853986,0.006538106401624895,-4.724872866622416,-0.456224339246463
19.108333333333334,0.4772995565869356,-3.292283578542778,-0.030157664030712406,-4.079949145616759,-0.45623665183153395
19.116666666666667,0.44795012119821115,-3.7496584891444065,-0.061417487745188,-3.419362196728583,-0.4562473749682903
19.125,0.4148330385592447,-4.197034691132434,-0.0870897283909595,-2.7381821781478566,-0.45625760589459996
19.133333333333333,0.3780186664180281,-4.637516963255534,-0.1069859321787275,-2.0326122320731663,-0.4562683934552765
19.141666666666666,0.3375524289169275,-5.073879255843396,-0.12089346720201151,-1.30082565737316,-0.45628074050207046
19.15,0.2934608841341497,-5.507676858654836,-0.12859755108567933,-0.5444682877842179,-0.45629558847246876
19.15833333333333,0.24576807315607,-5.937596976924834,-0.1299206348221574,0.22856044967389333,-0.4563137752648183
19.166666666666668,0.19453034343282977,-6.356601612228011,-0.12479292080259785,0.9992943760807681,-0.45633600008047553
19.175,0.13990071911301385,-6.747763864320779,-0.11337245344524421,1.7307634350455618,-0.45636290356693143
19.183333333333334,0.0822292283225117,-7.080259938943825,-0.09622409713191588,2.3616083077887677,-0.4563948686143342
19.191666666666666,0.022180860109260073,-7.310283932093017,-0.07452287906826864,2.8086084725104623,-0.4564314806213815
19.2,-0.03919981728642205,-7.393859465732097,-0.05015532081008453,2.990214204310663,-0.4564710271084135
19.208333333333332,-0.10058102141836855,-7.309916353871169,-0.02553722789423065,2.8678619796862557,-0.45651065439011823
19.216666666666665,-0.16060836640083617,-7.074491082154608,-0.0031244956479657858,2.4711748189446996,-0.4565474238629895
19.225,-0.2181863352594148,-6.7300868845564805,0.015105433669068444,1.878956810339495,-0.45657945381840415
19.233333333333334,-0.2726016673656265,-6.322291838701462,0.027889670388420162,1.1773215312350283,-0.4566062134446809
19.241666666666667,-0.32347641269735616,-5.8846714873269,0.03460891518971797,0.43212504765128085,-0.45662806957790825
19.25,-0.37065090015439267,-5.436391112201377,0.0350850519552642,-0.3161317467725903,-0.45664571621780137
19.258333333333333,-0.41407755439921284,-4.985970839539389,0.029391314032836874,-1.0463285847102115,-0.45665987861424684
19.266666666666666,-0.45375090979506905,-4.535626164057141,0.017722043150305258,-1.749459085053625,-0.45667136398232383
19.275,-0.489668811003093,-4.084332834460308,0.00031498170223594527,-2.4234355356189403,-0.45668105900773026
19.28333333333333,-0.5218137351783543,-3.6296466409925383,-0.022592112010106094,-3.0699610259946675,-0.4566898852694175
19.291666666666668,-0.5501454696339195,-3.168680877701209,-0.05078518901320727,-3.6928187400597965,-0.45669878092875826
19.3,-0.5745997888295947,-2.6986223993323097,-0.08408698219930083,-4.296934710865562,-0.4567087001175822
19.308333333333334,-0.595090480005593,-2.217057111538707,-0.12236383969840209,-4.887753335822498,-0.45672062335641705
19.316666666666666,-0.611514014443081,-1.7223120718471783,-0.16552742546770283,-5.470574924301991,-0.45673557357281785
19.325,-0.6237578447766627,-1.2140212388941312,-0.21352955024093329,-6.049505828206602,-0.4567546301162853
19.333333333333332,-0.6317152224573699,-0.6941734420239672,-0.2663451519013016,-6.625580007211835,-0.45677892577073936
19.341666666666665,-0.6353118332645641,-0.16895139200960763,-0.3239342929924009,-7.193510709723876,-0.45680959631423185
19.35,-0.6345517929426041,0.34846865698554436,-0.3861699740180511,-7.736736392191098,-0.45684762915345756
19.358333333333334,-0.6295893238344153,0.834788507756659,-0.45272006492500316,-8.22174416587023,-0.4568935687218395
19.366666666666667,-0.6208193944537662,1.2558524318965225,-0.5228928964798448,-8.59617495552662,-0.4569470340024009
19.375,-0.6089475508630138,1.573219545387509,-0.5955115547501318,-8.799059507457468,-0.45700612709664656
19.383333333333333,-0.5949645261620551,1.7599999093561727,-0.6689418793495744,-8.786788955434027,-0.4570673194712308
19.391666666666666,-0.5799790546194371,1.8164213976385917,-0.7413553406878689,-8.55913720284163,-0.45712632399991704
19.4,-0.5649777443645176,1.7699462183761332,-0.8111157288058898,-8.159869409186467,-0.4571795456902612
19.40833333333333,-0.5506560878032554,1.659883790155895,-0.8770513213082699,-7.651632587723058,-0.45722501884834116
19.416666666666668,-0.5373904937718195,1.521539326461471,-0.9384967421195746,-7.090125140680428,-0.4572623606163978
19.425,-0.5253065834800112,1.37942970236806,-0.995179139653568,-6.51331722360929,-0.45729218666787735
19.433333333333334,-0.5143702418938753,1.247792653010418,-1.0470700779406763,-5.942631023392413,-0.457315539204997
19.441666666666666,-0.5044611565673817,1.1336101016018547,-1.0942684605615929,-5.388098339445705,-0.4573335327811716
19.45,-0.49542090932700417,1.0394476252958587,-1.136926209399314,-4.853071128500056,-0.45734719040283595
19.458333333333332,-0.48708102572341133,0.9654053553621288,-1.175206859235295,-4.3373886677466915,-0.4573573902661473
19.466666666666665,-0.4792781922483895,0.9102889118202073,-1.20926475702069,-3.8392312813669354,-0.4573648637544253
19.475,-0.4718620439878819,0.8722633210175994,-1.239235856617974,-3.3561212513824095,-0.45737021240353903
19.483333333333334,-0.464698895210696,0.8492012508079284,-1.2652345988027887,-2.8854302125466305,-0.45737392901529916
19.491666666666667,-0.45767335094301576,0.8388603446828367,-1.2873537828768977,-2.4246178160250054,-0.4573764170680031
19.5,-0.4506888666506555,0.8389679211326834,-1.3056657765747361,-1.9713297457077041,-0.4573780066295577
19.508333333333333,-0.4436678287442497,0.8472565173199781,-1.320224212061366,-1.5234246054451694,-0.4573789666225921
19.516666666666666,-0.43655145708902854,0.861473884594669,-1.3310657440138205,-1.0789661802395285,-0.4573795138564247
19.525,-0.42929968426851484,0.8793800699211244,-1.338211667253144,-0.6361995584683555,-0.4573798193604458
19.53333333333333,-0.42189108847858386,0.8987382434095419,-1.3416693008727578,-0.19351990166752062,-0.4573800125080937
19.541666666666668,-0.4143229160977486,0.9173028670511185,-1.3414330958257328,0.25056192923918047,-0.4573801836484404
19.55,-0.4066111988222713,0.9328094310345709,-1.3374854780991265,0.6974469836024074,-0.45738040249700646
19.558333333333334,-0.39879096435868167,0.9429603903469324,-1.3297974263223573,1.148491502108802,-0.45738076493021157
19.566666666666666,-0.39091658224748155,0.9454088472689297,-1.3183286071737002,1.6050626894652955,-0.4573814088100728
19.575,-0.3830622356045359,0.937743913348732,-1.3030270613458736,2.0685934272037176,-0.4573825184559177
19.583333333333332,-0.3753225199059161,0.9174746798674787,-1.2838283945957611,2.5406470025468075,-0.45738433070732787
19.591666666666665,-0.3678131838469601,0.8820120450591193,-1.260654377534987,3.0229946874752542,-0.4573871431793891
19.6,-0.36067203222246086,0.8286479832125653,-1.2334108378243667,3.5177082482451945,-0.45739132544835637
19.608333333333334,-0.35406001084803485,0.7545328288891375,-1.201984716421994,4.02726792870044,-0.4573973342462294
19.616666666666667,-0.3481624795047838,0.6566537572612556,-1.1662401690896405,4.5546824872790586,-0.4574057341935041
19.625,-0.3431906303130195,0.5318237722666533,-1.1260136565775032,5.1036084753780475,-0.45741722616049596
19.633333333333333,-0.33938288160027785,0.37670424960990495,-1.081108151016959,5.678434505684107,-0.45743268593284336
19.641666666666666,-0.33700577608503784,0.18791412564720403,-1.0312870449156932,6.284248342086853,-0.45745321611350637
19.65,-0.3363532344667279,-0.037656672897897585,-0.976269415759775,6.926499558128744,-0.4574802130167607
19.65833333333333,-0.3377415395532267,-0.3020767148442351,-0.9157306802286316,7.609946084292811,-0.45751544567447444
19.666666666666668,-0.3414943350458386,-0.6046312706099785,-0.8493177642056167,8.336029062181096,-0.4575611327944157
19.675,-0.3479059936210677,-0.9381763783647198,-0.7766979116944173,9.09708677256255,-0.4576199431434438
19.683333333333334,-0.3571622411075569,-1.2823330017248025,-0.6976766352124799,9.86519198666164,-0.4576947246210087
19.691666666666666,-0.36918977964077854,-1.5935925165133242,-0.6124339114448263,10.57543712568536,-0.45778758651887697
19.7,-0.38343049899691,-1.7992896516442853,-0.5218910672946272,11.114851818112054,-0.4578979523535843
19.708333333333332,-0.3986456407987299,-1.8146487660081003,-0.42804024605027335,11.348908588189099,-0.4580202127865727
19.716666666666665,-0.41300780319979297,-1.5928300216732378,-0.33381118169394314,11.2029219360245,-0.45814374930876745
19.725,-0.42461075888597516,-1.163287650225472,-0.24225568330374928,10.724702977519446,-0.45825733508725625
19.733333333333334,-0.43204256363052596,-0.6062684861359967,-0.15563278055305738,10.041933105672209,-0.45835416265319734
19.741666666666667,-0.4345788542345496,0.0009067649994183441,-0.07512157815151192,9.274041993024078,-0.45843273785312944
19.75,-0.4320269485678533,0.6091200846466369,-0.0010999075741199285,8.49232948966436,-0.4584947074837403
19.758333333333333,-0.42449174936619255,1.1944563710101017,0.06646409508283924,7.726725190071093,-0.4585427982794403
19.766666666666666,-0.4122082227398286,1.7480289481448814,0.12774223154687778,6.983611123163719,-0.45857979660806514
19.775,-0.3954504821954038,2.268386634684092,0.18290862828126958,6.258751725408058,-0.4586081730321743
19.78333333333333,-0.37448893713593145,2.757411279514552,0.23208333446925997,5.5441649618299795,-0.45863002756849663
19.791666666666668,-0.3495714851329809,3.2184280055574734,0.2753159238975526,4.831237667606605,-0.4586471442968121
19.8,-0.3209151831185547,3.6554416064829027,0.3125861967491638,4.111947775725048,-0.45866106491152836
19.808333333333334,-0.28870186428718064,4.0728809999317575,0.3438109862361553,3.379226388618218,-0.4586731513505501
19.816666666666666,-0.25307493629884226,4.475533973099264,0.36885231756413184,2.6269811788480206,-0.4586846307167926
19.825,-0.21413656656540797,4.86849575823242,0.3875253955233804,1.8500716281143728,-0.458696622838487
19.833333333333332,-0.17194572158148397,5.25699049066114,0.3996070078292614,1.0444771593272892,-0.4587101515865104
19.841666666666665,-0.1265188476562528,5.645875271182931,0.404847228732675,0.20799240455552426,-0.45872613892342284
19.85,-0.07783710523996129,6.038486469060257,0.4029910403758051,-0.6579527074924002,-0.4587453843274504
19.858333333333334,-0.025868021151147384,6.434206517463757,0.393823435541432,-1.5442611815246585,-0.4587686971937147
19.866666666666667,0.02938453758412221,6.823968967800697,0.3772617593756039,-2.4266553483711397,-0.4587971329952245
19.875,0.08778240135788883,7.18329845037357,0.3535282967608267,-3.2540500536808246,-0.45883179595872325
19.883333333333333,0.148894495439918,7.465721923299665,0.3234231922390636,-3.9378744870231874,-0.45887317385278603
19.891666666666666,0.21181851880563432,7.607089298833377,0.2886235568607866,-4.360741700592465,-0.4589200685781042
19.9,0.27513330745315423,7.553690098151812,0.25174491225237805,-4.42659783861204,-0.4589689333059438
19.90833333333333,0.33715371182956383,7.300837895301383,0.21586798503021606,-4.12850106014985,-0.4590149318844076
19.916666666666668,0.39639597620323724,6.898105097074561,0.18369818269432853,-3.557311440722649,-0.45905432293322185
19.925,0.45189690682014183,6.413667187498407,0.15698690714033553,-2.838373950348045,-0.4590858082204524
19.933333333333334,0.5032134917255747,5.900693356007504,0.13652081566612242,-2.071568738487293,-0.45910999919636386
19.941666666666666,0.550246532146604,5.388841829381026,0.12242826215358063,-1.3154134792653518,-0.4591282712231898
19.95,0.5930653664563836,4.890303644982895,0.11449080327094444,-0.5969995131093346,-0.45914201060948573
19.958333333333332,0.6317959048495612,4.407578574523119,0.11234766156188378,0.07467908488985245,-0.4591523340275663
19.966666666666665,0.6665636086471778,3.9386993691895373,0.11560532384857804,0.6996355410245563,-0.4591600711249897
19.975,0.6974692538809268,3.4800189241559587,0.1238896778130282,1.2819586960033778,-0.4591659152675412
19.983333333333334,0.7245809895504437,3.0274873762682457,0.13686906904492555,1.8275004718914751,-0.4591705182930352
19.991666666666667,0.7479335107202875,2.5771737621941337,0.15426414588073853,2.3428589447672734,-0.4591744931999686
20.0,0.7675298640207093,2.125421537264734,0.1758521836417874,2.834993175268302,-0.4591784200448841
20.008333333333333,0.7833437785044772,1.6688435879846755,0.20146953534566808,3.311116502381248,-0.45918285785901997
20.016666666666666,0.7953216943263681,1.2042689895932501,0.23101365124953369,3.7786754348707414,-0.45918836098866067
20.025,0.8033844164755838,0.7287185716862423,0.26444482343063186,4.245284198627873,-0.45919549932929593
20.03333333333333,0.8074289691541708,0.23949451633890925,0.30178672586438404,4.718472660372443,-0.45920488192148273
20.041666666666668,0.8073321157143133,-0.26547978266265204,0.34312333008647095,5.205018291817221,-0.4592171821700029
20.05,0.8029585571298792,-0.7868237244418536,0.3885871603420243,5.70944526929794,-0.45923318191053575
20.058333333333334,0.7941794328203341,-1.3219904018496509,0.43832936314628074,6.231031947620195,-0.4592538451001876
20.066666666666666,0.7809103528524851,-1.8622134113527615,0.4924557051133086,6.758493513010741,-0.45928028454046604
20.075,0.7631810343233071,-2.388073726262155,0.5509074390625701,7.2622221192188,-0.4593135423620743
20.083333333333332,0.7412418248488163,-2.86571651650723,0.6132769173786106,7.687458278638428,-0.4593540809721106
20.091666666666665,0.7156793516404825,-3.2497855737455605,0.6786036232899382,7.958716767496143,-0.45940100925816724
20.1,0.6874538230564702,-3.4998419679996666,0.7452987260756602,8.00719951250734,-0.4594515388395412
20.108333333333334,0.6577579538860815,-3.6038846599865315,0.8113702909905046,7.8107115335621495,-0.4595015046090322
20.116666666666667,0.627728877695955,-3.5862735247393633,0.8749001737688203,7.407604358267019,-0.4595469623537032
20.125,0.5982018448204091,-3.4910775122288484,0.9344552697676547,6.869228445701571,-0.4595855624693133
20.133333333333333,0.569642855601297,-3.3599060538552648,0.9892009286958043,6.262964401513668,-0.45961673463274305
20.141666666666666,0.5422226430965805,-3.22137362754187,1.0387791092787713,5.634782429798567,-0.45964106816091427
20.15,0.515928897750341,-3.091334495568519,1.083124215268947,5.009825169310199,-0.4596596387333313
20.15833333333333,0.4906567185261072,-2.9768563400335712,1.122316579248036,4.399151068624075,-0.4596735939421701
20.166666666666668,0.46626573504167307,-2.879892856611622,1.1564920968299486,3.805883680135817,-0.45968397073224937
20.175,0.4426118117783017,-2.799696834551111,1.1857942113888207,3.2292095429294494,-0.45969164214156943
20.183333333333334,0.41956326214134126,-2.7341910359412496,1.2103514316932582,2.6666232125473193,-0.4596973195773723
20.191666666666666,0.39700860207102107,-2.6806866513400713,1.2302686204884483,2.1150869560176266,-0.4597015729000159
20.2,0.37485999011191407,-2.636237485020996,1.2456251859679082,1.5715901723174046,-0.45970485233527614
20.208333333333332,0.35305460245759823,-2.597802470471444,1.2564764817022582,1.0333946078445997,-0.45970750664039883
20.216666666666665,0.33155510383211195,-2.562311436675082,1.262856507948998,0.4981195160304836,-0.45970979630825104
20.225,0.31034978908826394,-2.526684232997577,1.2647809468028088,-0.03625438416598644,-0.45971190220448027
20.233333333333334,0.2894526612028012,-2.4878305803616745,1.262250048010942,-0.5714176723205281,-0.4597139377327465
20.241666666666667,0.2689035353928116,-2.4426436446947117,1.2552511853724488,-1.108783146735499,-0.45971601694191055
20.25,0.24876824330470984,-2.3879837564522894,1.2437607768958516,-1.6495847905402965,-0.4597183139880486
20.258333333333333,0.22913896347911314,-2.320665244486425,1.2277453427530352,-2.1949825236376577,-0.4597210720481097
20.266666666666666,0.21013465993929864,-2.2374427134661223,1.207161631135255,-2.746183964503672,-0.45972460992360453
20.275,0.19190165135592416,-2.134992820502428,1.1819556266495408,-3.3045917193025685,-0.4597293310418158
20.28333333333333,0.17461436569902392,-2.0098871141433476,1.152060204970514,-3.871982096618861,-0.4597357358617291
20.291666666666668,0.15847637845813287,-1.8585500548577012,1.1173911421775389,-4.450722619817851,-0.45974443936273224
20.3,0.1437218861364722,-1.6771953504982189,1.0778411198963225,-5.044037057268289,-0.4597561962467871
20.308333333333334,0.13061782392829815,-1.4617341017360426,1.0332712922684717,-5.656326911800193,-0.45977193786891735
20.316666666666666,0.11946687752426324,-1.2076523970271231,0.9834999189462605,-6.293553984287071,-0.4597928269395871
20.325,0.11061160981187115,-0.9098703467170752,0.9282875918345338,-6.963669885961423,-0.4598203389565063
20.333333333333332,0.10443967968727012,-0.5626359579851579,0.8673189067012673,-7.677018125391763,-0.45985638314540755
20.341666666666665,0.1013892918450168,-0.15961984547357072,0.8001816547467694,-8.446459754936303,-0.45990347918199426
20.35,0.10195158926372579,0.3053257280472378,0.7263483601979178,-9.28649298836873,-0.4599650035100772
20.358333333333334,0.10666014637028595,0.8355225426738558,0.645175515601089,-10.20937952929711,-0.4600455129596699
20.366666666666667,0.1160413460787111,1.424030332384947,0.5559629848348983,-11.213403861603496,-0.46015102235670313
20.375,0.1304643786901508,2.035907312142392,0.4581756931826784,-12.253758795610787,-0.460288537824185
20.383333333333333,0.14978526568032427,2.5772492914198017,0.3520089650969417,-13.190158590561028,-0.4604631310878937
20.391666666666666,0.17275679234405564,2.880195398985991,0.23936113164077,-13.758354730457487,-0.4606705662588053
20.4,0.1966752680282891,2.789030109240065,0.12445031106003901,-13.708312410006277,-0.4608902601225904
20.40833333333333,0.21816949968907495,2.318132597794845,0.012566150438968075,-13.064033356413155,-0.46109335230059506
20.416666666666668,0.2347240938269629,1.6350758645202288,-0.09238639873265149,-12.094968050325594,-0.4612618236218027
20.425,0.2452815142580503,0.8989887504959433,-0.1888189354910834,-11.049867007042147,-0.4613935823016966
20.433333333333334,0.24979513931017908,0.19275932577153865,-0.2766826226860641,-10.049320699367053,-0.46149440098840866
20.441666666666666,0.24865882558565006,-0.4549379750160868,-0.3565252817534139,-9.12600918056964,-0.4615711788396726
20.45,0.24238821233293217,-1.0397466978443899,-0.42898557696255923,-8.275398923891974,-0.46162965095457853
20.458333333333332,0.231493190960228,-1.5657589128706342,-0.4946073284331722,-7.481926237186361,-0.46167421798108943
20.466666666666665,0.2164383186062886,-2.0391738747151735,-0.5537970799650964,-6.729121154312903,-0.4617082049578915
20.475,0.19763579166823725,-2.4661910785032397,-0.606832558098379,-6.002769110434074,-0.4617341552913141
20.483333333333334,0.17544812411645702,-2.8525166644061497,-0.6538848618658123,-5.291489911343459,-0.46175406468073404
20.491666666666667,0.15019223324260322,-3.203415192186026,-0.6950412330771384,-4.5864626224229825,-0.4617695444826656
20.5,0.12214232977125104,-3.5239073781128445,-0.7303243251370962,-3.880916652184919,-0.4617819297495398
20.508333333333333,0.0915310808486765,-3.8189746797948807,-0.7597070382610934,-3.169593964023148,-0.4617923483262272
20.516666666666666,0.05854920079570129,-4.093729101780424,-0.7831229819529782,-2.448241857072314,-0.4618017635935889
20.525,0.023343802283659787,-4.35354084618464,-0.8004728950278461,-1.7131513373745015,-0.46181099962939653
20.53333333333333,-0.013984142667546332,-4.604124131888613,-0.811627441413205,-0.9607515273080102,-0.46182075449453475
20.541666666666668,-0.053382861398400046,-4.851573238192276,-0.8164269475006776,-0.18728877667964794,-0.4618316048327674
20.55,-0.09485282195927315,-5.102311291187942,-0.8146790651591984,0.6113274950348374,-0.46184400889159305
20.558333333333334,-0.1384486179500535,-5.362838303890559,-0.806156576628624,1.4392913438221406,-0.46185844946290533
20.566666666666666,-0.1842772822202581,-5.639076251535032,-0.7905997231041842,2.29996990627671,-0.4618757164527761
20.575,-0.2324877844839265,-5.934780290877713,-0.7677321321980632,3.193342082837926,-0.4618970191231302
20.583333333333332,-0.28324006393700485,-6.247999897439385,-0.7373106136600887,4.110068800910961,-0.4619240215803101
20.591666666666665,-0.3366312645195551,-6.564085785605809,-0.6992471259354955,5.019664025993027,-0.46195871324857257
20.6,-0.39254633405482725,-6.844764075557876,-0.6538587382842083,5.852022649595275,-0.46200282525550534
20.608333333333334,-0.4504198981922445,-7.020054216098444,-0.6022666883926601,6.484055535234239,-0.46205643726133994
20.616666666666667,-0.5090142513692337,-7.004822762169861,-0.5467622687422377,6.768912543460337,-0.46211615680337365
20.625,-0.5665035418534469,-6.7539279112093515,-0.4906400447662391,6.631412611767583,-0.4621750811171029
20.633333333333333,-0.6210241955707726,-6.304859474418183,-0.4372277956510989,6.141000681406618,-0.4622262267434138
20.641666666666666,-0.6712808795609347,-5.7459296790193655,-0.388829149375668,5.455547634721669,-0.4622661921703083
20.65,-0.7167056005574693,-5.155464019099569,-0.3464481545082029,4.715264746763838,-0.46229530418723314
20.65833333333333,-0.7572430873222764,-4.577702530261318,-0.3101658873907233,4.000566637672911,-0.4623156417195722
20.666666666666668,-0.7930851835877539,-4.029920030661187,-0.2796075863212079,3.344253570173487,-0.46232948642311034
20.675,-0.8245003570025098,-3.515051179128167,-0.2542455762264761,2.7533865094781036,-0.46233871981108077
20.683333333333334,-0.8517524041641499,-3.030020589394349,-0.23354725266693163,2.223803558425547,-0.462344740116211
20.691666666666666,-0.8750697926029073,-2.569862113843758,-0.21703449048178206,1.747368591157397,-0.46234854760914007
20.7,-0.8946382506751054,-2.129452523509337,-0.20430183174095826,1.315086659636938,-0.462350851301799
20.708333333333332,-0.9106024987271523,-1.7041221067336578,-0.19501794117295104,0.9182643349393151,-0.46235215541563657
20.716666666666665,-0.9230707725296339,-1.2897845846452576,-0.18892141276053487,0.5488272187517472,-0.46235282099750963
20.725,-0.9321195101377752,-0.8828769145898343,-0.18581555812972683,0.1993000350088827,-0.4623531075230017
20.733333333333334,-0.9377972053849503,-0.4802319468902538,-0.18556396092312039,-0.13733528685058013,-0.46235320013005976
20.741666666666667,-0.940127108580665,-0.07893419055874308,-0.18808738279731796,-0.46781240154659776,-0.46235323176585946
20.75,-0.9391087124242059,0.3238274435227692,-0.19336214276134428,-0.7987632910570661,-0.4623533125704812
20.758333333333333,-0.9347180150320653,0.7309043741838249,-0.2014200500203698,-1.1369035376085261,-0.4623535634599636
20.766666666666666,-0.9269065783430265,1.1453342552555563,-0.21234985401315487,-1.4892132045512254,-0.46235415606833813
20.775,-0.9155993846067937,1.5704805416288787,-0.22630017157866894,-1.863106638462652,-0.46235533324787936
20.78333333333333,-0.9006916089571103,2.0101497214206208,-0.24348369538056847,-2.2665636726873584,-0.46235743375613036
20.791666666666668,-0.882044633118117,2.468645295942812,-0.26418210870754555,-2.7081488216898184,-0.4623609294785344
20.8,-0.8594822087074148,2.95065153098281,-0.2887501071577163,-3.1967318708820183,-0.46236647979282863
20.808333333333334,-0.8327890853994541,3.460698343511329,-0.31761448175160517,-3.740478434787707,-0.4623750068834008
20.816666666666666,-0.8017175728130453,4.001666498838448,-0.3512587562504745,-4.34417497431009,-0.4623877877947169
20.825,-0.7660139907977126,4.571281957010209,-0.3901726652955331,-5.0030735344404205,-0.4624065288078535
20.833333333333332,-0.7254880492716524,5.155061188724054,-0.4347266362703096,-5.6906050812170035,-0.462433303279072
20.841666666666665,-0.6801583346924454,5.7153904984078405,-0.48491400924609235,-6.339427920547091,-0.46247006868092466
20.85,-0.6304846619144848,6.183941832900946,-0.5399426343795438,-6.828285452873667,-0.46251738899573624
20.858333333333334,-0.5775798022037453,6.478396289665577,-0.5978622410833614,-7.010996821675887,-0.462572654883391
20.866666666666667,-0.5231280117755649,6.5536954437695725,-0.6557004542588896,-6.80544884360371,-0.46262980020488215
20.875,-0.46888371065214135,6.4390478983424275,-0.7103299221146671,-6.258450485558527,-0.4626821617633189
20.883333333333333,-0.41612773602455644,6.209846594646813,-0.7594171727720626,-5.498207026427243,-0.4627258704873076
20.891666666666666,-0.3655083117849642,5.935675325404132,-0.8017130640226712,-4.644928586228821,-0.46276041084229935
20.9,-0.3172064450815197,5.658317543781006,-0.8367835632293931,-3.772645096251415,-0.46278715118594577
20.90833333333333,-0.27116018550319226,5.39593866269363,-0.8646359410009868,-2.915998298353505,-0.4628079531014362
20.916666666666668,-0.22721956100543184,5.153000248921932,-0.8854612238784914,-2.086989453155781,-0.4628244958393257
20.925,-0.18522850511831354,4.92738141176227,-0.8995001178835648,-1.28702245294956,-0.46283807762767154
20.933333333333334,-0.14506187474917467,4.714213765302954,-0.9069847318342605,-0.5133513112001008,-0.4628496140519116
20.941666666666666,-0.1066398006207223,4.507694062906626,-0.908118140555368,0.23793464849607487,-0.4628596919377582
20.95,-0.06993170002844072,4.3018795849079465,-0.9030706186239771,0.9706768544417205,-0.4628686700362721
20.958333333333332,-0.03495589405782775,4.091003148896009,-0.8919822331222726,1.6882712175275643,-0.46287691782476625
20.966666666666665,-0.001777679971762141,3.869564462444271,-0.8749664614333097,2.3937287257506714,-0.4628849203386792
20.975,0.02949297729146914,3.6323409100677697,-0.8521125971283491,3.0898870355352135,-0.46289328133568974
20.983333333333334,0.05870363961735795,3.3743529430580583,-0.8234859696283788,3.7797166826102737,-0.4629027290349129
20.991666666666667,0.08566116320717289,3.0907969113305955,-0.7891253406343031,4.466689004306635,-0.46291412887612626
21.0,0.11013276997019499,2.7769443524648505,-0.7490370229213887,5.155194098623371,-0.46292850626797927
21.008333333333333,0.13184612025234196,2.428002192429846,-0.7031853142067859,5.851007200239931,-0.4629470844230619
21.016666666666666,0.1504880524646199,2.0389337614240626,-0.6514788540185111,6.561798749075985,-0.46297134509203935
21.025,0.16570173433931396,1.6042641187186217,-0.5937526446463568,7.297654352500628,-0.4630031235792821
21.03333333333333,0.17708240211202,1.1179610237742572,-0.5297460928551468,8.071472721960786,-0.4630447535819362
21.041666666666668,0.18417326551122215,0.5736660672269354,-0.4590795194043992,8.898823036761408,-0.46309927934335826
21.05,0.18646713409560822,-0.033969248117440946,-0.3812378176408091,9.796057531314505,-0.4631707399778432
21.058333333333334,0.18342986122993313,-0.7048989137030035,-0.2955870991932032,10.773474390758812,-0.46326447208973953
21.066666666666666,0.1745870959194347,-1.4218907723102223,-0.2014927065113475,11.816136755201175,-0.46338721265933697
21.075,0.15976260473251902,-2.1250850460019715,-0.09868796905912125,12.841266197492192,-0.46354581634451564
21.083333333333332,0.13957492691446918,-2.6797479300700275,0.011916974375214601,13.642132360535237,-0.46374211589992437
21.091666666666665,0.11603785673979612,-2.900194702990044,0.1272209110484952,13.922677717110664,-0.4639638580521663
21.1,0.09243171974872276,-2.6990723601002253,0.24208726793456434,13.54151616061362,-0.4641832542660316
21.108333333333334,0.07191890146184005,-2.1886274862141812,0.3515675956547724,12.679587141270346,-0.464374029070716
21.116666666666667,0.056290560615708994,-1.5545244469659596,0.4529108944805908,11.632030959930129,-0.46452642524866844
21.125,0.04600245827109265,-0.9206894204895716,0.5454565055577307,10.58819916232413,-0.46464360855995973
21.133333333333333,0.04079683840406087,-0.33924450592310823,0.6295952442235696,9.619643618237474,-0.46473276706360955
21.141666666666666,0.0401636503339417,0.17614473846610873,0.7060255015780881,8.737434417069098,-0.4648006093076167
21.15,0.04355253351981068,0.6268433420299968,0.7754300862159269,7.931042186620164,-0.46485232231486234
21.15833333333333,0.05044773180041536,1.0187651676229068,0.8383774808507736,7.185159514721759,-0.46489175735375177
21.166666666666668,0.06038710130390083,1.3585210153355567,0.8953109957658272,6.48553867878979,-0.46492177759902026
21.175,0.07296193134983163,1.6522383331416466,0.946565681398457,5.8205273398929815,-0.4649445407020709
21.183333333333334,0.08781165895146882,1.9053459082083855,0.9923906785788481,5.181112766352802,-0.46496170588881547
21.191666666666666,0.10461832018526966,2.122662929029215,1.0329696989578738,4.560526871340454,-0.4649745759981435
21.2,0.12310210745411171,2.3085535164536477,1.0684377668482543,3.9537759788846807,-0.46498419255085305
21.208333333333332,0.14301818584709602,2.467067909517219,1.0988941616247592,3.3572079117579117,-0.4649913989376007
21.216666666666665,0.16415455124909228,2.6020503564889124,1.124412010591553,2.7681419981476636,-0.46499688247021187
21.225,0.18633064794410434,2.7172143849726695,1.145045057790202,2.18456006875411,-0.4650012025675955
21.233333333333334,0.2093965009288836,2.8161923836248097,1.160832081949862,1.6048496829990226,-0.4650048098957332
21.241666666666667,0.23323218171234378,2.902567294086217,1.171799360860777,1.027590683146723,-0.46500805959639147
21.25,0.2577474872046957,2.9798929995943024,1.1779615121025284,0.45137796986795825,-0.4650112205674819
21.258333333333333,0.2828817576021739,3.0517077870357587,1.1793209908246562,-0.1253240450063621,-0.4650144819324039
21.266666666666666,0.3086037751625932,3.1215388768626258,1.1758665290287467,-0.7042854065957751,-0.4650179724971581
21.275,0.3349116475626246,3.1928961257340402,1.1675709100606233,-1.2875752922109185,-0.4650218566774727
21.28333333333333,0.3618326116837153,3.269254757346631,1.154388242138054,-1.877606780167757,-0.4650263985379971
21.291666666666668,0.3894225157118106,3.3539893955184157,1.136251254048786,-2.4770767752815086,-0.46503197526597584
21.3,0.417764404861481,3.4502143260780653,1.1130697271576633,-3.088737399527838,-0.46503909265592125
21.308333333333334,0.4469650849203651,3.56043695188374,1.0847320142453785,-3.714849432337815,-0.4650484043853724
21.316666666666666,0.4771474572403495,3.685851942954606,1.0511133659663303,-4.356032542138754,-0.4650607301858547
21.325,0.5084345094783447,3.824984503125544,1.012097967929634,-5.009023400379752,-0.4650770581634194
21.333333333333332,0.5409178984794811,3.971279106757781,0.9676265671516946,-5.662656075636058,-0.46509849560224326
21.341666666666665,0.5746009623034323,4.109379775569429,0.917786888720765,-6.291617645954304,-0.4651260971115801
21.35,0.609307599572274,4.211001144864959,0.8629615585925279,-6.849464773737983,-0.4651604684867768
21.358333333333334,0.6445675820201596,4.234436137414646,0.8040162038772057,-7.267711867824004,-0.46520111318904106
21.366666666666667,0.6795384243105568,4.135026548668963,0.7424267008466581,-7.473388765780865,-0.46524581890877326
21.375,0.713070647311943,3.8879344212044065,0.6801654560353928,-7.427319982897797,-0.4652908269970584
21.383333333333333,0.7439589432400622,3.5056771979101935,0.619276042260559,-7.153321883534123,-0.46533218283897243
21.391666666666666,0.7712390751961531,3.0301040850652483,0.5613754387108886,-6.723942481498118,-0.46536730848766633
21.4,0.7943323753976274,2.507868727169549,0.5074192736265172,-6.218499829218052,-0.4653954908737911
21.40833333333333,0.8130043250746422,1.9733829628299366,0.4577832844721595,-5.694310587482708,-0.4654173141267826
21.416666666666668,0.8272427648226499,1.4459748246315804,0.4124785879838494,-5.182270859096616,-0.4654338862290536
21.425,0.8371473499206675,0.934004205187726,0.3713445375281317,-4.694204185706518,-0.46544634637119986
21.433333333333334,0.8428584138331646,0.43954433785786046,0.334172205641632,-4.231041685254893,-0.4654556626447314
21.441666666666666,0.8445189823607907,-0.0384352369902794,0.30077008104915537,-3.7883635851882063,-0.46546259069519036
21.45,0.8422570503238763,-0.5023085457453661,0.2709944390538551,-3.3594783936112567,-0.46546770085626443
21.458333333333332,0.8361784094918937,-0.9549409173089394,0.2447611260916042,-2.9369451853357194,-0.4654714577986249
21.466666666666665,0.8263642215888739,-1.399347607026486,0.22204863998133562,-2.513234329572779,-0.465474284605579
21.475,0.8128702695119839,-1.838601759516021,0.2028976713384125,-2.0809679084997947,-0.465476586247533
21.483333333333334,0.7957264090703076,-2.275863367585991,0.18740958100174748,-1.6329604209298114,-0.46547876722685766
21.491666666666667,0.7749355347598237,-2.714457562821714,0.17574492857929594,-1.1621816087488723,-0.46548124622965037
21.5,0.7504718645876874,-3.1579516517924064,0.1681223367055959,-0.6617268109034758,-0.46548446795305964
21.508333333333333,0.7222787781591695,-3.6101735500399297,0.16481724606156217,-0.12489309676667436,-0.46548891178978113
21.516666666666666,0.6902670669339425,-4.075070906538648,0.16615903600257442,0.45446297429307386,-0.46549509855938853
21.525,0.6543156991508857,-4.5562026552740145,0.1725227846214848,1.0809172251040078,-0.4655036518335147
21.53333333333333,0.6142795229623342,-5.055500563854006,0.18430796753602988,1.7552142698249134,-0.4655154267646066
21.541666666666668,0.570012642386468,-5.570596150142163,0.20188906502537637,2.469527924888808,-0.46553157464947664
21.55,0.5214233510487263,-6.0897726484577825,0.22551072136188205,3.1986499649586633,-0.4655535140295895
21.558333333333334,0.4685823970078521,-6.584382637757302,0.2550904650857276,3.886931608220527,-0.465582662456655
21.566666666666666,0.41189366121722804,-7.0027538446036655,0.2899151418006676,4.438126246626097,-0.46561970903834476
21.575,0.3522691522585742,-7.277894457299293,0.3283353019873211,4.729668336765699,-0.4656634882640465
21.583333333333332,0.2911378056354205,-7.359720551146487,0.3677575582113749,4.669944403044749,-0.46571040907855793
21.591666666666665,0.2301427671649996,-7.250516366125661,0.40518901816339653,4.261125564957718,-0.4657557088652164
21.6,0.17068530980397476,-7.001435990488027,0.43805597280007325,3.593646275619178,-0.4657958006678371
21.608333333333334,0.11366425841839262,-6.675342199950429,0.4646836004236473,2.7812576856320788,-0.46582940120619826
21.616666666666667,0.05951274969037415,-6.318559624720272,0.48425302540022347,1.9109788828659366,-0.4658569434042649
21.625,0.008369892006856974,-5.955881519653127,0.49651550680130085,1.0334368117769588,-0.4658795275048705
21.633333333333333,-0.03976250683668581,-5.596732713203495,0.5015254551702211,0.17286759318716446,-0.4658982419249802
21.641666666666666,-0.08492159015449796,-5.241995233258738,0.49947015225800806,-0.6614671933792314,-0.46591390297307156
21.65,-0.1271327008919463,-4.888505826281475,0.49057923833009814,-1.4677468983098705,-0.4659271750770402
21.65833333333333,-0.16638684579716537,-4.53146041055647,0.47508107645678627,-2.2476648918001088,-0.4659388254816035
21.666666666666668,-0.20263251442559868,-4.165588722219463,0.45318204700746656,-3.0046131169721555,-0.46594974180754534
21.675,-0.23577431663994636,-3.785683532347009,0.42505591770362744,-3.742966360633493,-0.46596092223680974
21.683333333333334,-0.2656744947606404,-3.3868006245689233,0.3908365704722805,-4.4679229616646845,-0.46597348120016874
21.691666666666666,-0.292155381892299,-2.9643080010207785,0.3506108943574592,-5.185584836831429,-0.46598866963284963
21.7,-0.31500204459571535,-2.513898265674029,0.3044107260861239,-5.903076097935567,-0.46600791140073333
21.708333333333332,-0.3339652703629842,-2.0316828113324177,0.2522043072801434,-6.628501330734262,-0.4660328584112413
21.716666666666665,-0.3487663267237577,-1.5145685075826827,0.19388981078222425,-7.370416294384185,-0.4660654644449609
21.725,-0.3591073322647393,-0.9613214558159677,0.1292974349117485,-8.136145847882391,-0.4661080664469239
21.733333333333334,-0.36469595137240635,-0.37511953348774707,0.05821466507335449,-8.927602825912164,-0.4661634277015092
21.741666666666667,-0.36530210152379095,0.23105276476594244,-0.019535407723046058,-9.732271165624287,-0.4662346101330176
21.75,-0.3608763602314003,0.82491473797798,-0.1039115575980151,-10.507026967378357,-0.466324395978072
21.758333333333333,-0.35175792745570517,1.344131377130541,-0.19431671085577362,-11.159067232718952,-0.46643381642795356
21.766666666666666,-0.3389295031155569,1.6997644737304205,-0.2891681458099781,-11.54949132995972,-0.4665595246080082
21.775,-0.3240985215768317,1.8168779712117413,-0.3857370526715409,-11.558574864492522,-0.4666920315226359
21.78333333333333,-0.3093266065934999,1.6925791984909857,-0.4807254094510118,-11.181345213687731,-0.4668184962134151
21.791666666666668,-0.29636021613971003,1.3991135729676034,-0.5713381546024601,-10.533196330449796,-0.4669289740782563
21.8,-0.28622230561591216,1.027499413863702,-0.6559295828250595,-9.757656249654652,-0.4670196946204601
21.808333333333334,-0.27926601445886545,0.6437176672147914,-0.7338974156999525,-8.95574795841855,-0.467091578362944
21.816666666666666,-0.27542815943639715,0.2828477147014707,-0.8052623472268252,-8.178088504277243,-0.46714750243619246
21.825,-0.27444697148355307,-0.04059106422050352,-0.8703183083838508,-7.442921421159874,-0.46719059276540376
21.833333333333332,-0.2759896195278251,-0.32275808187095284,-0.9294362053829648,-6.752621933373595,-0.4672235718887024
21.841666666666665,-0.27971418627599554,-0.5646320183525702,-0.9829756901797808,-6.103196214112141,-0.4672486421426898
21.85,-0.2852962319583693,-0.7691120114141337,-1.0312534211866526,-5.488796718135517,-0.46726754321401437
21.858333333333334,-0.29243860397014776,-0.9397114401184571,-1.0745367317586754,-4.903617621209687,-0.46728164170097897
21.866666666666667,-0.3008739466933264,-1.080014696380069,-1.1130473281823734,-4.342568766015728,-0.4672920153785963
21.875,-0.31036430726260505,-1.1934766087109174,-1.1469680854336726,-3.801421442974522,-0.4672995204946745
21.883333333333333,-0.32069976535529776,-1.2833674409762652,-1.1764500405467697,-3.276744008335828,-0.46730484219213325
21.891666666666666,-0.33169688144870285,-1.352774937205496,-1.2016184942643904,-2.765766812639773,-0.46730853136659206
21.9,-0.34319725678763996,-1.4046251500745282,-1.2225779120822466,-2.2662350315539874,-0.46731103143053326
21.90833333333333,-0.35506628674339935,-1.4417065246120564,-1.2394156347508236,-1.7762722272973048,-0.4673126978029366
21.916666666666668,-0.3671921074193183,-1.4666917443010716,-1.2522045249868352,-1.2942619901533894,-0.4673138122088124
21.925,-0.3794847098064334,-1.4821560672742922,-1.2610047074572797,-0.8187485477157065,-0.46731459325709757
21.933333333333334,-0.39187519289219297,-1.490592438352856,-1.2658645544471485,-0.3483547662951604,-0.4673152042950867
21.941666666666666,-0.4043151314211455,-1.4944239667938752,-1.2668210529618322,0.11828461847298882,-0.46731575920549984
21.95,-0.4167760316529606,-1.496011675565941,-1.2638996921926164,0.5825687478550551,-0.46731633545543627
21.958333333333332,-0.42924883014144644,-1.4976592206540098,-1.2571140529762,1.0459641127732118,-0.4673170256104727
21.966666666666665,-0.44174344767081486,-1.5016194174806687,-1.2464650628677936,1.5100455007103313,-0.46731796653970437
21.975,-0.45428835537911777,-1.5100898299778913,-1.2319400207725775,1.9765092671475089,-0.46731934239550804
21.983333333333334,-0.46693004980015235,-1.525194307200741,-1.2135116146212879,2.4471609652465527,-0.46732138823786706
21.991666666666667,-0.47973228218446334,-1.5489401205674942,-1.1911371926377177,2.923863339018323,-0.4673243956267626
22.0,-0.4927747671895881,-1.5831318185391283,-1.1647587276518123,3.408415636205756,-0.4673287201697838
22.008333333333333,-0.5061508878011238,-1.6292096262640299,-1.1343042413161992,3.902312851787271,-0.46733479049089705
22.016666666666666,-0.5199635638228408,-1.6879592005405624,-1.0996920214903652,4.406297766586753,-0.46734311688149244
22.025,-0.5343178891111684,-1.7590096845607248,-1.0608398970087638,4.9195670151254465,-0.4673542953482962
22.03333333333333,-0.5493083128290904,-1.8400051265323292,-1.01768323490296,5.438435245237894,-0.4673689978432258
22.041666666666668,-0.5649971355480363,-1.9253338032603313,-0.970207064151737,5.954253078287549,-0.4673879310759272
22.05,-0.5813805208956734,-2.004429159665574,-0.9184988230395011,6.450578923412256,-0.4674117353459779
22.058333333333334,-0.5983399288863966,-2.0601128244542677,-0.8628256183187185,6.900356679286733,-0.46744079006771205
22.066666666666666,-0.6155844387148971,-2.068400251047343,-0.8037275389850229,7.265441347412771,-0.4674749202464418
22.075,-0.63260563863826,-2.002113199550546,-0.7420916388267103,7.502388199396682,-0.4675130948988956
22.083333333333332,-0.6486838881502056,-1.8394883517707281,-0.6791424215819898,7.576529618925988,-0.46755334943577614
22.091666666666665,-0.6629763985641135,-1.5740763656598815,-0.6162983071768129,7.478179163424043,-0.4675931600715958
22.1,-0.6746657948354091,-1.218118279966483,-0.5549299096944301,7.227928182427045,-0.46763016981117206
22.108333333333334,-0.6830948344432186,-0.7961317610065606,-0.49614402540710767,6.865683035009973,-0.4676628034759336
22.116666666666667,-0.6878250764376966,-0.3344986793106939,-0.44069572957924585,6.433284824536859,-0.4676904216413499
22.125,-0.6886191254793079,0.14563289243476232,-0.3890267935525685,5.962946066775045,-0.4677130923395816
22.133333333333333,-0.6853858494418725,0.6302938242304146,-0.34136286983709613,5.474415244642567,-0.46773127202871284
22.141666666666666,-0.6781239318237018,1.1116003639053582,-0.2978100872152212,4.977182168359517,-0.46774560987970626
22.15,-0.6668789269557075,1.5858817845423243,-0.25842629579797544,4.473894320248226,-0.4677568334848048
22.15833333333333,-0.651715151765262,2.0520826757427257,-0.22326549399876675,3.9632301918809723,-0.46776568297532134
22.166666666666668,-0.6326987523318857,2.510677996435586,-0.19240211971374824,3.441864870631508,-0.4677728884169836
22.175,-0.609887984529829,2.962999292554792,-0.16594213707206967,2.905722340508163,-0.4677791685828728
22.183333333333334,-0.5833279970772902,3.4107989549785027,-0.14402560443591975,2.3508176425983636,-0.4677852373716056
22.191666666666666,-0.553048837122336,3.855885662673119,-0.1268229332787685,1.7739746596524104,-0.4677918099632979
22.2,-0.5190667631369118,4.299666549657277,-0.11452472322214877,1.1736985314015485,-0.4677996033255195
22.208333333333332,-0.48139040837986324,4.742405394165212,-0.1073225893342753,0.5515249796884413,-0.4678093257345398
22.216666666666665,-0.44003511849018967,5.18195984351596,-0.10537539910078647,-0.08575613483742803,-0.46782164832922846
22.225,-0.3950508581594706,5.611752842468777,-0.10875189206282293,-0.722599839859247,-0.4678371651668054
22.233333333333334,-0.34657037335264385,6.018002920620999,-0.1173386728958573,-1.330021918899781,-0.46785641204479433
22.241666666666667,-0.29488051138454,6.377224572566891,-0.1307098417380981,-1.861590183093789,-0.4678797601311312
22.25,-0.24050442756116513,6.656746926856813,-0.14798156094296233,-2.254925988513428,-0.46790709752690535
22.258333333333333,-0.1842528701035921,6.822164120712874,-0.16772658248988087,-2.445536328719185,-0.4679374999391931
22.266666666666666,-0.1271818133420512,6.851611051177203,-0.18805956601144394,-2.392618440794264,-0.4679692089718379
22.275,-0.0704326578461733,6.747464845189457,-0.20693395755757618,-2.1001235218833165,-0.46800013280826724
22.28333333333333,-0.015027424330823899,6.534395588902742,-0.22252073271757497,-1.6134792488301988,-0.46802858061943897
22.291666666666668,0.038264867445992654,6.24589104531316,-0.23346155079475758,-0.9956405756325666,-0.46805367031760897
22.3,0.08894392928129893,5.911388598603128,-0.23891095113282682,-0.3038637603637426,-0.46807523510700894
22.308333333333334,0.13671662257088785,5.550881878746858,-0.23843688911907462,0.4205083797518689,-0.46809349431857106
22.316666666666666,0.18141771589430888,5.175437385835565,-0.23188437438681783,1.151782271391205,-0.4681088406221747
22.325,0.22294594391327813,4.789800383244214,-0.21926127552807242,1.8758285224081177,-0.4681218747355944
22.333333333333332,0.2612221784471398,4.394903428298058,-0.20065944233765778,2.5860270957404965,-0.46813337329088067
22.341666666666665,0.2961657064522696,3.9896735473035325,-0.17620522637215064,3.2803286003846193,-0.4681442365005953
22.35,0.32768268716022353,3.5721820089209513,-0.14602974659865917,3.9593995948742657,-0.4681554599195737
22.358333333333334,0.35566226441271825,3.140373007728316,-0.11025143867714106,4.6254596758464706,-0.46816812390632534
22.366666666666667,0.3799778202972642,2.6926057963465624,-0.068966808494486,5.281412567735936,-0.4681833944796188
22.375,0.4004927221663922,2.2282272786056483,-0.02224848326416454,5.929901788412976,-0.46820252838144316
22.383333333333333,0.41707176537014423,1.7484087203800267,0.02984719396875463,6.57189200635514,-0.468226870374686
22.391666666666666,0.4296016379739404,1.257523382302473,0.08725713178285173,7.204296351638672,-0.4682578192761056
22.4,0.4380260733951561,0.7653251906786271,0.14986299196774847,7.816176016437901,-0.46829671837681475
22.40833333333333,0.4424024688697244,0.28984328226634654,0.21740487462268698,8.383580683008088,-0.4683446003624202
22.416666666666668,0.4429818422040393,-0.14028920738103123,0.289352297131623,8.865075037520416,-0.46840171954201043
22.425,0.4402944725107392,-0.4875725255598698,0.36475957066843206,9.20376627026607,-0.4684669275545979
22.433333333333334,0.4351880638218682,-0.715811237218506,0.44219248769140856,9.343300100392833,-0.46853724312326606
22.441666666666666,0.4287478780589522,-0.80700856992075,0.5198447268333867,9.255361727878634,-0.4686081676401462
22.45,0.42209008661842,-0.7722350108892895,0.595862419425938,8.957711232408986,-0.4686749799240958
22.458333333333332,0.41613352846650004,-0.6453933679491887,0.6687064022422146,8.50425293409346,-0.4687342183584859
22.466666666666665,0.41147766570388156,-0.4663880173058742,0.7373429162003837,7.957791200285634,-0.4687843091784468
22.475,0.4084128334056115,-0.2681158790235287,0.8012210801898869,7.36923526193012,-0.46882524200784886
22.483333333333334,0.4070009187084648,-0.07245880173156405,0.8601396975448611,6.771606985092121,-0.46885789442955933
22.491666666666667,0.4071627658280998,0.10813764506888937,0.9141072435607804,6.183035633872114,-0.46888347815124026
22.5,0.4087442675197038,0.26763897989894614,0.9632392023132909,5.611892627044917,-0.46890322393155015
22.508333333333333,0.4115585968530505,0.4038752590019575,1.007695219435792,5.060973767179179,-0.46891824503347534
22.516666666666666,0.41541079756489424,0.5168477631300917,1.0476448273598857,4.530195691279623,-0.4689294950026307
22.525,0.42011127844978663,0.607717730017066,1.083250537231604,4.01814239740914,-0.46893776910684076
22.53333333333333,0.425482869553548,0.6782359632169346,1.1146605339024005,3.522886396745964,-0.46894372225914205
22.541666666666668,0.43136430557999483,0.7304316400099026,1.1420063138960315,3.0423945577473366,-0.46894789053662295
22.55,0.43761178174558346,0.7664465911700095,1.1654026693650452,2.574708999045093,-0.4689507111544545
22.558333333333334,0.4440994941260724,0.7884492365196637,1.1849486384997727,2.118011265036872,-0.46895253929634956
22.566666666666666,0.45071966038666317,0.7985915075457138,1.200728721324228,1.6706288940196312,-0.4689536616651504
22.575,0.45738228714105544,0.7989887049548973,1.2128140258225881,1.2310158328878884,-0.46895430713109065
22.583333333333332,0.4640148250874202,0.7917113961550452,1.2212632021185943,0.7977230532014297,-0.46895465496642574
22.591666666666665,0.47056178494856715,0.7787833813080154,1.2261231215347732,0.3693676520779616,-0.46895484111149277
22.6,0.4769843493418709,0.7621823103178428,1.2274293069836895,-0.055395453530065725,-0.46895496282644
22.608333333333334,0.48325998849311447,0.7438388445902024,1.2252061589176908,-0.4778916351657448,-0.46895508646956585
22.616666666666667,0.4893820497532544,0.7256328154719107,1.2194670965466516,-0.8994341859899659,-0.4689552835662368
22.625,0.4953593364308009,0.7093931748346831,1.2102145663278643,-1.321345314638585,-0.46895565719727633
22.633333333333333,0.5012156513284075,0.6968884122692062,1.197439952443002,-1.744956205905335,-0.4689563446529404
22.641666666666666,0.506989215792342,0.6898059020062105,1.1811235660574395,-2.1715883198849006,-0.4689575195580307
22.65,0.512731852842743,0.6897146063422229,1.1612348882471677,-2.602509249361894,-0.4689593950390228
22.65833333333333,0.5185077566893083,0.6980010173879161,1.1377333374470389,-3.0388477301774492,-0.4689622277964359
22.666666666666668,0.5243915646598871,0.715762567662216,1.1105699979594053,-3.4814427806016366,-0.46896632267531974
22.675,0.530465283946907,0.743634560799175,1.0796910099608092,-3.9305878484181087,-0.46897203677614624
22.683333333333334,0.5368133832222903,0.7815161123454947,1.0450437224086564,-4.385612246999184,-0.46897978110320543
22.691666666666666,0.5435150268200172,0.8281504165947133,1.0065872731663372,-4.844223242097091,-0.468990015901035
22.7,0.5506320440182618,0.8805147859613267,0.9643099340229697,-5.301528849683808,-0.4690032328812556
22.708333333333332,0.5581909655266725,0.9330118194186198,0.9182560612996538,-5.748715732336964,-0.4690199136432904
22.716666666666665,0.5661578114529465,0.9765745106915038,0.8685650277324907,-6.171552082622508,-0.46904045055570526
22.725,0.5744062534856028,0.9980650572087022,0.8155214558953445,-6.549325264439122,-0.46906501982399035
22.733333333333334,0.5826845212442996,0.9807319677527601,0.7596083481945466,-6.855468957633817,-0.46909341693703915
22.741666666666667,0.5905938606036861,0.9066576342011341,0.7015424111364512,-7.061431564444088,-0.46912490955788894
22.75,0.5975968558149802,0.7613728104206049,0.6422616066462744,-7.144103726580234,-0.469158211266895
22.758333333333333,0.6030679384590366,0.5388993616662717,0.5828446647164659,-7.093948367643749,-0.46919166516074245
22.766666666666666,0.6063766451959716,0.24405367008305964,0.5243781756374809,-6.918605542539457,-0.46922360252145967
22.775,0.6069714718629304,-0.10972375988344933,0.4678242350910859,-6.639150894978438,-0.4692526991962134
22.78333333333333,0.6044317572685686,-0.5053613535674606,0.41394171075121305,-6.28182396079707,-0.46927816039450454
22.791666666666668,0.598477506595594,-0.9267819467543973,0.3632764325340539,-5.870545031114043,-0.4692997268558188
22.8,0.5889492033536841,-1.3613642362694311,0.31619902139295314,-5.423141031611358,-0.4693175615080766
22.808333333333334,0.5757760787973418,-1.8003851461613116,0.27295914157520684,-4.950941944495725,-0.4693321015487177
22.816666666666666,0.5589458073467453,-2.2383958060892253,0.23373477950769492,-4.46010528548835,-0.46934393970699007
22.825,0.5384810199613111,-2.672302210971579,0.19866804718757264,-3.9533713382796316,-0.46935374744533936
22.833333333333332,0.514423335138517,-3.100511228017898,0.16788682252582046,-3.431657941145384,-0.4693622314312312
22.841666666666665,0.4868239138876743,-3.5222161711347297,0.1415142525302068,-2.8953852124063855,-0.469370109925049
22.85,0.45573957910265567,-3.9367594147230607,0.11966798364305378,-2.3456448739538054,-0.4693780974960652
22.858333333333334,0.42123431217663165,-4.342958586238422,0.10244963106303188,-1.7854083893827117,-0.4693868891214844
22.866666666666667,0.38338694606809354,-4.7382739029015974,0.08992330323916808,-1.2209769981968912,-0.4693971364280301
22.875,0.3423067914031944,-5.1177290764140455,0.08208051320879754,-0.663808913465896,-0.4694094097788283
22.883333333333333,0.298159206391454,-5.472631271464972,0.07878851062064941,-0.1326183080248412,-0.4694241415370022
22.891666666666666,0.2512015497379755,-5.7894607711413615,0.07972206038984725,0.3449335140282058,-0.46944155199200777
22.9,0.20182473161785663,-6.04984173115857,0.08428806851562534,0.7325727616935915,-0.4694615898491875
22.90833333333333,0.15058573765960964,-6.232958254351431,0.09156982963113271,0.9901699165223161,-0.4694838717999424
22.916666666666668,0.098207124393452,-6.3209957084612265,0.10033382261412112,1.0838510997546984,-0.4695076200383618
22.925,0.04552412903976892,-6.305698942906811,0.10913285201628974,0.9979810196081405,-0.46953174964239974
22.933333333333334,-0.006613036291711216,-6.191839777805782,0.11649094085753663,0.7414993036620275,-0.46955512176317155
22.941666666666666,-0.05744195708960064,-5.994878186522597,0.12109797265372046,0.3437650516653703,-0.46957682065767703
22.95,-0.106352307648519,-5.734724948662727,0.1219351464295097,-0.1567237422799166,-0.46959629084969634
22.958333333333332,-0.1528970235023411,-5.429888089850704,0.11830361189124715,-0.7231076999052315,-0.4696133170444481
22.966666666666665,-0.1967659317331265,-5.094461320594269,0.10978279380439357,-1.3259909557564302,-0.4696279970121334
22.975,-0.2377458404640066,-4.737710330809656,0.09616062854517723,-1.9446507703810234,-0.46964069952249
22.983333333333334,-0.27568372509184746,-4.36501680066555,0.07736566729823492,-2.5657508264492668,-0.4696519937231691
22.991666666666667,-0.3104596750082109,-3.979155127132777,0.053413684682090554,-3.181363478965207,-0.46966258920406895
23.0,-0.341970091165087,-3.5814370077022386,0.024370460135260327,-3.7871380997750332,-0.46967329232203003
23.008333333333333,-0.37011947202291506,-3.1726314370110194,-0.0096715614522123,-4.380798965069287,-0.46968497607355064
23.016666666666666,-0.3948191627850398,-2.7537351933477394,-0.04860511449967221,-4.960856988930053,-0.4696985574705486
23.025,-0.4159923495740521,-2.326724334028784,-0.09230936552498475,-5.525316376100789,-0.4697149739246154
23.03333333333333,-0.43358570729920004,-1.8954197097900192,-0.1406395546785823,-6.070145623969458,-0.46973514658833393
23.041666666666668,-0.447589057603064,-1.466548747618255,-0.1934023207035142,-6.587358837467366,-0.4697599134614005
23.05,-0.4580645012481839,-1.0509197993580357,-0.25031364644173626,-7.062821490672265,-0.4697899108828412
23.058333333333334,-0.4651843820691695,-0.6642445099893903,-0.31093964874344504,-7.474528630599334,-0.46982538780028055
23.066666666666666,-0.469271200539523,-0.3265616596409139,-0.3746306919758389,-7.793097495729638,-0.4698659704465298
23.075,-0.4708221460577847,-0.05893326770579743,-0.44047693523589054,-7.98675010203616,-0.46991046802166925
23.083333333333332,-0.47049322030356466,0.1227744854931594,-0.507327079801645,-8.031233535521135,-0.46995688452256384
23.091666666666665,-0.46902766966911213,0.21433511522815143,-0.5738970910452715,-7.9203419306436675,-0.4700027627389514
23.1,-0.4671457137623835,0.22532993642382942,-0.6389428121940813,-7.669600405795995,-0.47004576532758685
23.108333333333334,-0.46544211854411904,0.17523488208397692,-0.7014211566316417,-7.310054701016427,-0.4700841911980968
23.116666666666667,-0.46433220505240885,0.08649262768466276,-0.76057380528941,-6.877167659379486,-0.4701171801212105
23.125,-0.464052332840883,-0.021060180067223985,-0.8159239074088384,-6.401978377450331,-0.4701446059473706
23.133333333333333,-0.46469386485216196,-0.13262150348706972,-0.8672203424861118,-5.907401616571916,-0.470166827622874
23.141666666666666,-0.4662463609050871,-0.23843773700437368,-0.9143688991899102,-5.408407606512574,-0.47018445058711955
23.15,-0.46863564944718594,-0.3327628884267766,-0.9573731190947696,-4.913830561782557,-0.4701981599865072
23.15833333333333,-0.4717521880382396,-0.4126688795445755,-0.9962915457401386,-4.428337957750409,-0.4702086250696383
23.166666666666668,-0.47547030441546284,-0.4770751200244092,-1.0312098417614737,-3.9539879359279784,-0.47021645380097976
23.175,-0.4796605427140757,-0.5260612577229153,-1.0622238078633588,-3.4912968240564646,-0.47022217689977
23.183333333333334,-0.48419730715995724,-0.5604144402716783,-1.0894295754389198,-3.039914150518563,-0.4702262469636104
23.191666666666666,-0.48896346977897354,-0.5813425594099031,-1.1129182188911688,-2.5990272846134372,-0.47022904427715745
23.2,-0.49385307622637664,-0.5902964913742754,-1.1327729650481577,-2.167593800461722,-0.47023088486947356
23.208333333333332,-0.4987728795937869,-0.5888611645349923,-1.1490678653186275,-1.7444691657736433,-0.47023202867777203
23.216666666666665,-0.5036431580839411,-0.5786891659636737,-1.1618672527892404,-1.3284730537019334,-0.4702326868943577
23.225,-0.5083980964090051,-0.561460264853687,-1.1712255931044016,-0.9184209493923897,-0.4702330281776168
23.233333333333334,-0.5129859001627438,-0.5388564438900069,-1.1771875126936948,-0.5131371553267763,-0.470233183683984
23.241666666666667,-0.5173687428536794,-0.5125458268994393,-1.1797878930957608,-0.11145889159525482,-0.47023325098773994
23.25,-0.5215225994665318,-0.4841705700715919,-1.1790519861468367,0.2877611007591033,-0.47023329761057925
23.258333333333333,-0.5254369696372994,-0.45533191801219913,-1.1749955977116182,0.6856399887721072,-0.47023338006295307
23.266666666666666,-0.5291144894324958,-0.42757999308548583,-1.1676253595250137,1.0832632336511316,-0.47023357610378064
23.275,-0.5325704535801868,-0.40239934510581205,-1.1569390115369445,1.481675853478032,-0.47023399133880284
23.28333333333333,-0.535832170206239,-0.38118345285481664,-1.142925849436572,1.8818531203640332,-0.47023476033272776
23.291666666666668,-0.5389380513492193,-0.3651958504496074,-1.1255674959610884,2.2846507719992655,-0.4702360482962975
23.3,-0.5419363002150477,-0.3555108213033077,-1.1048392079212597,2.6907240593624455,-0.4702380531564789
23.308333333333334,-0.5448829855301911,-0.35292364849711116,-1.0807120406483637,3.1003997595992585,-0.47024100760361515
23.316666666666666,-0.547839194813145,-0.3578166748825769,-1.0531563506487196,3.5134786217080327,-0.47024518035190227
23.325,-0.5508668272694012,-0.3699635436043074,-1.0221473355591946,3.928938463288415,-0.4702508752461728
23.333333333333332,-0.5540224297342915,-0.3882521659495684,-0.987673581046668,4.344503763225859,-0.47025842589848355
23.341666666666665,-0.5573483325613018,-0.4103126797589659,-0.9497498512172423,4.756054985695548,-0.47026818220076105
23.35,-0.5608603111794312,-0.43206107495378226,-0.9084354555012216,5.156888481651942,-0.4702804835476471
23.358333333333334,-0.5645313091591638,-0.44722997167372003,-0.8638590812851239,5.536935468247797,-0.47029561280173504
23.366666666666667,-0.5682717880092399,-0.4470711749836633,-0.8162493682202985,5.882234193279803,-0.47031372707615615
23.375,-0.5719094212065631,-0.4205622588595038,-0.7659670278688065,6.175195921801278,-0.4703347697204878
23.383333333333333,-0.575174036255106,-0.35552086263714744,-0.7135290874700148,6.39633135544452,-0.47035838478041947
23.391666666666666,-0.5776964200946223,-0.24080434974949924,-0.6596113158756636,6.527741006612095,-0.47038387519548264
23.4,-0.5790285928749855,-0.06911065554820091,-0.6050164445641144,6.557585957653079,-0.4704102500602249
23.40833333333333,-0.5786857970009479,0.1608518173050567,-0.5506078078206248,6.483521877035402,-0.4704363733308614
23.416666666666668,-0.5761993870185729,0.4440609906966248,-0.49722612157356183,6.313080910980529,-0.47046117008263494
23.425,-0.5711633641080405,0.7709201975549864,-0.44561748150516484,6.060752427973802,-0.4704838127863471
23.433333333333334,-0.5632613330181854,1.1299794088153008,-0.3963936561484341,5.7435482763047485,-0.47050381772638766
23.441666666666666,-0.5522714896680141,1.5103025177938298,-0.35002771428148993,5.377257569708634,-0.47052104395651007
23.45,-0.5380560224550097,1.9027977728634478,-0.30687371308682054,4.974479849875901,-0.47053563173329643
23.458333333333332,-0.5205437270973181,2.3005663968996344,-0.26719557704535707,4.544295381629245,-0.47054792306845383
23.466666666666665,-0.49971251709637726,2.6986460246651394,-0.23119416624626432,4.092914522883034,-0.47055839093764706
23.475,-0.4755753530095447,3.0934916948649493,-0.19902696328521247,3.624724477275638,-0.47056758579801417
23.483333333333334,-0.44817088124312404,3.482383448761329,-0.1708185625048013,3.1434190844442926,-0.47057609733989936
23.491666666666667,-0.417559081506171,3.862818515121641,-0.14666177536300845,2.6531185641812307,-0.4705845253149051
23.5,-0.38382207891584935,4.231874420101397,-0.12660938193764115,2.1595031673874954,-0.4705934527588345
23.508333333333333,-0.34707049191164796,4.585514028731482,-0.11065621140576898,1.6710046273595272,-0.47060341577983744
23.516666666666666,-0.30745579795663197,4.917845394410292,-0.09871112123037784,1.2000205602489422,-0.4706148656334225
23.525,-0.2651886724265579,5.220463422099428,-0.09055948546128058,0.7639137478073346,-0.470628121557942
23.53333333333333,-0.2205614460784858,5.482191012469584,-0.08582010151140118,0.38522580908625603,-0.47064331790577607
23.541666666666668,-0.17396933050131302,5.6897260276775325,-0.08390662662964612,0.09021576536870349,-0.47066035699541453
23.55,-0.12592079051048768,5.829642695462068,-0.08401105983875286,-0.09503910530835506,-0.4706788875675759
23.558333333333334,-0.07702582299632237,5.8915812825081435,-0.08512927955489723,-0.1506295933205117,-0.47069833121322086
23.566666666666666,-0.0279565920421265,5.87140812634396,-0.08613805699841365,-0.0686677893537609,-0.4707179654988699
23.575,0.020611857358851637,5.77256744521441,-0.08590895551546152,0.14419782346243343,-0.47073705229609225
23.583333333333332,0.06806100489975069,5.604761321015638,-0.08342278500403381,0.4691598077123641,-0.4707549706090043
23.591666666666665,0.11386866312692026,5.380831163912874,-0.07784835680542895,0.880970345115329,-0.4707713134000898
23.6,0.15762143156489644,5.113594775401948,-0.06857062997558991,1.3538570372762353,-0.470785930292605
23.608333333333334,0.19900521239167487,4.813855019135062,-0.05517711924610586,1.8654161619516028,-0.47079892025767334
23.616666666666667,0.23778489101739303,4.48974861090844,-0.03742206868709398,2.398121008897464,-0.4708105941451788
23.625,0.2737827311915247,4.1469986314268885,-0.015185593415664252,2.939176249413841,-0.47082142666024085
23.633333333333333,0.3068608690647636,3.789576050208666,0.011562146447784553,3.479578376061366,-0.4708320100750686
23.641666666666666,0.33690987230722774,3.4204595545496113,0.04278767413412751,4.012933512838738,-0.47084301416238683
23.65,0.3638435636866374,3.042370569309546,0.07841093384707405,4.5342585723619955,-0.47085515125637856
23.65833333333333,0.3875998099201447,2.6584736124775348,0.11831209692789266,5.038791010523169,-0.47086914177160455
23.666666666666668,0.4081471074394356,2.2730721863161927,0.16232831248819313,5.520756839772988,-0.4708856729845218
23.675,0.42549699261908563,1.892306178516983,0.21023992420386564,5.972080690285511,-0.4709053421358832
23.683333333333334,0.4397220076340719,1.5247602758275278,0.26174610032755263,6.3811791979025845,-0.47092857532579296
23.691666666666666,0.45097751047176204,1.1817152778903668,0.3164321549731735,6.732278008202423,-0.47095552000763663
23.7,0.4595225042544278,0.8765708562140297,0.3737360255755364,7.006046698604119,-0.47098592629347746
23.708333333333332,0.46573043055046087,0.6229559047497326,0.4329286085914885,7.182396266198599,-0.4710190610154775
23.716666666666665,0.470078535732625,0.431560115892078,0.49312700869367404,7.245453900770857,-0.47105372171446264
23.725,0.4731089210434473,0.30678139912167246,0.5533529052333964,7.188969842985041,-0.47108839976550576
23.733333333333334,0.47536728834426234,0.2450258480686472,0.6126272863405043,7.019141161041267,-0.47112156483385675
23.741666666666667,0.47733892728077654,0.2357927770820358,0.6700703964692931,6.752954527253418,-0.47115195716589925
23.75,0.47940357259993244,0.2648621595592775,0.7249719808929387,6.413130391255001,-0.47117876565141426
23.758333333333333,0.48181927436660565,0.3177590625030816,0.7768154974050877,6.02263724265671,-0.47120164906431006
23.766666666666666,0.48473103561227315,0.382092432508461,0.82526334552154,5.601047162611871,-0.47122064473495434
23.775,0.48819290347025807,0.4484772398853872,0.8701214900459903,5.163177502751622,-0.4712360377989835
23.78333333333333,0.49219321902120794,0.5104653859116486,0.9112999580959142,4.7193015383045855,-0.4712482433047656
23.791666666666668,0.4966770796067735,0.5640244013907694,0.9487784772729105,4.276044166713221,-0.4712577214772813
23.8,0.5015639069643129,0.6069265435527565,0.9825802870468494,3.837380931110746,-0.4712649256495578
23.808333333333334,0.5067601860172102,0.6382160558255005,1.0127537214920699,3.4054814651695167,-0.4712702745644662
23.816666666666666,0.5121682764634481,0.6578009466914848,1.0393599154762023,2.9813350473305373,-0.4712741402999966
23.825,0.5176923209526887,0.6661608187523262,1.0624648837786699,2.5651816488701353,-0.4712768451820152
23.833333333333332,0.523242115547161,0.6641454768065557,1.0821345446701547,2.156795650861459,-0.4712786633561807
23.841666666666665,0.5287355900812009,0.6528388021919402,1.0984316528665745,1.7556670956958047,-0.47127982444369404
23.85,0.5341003529175797,0.633467398598724,1.1114139408606778,1.3611153695474885,-0.47128051785001845
23.858333333333334,0.5392746072483521,0.6073390340054075,1.1211330152382024,0.9723601102850303,-0.47128089698167913
23.866666666666667,0.5442076408401137,0.5758003790605148,1.1276337263753848,0.5885661859869336,-0.47128108301401955
23.875,0.5488600177851686,0.5402067370758885,1.1309538455026582,0.20887400732837066,-0.4712811680613956
23.883333333333333,0.5532035492475497,0.5018984334921722,1.131123960985121,-0.1675768670444278,-0.47128121778460724
23.891666666666666,0.5572210703894696,0.46217644173880185,1.1281675902667103,-0.5416165739141865,-0.47128128127992464
23.9,0.5609060140213505,0.4222804060334938,1.1221015603376754,-0.9140185168367628,-0.4712814194025686
23.90833333333333,0.564261818657285,0.3833675361848408,1.1129365565478493,-1.2854774899141763,-0.47128171494574367
23.916666666666668,0.5673011147494295,0.3464805090639549,1.1006779478103,-1.656565990721369,-0.47128227282293295
23.925,0.5700445986098025,0.312504052407125,1.0853270491910663,-2.0276722904758526,-0.4712832202753539
23.933333333333334,0.5725194817728652,0.2821055727141666,1.0668829991824496,-2.3989134474565796,-0.4712847070282742
23.941666666666666,0.5747573591680275,0.255653999485846,1.0453454978975913,-2.7700139760402926,-0.47128690497771397
23.95,0.5767912879029077,0.23311041073168973,1.0207187364918666,-3.140139441348394,-0.4712900067510662
23.958333333333332,0.5786518162198138,0.21388466599385525,0.9930169377532393,-3.507674701086037,-0.4712942221517892
23.966666666666665,0.5803616665938472,0.19665599947226475,0.9622719962921333,-3.869941784542845,-0.4712997710804032
23.975,0.5819287951637602,0.1791653231373532,0.9285436947697953,-4.222867459123972,-0.47130687110666963
23.983333333333334,0.5833376886886407,0.15800686959732527,0.8919327710174186,-4.560642157745507,-0.4713157176921724
23.991666666666667,0.584539118596696,0.12847975448343085,0.8525965562546244,-4.875465434787652,-0.47132645561946834
24.0,0.5854392501780139,0.08460221593051198,0.8107658256914785,-5.1575427642953375,-0.4713391422114445
24.008333333333333,0.5858900098886081,0.019422076719948562,0.7667598786857456,-5.395550900151039,-0.4713537070578571
24.016666666666666,0.5856836822982721,-0.07426739795003005,0.7209951160019444,-5.577752048933294,-0.4713699187635718
24.025,0.5845551673508091,-0.20282483545687952,0.6739816066667613,-5.693730302384416,-0.4713873742076123
24.03333333333333,0.5821942758719906,-0.3705150482765031,0.6263038222006334,-5.736356415321458,-0.4714055248410143
24.041666666666668,0.5782675135811807,-0.5785569953909862,0.5785864618120656,-5.703272356502111,-0.471423742793576
24.05,0.5724450810595474,-0.8248735068987858,0.5314523169078084,-5.597238764818455,-0.4714414121528175
24.058333333333334,0.5644265350865794,-1.1046456674948089,0.4854827352752147,-5.42519510519226,-0.4714580181208101
24.066666666666666,0.5539593442750302,-1.4113933202822664,0.4411897933255579,-5.196507591602638,-0.47147320875771404
24.075,0.5408478394073631,-1.738124978469244,0.39900381366039167,-4.92116094958308,-0.4714868186719157
24.083333333333332,0.524953605962939,-2.078200651184363,0.359274057786625,-4.608469293479315,-0.47149885989237794
24.091666666666665,0.5061904069136758,-2.425778336409358,0.32227720869910265,-4.266497428868185,-0.4715094931379038
24.1,0.4845169860731765,-2.7758932388148367,0.28822801293832306,-3.902089936001459,-0.4715189920386593
24.108333333333334,0.4599303392583392,-3.124286321484214,0.2572878694438901,-3.5212996850267415,-0.4715277079495731
24.116666666666667,0.4324610798207971,-3.467087747114819,0.22956884404522795,-3.130031751502422,-0.47153603798201094
24.125,0.40217179464897806,-3.800424455636127,0.20513185940374298,-2.7347820101379026,-0.47154439559857775
24.133333333333333,0.3691588316186393,-4.119995461968588,0.18397861266805796,-2.343392054050539,-0.4715531816873215
24.141666666666666,0.33355761230469444,-4.420659752926802,0.16603740997436653,-1.9657370307667648,-0.4715627540560545
24.15,0.2955510753047075,-4.696114143606013,0.15114401024788388,-1.6142045561354907,-0.4715733945061372
24.15833333333333,0.2553799890473861,-4.938793740977773,0.1390201387789804,-1.3037272194785428,-0.47158527502608316
24.166666666666668,0.21335255314961518,-5.140172840295977,0.1292546657578139,-1.0510577252077957,-0.4715984280328158
24.175,0.16984927650783246,-5.291612043963061,0.12129490351786502,-0.8730432068615591,-0.4716127290663662
24.183333333333334,0.12531854522498448,-5.385715677199742,0.11445631994560426,-0.7839894521929216,-0.47162790180957315
24.191666666666666,0.08025985337930441,-5.417849691199185,0.10795593537028284,-0.7927706023165225,-0.4716435521419163
24.2,0.03519577204822376,-5.387220471328234,0.10096709513579791,-0.9007828248899954,-0.47165922936442767
24.208333333333332,-0.009361333384158888,-5.297000789536564,0.09268429774505105,-1.1016791808136448,-0.4716745021078744
24.216666666666665,-0.052939273500317456,-5.153446938122529,0.08238207425403,-1.3829950600457666,-0.4716890301365192
24.225,-0.09512587024219314,-4.964450451475226,0.06945499890734527,-1.728868562380284,-0.47170261555137394
24.233333333333334,-0.13557652483581376,-4.738135687534254,0.05343438218707126,-2.1227449460491634,-0.4717152259360967
24.241666666666667,-0.17401183425922748,-4.48191531549163,0.033985356728760165,-2.549298223351193,-0.47172699172480287
24.25,-0.21020966989264034,-4.202099032817403,0.01089208842052178,-2.995366319182702,-0.4717381856136006
24.258333333333333,-0.24399593657770172,-3.9039400982003447,-0.015961249594552418,-3.450079322718186,-0.47174919234471646
24.266666666666666,-0.2752369387710291,-3.59194699783883,-0.04660822992576838,-3.904472947267685,-0.4717604746064494
24.275,-0.3038349464284341,-3.2703212105060158,-0.08101342589899843,-4.350827817234424,-0.47177253738064273
24.28333333333333,-0.32972762137320405,-2.943435363722192,-0.11907956546074734,-4.781884457474251,-0.4717858901574296
24.291666666666668,-0.35289140822904114,-2.6162986242248847,-0.16064795231917336,-5.190025965780294,-0.4718010045607982
24.3,-0.3733485644039138,-2.2949530200487773,-0.20549225391491277,-5.566522784996156,-0.4718182644830658
24.308333333333334,-0.3911768930783756,-1.9867051168675076,-0.2533067748568437,-5.900999222263793,-0.4718379075819518
24.316666666666666,-0.4065202032440782,-1.7000386081037613,-0.3036920841612789,-6.181383606845583,-0.4718599620788722
24.325,-0.4195960644824207,-1.4440239780139608,-0.35614336627573945,-6.394662812432514,-0.47188419158378836
24.333333333333332,-0.4306961372151582,-1.2271271758751359,-0.410049187683133,-6.528633062743159,-0.47191007037197674
24.341666666666665,-0.44017452764577386,-1.0555855303440045,-0.4647083824989167,-6.574407198606199,-0.471936814275099
24.35,-0.4484225393214955,-0.9318805672494032,-0.5193682399018804,-6.528836560959464,-0.47196347865457433
24.358333333333334,-0.45583355150617616,-0.8540020693418509,-0.5732785295127115,-6.39571477032042,-0.47198910509476955
24.366666666666667,-0.4627666531504186,-0.8159042722797523,-0.6257478305634826,-6.185092530822353,-0.4720128705958229
24.375,-0.46951851934633626,-0.8089427778130853,-0.6761870675413575,-5.911028020069331,-0.47203419038472405
24.383333333333333,-0.4763091153630563,-0.8236338930294766,-0.7241313618236557,-5.588829179162318,-0.47205275107619094
24.391666666666666,-0.48328110145291997,-0.8511019289220109,-0.7692404849972416,-5.232805966634964,-0.47206848363574416
24.4,-0.49050885342280753,-0.883923364719698,-0.8112845144738624,-4.854990707845772,-0.47208150351004396
24.40833333333333,-0.4980120714409904,-0.9164094528777436,-0.8501227054729147,-4.464746517818947,-0.47209204436949415
24.416666666666668,-0.5057700649535591,-0.9445215013750666,-0.8856817048214072,-4.068942816577246,-0.47210040146625143
24.425,-0.5137344935917249,-0.9656127705697556,-0.9179364700966116,-3.672384838314865,-0.4721068902349508
24.433333333333334,-0.5218397135216399,-0.978127876285271,-0.9468950701030208,-3.2782909130358635,-0.4721118194347207
24.441666666666666,-0.5300106930505182,-0.9813269540944465,-0.9725872800214784,-2.888715854442875,-0.4721154756106195
24.45,-0.5381688280204394,-0.9750591470045638,-0.995056349310091,-2.5048872511465117,-0.4721181153712911
24.458333333333332,-0.5462360867639685,-0.9595874893673181,-1.0143532082430138,-2.1274563122266743,-0.47211996261402
24.466666666666665,-0.5541378861780689,-0.9354579490934187,-1.030532459446358,-1.7566783552767296,-0.47212120864408863
24.475,-0.5618050270678984,-0.9034030070140303,-1.0436496417971741,-1.3925405209348378,-0.4721220138337755
24.483333333333334,-0.5691749381192048,-0.8642707681570736,-1.0537593938989966,-1.0348522910343823,-0.47212250997718547
24.491666666666667,-0.5761924091110089,-0.8189721693876129,-1.0609142608663564,-0.6833111493835969,-0.4721228028406168
24.5,-0.5828099388731487,-0.7684404618642319,-1.0651639778362392,-0.3375526559827545,-0.4721229746278024
24.508333333333333,-0.5889877807693811,-0.7135984791257074,-1.066555130242323,0.002808231092993739,-0.47212308621608345
24.516666666666666,-0.5946937324555137,-0.6553287750334038,-1.0651311471731353,0.33813613172594276,-0.47212318052676405
24.525,-0.5999026674264897,-0.5944424972794853,-1.0609326759688233,0.6687275949930922,-0.47212329907367007
24.53333333333333,-0.6045958391496464,-0.5316554991756408,-1.0539982834847623,0.9947796511394802,-0.4721234965044358
24.541666666666668,-0.608759968852164,-0.4675586947487268,-1.0443654586960816,1.316345400077873,-0.47212384063865004
24.55,-0.6123860601028949,-0.4025825691318569,-1.0320720383305007,1.633278201688652,-0.47212441108704173
24.558333333333334,-0.6154678944690858,-0.3369559725089328,-1.0171581375238368,1.9451660759386324,-0.47212529765012756
24.566666666666666,-0.618000157988264,-0.27065873275377816,-0.9996686704753384,2.251255732744152,-0.4721265982573351
24.575,-0.619976149324244,-0.203368939120595,-0.9796565436621223,2.5503675766823775,-0.4721284161497058
24.583333333333332,-0.6213850359188038,-0.13440791729895846,-0.9571865803854241,2.8408063189671,-0.47213085596648535
24.591666666666665,-0.6222086624461242,-0.06268919307870381,-0.9323401769523862,3.1202769232608847,-0.4721340183963952
24.6,-0.6224179860454991,0.013317844369835265,-0.9052205818169128,3.3858225982381365,-0.4721379931422634
24.608333333333334,-0.6219693231530969,0.09559375455827232,-0.8759585159964597,3.633809739557259,-0.47214285021545205
24.616666666666667,-0.6208007430939552,0.1865246649325413,-0.844717615515459,3.8599910604705157,-0.47214863019363956
24.625,-0.6188291080052847,0.28878857003860786,-0.8116989137920759,4.059677617727044,-0.47215533435920615
24.633333333333333,-0.6159483972854917,0.4051599230883044,-0.7771433596133551,4.228039590954615,-0.47216291644443265
24.641666666666666,-0.6120299872500721,0.5382389010033164,-0.7413313131380266,4.360525840807319,-0.47217127847920726
24.65,-0.6069253970275555,0.6901380383995708,-0.704578216109923,4.453350091603943,-0.47218027308985266
24.65833333333333,-0.6004716282067208,0.8621843087554207,-0.6672262443776181,4.503951155020655,-0.4721897136324425
24.666666666666668,-0.5924986839012946,1.0547048993176265,-0.6296326117891743,4.5113192387208505,-0.4721993917116106
24.675,-0.5828383308642171,1.2669490958630587,-0.5921560128263309,4.476107407157058,-0.472209099516744
24.683333333333334,-0.5713328831467016,1.4971594963490005,-0.555143115294066,4.4005117730325605,-0.4722186529238872
24.691666666666666,-0.5578428677172429,1.7427605654147764,-0.518916840003493,4.287976970673385,-0.47222791116180046
24.7,-0.5422528402799422,2.0006025672472507,-0.4837674714791559,4.142830012972668,-0.4722367900209661
24.708333333333332,-0.5244751701515888,2.267195108765008,-0.4499467422208322,3.9699485023587773,-0.47224526742238904
24.716666666666665,-0.5044520972541692,2.538882491639096,-0.41766426815476415,3.774536599762567,-0.47225338181087845
24.725,-0.4821566528040118,2.8119397405808773,-0.3870852907763079,3.5620363520251477,-0.47226122477727217
24.733333333333334,-0.4575931077525669,3.082591933308624,-0.3583286258854798,3.3381621236553696,-0.47226892951092786
24.741666666666667,-0.43079751891494245,3.3469754628953554,-0.33146394009875296,3.1090195597267267,-0.472276656423212
24.75,-0.401838745118106,3.601069173859523,-0.306507866138915,2.881255525935186,-0.47228457692295844
24.758333333333333,-0.370820047159116,3.8406291370199384,-0.2834189546622917,2.6621763465843595,-0.47229285613559596
24.766666666666666,-0.3378810853376764,4.061165026650287,-0.2620920105214464,2.4597655399115093,-0.47230163547502
24.775,-0.3031998039973238,4.257997119277499,-0.24235294145329037,2.282532272798769,-0.47231101640051915
24.78333333333333,-0.2669933892690088,4.426425744424092,-0.22395577072083944,2.139137224293487,-0.4723210472796132
24.791666666666668,-0.22951729972069415,4.562023289561707,-0.20658375586827696,2.037784513170047,-0.4723317157462802
24.8,-0.19106143439543818,4.661020729686227,-0.18985637100236907,1.9854395483929292,-0.47234294890349277
24.808333333333334,-0.15194292602301188,4.720715462691979,-0.17334306226175245,1.987015565527386,-0.47235462283360974
24.816666666666666,-0.11249580324658838,4.739796887373533,-0.15658323239012534,2.0447263088748713,-0.4723665811131911
24.825,-0.07305862723032774,4.718494237003824,-0.13911027278722662,2.1577862614909415,-0.4723786598286601
24.833333333333332,-0.033961812181570836,4.658503476996771,-0.12047630606256998,2.3225426930238635,-0.47239071478950856
24.841666666666665,0.004483606965866095,4.562724101181498,-0.10027416809359718,2.532986272072868,-0.47240264601771115
24.85,0.041994518112816646,4.434894587894643,-0.07815409976441848,2.781477620404338,-0.4724144153929244
24.858333333333334,0.07832118308218908,4.279231101752229,-0.05383417182880172,3.059493701365272,-0.4724260551048366
24.866666666666667,0.11324998335468102,4.100149384307273,-0.027104972062209992,3.3582385679712656,-0.47243766649301827
24.875,0.14660433648776877,3.9021061749553776,0.0021699311734215123,3.6690398212626807,-0.47244941026225007
24.883333333333333,0.17824478655581208,3.6895562518443312,0.034055895711697697,3.9835249504113954,-0.47246148969667845
24.891666666666666,0.20806911993411323,3.4669950849694393,0.06854980227083173,4.293620379510767,-0.4724741285158297
24.9,0.236013047309974,3.2390443929836104,0.10558213495581535,4.591441034945214,-0.4724875447942727
24.90833333333333,0.26205161225066287,3.0105327430963076,0.14501795769001888,4.869149595408448,-0.4725019223050443
24.916666666666668,0.28620107732597894,2.7865211627276194,0.18665688593745514,5.118870631178041,-0.47251738106300417
24.925,0.3085206230851978,2.572224942672674,0.23023287231635686,5.332745625600378,-0.47253394987263425
24.933333333333334,0.3291128232951508,2.3727935248712946,0.2754152973189492,5.503200556136216,-0.47255154513323994
24.941666666666666,0.34812164809451934,2.192939452487525,0.3218132938634644,5.6234532120263685,-0.47256996134787554
24.95,0.36572687076884486,2.036458449044487,0.36898514353288986,5.688205559115302,-0.4725888785824215
24.958333333333332,0.3821343599224637,1.9057434966835418,0.4164537067404265,5.694366020925941,-0.4726078894521386
24.966666666666665,0.3975627872590513,1.8014348105713682,0.4637272285197696,5.641578619567452,-0.47262654306572266
24.975,0.41222843866891856,1.7223303743102785,0.5103230189232653,5.532357974602679,-0.4726443975551116
24.983333333333334,0.4263305574615495,1.6656016376908087,0.5557902926299643,5.37175395378067,-0.472661069409145
24.991666666666667,0.4400395776769527,1.6272533753149376,0.5997285209899894,5.166638006897672,-0.47267626897048565
25.0,0.4534897513463384,1.602693199294025,0.641798971431894,4.92482126342591,-0.47268981660424353
25.008333333333333,0.46677647278265205,1.587268325080989,0.6817289891093232,4.65422737898059,-0.4727016403347007
25.016666666666666,0.4799575839867983,1.576673663637599,0.7193101658245366,4.362268840340426,-0.47271176020520667
25.025,0.49305741234139217,1.5671989304722402,0.7543923561302814,4.0554742652678355,-0.4727202660310109
25.03333333333333,0.5060722434913728,1.555831480432413,0.7868755486835542,3.739337273737978,-0.4727272942079962
25.041666666666668,0.5189761857895108,1.5402547738826033,0.8167011809088472,3.4183223237147473,-0.4727330071851311
25.05,0.5317267356492277,1.5187846168511605,0.8438439215445026,3.095961064450393,-0.47273757722399334
25.058333333333334,0.5442696726680641,1.4902767059231805,0.8683044477456503,2.774987657622804,-0.472741174671911
25.066666666666666,0.5565431456405407,1.4540277113136204,0.8901033915234272,2.4574800187157635,-0.4727439602151607
25.075,0.5684809535928727,1.4096824298728738,0.9092764223802444,2.144989348613867,-0.4727460802907119
25.083333333333332,0.5800150999944685,1.3571527319305219,0.9258703331657745,1.8386508076309804,-0.47274766482373753
25.091666666666665,0.5910777271140043,1.2965498809136096,0.9399399646723182,1.5392742910761936,-0.4727488265746378
25.1,0.6016025403662719,1.22812959676178,0.9515458100741477,1.2474172815042044,-0.4727496615332986
25.108333333333334,0.6115258225204019,1.1522482518790322,0.9607521624343077,0.9634428795839991,-0.4727502499450181
25.116666666666667,0.6207871226770301,1.0693283020905624,0.9676256952817476,0.6875662231117229,-0.47275065767468244
25.125,0.6293296892319042,0.979831123631722,0.972234391680662,0.4198921376536828,-0.47275093771026916
25.133333333333333,0.6371007016765167,0.884235652197856,0.9746467587353599,0.1604463288011919,-0.47275113167687094
25.141666666666666,0.6440513438234091,0.7830214507264734,0.9749312814986456,-0.09079801904835483,-0.47275127129300276
25.15,0.6501367447057634,0.6766531233337933,0.9731560972667768,-0.33389241701873246,-0.47275138152832585
25.15833333333333,0.6553157987091454,0.5655687397345908,0.969388895461517,-0.5688909991255404,-0.47275148875715584
25.166666666666668,0.6595509210159377,0.4501740817990188,0.9636969411079425,-0.7958389714401629,-0.47275162322716185
25.175,0.6628077499533801,0.3308358945008336,0.95614721486876,-1.0147568206298454,-0.4727518178756677
25.183333333333334,0.6650547982165121,0.20787652128829415,0.9468066798866518,-1.2256260822225264,-0.4727521071457595
25.191666666666666,0.6662630661771294,0.08157018484665488,0.935742657414333,-1.4283775315253844,-0.47275252587870753
25.2,0.6664056315705388,-0.04785891805536387,0.9230232891020643,-1.6228822998914565,-0.47275310826470174
25.208333333333332,0.6654572331158577,-0.1802359718735367,0.9087180571677984,-1.808947174572219,-0.4727538871127013
25.216666666666665,0.6633938701801366,-0.31543270326162937,0.8928983254559065,-1.9863138148397954,-0.47275489410014654
25.225,0.6601924322090551,-0.4533626727581828,0.8756378742789791,-2.154661606593014,-0.47275615955181816
25.233333333333334,0.6558303822873599,-0.5939729940954369,0.8570133860510095,-2.313616636433009,-0.47275771178546777
25.241666666666667,0.6502855233099724,-0.7372328113788746,0.8371048320325294,-2.462766430306912,-0.4727595765017897
25.25,0.6435358733985971,-0.883118631445005,0.8159957124748913,-2.6016803615407684,-0.47276177626636245
25.258333333333333,0.6355596756666099,-1.0315968247016634,0.793773104479773,-2.7299352772272028,-0.4727643301246135
25.266666666666666,0.6263355635813398,-1.1826039087758062,0.7705274776038518,-2.847145419333955,-0.47276725339123116
25.275,0.615842896804023,-1.3360255242706034,0.7463522468818594,-2.9529952578098655,-0.47277055764863035
25.28333333333333,0.6040622737512749,-1.4916752530245985,0.7213430461086928,-3.047273478240267,-0.47277425097438047
25.291666666666668,0.5909762168611287,-1.6492745715079562,0.6955967199284278,-3.12990614086465,-0.4727783383956068
25.3,0.5765700156239509,-1.808435245438182,0.669210050095628,-3.2009869907932598,-0.4727828225415458
25.308333333333334,0.5608327019668473,-1.968645351546848,0.6422782475972397,-3.2608030512607695,-0.47278770443739354
25.316666666666666,0.5437581235923657,-2.1292598830043996,0.6148932567298692,-3.30985392898073,-0.4727929843578543
25.325,0.5253460740881483,-2.2894966048979217,0.5871419288141435,-3.3488636253636104,-0.47279866264207016
25.333333333333332,0.5056034343035851,-2.4484375350500653,0.5591041318067324,-3.3787839905068178,-0.47280474036656717
25.341666666666665,0.48454527740803394,-2.605036186663455,0.5308508681391532,-3.4007892069682994,-0.4728112197815915
25.35,0.46219588961917646,-2.7581305531409317,0.5024424776023583,-3.416260819206739,-0.47281810443893435
25.358333333333334,0.4385896591177029,-2.9064617394017547,0.47392700593681736,-3.4267628611889602,-0.4728253989740923
25.366666666666667,0.41377178660680314,-3.048698112059414,0.4453388234328952,-3.4340066624661914,-0.4728331085487095
25.375,0.38779877220455516,-3.1834647925767126,0.4166975808913776,-3.439805050743516,-0.47284123800577305
25.383333333333333,0.36073863529325917,-3.309378185415828,0.38800759130250995,-3.4460160380902405,-0.4728497908338383
25.391666666666666,0.332670827530907,-3.425084964060229,0.3592577222556877,-3.454476763044947,-0.47285876807113003
25.4,0.30368580570119075,-3.529304514296457,0.33042187365476555,-3.466929471112565,-0.47286816729926817
25.40833333333333,0.2738842416218982,-3.620873291026289,0.30146009539010526,-3.4849425575558928,-0.4728779818741035
25.416666666666668,0.24337586160141414,-3.6987889728536327,0.2723203690533165,-3.509830967624693,-0.47288820051463554
25.425,0.21227792763762088,-3.76225183066931,0.2429410374517914,-3.5425812713087583,-0.47289880732077444
25.433333333333334,0.1807133952240664,-3.8107005049306215,0.21325381890066286,-3.583787210350989,-0.4729097822220544
25.441666666666666,0.14880880572433022,-3.8438395179693847,0.1831872955400296,-3.633601238388201,-0.47292110178237035
25.45,0.11669199167184778,-3.8616563603666987,0.152670722923211,-3.691706483795915,-0.47293274021398624
25.458333333333332,0.0844896881068472,-3.8644268117537153,0.1216379781728459,-3.757311804232085,-0.4729446704020527
25.466666666666665,0.052325150217796976,-3.8527081265096492,0.09003145043564363,-3.8291704959992,-0.4729568647209291
25.475,0.020315876701248573,-3.8273206339725645,0.05780568135580984,-3.9056211834083787,-0.47296929544273875
25.483333333333334,-0.011428469417808935,-3.789318996498151,0.024930582626731188,-3.9846478203290157,-0.47298193459656124
25.491666666666667,-0.042807862921879075,-3.7399547451349995,-0.008605912415870595,-4.063954815221901,-0.47299475322594775
25.5,-0.07373337590687541,-3.6806317899340035,-0.04279587155470855,-4.14105305953208,-0.47300772009980674
25.508333333333333,-0.10412824284437162,-3.612856496138154,-0.07761013493462961,-4.213352917285443,-0.4730208000402531
25.516666666666666,-0.13392849209856128,-3.538183798331807,-0.11299787805598124,-4.278260717830844,-0.47303395212304555
25.525,-0.16308311703843892,-3.45816085418806,-0.14888698268910414,-4.333275664753287,-0.4730471280654194
25.53333333333333,-0.19155377335898488,-3.3742700130564427,-0.18518520656650872,-4.376084105042586,-0.4730602711293259
25.541666666666668,-0.21931400599268652,-3.287873379294015,-0.2217821159755729,-4.404647738704288,-0.47307331582806733
25.55,-0.24634803050520557,-3.2001618530373404,-0.25855171440886554,-4.417281738150118,-0.473086188631253
25.558333333333334,-0.272649120046802,-3.1121120050199824,-0.29535566441077465,-4.412718208247971,-0.4730988097272267
25.566666666666666,-0.2982176776197273,-3.024454230316036,-0.33204696092654973,-4.390150345573901,-0.4731110957442918
25.575,-0.323059100516207,-2.9376551318843718,-0.36847387815434957,-4.349253374688699,-0.47312296318039226
25.583333333333332,-0.3471815640930692,-2.851915958115081,-0.4044839853828492,-4.290179965127451,-0.4731343321762219
25.591666666666665,-0.3705938607589896,-2.7671873003940983,-0.43992801759518163,-4.213530188018974,-0.47314513021360216
25.6,-0.3933034242586513,-2.6831984557009005,-0.4746633981135532,-4.120298713277422,-0.4731552953402698
25.608333333333334,-0.4153146491108628,-2.599498259466296,-0.5085572432840282,-4.011804306035023,-0.47316477860774914
25.616666666666667,-0.4366275835418976,-2.5155031299185566,-0.5414887285667825,-3.8896082472406937,-0.47317354553873825
25.625,-0.45723703680138184,-2.430547718014765,-0.5733507534439297,-3.7554287988284827,-0.4731815765841725
25.633333333333333,-0.47713210440778203,-2.343933913685116,-0.6040509002272125,-3.611058273874845,-0.4731888666584252
25.641666666666666,-0.49629608286441,-2.2549748438787227,-0.6335117313075778,-3.458287920548962,-0.47319542393303243
25.65,-0.5147067220649432,-2.1630316519621795,-0.661670505630841,-3.2988440764970632,-0.4732012681162952
25.65833333333333,-0.532336750122323,-2.0675420165297593,-0.6884784165171627,-3.1343372819838846,-0.47320642845078176
25.666666666666668,-0.549154600981025,-1.9680403617405422,-0.7138994605013461,-2.9662245384611943,-0.4732109416335789
25.675,-0.5651252779815371,-1.8641704320723291,-0.7379090435788266,-2.7957838094983734,-0.4732148498184292
25.683333333333334,-0.5802112941401832,-1.7556913347939678,-0.760492420695605,-2.6240992048864027,-0.4732181988071374
25.691666666666666,-0.5943736399998183,-1.6424783321372487,-0.7816430499186798,-2.4520550052175927,-0.47322103648917613
25.7,-0.6075727406626682,-1.5245196573433366,-0.8013609271738582,-2.2803366743837215,-0.4732234115488161
25.708333333333332,-0.6197693737712568,-1.4019105032858443,-0.8196509525865958,-2.1094371690899796,-0.47322537243054896
25.716666666666665,-0.630925529030916,-1.2748451477351495,-0.8365213663684005,-1.93966710255662,-0.47322696653581753
25.724999999999998,-0.6410051970632851,-1.1436079781827941,-0.8519822813067283,-1.7711675934341653,-0.47322823961541427
25.733333333333334,-0.649975080929433,-1.0085639883593036,-0.8660443302847873,-1.6039248933823262,-0.4732292353200681
25.741666666666667,-0.6578052277163011,-0.8701491522142065,-0.8787174406944301,-1.4377861188576202,-0.47322999487439776
25.75,-0.6644695803704882,-0.7288609442773226,-0.8900097428241485,-1.2724756077095756,-0.47323055684446624
25.758333333333333,-0.6699464517360916,-0.5852491676139135,-0.8999266159929081,-1.1076115794087666,-0.4732309569750794
25.766666666666666,-0.6742189237397532,-0.4399071688316425,-0.9084698740654976,-0.9427229024136465,-0.47323122807852125
25.775,-0.6772751750642755,-0.2934634595345139,-0.915637090763672,-0.777265867469349,-0.4732313999609098
25.78333333333333,-0.6791087406249483,-0.14657372080123682,-0.9214210646514985,-0.6106409355111921,-0.4732314993754051
25.791666666666668,-0.6797187058357287,8.686256442417759e-05,-0.9258094236267252,-0.44220947703705304,-0.4732315499930027
25.8,-0.6791098386589277,0.14583075255510203,-0.9287843682816006,-0.2713101929151174,-0.47323157249477793
25.808333333333334,-0.6772926659951135,0.28996455044459923,-0.9303225481316426,-0.09727496418527241,-0.4732315857685283
25.816666666666666,-0.674283489583024,0.4317970679058674,-0.9303950799151645,0.08055282140582373,-0.4732316079802742
25.825,-0.6701043313631738,0.5706482745837077,-0.9289677273855192,0.2627974615532454,-0.4732316572442722
25.833333333333332,-0.6647828050618068,0.7058571018176553,-0.9260012538267588,0.4500325455751496,-0.4732317544391271
25.841666666666665,-0.6583519329990052,0.8367878521312156,-0.9214519037960874,0.642766045684441,-0.47323192450131313
25.849999999999998,-0.6508499003546128,0.962838618864229,-0.9152720262011896,0.841421765144571,-0.4732321967710688
25.858333333333334,-0.6423197351683203,1.0834506783388296,-0.9074108563641531,1.04631983464703,-0.47323260539969986
25.866666666666667,-0.6328089052301337,1.1981191056460707,-0.8978154646671803,1.2576561857577093,-0.47323318982996937
25.875,-0.6223688200390053,1.3064050138705667,-0.8864318816903741,1.4754806541533958,-0.4732339953291644
25.883333333333333,-0.611054222454127,1.4079498665455517,-0.8732064130057113,1.6996732805678008,-0.4732350735361225
25.891666666666666,-0.5989224508028258,1.5024923330276534,-0.8580871606752235,1.9299183159669246,-0.4732364829600487
25.9,-0.5860325483995701,1.5898881189834448,-0.8410257726745812,2.1656754371233857,-0.4732382893402578
25.90833333333333,-0.5724441943032529,1.6701330703836226,-0.8219794451940503,2.4061477966894453,-0.4732405657425761
25.916666666666668,-0.558216427707419,1.7433895662178256,-0.800913204749081,2.650246850225135,-0.47324339223169687
25.925,-0.5434061401393627,1.8100157147231648,-0.7778024951523286,2.8965545312158962,-0.4732468549232311
25.933333333333334,-0.5280663167688439,1.8705960727924618,-0.7526360855343247,3.1432844155198842,-0.4732510441915737
25.941666666666666,-0.5122440233580429,1.9259714484150385,-0.7254192955176486,3.3882451576788455,-0.47325605180184305
25.95,-0.49597816191359695,1.9772637970325584,-0.6961774972372159,3.6288117606251826,-0.47326196676378407
25.958333333333332,-0.47929705891282576,2.025890372854952,-0.6649597960961997,3.861913056778071,-0.4732688697956152
25.966666666666665,-0.46221600652134853,2.0735594421428805,-0.6318427099596696,4.084046707153101,-0.4732768264610154
25.974999999999998,-0.44473494726086615,2.122238610077414,-0.5969335624088499,4.291335150353846,-0.473285879319426
25.983333333333334,-0.42683656743844745,2.174087092906487,-0.5603731921636554,4.479635788848638,-0.47329603979990303
25.991666666666667,-0.4084851269039209,2.2313461892321427,-0.5223374841064053,4.644714512120905,-0.47330728091704755
26.0,-0.3896263765499904,2.296188570714624,-0.48303718744707674,4.782482090029231,-0.4733195322773205
26.008333333333333,-0.37018887177544507,2.3705365600564625,-0.4427155485535198,4.889278349176618,-0.47333267890793185
26.016666666666666,-0.3500868604866791,2.455870262915196,-0.40164348107191705,4.962172499587625,-0.4733465651157179
26.025,-0.329224713305254,2.553054499597062,-0.3601123170554843,4.999235430020464,-0.47336100378658286
26.03333333333333,-0.30750261121855177,2.6622147536655643,-0.31842456834017163,4.999737846216964,-0.47337579039505784
26.041666666666668,-0.28482298028751835,2.782684560807308,-0.2768834707728336,4.964240315761487,-0.47339071983546427
26.05,-0.261097036004466,2.9130315138446896,-0.23578227364267376,4.894564956882065,-0.4734056034199752
26.058333333333334,-0.23625081339857484,3.0511516619084698,-0.19539420950130498,4.793665171698829,-0.47342028330509944
26.066666666666666,-0.21023020384567348,3.194408922949769,-0.15596385349954456,4.665429382001892,-0.47343464222271264
26.075,-0.18300474067197908,3.3397913541793827,-0.11770024612345956,4.514460836377959,-0.4734486074508116
26.083333333333332,-0.15457009968600494,3.484059905101808,-0.0807718248838723,4.345868321660575,-0.4734621490874401
26.091666666666665,-0.12494944760235037,3.6238745625279645,-0.045302981085108385,4.165087216509182,-0.4734752735800556
26.099999999999998,-0.094193852170277,3.7558934952231087,-0.011371967213329245,3.977733446565752,-0.4734880139763908
26.108333333333334,-0.062381965387396085,3.8768496844634157,0.02099008194705838,3.789479658222819,-0.4735004185259956
26.116666666666667,-0.029619128647252014,3.9836149186186547,0.05179912813085704,3.6059358256510374,-0.4735125391839117
26.125,0.00396404260873583,4.073262546188964,0.08111716717246004,3.43251597892158,-0.4735244213609853
26.133333333333333,0.0382136258360918,4.143138323341818,0.10904995030077591,3.2742781356317527,-0.4735360959962759
26.141666666666666,0.07295499979262085,4.190943705752762,0.13574324580282074,3.135734613649528,-0.4735475747144202
26.15,0.10799619267806584,4.214829051771441,0.16137742682425685,3.0206427898004904,-0.473558848463594
26.15833333333333,0.14313201681171203,4.2134870382162415,0.18616030937191766,2.93179909988788,-0.47356988960230195
26.166666666666668,0.17814893167955614,4.186231298490697,0.21031839500054741,2.8708677717686655,-0.4735806569418103
26.175,0.2128304435396478,4.133044006565181,0.2340869453336927,2.838276706487209,-0.4735911028234019
26.183333333333334,0.24696272652251666,4.054579954835197,0.2576995562586847,2.8332042857532542,-0.4736011810112013
26.191666666666666,0.28034007811156475,3.952122833561205,0.28137803299785374,2.853664358194708,-0.4736108540955075
26.2,0.3127698271725207,3.8274992683277955,0.30532334674268974,2.896677290279004,-0.47362009926039766
26.208333333333332,0.3440763951423767,3.6829642936982467,0.3297082821457508,2.9584991409721084,-0.4736289116326198
26.216666666666665,0.37410434434446294,3.5210757500443726,0.3546721141689836,3.0348735225329064,-0.47363730489700423
26.224999999999998,0.402720391479529,3.3445739224422755,0.38031735983343273,3.121272765204816,-0.4736453093194918
26.233333333333334,0.4298144817451572,3.1562778272118805,0.40670840734933467,3.2131043230792953,-0.473652967669829
26.241666666666667,0.45530008745633355,2.959003094847822,0.4338716758798177,3.3058708397091547,-0.4736603297402636
26.25,0.47911391066145925,2.7555004751295122,0.4617969131786724,3.3952840280097343,-0.47366744622234846
26.258333333333333,0.501215142560902,2.548409899141819,0.49043927778254254,3.477341016523129,-0.47367436266898255
26.266666666666666,0.5215843811715414,2.3402232155658105,0.5197219455634069,3.5483761596302914,-0.47368111417717584
26.275,0.5402222512712123,2.1332490299202314,0.5495390928884083,3.6051016900568977,-0.4736877213101636
26.28333333333333,0.5571477232819704,1.9295750888850685,0.5797592101481771,3.6446477330330294,-0.47369418764728216
26.291666666666668,0.5723961023725355,1.731026817368035,0.6102287668552949,3.664607056237148,-0.47370049920205914
26.3,0.5860166625847173,1.5391242623059889,0.6407762684784974,3.6630836549547845,-0.4737066257722192
26.308333333333334,0.5980699338666585,1.3550429923282599,0.6712167120144142,3.6387382961174293,-0.4737125240774088
26.316666666666666,0.6086247057418939,1.1795865202616518,0.7013563711638128,3.5908200729585453,-0.47371814231826903
26.325,0.6177548758773079,1.013177786054124,0.7309977448377073,3.5191722316868157,-0.4737234255927685
26.333333333333332,0.6255363264386836,0.8558749071135685,0.7599444149782116,3.4242035708030505,-0.47372832148353483
26.341666666666665,0.6320440382482213,0.7074122857072757,0.7880055111692139,3.3068228570159515,-0.4737327851245506
26.349999999999998,0.6373496421458765,0.5672634612332019,0.8149994888130969,3.1683410497245035,-0.4737367831775065
26.358333333333334,0.6415195597750155,0.43471824748905236,0.8407569949792058,3.010352328979514,-0.4737402963681763
26.366666666666667,0.6446138142995503,0.3089647772332143,0.8651227036183347,2.834608169588322,-0.47374332049207113
26.375,0.6466855132665393,0.18916739521448311,0.8879561216830211,2.642898416475675,-0.4737458660309457
26.383333333333333,0.6477809380996544,0.07453342971292588,0.9091314724462881,2.4369501790657004,-0.47374795667991154
26.391666666666666,0.6479401286753894,-0.0356351689428491,0.9285368338804852,2.2183507893825976,-0.47374962715236074
26.4,0.647197831222081,-0.14190615293783357,0.9460727415323484,1.9884961541940789,-0.4737509207517805
26.40833333333333,0.6455846795487444,-0.24469660735855112,0.9616504625585649,1.7485633450513876,-0.4737518872985208
26.416666666666668,0.6431284879035547,-0.34426579313392236,0.9751901327069329,1.4995040009425773,-0.4737525807446486
26.425,0.6398555631852083,-0.44071719418828853,0.9866189025332124,1.2420523928225229,-0.47375305670951195
26.433333333333334,0.6357919702909722,-0.5340072994094355,0.9958691978848183,0.9767441025548405,-0.473753370278923
26.441666666666666,0.6309647045991775,-0.6239587572811895,1.002877166638068,0.7039414679378395,-0.47375357404279
26.45,0.6254027430187238,-0.7102761232786325,1.0075813550011397,0.42386281894997085,-0.4737537163097248
26.458333333333332,0.619137957155536,-0.7925630675475217,1.0099216359285939,0.13661348847324584,-0.4737538394270106
26.466666666666665,0.6122058788446929,-0.8703406898467456,1.0098383995761058,-0.15778212427327235,-0.4737539782118999
26.474999999999998,0.6046462981982597,-0.9430700365668765,1.0072720378741873,-0.4593406538471358,-0.4737541632436098
26.483333333333334,0.5965036733078346,-1.0101724755494592,1.002162753015255,-0.7680874300946814,-0.47375443415044666
26.491666666666667,0.5878273837128847,-1.0710494720019554,0.9944505890540909,-1.0840293676691257,-0.4737548451363365
26.5,0.5786717896445718,-1.1251090073479357,0.984075736667989,-1.4071177249581874,-0.47375546678046315
26.508333333333333,0.569096049064362,-1.1717975353245274,0.970979171889348,-1.737204931138467,-0.4737563878632188
26.516666666666666,0.5591636380305293,-1.2106396575640033,0.9551036894071009,-2.0739924198283113,-0.47375771715991394
26.525,0.548941498496717,-1.2412883914605735,0.9363954230209866,-2.416965044393167,-0.47375958502029636
26.53333333333333,0.5384987113487109,-1.2635894560909822,0.9148059875520784,-2.765306488713456,-0.4737621444358542
26.541666666666668,0.5279045622155246,-1.277663357803004,0.8902954274055813,-3.117789114159189,-0.47376557113196843
26.55,0.5172258364484883,-1.2840088198472022,0.8628362132342727,-3.4726315135120127,-0.47377006199784416
26.558333333333334,0.5065231554265021,-1.2836295155840611,0.8324185785427434,-3.8273188856355302,-0.4737758308850507
26.566666666666666,0.49584616513650565,-1.278181862839549,0.7990575078328953,-4.178387285404316,-0.47378310049931005
26.575,0.48522743884993574,-1.2701330036614298,0.7628016307445981,-4.521185892712065,-0.47379208888313196
26.583333333333332,0.47467510381897204,-1.2629031267438846,0.7237440687742782,-4.849655013739893,-0.47380298906079144
26.591666666666665,0.4641645036515676,-1.2609445931034184,0.6820348277362858,-5.156192633509622,-0.4738159411700273
26.599999999999998,0.4536297057456997,-1.269686381849792,0.6378935541836687,-5.431722216497608,-0.4738309983134727
26.608333333333334,0.442956325832189,-1.295259979194207,0.591620416866315,-5.666097043937606,-0.4738480907124861
26.616666666666667,0.4319777782962204,-1.3439459869533839,0.5436018333739027,-5.848942462246367,-0.47386699701547647
26.625,0.4204772727154515,-1.42136179097972,0.4943073787874023,-5.9709096192247895,-0.4738873348044528
26.633333333333333,0.408197182732114,-1.5315412752518982,0.44427527319580706,-6.025104830861707,-0.47390858121479384
26.641666666666666,0.3948556294808897,-1.676173056312699,0.3940866579151775,-6.008272466928155,-0.47393012681824204
26.65,0.38016778092904296,-1.8542671525715024,0.3443325802413939,-5.921304298703346,-0.4739513534114219
26.65833333333333,0.3638676516088907,-2.0623693763100306,0.2955802999709813,-5.768892807841025,-0.47397171586115566
26.666666666666668,0.34572613156826976,-2.2952170992234997,0.24834553710589438,-5.558509439991403,-0.47399080660734527
26.675,0.3255625991039879,-2.5465747272991197,0.2030745998071371,-5.2991333533579885,-0.474008389642116
26.683333333333334,0.3032497744740519,-2.8099830865908006,0.16013662988008728,-5.000152617596948,-0.4740244028490911
26.691666666666666,0.2787132822775596,-3.0792649637517195,0.11982338009458428,-4.670676407677705,-0.47403893646575856
26.7,0.2519281623119563,-3.3487552326760532,0.08235284428389308,-4.319289596250101,-0.474052198227149
26.708333333333332,0.22291445360180204,-3.6133051244872525,0.04787340418367399,-3.9541522995501674,-0.47406447392608997
26.716666666666665,0.1917334158128701,-3.86813819788657,0.01646618805549091,-3.583306466098422,-0.47407608864897843
26.724999999999998,0.1584853057386232,-4.108632726746414,-0.011855533623982721,-3.2150606114520297,-0.4740873709754967
26.733333333333334,0.12330904554365786,-4.330095579506044,-0.037150095882481596,-2.8583421013242134,-0.47409862079678267
26.741666666666667,0.08638359735823592,-4.527589264750245,-0.059553627586849525,-2.5229130883907755,-0.47411008108817465
26.75,0.047930333156717866,-4.695877194158453,-0.07928709669388229,-2.219341799795515,-0.4741219146044524
26.758333333333333,0.008215139638215475,-4.829551957206364,-0.09666172528239973,-1.9586243898075588,-0.47413418756046266
26.766666666666666,-0.03245147245147135,-4.923389416579988,-0.11207955469964244,-1.7513957849167134,-0.4741468632978979
26.775,-0.07371812124996352,-4.972911589306561,-0.12602583704652845,-1.6067781609038359,-0.47415980895653753
26.78333333333333,-0.11520151946083307,-4.975048177963799,-0.1390510084344809,-1.5310827030846554,-0.4741728166048556
26.791666666666668,-0.1565007040172482,-4.928701744370426,-0.15174246734439206,-1.526728671175557,-0.4741856370953082
26.8,-0.1972148360939805,-4.835009820079477,-0.16468960245989697,-1.5917578647167576,-0.47419802111685894
26.808333333333334,-0.23696148717819157,-4.697194076805814,-0.17844803720553334,-1.7201411102984885,-0.4742097593499071
26.816666666666666,-0.27539207640759783,-4.520049786499524,-0.19350947407444158,-1.9027739659043938,-0.47422071379038866
26.825,-0.3122021710798579,-4.309260183425015,-0.2102815602363938,-2.1288179246802588,-0.4742308352142618
26.833333333333332,-0.3471360968393125,-4.070748378398258,-0.22907896436984138,-2.3869897865801186,-0.47424016587341294
26.841666666666665,-0.37998684436978347,-3.8102125325053726,-0.2501239540434297,-2.66652115951325,-0.4742488299232764
26.849999999999998,-0.4105930581849081,-3.532890504868353,-0.273553197914877,-2.9576905667089584,-0.47425701568586237
26.858333333333334,-0.43883493378033117,-3.2435241743516507,-0.29942733842575187,-3.251971118060577,-0.4742649537196344
26.866666666666667,-0.46463043150018524,-2.946459601898632,-0.3277405625208753,-3.5419024354515516,-0.47427289354868984
26.875,-0.48793265714669715,-2.645816495872964,-0.3584283679696687,-3.8208042307470493,-0.4742810806011229
26.883333333333333,-0.5087287430772779,-2.345670326305947,-0.39137264369181995,-4.082433597302459,-0.47428973395168994
26.891666666666666,-0.5270401324548939,-2.0501995067296312,-0.426403964575205,-4.320672874194468,-0.4742990251137343
26.9,-0.5429237921221896,-1.7637539186641635,-0.4633016925419802,-4.5293285134242645,-0.47430905845571847
26.90833333333333,-0.5564735233940548,-1.4908034552901661,-0.5017931346045408,-4.70211809142825,-0.47431985475927385
26.916666666666668,-0.5678202304228366,-1.23573597720595,-0.5415535991657922,-4.83290615164171,-0.47433134069153776
26.925,-0.5771298600799062,-1.0025042534487203,-0.5822095214664826,-4.9162006481848355,-0.4743433478818533
26.933333333333334,-0.5845979305778074,-0.7941742493426911,-0.6233465842393117,-4.947833884141182,-0.47435562492859457
26.941666666666666,-0.5904402559949702,-0.6124865425100575,-0.6645236948792071,-4.925650445810877,-0.47436786327298686
26.95,-0.5948805665759935,-0.45757314999811494,-0.7052919133865654,-4.849968813807864,-0.47437973375671716
26.958333333333332,-0.5981368275320609,-0.3279405567581927,-0.7452155931602771,-4.723629566304333,-0.47439092659443793
26.966666666666665,-0.6004086333596351,-0.22073897176499105,-0.783891995758998,-4.551589052075418,-0.4744011858326068
26.974999999999998,-0.6018677797296739,-0.13223506958761103,-0.820966021147349,-4.340185995446084,-0.4744103313304717
26.983333333333334,-0.6026531409200118,-0.05834815586038175,-0.856138230437811,-4.096304235638309,-0.47441826580308355
26.991666666666667,-0.6028698135198736,0.004879809001241814,-0.8891662067889504,-3.8266396062731842,-0.4744249690155417
27.0,-0.6025916221885156,0.060954151267863646,-0.9198606887452918,-3.53718928922963,-0.4744304838323858
27.008333333333333,-0.6018657313750692,0.11275009465203571,-0.9480784709923121,-3.232983226001667,-0.4744348991327956
27.016666666666666,-0.6007181856925334,0.16246073590104337,-0.9737139330716886,-2.918012816437041,-0.4744383332146145
27.025,-0.5991595081870117,0.21162806177608007,-0.9966905592860029,-2.595288691933958,-0.4744409197442246
27.03333333333333,-0.5971898316423478,0.26121834685466944,-1.016953257954599,-2.2669658065488654,-0.4744427969951056
27.041666666666668,-0.594803318544056,0.3117137471114961,-1.034461842729607,-1.9344914123423838,-0.4744441001890538
27.05,-0.5919918132450969,0.3632029248470756,-1.049185744754622,-1.5987493536452526,-0.4744449563607064
27.058333333333334,-0.5887477751265776,0.41546210108438414,-1.0610998634697995,-1.2601877596047473,-0.4744454810730388
27.066666666666666,-0.5850665880833905,0.4680235051716507,-1.0701813956116455,-0.918925911334855,-0.4744457763708679
27.075,-0.5809483523283144,0.5202313597282695,-1.0764074689245955,-0.5748408431369484,-0.4744459294759638
27.083333333333332,-0.5763992559701983,0.5712871080656993,-1.0797534223830336,-0.22763646400356988,-0.47444601184951046
27.091666666666665,-0.5714326064029245,0.6202862995970326,-1.0801916020284237,0.12310107642268674,-0.47444607837708314
27.099999999999998,-0.5660695714034351,0.6662527706828805,-1.0776905952159885,0.4778505753794831,-0.4744461716510472
27.108333333333334,-0.5603396448021785,0.7081681367913559,-1.0722148893158545,0.8371131286073901,-0.47444634408869796
27.116666666666667,-0.5542809048581289,0.7449949704925871,-1.0637247867723405,1.2013866482847224,-0.47444666959072096
27.125,-0.5479400531472564,0.7757064912349738,-1.052176578921094,1.5711292861160404,-0.47444724577674097
27.133333333333333,-0.541372181412783,0.7993225362411944,-1.0375230532280573,1.9467157044319459,-0.47444819626080553
27.141666666666666,-0.5346401995400567,0.8149557299237705,-1.019714412400018,2.328380722378633,-0.4744496731509057
27.15,-0.5278138174625536,0.821873430481359,-0.998699744918535,2.7161416442670165,-0.47445185956782016
27.15833333333333,-0.5209679204783714,0.8195827423570851,-0.9744292714616103,3.1096874427078913,-0.47445497179727764
27.166666666666668,-0.5141801084632713,0.8079478830778811,-0.9468577058462204,3.5082191508245373,-0.47445926039483943
27.175,-0.5075270843767279,0.7873509016915777,-0.915949215362184,3.9102221759618834,-0.47446500910293654
27.183333333333334,-0.5010794841252499,0.7589066455552947,-0.8816846337459754,4.313150164767119,-0.4744725297657204
27.191666666666666,-0.4948946654561613,0.724737677827888,-0.8440717297374453,4.713006840205207,-0.4744821505432775
27.2,-0.4890069834676216,0.6882985474334519,-0.8031593618152143,5.103836836763652,-0.4744941938019963
27.208333333333332,-0.48341530209015765,0.6547027105325928,-0.7590560479044013,5.47719370104859,-0.4745089396416354
27.216666666666665,-0.4780681235139604,0.6309423856239921,-0.7119525166940514,5.821755657156778,-0.4745265723111104
27.224999999999998,-0.4728479687504711,0.6258100941451322,-0.6621458275910249,6.123395373296739,-0.47454711162337077
27.233333333333334,-0.467558500679604,0.6492792749887477,-0.6100596381746534,6.3661003373143865,-0.47457034138609666
27.241666666666667,-0.46191970132697163,0.7111816511318237,-0.5562521850252193,6.534018230811993,-0.47459575999203485
27.25,-0.4555766603372395,0.8193237035516163,-0.5014030347877403,6.6144107626714135,-0.4746225860901869
27.258333333333333,-0.44812448786452497,0.9776317844971355,-0.44627449192396607,6.6005703174588195,-0.4746498416222379
27.266666666666666,-0.43914566439092,1.1851521818091775,-0.3916535359030531,6.493366906072194,-0.4746765014193667
27.275,-0.42825016800339266,1.436412590677395,-0.3382897574432984,6.300619541513676,-0.4747016616866943
27.28333333333333,-0.41510743772502795,1.7229227842527706,-0.28684666316970464,6.034678687062369,-0.47472466916315015
27.291666666666668,-0.399463664182155,2.0350535105223786,-0.23787632057913813,5.709473699778799,-0.4747451775192968
27.3,-0.3811445031827725,2.363563464399441,-0.19181654060126593,5.338203025623232,-0.47476313501830075
27.308333333333334,-0.3600478110770052,2.7004502635764913,-0.14900265850438751,4.93216122669475,-0.47477873030584694
27.316666666666666,-0.336132004420648,3.0391786272092003,-0.10968465149101095,4.500578189263457,-0.47479232444861386
27.325,-0.30940438877403525,3.374497133680431,-0.07404265966817021,4.051098559257043,-0.47480438684579807
27.333333333333332,-0.2799120186710633,3.7020411201306467,-0.04219705359404595,3.5905655411344135,-0.4748154414436666
27.341666666666665,-0.24773630300199853,4.017845366169518,-0.014211461287105211,3.1259028887711455,-0.4748260226365828
27.349999999999998,-0.21299181812968457,4.317828699894829,0.00991158539179143,2.664992359083648,-0.47483663737740495
27.358333333333334,-0.17582939758390798,4.597289987666337,0.030242067318651845,2.2174791207054088,-0.47484772989433854
27.366666666666667,-0.13644318378600384,4.850474930897422,0.04693996883873131,1.795399917234828,-0.47485964690533655
27.375,-0.09508061909360403,5.070328902953678,0.06027660278541231,1.4134313159480005,-0.4748726038745935
27.383333333333333,-0.052053108948074175,5.248617119370315,0.07065535925374662,1.088444397080711,-0.47488665644110495
27.391666666666666,-0.007743454634342888,5.376607099693658,0.07862467512028416,0.8380387101542179,-0.47490168490152895
27.4,0.037395052357633386,5.446376340902296,0.08487409016147743,0.6779747933270289,-0.4749174015776923
27.40833333333333,0.08285228621495284,5.452488749058419,0.09020578536384619,0.6189986435187407,-0.4749333882519133
27.416666666666668,0.12808839370452568,5.393423853379809,0.09548089803232607,0.6641861335532683,-0.47494916223870765
27.425,0.17256931545937904,5.272073451236192,0.10155032716019989,0.8080442180659406,-0.47496425806457065
27.433333333333334,0.21580139415665056,5.095034853193754,0.109187449368604,1.0378508074526207,-0.4749783041348489
27.441666666666666,0.2573561566371029,4.8710640024977545,0.11903936140611424,1.3365713683266918,-0.47499107576474786
27.45,0.29688116563032285,4.60939915243207,0.13160452444024448,1.6860595462373231,-0.4750025162395003
27.458333333333332,0.3340984804997028,4.318529095161212,0.14723437335591297,2.0694851150958944,-0.4750127291829007
27.466666666666665,0.36879551284815915,4.005601674059727,0.16615038338469784,2.47260729176304,-0.4750219522388697
27.474999999999998,0.4008133220379997,3.6763692327687436,0.18846738103215505,2.8840533764980796,-0.4750305226114805
27.483333333333334,0.4300359699310019,3.335462538646736,0.21421627596367585,3.2949621850806836,-0.4750388418014573
27.491666666666667,0.456382880456734,2.986813857173626,0.24336231743350034,3.698309830693537,-0.4750473428451266
27.5,0.47980494323862033,2.634119662557621,0.2758171380152803,4.088116469407904,-0.4750564601502929
27.508333333333333,0.5002844353797529,2.281287919549241,0.311444068738765,4.458636703721065,-0.4750666000499838
27.516666666666666,0.5178384866653317,1.9328352308911263,0.35005686264852187,4.80359800522401,-0.4750781094164339
27.525,0.532525486905913,1.5941848481735534,0.3914125512313691,5.115573116701109,-0.4750912401949444
27.53333333333333,0.5444532708042751,1.2717763884612945,0.4352001338024427,5.385640132194361,-0.4751061099902884
27.541666666666668,0.5537869857220353,0.9728562254925118,0.48102840858977347,5.603558240205119,-0.4751226633649996
27.55,0.5607534260409972,0.7048239395102789,0.5284182340240524,5.758684040478237,-0.4751406447506437
27.558333333333334,0.5656379784711674,0.4741288255122953,0.5768057506860298,5.841663062617142,-0.475159598760016
27.566666666666666,0.5687712229834635,0.2849539423493209,0.6255618107958313,5.846526601380937,-0.47517891155256003
27.575,0.5705053025242243,0.13816794412542813,0.6740279331609471,5.772410194083427,-0.4751978936402338
27.583333333333332,0.5711844529325083,0.031035339173405185,0.7215620421060969,5.62407564738303,-0.4752158845721252
27.591666666666665,0.5711170118705428,-0.042151202984913524,0.7675822956833565,5.410947367147622,-0.4752323469621721
27.599999999999998,0.570555655862458,-0.08880739850762336,0.8115980794516939,5.145123083348796,-0.4752469224278601
27.608333333333334,0.5696889649717893,-0.11669059222821544,0.8532231142525837,4.83921412737382,-0.4752594411580858
27.616666666666667,0.5686432445302915,-0.13285416781723772,0.8921723939247669,4.5047041539917245,-0.475269895785419
27.625,0.5674910943237703,-0.1430773380482611,0.9282486126783117,4.151072881431974,-0.4752783982720389
27.633333333333333,0.5662629303885925,-0.15170453317603802,0.9613241647913334,3.7855729468194887,-0.47528513552192303
27.641666666666666,0.5649586638054862,-0.16174194976384768,0.9913231426988909,3.4134096758975074,-0.475290332515473
27.65,0.5635580063377797,-0.1750708629893236,1.0182056969825046,3.0380965612150552,-0.4752942256560905
27.65833333333333,0.5620288497072781,-0.19268544895403222,1.0419555526924962,2.661839750787376,-0.47529704546818907
27.666666666666668,0.5603337363299163,-0.2149081864106785,1.0625705790107625,2.285879147609684,-0.4752990064481814
27.675,0.5584346942500691,-0.24156590927376914,1.0800559257993079,1.9107620080793881,-0.47530030179483046
27.683333333333334,0.5562967757173105,-0.27212546968143764,1.0944191567687054,1.536549819498571,-0.47530110117437224
27.691666666666666,0.5538906149471954,-0.3057946589744454,1.105666864373299,1.1629691476877353,-0.47530155019403575
27.7,0.5511942638612256,-0.3415958146424315,1.1138023529160723,0.7895192437359949,-0.4753017706971081
27.708333333333332,0.5481945034648277,-0.378419148671651,1.118824079072329,0.41554796801065363,-0.475301861314482
27.716666666666665,0.5448877743024563,-0.4150617304491618,1.12072462635842,0.04030538402179402,-0.47530189792486666
27.724999999999998,0.5412808228837649,-0.45025795887571785,1.1194900638049166,-0.33701512663300903,-0.47530193505461943
27.733333333333334,0.537391101263872,-0.4827081337013223,1.1150996518935055,-0.7172358497360456,-0.4753020246785082
27.741666666666667,0.5332469698415612,-0.5110967700954802,1.1075257904914984,-1.1011792241719358,-0.47530224079787947
27.75,0.5288877453738061,-0.5341139950198741,1.096734090218983,-1.4896478470704957,-0.47530268415947885
27.758333333333333,0.5243635417600594,-0.5504836705514989,1.082683656342546,-1.8833947398913935,-0.47530348464833655
27.766666666666666,0.5197348414336905,-0.5590007747974152,1.0653276622305217,-2.2830823324573988,-0.475304804207164
27.775,0.5150716965251434,-0.5585840448500607,1.0446143420204703,-2.689221056532303,-0.4753068401641613
27.78333333333333,0.5104523997353989,-0.5483522436518108,1.0204886241130846,-3.1020743128601738,-0.4753098286963333
27.791666666666668,0.5059613820130631,-0.5277357349963013,0.9928947607257433,-3.5215106701519505,-0.47531404787348386
27.8,0.5016859798753676,-0.49663919785779226,0.9617804988964164,-3.9467765784171145,-0.4753198192359729
27.808333333333334,0.49771156586269855,-0.4556753045222556,0.9271035944240639,-4.376155060863633,-0.47532750604458435
27.816666666666666,0.49411436299685674,-0.4064900062632271,0.8888417778464728,-4.806472535201222,-0.4753375050898151
27.825,0.4909511208719934,-0.3521905011794582,0.8470075608254714,-5.23242881720053,-0.47535022725568954
27.833333333333332,0.4882448568648701,-0.2978529352082119,0.8016692992464624,-5.64577781539334,-0.47536606029349554
27.841666666666665,0.4859663480632619,-0.25100780446215876,0.7529792354459215,-6.034513433669465,-0.47538530683399227
27.849999999999998,0.48401244432147117,-0.22186360594229937,0.7012070787427699,-6.38244114309075,-0.4754080945452136
27.858333333333334,0.48218494655411503,-0.22287168623044906,0.6467733765291729,-6.669781187620829,-0.4754342677844139
27.866666666666667,0.4801773733249665,-0.26721351516058045,0.5902710480689967,-6.8754987328945685,-0.47546329259262887
27.875,0.477579241097997,-0.3661598198628329,0.5324595466481706,-6.981465719251008,-0.47549422931569324
27.883333333333333,0.4739047201224978,-0.5260648634000673,0.4742204442294906,-6.977227580261361,-0.4755258234996957
27.891666666666666,0.4686428578921996,-0.7464524964915491,0.4164788995473644,-6.863007354461807,-0.47555671514804887
27.9,0.46131488273033383,-1.0203235967617834,0.36011443131001797,-6.649122053104232,-0.47558569339061246
27.90833333333333,0.4515199469536438,-1.3364620305558468,0.30589094820469753,-6.352215270542384,-0.47561189306392776
27.916666666666668,0.43895789466049195,-1.6823827161894025,0.25442385013592894,-5.99055489462022,-0.4756348723306143
27.925,0.4234295889990915,-2.046610874728414,0.20618238454839025,-5.580527022606576,-0.4756545817959374
27.933333333333334,0.404823034289247,-2.4198020386794066,0.16151313530410463,-5.135076424596043,-0.4756712758331221
27.941666666666666,0.38309442176439323,-2.79490593011615,0.12066953560018763,-4.663705027933886,-0.4756854138049498
27.95,0.3582503285484398,-3.166792923904734,0.08383743070836164,-4.173307865756319,-0.47569757658066625
27.958333333333332,0.3303340818698337,-3.5316679865772476,0.05115217654831427,-3.6693023452269466,-0.4757084042112436
27.966666666666665,0.29941728223486813,-3.8864336466844556,0.02270610368051314,-3.1567873362250003,-0.47571855048259
27.974999999999998,0.26559666933129505,-4.22804585756643,-0.0014535267550193093,-2.6416649453518932,-0.4757286470389651
27.983333333333334,0.22899640698942905,-4.552855298049125,-0.02133580432237915,-2.1317392757489344,-0.47573927022262374
27.991666666666667,0.18977592861230685,-4.855935654105237,-0.03702651495043287,-1.6377848131200177,-0.4757509056111965
28.0,0.14814322728977794,-5.130469502642462,-0.04871687349971968,-1.1744529151701784,-0.47576390797768886
28.008333333333333,0.10437238234863484,-5.367392480251894,-0.056737986939822245,-0.7606579248059383,-0.4757784585177225
28.016666666666666,0.05882178844656625,-5.555649359821986,-0.06159428704412465,-0.41882446759541164,-0.47579452708218556
28.025,0.011946295154466706,-5.683452956187977,-0.06398354054458402,-0.1723302819183872,-0.4758118536221415
28.03333333333333,-0.03570582339292151,-5.740629406093507,-0.06478730320838243,-0.04104400092581575,-0.4758299659445041
28.041666666666668,-0.08351803534648547,-5.721407743376681,-0.06501987549955994,-0.03615209155954634,-0.47584824430588935
28.05,-0.13085131359777033,-5.626331891755455,-0.06573932989870565,-0.1566624404814848,-0.4758660257348737
28.058333333333334,-0.17709791110640555,-5.462161637142835,-0.06794402028715858,-0.38961246385650505,-0.475882720992182
28.066666666666666,-0.22172562430047632,-5.239815281174547,-0.07248678645977516,-0.7138801789803633,-0.4758979096013487
28.075,-0.26430070759242147,-4.971547346637831,-0.08002881504686994,-1.1054508553394435,-0.47591138986350057
28.083333333333332,-0.30448879129608203,-4.668660567194937,-0.09103493473755409,-1.5417859592294458,-0.47592318194736327
28.091666666666665,-0.34204126812235724,-4.34033285010344,-0.10579729440268243,-2.0042107455992832,-0.47593349814216585
28.099999999999998,-0.376776252757836,-3.993429271172895,-0.12447105939217289,-2.4785097633897024,-0.475942698442576
28.108333333333334,-0.4085606723682496,-3.6328919972037768,-0.1471100211860575,-2.9544321953063353,-0.4759512450834891
28.116666666666667,-0.437296741016696,-3.262356768152529,-0.17369578912388395,-3.424728039049962,-0.47595966266820783
28.125,-0.4629137890961662,-2.8848016339656035,-0.20415830827215492,-3.8840672836910177,-0.4759685049131762
28.133333333333333,-0.4853653685636227,-2.5031604191523655,-0.23838738742242244,-4.327971830844145,-0.4759783255429778
28.141666666666666,-0.5046313037593425,-2.1208979625215267,-0.2762354428448389,-4.751773163555299,-0.47598964892693657
28.15,-0.5207244027416835,-1.7425522346006856,-0.3175116280570365,-5.149589242111267,-0.47600293509943814
28.15833333333333,-0.5337014440803328,-1.3742059027122568,-0.36196768802155244,-5.5133819344437045,-0.476018534066185
28.166666666666668,-0.5436773944452343,-1.0237591034943005,-0.4092769672171015,-5.8323086320804425,-0.47603662708460126
28.175,-0.5508402589014421,-0.7007593577324163,-0.4590106142645506,-6.092781921340603,-0.47605716000839937
28.183333333333334,-0.5554616178735313,-0.41549173175301735,-0.5106190533180998,-6.279753491289839,-0.4760797866349698
28.191666666666666,-0.5578959333094338,-0.1772046443119716,-0.5634303266548877,-6.379467730016437,-0.4761038534338493
28.2,-0.5585625318692716,0.008158381127595754,-0.6166758899043046,-6.3831117254131025,-0.47612845756407485
28.208333333333332,-0.5579097750478522,0.13977884120151224,-0.6695454227923506,-6.289820173431006,-0.4761525842818643
28.216666666666665,-0.5563695615624847,0.2223392523649729,-0.7212579420443495,-6.107372978427358,-0.47617528535460507
28.224999999999998,-0.5543159290901976,0.2647118600481461,-0.7711269918898106,-5.850151148618901,-0.4761958298000615
28.233333333333334,-0.5520393239542972,0.27768738078136834,-0.8186010608954604,-5.535524929836313,-0.47621377789164226
28.241666666666667,-0.5497399934765417,0.27181805697741623,-0.8632735777578523,-5.1804278708855485,-0.4762289733892112
28.25,-0.5475363370671168,0.2560420616521099,-0.9048692669719809,-4.79920163909379,-0.4762414828317857
28.258333333333333,-0.5454810614141369,0.23715890433198086,-0.9432184608894373,-4.402814385007468,-0.47625151871989196
28.266666666666666,-0.5435790460225515,0.21988878783679103,-0.9782291437136258,-3.999007741487678,-0.47625937147456826
28.275,-0.5418033753934187,0.2072083610397967,-1.009862295473959,-3.5928689105296927,-0.47626535976631007
28.28333333333333,-0.540108194927568,0.20075177435709013,-1.0381125273899359,-3.187487992964181,-0.47626979891992766
28.291666666666668,-0.5384383465534208,0.20117208683176377,-1.0629939317897499,-2.7845363764779787,-0.4762729831649288
28.3,-0.5367362946038841,0.20842818278726383,-1.0845302232498146,-2.384715921505823,-0.4762751770891723
28.308333333333334,-0.5349469773711093,0.2219972467051947,-1.1027480919587358,-1.9880838981106075,-0.4762766126038925
28.316666666666666,-0.5330211547734607,0.24102576500655026,-1.1176728292134768,-1.5942778835575653,-0.47627748888618593
28.325,-0.5309177007759224,0.2644342081227645,-1.1293255026806204,-1.2026669304099233,-0.47627797370476904
28.333333333333332,-0.528605169618233,0.29098859281659406,-1.1377211628141295,-0.8124510985817471,-0.47627820518381975
28.341666666666665,-0.5260628670499848,0.31934918980067084,-1.142867723109597,-0.42272598482519846,-0.47627829346983264
28.349999999999998,-0.5232815837127996,0.3481039780290372,-1.1447652748636454,-0.03252411786139917,-0.47627832201043147
28.358333333333334,-0.5202640912629586,0.3757935287436903,-1.1434056858398476,0.3591555795435302,-0.47627834983306916
28.366666666666667,-0.5170254377890079,0.40093399087386633,-1.1387724525357341,0.7533179860479392,-0.476278433615532
28.375,-0.5135930930619339,0.422030005132001,-1.1308406981518841,1.1509677317805174,-0.476278654707922
28.383333333333333,-0.5100069815628488,0.43759112902945485,-1.119577204284742,1.5530995253395143,-0.4762791241050052
28.391666666666666,-0.5063193498701044,0.44615499100698885,-1.104940568804668,1.9606788101304111,-0.4762799851896009
28.4,-0.5025944051467423,0.4463199654659922,-1.0868815673107013,2.374610946825815,-0.47628141722323086
28.40833333333333,-0.49890762007272066,0.4367938399286293,-1.0653438514561502,2.795689201412757,-0.47628363951915564
28.416666666666668,-0.4953445339995356,0.4164679625980554,-1.0402652184230055,3.224506632651312,-0.47628691608639717
28.425,-0.49199878327055835,0.38453090614426216,-1.011579840823921,3.66130907532196,-0.47629156023854213
28.433333333333334,-0.48896895162685694,0.340641982689692,-0.9792220804314594,4.105755289470699,-0.4762979381040251
28.441666666666666,-0.4863536312089388,0.2851924385174844,-0.9431328479388265,4.556536659359724,-0.4763064689809315
28.45,-0.4842438255407274,0.21968793151824245,-0.9032699213428145,5.010797023401811,-0.47631761882575857
28.458333333333332,-0.48271155263331966,0.1472813344986124,-0.8596241335452043,5.463297125562988,-0.4763318806901727
28.466666666666665,-0.48179337764335567,0.07345023034167344,-0.8122436354305117,5.905320387958373,-0.47634973290332405
28.474999999999998,-0.48146800714856985,0.0067137228908811936,-0.7612679039207104,6.32347601538594,-0.47637156386705193
28.483333333333334,-0.48162871728964335,-0.040917853189908406,-0.7069706194355614,6.698885180844852,-0.4763975558968556
28.491666666666667,-0.48205507078746485,-0.05433867855412861,-0.6498046045615837,7.00769186128571,-0.4764275371592121
28.5,-0.4823939129319302,-0.017277046333000083,-0.590432915500659,7.2240409348962045,-0.4764608453545216
28.508333333333333,-0.48216381749573095,0.08406862107333965,-0.5297231204181735,7.3258389047340104,-0.47649628568918745
28.516666666666666,-0.4807934883487277,0.2568364636842477,-0.46868753473589014,7.301442147354539,-0.4765322626575137
28.525,-0.4776895093052201,0.499052015612895,-0.4083767859715757,7.153514344454063,-0.476567081820927
28.53333333333333,-0.4723108211196787,0.8005630414711781,-0.3497634606090262,6.89739273326164,-0.4765992991511111
28.541666666666668,-0.46422287936654494,1.1466725054140068,-0.2936594715949418,6.555145487278824,-0.4766279600705725
28.55,-0.4531181578378643,1.5221857780982695,-0.24068785401578208,6.149103483565164,-0.4766526573897128
28.558333333333334,-0.4388078887858525,1.9140908437189224,-0.19129976995910705,5.697755477050869,-0.4766734497677989
28.566666666666666,-0.42119876172464893,2.3125348156402112,-0.14581352630200517,5.214479056709496,-0.4766907256483777
28.575,-0.4002667643743124,2.710652138820888,-0.10445559217111382,4.708126026243709,-0.4767050753951516
28.583333333333332,-0.3760349132211775,3.103893143976421,-0.06739295673483435,4.1843646896411695,-0.4767171960351724
28.591666666666665,-0.34855719476639785,3.4892468103516476,-0.03475357279756052,3.6471291849622083,-0.4767278279480208
28.599999999999998,-0.31790886193056117,3.864501380091576,-0.006635169316569003,3.099949343525012,-0.4767377133924819
28.608333333333334,-0.28418271020143876,4.227541530342683,0.016896518025645697,2.5471735925789973,-0.47674756590249323
28.616666666666667,-0.24749125243540204,4.5756248237986785,0.03581960337981705,1.9951850089678358,-0.4767580415987206
28.625,-0.2079751990582034,4.904587319716192,0.05017832140507172,1.453691136766784,-0.47676970589616796
28.633333333333333,-0.16581882056605327,5.208000141076292,0.0601162563030086,0.9370375258665598,-0.4767829917715019
28.641666666666666,-0.12127198541375395,5.476460387453681,0.06591959148732955,0.46521018064532293,-0.4767981497797784
28.65,-0.0746761267876448,5.6974531886103605,0.06806489537569872,0.06375344067271485,-0.47681519676263806
28.65833333333333,-0.026486736657796318,5.856435030270568,0.06725780097717275,-0.238525163686398,-0.4768338800051657
28.666666666666668,0.022720074585192342,5.939598061956453,0.06444029613226454,-0.4148240611680097,-0.4768536840626863
28.675,0.07226986141061072,5.937825976313086,0.060744061003119854,-0.4476568718352734,-0.47687388419720483
28.683333333333334,0.12144390992898817,5.8499761520718785,0.05738553863435478,-0.3348272063719125,-0.47689366036181835
28.691666666666666,0.1695502384128711,5.683407548514929,0.05553036692175272,-0.09035622483694462,-0.4769122614301411
28.7,0.21598536894229986,5.451378341373176,0.056174905963042664,0.2602955339461897,-0.47692913760713007
28.708333333333332,0.2602669520098484,5.169041893588159,0.060081353982109884,0.6876142822175914,-0.4769439968869169
28.716666666666665,0.3020348352658754,4.850155680538126,0.06777155056174634,1.1642292195743689,-0.4769568135303853
28.724999999999998,0.34103150805652716,4.505466527128336,0.0795604324025477,1.6681423285435522,-0.4769677930242976
28.733333333333334,0.37707552006224443,4.142537748091148,0.09560480840677725,2.1833482712056167,-0.4769773166149908
28.741666666666667,0.4100371228112263,3.7663455176109277,0.11595048418998624,2.6990113838938417,-0.47698588644786005
28.75,0.43982013663724273,3.3801108819997547,0.14056996232600408,3.20814467471973,-0.47699408017448297
28.758333333333333,0.4663507360208534,2.986103916807665,0.16938886635743583,3.7062699871625315,-0.4770025162641142
28.766666666666666,0.4895725415628617,2.5863526025663903,0.20230166727323767,4.190193805326122,-0.4770118270051203
28.775,0.5094473064570525,2.183285267379213,0.23917758548177678,4.656859936220332,-0.47702263399264533
28.78333333333333,0.5259608699367966,1.7803603920867994,0.2798569416519824,5.10219063593266,-0.47703551945920825
28.791666666666668,0.5391344154760922,1.3827088033651738,0.3241376080722876,5.519870561019676,-0.4770509857096686
28.8,0.5490409563771805,0.9977240392120361,0.37175135944930005,5.900174374612933,-0.47706939517251906
28.808333333333334,0.5558258072133734,0.6353736624844328,0.4223318187960118,6.22921374171471,-0.4770908880902955
28.816666666666666,0.5597270630359101,0.3078053958344223,0.4753802769736235,6.4893241520871685,-0.477115287930569
28.825,0.5610881291916539,0.027768347410475562,0.5302424760289731,6.661425379976728,-0.4771420273776795
28.833333333333332,0.560351630547755,-0.19422112075560613,0.5861143603899373,6.72953057029307,-0.47717014891137366
28.841666666666665,0.5580271723985335,-0.3530841203284971,0.6420900621553753,6.68598596684904,-0.47719842650186584
28.849999999999998,0.5546366280460698,-0.4510755426571437,0.6972470518106212,6.534662766519055,-0.47722558855658526
28.858333333333334,0.5506538626338295,-0.4971371673390381,0.7507413115430306,6.290020872758446,-0.4772505582990338
28.866666666666667,0.546459614063954,-0.5041174401219863,0.8018787248671656,5.972679376550537,-0.47727261590026326
28.875,0.5423228461284765,-0.48549587433192526,0.8501441346049267,5.604174795230199,-0.4772914336778034
28.883333333333333,0.5384062070531609,-0.45303001776559226,0.8951919507461932,5.203230219818847,-0.47730701073592835
28.891666666666666,0.5347855109249501,-0.4157302052712511,0.9368147701626536,4.784184916885247,-0.47731956655394425
28.9,0.5314732790896688,-0.37982512455502565,0.9749061330198411,4.357015753309933,-0.4773294405399778
28.90833333333333,0.5284402328408094,-0.3492109117340358,1.0094271291370442,3.92811370922403,-0.4773370179166429
28.916666666666668,0.5256323631798444,-0.3260196214262855,1.0403804521900792,3.501224391328805,-0.47734268328685237
28.925,0.5229834376282838,-0.311128677075756,1.067791909955895,3.0782706054007387,-0.47734679539936437
28.933333333333334,0.5204237268876979,-0.30455588689630325,1.0916979735771324,2.6599760562773076,-0.47734967567101577
28.941666666666666,0.5178859162396983,-0.3057430145169449,1.112137722118007,2.2463022581729346,-0.4773516046487869
28.95,0.5153090420345592,-0.3137503924466927,1.1291477906109906,1.8367398786233233,-0.4773528225621618
28.958333333333332,0.5126410916577423,-0.32738683730859086,1.1427592876521684,1.4304964826674156,-0.4773535316542776
28.966666666666665,0.5098407192264357,-0.34529484167485625,1.1529959656440245,1.0266141903208437,-0.4773538989965522
28.974999999999998,0.506878384806533,-0.3660057939894528,1.1598731660466877,0.6240413241013768,-0.47735405910288714
28.983333333333334,0.5037371211205117,-0.3879755840671512,1.163397228997933,0.22167441179170694,-0.4773541160041016
28.991666666666667,0.5004130594578728,-0.40960787251511105,1.1635651688132849,-0.18161829005561725,-0.4773541447240425
29.0,0.49691578442787493,-0.42927345892695856,1.1603645231181365,-0.5869753839008484,-0.4773542020307159
29.008333333333333,0.49326854515527463,-0.4453230132042313,1.153773348687151,-0.9955357260387712,-0.47735436144416826
29.016666666666666,0.4895083945037088,-0.45609490167700417,1.1437601766974854,-1.4084466147904795,-0.4773547277635916
29.025,0.4856862358745517,-0.45992943370929346,1.1302839522746053,-1.8268604051499457,-0.477355440116983
29.03333333333333,0.481866726442632,-0.4551896251058788,1.1132940281976365,-2.2519243581437847,-0.4773566757748578
29.041666666666668,0.478127963587392,-0.4402935309614205,1.0927302936993828,-2.6847568034319997,-0.477358655001393
29.05,0.4745608271810749,-0.41376615092693153,1.0685235988929227,-3.126397479043135,-0.4773616469319468
29.058333333333334,0.4712677664097613,-0.3743234209983733,1.0405967658140935,-3.577712253141971,-0.4773659762892625
29.066666666666666,0.46836068803436076,-0.3210079052624708,1.0088666890296487,-4.039220268232585,-0.4773720303570022
29.075,0.46595739851558443,-0.25340624414092044,0.9732483661921197,-4.510793397495899,-0.4773802648279244
29.083333333333332,0.4641757470048366,-0.17199197571201466,0.9336622138866035,-4.991153724622446,-0.4773912056196505
29.091666666666665,0.46312419615804146,-0.07865005599133772,0.8900467490823157,-5.477070458539049,-0.47740544105838284
29.099999999999998,0.4628870690477931,0.022563034670488345,0.8423795749165544,-5.962156136179838,-0.4774235945681886
29.108333333333334,0.4635024412207707,0.12442383649184853,0.7907101955038252,-6.435243390550995,-0.4774462626295265
29.116666666666667,0.4649312684903966,0.2154881059940998,0.7352073533137302,-6.878607084899163,-0.4774738994045532
29.125,0.46701922985036615,0.27952930693108946,0.6762190567956269,-7.266912202018054,-0.4775066355777057
29.133333333333333,0.46945940525181473,0.29650466106318923,0.6143326839452573,-7.568585595317926,-0.47754405400667643
29.141666666666666,0.4717733688088579,0.2461329079825587,0.5504068763238616,-7.751427149523974,-0.4775850142591861
29.15,0.4733329619030646,0.11383672532832378,0.48553884108635936,-7.792109972710876,-0.4776276767208423
29.15833333333333,0.47343249640450835,-0.10375550946348014,0.4209508490594328,-7.684992491777956,-0.4776698214839074
29.166666666666668,0.4713911441522996,-0.39757867111746564,0.3578288437342953,-7.443962989190061,-0.4777093585402107
29.175,0.46664288495868195,-0.7501218591475723,0.2971825835260747,-7.095813986710236,-0.4777447722013014
29.183333333333334,0.4587812212973209,-1.1415991865078168,0.23977989570078978,-6.670231740931524,-0.47777529997426693
29.191666666666666,0.4475567346393038,-1.5546493875959846,0.18615648437456447,-6.192398562409832,-0.47780085360862146
29.2,0.43284696027408254,-1.9762837797940247,0.13666805003441299,-5.680207561345651,-0.4778218211578056
29.208333333333332,0.41461926357828255,-2.3978176980938173,0.09155048507735394,-5.144766009745487,-0.47783887128381786
29.216666666666665,0.39289858022818613,-2.813938513776941,0.05096915359243892,-4.592233023451954,-0.4778528109459542
29.224999999999998,0.36774379384661177,-3.2216429490073604,0.015051812113604362,-4.025781094562655,-0.47786449796377783
29.233333333333334,0.33923245435361843,-3.6193153403187903,-0.01609364667417551,-3.4472519704368287,-0.47787479177061837
29.241666666666667,0.30745250353450115,-4.005957265598446,-0.042373902212160745,-2.8585092159630356,-0.47788452477080273
29.25,0.27250010074752695,-4.380474566679165,-0.06371548529444968,-2.2626563031281726,-0.47789448089569186
29.258333333333333,0.23448356516355,-4.740902971382856,-0.08008035832299576,-1.6653233506677236,-0.4779053719302523
29.266666666666666,0.1935343829198357,-5.083475284222905,-0.09149309144921271,-1.0761814375115366,-0.4779178049229473
29.275,0.1498267325308887,-5.401521358752525,-0.09808169966605763,-0.5106835817939062,-0.4779322364448055
29.28333333333333,0.1036062628621002,-5.684410194634025,-0.10013279376304336,0.00835399910294889,-0.477948913682485
29.291666666666668,0.055225581430398525,-5.917137025506079,-0.09815580843887736,0.4503998307223638,-0.4779678143934379
29.3,0.005177012681972107,-6.08158689143414,-0.09293896119059787,0.7798839660014368,-0.47798862367665496
29.308333333333334,-0.045895630585263705,-6.160369453468592,-0.08556431920025216,0.9634278622701006,-0.4780107080608913
29.316666666666666,-0.09722627904168658,-6.142505865229953,-0.0773469982523842,0.9802407627045353,-0.47803314371512967
29.325,-0.14800115623413926,-6.02798771682276,-0.06969212208434991,0.8303381783696275,-0.4780548917043914
29.333333333333332,-0.19745449523795058,-5.827930586074541,-0.06391390501026212,0.5347637552929226,-0.4780750478397334
29.341666666666665,-0.2449452273755759,-5.560178733795123,-0.061089608212158725,0.12757758390222104,-0.47809301994332054
29.349999999999998,-0.2899886469882691,-5.243536667466722,-0.061995745139511456,-0.3547254793931617,-0.47810855299596206
29.358333333333334,-0.3322459275211905,-4.893770805766009,-0.06712229935271466,-0.880724524447906,-0.4781216734220928
29.366666666666667,-0.3714912830362871,-4.522189664312306,-0.07673008950842942,-1.4270025934373038,-0.47813264989116544
29.375,-0.4075754393424269,-4.135993273406228,-0.09091784569148283,-1.977864537983472,-0.4781419292187708
29.383333333333333,-0.4403956183159841,-3.7393343422056065,-0.10968011827598918,-2.5236897842201658,-0.4781500733709788
29.391666666666666,-0.4698748700979327,-3.334431764006975,-0.13295016869920281,-3.059100201012831,-0.478157712470498
29.4,-0.4959499804420358,-2.9225006516076593,-0.16062852730436394,-3.5813816642656766,-0.4781655128423251
29.40833333333333,-0.5185663034116605,-2.5044941772035583,-0.19259963421648005,-4.089188162610242,-0.4781741555200727
29.416666666666668,-0.5376782762150241,-2.0817426631182196,-0.22873841189581215,-4.58139299295226,-0.478184319197581
29.425,-0.5532551953331972,-1.6565938097842727,-0.2689072703500074,-5.05591311080309,-0.47819666039862474
29.433333333333334,-0.5652926313395654,-1.2331350248206188,-0.31294268590014085,-5.508365565046606,-0.4782117818138193
29.441666666666666,-0.5738302637802034,-0.8180017401164031,-0.3606297515089875,-5.930539236298121,-0.4782301778585877
29.45,-0.5789763043069326,-0.42110007251073256,-0.4116640263359724,-6.308957166171164,-0.4782521474101106
29.458333333333332,-0.5809360671122356,-0.055771319718087436,-0.4656043023027886,-6.6243162189091915,-0.47827767373961233
29.466666666666665,-0.5800369596012225,0.2623698283106128,-0.5218288112161966,-6.853111151000522,-0.478306299007507
29.474999999999998,-0.5767359093640825,0.5185290349693747,-0.5795182106027614,-6.972517779924831,-0.47833706629095923
29.483333333333334,-0.5715941790752488,0.7032294284986783,-0.6376910865672221,-6.967732526868698,-0.4783685974857066
29.491666666666667,-0.56521617988222,0.8159839160799812,-0.6952988387395256,-6.838101917079121,-0.47839933063073664
29.5,-0.5581702403978426,0.8656629201497446,-0.7513513378428015,-6.597885192079375,-0.47842785373402014
29.508333333333333,-0.5509221094301578,0.8672760168732008,-0.805022982378887,-6.271119478773434,-0.47845317215404776
29.516666666666666,-0.5438029459929697,0.8373849400315905,-0.855703317099937,-5.884227200725393,-0.47847479866006243
29.525,-0.5370123100818367,0.790588374041012,-0.9029913582409389,-5.460388081085317,-0.4784926829479196
29.53333333333333,-0.5306423358266157,0.7379589331792304,-0.9466563207207332,-5.017108444438895,-0.4785070691924976
29.541666666666668,-0.5247081396570259,0.6869785473668936,-0.9865891124087517,-4.566216869708633,-0.4785183581065301
29.55,-0.5191753239594581,0.6421796330755596,-1.0227592547119113,-4.114972617418457,-0.4785270068601731
29.558333333333334,-0.5139812546326626,0.6059328459251753,-1.0551823128415154,-3.6673741577803516,-0.47853346877086733
29.566666666666666,-0.5090501314919836,0.5791263364564326,-1.0838975207683388,-3.2252624669574486,-0.4785381624373447
29.575,-0.5043031161574295,0.5616711542855473,-1.1089533549682382,-2.7891247897770164,-0.47854145908942297
29.583333333333332,-0.49966492847659,0.5528491041370446,-1.130398663966345,-2.3586348244693727,-0.47854367984002477
29.591666666666665,-0.49506806801833003,0.5515414910345804,-1.1482774384443661,-1.932997754034332,-0.4785450976399754
29.599999999999998,-0.49045549631173774,0.5563752108346691,-1.1626258652121586,-1.5111624724002357,-0.478545940999263
29.608333333333334,-0.48578234612824106,0.5658140608095823,-1.1734707633985677,-1.0919474992589204,-0.4785463979414653
29.616666666666667,-0.48101702813019764,0.5782146908730146,-1.1808288244280043,-0.6741121889351692,-0.47854661945224886
29.625,-0.4761419719043962,0.5918601259445363,-1.1847062913736743,-0.2563936391329377,-0.47854672210251714
29.633333333333333,-0.47115415051902776,0.6049793876608711,-1.185098849466111,0.16247771057880575,-0.4785467897929002
29.641666666666666,-0.46606547020738986,0.615761900096218,-1.1819916124339156,0.5837671117612042,-0.4785468841716962
29.65,-0.4609030579539885,0.6223652956754658,-1.1753591705599273,1.008739026587339,-0.4785470834913795
29.65833333333333,-0.45570952479280274,0.6229164178746203,-1.1651654939971046,1.4386806833452512,-0.4785475010468447
29.666666666666668,-0.45054320079130217,0.6155170728342283,-1.1513636783512262,1.8749171628220314,-0.4785482890393469
29.675,-0.44547830676021244,0.5982538081367851,-1.1338955717254413,2.318824673201281,-0.47854964335950606
29.683333333333334,-0.44060501510533573,0.5692156015151466,-1.1126913132511425,2.771837319484412,-0.47855180986426954
29.691666666666666,-0.43602930825085484,0.5265261776321843,-1.0876688741208669,3.23543760293502,-0.4785550923652055
29.7,-0.4318724697549354,0.4684022688539154,-1.0587338023183848,3.711113234282262,-0.478559862488638
29.708333333333332,-0.42826991847137996,0.3932571702784475,-1.025779568314993,4.200249394049959,-0.4785665713327669
29.716666666666665,-0.4253688831452151,0.29988247802949497,-0.9886892534251633,4.703902698805377,-0.478575762218942
29.724999999999998,-0.4233240571078853,0.1877625285086614,-0.9473399131769435,5.222366097804781,-0.4785880823926356
29.733333333333334,-0.42228979492937674,0.05760715757339923,-0.9016119194582193,5.754379526932895,-0.4786042885032024
29.741666666666667,-0.42240655275959826,-0.08777731661359015,-0.8514070604611157,6.295778232084563,-0.4786252348736668
29.75,-0.4237782097604951,-0.24215358003944376,-0.7966810620323416,6.837350460282127,-0.4786518243102313
29.758333333333333,-0.4264362355815089,-0.3940547412936441,-0.7374975523883267,7.361864643712538,-0.4786848876475128
29.766666666666666,-0.43028823602682725,-0.5249733669515897,-0.6741082976759729,7.840958741902882,-0.4787249469334267
29.775,-0.43505586819483016,-0.6089625592164702,-0.6070526457355437,8.23420076028606,-0.47877184783227406
29.78333333333333,-0.4402237328620435,-0.6161052801673498,-0.5372418257787098,8.49439290193173,-0.47882435925224925
29.791666666666668,-0.4450397039073577,-0.5213457458368242,-0.46596211884420025,8.5816867245938,-0.47888001742075037
29.8,-0.4486016029952933,-0.3152685688098438,-0.3947391280252656,8.480979764355162,-0.47893552278464924
29.808333333333334,-0.45001361039198456,-0.008688127260340218,-0.32508981908656803,8.20919988315468,-0.47898762965212155
29.816666666666666,-0.4485370095348012,0.3731731782175024,-0.2582856924827526,7.805581086883457,-0.47903398811001763
29.825,-0.4436652559974961,0.8015803790295886,-0.19524059536306437,7.31387753217721,-0.47907347303605263
29.833333333333332,-0.4351158168508052,1.252393079121468,-0.13653287550227425,6.769491854119655,-0.47910601792094454
29.841666666666665,-0.422777087409169,1.7088117041525275,-0.08249681287882867,6.195560844171652,-0.4791322362209848
29.849999999999998,-0.4066488024229631,2.160643196321564,-0.033319912817589684,5.604696172948673,-0.47915308309264043
29.858333333333334,-0.38679445183618943,2.602464660785266,0.010883356589248506,5.002382629887138,-0.47916963846864
29.866666666666667,-0.3633088948207352,3.0319243562679827,0.05002535349037411,4.3900079405705785,-0.47918299384757423
29.875,-0.3362982530508743,3.448501080754747,0.08402076191628322,3.7670383739499544,-0.4791942025426458
29.883333333333333,-0.305868439772243,3.852645568693206,0.11277713281152793,3.1325017249716343,-0.47920426101498387
29.891666666666666,-0.2721198736518053,4.245122894678834,0.13619600345767105,2.4860984910218473,-0.4792141010156737
29.9,-0.2351474896747598,4.626368219284448,0.15418285583237895,1.8292642091655178,-0.4792245806170736
29.90833333333333,-0.1950466893740313,4.9956763290084645,0.1666667880889972,1.166487612572619,-0.4792364664406752
29.916666666666668,-0.15192731941586746,5.350061187872693,0.17363320903673166,0.5071573693908619,-0.4792504010497386
29.925,-0.10593887778013174,5.682702501865348,0.17517466549432453,-0.13193824793447395,-0.4792668507715365
29.933333333333334,-0.05730988377204667,5.981171777136289,0.17156425537406028,-0.723819824895224,-0.4792860505011566
29.941666666666666,-0.00640023138521346,6.2263282541430405,0.16334865687597833,-1.229825964147919,-0.479308000733609
29.95,0.04624634271395714,6.393757507768457,0.15143705176581573,-1.602713716121632,-0.47933234824810145
29.958333333333332,0.09987926467855332,6.459596729766556,0.13713336043330857,-1.7974750807033093,-0.4793582274309889
29.966666666666665,0.153583500290166,6.409834530226268,0.12204924524992417,-1.7881181031721785,-0.47938430656227127
29.974999999999998,0.20639524517095273,6.2473758922021,0.10788571475505866,-1.5802430859067464,-0.4794091197217698
29.983333333333334,0.2574444934324754,5.990863284491061,0.09616749350444688,-1.2088119671373458,-0.47943150479187346
29.991666666666667,0.30605403465826697,5.666262155394482,0.08805646324320512,-0.7229346481431816,-0.47945085164319
30.0,0.35176143322527,5.297961014610497,0.08430472890527915,-0.1696522133871538,-0.47946705960650693
