t,th1,w1,th2,w2,energy
0.0,-0.09564323964042305,0.0,-0.9755544970300309,0.0,-0.564956296126303
0.008333333333333333,-0.09610893941075387,-0.11198397292312819,-0.9735313777911715,0.48572227863961204,-0.5649563096810761
0.016666666666666666,-0.09751688046336024,-0.22657587414351205,-0.967453216920849,0.9735751733347576,-0.5649564218576625
0.025,-0.09989980304657793,-0.3464256138313997,-0.957292942241803,1.4658207873728328,-0.5649567806070865
0.03333333333333333,-0.10331277867652017,-0.474248291081057,-0.9430038336839541,1.96493012810856,-0.5649575928156891
0.041666666666666664,-0.10783388918494116,-0.6128564452181676,-0.9245173431125039,2.473688235302298,-0.5649591330376824
0.05,-0.11356515854904015,-0.7651873676427923,-0.9017400563959274,2.995293295978679,-0.5649617566028127
0.058333333333333334,-0.12063365730516584,-0.9343144982380298,-0.874549906408511,3.533433126416898,-0.5649659185859446
0.06666666666666667,-0.1291925551912075,-1.1234175344007276,-0.8427919687483127,4.092299206978728,-0.5649722005466846
0.075,-0.13942157671645036,-1.3356560334296024,-0.806274682794878,4.676449507241716,-0.5649813470373011
0.08333333333333333,-0.1515256302691822,-1.5738305378117197,-0.7647684522299748,5.290330206323774,-0.5649943127167761
0.09166666666666666,-0.16572897256852576,-1.8395965023451593,-0.7180109062502642,5.937066032981408,-0.5650123160111069
0.1,-0.1822595091128382,-2.1317857702808913,-0.6657277294759512,6.61576847284293,-0.5650368805390285
0.10833333333333334,-0.20131294604329664,-2.4431071899544348,-0.6076862734178725,7.316113948503179,-0.5650698082892187
0.11666666666666667,-0.22297989050806746,-2.754475981730019,-0.543810660851453,8.008859328245526,-0.5651129518525994
0.125,-0.24711734768667667,-3.027783900212981,-0.47439074198656517,8.633521455576732,-0.5651675546232529
0.13333333333333333,-0.27317275300674354,-3.203527079545249,-0.4003736398996974,9.093872809444708,-0.5652329989773079
0.14166666666666666,-0.30005547426952656,-3.2169539677766568,-0.32358106837507145,9.284311083673742,-0.5653054958588606
0.15,-0.32624179820115157,-3.035669729700882,-0.2465404965969054,9.152381169586612,-0.5653783619757251
0.15833333333333333,-0.35017546264370397,-2.684907478283611,-0.17182437904526235,8.740762337829345,-0.5654447574612038
0.16666666666666666,-0.37069519720688926,-2.227771468195413,-0.10134739004266856,8.15377150406676,-0.5655006007535859
0.175,-0.38718354708153657,-1.726124840694565,-0.03613235028446474,7.491922311125626,-0.5655450841703509
0.18333333333333332,-0.3994554916201629,-1.2207449536044213,0.023491636863483708,6.819429506404265,-0.5655793876714224
0.19166666666666665,-0.4075774065231123,-0.7322702903368062,0.07758139565442065,6.166627291899216,-0.5656053477256414
0.2,-0.41172956761102675,-0.2686335372779732,0.12635051554892268,5.5429292705316815,-0.5656247442668573
0.20833333333333334,-0.4121276920194691,0.1687936378803923,0.17004196609568184,4.9473277067428985,-0.5656390604547004
0.21666666666666667,-0.4089848067561755,0.5816086315665182,0.2088692335690508,4.374458988374706,-0.5656494718005416
0.225,-0.40249488754481677,0.97259291213758,0.2429940557731883,3.817589458797366,-0.5656569301553318
0.23333333333333334,-0.39282674084886404,1.344925924864949,0.2725212380655575,3.2699202675290873,-0.5656622263874604
0.24166666666666667,-0.3801221586597065,1.7018863995309603,0.29750052097599694,2.725075182694821,-0.565666030038493
0.25,-0.36449548605248155,2.046781963070799,0.3179307167754467,2.177207215729424,-0.5656689200892664
0.2583333333333333,-0.3460333065859553,2.3829763625777023,0.33376394255129793,1.62093943400811,-0.5656714071279512
0.26666666666666666,-0.32479373566158365,2.713948442712814,0.3449090616993182,1.0512469567630278,-0.5656739481176316
0.275,-0.30080523026135225,3.0433434747408707,0.35123412569737794,0.4633446052190213,-0.5656769549027497
0.2833333333333333,-0.2740651294862283,3.374979110227044,0.35256811715518344,-0.14735579989621575,-0.5656807970394129
0.2916666666666667,-0.2445385440728987,3.712739785090077,0.3487030051422382,-0.785097953984908,-0.5656858198417818
0.3,-0.21215897092845,4.06024828198086,0.3393984853427174,-1.4532553746405414,-0.565692468830995
0.30833333333333335,-0.17683318904381434,4.420113252339789,0.32439364677739435,-2.153099209138485,-0.5657013959757852
0.31666666666666665,-0.13845563004701322,4.7923196769555965,0.30343441748331573,-2.8810922541562487,-0.5657135021936899
0.325,-0.09694184670297738,5.1711367204476595,0.2763332811480478,-3.6236500948591233,-0.5657299350589629
0.3333333333333333,-0.05229610470518928,5.539979681468538,0.24308686780627609,-4.348425992436637,-0.5657519551458018
0.3416666666666667,-0.00472817771880067,5.865177187467565,0.20407682431651508,-4.993802041121714,-0.5657805160216858
0.35,0.0451909301357005,6.094405914498503,0.16033527008668919,-5.466565917830287,-0.5658154507475536
0.35833333333333334,0.0964187556809787,6.171053182329644,0.11372810668825964,-5.667176949390465,-0.5658546045987466
0.36666666666666664,0.14753252875332085,6.0662006771626675,0.06678689610797979,-5.545377521476529,-0.5658939580204193
0.375,0.19707188783299884,5.800490165090954,0.02210432622496551,-5.1380192131790565,-0.5659293187359689
0.3833333333333333,0.24391302282847951,5.42876150356461,-0.018323506229850847,-4.54221823640387,-0.5659581985644195
0.39166666666666666,0.2874134686280884,5.006759361815178,-0.05335510039224282,-3.8573446720892064,-0.565980207463982
0.4,0.32732649194569263,4.57241627451491,-0.08255938506713686,-3.1522206514772106,-0.5659962475394366
0.4083333333333333,0.3636416081769812,4.14530544152329,-0.1059405844388107,-2.463845118910766,-0.5660076284618463
0.4166666666666667,0.3964561176550084,3.7328190837654036,-0.12371452774838924,-1.8078775341960918,-0.5660155804500826
0.425,0.4258985444391354,3.3358213945548747,-0.1361734827417419,-1.1883116756759822,-0.5660210908619814
0.43333333333333335,0.4520902889101967,2.9521617005806275,-0.14361649336574095,-0.6035078805287084,-0.5660248952864984
0.44166666666666665,0.47512908856915353,2.5785195431965366,-0.14631721187696936,-0.04937080862429047,-0.5660275191171282
0.45,0.49508337693380905,2.2112752941250373,-0.1445105411015659,0.4791414208746525,-0.5660293289281857
0.4583333333333333,0.511991567094029,1.8468775609638237,-0.13838788764627205,0.9873650396528634,-0.5660306217267982
0.4666666666666667,0.525863171649353,1.4819461876615168,-0.12809570106334917,1.4807439845332988,-0.5660317019295009
0.475,0.536680242403047,1.1132645226805797,-0.1137346632612829,1.964825389107588,-0.5660328914832677
0.48333333333333334,0.5443985312054781,0.7377267308845346,-0.09535858340878442,2.4453251655291455,-0.5660345356272919
0.49166666666666664,0.548948154433066,0.35227719998645024,-0.07297266124172541,2.928204207253143,-0.566037012833923
0.5,0.5502338444775544,-0.04612108256134499,-0.04653127896161284,3.4196939116751484,-0.5660407493712084
0.5083333333333333,0.5481352405555097,-0.4604326654319203,-0.015936091176245604,3.9261782451636993,-0.566046242929156
0.5166666666666666,0.5425083230330701,-0.8933077865542767,0.01896374275211395,4.4537607265887456,-0.5660541211046991
0.525,0.5331902372714936,-1.3464660907207116,0.05836538259769827,5.007195408932699,-0.5660652056713891
0.5333333333333333,0.5200120309304548,-1.8193355079531215,0.10249251579937337,5.58755441094593,-0.5660805524981491
0.5416666666666666,0.5028277359663914,-2.306383467075235,0.15154758346555597,6.187657689705946,-0.5661014486461139
0.55,0.48157318875568544,-2.7925982290945144,0.20561297773437473,6.784301196151633,-0.5661292812269115
0.5583333333333333,0.45636887864865155,-3.247776713542504,0.2644761600682498,7.328327549262346,-0.5661651246380398
0.5666666666666667,0.4276613027288223,-3.6242727096217267,0.327386740170435,7.740396299624759,-0.5662089213452267
0.575,0.3963351225011497,-3.8680030369568246,0.39285934090430225,7.929209053778781,-0.5662585276060438
0.5833333333333334,0.3636591037084479,-3.9461349709852716,0.4587556884012954,7.838319094659659,-0.5663096178798614
0.5916666666666667,0.33099861006455505,-3.869872114499375,0.5227632112037902,7.485047031882422,-0.5663572267426349
0.6,0.29946136513848376,-3.685711668909161,0.5829899975315479,6.946095943631508,-0.5663978480719983
0.6083333333333333,0.26972183364879687,-3.446392518443414,0.6382605217513971,6.30871781822988,-0.566430257262233
0.6166666666666667,0.24206428423400492,-3.19108100509192,0.6880440181656182,5.637507328185352,-0.5664549264146893
0.625,0.21651822746318808,-2.942175910609232,0.7322290132396609,4.969245562904277,-0.5664730930427744
0.6333333333333333,0.192981290348238,-2.709863680531153,0.7709205788977725,4.320705199075667,-0.5664861329615022
0.6416666666666666,0.17129888578227395,-2.497216888595593,0.8043109440887565,3.6972516551467183,-0.5664952803601465
0.65,0.15130783469333578,-2.303660042484617,0.8326106129069325,3.0986263697599177,-0.5665015492063921
0.6583333333333333,0.13285776624975162,-2.1269248883663465,0.8560163457326059,2.522164219858577,-0.5665057396730073
0.6666666666666666,0.11582056392615131,-1.964051774729956,0.8746986359082262,1.9644047423689668,-0.5665084704525246
0.675,0.10009387817301406,-1.8118681329662774,0.8887985791392022,1.4218294576241661,-0.5665102130678991
0.6833333333333333,0.08560189511715688,-1.6671992614909583,0.8984288202747825,0.8911544856759869,-0.5665113205475885
0.6916666666666667,0.07229496302925238,-1.5269474937400627,0.9036759208226961,0.36940509101668406,-0.5665120491908556
0.7,0.06014885310745238,-1.3881086539780487,0.9046028586090744,-0.14611422638531993,-0.5665125742475849
0.7083333333333334,0.04916401181018822,-1.2477624211214244,0.9012510725856294,-0.657889510877556,-0.5665130137942761
0.7166666666666667,0.039364947900105786,-1.103048259646789,0.8936418418655243,-1.1682945216834764,-0.5665135018908274
0.725,0.0307998914184031,-0.9511273509667069,0.881776661896971,-1.679725284533899,-0.5665142275877562
0.7333333333333333,0.023540770120138645,-0.7891443930158653,0.865636519425709,-2.1947300615892686,-0.5665154405778046
0.7416666666666667,0.017683520145856953,-0.6141852335224562,0.8451800549435875,-2.716147536214059,-0.5665174586430667
0.75,0.013348767507282892,-0.42323051917785337,0.8203405348044125,-3.2472538943825104,-0.5665206791144988
0.7583333333333333,0.010682901228824619,-0.21310912766920673,0.7910215772446801,-3.791913191991966,-0.5665255957598506
0.7666666666666666,0.00985949957544712,0.019537000627957476,0.7570916659717438,-4.354713364420114,-0.5665328231104032
0.775,0.011080907557197286,0.27824638395723045,0.7183777358502862,-4.941041078495798,-0.5665431316391579
0.7833333333333333,0.014579362424510885,0.5666195914624772,0.6746587444394918,-5.556983606692036,-0.566557503678386
0.7916666666666666,0.02061618483649511,0.8879362303978645,0.6256615716878816,-6.208807243291985,-0.566577209361741
0.8,0.02947559179610566,1.2441683885973458,0.5710648157200197,-6.901452542621442,-0.566603892584092
0.8083333333333333,0.041445586668916214,1.6337143211575451,0.5105229023274724,-7.634906843725459,-0.5666396419079832
0.8166666666666667,0.05677073680452811,2.046684915714735,0.4437359340791399,-8.396450134491305,-0.5666869530867878
0.825,0.07555088230071744,2.4565237355060408,0.37060949517784464,-9.146589158231505,-0.566748347276557
0.8333333333333334,0.09755826604511796,2.809683607096132,0.29155294758425304,-9.801302765170623,-0.5668252301571395
0.8416666666666667,0.12199727046394175,3.0254416982615076,0.20788028285833535,-10.230657246409606,-0.5669157964359468
0.85,0.14738294175444702,3.0276169012752283,0.12202241063672283,-10.31063475616854,-0.5670132933321674
0.8583333333333333,0.17181072895647712,2.7997429364894573,0.03709324449778191,-10.014744532789996,-0.5671076236143022
0.8666666666666667,0.1935647067112835,2.3997093919072228,-0.044106725720762144,-9.438228811703501,-0.5671902933625798
0.875,0.2115662683340286,1.9125923145215977,-0.11981877866316398,-8.719240274415467,-0.5672576911582407
0.8833333333333333,0.22538524591845494,1.4042549394619845,-0.18932667042796608,-7.962211598061609,-0.5673102992527128
0.8916666666666666,0.2350138674029911,0.9108271213830688,-0.2525711453110476,-7.2216258162774,-0.567350418546659
0.9,0.24065002473638403,0.44740323752102895,-0.30978984123917525,-6.517470113257401,-0.567380621785655
0.9083333333333333,0.24256534681427902,0.017938011525351048,-0.36130405491223855,-5.852117585170759,-0.5674031395382536
0.9166666666666666,0.2410405764181368,-0.37861458222530475,-0.4074193333036289,-5.220611302606174,-0.5674197422586726
0.9249999999999999,0.2363382948028198,-0.7452350738341597,-0.44838813040799447,-4.61570483690433,-0.5674318171594892
0.9333333333333333,0.22869322412566903,-1.0854928078113883,-0.484401068114491,-4.030017982020724,-0.5674404721393617
0.9416666666666667,0.21830987074866812,-1.4030228310068102,-0.5155897306239517,-3.456828392813954,-0.5674466042301183
0.95,0.20536278460294272,-1.7013709048511148,-0.5420331917878972,-2.890259329225393,-0.5674509511643439
0.9583333333333334,0.1899973691765989,-1.983992967430885,-0.5637648967424956,-2.3252148442624034,-0.5674541288689481
0.9666666666666667,0.17233041429487397,-2.254311819396941,-0.5807785338962952,-1.757218795457725,-0.5674566573741819
0.975,0.15245007846265218,-2.5157878903723883,-0.5930324188650026,-1.1822260760039132,-0.5674589778374706
0.9833333333333333,0.13041529775358196,-2.771983572903907,-0.6004523098114224,-0.5964391302849424,-0.5674614627887312
0.9916666666666667,0.10625473506822695,-3.026606660464193,-0.6029328010794244,0.0038452464662892677,-0.5674644209398566
1.0,0.07996552682675483,-3.2835093793371697,-0.6003377022924609,0.6223136893144742,-0.5674681058363272
1.0083333333333333,0.051512383574440324,-3.5465974477052744,-0.5925003941897181,1.2625549975655204,-0.5674728106233147
1.0166666666666666,0.02082799433647865,-3.8195894249998408,-0.5792257137917479,1.9277424170496953,-0.5674789823653658
1.025,-0.012183324104218605,-4.105437537285567,-0.5602966183890141,2.6197310573945316,-0.5674872678547007
1.0333333333333332,-0.047634711764061095,-4.40509504869367,-0.5354925587523321,3.3370361057439974,-0.5674985496679432
1.0416666666666667,-0.08563110765867159,-4.715105278683182,-0.5046323265383073,4.070801399660916,-0.5675139528470754
1.05,-0.12621635140410722,-5.023388386447655,-0.4676626766074716,4.7976984762328625,-0.5675347539095246
1.0583333333333333,-0.16927747901522128,-5.303374263202325,-0.4248191942495847,5.470021589504346,-0.5675620610407549
1.0666666666666667,-0.21440333963879524,-5.509961605177526,-0.3768640278208401,6.0089550190258105,-0.567596123747305
1.075,-0.2607483805070646,-5.586773913686937,-0.3253129509580329,6.317249753253749,-0.5676354107130359
1.0833333333333333,-0.30703645120109824,-5.492488551944685,-0.2724204000504513,6.324577462413736,-0.5676762869519755
1.0916666666666666,-0.35181823879944374,-5.22999306239262,-0.2207286735553052,6.037498790149079,-0.5677142429410604
1.1,-0.3938617174357061,-4.845001903931586,-0.1723909310035828,5.536666263839078,-0.567745977451426
1.1083333333333334,-0.4323905504470331,-4.395491428414901,-0.12875944246413853,4.923821461593682,-0.5677703980115131
1.1166666666666667,-0.46706651843088415,-3.9260779689303673,-0.09041699420179597,4.277479737295749,-0.5677880945256537
1.125,-0.4978416211923369,-3.462102897046339,-0.057433732809320646,3.6426797118884915,-0.5678003644939557
1.1333333333333333,-0.5248145565271982,-3.0145406890483843,-0.02961676517378989,3.0394202162622195,-0.5678085623976007
1.1416666666666666,-0.5481376418514001,-2.586177498796804,-0.006672937121736153,2.47330233989337,-0.5678138354801094
1.15,-0.5679677193000201,-2.175837762475628,0.011704194443892627,1.9428207341023882,-0.5678170737445835
1.1583333333333332,-0.5844438837793298,-1.7807036272849577,0.02579372344195245,1.4433789553597451,-0.5678189407247864
1.1666666666666667,-0.5976790813140946,-1.3974380085297435,0.035830844127202076,0.9692504009036406,-0.5678199218774789
1.175,-0.607758101161182,-1.0226674471917419,0.042001552594536674,0.5144405469428074,-0.5678203680327225
1.1833333333333333,-0.6147381100580555,-0.6531476176632133,0.0444419930046299,0.07300515520652193,-0.5678205284087877
1.1916666666666667,-0.6186498629499223,-0.28577988716136565,0.04323925443930644,-0.3608854018265694,-0.5678205748766495
1.2,-0.6194987546324345,0.08243449960201973,0.0384322173626836,-0.7929838646898004,-0.5678206422922141
1.2083333333333333,-0.6172653411854004,0.45447142614153285,0.03001179980616347,-1.2290667801560953,-0.567820877786421
1.2166666666666666,-0.6119052166479778,0.8333570084064772,0.01792034974162967,-1.6750271533924292,-0.5678214784383488
1.225,-0.603348364351573,1.222215112912519,0.002050439475648578,-2.136917883384558,-0.5678227209426475
1.2333333333333334,-0.5914983842663449,1.6242394990074054,-0.017756246698067933,-2.620868869705402,-0.5678249856252455
1.2416666666666667,-0.5762325363185434,2.0425062089077306,-0.04170834254377421,-3.132732424378706,-0.56782878941531
1.25,-0.5574045670153439,2.479454016562374,-0.07005919335264457,-3.6771619605397268,-0.5678348279349567
1.2583333333333333,-0.5348543109768439,2.9357066203509534,-0.10308938804581903,-4.255563935930457,-0.5678440195947702
1.2666666666666666,-0.5084316625004675,3.407693168455824,-0.14106441166209044,-4.861987808969867,-0.5678575260911103
1.275,-0.4780476758347568,3.8834297362112316,-0.18414549287904156,-5.47585112081038,-0.5678766819598756
1.2833333333333332,-0.4437686075143092,4.336634885742152,-0.23222636434526192,-6.0517784357631506,-0.567902699223648
1.2916666666666667,-0.40595554414523516,4.72274074088751,-0.2846910956907355,-6.51265107798504,-0.56793599404089
1.3,-0.3653983620101322,4.986147998378036,-0.3401807106022192,-6.761951259953912,-0.5679752508461895
1.3083333333333333,-0.32331237972745575,5.085750642953986,-0.39659501197038116,-6.727598152534649,-0.5680170254037755
1.3166666666666667,-0.28109252781581345,5.022432204903533,-0.4515118545524177,-6.409421962560395,-0.568056844453759
1.325,-0.2399436792367493,4.837628837415356,-0.5028220938422402,-5.877131098215366,-0.5680912119060014
1.3333333333333333,-0.20065198393970285,4.585185210481958,-0.5491259695819444,-5.222367908656316,-0.5681186958603498
1.3416666666666666,-0.16359206148219874,4.3075937487360445,-0.5897269076227616,-4.518094600044823,-0.5681395676518834
1.35,-0.1288577644961094,4.029906208725107,-0.6244138286895582,-3.8081285711548536,-0.5681549209766141
1.3583333333333334,-0.09639446068966047,3.763656048103903,-0.6532402274986279,-3.1137544901814422,-0.5681660210041021
1.3666666666666667,-0.06608843380840891,3.5122959748840232,-0.6763756911885151,-2.4429090420830772,-0.5681739996724114
1.375,-0.03781669691245133,3.2750945198180013,-0.6940241698295332,-1.7967337998551127,-0.5681797650484328
1.3833333333333333,-0.011471552015223556,3.0493795987890233,-0.7063845582868962,-1.173312950653589,-0.5681840036036934
1.3916666666666666,0.013028626994562847,2.8316973058666393,-0.7136340576488756,-0.5695660519431014,-0.568187211550227
1.4,0.03573549017148101,2.6183675412619865,-0.7159225852074421,0.017885216898228612,-0.5681897291563195
1.4083333333333332,0.05666999920939478,2.405730960338181,-0.7133719630512066,0.5923734545651507,-0.5681917774595515
1.4166666666666667,0.07582307861638903,2.1902445928189005,-0.7060768148595551,1.157096563315636,-0.5681935564431269
1.425,0.09315664823227021,1.9684875990747752,-0.6941054119059686,1.7152012397494927,-0.56819532394901
1.4333333333333333,0.10860454656855185,1.7371352257439256,-0.6774995710023579,2.2699141838100876,-0.5681974036097459
1.4416666666666667,0.12207315524620367,1.4929138392587242,-0.656273340088054,2.8247017898925018,-0.5682001903595236
1.45,0.1334415924640744,1.2325436441102753,-0.6304102661141018,3.383448523347133,-0.5682041607026181
1.4583333333333333,0.14256140352895158,0.9526768096994581,-0.5998591442519865,3.9506404395718495,-0.5682098891240006
1.4666666666666666,0.1492557613696775,0.6498451685865467,-0.5645282885636433,4.531531102643771,-0.5682180727372763
1.475,0.15331837511039256,0.3204505722664734,-0.5242786572679813,5.13223772123843,-0.5682295669158537
1.4833333333333334,0.15451273941952653,-0.03912499758269802,-0.478916855697663,5.759644282111289,-0.5682454347773432
1.4916666666666667,0.15257335525383853,-0.43211412774631414,-0.42819065071505735,6.420826590430246,-0.5682670146035251
1.5,0.14721276989138637,-0.8602860096267528,-0.3717932712791212,7.121372898129883,-0.5682960218710207
1.5083333333333333,0.13814281433910858,-1.3214478547999415,-0.3093903906282953,7.861331973517461,-0.5683346376032862
1.5166666666666666,0.12512691482655475,-1.8042333377341202,-0.24069818566871803,8.626566683919847,-0.5683854560374431
1.525,0.10809182214797948,-2.2789754098538273,-0.16566099011312452,9.373325307039675,-0.5684510328669572
1.5333333333333332,0.08732587110161645,-2.6872027270757166,-0.08477700204994501,10.009989215503383,-0.5685325803692585
1.5416666666666667,0.0637259733276101,-2.9441694653882315,0.0004860778783748682,10.400000021158643,-0.5686276893241726
1.55,0.038887075757622715,-2.9765898476492523,0.08752736103941759,10.423674748256703,-0.5687287398564795
1.5583333333333333,0.014763654299714385,-2.778635981046511,0.1731571634160794,10.071365014228599,-0.5688251372395208
1.5666666666666667,-0.0069679398239176895,-2.41723209576064,0.254640219152618,9.452351035813455,-0.5689086064671696
1.575,-0.025312533755879506,-1.978904600149521,0.3303483552947509,8.70642143382623,-0.5689760669363413
1.5833333333333333,-0.0399141092238771,-1.5267210791262058,0.3996759580302283,7.93308670674112,-0.5690284036691862
1.5916666666666666,-0.050813521887859724,-1.093912341577717,0.46263188575197395,7.1822445962577035,-0.5690681207111316
1.6,-0.05823766731442894,-0.6937863163488612,0.5194928008402885,6.4714972419981445,-0.5690978797558772
1.6083333333333334,-0.06247627901209416,-0.3293958016461318,0.5706066840137765,5.802498522506542,-0.5691199558069281
1.6166666666666667,-0.0638229317340647,0.0007253513945798921,0.6163039302554086,5.170461956271293,-0.5691361480142175
1.625,-0.06255060569898499,0.29974967393461815,0.6568651572721309,4.568709442673131,-0.5691478456121901
1.6333333333333333,-0.05890335878091146,0.571320722085249,0.6925146608274474,3.9905887621951472,-0.5691561301126605
1.6416666666666666,-0.053094742799550614,0.8190722510181396,0.7234240206655953,3.430155658555056,-0.5691618594088579
1.65,-0.045308654734542333,1.0464777821019986,0.7497188484585802,2.8823226984407215,-0.5691657217941346
1.6583333333333332,-0.0357007827692901,1.256837703775039,0.7714857312270463,2.3427907663602943,-0.569168274445808
1.6666666666666667,-0.02439990686929248,1.453317928378676,0.7887782133772413,1.8079013196411362,-0.5691699705201441
1.675,-0.011508801300445555,1.639002976214573,0.8016214356977123,1.274467700262233,-0.569171177749836
1.6833333333333333,0.002895309059713718,1.816948517392223,0.8100153687043863,0.739608752853219,-0.5691721908171975
1.6916666666666667,0.018760706496331277,1.990227623489144,0.8139367033395968,0.20059397173054222,-0.5691732390969384
1.7,0.0360614862425872,2.1619671668620626,0.8133395201665805,-0.3452927742725569,-0.5691744917009246
1.7083333333333333,0.05479808899883411,2.3353639346440658,0.8081549887585601,-0.900845621209779,-0.5691760966221147
1.7166666666666666,0.074997887935368,2.5136827619860336,0.7982904177396913,-1.469007028891915,-0.5691782711795005
1.7249999999999999,0.09671561106205079,2.7002094366463028,0.7836279411711374,-2.0528633054687586,-0.5691813379187234
1.7333333333333334,0.12003299153125672,2.898102578878192,0.7640239234935855,-2.655461757711133,-0.569185746637626
1.7416666666666667,0.145056469617649,3.1100524895503003,0.7393110986956137,-3.2793010427156073,-0.5691921016582868
1.75,0.17191065698274252,3.3375651855057487,0.7093073112416981,-3.9251887850897833,-0.5692011905191822
1.7583333333333333,0.20072322855076688,3.579554796502508,0.6738381801072182,-4.58993001839921,-0.5692140005157088
1.7666666666666666,0.23159363397142546,3.829785200606927,0.6327865698714322,-5.262063350738135,-0.5692316875557882
1.775,0.26453429796388417,4.072814524652229,0.586188146354342,-5.9150417175798005,-0.5692554215545748
1.7833333333333332,0.2993738330575547,4.2792791547048825,0.5343910299889512,-6.49924944371396,-0.5692859902987144
1.7916666666666667,0.3356313864143672,4.404806551040197,0.4782645227852891,-6.940116282531656,-0.5693230985579644
1.8,0.3724254668118102,4.4007781383568005,0.41934982827333595,-7.15631071067728,-0.5693646483514473
1.8083333333333333,0.40853557485206443,4.239070726437077,0.35975207077189636,-7.101644057854997,-0.5694068174395621
1.8166666666666667,0.44266912410055004,3.9318116675198778,0.3016851226664451,-6.798356622203524,-0.5694454544419283
1.825,0.4737839675288974,3.5232405243248976,0.24692515439098206,-6.322823828615013,-0.5694778009593687
1.8333333333333333,0.5012482659146149,3.0632176627479484,0.19654421573827047,-5.76019989475856,-0.5695030721314642
1.8416666666666666,0.5247989757936637,2.588731141317548,0.15098733573850454,-5.1730223579803445,-0.5695218763271753
1.8499999999999999,0.5444129569003897,2.1207582019420257,0.1102967520551952,-4.5961297495910705,-0.5695353934609045
1.8583333333333334,0.5601894792417459,1.6686004137069472,0.07431460909110528,-4.044268589325839,-0.5695448480034523
1.8666666666666667,0.572274333148414,1.234829687710846,0.04281332757618146,-3.520648154116022,-0.569551291597774
1.875,0.5808189894625257,0.8186587929165321,0.015565480844164268,-3.0227481150708972,-0.5695555573727947
1.8833333333333333,0.5859612789352426,0.417819126239512,-0.007623399541881111,-2.5455550362613235,-0.5695582817909789
1.8916666666666666,0.5878173998161189,0.029488525370694497,-0.026901586595166976,-2.0831723274222034,-0.5695599432341906
1.9,0.586479256195085,-0.3493008207766145,-0.04236724213650673,-1.6295438451756799,-0.569560899437781
1.9083333333333332,0.5820139771474258,-0.7215168840323201,-0.05406845501986141,-1.1787309128868075,-0.5695614347189115
1.9166666666666667,0.5744640229049074,-1.0901166027698685,-0.06200454480804258,-0.7249660231368186,-0.5695618002614856
1.925,0.5638471214523009,-1.4580876444742852,-0.06612736741982565,-0.2626158594062564,-0.5695622268018067
1.9333333333333333,0.5501557866696136,-1.8285018907662864,-0.0663421870519922,0.21387659893253758,-0.5695629311211732
1.9416666666666667,0.5333564700713296,-2.204542289635085,-0.06250821352888455,0.7100002822433699,-0.5695641366836991
1.95,0.5133887345039612,-2.5894653236150096,-0.05443948986597957,1.2310785747913269,-0.569566142319752
1.9583333333333333,0.4901652423334683,-2.98642062988431,-0.041907404473450365,1.7819346369795561,-0.569569371001547
1.9666666666666666,0.4635744095631654,-3.39795672363001,-0.024648008356531,2.366013748458624,-0.5695744079003234
1.9749999999999999,0.4334894266392267,-3.8249234595843196,-0.002380504530795696,2.983470356678603,-0.5695820412152134
1.9833333333333334,0.3997905601733654,-4.264285007820603,0.025151229430140334,3.627386797668348,-0.5695932852283949
1.9916666666666667,0.3624122944398085,-4.705262848226005,0.05809428045011105,4.277133620628715,-0.5696093301934951
2.0,0.321429918546279,-5.123881259668929,0.0963345690259262,4.889016904500557,-0.5696313070250192
2.0083333333333333,0.2771897959336875,-5.478830808417781,0.1392701185835978,5.389273022254462,-0.5696597292785086
2.0166666666666666,0.2304418479909716,-5.716806943172986,0.18558202973543744,5.683519150258771,-0.5696936722299665
2.025,0.1823577336788852,-5.794860804865345,0.23320517871471766,5.69567660195989,-0.5697303188916847
2.033333333333333,0.1343235969307219,-5.7078273100669605,0.2796911763502844,5.415706763395706,-0.569765759831558
2.0416666666666665,0.0875876910792584,-5.491574679346377,0.322824791988404,4.905510546586942,-0.5697967452367029
2.05,0.04301034413050198,-5.1982805184342284,0.3610651883154041,4.25629890801309,-0.5698218108779728
2.058333333333333,0.0010406325720831444,-4.871639526498913,0.39359516845980597,3.5456075947837005,-0.5698410858047527
2.0666666666666664,-0.03816697188842966,-4.538522470511003,0.4201266702261107,2.8226008641969793,-0.5698555105384177
2.075,-0.07461994799126555,-4.211796628440208,0.44067614297064545,2.112656689412488,-0.5698662089340343
2.0833333333333335,-0.10839334394047419,-3.8956385583674606,0.4554038924124316,1.4263199360711238,-0.5698741806820938
2.091666666666667,-0.13957562406109458,-3.5896250716341833,0.464521323196825,0.7662085398169391,-0.5698802066385567
2.1,-0.1682415096481207,-3.2911742767794028,0.4682436668891615,0.13111240114153816,-0.5698848499688786
2.1083333333333334,-0.19443996589017384,-2.996834587385505,0.4667680040703671,-0.48187246273498396,-0.5698884913409369
2.1166666666666667,-0.21818992507390725,-2.702918363193275,0.46026397363608473,-1.0763213518574217,-0.5698914304700148
2.125,-0.23947960650763506,-2.4057668958570235,0.4488700692754866,-1.656105215454069,-0.5698940066937014
2.1333333333333333,-0.258267210002497,-2.101841034958659,0.43269163551472756,-2.2253079500755235,-0.569896615645043
2.1416666666666666,-0.27448198752410086,-1.7877293568591153,0.4117989630512623,-2.7882734894965235,-0.5698997120651028
2.15,-0.28802519060047,-1.460116355473024,0.38622469108828306,-3.349714353218384,-0.5699038181501264
2.158333333333333,-0.29877070200024614,-1.1157437061300213,0.35596024773899787,-3.9148251859595637,-0.5699095381718788
2.1666666666666665,-0.3065654372760394,-0.7514012079416551,0.3209515243729,-4.489340953132918,-0.5699175806116756
2.175,-0.31122999557040953,-0.3640097749029308,0.2810946226353255,-5.079438304911417,-0.5699287890611932
2.183333333333333,-0.3125607831516634,0.04907948858833957,0.23623372873151707,-5.691276393129611,-0.5699441817626038
2.1916666666666664,-0.31033633720640397,0.48931844458062945,0.18616565817033875,-6.329758507811518,-0.5699649991412982
2.2,-0.3043335446404553,0.9552526436035905,0.13066059163348398,-6.995710615398336,-0.5699927714312235
2.2083333333333335,-0.29436456375673625,1.4391122363760829,0.06951730405622678,-7.680163575389181,-0.5700293195026174
2.216666666666667,-0.28035216107199945,1.9209294673057309,0.0026833003015812873,-8.354350466480097,-0.5700765215982269
2.225,-0.2624623195025066,2.361183538938895,-0.06952672029713335,-8.956931138245436,-0.570135615812081
2.2333333333333334,-0.24128302385124079,2.6989900868862,-0.14612956801999358,-9.390105949829385,-0.5702058753521952
2.2416666666666667,-0.21794628305723632,2.8698476607780927,-0.2252594182475272,-9.548384947582376,-0.5702832515905039
2.25,-0.19400453944293397,2.844039997839561,-0.30435885324749623,-9.382460241847998,-0.5703607295438233
2.2583333333333333,-0.17101708475481925,2.6497679911876535,-0.3808545433715475,-8.93808183624828,-0.5704312087549641
2.2666666666666666,-0.15013093633866192,2.351187948406657,-0.4528443295406383,-8.319620392493922,-0.570490463390836
2.275,-0.13194702326037272,2.009917383143487,-0.5193104282432024,-7.626239352756812,-0.5705376291390087
2.283333333333333,-0.11663629822656081,1.6665373520786488,-0.5799206892293054,-6.921803895286858,-0.5705739000243967
2.2916666666666665,-0.10411823325575671,1.3418888365634023,-0.6347322286535063,-6.237740094839539,-0.5706011858648028
2.3,-0.09419577057803964,1.0442879051845542,-0.6839720578798977,-5.585408975726524,-0.5706213788485487
2.308333333333333,-0.08663324659751799,0.7754588360103342,-0.727914348959628,-4.966053941036105,-0.5706360910359389
2.3166666666666664,-0.0811951861495197,0.5340482492207215,-0.7668227430653508,-4.376579547886629,-0.5706466167980873
2.325,-0.07766354512647207,0.31742829252729493,-0.8009277231318305,-3.8124405404487023,-0.5706539735807156
2.3333333333333335,-0.07584432986725047,0.12254578300248968,-0.8304207211765322,-3.2689440049673024,-0.570658957961964
2.341666666666667,-0.07556938128302654,-0.05370930314524136,-0.8554553997443416,-2.7417647978533384,-0.570662195495817
2.35,-0.07669616167227492,-0.2143639028795343,-0.8761514990651421,-2.2270937857836284,-0.5706641799250984
2.3583333333333334,-0.07910686730516678,-0.36232637018801567,-0.8925991463378633,-1.721622857385281,-0.5706653033343778
2.3666666666666667,-0.0827074628722346,-0.5003962797189699,-0.9048627131893532,-1.2224623162444008,-0.570665876104446
2.375,-0.08742687793387455,-0.6312906236886481,-0.9129838709260528,-0.7270354766703281,-0.5706661398537738
2.3833333333333333,-0.09321644725603825,-0.7576749329585096,-0.9169837396602851,-0.2329684581657559,-0.5706662762243656
2.3916666666666666,-0.10004961213898089,-0.8821941149993535,-0.9168641277552942,0.26201666792268746,-0.5706664128410717
2.4,-0.10792185586761563,-1.007496701053118,-0.9126079483417069,0.7601896605871341,-0.5706666489296252
2.408333333333333,-0.11685082978074701,-1.1362591016846697,-0.9041789205388012,1.2639052778508162,-0.5706671219620285
2.4166666666666665,-0.12687668189788812,-1.2712060422315798,-0.8915204548980316,1.7756947414147584,-0.5706680334801725
2.425,-0.13806248141452493,-1.4151122428407916,-0.8745539316163893,2.298319947906401,-0.5706696591626295
2.433333333333333,-0.15049454338294044,-1.5707732066934423,-0.8531767157251231,2.8347768211656903,-0.5706723629737925
2.4416666666666664,-0.1642822779448012,-1.7409129228260765,-0.8272605224933064,3.388195830086533,-0.5706766164520244
2.45,-0.1795568024967938,-1.9279649128557823,-0.7966513769802887,3.961535147170786,-0.5706830234132901
2.4583333333333335,-0.1964668100979697,-2.133605897507888,-0.7611736450204171,4.556865558555228,-0.57069234821779
2.466666666666667,-0.21516881035481478,-2.3578249509886247,-0.7206429185283337,5.173881762634165,-0.5707055398371026
2.475,-0.23580651183530113,-2.597179296950549,-0.6748965124983435,5.8070459423809675,-0.57072372985529
2.4833333333333334,-0.25847080031774694,-2.8418205306007223,-0.6238560273513518,6.440640127104056,-0.57074815381825
2.4916666666666667,-0.2831293941077751,-3.0712785472488573,-0.5676407169817645,7.041657823402942,-0.5707799019175461
2.5,-0.30952135751837545,-3.2508154214344875,-0.5067406188236142,7.553522867951746,-0.5708193877132012
2.5083333333333333,-0.337041633781491,-3.3339453482871604,-0.44220831723527604,7.9000418608056515,-0.5708655732084518
2.5166666666666666,-0.3646982380553311,-3.278076387896305,-0.37573109404019356,8.011400330230128,-0.5709154476812489
2.525,-0.39124582237071837,-3.0686670675221595,-0.3094087817253655,7.864536848175104,-0.5709646014955759
2.533333333333333,-0.4154801694014509,-2.7295313756469874,-0.24526324171279354,7.5001539545470415,-0.5710089247212504
2.5416666666666665,-0.43650661281820136,-2.306976783446863,-0.1847946977116467,6.995684092360904,-0.571046066349857
2.55,-0.45382380192908306,-1.8457539937699965,-0.12885049204355034,6.424807362608451,-0.571075590317962
2.558333333333333,-0.46724884747019174,-1.3767315076630657,-0.07775907510379533,5.837094027470996,-0.5710982508999624
2.5666666666666664,-0.4767954900983512,-0.9168131405193041,-0.031539243293161524,5.258339391251159,-0.5711152399907846
2.575,-0.48257529058185983,-0.4733618421490735,0.009932811596601553,4.6983437411162,-0.571127750254443
2.5833333333333335,-0.48473627800471064,-0.04833698099896734,0.04682158933388136,4.15805109506696,-0.5711368044851011
2.591666666666667,-0.48343006261817323,0.3590308179240961,0.07927928716585328,3.6341290999027005,-0.5711432254101236
2.6,-0.47879588802689593,0.7507707936022504,0.1074217498957385,3.121474685360009,-0.5711476795693752
2.6083333333333334,-0.4709534976448019,1.1294563173204122,0.13131947688046847,2.6144418623814416,-0.5711507344918891
2.6166666666666667,-0.46000010054703305,1.4978910239903334,0.15099570306484708,2.107388559022164,-0.5711528850458227
2.625,-0.4460090150624471,1.8589964568533497,0.1664274474105041,1.5948820958553886,-0.5711545720406852
2.6333333333333333,-0.4290288105337895,2.2157909865257412,0.17754752909176366,1.0717491193500779,-0.5711561961010789
2.6416666666666666,-0.40908248640968936,2.5713927105731944,0.1842467548159826,0.533082118190706,-0.5711581267925477
2.65,-0.38616671094697647,2.9289932096494673,0.18637628744243057,-0.02570828675939385,-0.5711607070707058
2.658333333333333,-0.3602516240378051,3.291733169376457,0.1837510295811096,-0.608674385966926,-0.5711642611284931
2.6666666666666665,-0.3312824673590281,3.6623682100048036,0.1761562049502613,-1.218751542719413,-0.5711691761830711
2.675,-0.29918538248384474,4.042561662145201,0.16336105814121907,-1.8565588289671788,-0.5711759975492856
2.683333333333333,-0.26388180458239996,4.4314600492057625,0.1451471749911703,-2.517969533756839,-0.5711854606890704
2.6916666666666664,-0.22531923887495162,4.823109690760023,0.12136476026595713,-3.1897034801596726,-0.5711984827345673
2.7,-0.18352958823277118,5.202432833512915,0.0920358659276491,-3.8424802638701485,-0.5712160539005019
2.7083333333333335,-0.13872454806785284,5.540722369428726,0.057520453878119354,-4.423426613832663,-0.5712389253859717
2.716666666666667,-0.09141721914254747,5.7949440779998085,0.01872567077464736,-4.855184572978596,-0.5712670328947171
2.725,-0.04250715194851238,5.918433435570569,-0.022751197136448013,-5.054825311048063,-0.5712988826457962
2.7333333333333334,0.00678122537588843,5.884141135081578,-0.06473687275563823,-4.9744611267897705,-0.5713315632736133
2.7416666666666667,0.05514978684467243,5.702581015785888,-0.10492697600812848,-4.632524858921857,-0.5713618174700038
2.75,0.1015276250037713,5.41440013990854,-0.14141775765392856,-4.100871027983221,-0.5713874172078449
2.7583333333333333,0.14522475417577405,5.0663707486087155,-0.17298167452016885,-3.462947909773336,-0.5714076768701541
2.7666666666666666,0.18590118542529108,4.694078907914871,-0.1990205321218969,-2.783443958817229,-0.5714230367793502
2.775,0.22345079520305072,4.318311960534945,-0.21936790750701984,-2.1016669120161713,-0.5714344152324973
2.783333333333333,0.25789045937346183,3.9485920788948503,-0.23409799726365885,-1.4373880912382249,-0.5714427718475213
2.7916666666666665,0.2892853972313141,3.58766386074089,-0.24339529931209092,-0.7984361910166846,-0.5714489173523347
2.8,0.31770720366534266,3.234729110076922,-0.24747973583164376,-0.18619143144806696,-0.5714534680216933
2.808333333333333,0.34321302396898046,2.887346223332755,-0.24656768305277196,0.40119055807151216,-0.5714568620089607
2.8166666666666664,0.36583652449813325,2.5424368514796405,-0.24085301916653612,0.9670703754770611,-0.5714594389390426
2.825,0.3855848303607943,2.196758307455074,-0.2304982365641991,1.515541703025678,-0.5714615526742568
2.8333333333333335,0.40243810276691155,1.847101737530294,-0.2156298480434513,2.0511143536533796,-0.5714635911480593
2.841666666666667,0.4163501708908146,1.4903611701244626,-0.19633547039899785,2.578606449916588,-0.571465978522659
2.85,0.427249458421285,1.1235456180077552,-0.17266135116132797,3.1031281726553193,-0.571469182395999
2.8583333333333334,0.4350399714682648,0.7437905727060133,-0.14460998417581075,3.6300618208227573,-0.5714737260800387
2.8666666666666667,0.43960257923925006,0.34842831701587507,-0.11213823932956696,4.164939193567576,-0.57148020604804
2.875,0.44079742233225333,-0.0647922133856053,-0.0751574352054841,4.713065263656212,-0.5714893139197126
2.8833333333333333,0.4384693050757026,-0.49717279829349603,-0.03353848975784058,5.278614895723314,-0.5715018646909856
2.8916666666666666,0.4324597651217625,-0.9479386937019999,0.012871619915785667,5.862722568711279,-0.5715188500345563
2.9,0.42263242039607024,-1.4120961662051985,0.06421083228303448,6.459832441991348,-0.5715414543986435
2.908333333333333,0.4089220525929531,-1.8768311409451839,0.12052240454327405,7.051521838762473,-0.5715709470229628
2.9166666666666665,0.39141916242318486,-2.316808641223829,0.1816140974658622,7.598327082753496,-0.5716083484632198
2.925,0.3704889840767626,-2.691483402002258,0.24685633383952696,8.034751768272812,-0.5716537601399082
2.933333333333333,0.34688001810009306,-2.9517454109625443,0.3149935457170316,8.279886271951655,-0.571705507272112
2.9416666666666664,0.3217163068154411,-3.0609913184719413,0.3841471364052278,8.272524293961492,-0.5717598229254185
2.95,0.2962896924127335,-3.0181245495959432,0.45215395400058184,8.009949959819638,-0.5718118936618402
2.9583333333333335,0.2717405804671677,-2.8582176923500837,0.517094253613269,7.549368645787562,-0.5718577762418069
2.966666666666667,0.2488410297536125,-2.630202571591065,0.5776503615268485,6.970738880163005,-0.5718955687482838
2.975,0.2279766362704422,-2.3754577101131282,0.6331342779256308,6.341197398915842,-0.5719252127251098
2.9833333333333334,0.20924955846106974,-2.1204678477803784,0.683315294668285,5.7031472143484505,-0.5719476719226968
2.9916666666666667,0.1925970819076578,-1.879044586696457,0.7282244773719402,5.078260926133945,-0.5719642404892322
3.0,0.17787829072422087,-1.6568656518815286,0.7680142038342171,4.475194300373395,-0.5719761744039862
3.0083333333333333,0.1649257609189712,-1.4550964152877082,0.802876645926824,3.8956396508578757,-0.5719845540365615
3.0166666666666666,0.15357298862196792,-1.2726245823974194,0.8330025216959189,3.3380013330686453,-0.5719902607908816
3.025,0.14366772919895193,-1.107283530697205,0.8585628087480706,2.7993638905404135,-0.5719939970052811
3.033333333333333,0.13507788214599234,-0.956475850637109,0.8797022795404198,2.2764596053671013,-0.5719963164003296
3.0416666666666665,0.12769367679897384,-0.8174722241982209,0.8965386271107701,1.7661007833990399,-0.5719976525983211
3.05,0.12142814352334665,-0.6875428861876708,0.9091639271025349,1.2653394555108697,-0.5719983421210524
3.058333333333333,0.11621687855282112,-0.5640054935061357,0.9176468041038166,0.7714927586187544,-0.5719986416515849
3.0666666666666664,0.11201759955112356,-0.4442324326028977,0.9220345080899413,0.28210395069568445,-0.5719987403815279
3.075,0.1088097298653914,-0.32563914330631394,0.9223545249915316,-0.20512630664191378,-0.5719987685275786
3.0833333333333335,0.106594109709009,-0.2056674568189595,0.9186155848211909,-0.6924110730777954,-0.5719988189901714
3.091666666666667,0.10539286208164418,-0.08176256038368397,0.9108080516212077,-1.181963341042661,-0.5719990103294458
3.1,0.10524948952404889,0.04865609023556809,0.8989034768739484,-1.6761009752784766,-0.5719995138745382
3.1083333333333334,0.10622918874910665,0.1882180748435666,0.8828533421062209,-2.1773375540884796,-0.5720005601859982
3.1166666666666667,0.1084193386980228,0.33961979676596465,0.8625870732303572,-2.6884657182496903,-0.5720024493467237
3.125,0.11193008912443632,0.5056285132497512,0.8380094289564252,-3.2126205499717875,-0.5720055652668788
3.1333333333333333,0.11689486092214114,0.6890526587274005,0.808997544068587,-3.7532918886341657,-0.5720103952332721
3.1416666666666666,0.12347033234009488,0.8926389608098407,0.7753982867809257,-4.314221728847235,-0.5720175564561157
3.15,0.131835005032638,1.118816156832596,0.7370273714658149,-4.8990553253294475,-0.5720278301808831
3.158333333333333,0.14218448910529102,1.3691286674838354,0.6936732445212929,-5.510485771220175,-0.5720422008876521
3.1666666666666665,0.1547198329233375,1.6430709672629051,0.6451117962095646,-6.14840496875613,-0.5720618893455346
3.175,0.16962206120458928,1.9358491521643248,0.591143318626677,-6.806251360061266,-0.5720883467451414
3.183333333333333,0.18700159602554373,2.2345138482762033,0.5316709005324733,-7.464576195817154,-0.572123132447024
3.1916666666666664,0.2068084353327442,2.512570561101975,0.46684471975877007,-8.081913285863486,-0.5721675318248574
3.2,0.22869964870665635,2.726029200625321,0.3972796829872481,-8.58780632619476,-0.572221760349354
3.2083333333333335,0.25190712223363704,2.81918507021194,0.32427668799144393,-8.891901400508905,-0.5722838897034405
3.216666666666667,0.27522527813637976,2.7479178370039308,0.24984801104555135,-8.92239546769945,-0.5723493731790014
3.225,0.29723349185781595,2.508223430266091,0.17635357132589938,-8.673444588902042,-0.5724122979993138
3.2333333333333334,0.31666846905685747,2.1392792508512932,0.10588880525477803,-8.209990940752693,-0.5724678396182329
3.2416666666666667,0.33268564224863817,1.6970346781785604,0.039860379793285404,-7.623430700695724,-0.5725137610720717
3.25,0.34488001563778986,1.2281006696096581,-0.021036502113250123,-6.988313620035642,-0.5725500961553258
3.2583333333333333,0.35316131654611166,0.7613161117896475,-0.07660201746201299,-6.34896485872423,-0.5725780576162399
3.2666666666666666,0.3576151519003571,0.31099545088758096,-0.12689811091960826,-5.72554000468625,-0.5725991753089049
3.275,0.35840580604259403,-0.11742984562570681,-0.17208856340453824,-5.123804249428194,-0.5726148752127478
3.283333333333333,0.3557211321933723,-0.5231923812172921,-0.21235136794863577,-4.5423207881749095,-0.5726263534422342
3.2916666666666665,0.3497449380935948,-0.9077432253389012,-0.24783769531690256,-3.9765704837799003,-0.5726346032275668
3.3,0.3406442829602266,-1.2735126911195975,-0.2786558740227055,-3.4210191401722656,-0.5726404586165657
3.308333333333333,0.32856403416234287,-1.6233366026166278,-0.304867404529994,-2.870059083398932,-0.5726446260291055
3.3166666666666664,0.3136246169112047,-1.9602238356269974,-0.3264881492419643,-2.3183770114174265,-0.5726477124030667
3.3249999999999997,0.2959209401453711,-2.2872850396753486,-0.34349130506145487,-1.761049570043917,-0.5726502470827202
3.3333333333333335,0.27552159931480025,-2.607725640380799,-0.3558106245016703,-1.1935269138901219,-0.572652697137083
3.341666666666667,0.2524680766711612,-2.924845385797899,-0.36334337513052584,-0.611599760423605,-0.5726554766638203
3.35,0.22677408262343463,-3.241996501101237,-0.36595323257500983,-0.011430798558699634,-0.5726589505047643
3.3583333333333334,0.19842563180821585,-3.5624342846107653,-0.36347407622030065,0.6102328022446545,-0.5726634402422653
3.3666666666666667,0.16738319802630292,-3.888947190757873,-0.35571700514646093,1.2554666458945702,-0.572669314739113
3.375,0.13358836153983866,-4.223109596206317,-0.34248461593961793,1.9239529509027387,-0.572677103597432
3.3833333333333333,0.09697937496418989,-4.563821263806635,-0.32360001170912017,2.6105429067822294,-0.572687525729974
3.3916666666666666,0.05752331221293155,-4.904720073316231,-0.2989636605843596,3.300897540835583,-0.5727014689321206
3.4,0.015275427307433503,-5.23026117593561,-0.2686561510494156,3.9648742886424015,-0.5727198639091073
3.408333333333333,-0.029526151574238508,-5.51154660554728,-0.23310036032447817,4.549557512484853,-0.5727433557751078
3.4166666666666665,-0.07634353849010032,-5.706244557524614,-0.19325964177175356,4.979437410659441,-0.5727717327504295
3.425,-0.12426394744395412,-5.769786243796312,-0.1507610450957246,5.176105252527762,-0.5728033658207768
3.433333333333333,-0.17207167635141485,-5.678092373651825,-0.10776172519867466,5.097769971577334,-0.5728353072636216
3.4416666666666664,-0.2185002663976823,-5.443934827964296,-0.06650289733397573,4.767535838850816,-0.5728643959984971
3.4499999999999997,-0.2625222460467942,-5.108491899896838,-0.028799936725115435,4.258554088665398,-0.5728885668708071
3.4583333333333335,-0.303489625972834,-4.71782470629028,0.004206801892680747,3.6529810952261084,-0.5729072753519844
3.466666666666667,-0.3410968036153708,-4.306540879097813,0.031990988364482074,3.0133713786952443,-0.5729210476843685
3.475,-0.3752648046211488,-3.894711858242996,0.05444062627946259,2.3770718162165196,-0.5729308458588194
3.4833333333333334,-0.40603317148404705,-3.491493249452448,0.07166971772082908,1.7623078056098402,-0.5729376540872324
3.4916666666666667,-0.4334879230968022,-3.0995307291441128,0.0838912105940812,1.1757094557016403,-0.572942304998852
3.5,-0.4577213960938657,-2.7180964473971474,0.09134454317010794,0.6176950889775603,-0.5729454424955909
3.5083333333333333,-0.4788125001700058,-2.344913033689239,0.09425829091205269,0.08561482337060222,-0.5729475397823347
3.5166666666666666,-0.49681821343725596,-1.977101987081006,0.09283223645609083,-0.4246030359479009,-0.5729489337034258
3.525,-0.5117707150461785,-1.611637667495704,0.08722930680895508,-0.9176464453544494,-0.5729498951285051
3.533333333333333,-0.5236770270009277,-1.2455230567542677,0.07757200131725038,-1.3985018694180729,-0.5729507008829412
3.5416666666666665,-0.5325195132842037,-0.8758401701883295,0.06394043107919371,-1.8723467025460967,-0.5729516451364028
3.55,-0.5382565633695837,-0.4997518945398913,0.0463708812699541,-2.3445192283762752,-0.5729530448447249
3.558333333333333,-0.5408232542304477,-0.11450299213446183,0.024854566940496977,-2.820488724471124,-0.5729552488494812
3.5666666666666664,-0.5401321941045516,0.2825270601533433,-0.0006630652668665425,-3.305737306709724,-0.5729586512249354
3.5749999999999997,-0.5360752881888824,0.693639157925388,-0.030281242656356514,-3.8054200423485063,-0.572963724816862
3.5833333333333335,-0.5285279929998372,1.1203758973819844,-0.06413832542935678,-4.3235917612005075,-0.5729710770620625
3.591666666666667,-0.5173590370521852,1.5625979151419616,-0.10239673443450287,-4.861607530299103,-0.5729814824069572
3.6,-0.502451048700136,2.016724266522549,-0.14520906509900994,-5.415092486245635,-0.5729958869226177
3.6083333333333334,-0.4837406535264147,2.4727750819198686,-0.19265066173612141,-5.968841992959983,-0.5730153441596711
3.6166666666666667,-0.46128805119101324,2.9103876015190426,-0.244601202460412,-6.489904000355524,-0.573040796909584
3.625,-0.4353777649960025,3.2959424143225755,-0.3005716457566645,-6.922441136843482,-0.5730726109118325
3.6333333333333333,-0.40662054730276426,3.5863154551761993,-0.35952674208692614,-7.1937857732573125,-0.5731099150265108
3.6416666666666666,-0.37597563474753787,3.7445301717612627,-0.4198405165776217,-7.240825089101931,-0.5731501987438234
3.65,-0.34460989342863846,3.760617633708801,-0.4795282875456755,-7.045523826652964,-0.5731898370893128
3.658333333333333,-0.31363024068232853,3.657961074214807,-0.536695773357177,-6.646021398109929,-0.5732254750990264
3.6666666666666665,-0.2838580592738726,3.478079044386563,-0.5899198230002655,-6.111147995709007,-0.5732551688087513
3.675,-0.2557657386341066,3.2605047260228486,-0.6383566494337121,-5.506572506318565,-0.573278513939983
3.683333333333333,-0.22954315954792595,3.0328526009342673,-0.6816317567546785,-4.878175805450083,-0.573296100134506
3.6916666666666664,-0.2052021359094489,2.8107012659394726,-0.7196669451732179,-4.251973934321785,-0.5733089226246556
3.6999999999999997,-0.1826626959858971,2.601146415366088,-0.7525386751910638,-3.640160209004722,-0.5733180188386964
3.7083333333333335,-0.16180873927215605,2.4062498872731095,-0.7803881971725259,-3.046904776043458,-0.5733243087731986
3.716666666666667,-0.14251946140623736,2.2253763898501475,-0.8033722345091069,-2.4722426996314812,-0.573328550181399
3.725,-0.12468560316910442,2.0565547394946373,-0.8216387624962531,-1.9143057289690177,-0.5733313433622376
3.7333333333333334,-0.10821720882056104,1.8972084577408264,-0.8353165697635929,-1.3704905440328476,-0.573333151853116
3.7416666666666667,-0.09304694854949894,1.7445254517384636,-0.8445117803539425,-0.8380212956349179,-0.5733343247172314
3.75,-0.07913125687496937,1.5956330555246188,-0.8493075622872913,-0.3141862467670905,-0.5733351154573426
3.7583333333333333,-0.06645048226068753,1.4476714969622861,-0.8497650202253991,0.2035959440687556,-0.5733356965851477
3.7666666666666666,-0.05500865371207289,1.297819288983982,-0.8459242690600509,0.7177860606526386,-0.5733361880362641
3.775,-0.04483315706789363,1.14328873477268,-0.8378052185723087,1.230790277671413,-0.5733367335947476
3.783333333333333,-0.035974553688673146,0.9813011962630944,-0.8254075661985356,1.7450713932529154,-0.5733375336621582
3.7916666666666665,-0.02850661487985153,0.8090600539666397,-0.8087098695753446,2.2632592772176023,-0.5733388507283751
3.8,-0.0225265970286963,0.6237203766442669,-0.787667667234184,2.7882685956675424,-0.5733410173954252
3.808333333333333,-0.018155767577921,0.42236023101894526,-0.7622106108638997,3.323416431123874,-0.5733444485088289
3.8166666666666664,-0.01554012902355818,0.20196442283987226,-0.7322386720692753,3.872522706897104,-0.5733496586729689
3.8249999999999997,-0.014851150863999388,-0.04055545431733959,-0.697617704170645,4.439955454297585,-0.5733572867749179
3.8333333333333335,-0.0162860157261161,-0.3082518430284609,-0.6581751248134221,5.030536268074544,-0.5733681303346999
3.841666666666667,-0.02006622857447383,-0.6038325505221708,-0.613697547967347,5.649125485077922,-0.5733831979838449
3.85,-0.02643211501832307,-0.9289311122147872,-0.5639343880889937,6.299517508499273,-0.5734037715056777
3.8583333333333334,-0.03562806486789585,-1.2825196530345824,-0.5086159249645817,6.981912811699585,-0.5734314552826993
3.8666666666666667,-0.047868547866198784,-1.6577360187326207,-0.44750252158040227,7.687717335182045,-0.5734681622469772
3.875,-0.06326807061016389,-2.0362993049848965,-0.3804936280823652,8.39020072283495,-0.5735159033792051
3.8833333333333333,-0.08171514782307567,-2.381022975466597,-0.3078314372309887,9.031700082827982,-0.5735761363967515
3.8916666666666666,-0.1026932205119794,-2.632263380550222,-0.230397288854809,9.516978686629697,-0.5736484640592575
3.9,-0.12513511809042416,-2.7221099571191845,-0.14995926122009728,9.735975745323097,-0.5737291378842306
3.908333333333333,-0.1475002115373686,-2.612012862774375,-0.06905490572482044,9.625984711968831,-0.5738110769544825
3.9166666666666665,-0.1681653800203927,-2.3222668177200236,0.009646438516793854,9.220627419904526,-0.5738866197917629
3.925,-0.1858807688603855,-1.915889806958987,0.08408786238739993,8.622788914007266,-0.573950851830951
3.933333333333333,-0.19995640153737132,-1.4581542997544414,0.15311999878381052,7.937356532834517,-0.5740024825331732
3.9416666666666664,-0.21016662044149192,-0.9936692931186974,0.21633041109480164,7.2338896496231015,-0.5740425778628702
3.9499999999999997,-0.21656516377087634,-0.5458708656289443,0.27373215563884806,6.5467310598676125,-0.5740730750499581
3.9583333333333335,-0.2193382311297882,-0.12439462360034179,0.32552219983952074,5.887871905689787,-0.5740959360203677
3.966666666666667,-0.21871826915140344,0.2684377006638277,0.37194420335841566,5.25797052083475,-0.5741128380756148
3.975,-0.21494091919954605,0.6337199519221784,0.4132240360488913,4.652861170184948,-0.5741251401678328
3.9833333333333334,-0.20822581981457616,0.9739797167266541,0.44954480941053754,4.066801985071272,-0.5741339465374338
3.9916666666666667,-0.19876896724304038,1.29226786233011,0.4810406363545204,3.4939228565957334,-0.5741401596664271
4.0,-0.18674017295677856,1.59178203757215,0.5077983029996525,2.9287840320844643,-0.574144523950185
4.008333333333333,-0.1722824736093405,1.8757417785167512,0.5298616351541333,2.36651858533742,-0.5741476604272108
4.016666666666667,-0.15551205774614082,2.147373385606781,0.5472361821012561,1.8027922185393523,-0.5741500921016444
4.025,-0.1365181165873049,2.409935357566237,0.5598932201148982,1.233693043578921,-0.574152261245178
4.033333333333333,-0.11536244495178875,2.6667483704944837,0.5677727595413601,0.6556101950993243,-0.574154540224765
4.041666666666667,-0.09207885986574743,2.9212050372139937,0.5707856391216244,0.06514306837871553,-0.5741572369883727
4.05,-0.0666727210857387,3.1767285411166477,0.5688151673581071,-0.5409029758831193,-0.574160600829669
4.058333333333334,-0.03912120246796542,3.436624360072938,0.561719455304087,-1.165331650041495,-0.5741648995757931
4.066666666666666,-0.009375437970688053,3.703761379550141,0.5493363148857726,-1.810097625220535,-0.5741705323512888
4.075,0.0226333685299046,3.979899188896226,0.5314941997990433,-2.4752412005291258,-0.5741780671570806
4.083333333333333,0.056979815767100976,4.264380580608544,0.5080361646812993,-3.1567357796755338,-0.5741882579801948
4.091666666666667,0.09371530494166913,4.551800244610554,0.4788685398431452,-3.842590928865768,-0.5742020246746264
4.1,0.13281421394950557,4.828373725490289,0.444051261775938,-4.50674630471569,-0.574220335985888
4.108333333333333,0.1740862587557308,5.067751014023701,0.40394506703741534,-5.102042438668665,-0.5742439025403568
4.116666666666666,0.21706281369124594,5.229895289937274,0.3594019462947455,-5.558483668962425,-0.5742726242563216
4.125,0.2609105691946901,5.269971803188494,0.31190704725713003,-5.798691258820763,-0.5743049933828438
4.133333333333333,0.30447436111248827,5.159668579528322,0.2634974506214676,-5.774621346138241,-0.5743380703499141
4.141666666666667,0.3465038612452134,4.9060638492042425,0.21636515695718936,-5.499851769221969,-0.5743684997355233
4.15,0.38594943298501055,4.547352574512191,0.1723433583177378,-5.0418761716958915,-0.5743939139256105
4.158333333333333,0.4221317933484895,4.13018762038449,0.13261292509655115,-4.482762385064235,-0.5744135356890491
4.166666666666667,0.45472707678857055,3.6913284801702493,0.09772894041232631,-3.8873600105562343,-0.5744278020917751
4.175,0.4836560306133326,3.2528351286928183,0.06781340567378809,-3.2949456396305634,-0.5744376950084794
4.183333333333334,0.5089717478862814,2.8251831050820457,0.042750851651245196,-2.72456478132203,-0.574444270675503
4.191666666666666,0.5307823364677734,2.411784727347396,0.02232386217496192,-2.182819056286505,-0.5744484490914304
4.2,0.5492070860502166,2.012345942485865,0.00629084487953071,-1.6696606167478594,-0.5744509607711145
4.208333333333333,0.5643546634660918,1.6248482628263372,-0.005574281116922372,-1.1818266629054783,-0.5744523600295137
4.216666666666667,0.576313549946545,1.2465822820439585,-0.0134636807705673,-0.7146457977614372,-0.5744530569716821
4.225,0.5851485842512298,0.8746344013433796,-0.017527949510856497,-0.2629060658995544,-0.5744533488136447
4.233333333333333,0.5909002233817526,0.506084429461725,-0.017873398116460198,0.1787726205349196,-0.5744534445951043
4.241666666666666,0.5935847901420103,0.13806345377117718,-0.014561322950010896,0.6158014365756987,-0.574453493727196
4.25,0.5931948960161946,-0.23225576185373262,-0.007607895197832601,1.0536040044542037,-0.5744536394132215
4.258333333333333,0.5896996575066596,-0.6076882950917174,0.0030160542125355553,1.4976392538720726,-0.5744540540501489
4.266666666666667,0.5830447434505258,-0.9910443521626365,0.01738528142948554,1.9533793172634046,-0.5744549758486058
4.275,0.5731525954741219,-1.385068415309982,0.03561978287866695,2.426170186237772,-0.5744567325657324
4.283333333333333,0.5599237228955225,-1.7922250838464282,0.05788232747785932,2.920832301286824,-0.5744597660294543
4.291666666666667,0.5432408910081225,-2.2141865548983697,0.08437076657898658,3.440751253943374,-0.5744646621011544
4.3,0.5229796674972578,-2.6507652209249732,0.11529919260205587,3.986017950626004,-0.574472178809126
4.308333333333334,0.4990314807786906,-3.0979060440926016,0.1508573907789946,4.5499541600730575,-0.574483251092878
4.316666666666666,0.4713486982801644,-3.5443738984914486,0.1911322303743856,5.1133897046051455,-0.5744989217217576
4.325,0.44002205679297374,-3.9674964582202987,0.23597313787283322,5.637296647447648,-0.5745201081085832
4.333333333333333,0.40538921635041053,-4.330719877425612,0.2848035288380983,6.058504151682026,-0.5745471158862031
4.341666666666667,0.36813497738552486,-4.589286179150007,0.33644575722981634,6.299353873442119,-0.5745789929988278
4.35,0.32929135077873395,-4.7084779809443935,0.3891175470040946,6.299026864016158,-0.5746132349296811
4.358333333333333,0.2900620721800715,-4.684243852130044,0.4407306317366547,6.049152026547565,-0.5746464603799332
4.366666666666666,0.25154034951541715,-4.545379882162331,0.4893750671775258,5.597900796093597,-0.5746757875322186
4.375,0.2145037208143078,-4.335011518530838,0.5336741285291194,5.018529265091876,-0.5746997649079524
4.383333333333333,0.17938211658770314,-4.091068639269474,0.5728440934753016,4.3760499808653,-0.5747183101563932
4.391666666666667,0.14634209422855415,-3.838499400437659,0.6065554898803857,3.7138950940343545,-0.5747321308775137
4.4,0.11539374743748558,-3.590488248884392,0.6347551651235759,3.055928667749753,-0.5747421973737207
4.408333333333333,0.08647277736041571,-3.3523568178186642,0.6575301229008995,2.4130221735906554,-0.5747494471865092
4.416666666666667,0.0594912044220797,-3.124925952871446,0.6750241643549786,1.7887044694954939,-0.574754668785105
4.425,0.03436505757671781,-2.906683864300233,0.6873930954298791,1.1827767006419554,-0.5747584778958956
4.433333333333334,0.011028181117337615,-2.6950127841751694,0.6947829350203518,0.5933251119688608,-0.574761330519865
4.441666666666666,-0.010561529555199355,-2.486832135575976,0.6973203873187873,0.01774134591077217,-0.5747635457195306
4.45,-0.030419756770546338,-2.27891709501577,0.6951092760370161,-0.5468076320946555,-0.5747653332681072
4.458333333333333,-0.04853526900791292,-2.068047347322036,0.6882296049484365,-1.1031941884694654,-0.5747668791319623
4.466666666666667,-0.06487018657205397,-1.8510499531668343,0.6767372665000471,-1.6543432974498586,-0.5747684249725085
4.475,-0.07936039844225275,-1.624800385341184,0.6606632952120826,-2.2033122820837683,-0.574770277668767
4.483333333333333,-0.09191588922815126,-1.3862012862701216,0.6400123081581226,-2.753405229257976,-0.5747728149182467
4.491666666666666,-0.10242083456651861,-1.1321502406092545,0.6147599020850281,-3.308305336377217,-0.574776495321509
4.5,-0.11073342887652386,-0.859510509159211,0.5848489523024263,-3.87220160617615,-0.5747818740971392
4.508333333333333,-0.11668555546411279,-0.5651076850907515,0.5501849999172778,-4.449872506894807,-0.5747896260339571
4.516666666666667,-0.12008268647180151,-0.24579921974182387,0.5106313629913802,-5.046650721307735,-0.5748005774558422
4.525,-0.12070498270341902,0.10128387492949455,0.46600555303851865,-5.6681069633665695,-0.5748157481416883
4.533333333333333,-0.11831179147897174,0.47811480157356306,0.4160805951850317,-6.3191090460929935,-0.574836405164126
4.541666666666667,-0.112654233771522,0.8843628602058033,0.36059900458949884,-7.001573779552131,-0.5748641341036335
4.55,-0.10350513911830717,1.314489209395961,0.2993149492912403,-7.7096940890259305,-0.5749008586885803
4.558333333333334,-0.09072272343544359,1.7524121721571386,0.2320924793697884,-8.42100039827681,-0.5749486793825914
4.566666666666666,-0.07436968996662678,2.1637758043571296,0.15909756656590637,-9.083143775904357,-0.5750092961681973
4.575,-0.054893012299580914,2.490619645319374,0.08109583295511445,-9.60423946636116,-0.5750827475291875
4.583333333333333,-0.03329311984180671,2.662080394046034,-0.0002595227730439111,-9.869666734922502,-0.5751657563937278
4.591666666666667,-0.011093773404019286,2.6309925188098955,-0.08246444209464238,-9.802407025154444,-0.5752513289095516
4.6,0.010022562101390249,2.4093981499677932,-0.16275537705243126,-9.422151963872466,-0.5753312662618116
4.608333333333333,0.02870410521573258,2.058810264027605,-0.23890861179329667,-8.829092198176458,-0.5753998571728433
4.616666666666666,0.04417192548550751,1.6483543976200976,-0.30962836039072245,-8.134431337860672,-0.5754552609902737
4.625,0.05614924350740848,1.227234244011223,-0.37441834098970805,-7.415380758401216,-0.575498361154964
4.633333333333333,0.06467141486936985,0.822022139984364,-0.4332627925582169,-6.7116312442986175,-0.575531141028754
4.641666666666667,0.06992591282336261,0.4440158100475661,-0.48636420168030464,-6.038199936965453,-0.5755556939352697
4.65,0.07215610085636256,0.09628027559805832,-0.5339904383685418,-5.397350909628403,-0.5755738379022688
4.658333333333333,0.07161252370046024,-0.22200698098178848,-0.576401612719035,-4.78580903295053,-0.5755870407099575
4.666666666666667,0.06853100330840343,-0.5133047966023102,-0.6138209998381521,-4.1984104986755,-0.5755964653224775
4.675,0.06312396888570258,-0.7806570637977971,-0.6464271173665753,-3.629745739447861,-0.5756030424732911
4.683333333333334,0.055577730453260386,-1.0272437108807617,-0.6743548347773951,-3.0748074757892128,-0.5756075227158095
4.691666666666666,0.046052166496705675,-1.256214458245177,-0.6976997099731357,-2.529176993573892,-0.5756105154185696
4.7,0.03468119373069914,-1.4706497484952314,-0.7165229054396871,-1.9890056956226942,-0.5756125178437039
4.708333333333333,0.021573310243495333,-1.6735739477874338,-0.7308555486592535,-1.4509134752023467,-0.5756139358464545
4.716666666666667,0.006811940535539814,-1.867985825009362,-0.7407021075940422,-0.9118601715824207,-0.5756150980313826
4.725,-0.009544483406051732,-2.0568894202772996,-0.7460426830726672,-0.3690174699786396,-0.5756162648770783
4.733333333333333,-0.027462663706122395,-2.243314994253335,-0.7468342961826484,0.18034132940696257,-0.5756176339376683
4.741666666666666,-0.04693466126547708,-2.4303140835417625,-0.7430114337830827,0.7389005226369344,-0.5756193604985216
4.75,-0.06797791746449068,-2.620916303351209,-0.7344863958683403,1.3092966706751408,-0.5756216471311284
4.758333333333333,-0.09063470148552882,-2.8180235914977416,-0.7211499900296572,1.8940174573101969,-0.5756247984850006
4.766666666666667,-0.1149701388678236,-3.024161436371481,-0.7028740192365691,2.495049105347854,-0.5756292410000984
4.775,-0.14106720959659558,-3.2409752623044765,-0.6795183406958255,3.113090053720263,-0.5756355429131692
4.783333333333333,-0.169015830352969,-3.4682726214894313,-0.6509473937087445,3.7459941235724536,-0.5756444281836698
4.791666666666667,-0.19889106549832153,-3.702317291645964,-0.6170646064033162,4.385943273075935,-0.575656764882818
4.8,-0.23071296353816126,-3.933097001714227,-0.5778774413462264,5.014872061402578,-0.5756734863810968
4.808333333333334,-0.26437977360242904,-4.140802346626241,-0.5336071699656779,5.5985361123671655,-0.5756953752084826
4.816666666666666,-0.2995744407427031,-4.2934964930621,-0.4848437297153404,6.082577401076608,-0.5757226432741165
4.825,-0.3356727506636708,-4.350854363209562,-0.4326976628542043,6.398884251932394,-0.5757543803954266
4.833333333333333,-0.37172616866654284,-4.278614498043219,-0.3788250912946006,6.490150991135782,-0.575788270099877
4.841666666666667,-0.4065952130079701,-4.067934384796242,-0.32519708869106123,6.342695609515334,-0.5758211179854812
4.85,-0.43920253985093644,-3.7417517104136135,-0.27366707391210365,5.996978825343255,-0.5758500839960154
4.858333333333333,-0.4687501493024187,-3.3407256007798076,-0.22560238020827336,5.523276191029674,-0.5758736458647806
4.866666666666666,-0.49478254424303636,-2.903711731705679,-0.1817807851345688,4.988220346728685,-0.5758916469578635
4.875,-0.5171216436303158,-2.4577518077632066,-0.14250606789084772,4.437798362167348,-0.5759047620851975
4.883333333333333,-0.535762716179817,-2.0178644607407406,-0.10778897765250467,3.897155559670807,-0.5759139584103592
4.891666666666667,-0.5507883580557704,-1.5906496311406753,-0.07749613973726012,3.376880710595202,-0.5759201817617403
4.9,-0.5623137063539352,-1.177813357173501,-0.05144474536861088,2.8791068345755653,-0.57592423380011
4.908333333333333,-0.5704563423990459,-0.7785344268970841,-0.02945454488851856,2.4016027155496222,-0.5759267504233975
4.916666666666667,-0.5753214156188817,-0.39080916407378863,-0.011373500642354858,1.9401052369955036,-0.5759282196885868
4.925,-0.5769949949610171,-0.012138573970564724,0.0029108865697404077,1.4895243383144285,-0.575929009133514
4.933333333333334,-0.5755414426452444,0.3601550625662347,0.013467378901973828,1.0445143575992433,-0.5759293923088765
4.941666666666666,-0.57100253759461,0.7288039106820057,0.020320042204875325,0.5997165023780147,-0.57592958718286
4.95,-0.5633971650487001,1.0965704951961845,0.02344852399823999,0.1498346477004689,-0.5759297884949911
4.958333333333333,-0.55272104231009,1.4662532913564001,0.02278868203297792,-0.3103399485649263,-0.5759301767863549
4.966666666666667,-0.538946452325183,1.840671894260245,0.0182335277908623,-0.785864520472973,-0.5759309468083987
4.975,-0.522022306748697,2.222596262158688,0.009635037471687443,-1.2814926258031656,-0.5759323676678401
4.983333333333333,-0.501875300779073,2.6145341786617537,-0.0031919327628217703,-1.8012813003359083,-0.5759348150219001
4.991666666666666,-0.4784139188148907,3.0182305747828906,-0.020460587940212428,-2.347700763693643,-0.575938798634811
5.0,-0.45153858403255104,3.433643680453867,-0.04239233504207559,-2.919846939264657,-0.5759449892411127
5.008333333333333,-0.42116372530000973,3.8570422248144283,-0.06917622437560016,-3.510147327979071,-0.5759542261796061
5.016666666666667,-0.38726063285551376,4.277884811013494,-0.10089249668414929,-4.098983278689273,-0.5759674621809897
5.025,-0.34993083927535495,4.6747841042611995,-0.13738363119518016,-4.647763081858982,-0.5759855663739099
5.033333333333333,-0.30950963598822695,5.012994847151059,-0.1780738846560776,-5.094671469629468,-0.5760089033188849
5.041666666666667,-0.2666650289031994,5.249169709501932,-0.22179766901197318,-5.3630282027818845,-0.5760367538309453
5.05,-0.22240784500979083,5.347989026697749,-0.2667828616044567,-5.390221421051475,-0.5760670041445515
5.058333333333334,-0.17793629768921582,5.302401422179737,-0.31092206579179915,-5.162939410255285,-0.5760966728872282
5.066666666666666,-0.1343664911109983,5.137833645913954,-0.35224322048549583,-4.724715573467262,-0.57612312309703
5.075,-0.09252057197906322,4.895755884246888,-0.3892825259733721,-4.147701344613506,-0.5761449627491252
5.083333333333333,-0.05287901477032327,4.614185875578765,-0.4211744311711049,-3.4989640102620583,-0.5761620564020391
5.091666666666667,-0.015654589726105873,4.31884981586313,-0.4475305399327631,-2.8250450887062404,-0.5761750155796369
5.1,0.019102941574759575,4.023650465099648,-0.46826372509244774,-2.1525465812894646,-0.5761847033953047
5.108333333333333,0.05142305526609051,3.7343474868256927,-0.4834465926194091,-1.4942871979179404,-0.576191948437022
5.116666666666666,0.08136149111607832,3.45195866208792,-0.49322164231327364,-0.8550187246586285,-0.5761974305626495
5.125,0.10897095102575786,3.1750235712452275,-0.4977511542511244,-0.23521323273157863,-0.576201658020365
5.133333333333333,0.13428642427318951,2.9009086243544937,-0.49719142103224484,0.3667819862740995,-0.5762049823113471
5.141666666666667,0.15731864409543678,2.6265074362257375,-0.4916802881308282,0.9536127987832934,-0.5762076675196299
5.15,0.1780517434497703,2.3485771694808077,-0.4813313012300461,1.5284202409825647,-0.5762100110741423
5.158333333333333,0.19644280239254283,2.063883137805636,-0.46623040984113306,2.0946721916402447,-0.5762123709968767
5.166666666666667,0.21242218991943437,1.7692534407058975,-0.44643342535935293,2.656137896007031,-0.5762151682028142
5.175,0.22589414331507374,1.461588156368993,-0.4219633390815558,3.2169354174311153,-0.5762188936697614
5.183333333333334,0.2367373661636378,1.137860601512224,-0.392807165392175,3.781588052565436,-0.5762241211708256
5.191666666666666,0.24480573982172552,0.7951513347693394,-0.3589125047982329,4.355021885448052,-0.5762315263997552
5.2,0.2499296652356949,0.430779688468621,-0.32018471943621957,4.942397759225596,-0.5762419130706017
5.208333333333333,0.2519192983719232,0.04265400045581149,-0.2764868456544473,5.54857699243536,-0.5762562448566863
5.216666666666667,0.25057236372123953,-0.3699281036723216,-0.22764673646660147,6.1768334415813415,-0.576275678260542
5.225,0.24569187810885815,-0.8046154744129548,-0.1734803895256672,6.826109026110151,-0.5763015994143166
5.233333333333333,0.23712336348046512,-1.2528821280251878,-0.11384773796345092,7.485775564144374,-0.5763356036278622
5.241666666666666,0.22482599368628925,-1.6949939922505766,-0.04876585388833527,8.127057926944932,-0.5763792611813072
5.25,0.20899057054558087,-2.0943047524769076,0.02139716494604181,8.693064062672189,-0.5764334974203861
5.258333333333333,0.19018909290116934,-2.396931828617246,0.0956704993462897,9.09749125734918,-0.5764975077099421
5.266666666666667,0.16946729421735285,-2.547378482050078,0.17231746662522396,9.249941879837491,-0.5765677296641405
5.275,0.14823270335383987,-2.5196486452283238,0.2490090461988329,9.107560559899305,-0.5766381901347062
5.283333333333333,0.1279089834707179,-2.33615071079977,0.32338705102175236,8.706708483136488,-0.5767027840459639
5.291666666666667,0.10957808891371451,-2.051350633917007,0.39364904546038093,8.135872696345075,-0.5767576742645615
5.3,0.09384636787279084,-1.7203623030553337,0.4587617852013461,7.483651837159679,-0.5768018359419887
5.308333333333334,0.08092509164876874,-1.381682793046751,0.5183215770648372,6.810650478091654,-0.5768361045422805
5.316666666666666,0.07077969644957474,-1.056520181128413,0.5723059121941948,6.149010052244033,-0.5768620614105365
5.325,0.0632520920312297,-0.7543043358271567,0.6208742734788979,5.5119541118639255,-0.5768813629409488
5.333333333333333,0.05813609283300273,-0.47785546860693046,0.6642488907726987,4.902497483468638,-0.5768954674433234
5.341666666666667,0.05521748587310161,-0.22668511511522502,0.7026545564736459,4.318901883321274,-0.5769055724911928
5.35,0.05429328834100649,0.0012049026923934723,0.7362924905443606,3.7575786748317843,-0.5769126350291385
5.358333333333333,0.055180132779633975,0.20842385359899157,0.765331485787535,3.214484443248794,-0.5769174139596724
5.366666666666666,0.05771737984504866,0.39777269945426885,0.7899070163984341,2.6857255821212522,-0.5769205144772989
5.375,0.06176786443128371,0.5720669385897739,0.810123552180288,2.167770480503054,-0.5769224227095171
5.383333333333333,0.06721770256309463,0.7340736837847363,0.826057780979374,1.6574791882874633,-0.576923528636127
5.391666666666667,0.0739758212947394,0.8865012028037113,0.837761691868893,1.152051595976571,-0.5769241426243285
5.4,0.08197350841743235,1.0320106811994112,0.8452650675597401,0.6489429842517273,-0.576924507140245
5.408333333333333,0.09116409762979333,1.1732352568900573,0.8485772249683654,0.14577075025363698,-0.5769248046674306
5.416666666666667,0.10152281307122135,1.312797784018755,0.8476879899386769,-0.35977324571209124,-0.5769251637880857
5.425,0.11304671691133232,1.4533165873448197,0.8425680534712453,-0.8699813518715362,-0.5769256961931644
5.433333333333334,0.1257546756906929,1.5974056297869192,0.8331688653682746,-1.3871884882337373,-0.5769265652103944
5.441666666666666,0.13968725114194028,1.7476500567345512,0.8194221521483729,-1.913789237018628,-0.5769280065739233
5.45,0.15490618787243718,1.906530126334297,0.8012396552159008,-2.4521632651892373,-0.5769303399075933
5.458333333333333,0.17149293125024212,2.0762553383617135,0.7785140533991338,-3.0044504401831587,-0.5769339834881535
5.466666666666667,0.18954514291393568,2.2584333334894433,0.7511227954843518,-3.572049853990367,-0.5769394711188581
5.475,0.20916934197018133,2.453443827192094,0.7189379750253907,-4.154624491466216,-0.5769474667886786
5.483333333333333,0.2304664240166013,2.65931568562831,0.6818477059302295,-4.748268657058106,-0.5769587657006695
5.491666666666666,0.25350488626551687,2.86986058174431,0.6397977467825797,-5.342413182343857,-0.576974256245399
5.5,0.2782749413510015,3.0719754857296464,0.5928650179626184,-5.915300050861812,-0.5769947956207466
5.508333333333333,0.3046186215849579,3.242816794501392,0.5413716349638874,-6.429181716682027,-0.5770209353035587
5.516666666666667,0.33214393432108674,3.3494355025484173,0.486026451673959,-6.829593687043681,-0.5770524742047167
5.525,0.3601617596855339,3.355350695136596,0.4280294265959719,-7.056279239771563,-0.5770880033536169
5.533333333333333,0.38771471582193284,3.235576128572789,0.3690222477799847,-7.068370447079593,-0.5771248776161211
5.541666666666667,0.4137388351756515,2.9910147314016298,0.3108164085281116,-6.868464905711265,-0.5771599599406051
5.55,0.43729095400539375,2.6481637815882286,0.25501256944513173,-6.501822685103722,-0.577190754891138
5.558333333333334,0.45770584539348064,2.2442652526799334,0.20274097571397043,-6.031055361171815,-0.5772160672827457
5.566666666666666,0.47461820440086083,1.8122018020128765,0.15463101416690248,-5.510651053019237,-0.5772358782107139
5.575,0.4878936908877085,1.3742147536377018,0.11093304525840274,-4.976619020546553,-0.577250842694841
5.583333333333333,0.4975402560228002,0.9426532439790417,0.07167115736293103,-4.448042121822699,-0.5772618442884653
5.591666666666667,0.5036381817895593,0.5230594627990056,0.036762215627403894,-3.9324963531126236,-0.5772697438356825
5.6,0.5062956052079448,0.1169661851482925,0.006090502750553364,-3.4308986864768727,-0.5772752800274794
5.608333333333333,0.5056235053160225,-0.27624149866608466,-0.020451285089808667,-2.940719482595372,-0.5772790508017981
5.616666666666666,0.5017227262945596,-0.6582528603030202,-0.04294180431370466,-2.457834921792986,-0.5772815416947193
5.625,0.4946776143234921,-1.031275679258745,-0.06142228769802624,-1.9774978551658067,-0.5772831730235667
5.633333333333333,0.4845529437955336,-1.39777030544282,-0.07589357789271776,-1.4948152846132867,-0.5772843197894093
5.641666666666667,0.47139238172024317,-1.760329226660166,-0.08631597940456605,-1.0049769785887501,-0.5772853230704831
5.65,0.4552176584050951,-2.121615921976371,-0.09261050737309538,-0.5033824876182539,-0.5772864982777363
5.658333333333333,0.4360282309599242,-2.484297412436639,-0.09466116062571915,0.014222567605703028,-0.577288139848339
5.666666666666667,0.41380176975046545,-2.850899834564704,-0.09231877328175998,0.5514781460161587,-0.5772905280995185
5.675,0.38849651244983585,-3.2234880047890737,-0.08540826004236014,1.110837589379608,-0.5772939925900408
5.683333333333334,0.3600574181808864,-3.6030426127020228,-0.073742496427158,1.6924939503725163,-0.5772989854249024
5.691666666666666,0.3284296326419497,-3.9882795226093424,-0.057148773657604825,2.2923502454561957,-0.5773061021139646
5.7,0.29358512666589204,-4.373623680370645,-0.035517862062356916,2.8985482120282677,-0.5773160704954673
5.708333333333333,0.25557032297562843,-4.746219583076003,-0.00888894933812398,3.4863703635367163,-0.5773296682010717
5.716666666666667,0.21458055597378178,-5.082746854801239,0.022419864943698242,4.012868861413555,-0.5773475028908867
5.725,0.17105278129705156,-5.348936541666271,0.05765099958263677,4.416252516540186,-0.577369618438834
5.733333333333333,0.12573389289907821,-5.506716194697841,0.09549125061287211,4.62855517356433,-0.5773950600605838
5.741666666666666,0.07964956575589024,-5.53033782666776,0.13413049103044508,4.603876355011659,-0.5774217982912365
5.75,0.03393298536455899,-5.421195814001164,0.17156538668315477,4.344286690165351,-0.5774473459431821
5.758333333333333,-0.010410121428923082,-5.206698608628578,0.20601490030861508,3.89797295930967,-0.5774697315013377
5.766666666666667,-0.05265786174722004,-4.924504319955073,0.23619974266695076,3.3318500580111294,-0.5774880571478964
5.775,-0.09238903642401923,-4.607299541110372,0.26137879285037097,2.704960325904103,-0.5775023804645815
5.783333333333333,-0.12941019850360014,-4.2767979192121945,0.2812276830101036,2.057782372520796,-0.5775132817629066
5.791666666666667,-0.16366518022630694,-3.9446945726681006,0.29568462475310703,1.4136171432433895,-0.5775214895092343
5.8,-0.1951644656588855,-3.6158299621060506,0.3048286514573924,0.7838668135888259,-0.5775276741726199
5.808333333333334,-0.22394046850246382,-3.2910215651664934,0.3088013190959981,0.172799239244874,-0.577532370412511
5.816666666666666,-0.2500225418253047,-2.968959757627977,0.3077616066369691,-0.41926515253559016,-0.5775359677400399
5.825,-0.27342435739510373,-2.6473263531452593,0.30186158332376867,-0.9940792348116003,-0.5775387775678119
5.833333333333333,-0.2941382444339391,-2.323384254294146,0.2912336325462971,-1.5545093340885883,-0.5775411408465512
5.841666666666667,-0.3121330670936826,-1.9942731609631719,0.2759833151459262,-2.104074038163782,-0.5775434452258734
5.85,-0.32735388223278744,-1.6571560668440597,0.2561849625797396,-2.6467267110577466,-0.5775461259604054
5.858333333333333,-0.3397224782865806,-1.3092961199467565,0.2318785256903342,-3.1867513743265,-0.577549671837506
5.866666666666666,-0.3491384932401187,-0.9481291100544441,0.203067207486165,-3.7286611814713324,-0.5775546359172016
5.875,-0.35548134872274517,-0.5713998275869643,0.16971631789536165,-4.2769849618854545,-0.5775616507035806
5.883333333333333,-0.3586139110876651,-0.17746080140111858,0.1317549170152845,-4.835776812097173,-0.5775714461951321
5.891666666666667,-0.35838985363663334,0.23410337667960893,0.08908360141922383,-5.407573212864499,-0.5775848660695293
5.9,-0.35466846857943735,0.6612581961305602,0.04159479713398895,-5.991341186872634,-0.5776028831183716
5.908333333333333,-0.3473432952464253,1.097364386183298,-0.010783552735474957,-6.578812828072319,-0.5776265971333413
5.916666666666667,-0.33639350965983794,1.5278730768188526,-0.06800535489192773,-7.148799785005917,-0.577657101080466
5.925,-0.3219657348241055,1.9266135582447037,-0.12977091788730488,-7.660668009283809,-0.5776951257942742
5.933333333333334,-0.3044782367430902,2.2549715368138727,-0.19535067620084473,-8.0524759639599,-0.5777404178903645
5.941666666666666,-0.2846990691707357,2.4699877611005068,-0.2634481959003835,-8.254022161661878,-0.5777910682103171
5.95,-0.2637085033536572,2.5433396271562425,-0.3322535672805874,-8.218377273272324,-0.5778434405314476
5.958333333333333,-0.24269666941093124,2.478582112354601,-0.3997721745941456,-7.950853404330353,-0.5778932277019462
5.966666666666667,-0.22269143481828216,2.3088028943943026,-0.464271839393431,-7.5053120319811075,-0.5779370432996678
5.975,-0.20438692699175257,2.077432597158465,-0.5245635385425024,-6.952311462372978,-0.5779732887796487
5.983333333333333,-0.18813565883214306,1.8210936405450424,-0.5800109961827967,-6.35078853841601,-0.5780019345844816
5.991666666666666,-0.17403717004645286,1.56373473984064,-0.63038224447315,-5.738665297840247,-0.57802383318404
6.0,-0.16203948753868977,1.318351272238405,-0.6756827936111103,-5.136019969646799,-0.578040140170287
6.008333333333333,-0.15201504392200726,1.0906910514741797,-0.7160332304246876,-4.551404760491874,-0.5780519952954171
6.016666666666667,-0.1438075138183398,0.8823247642203786,-0.7515958981840098,-3.986978888585443,-0.5780603954232906
6.025,-0.1372577167088493,0.6926133380226802,-0.7825362900060896,-3.441738856456198,-0.5780661667868412
6.033333333333333,-0.1322169016466616,0.519826817732886,-0.8090049529571942,-2.9133121606714667,-0.5780699775585129
6.041666666666667,-0.12855309158683326,0.36173843388176485,-0.8311303492418778,-2.3988740412209544,-0.5780723619677816
6.05,-0.12615382991279983,0.21592369696230956,-0.849017120433762,-1.8955774859430956,-0.5780737442149844
6.058333333333334,-0.12492716173008475,0.07990179259004436,-0.8627467487795231,-1.400726538004217,-0.5780744583348568
6.066666666666666,-0.12480181495069537,-0.04880466644773558,-0.8723790554552399,-0.9118188050073999,-0.5780747633780123
6.075,-0.1257270736726635,-0.17265068001547013,-0.8779537529373058,-0.42652378045737804,-0.5780748546270581
6.083333333333333,-0.12767258605295637,-0.29406981162351,-0.8794916747271869,0.05736912973823124,-0.5780748719766556
6.091666666666667,-0.13062821763153365,-0.4154814795788003,-0.8769955260752954,0.5420081294209561,-0.5780749112351291
6.1,-0.13460395471054062,-0.5392971896814137,-0.8704501999848452,1.0295315602973236,-0.5780750776034532
6.108333333333333,-0.13962989075804588,-0.667932177703922,-0.8598225480026346,1.5221414327379703,-0.5780755283713347
6.116666666666666,-0.14575625622588148,-0.8038019207287618,-0.845060644383326,2.0221466866085085,-0.578076481408967
6.125,-0.153053329933333,-0.949295330396641,-0.8260928439329818,2.5319672941480396,-0.5780782241671688
6.133333333333333,-0.16161096649213377,-1.1067047392353544,-0.8028270650698909,3.0540684931126227,-0.5780811260832664
6.141666666666667,-0.17153723417709346,-1.278073850156262,-0.7751511187248807,3.5907614084463435,-0.5780856544969657
6.15,-0.18295521497762274,-1.4648934123460933,-0.7429356351220749,4.143753406946446,-0.5780923930536294
6.158333333333333,-0.19599623432407168,-1.6675228529873465,-0.7060424510013229,4.713243660234732,-0.5781020585886821
6.166666666666667,-0.21078648384746282,-1.884144341755309,-0.6643435242954635,5.296234881061577,-0.5781155056311684
6.175,-0.22742211082573152,-2.108998855888362,-0.6177586839016507,5.883627531628908,-0.578133693828174
6.183333333333334,-0.24592599614112456,-2.329761045135301,-0.5663238031761519,6.455827048331752,-0.5781575709205714
6.191666666666666,-0.26618042708336753,-2.524572911741774,-0.5102996488885689,6.977691547247012,-0.5781878027447236
6.2,-0.28784063776360264,-2.6609993627508968,-0.4503139607544577,7.396581188331173,-0.5782243106649656
6.208333333333333,-0.31026264805770076,-2.7013122202364763,-0.387481637047003,7.650931536538672,-0.5782657495704718
6.216666666666667,-0.33251301782942305,-2.616693140554109,-0.32338996314381463,7.693797045474034,-0.5783093610122901
6.225,-0.35351296579695896,-2.4030196092003364,-0.2598605782854398,7.519094663941658,-0.5783516454640366
6.233333333333333,-0.3722680991105504,-2.083528194471164,-0.19856986149733605,7.1658153121897,-0.5783895922482524
6.241666666666666,-0.38804799615501867,-1.695361003387244,-0.14075542378146705,6.695271160833386,-0.5784215428883529
6.25,-0.4004312530936899,-1.27339049436835,-0.08714873734056329,6.1640612397306365,-0.5784471978798674
6.258333333333333,-0.409246804426071,-0.842293345796186,-0.03807972580749796,5.611135881218147,-0.5784671124337868
6.266666666666667,-0.4144846608063029,-0.41641701773990203,0.0063706618324470285,5.057971688296946,-0.5784821865834526
6.275,-0.4162212443373253,-0.0026907902840129904,0.04624527249372255,4.513741971274603,-0.5784933532997415
6.283333333333333,-0.41457021186907006,0.39646106255620434,0.0816301744159766,3.9803647057571148,-0.5785014443992392
6.291666666666667,-0.4096539924834176,0.7810984465723433,0.11260978856233232,3.4559698474677614,-0.5785071777079843
6.3,-0.4015885038653139,1.1525808621207363,0.13924459135139403,2.93692566760973,-0.578511181699753
6.308333333333334,-0.39047526987090914,1.5129289025602268,0.16156146712567057,2.418928813080675,-0.5785140086087285
6.316666666666666,-0.3763974150761531,1.8645011587340223,0.17955067884331682,1.8975561580867135,-0.5785161483709415
6.325,-0.35941759192139866,2.2098331726514915,0.19316614115847858,1.3685398777585285,-0.5785180409483338
6.333333333333333,-0.339576934189518,2.551538494379326,0.20232743891229668,0.8279342784225305,-0.5785200851602622
6.341666666666667,-0.31689483744801783,2.8921974388218032,0.20692322498873894,0.27229982902959304,-0.5785226432909532
6.35,-0.2913699746597385,3.234157443708784,0.20681665998127108,-0.3009659041271949,-0.5785260413999997
6.358333333333333,-0.2629837200746426,3.5791314881700718,0.20185488883074978,-0.8929490628054286,-0.5785305995885589
6.366666666666666,-0.23170823457750048,3.927457197962414,0.19188639921199865,-1.5019723264193596,-0.5785367338380706
6.375,-0.19752284544102222,4.27679906817767,0.1767923177024392,-2.1214099940374087,-0.5785449914960185
6.383333333333333,-0.16044445644045868,4.620053915132142,0.15654139475012843,-2.736148180209587,-0.5785560227321891
6.391666666666667,-0.1205786635076135,4.942546227593397,0.13127992563143775,-3.3178652390461,-0.5785704725493706
6.4,-0.07819385998415541,5.219650581678038,0.10146005590340067,-3.8211225453471305,-0.578588740701887
6.408333333333333,-0.03380324347207651,5.417967814630902,0.06797971256455271,-4.185685097772788,-0.5786106107833625
6.416666666666667,0.011792454356720068,5.504075553645986,0.03225195056230828,-4.351996372103601,-0.5786349276722033
6.425,0.05756648004436398,5.4597667280474,-0.0039087528285669595,-4.287835954587538,-0.5786596872261687
6.433333333333334,0.10244549287016529,5.292708564569012,-0.03860607020669486,-4.006893094358019,-0.5786827031989801
6.441666666666666,0.14551720460052514,5.031849058254022,-0.07023036862281096,-3.5607268748772283,-0.5787024191631905
6.45,0.1861474572732997,4.712360263519847,-0.0976689797312741,-3.0124422722137494,-0.5787182552940067
6.458333333333333,0.22397541707182234,4.363305079888883,-0.1203029450401364,-2.4150104230400005,-0.578730412490498
6.466666666666667,0.25884032668281576,4.003553811244212,-0.13788259573118916,-1.803897730026888,-0.5787394833072387
6.475,0.29070004993029724,3.643152125801906,-0.15038671273976228,-1.199208845291095,-0.5787461476713356
6.483333333333333,0.3195694415550244,3.2862068752044618,-0.15791446746987897,-0.6105357280923518,-0.5787510147941641
6.491666666666666,0.3454816905827857,2.933352410308133,-0.16061616954855695,-0.04113878267632208,-0.5787545681591819
6.5,0.36846674721658534,2.5833865399469986,-0.1586530226628431,0.5092705256592476,-0.5787571663279713
6.508333333333333,0.3885404267928878,2.234235100488365,-0.15217508189666318,1.0428818815299172,-0.5787591164605166
6.516666666666667,0.4056994938427481,1.8834589660539391,-0.14130938215614836,1.562931681768369,-0.5787607491729853
6.5249999999999995,0.4199198370381425,1.5285182473099863,-0.12615327035626506,2.073255049192564,-0.5787624247747992
6.533333333333333,0.43115627542349333,1.1669139857943565,-0.1067705328067773,2.5780399316665936,-0.5787645355800791
6.541666666666667,0.4393433186146004,0.7962877548500547,-0.0831891996399166,3.0816495479491004,-0.5787675122910927
6.55,0.44439683145217995,0.4145514210430145,-0.05540096723793332,3.588390871337469,-0.5787718337561064
6.558333333333334,0.44621718945380956,0.020131675287014594,-0.023363253747685563,4.102086315215262,-0.5787780387897189
6.566666666666666,0.44469536221568673,-0.38754578284077035,0.012993658768177244,4.625237256019149,-0.5787867387205874
6.575,0.4397246711097499,-0.8071426096214227,0.05374972038916695,5.157455050861314,-0.578798645286031
6.583333333333333,0.4312227352682007,-1.2338359101579568,0.09896069193629298,5.692754175887031,-0.578814579279057
6.591666666666667,0.41916995175824906,-1.6569180723875805,0.14859518451965828,6.215398189174698,-0.5788353898013769
6.6,0.40367040675437765,-2.0569747051476335,0.20243264214239068,6.694945212491699,-0.5788617411027418
6.608333333333333,0.38503209518394255,-2.404577352115431,0.2599266699064117,7.083737634151251,-0.578893722152319
6.616666666666666,0.3638384321914409,-2.6644247989073784,0.3200802106088955,7.32353112862737,-0.5789303638996073
6.625,0.34095098288468806,-2.8076851912940826,0.38143412046630215,7.366073229356831,-0.5789694135037577
6.633333333333333,0.3173907923919497,-2.826916883060947,0.4422595520309499,7.198288126752159,-0.5790077930262116
6.641666666666667,0.2941307234926317,-2.7404613240843148,0.5009015255062265,6.849904968814889,-0.5790426411348087
6.6499999999999995,0.27191692037519766,-2.5818030760360493,0.5560755460418291,6.375798695371564,-0.5790721860750466
6.658333333333333,0.25120694599082416,-2.3845729247963194,0.6069699352124078,5.831006724498044,-0.5790959076816169
6.666666666666667,0.23221029173045254,-2.1739565836494026,0.6531780776976359,5.256535398160814,-0.5791141690626121
6.675,0.2149677407904448,-1.9654657216865916,0.6945672850153719,4.6774951638031315,-0.5791277567852515
6.683333333333334,0.19942380613224162,-1.7671588251535268,0.7311605716668208,4.106934842903628,-0.579137561560641
6.691666666666666,0.18547747727478736,-1.5823042072755202,0.7630553430639286,3.5503304479918136,-0.5791444167352479
6.7,0.17301321360391012,-1.4113894323801968,0.7903751531391341,3.0089243752866155,-0.5791490385271154
6.708333333333333,0.1619183700474965,-1.2533920864667663,0.8132438471072343,2.481802838711954,-0.5791520167113096
6.716666666666667,0.15209242587416838,-1.1065140474827648,0.8317729720803597,1.9670679989061608,-0.5791538253498435
6.725,0.14345160327298012,-0.9685826486328264,0.846056429729259,1.462453162701879,-0.5791548388488689
6.733333333333333,0.13593101945837796,-0.8372597917986228,0.8561688001803842,0.9656194577888003,-0.5791553472451796
6.741666666666666,0.1294855840555296,-0.7101446283689627,0.8621653336568659,0.474277137605291,-0.5791555686796699
6.75,0.12409030553188088,-0.5848186649461233,0.8640825182586521,-0.013787656146844147,-0.5791556586990367
6.758333333333333,0.11974035838035088,-0.45886228803895684,0.8619386510027323,-0.5007308644288719,-0.5791557212942
6.766666666666667,0.11645106310129637,-0.32985910107589483,0.8557342005367911,-0.9886851825364535,-0.5791558602642254
6.7749999999999995,0.11425790587255466,-0.1953836025744067,0.8454516956949228,-1.4798363350038848,-0.5791562267800046
6.783333333333333,0.11321665491200111,-0.05299278725541068,0.8310549940951932,-1.9764896388599293,-0.5791570275036423
6.791666666666667,0.11340351408011437,0.09977380886052227,0.8124880546560791,-2.481122680344808,-0.5791585315123532
6.8,0.11491520936868223,0.2653755263542921,0.7896733695339321,-2.996410370280043,-0.5791610811801786
6.808333333333334,0.11786877997027886,0.4462139845425192,0.7625104062907658,-3.52519031159208,-0.5791651084887848
6.816666666666666,0.12240061370233901,0.644499293395611,0.7308747924056043,-4.0703046171151644,-0.5791711551111951
6.825,0.12866380651233789,0.861965567751025,0.6946197265590185,-4.634196909607237,-0.5791798963483055
6.833333333333333,0.13682209373693036,1.0993039976296206,0.6535824874919369,-5.218043692142544,-0.5791921657112199
6.841666666666667,0.1470371428050798,1.3550903598535464,0.6076013701525497,-5.820041603539962,-0.5792089690074361
6.85,0.15944370759076537,1.6238856810614792,0.5565522964515676,-6.432295765446718,-0.5792314603067662
6.858333333333333,0.17410444167508798,1.893231493083628,0.5004191004481826,-7.035803352653119,-0.5792608223069667
6.866666666666666,0.19093585560171614,2.139905784844516,0.439412459395053,-7.594077788014319,-0.5792979582307107
6.875,0.20960725184491558,2.3278438831522164,0.3741357167209475,-8.049372010546827,-0.5793429184565397
6.883333333333333,0.22944758133680046,2.41320675639407,0.30574066746913314,-8.330702482855036,-0.5793941896660608
6.891666666666667,0.2494421214956562,2.360913681101293,0.23593695185475408,-8.381066407064417,-0.5794484051711244
6.8999999999999995,0.26839279334791233,2.164614282732135,0.16673080042363847,-8.190550079599136,-0.5795011449933785
6.908333333333333,0.28519132368352346,1.8509007173816208,0.09997716825610752,-7.8031451517264285,-0.5795485584677691
6.916666666666667,0.2990352102640124,1.462890623085612,0.03702905067014771,-7.289191998880127,-0.5795885327911964
6.925,0.30947848648698467,1.040463622939528,-0.021337461566561196,-6.712581783446723,-0.5796206987044564
6.933333333333334,0.31635824286364944,0.6111361175334589,-0.07479383641716891,-6.116035518965944,-0.5796457579826517
6.941666666666666,0.3196888008221796,0.19043127061532927,-0.12328027908439795,-5.522245380207304,-0.5796648257702849
6.95,0.31957655865177625,-0.21442456542001775,-0.16686509499370197,-4.940391155595317,-0.5796790444304462
6.958333333333333,0.31616587034474614,-0.6010708474972424,-0.20565795948609017,-4.372035756967369,-0.5796894347075817
6.966666666666667,0.30960873826860474,-0.9697489360986282,-0.2397638478268902,-3.8149668989032843,-0.5796968846081764
6.975,0.3000490247295239,-1.3220181270432696,-0.26926149005717903,-3.2653527912545663,-0.579702159388768
6.983333333333333,0.28761457997349826,-1.6600856252825769,-0.2941950320239381,-2.7188497507417027,-0.5797059176641137
6.991666666666666,0.27241336978381553,-1.9864805271946857,-0.3145722386769864,-2.1711262097922743,-0.5797087301820882
7.0,0.2545315081960142,-2.3039009986075687,-0.3303656846766414,-1.618091982554038,-0.57971109580637
7.008333333333333,0.23403221374854047,-2.615132099494433,-0.34151525062385574,-1.0560046818714806,-0.5797134529923977
7.016666666666667,0.2109554003885249,-2.922965476755995,-0.34793140357531405,-0.4815686633599696,-0.5797161863994388
7.0249999999999995,0.1853181425868405,-3.2300587830897873,-0.34949963149445124,0.10786804776351278,-0.5797196285091826
7.033333333333333,0.1571168434070367,-3.5386488138724124,-0.34608741885038546,0.7138666789288022,-0.5797240712236231
7.041666666666667,0.12633282546384705,-3.8499977893533694,-0.3375567253661247,1.3359962424252492,-0.5797298643107311
7.05,0.09294414530433347,-4.163414152741487,-0.3237866288114792,1.970225931082864,-0.5797374894554292
7.058333333333334,0.05694826876032287,-4.474584886545282,-0.30471397870404576,2.606141220380153,-0.5797475530143867
7.066666666666666,0.01840206080502042,-4.77309406854476,-0.28040303500198677,3.222785856343284,-0.5797607189467946
7.075,-0.022515396795966074,-5.039600787057719,-0.2511532733026151,3.7839651869781714,-0.5797775336405899
7.083333333333333,-0.06542136468462911,-5.244714156235425,-0.21763762495335634,4.236541186392198,-0.5797981058200505
7.091666666666667,-0.10965923374044781,-5.35355148915612,-0.18101913195018993,4.518586278248042,-0.579821720391302
7.1,-0.15430095698592208,-5.338524238287775,-0.14293983620170883,4.581720439124165,-0.5798466838426071
7.108333333333333,-0.19827294511377858,-5.1942213900130225,-0.10529481620469483,4.416931121974089,-0.5798707381469198
7.116666666666666,-0.24056751854177355,-4.941040263361858,-0.06985839124189452,4.060740662775588,-0.5798919088316662
7.125,-0.2804176189391644,-4.613628061020991,-0.03797546630780981,3.5749585813895615,-0.5799091428453587
7.133333333333333,-0.3173493477803478,-4.245562069140184,-0.01046659057353925,3.0198802451309943,-0.5799223410424861
7.141666666666667,-0.35113233700398394,-3.861074961518046,0.012287837691548469,2.439704687653935,-0.5799319998859931
7.1499999999999995,-0.38169503457776616,-3.474337093454743,0.030200724589577052,1.8610964701941226,-0.5799388348315992
7.158333333333333,-0.4090507644002988,-3.092060842962606,0.043348750663719564,1.2975685176070093,-0.5799435489890182
7.166666666666667,-0.43324786582327374,-2.7163577441166957,0.05188373012182391,0.7543597646141986,-0.5799467354245251
7.175,-0.45434059943569904,-2.3468087177557586,0.05597952176228138,0.23198906055742663,-0.5799488555133573
7.183333333333334,-0.47237380101312443,-1.9817265689340597,0.05580259615404938,-0.2715656445493119,-0.5799502497386622
7.191666666666666,-0.48737554976880604,-1.6188608351160718,0.05149650360600223,-0.7596346466862925,-0.5799511797477052
7.2,-0.4993541491815171,-1.2557544854052445,0.043173935464881165,-1.2362254380271454,-0.5799519034554594
7.208333333333333,-0.5082971879742113,-0.8899128595092585,0.030912487335471486,-1.7057155954826737,-0.5799526961224815
7.216666666666667,-0.5141716432379072,-0.5188962048741631,0.014752391042663692,-2.1726693464163893,-0.5799538539894006
7.225,-0.516924654717096,-0.1403986607363726,-0.0053043897020203425,-2.641676122284688,-0.5799557008221641
7.233333333333333,-0.5164851250143234,0.24762049747878062,-0.029293430355149086,-3.117099761922488,-0.5799585973779363
7.241666666666666,-0.5127669260144107,0.6466652722969598,-0.05728416008893302,-3.602590425627462,-0.5799629660240865
7.25,-0.5056753457586418,1.0571735487699594,-0.08937043668465514,-4.1001540554539915,-0.5799693345140676
7.258333333333333,-0.49511965155805965,1.4775393590770411,-0.12565043963412748,-4.608452774200938,-0.5799783518995233
7.266666666666667,-0.4810364860674032,1.9024562225435995,-0.16618778467907733,-5.119936170170139,-0.5799907695159849
7.2749999999999995,-0.4634303178906741,2.320499143580416,-0.2109430771244729,-5.616642646053579,-0.5800073547616351
7.283333333333333,-0.4424355854070681,2.7115384794654585,-0.2596676179589783,-6.0656548982495435,-0.5800286817865252
7.291666666666667,-0.41839422808519877,3.046169089530641,-0.31176943144151026,-6.417915749221563,-0.5800547680549163
7.3,-0.3919164649030038,3.2909471967414157,-0.3662058891611794,-6.616909354549895,-0.5800846636294659
7.308333333333334,-0.36386594033436764,3.421000149570196,-0.4215034688263043,-6.619996671699258,-0.5801163272559806
7.316666666666666,-0.3352298133595579,3.433085662319166,-0.47597312705616307,-6.420724853716684,-0.5801471176930405
7.325,-0.3069209155351257,3.347271957825245,-0.5280427790692908,-6.051944641817679,-0.5801747081699393
7.333333333333333,-0.2796245449745429,3.1956435394987954,-0.5765162786960442,-5.56690370954084,-0.5801977579632968
7.341666666666667,-0.2537569445233382,3.0088791008338784,-0.6206448587400265,-5.0166858060302415,-0.5802159688925749
7.35,-0.22951121108227074,2.809334743043678,-0.6600517880182385,-4.438633808648489,-0.5802297423414504
7.358333333333333,-0.20693213334521446,2.6104911340708234,-0.694608964527554,-3.855494921764544,-0.5802397960858497
7.366666666666666,-0.18598182785822276,2.4191391785856986,-0.7243294929887765,-3.279138111139414,-0.5802469085298128
7.375,-0.16658512048709173,2.2377967615446615,-0.7492944814541868,-2.7146154007966268,-0.5802517924132896
7.383333333333333,-0.14865719153678167,2.0664996188903735,-0.7696095014875192,-2.163140255870504,-0.5802550495375257
7.391666666666667,-0.13211915383474196,1.9039306044716393,-0.7853809947100058,-1.623938937662175,-0.5802571650390361
7.3999999999999995,-0.11690633964019599,1.7480739776652456,-0.7967045182995057,-1.095298156933504,-0.5802585170737294
7.408333333333333,-0.10297247144658793,1.5965744438208362,-0.8036594679462347,-0.5751151500042258,-0.5802593903074291
7.416666666666667,-0.09029162189917041,1.4469248243480701,-0.8063070702202273,-0.06115933150007785,-0.5802599884189996
7.425,-0.07885904656601608,1.2965590731632444,-0.8046898216818706,0.4488242539193561,-0.5802604468947374
7.433333333333334,-0.06869145813574812,1.1428975335525913,-0.7988314505660198,0.957087250293122,-0.5802608854995936
7.441666666666666,-0.0598270958397836,0.983352623716093,-0.7887367624467769,1.4659321360839788,-0.5802614711127856
7.45,-0.05232581366782724,0.8153232602130358,-0.774390912161327,1.977784654488456,-0.5802624288919749
7.458333333333333,-0.04626922425830614,0.6361872309884389,-0.7557580666051228,2.4952687928596555,-0.5802640485051619
7.466666666666667,-0.04176089477001835,0.44329818488357203,-0.7327794509680324,3.021276788533301,-0.5802666936784004
7.475,-0.03892650110322367,0.23400181740031345,-0.7053709094354205,3.5590104960545,-0.5802708158248496
7.483333333333333,-0.03791367995409734,0.005698335127751322,-0.6734203822856922,4.111950096055205,-0.5802769725956042
7.491666666666666,-0.03889099636386519,-0.24399548267081636,-0.6367862260495186,4.683663024751271,-0.580285852311331
7.5,-0.04204480915043817,-0.516881107055315,-0.5952983458104363,5.277282108207009,-0.5802983089971875
7.508333333333333,-0.04757163938259658,-0.8134223967025629,-0.5487660800602648,5.894336265900532,-0.5803154008110961
7.516666666666667,-0.05566151082711791,-1.131265428899734,-0.4970003906471811,6.5323681483368485,-0.5803384074794682
7.5249999999999995,-0.06646431926682486,-1.4625618313092623,-0.43986376074063854,7.180518648971846,-0.5803687843623524
7.533333333333333,-0.08002753954549478,-1.7897622687883603,-0.37736787642405006,7.812451848647021,-0.5804079581090315
7.541666666666667,-0.09619485454054341,-2.080818702844871,-0.3098377894399277,8.378081498508706,-0.5804568182763401
7.55,-0.11447634295397818,-2.2883299949280698,-0.2381269088746733,8.80160707307318,-0.5805148332990331
7.558333333333334,-0.13395716250122713,-2.3610302518147863,-0.16377293723164027,9.00002697362652,-0.5805791546391
7.566666666666666,-0.15336591900533186,-2.269324152498873,-0.08889217974530522,8.925289536295622,-0.5806447159047018
7.575,-0.17135248833282765,-2.025178792113109,-0.015727023820038096,8.597273846030111,-0.5807059565919519
7.583333333333333,-0.18682023827660796,-1.6736794463870321,0.05389596567368422,8.089572152842862,-0.5807589794494581
7.591666666666667,-0.19909335412943005,-1.2663339810632435,0.11883267986636341,7.485101265852489,-0.5808023574390269
7.6,-0.20788101501434195,-0.8423064345385496,0.17855235253518484,6.845390117807099,-0.5808365087470732
7.608333333333333,-0.2131511510497354,-0.42484971080710154,0.23292340162245936,6.205350609493998,-0.580862711395375
7.616666666666666,-0.21501220776408958,-0.025293295117855934,0.28201788271618305,5.5804362224082675,-0.5808824277299861
7.625,-0.21363442649680744,0.35216338341303455,0.32598491514069533,4.97487430016964,-0.5808969963794218
7.633333333333333,-0.20920556144475908,0.7070904558749758,0.3649827149135846,4.387333306459669,-0.5809075591484341
7.641666666666667,-0.20190830521995645,1.0409049151010208,0.39914698264060783,3.814114950209527,-0.5809150775869274
7.6499999999999995,-0.19190951987422322,1.3558764158054755,0.428578713091034,3.250767442164166,-0.5809203564045445
7.658333333333333,-0.17935536963121662,1.654651358714474,0.45334142707010056,2.6928253495947505,-0.5809240708078356
7.666666666666667,-0.16436917811279106,1.94004383727382,0.47346248686627007,2.1361019732900717,-0.5809267909392958
7.675,-0.14705043103093243,2.214952895840822,0.48893584501486875,1.5767690150312856,-0.5809290006947485
7.683333333333334,-0.12747422393297053,2.482328871647533,0.49972503819760583,1.011351646175411,-0.5809311107763826
7.691666666666666,-0.10569095571481815,2.745141366796503,0.5057660703292981,0.43671811504022434,-0.5809334665277931
7.7,-0.08172641903110316,3.006309048377885,0.5069704182021268,-0.14986846117400746,-0.5809363510542991
7.708333333333333,-0.05558281775905412,3.268534679685936,0.5032290568295508,-0.7505332964855644,-0.5809400025909199
7.716666666666667,-0.02724182037710121,3.533970916919708,0.4944194371614479,-1.366285532403561,-0.5809447182696149
7.725,0.0033285651663015345,3.803606441085491,0.48041835289735363,-1.9960526255755722,-0.580950924806067
7.733333333333333,0.03616006865602599,4.076149321022322,0.4611261786031407,-2.634850189150931,-0.5809591868382121
7.741666666666666,0.07125802853073661,4.346178659049987,0.4365113044820693,-3.270705874070174,-0.5809701822428914
7.75,0.10855641557533725,4.60149566337979,0.40668604421512694,-3.880228208332727,-0.5809846069482826
7.758333333333333,0.14784942264722858,4.820385690303162,0.37202168933677404,-4.4240514603099985,-0.581002954662511
7.766666666666667,0.1887078323703523,4.971318543201628,0.3332883412240435,-4.846501126797599,-0.5810251499720265
7.7749999999999995,0.23041790605738433,5.019360297015264,0.2917544690515279,-5.0868025985829854,-0.5810501666143039
7.783333333333333,0.2720092553644062,4.940649573424724,0.249132142478428,-5.1040908163081085,-0.5810759889791017
7.791666666666667,0.3124104188408,4.736238128772803,0.20730231887200334,-4.9011616891494985,-0.5811002054633208
7.8,0.3506681065276899,4.431933611774966,0.16793191828199952,-4.523950864852197,-0.5811209256107062
7.808333333333334,0.38610007607963087,4.064126645473252,0.1322076293666821,-4.036815428399755,-0.5811373124593597
7.816666666666666,0.4183179261087513,3.6651202692091123,0.10079612294834152,-3.497021864819473,-0.5811494729835316
7.825,0.447160560523796,3.25683233179857,0.07395972616237448,-2.9437577044615058,-0.5811580384173162
7.833333333333333,0.47260697914703276,2.851384650910652,0.05170853557462094,-2.3990822249821018,-0.5811637957552821
7.841666666666667,0.49470665427883154,2.4540926630564472,0.0339225713168888,-1.8730558411170404,-0.5811674839423158
7.85,0.5135349552866004,2.0662479699353233,0.020430847922182166,-1.368536028295372,-0.5811697175536146
7.858333333333333,0.5291680999400337,1.687003297432759,0.011056727910726486,-0.8844397147071125,-0.5811709766742971
7.866666666666666,0.5416703680899606,1.3144735123443627,0.005641991917046849,-0.4176623549865644,-0.581171622225472
7.875,0.5510881653429858,0.9463212847417666,0.004058903105629492,0.03588660494784825,-0.5811719167106185
7.883333333333333,0.5574476062310749,0.5800466228366582,0.00621597122564347,0.48075379555199327,-0.5811720467119154
7.891666666666667,0.5607537987371265,0.21312098228283513,0.012060500809837593,0.9216759878694089,-0.5811721733744665
7.8999999999999995,0.5609908474140218,-0.15696155355786567,0.021579650265716788,1.3634658017825605,-0.5811724703093495
7.908333333333333,0.5581222273337924,-0.5326354339983644,0.03480062481096586,1.8108986024564486,-0.5811731386225183
7.916666666666667,0.5520917202920633,-0.9161710793253753,0.05178965443583664,2.268522454096969,-0.5811744430701277
7.925,0.5428255163562214,-1.3094710153681148,0.07264870218405708,2.740275967479744,-0.5811767379516853
7.933333333333334,0.5302368785823542,-1.713635813045925,0.0975075185661775,3.228714246508,-0.5811804861097325
7.941666666666666,0.5142359534687917,-2.128128106482523,0.12650662820537914,3.7335462116051694,-0.5811862749366776
7.95,0.49474903665893744,-2.5492972694756073,0.1597638527914755,4.249073120201556,-0.5811948146390984
7.958333333333333,0.47175353290075167,-2.9680757586496687,0.19731362544512576,4.760197202996366,-0.5812068869958343
7.966666666666667,0.44533492395068947,-3.367128047370198,0.23900814523275432,5.237470651013035,-0.5812231915619496
7.975,0.41576474359593046,-3.7191073570123763,0.28438186996849113,5.634014782198062,-0.5812440378873245
7.983333333333333,0.3835761872032385,-3.9897009083704584,0.33251922611923773,5.890638997923145,-0.5812689256166415
7.991666666666666,0.34958162239434365,-4.148685053547133,0.38202126191958924,5.954752203070837,-0.5812962763560423
8.0,0.3147751334478315,-4.184855135436677,0.4311696154166002,5.806062218706674,-0.5813237067600727
8.008333333333333,0.2801375700849857,-4.112332759150518,0.4782591472956237,5.467639405203109,-0.5813488571531209
8.016666666666666,0.24645280986202395,-3.9618855848340586,0.5219137053238909,4.991328869906555,-0.5813701855915298
8.025,0.21423099978183174,-3.766207238505621,0.5612207014129562,4.432738823653979,-0.5813871916714095
8.033333333333333,0.18373743718715538,-3.550488595312557,0.5956859680953404,3.8351820474082507,-0.581400145937571
8.041666666666666,0.15506755068697153,-3.330425209043228,0.6251099956172864,3.226258733873041,-0.58140969744511
8.05,0.12821947672826098,-3.1141131326186846,0.6494679772035369,2.621040101315487,-0.5814165869150888
8.058333333333334,0.10314633098774474,-2.9046670315221057,0.6688239837131862,2.0264653513623356,-0.5814214972939143
8.066666666666666,0.0797886091249574,-2.7022802124595304,0.6832784265751538,1.444780697711913,-0.5814249968069769
8.075,0.05809253053913494,-2.5055544951879374,0.6929388759255384,0.875733896960623,-0.5814275288165291
8.083333333333334,0.03801975349687807,-2.31227772868587,0.6979049923348101,0.3178292581360278,-0.5814294205057555
8.091666666666667,0.019552192198704823,-2.1198515028149605,0.6982612283980397,-0.23101202695870415,-0.5814308968256523
8.1,0.002694183441401155,-1.9255200920294289,0.6940734960001443,-0.7731240405196277,-0.5814321165700282
8.108333333333333,-0.012526728100783344,-1.726479206009559,0.6853876655879672,-1.3109793041677529,-0.5814332640103567
8.116666666666667,-0.02605956967446256,-1.5199143490023725,0.6722283942896466,-1.847201995373344,-0.581434584421105
8.125,-0.037829923240010145,-1.3030137110583937,0.6545976757597556,-2.3846182478242195,-0.5814363886896805
8.133333333333333,-0.04773994965219135,-1.0729676721947627,0.6324728581278742,-2.9263296665517413,-0.5814390608504308
8.141666666666666,-0.05566840997386625,-0.8269717487904558,0.605804046969602,-3.475782166994181,-0.5814430698982842
8.15,-0.06147080397191101,-0.5622568489254641,0.5745110837370476,-4.036790681698735,-0.5814489868060948
8.158333333333333,-0.06498001252628938,-0.2761895737042608,0.5384807286292639,-4.613449594801947,-0.5814575076009423
8.166666666666666,-0.06600833426039138,0.03347471457702296,0.4975655050919898,-5.209792457957588,-0.581469482399207
8.175,-0.0643527864333094,0.3680252227965726,0.4515872870115674,-5.828933436804121,-0.5814859489852188
8.183333333333334,-0.059807399123604436,0.7266218327544041,0.40035182310449935,-6.471194623375777,-0.581508173184006
8.191666666666666,-0.05218937897722747,1.104046475817566,0.34368577701809294,-7.130412244756926,-0.5815376514336814
8.2,-0.04139047623972141,1.4868288274093482,0.281515630658122,-7.7874457134061625,-0.5815759833854917
8.208333333333334,-0.027467500062430896,1.847898170882287,0.21401285028136846,-8.401032601132203,-0.5816244735034164
8.216666666666667,-0.010774688617004084,2.1428020661810856,0.14181196466695098,-8.900951458040707,-0.5816833050019112
8.225,0.00790611562445833,2.315756347002328,0.06623054255500498,-9.197347067130202,-0.5817504311155965
8.233333333333333,0.027356765800220693,2.3229526390325765,-0.010707303845060034,-9.218972222125409,-0.5818210878753225
8.241666666666667,0.04614666808487156,2.160602878591607,-0.08663167151163145,-8.959726055553954,-0.5818890776357403
8.25,0.06300278906453537,1.8677510622896527,-0.1594304161116758,-8.483303658976356,-0.5819492902365788
8.258333333333333,0.07706976878724284,1.5003296253560776,-0.22766964059825376,-7.880062914066293,-0.581999274930286
8.266666666666666,0.0879337066894335,1.1054348636702724,-0.2906228852324433,-7.224685831913542,-0.5820389631485239
8.275,0.09550116093967195,0.7127431909962988,-0.3480648104242697,-6.562656261673449,-0.5820695681171727
8.283333333333333,0.09986187750554178,0.3374396226984426,-0.40004379049338956,-5.9157501255428,-0.5820926881215067
8.291666666666666,0.10119096223531535,-0.014328178853404254,-0.44672399826640113,-5.2914199309035155,-0.5821098510802483
8.3,0.09969223223498139,-0.34127387062529085,-0.4882975479810985,-4.689824126994235,-0.5821223599929566
8.308333333333334,0.09556906731919133,-0.6444920879225906,-0.5249425306768304,-4.107922530764392,-0.5821312895231231
8.316666666666666,0.08901059802682904,-0.9261598021380542,-0.556806116752688,-3.5415681922796916,-0.5821375233202674
8.325,0.08018564917554157,-1.18890411376907,-0.5839999358618253,-2.986480332900216,-0.5821417869505743
8.333333333333334,0.06924034201678947,-1.4355173194241568,-0.6066008852293782,-2.4386401375764093,-0.5821446777928613
8.341666666666667,0.056297272430101554,-1.6688426118063633,-0.6246539184363238,-1.8944051069030823,-0.5821466890154207
8.35,0.041455272311872814,-1.8917375613931138,-0.6381751797048505,-1.3504954855114488,-0.5821482272637972
8.358333333333333,0.024789329241106862,-2.107066799731031,-0.647154784917183,-0.8039326853077526,-0.5821496248536381
8.366666666666667,0.006350546485779846,-2.3176958496282802,-0.6515590567707658,-0.25197622991953283,-0.5821511473902967
8.375,-0.01383377439598936,-2.5264638518758282,-0.6513323572106026,0.3079026499530166,-0.582152998075159
8.383333333333333,-0.03575962260396059,-2.736101208931542,-0.6463990702421928,0.8779455542277587,-0.5821553526931371
8.391666666666666,-0.059444755666400825,-2.9490660413948127,-0.6366667583581243,1.4599007902082,-0.5821584569856489
8.4,-0.08492526672566628,-3.1672287695174175,-0.6220319223853275,2.0545642206749646,-0.5821626664108112
8.408333333333333,-0.1122484438345835,-3.391274819581339,-0.6023914621160842,2.6608330363279924,-0.5821684582188413
8.416666666666666,-0.14145891133612135,-3.619655936007908,-0.5776649876531303,3.273990746146474,-0.5821764322860645
8.425,-0.1725734335119159,-3.846887735066201,-0.5478358460511576,3.8828792489678214,-0.5821872808689073
8.433333333333334,-0.20553851826398717,-4.061152026382654,-0.5130208459703373,4.465886454345087,-0.5822016906890346
8.441666666666666,-0.2401670030454084,-4.241865139000382,-0.47357519107266755,4.986874608986807,-0.5822201291902208
8.45,-0.27606133692613927,-4.3594590163925995,-0.4302194858426705,5.394879570793529,-0.5822424995204167
8.458333333333334,-0.3125573107636218,-4.381130801709257,-0.38413127541031117,5.633985101130728,-0.582267787321925
8.466666666666667,-0.34874750668106125,-4.283850496354703,-0.3369001496886027,5.6655432858939765,-0.5822940230679449
8.475,-0.38362095972989146,-4.06722159736361,-0.2902847810154271,5.490021963255429,-0.5823188269092312
8.483333333333333,-0.41626573870363454,-3.7541938856423274,-0.24586416954682508,5.147943424700666,-0.5823402757180827
8.491666666666667,-0.4460176549097402,-3.378682937182477,-0.20478355231502582,4.698411965089528,-0.5823574443778099
8.5,-0.4724908694543934,-2.9717822015031228,-0.1677043147387326,4.195364082251327,-0.5823703451256583
8.508333333333333,-0.49552145022000815,-2.555235935821994,-0.1349035164848546,3.6763898011526845,-0.5823795431892128
8.516666666666666,-0.5150865352241475,-2.1414924570319998,-0.10641488618282616,3.162885154109254,-0.5823857948695053
8.525,-0.5312371833058995,-1.7363265655642344,-0.08214582313944503,2.664608657943214,-0.5823898352923796
8.533333333333333,-0.544054115324307,-1.3414591970309233,-0.06195470723994603,2.1842193020131773,-0.5823922916002314
8.541666666666666,-0.5536221621027795,-0.9563936409648918,-0.04569579413521468,1.7204612426662014,-0.5823936651471788
8.55,-0.5600167914659492,-0.5795133072984153,-0.033243118781224795,1.2700778879271895,-0.5823943422707837
8.558333333333334,-0.5632975262080843,-0.20867727391996702,-0.02450232442053871,0.8288637855976044,-0.582394612713351
8.566666666666666,-0.5635049680296897,0.15848143561409728,-0.019416051695421217,0.39220706561300367,-0.5823946868443768
8.575,-0.5606595744536226,0.5244147641822509,-0.01796606564919685,-0.044638480556429834,-0.5823947156116218
8.583333333333334,-0.5547612648671922,0.8915913191042732,-0.020173702791130548,-0.4864023007267095,-0.5823948282155001
8.591666666666667,-0.5457895047378601,1.2624412512582714,-0.02609918250204747,-0.9376641905750104,-0.5823951845556369
8.6,-0.5337039512116083,1.6392661735025797,-0.03583968635287833,-1.4026724195657883,-0.582396014666175
8.608333333333333,-0.5184462829352265,2.024029663281772,-0.04952516814678532,-1.884953604133325,-0.5823976355992153
8.616666666666667,-0.49994462297940745,2.4179223860737773,-0.06730945380075874,-2.386535227072276,-0.5824004697823656
8.625,-0.47812308982107316,2.8205316862159457,-0.08935228338395283,-2.906489933428172,-0.5824050615616783
8.633333333333333,-0.45292071578833376,3.228382500598855,-0.11578502462687865,-3.4384015425090158,-0.5824120782986819
8.641666666666666,-0.42432587227968827,3.6326617470651437,-0.14664952993855043,-3.9664314022766005,-0.5824222666688795
8.65,-0.39243247274994514,4.016388048036869,-0.181799405217624,-4.4604397037546955,-0.5824363144089338
8.658333333333333,-0.3575172563793412,4.352613471759589,-0.2207650052104399,-4.872902592558862,-0.5824545673112241
8.666666666666666,-0.3201158503562542,4.60723597687298,-0.262620789539592,-5.143808054377554,-0.5824766345942572
8.675,-0.2810433548135156,4.7496955964624155,-0.30594893131246764,-5.219200762752443,-0.5825011220449746
8.683333333333334,-0.24130216260432438,4.7678209565848455,-0.34899854452815304,-5.07696550229029,-0.5825258616256035
8.691666666666666,-0.2018905498891828,4.674627760709327,-0.3900178421296633,-4.738795716873116,-0.5825486733760165
8.7,-0.16361741062499813,4.500233955276991,-0.42757771696993746,-4.256472926931265,-0.5825681195937562
8.708333333333334,-0.12702090836389568,4.277232650355264,-0.4607175265112184,-3.6867478653965615,-0.5825837317155423
8.716666666666667,-0.09239388500015912,4.030972618277992,-0.48890706758740404,-3.0745476032025087,-0.5825957620738722
8.725,-0.05985790251560632,3.777300216641453,-0.5119240056894346,-2.4489613145017977,-0.5826048115964845
8.733333333333333,-0.029436393183817165,3.5243570411882805,-0.5297316902532997,-1.8261928121083058,-0.5826115556879765
8.741666666666667,-0.0011078166164638675,3.275206343720209,-0.5423902427608089,-1.2139516646084696,-0.5826166020533513
8.75,0.02516129212750593,3.0299327760737933,-0.5500012545324487,-0.6149562860460553,-0.5826204378718814
8.758333333333333,0.04939765947478063,2.787008291983282,-0.5526763865104865,-0.02918923944352438,-0.5826234220367573
8.766666666666666,0.07161149474046363,2.5440961981517973,-0.5505205133407935,0.5448021922878937,-0.5826258008103395
8.775,0.09179182118225938,2.2985008097486297,-0.5436230278693581,1.109203814200528,-0.5826277917868493
8.783333333333333,0.10990451582388554,2.0473874065310635,-0.532053157903337,1.6666410594044998,-0.582629667215261
8.791666666666666,0.12589165878292902,1.7878919754118299,-0.5158568462684621,2.2200674695558074,-0.582631762932708
8.8,0.13967153735827623,1.5171742297914126,-0.49505414387811403,2.7727449939494533,-0.5826344826175722
8.808333333333334,0.15113897733519,1.2324488983303419,-0.4696365796520856,3.3282593898765214,-0.5826383064373861
8.816666666666666,0.16016596615950496,0.9310309252375885,-0.4395644619904214,3.890510455492383,-0.5826438045965995
8.825,0.16660286904659366,0.6104425998111607,-0.4047646303631772,4.463597129181744,-0.582651656198829
8.833333333333334,0.17028106203089205,0.2686644827897724,-0.3651300445289637,5.051461396673035,-0.5826626728671229
8.841666666666667,0.1710187393601802,-0.09532093690002681,-0.32052415593565564,5.657041573166624,-0.5826778234645607
8.85,0.1686333385870794,-0.48042795800797566,-0.27079584499021014,6.280486881850351,-0.5826982531708925
8.858333333333333,0.1629668387961432,-0.8814036443111011,-0.21581550938013366,6.915733231686839,-0.5827252873597998
8.866666666666667,0.15393379615427916,-1.285382731677669,-0.15554925203252137,7.544684709287498,-0.5827603245547318
8.875,0.14160360054708165,-1.6672907084540425,-0.09019142397157445,8.129294793455621,-0.5828044871233864
8.883333333333333,0.12631783594226662,-1.9868036681861554,-0.020358877733215076,8.605982576971314,-0.5828579187401992
8.891666666666666,0.10880371719514602,-2.1937528857575432,0.052716144806849004,8.893954053871228,-0.5829188569909706
8.9,0.09018297656279209,-2.247974148188959,0.12716209473339868,8.927769533870196,-0.5829832076944843
8.908333333333333,0.0717818798078965,-2.1436178480275725,0.20077303818356446,8.697747390310283,-0.5830455530983881
8.916666666666666,0.05480757584774385,-1.9132807163596968,0.2715364229314499,8.256927748921255,-0.5831012454499044
8.925,0.04010397406098667,-1.6070469279106132,0.3380291957413231,7.686301777452036,-0.5831478527117089
8.933333333333334,0.028109371295419728,-1.26934246042366,0.39948010597839506,7.056683818318934,-0.5831850786079216
8.941666666666666,0.018952579507186,-0.9296264304937865,0.45560594705436863,6.413843975660541,-0.5832138768347969
8.95,0.01257602654210679,-0.6038638596273116,0.5064079076668244,5.781485752335585,-0.5832356464761372
8.958333333333334,0.008829358732893425,-0.2991160825801218,0.5520203617899319,5.169158324171622,-0.5832517848032133
8.966666666666667,0.007526515802129717,-0.017413697584534118,0.5926218063977817,4.57877140054359,-0.5832635125775624
8.975,0.008476557870039685,0.24180122943387958,0.6283895570105424,4.008622601700409,-0.5832718387626014
8.983333333333333,0.011499011154591073,0.4803240558744376,0.6594796972951303,3.45556850476327,-0.5832775846955098
8.991666666666667,0.016430971929732807,0.7004980872498341,0.6860200573261523,2.9160877421192684,-0.5832814200972833
9.0,0.023130111327717275,0.9048814937416165,0.7081093168192112,2.386752943009418,-0.5832838904142886
9.008333333333333,0.03147575398547518,1.0960975125160939,0.7258186458376182,1.8644022997178062,-0.5832854390464004
9.016666666666666,0.041369130612594625,1.276774913428634,0.739194092034613,1.3461654299466108,-0.5832864244664892
9.025,0.05273332952671638,1.449529472278014,0.748258873993878,0.829424500113164,-0.5832871326602135
9.033333333333333,0.06551316825215109,1.6169600639049213,0.7530152387146894,0.311753823906266,-0.5832877856417946
9.041666666666666,0.0796750359783675,1.7816431992330304,0.7534458208037274,-0.20913526120144033,-0.5832885468458575
9.05,0.09520662144666872,1.9461070270138079,0.7495146854627845,-0.7354069354236503,-0.5832895430463756
9.058333333333334,0.11211629689420051,2.112776063379041,0.7411684952344134,-1.269065854430259,-0.5832909413404463
9.066666666666666,0.13043187288037936,2.2838657788298375,0.7283382041393429,-1.811844831924878,-0.5832929873540275
9.075,0.15019805458726218,2.461167448499633,0.7109424340382178,-2.3648992012754633,-0.5832960160162867
9.083333333333334,0.17147142239140006,2.6456537571308756,0.6888945598003141,-2.9281967482353375,-0.5833004614094889
9.091666666666667,0.19431099174495173,2.836789069595058,0.6621167998654155,-3.499407169804908,-0.5833068610109219
9.1,0.21876126779707966,3.031391360888477,0.6305665442140131,-4.0720301476087535,-0.583315842494919
9.108333333333333,0.24482349061064548,3.2219286834590375,0.5942822462892605,-4.632558156150565,-0.5833280703688122
9.116666666666667,0.27241072026966834,3.3944211375913556,0.5534563506418759,-5.156953209212649,-0.5833441172527766
9.125,0.3012868444373828,3.526954868228356,0.5085353157709115,-5.608130846643642,-0.5833642272398607
9.133333333333333,0.33100356068935893,3.591184131809265,0.46032319271090855,-5.938474489414525,-0.5833879966487892
9.141666666666666,0.3608724120351522,3.559545201017429,0.41002616531030844,-6.102005768276285,-0.5834141400256487
9.15,0.3900193042915867,3.4170536616762646,0.35915788241144153,-6.074288740149814,-0.583440625734701
9.158333333333333,0.4175300645113372,3.1696295293724224,0.3092915727612553,-5.86636004910204,-0.5834652813728993
9.166666666666666,0.4426204915667655,2.8410567853936324,0.2617725894193711,-5.519301121823834,-0.5834865114317407
9.175,0.464739665995625,2.461436199089728,0.2175463093555807,-5.084434987108771,-0.5835036325790998
9.183333333333334,0.48357585452199564,2.0568373898380434,0.17715235361121923,-4.605735617249885,-0.5835167364515811
9.191666666666666,0.4990013272757792,1.645152795985903,0.14082204964213305,-4.112907931826394,-0.5835263515086729
9.2,0.5110044109176312,1.2366522635331283,0.10859635234514348,-3.6224851594091114,-0.5835331525981766
9.208333333333334,0.5196348105526268,0.8361835129830018,0.0804200346529387,-3.1416919983268516,-0.5835377937515008
9.216666666666667,0.5249674647400508,0.44525248870760525,0.05620352452792201,-2.6720634778236105,-0.5835408386080069
9.225,0.5270812100610105,0.0634784205072772,0.03585900535796499,-2.211973242370354,-0.5835427447169169
9.233333333333333,0.5260470746147944,-0.31052249682002553,0.019319760188307226,-1.758175593650327,-0.5835438717176905
9.241666666666667,0.5219221980951847,-0.6786406432470182,0.006549657277959992,-1.3066813022978498,-0.583544511566267
9.25,0.5147468062168311,-1.0430150059739525,-0.002452821681285816,-0.8532288553101265,-0.5835449235811546
9.258333333333333,0.5045427728777302,-1.405892698572384,-0.0076535223527062,-0.3935545023100745,-0.5835453452210809
9.266666666666666,0.4913131506277584,-1.7695264867446552,-0.008983457191602932,0.07640370655492268,-0.5835459969599781
9.275,0.4750426278600117,-2.1360419544414593,-0.006341475280621189,0.5602474155389512,-0.5835470917413372
9.283333333333333,0.4556994856112465,-2.5072000955927884,0.00040022400675873845,1.0606792238852998,-0.5835488888248567
9.291666666666666,0.43324023407654916,-2.8839688040262375,0.011385774143130594,1.5787481401033043,-0.58355174115227
9.3,0.4076192033688218,-3.265731684093813,0.02675665743854659,2.112470839088101,-0.5835561099626516
9.308333333333334,0.37880688580701605,-3.648947303735305,0.04661754033634597,2.654514153274097,-0.5835625635527765
9.316666666666666,0.3468222584734345,-4.025131261606628,0.07097802204792855,3.1887276192281577,-0.5835717374450669
9.325,0.311784047573619,-4.37844133405465,0.09966194140178232,3.6860230674180743,-0.5835842161012468
9.333333333333334,0.27397951889359756,-4.6842509516969795,0.1321870281027349,4.102010951417692,-0.5836002983729551
9.341666666666667,0.23393116958255158,-4.9116647143532415,0.16764927956938014,4.381511142183332,-0.5836196759235027
9.35,0.19241566079753025,-5.032627444550225,0.20469149989528923,4.47451950257888,-0.58364121190313
9.358333333333333,0.15038642003121078,-5.034739237961863,0.2416403466412852,4.358609422044414,-0.5836631081094455
9.366666666666667,0.10880755983215647,-4.92790724698954,0.2767986642749281,4.050644896828791,-0.583683506985946
9.375,0.06848450751666074,-4.738428080905621,0.3087448772300698,3.596655163204896,-0.5837011257689022
9.383333333333333,0.02997914250014211,-4.4963956315561555,0.3364865516024706,3.0500233221805395,-0.5837154890741127
9.391666666666666,-0.006378386270373765,-4.226332705382022,0.3594459385009614,2.4551317666803465,-0.5837267552417549
9.4,-0.04042712974739263,-3.944283640595528,0.377356280693196,1.842131075718782,-0.5837354074493585
9.408333333333333,-0.07210780489374387,-3.6589567442646405,0.39014778153655333,1.2287215654308807,-0.5837420095586988
9.416666666666666,-0.10141105992194226,-3.3740046145237375,0.397859415231711,0.6239370886861807,-0.5837470721528522
9.425,-0.12834402690992894,-3.0900098121949386,0.4005811812409149,0.031454033348673124,-0.5837509993968909
9.433333333333334,-0.1529108315617908,-2.8058467453131475,0.398419573391029,-0.5481503249635294,-0.5837540846729664
9.441666666666666,-0.17510216557267003,-2.519520184002674,0.39147802387591607,-1.116021876032093,-0.5837565893696836
9.45,-0.19489016182266364,-2.2286268300632552,0.37984588173455,-1.674311313578814,-0.5837588255840193
9.458333333333334,-0.21222616615841264,-1.9306127702326743,0.36359177719127583,-2.2257956845903917,-0.5837611626355842
9.466666666666667,-0.22704014912744375,-1.6229207459841963,0.34275931355805384,-2.7736807521139473,-0.5837640290300605
9.475,-0.2392411125655189,-1.30309175801828,0.31736402662382535,-3.321477194022341,-0.5837679188264154
9.483333333333333,-0.24871835760940517,-0.9688803114092954,0.2873914162882604,-3.8728500030206474,-0.583773402176186
9.491666666666667,-0.2553440041416224,-0.618453258186886,0.25279673912061207,-4.431323373303658,-0.5837811393017905
9.5,-0.25897786141328716,-0.25077712205266844,0.2135084442445054,-4.999664463074757,-0.583791895416202
9.508333333333333,-0.2594768693450057,0.13363725590797473,0.1694390284440528,-5.578659243459278,-0.5838065496796631
9.516666666666666,-0.2567130942932553,0.5313766127878623,0.1205101014264386,-6.1648402097143515,-0.5838260886512862
9.525,-0.2506066058409406,0.9338756178978107,0.066702538951759,-6.746668661103804,-0.5838515683743081
9.533333333333333,-0.24118100321538077,1.3242895811867523,0.008145397128692328,-7.299138575825162,-0.5838839410870658
9.541666666666666,-0.22864529784617113,1.6746639421513896,-0.05474904734840957,-7.778709292386404,-0.5839236607279027
9.55,-0.21348657443501204,1.9470038470266848,-0.12112871188467086,-8.124594935804172,-0.5839700822055526
9.558333333333334,-0.1965195266489831,2.103208670645456,-0.1896128962853469,-8.274875393772646,-0.5840209486429185
9.566666666666666,-0.17881539412742736,2.122875910701316,-0.25840183526072036,-8.196009943051074,-0.5840725698096788
9.575,-0.161493227498172,2.0156111000054304,-0.32561559584760186,-7.903453634058954,-0.5841209625437501
9.583333333333334,-0.14548145490452516,1.8150829276803513,-0.3896835965919796,-7.451895211089208,-0.5841632201117072
9.591666666666667,-0.13138900984046337,1.5612838102868234,-0.44955290781298374,-6.9059019243451045,-0.5841980981935715
9.6,-0.11951639502426477,1.2867994672950225,-0.5046657725295152,-6.31741257135759,-0.5842257084446172
9.608333333333333,-0.10994016326970206,1.0127799889536193,-0.5548182519864158,-5.719448713432909,-0.5842468975410426
9.616666666666667,-0.10260273262288117,0.7507909104406595,-0.600013094620496,-5.1295013305258,-0.5842627550677391
9.625,-0.09737872936463297,0.5060529040090519,-0.6403535203545553,-4.555062976601536,-0.584274346502907
9.633333333333333,-0.0941162212992182,0.28007740926876307,-0.6759794140535147,-3.998032952829834,-0.5842826067004535
9.641666666666666,-0.09265994779404936,0.07236627738453448,-0.7070333403152859,-3.4575018332655882,-0.5842883164250606
9.65,-0.09286357896437393,-0.11860682298809608,-0.733644329913491,-2.931316681346964,-0.5842921130847833
9.658333333333333,-0.09459583146111822,-0.2948639779545541,-0.7559212932504937,-2.4168938595703,-0.584294512830852
9.666666666666666,-0.09774332557757016,-0.45864865405905975,-0.77395125616491,-1.9116055993431411,-0.584295933485156
9.675,-0.10221179990424975,-0.6122906900275868,-0.7877997653059854,-1.412939168314309,-0.5842967108604424
9.683333333333334,-0.1079265335188322,-0.7581432618836079,-0.7975120825852651,-0.91854017072976,-0.5842971107960971
9.691666666666666,-0.11483241101474854,-0.8985557259768717,-0.8031144761775968,-0.42619975034413876,-0.5842973380330344
9.7,-0.1228938350367439,-1.0358615443001815,-0.8046152947774801,0.06618034243171053,-0.5842975423177927
9.708333333333334,-0.13209454710052526,-1.1723651833570004,-0.8020057539010229,0.5606153710211915,-0.5842978293410596
9.716666666666667,-0.14243728619718818,-1.3103173627951001,-0.795260612131301,1.0590415705974479,-0.5842983176860322
9.725,-0.15394321262814964,-1.4518795349102886,-0.7843388098610641,1.5633130325380378,-0.584299183596802
9.733333333333333,-0.16665086449752764,-1.5990422902715375,-0.769184444003918,2.0751149208875104,-0.5843006699565593
9.741666666666667,-0.1806141521236223,-1.7534701358119453,-0.7497289501200912,2.595751410695685,-0.5843030945365706
9.75,-0.1958985871025149,-1.9162222342602824,-0.725895843913308,3.125725362171305,-0.5843068586577095
9.758333333333333,-0.21257439788587942,-2.0872681117664413,-0.6976102875070278,3.663973052807303,-0.5843124529124243
9.766666666666666,-0.2307043714832969,-2.2646853603586297,-0.6648171236300048,4.2065613536214155,-0.5843204524250395
9.775,-0.25032326452474035,-2.443423121155441,-0.6275127339819794,4.744645169052481,-0.5843314867688326
9.783333333333333,-0.27140501554439905,-2.6136340428066602,-0.5857971860082473,5.261677139343322,-0.5843461595113376
9.791666666666666,-0.2938155108332867,-2.7590088055596924,-0.53995069910912,5.730583410183695,-0.5843648864252705
9.8,-0.3172557610734298,-2.85646105262349,-0.4905266277388048,6.1131636176163004,-0.5843876420451362
9.808333333333334,-0.3412159254679471,-2.879445889178024,-0.43842693668994115,6.36557047539697,-0.5844136855955494
9.816666666666666,-0.3649778323322164,-2.806216216043562,-0.384896981127802,6.452092357856695,-0.5844414649965548
9.825,-0.387697407053259,-2.6296863275300475,-0.3313867797403118,6.361625168694776,-0.5844689118958439
9.833333333333334,-0.4085495704430066,-2.361307465829896,-0.2793084652117464,6.1140020623474465,-0.584494066770944
9.841666666666667,-0.4268643907599396,-2.025264604005959,-0.22981026771102317,5.750002329110854,-0.584515636783526
9.85,-0.4421906003778483,-1.6482187712021192,-0.18367424901069415,5.313975382191967,-0.5845331555716309
9.858333333333333,-0.4542819616850309,-1.2519342481322953,-0.1413440254660885,4.841509053006245,-0.5845467915513599
9.866666666666667,-0.46304385294612366,-0.8510042179183545,-0.10301823128521517,4.355795810800916,-0.5845570512105198
9.875,-0.46847605951110527,-0.45377962239229336,-0.06874866105041318,3.869396839553497,-0.5845645472782852
9.883333333333333,-0.47062842782745945,-0.06423558054562745,-0.0385152776365512,3.387535270814699,-0.5845698690830001
9.891666666666666,-0.46957160038174106,0.3163779103862308,-0.012274797417885609,2.910973993909261,-0.584573529476196
9.9,-0.4653794383545443,0.6883882970304601,0.010011056156452054,2.4380093931755997,-0.5845759692298942
9.908333333333333,-0.4581190565558015,1.0529996272683702,0.028360546145613414,1.965695884037984,-0.5845775839354695
9.916666666666666,-0.4478453736648583,1.4118836589661012,0.04276484244870217,1.4905678836976484,-0.5845787329943622
9.925,-0.4345983118615826,1.7669355078774918,0.053185651575884355,1.0090783330516362,-0.5845797459051689
9.933333333333334,-0.41840168062096383,2.1200997039249327,0.05955589395585165,0.5179156008921734,-0.5845809272553124
9.941666666666666,-0.39926349357881963,2.4731874787876054,0.06178298669149362,0.014333525250069791,-0.5845825591226539
9.95,-0.37717812581188653,2.8276015875432305,0.05975541429760619,-0.5033608733021977,-0.5845849044284379
9.958333333333334,-0.3521315231573363,3.183862178691648,0.053354678153732044,-1.0349774067707673,-0.5845882572056998
9.966666666666667,-0.3241115307955082,3.540829235671716,0.04247609187453395,-1.5771111982170973,-0.5845930005611368
9.975,-0.29312655316692815,3.8944557015673684,0.027063812477710524,-2.1210135171038496,-0.5845996045191778
9.983333333333333,-0.2592367985703817,4.236028927789705,0.007167315219782601,-2.6496034997991775,-0.58460858277874
9.991666666666667,-0.22260128166290002,4.550268258816941,-0.01697549044581606,-3.1342746160541033,-0.5846203829048302
10.0,-0.18353721905528106,4.814571077914297,-0.044834758738830825,-3.5337479822400564,-0.5846351875817909
10.008333333333333,-0.1425728610387216,5.001779330817306,-0.07549815393566195,-3.799082429180648,-0.5846526643972674
10.016666666666666,-0.10045563713001583,5.088164467712199,-0.1076596856237917,-3.8877573191465853,-0.58467181830387
10.025,-0.05807961445088652,5.063807914248102,-0.13975036272674923,-3.781884051908716,-0.5846911527124491
10.033333333333333,-0.01634293196050058,4.9376674881842115,-0.17019174519432073,-3.497125586008198,-0.5847091480420654
10.041666666666666,0.023995548593631472,4.73269096102694,-0.19765150507938045,-3.0742404245357466,-0.5847247505475305
10.05,0.06239075657266542,4.475529632153729,-0.22117923054566466,-2.5611356147921858,-0.5847375554802939
10.058333333333334,0.09850552919628892,4.188530654621461,-0.24020148076491024,-1.9987796223163639,-0.5847476776396068
10.066666666666666,0.13215950271076196,3.8868754863418045,-0.2544365796513379,-1.4160114426361066,-0.5847555079910599
10.075,0.16327059155639556,3.579235079186236,-0.2637947271026968,-0.8304724913077364,-0.5847615130269443
10.083333333333334,0.19180816722950397,3.269607475000283,-0.2682968790652098,-0.2516337226167712,-0.5847661196599427
10.091666666666667,0.21776161406874672,2.959048817192236,-0.26801914617475503,0.31631953432272336,-0.5847696674741143
10.1,0.24112139476262867,2.646930468193399,-0.2630580736171014,0.8723864481978016,-0.5847724324251706
10.108333333333333,0.2618685974963237,2.331729875463265,-0.2535100486587775,1.4174460874133665,-0.584774717410094
10.116666666666667,0.27996959685929923,2.011498504521438,-0.23945903901140694,1.953503363421849,-0.5847768737497899
10.125,0.2953737934817033,1.6841484871637165,-0.22096927177301715,2.483232326076674,-0.5847792995258627
10.133333333333333,0.30801329101747893,1.3476448468582318,-0.19808097072783198,3.0096753342071536,-0.5847824419504225
10.141666666666666,0.3178040565093442,1.000181809797766,-0.17080841806629854,3.5359647602867543,-0.5847868031707034
10.15,0.32464875282242833,0.6404219939611582,-0.13914069764679524,4.064933651230922,-0.5847929481538954
10.158333333333333,0.32844215962310597,0.2678978376556864,-0.10304671098677445,4.598446637949448,-0.5848015117335486
10.166666666666666,0.3290810808016948,-0.116286090734228,-0.06248773031983049,5.136213629840195,-0.5848131983111942
10.175,0.3264819781384605,-0.5082690509975343,-0.017443066329484044,5.673772479140995,-0.5848287666453136
10.183333333333334,0.3206110210467294,-0.8996310892097089,0.032043004378166325,6.1993856798837745,-0.5848489925903313
10.191666666666666,0.3115313142315599,-1.275153806942339,0.08578450635514433,6.690119636493424,-0.584874529333787
10.2,0.2994673297880051,-1.6112313523937076,0.1433463437709067,7.108901859594014,-0.5849056171167956
10.208333333333334,0.28487131943937016,-1.877529870038048,0.20393080853977094,7.406932977444753,-0.5849416825592149
10.216666666666667,0.26845158156675347,-2.044786562098429,0.26632496216947044,7.536421132857435,-0.5849810350834862
10.225,0.2511124487133545,-2.0973091373279718,0.32899387243924005,7.4713832314824415,-0.5850210182575641
10.233333333333333,0.23379933059308197,-2.0414430127604644,0.39033268934170834,7.221903790993638,-0.5850587502213154
10.241666666666667,0.21732098600248664,-1.9020514328674698,0.44895800513565576,6.828420080259351,-0.5850920227703851
10.25,0.20224288602528412,-1.7105086059742745,0.5038818921352388,6.3418524723981005,-0.5851197528013082
10.258333333333333,0.1888805075848034,-1.494194199193705,0.5545208542352651,5.806312780442499,-0.5851418585750507
10.266666666666666,0.17735444694487185,-1.272289576831297,0.6006038166505071,5.25236195708669,-0.5851588705207386
10.275,0.16765888061658166,-1.0562473812856201,0.6420599048063147,4.698002616615944,-0.585171574857306
10.283333333333333,0.15971747733122965,-0.8519139771923812,0.6789284698140263,4.152324723164199,-0.5851807925128782
10.291666666666666,0.15342124352271125,-0.6615786985715841,0.7112997461277274,3.6189433426652116,-0.5851872740112637
10.3,0.14865161763456353,-0.48544342513164707,0.739280045620606,3.098419524270179,-0.5851916634700266
10.308333333333334,0.14529369204013337,-0.3225462835004703,0.7629730589202058,2.5897486012947444,-0.5851944958497761
10.316666666666666,0.14324344772506775,-0.17130246961483692,0.7824706724852506,2.091203426788601,-0.5851962071024093
10.325,0.1424115580123896,-0.02980718422629761,0.7978490175530566,1.600781369130968,-0.5851971474262714
10.333333333333334,0.14272530024205662,0.10400025612437201,0.8091672005356433,1.1164226158835484,-0.585197593572873
10.341666666666667,0.14412945512867695,0.23224990428730558,0.8164672725923957,0.636102041858067,-0.5851977594237644
10.35,0.14658668138672176,0.3570973901665001,0.8197746506466959,0.15785295984157166,-0.5851978041956017
10.358333333333333,0.15007762264056224,0.48070009063678665,0.81909858450009,-0.32023978087965943,-0.5851978380737143
10.366666666666667,0.1546008294313749,0.6051943753350127,0.8144325720971705,-0.8000413527906559,-0.5851979519009323
10.375,0.16017250321054932,0.73267715573609,0.8057547232081638,-1.283383845064132,-0.5851982750201137
10.383333333333333,0.16682605568828282,0.865174070780805,0.7930280100167094,-1.7720625454444368,-0.5851989915073424
10.391666666666666,0.17461126617374356,1.0045729296831811,0.7762008002630444,-2.267770160488658,-0.5852003462318134
10.4,0.18359267430707069,1.1525015920510506,0.7552082867440216,-2.771938958741221,-0.5852026526225538
10.408333333333333,0.19384659013082806,1.3101097589718043,0.7299758378771278,-3.2854233590350526,-0.5852063013292904
10.416666666666666,0.20545567185626096,1.4776902960886715,0.7004260171996157,-3.80791458522846,-0.5852117674117436
10.425,0.2184993628782091,1.6540460768656233,0.6664921352660671,-4.3369272910596965,-0.5852196105652981
10.433333333333334,0.23303759925368128,1.8354899525622521,0.6281427092654586,-4.86616317601579,-0.5852304571166529
10.441666666666666,0.2490843897026772,2.0144159387919123,0.5854226424214376,-5.383134747446974,-0.5852449436356701
10.45,0.26656820767940703,2.177634813585635,0.5385165083443731,-5.866353212065047,-0.5852635932746484
10.458333333333334,0.2852801363437344,2.3053189465155643,0.4878327898872434,-6.2834776225697615,-0.5852866014723743
10.466666666666667,0.3048217780831034,2.372373262158814,0.434089454359668,-6.593472158366605,-0.585313557344378
10.475,0.32458202748398235,2.354205536434756,0.3783524510153677,-6.756114077798963,-0.5853432385165938
10.483333333333333,0.34377923483349404,2.236097561587229,0.32196593085404845,-6.74754877790748,-0.5853737068002167
10.491666666666667,0.36157770974668274,2.0204140298234488,0.2663591345871005,-6.572212541404845,-0.585402802326769
10.5,0.37723184149106953,1.725429857521298,0.2128084557633676,-6.26068042964451,-0.5854287840503724
10.508333333333333,0.39018605372739446,1.376797478249675,0.16227491747290454,-5.85524103367013,-0.5854507069088701
10.516666666666666,0.40009699418452144,0.9986132625518048,0.11537233225257748,-5.394974692441129,-0.58546839177242
10.525,0.4067980343527365,0.6088355201575896,0.0724310121036058,-4.9082811273704205,-0.5854821637915019
10.533333333333333,0.4102440742804819,0.218821056641594,0.03359250609098055,-4.412351471115382,-0.5854925803668501
10.541666666666666,0.4104619195760345,-0.16523421715731465,-0.001106921633321289,-3.9157861820332576,-0.585500248485416
10.55,0.4075145496275309,-0.5405814768941059,-0.031677504099940176,-3.4216021454269487,-0.5855057397541378
10.558333333333334,0.4014783054571904,-0.9065804659578873,-0.05813972315031917,-2.9295585490950415,-0.5855095817028543
10.566666666666666,0.3924292768673963,-1.263816732199914,-0.08050402747289928,-2.4376873679283175,-0.5855122573285751
10.575,0.38043554692260423,-1.6135568723887497,-0.09876069838755193,-1.9432369166641779,-0.5855142057051881
10.583333333333334,0.36555301136855717,-1.9574152269864997,-0.1128759132107173,-1.4432504078323327,-0.5855158266159844
10.591666666666667,0.3478234782333271,-2.297123998195047,-0.12279176818601502,-0.934964902397113,-0.5855174852054056
10.6,0.32727456030026136,-2.6343192369903186,-0.12842940251384916,-0.4161797536544523,-0.5855195145121594
10.608333333333333,0.3039215679285176,-2.970260616451706,-0.1296955467734291,0.11426589020082915,-0.5855222146120971
10.616666666666667,0.27777234594898764,-3.3053852644302535,-0.12649408176426474,0.6557327595723459,-0.5855258595703123
10.625,0.24883692039032987,-3.6385854494353453,-0.11874579574355594,1.2045545812470397,-0.5855307643092937
10.633333333333333,0.2171446184181252,-3.9661173911873067,-0.10642074688587287,1.7522040298333907,-0.5855373200094347
10.641666666666666,0.1827720932662379,-4.280087329247301,-0.08958895486455312,2.2827501734974533,-0.5855459580922219
10.65,0.14588483117106613,-4.566830288276039,-0.0684936183600667,2.770171892313714,-0.5855570575138349
10.658333333333333,0.1067893208383635,-4.806227262298925,-0.04364156588549945,3.1773513942941665,-0.5855707798148868
10.666666666666666,0.0659805178397641,-4.973875033890768,-0.015883857860274603,3.4600619147219422,-0.5855868599694094
10.675,0.02415332825138282,-5.047620616773035,0.01356797462060314,3.5785386364805793,-0.5856044711541619
10.683333333333334,-0.01785376383240319,-5.01657756733061,0.043245220460262905,3.5133101288547492,-0.5856223310288196
10.691666666666666,-0.05917986242414571,-4.886499532047537,0.07163888497397032,3.274611702605346,-0.5856390817734982
10.7,-0.09907389259858831,-4.676833395757876,0.09743603174214567,2.897239640283306,-0.5856537201963707
10.708333333333334,-0.13697442226524387,-4.412099099205997,0.11966442276990351,2.4254483051332674,-0.5856658011831247
10.716666666666667,-0.17251718325303095,-4.1141350836418145,0.13771015746363388,1.8992778820351566,-0.5856753643693242
10.725,-0.20549516497445824,-3.798617621454625,0.15125111514072823,1.3482846027139155,-0.585682732072749
10.733333333333333,-0.2358056023743406,-3.475069463998762,0.16016584856454888,0.7913572438321855,-0.5856883238537983
10.741666666666667,-0.26340442227777217,-3.1483364281879362,0.16445396639670473,0.23912985670767561,-0.5856925413794237
10.75,-0.28827411992525726,-2.8201920255930757,0.1641787712318154,-0.3033373725662071,-0.5856957159332983
10.758333333333333,-0.3104036490361485,-2.490584764526784,0.15943005387658543,-0.834456925199648,-0.5856981232807029
10.766666666666666,-0.32977691808676896,-2.1584604926676847,0.1503013830733681,-1.3547350856619185,-0.5857000599148215
10.775,-0.34636671025410004,-1.8222699997378184,0.13687643665960358,-1.8659278440093037,-0.5857018603650065
10.783333333333333,-0.360132008233292,-1.4802940348673368,0.11922101460494731,-2.3704966897381294,-0.5857038949115748
10.791666666666666,-0.37101757507763333,-1.1308742936751424,0.09737883694915761,-2.8712198474134154,-0.585706570877028
10.8,-0.3789553595600716,-0.7726337573195737,0.07137042832487635,-3.370817420330779,-0.5857103365063578
10.808333333333334,-0.38386798051963383,-0.40477017986205654,0.04119555655436052,-3.8714479507457424,-0.5857156855832429
10.816666666666666,-0.3856753007289473,-0.027522818377377106,0.006840981152518823,-4.373905335505437,-0.5857231592321088
10.825,-0.384306040227776,0.35706171939291814,-0.03170311920002948,-4.876298952716083,-0.5857333393693599
10.833333333333334,-0.3797174846202599,0.7439366180810096,-0.07441274922418145,-5.371990947973737,-0.5857468386788742
10.841666666666667,-0.37192698068039093,1.1234406379290856,-0.12117921613260654,-5.846775534381706,-0.5857642488678036
10.85,-0.3610574933480939,1.4796632472734645,-0.17173344426645928,-6.275955350227354,-0.5857859872025554
10.858333333333333,-0.3473927804923823,1.7900791987358604,-0.22555234664605947,-6.623478684918665,-0.5858120431353704
10.866666666666667,-0.3314228126608254,2.0286376204968337,-0.28177935972412954,-6.846858284844503,-0.5858416907122761
10.875,-0.31384355493781674,2.17357431390608,-0.339219672591497,-6.910112446702203,-0.5858733599029968
10.883333333333333,-0.2954806111108566,2.2168954293170637,-0.39646253471715726,-6.799687035269225,-0.5859048910524319
10.891666666666666,-0.27715142912612256,2.168457320901083,-0.45210734710446193,-6.531442073988039,-0.5859341460094178
10.9,-0.25953171611610903,2.0509749163441846,-0.5049840705147557,-6.142455485589838,-0.58595960484406
10.908333333333333,-0.24308759261553964,1.890470235306771,-0.5542648792303431,-5.675190971751124,-0.585980595278486
10.916666666666666,-0.2280815265519985,1.708978978090877,-0.599453721289199,-5.165471409149926,-0.5859971530113818
10.925,-0.2146195220607407,1.5219123500641107,-0.6403083547955237,-4.638239567442351,-0.5860097371706184
10.933333333333334,-0.20270552679309048,1.3385830049362983,-0.6767515696975677,-4.1085600620351554,-0.5860189822168944
10.941666666666666,-0.19228572957633036,1.1638254812289832,-0.7088000494126838,-3.5843832381048513,-0.5860255432985655
10.95,-0.18327914293162476,0.9995557863787261,-0.7365163776662751,-3.0691532261591963,-0.586030020350856
10.958333333333334,-0.17559684503467304,0.8459166238851898,-0.7599798644371694,-2.5636917068311327,-0.5860329302154131
10.966666666666667,-0.16915341637601794,0.7020207096455353,-0.7792700954445198,-2.067395560778318,-0.586034702831975
10.975,-0.16387347990759815,0.566401880375125,-0.7944582697119743,-1.5789416695941578,-0.5860356873787359
10.983333333333333,-0.15969532927211846,0.43727779151181284,-0.8056029926373081,-1.0966768539626495,-0.5860361612179373
10.991666666666667,-0.15657288481354809,0.3126984788396308,-0.8127484605639665,-0.6188185842676747,-0.5860363384534905
11.0,-0.15447671401206456,0.19062851470850795,-0.8159238194481717,-0.14354633486534496,-0.5860363768751842
11.008333333333333,-0.15339453615588294,0.06899286334790183,-0.8151430088793693,0.33096587066898436,-0.5860363838577666
11.016666666666666,-0.15333140972461648,-0.05429013335964795,-0.8104047947729227,0.8065321559108224,-0.5860364470675319
11.025,-0.1543096988914775,-0.18128980492523114,-0.8016928300269613,1.2849704899841536,-0.5860366905155311
11.033333333333333,-0.15636888751273756,-0.3140401309877881,-0.788975550990673,1.7681134203579847,-0.5860372899299092
11.041666666666666,-0.15956511778234156,-0.45449536603971386,-0.7722061434396721,2.2577800543753836,-0.586038478601075
11.05,-0.16397022217348284,-0.6044490615767999,-0.7513229631771121,2.7556888291181383,-0.5860405549205467
11.058333333333334,-0.16966983121640594,-0.7653869679901641,-0.7262510908242465,3.263262087695205,-0.5860438916928402
11.066666666666666,-0.17675981894330858,-0.9382249524514834,-0.6969062350161866,3.78124071059205,-0.586048946031973
11.075,-0.18533982903256524,-1.1228548047824751,-0.6632030710415299,4.308978381721986,-0.5860562666054998
11.083333333333334,-0.19550184295006068,-1.3173877610468718,-0.6250714329010231,4.843226632236019,-0.5860664908216745
11.091666666666667,-0.20731075047443584,-1.516973571380542,-0.5824855118331205,5.376195729609266,-0.5860803170448496
11.1,-0.22077312239401345,-1.7121633233888496,-0.5355126105434257,5.892818714483917,-0.586098426014159
11.108333333333333,-0.23579138632645869,-1.8871544094853454,-0.48438652685852757,6.3677572894736985,-0.5861213172281045
11.116666666666667,-0.252106612557353,-2.0191050425215384,-0.42960081292791336,6.764114372649433,-0.5861490413713847
11.125,-0.26924755609419015,-2.0807380627616228,-0.37199305931561344,7.037579205847417,-0.586180886440723
11.133333333333333,-0.28652203512306856,-2.0479623541280825,-0.31276021213298233,7.148953582864338,-0.58621521460083
11.141666666666666,-0.303086500087937,-1.9101090915522605,-0.253344817498636,7.081086303682659,-0.5862497032372931
11.15,-0.31808678313412436,-1.6754238744894392,-0.1952036747733981,6.847888623329739,-0.586281998187623
11.158333333333333,-0.3308043963278628,-1.366775804159658,-0.1395685786463006,6.487010160940426,-0.5863103890297511
11.166666666666666,-0.34073729875508224,-1.011507289066372,-0.08731742958409393,6.042847150535453,-0.5863340890843337
11.175,-0.34759934804035886,-0.6331285719047722,-0.038980640943918884,5.552833752039927,-0.5863530907465679
11.183333333333334,-0.35127164511140996,-0.24812011281079527,0.005174079507679603,5.042389205270426,-0.5863678481354987
11.191666666666666,-0.3517442650452017,0.13359768926403676,0.045043332182567467,4.525981751425954,-0.5863790009209994
11.2,-0.34906869652899225,0.506891233433571,0.08060953249086143,4.010290266586799,-0.5863872127400547
11.208333333333334,-0.3433253602929348,0.8697026894874389,0.11188891996411192,3.497182452768285,-0.5863931182137103
11.216666666666667,-0.3346034608142182,1.221816758098288,0.13890093149134852,2.9858411708010077,-0.5863973035706271
11.225,-0.3229891856012617,1.564071674669314,0.16165191293219386,2.4741140477877708,-0.586400299086794
11.233333333333333,-0.3085590824533318,1.8978817546698667,0.18012765880599751,1.9593241336737306,-0.5864025815934141
11.241666666666667,-0.2913765831252447,2.224940188971235,0.19429126899793162,1.4387688234531657,-0.5864045798234337
11.25,-0.27149061901965965,2.546999079308602,0.2040844906087189,0.910083040921027,-0.5864066788851793
11.258333333333333,-0.248936042014496,2.8656429368546386,0.20943202050591894,0.37160910941349956,-0.5864092220124837
11.266666666666666,-0.2237362396640049,3.1819742020131843,0.21024939341399515,-0.177088137055969,-0.5864125085309009
11.275,-0.1959090809517146,3.4961082087900173,0.20645636663858274,-0.734381194540123,-0.5864168055621499
11.283333333333333,-0.16547823973500342,3.806376225597988,0.19799928737415612,-1.2952503706415748,-0.586422424094702
11.291666666666666,-0.1324926340552412,4.108158696490312,0.18488694633567418,-1.8493465973537533,-0.5864297436358771
11.3,-0.09705720273735485,4.392361070083216,0.16724527534554587,-2.378460177940036,-0.5864391627103999
11.308333333333334,-0.059376498083474824,4.643993549282987,0.14539317180277386,-2.8542114093275255,-0.5864509898060648
11.316666666666666,-0.01980570411717723,4.842091533063301,0.11992973015760475,-3.2381109530713554,-0.5864652679149434
11.325,0.02110988313216201,4.962878715451365,0.09179967956878891,-3.487269791362565,-0.5864815810044559
11.333333333333334,0.0626392700272947,4.987034885944067,0.06228087355500986,-3.5672069667003377,-0.586498976587476
11.341666666666667,0.10393913118485801,4.908088016016431,0.0328508010191781,-3.4665266129970993,-0.5865161473984601
11.35,0.14418020125758532,4.735748199170251,0.0049605968760356,-3.202703094425573,-0.5865318373835265
11.358333333333333,0.18266750271477866,4.491215868411359,-0.020179775165819237,-2.8138287790021645,-0.5865452167885712
11.366666666666667,0.21890041516674874,4.198519434644791,-0.04171066735915659,-2.343392568082861,-0.5865560024020063
11.375,0.2525658176537901,3.8778801698612537,-0.05911400383456235,-1.8285440066067806,-0.5865643381784948
11.383333333333333,0.2834935190194918,3.5432823128688504,-0.07213727878046175,-1.2956695587904288,-0.5865705936584239
11.391666666666666,0.311605028047375,3.202966869613879,-0.0807044425710332,-0.7610863368045985,-0.5865751996178639
11.4,0.33687188208727287,2.860972607320212,-0.08484222557280813,-0.23360299327076528,-0.5865785533525819
11.408333333333333,0.3592871002025296,2.5186376098933074,-0.08462847604155681,0.28294572776342053,-0.5865809789831138
11.416666666666666,0.37884763598161814,2.175720896987375,-0.0801591451169343,0.7877883536494833,-0.5865827437088498
11.425,0.39554449753677556,1.8311289360911762,-0.07152835437265952,1.2819791133693403,-0.5865841257599944
11.433333333333334,0.4093576426787682,1.4833622656472045,-0.05881657880579599,1.767637188844063,-0.5865854308858778
11.441666666666666,0.42025389346048697,1.1308081278162254,-0.04208401746222566,2.2474390316590815,-0.5865869912449332
11.45,0.428186938598486,0.7719627863060715,-0.021367612238313842,2.7242270717950916,-0.5865891672043964
11.458333333333334,0.43309917713540874,0.4056644025548153,0.003318679444572832,3.2005974504683437,-0.5865923509789569
11.466666666666667,0.4349258341110137,0.03142045531512968,0.03197959926431448,3.6783235802343404,-0.5865969700839642
11.475,0.43360254042694935,-0.35006930577395967,0.06462822970706734,4.157442628850843,-0.5866034882130269
11.483333333333333,0.42907850116703417,-0.736076239154015,0.10126590304283295,4.634800452674738,-0.586612413901722
11.491666666666667,0.4213382233450186,-1.1206201396638096,0.1418471989865843,5.101916793625777,-0.5866242898609901
11.5,0.4104348624203156,-1.492946767112158,0.18622458064927883,5.542304384034036,-0.5866396123040203
11.508333333333333,0.3965357021023524,-1.8363022641530873,0.23407140849794228,5.929235848266357,-0.5866586712609516
11.516666666666666,0.37997190761205096,-2.128444400784275,0.2847961666500569,6.226398343836016,-0.5866813172552183
11.525,0.3612700582251829,-2.34576879374658,0.3374857078727375,6.394663712368361,-0.5867067392154569
11.533333333333333,0.34113239314145255,-2.4712064681871824,0.39093381951642586,6.405328578580358,-0.5867334363366976
11.541666666666666,0.32034811309597383,-2.5018586886325194,0.4437860386932586,6.25306190877685,-0.5867595299457956
11.55,0.29966378489561357,-2.450383588544528,0.4947544958571772,5.958411212907917,-0.5867833049293786
11.558333333333334,0.27967500261131917,-2.3389498312160235,0.5427984342724562,5.557795240429903,-0.5868036460684491
11.566666666666666,0.26078266067151257,-2.1908581746431675,0.5871973324398735,5.08955937809767,-0.5868201454279014
11.575,0.24320942815419835,-2.025015068371351,0.627523983807474,4.5848227266713435,-0.5868329430975059
11.583333333333334,0.22704538102939054,-1.8543247605909148,0.663569624503138,4.064887993733214,-0.5868424886045296
11.591666666666667,0.21229588841489266,-1.6864343437824034,0.6952660180183776,3.5425579193455183,-0.5868493480006728
11.6,0.1989194589207885,-1.5251888403281708,0.7226247367260256,3.024595722682339,-0.5868540875125489
11.608333333333333,0.18685367971225184,-1.3719562487850623,0.745696423977784,2.5139324725428835,-0.5868572175589759
11.616666666666667,0.17603159510116384,-1.2265883759061118,0.7645458746888243,2.0112439689980914,-0.5868591727691221
11.625,0.1663915361793051,-1.088045548804717,0.7792377697753333,1.5159553026041843,-0.5868603098746346
11.633333333333333,0.15788282166914047,-0.9547787527980565,0.7898289616580138,1.0268359325555958,-0.5868609128895477
11.641666666666666,0.15046898032528272,-0.8249545763380866,0.7963645329577819,0.542330941114828,-0.5868612002051168
11.65,0.1441295335316833,-0.6965840159939998,0.7988758881814453,0.060731451244785364,-0.5868613311651931
11.658333333333333,0.13886095893859385,-0.5675961702278965,0.7973798423566114,-0.41974585611027576,-0.586861413498799
11.666666666666666,0.1346771585126227,-0.4358858015606828,0.7918781984683908,-0.9009182051921445,-0.5868615445704523
11.675,0.13160964209453024,-0.29933495653764813,0.7823574287768638,-1.3846524017643371,-0.586861863763498
11.683333333333334,0.12970754978969717,-0.15583488126188463,0.7687881843222,-1.872879303449111,-0.5868625624540174
11.691666666666666,0.1290374419313439,-0.0033209006762373186,0.7511247764829748,-2.367585722670658,-0.5868638894229218
11.7,0.129682700576266,0.1601657258778119,0.7293048789955571,-2.8707639115735053,-0.5868661584797151
11.708333333333334,0.1317422138675384,0.33636209329662,0.7032499738422336,-3.384274425499613,-0.5868697598207009
11.716666666666667,0.13532773312700158,0.5265714794585793,0.6728675350241672,-3.909550508743742,-0.5868751738310592
11.725,0.14055881288624167,0.7312798157474412,0.6380567485939883,-4.4470187436012525,-0.586882983304448
11.733333333333333,0.1475534581753311,0.9494861055317435,0.5987208933978786,-4.995040606353131,-0.5868938791415913
11.741666666666667,0.156411471789756,1.1775925653543355,0.5547914521296833,-5.548107449498756,-0.5869086463285668
11.75,0.16718621696998762,1.4077221383032033,0.506271278118899,-6.0940475348359255,-0.5869281043072727
11.758333333333333,0.1798402043694341,1.6255823415614876,0.45330487965051947,-6.610410438483464,-0.586952960586358
11.766666666666666,0.194183668878634,1.808770619782896,0.3962779159670789,-7.061487076034164,-0.5869835356110514
11.775,0.2098082463240007,1.9277882753502447,0.3359265917528697,-7.399745321840832,-0.5870193753767252
11.783333333333333,0.22605090161600355,1.9526661593073422,0.27339893210316685,-7.5765927650632205,-0.5870589288747876
11.791666666666666,0.24203745421450407,1.864813759062688,0.21018548482962526,-7.561914054438208,-0.5870996295271288
11.8,0.2568227410365595,1.666640881165427,0.147890415384247,-7.3599570223462525,-0.5871385646767118
11.808333333333334,0.269568835568572,1.3802036589769024,0.0879404119676903,-7.006927588786813,-0.5871733835983732
11.816666666666666,0.27966645014950575,1.0361658533818727,0.03138926925488161,-6.552531904001673,-0.587202827645267
11.825,0.28675711990935976,0.6626343848373978,-0.021112556363593146,-6.041533939433437,-0.5872266721040255
11.833333333333334,0.29068562334967285,0.27992885705136056,-0.0692343323438289,-5.505379557389719,-0.5872453525731186
11.841666666666667,0.29143220261804503,-0.09951604658898044,-0.1128507603903923,-4.962383792779445,-0.5872595957345941
11.85,0.28905459992828564,-0.46915685086441256,-0.1519465869959532,-4.421304432698292,-0.5872701876464561
11.858333333333333,0.28364800261774914,-0.826241293357672,-0.18655268071600858,-3.884984476072627,-0.5872778832837315
11.866666666666667,0.2753202951377791,-1.1702685761621214,-0.21670847799168327,-3.3529868854227454,-0.587283374228371
11.875,0.2641777112669785,-1.5020116178161305,-0.24244212399019113,-2.8232468609964956,-0.5872872771709562
11.883333333333333,0.2503168383547536,-1.822941016940366,-0.2637612794277097,-2.2930308518218223,-0.5872901369629147
11.891666666666666,0.23382032045967832,-2.1348898140681145,-0.2806500250351664,-1.7594813943755474,-0.5872924342060112
11.9,0.21475478204360407,-2.439839055619562,-0.2930693162205722,-1.2199527856676888,-0.5872945924452396
11.908333333333333,0.1931703458415895,-2.739736814825976,-0.30095989071944185,-0.6722858584239254,-0.5872969827916682
11.916666666666666,0.16910177538640897,-3.036277147487073,-0.3042476467328102,-0.115146718101715,-0.5872999249452762
11.925,0.14257189552762978,-3.3305589613267603,-0.30285257086645834,0.4514328715101791,-0.587303686585622
11.933333333333334,0.11359872845075908,-3.6225177739898413,-0.2967036724533076,1.0251248268936806,-0.5873085318290736
11.941666666666666,0.08220859727872877,-3.910047762650012,-0.28576370619174496,1.5998660369616817,-0.5873147995656578
11.95,0.04845821657221268,-4.1877099251656205,-0.2700686756688808,2.163724128359422,-0.5873228933453363
11.958333333333334,0.012469099077574881,-4.4451162318716175,-0.2497877124234204,2.6962281978917746,-0.5873332152338318
11.966666666666667,-0.025525087022379305,-4.665604682808234,-0.2253041551606626,3.166240392533055,-0.5873460337850754
11.975,-0.06512618956002925,-4.826697154407327,-0.19730370945110018,3.5329471045346876,-0.5873612867941379
11.983333333333333,-0.10573762901132898,-4.904344427950389,-0.16682907273856692,3.753411732195593,-0.5873783909745905
11.991666666666667,-0.14658390003030244,-4.881226897637076,-0.1352405005013945,3.7970989128359984,-0.587396217654711
12.0,-0.18680308396692755,-4.754894233113172,-0.10404910912775873,3.660012078760467,-0.5874133607451992
12.008333333333333,-0.2255830945475346,-4.539240928470018,-0.07467462805897951,3.367164134670755,-0.5874285922178216
12.016666666666666,-0.2622746756129328,-4.257921768840575,-0.048244551056385525,2.960993941688512,-0.5874412052058552
12.025,-0.2964342314847862,-3.935291723744441,-0.025516516223156604,2.4854549378949207,-0.5874510607869017
12.033333333333333,-0.3278021932974471,-3.590587999792398,-0.006914151958370453,1.975729453910424,-0.5874584171067987
12.041666666666666,-0.35625167157955295,-3.2364469184703166,0.007384032575489101,1.4554930698613846,-0.5874637158185937
12.05,-0.3817367317059785,-2.879930222060492,0.01735392908118974,0.9385771167787469,-0.5874674278938145
12.058333333333334,-0.40425297357839973,-2.52422266637349,0.02305566173866923,0.43183954639494415,-0.5874699730574845
12.066666666666666,-0.4238116477755077,-2.1701046393512153,0.02458643471958696,-0.06232023189303133,-0.5874716901246627
12.075,-0.4404242250272308,-1.816986826055009,0.0220512931003405,-0.5441800994053746,-0.5874728403226416
12.083333333333334,-0.4540939517214138,-1.463567020217843,0.015545975604554247,-1.0155527291169366,-0.5874736630344206
12.091666666666667,-0.46481164698236516,-1.1082145412647988,0.005147142903870505,-1.4791167601123505,-0.5874744148011797
12.1,-0.4725540626249596,-0.7492184171337666,-0.009092886611941405,-1.9379730957834849,-0.5874753716321663
12.108333333333333,-0.47728403022323707,-0.3849801869330452,-0.02714816755006165,-2.395292744247237,-0.5874768314822043
12.116666666666667,-0.47895224189856095,-0.014225802194281954,-0.0490181713380644,-2.8539306225419208,-0.587479118398632
12.125,-0.4775011540045312,0.3636815436806165,-0.07472299733816373,-3.3158661103356306,-0.5874825883498429
12.133333333333333,-0.4728722649715891,0.7482274030632601,-0.10429261071914468,-3.7812990169712988,-0.5874876513818063
12.141666666666666,-0.46501886529099157,1.136927970194118,-0.13774648231545164,-4.247216964321909,-0.5874947884073788
12.15,-0.45392724691219405,1.5241091630901935,-0.17505843904050025,-4.705262565321774,-0.5875045255372444
12.158333333333333,-0.439649586176838,1.8993697090378172,-0.21610108550596754,-5.139035198569572,-0.5875173589607665
12.166666666666666,-0.42234919550216204,2.246309346991471,-0.260568322265395,-5.521802776492656,-0.5875336068793646
12.175,-0.40235063403017074,2.542944582795793,-0.307888387171073,-5.817046014410295,-0.5875531882824089
12.183333333333334,-0.3801725601345429,2.7657072031316856,-0.35716485999961733,-5.985099012450569,-0.5875754056039032
12.191666666666666,-0.3565102352089767,2.8972624663861244,-0.40720223798096616,-5.996365080236972,-0.5875989043929688
12.2,-0.3321491922416675,2.934206713979611,-0.4566484599407007,-5.84446411064781,-0.5876219553788157
12.208333333333334,-0.3078369152268794,2.888635564547999,-0.5042098448205603,-5.549075236358592,-0.5876429632536485
12.216666666666667,-0.2841742624549813,2.7822538112691793,-0.5488341767189662,-5.146145552045742,-0.5876608856762736
12.225,-0.2615706693277395,2.6380374396582065,-0.5897871850270415,-4.673922683135568,-0.5876753428056137
12.233333333333333,-0.24025959630858146,2.4746686593475853,-0.6266281375528577,-4.163649679636915,-0.5876864707027493
12.241666666666667,-0.22034353634409082,2.3048789728505708,-0.6591361919803556,-3.636834074090043,-0.5876946960606951
12.25,-0.20184161256205999,2.136163990448461,-0.6872327795618306,-3.1064843305051224,-0.5877005528327057
12.258333333333333,-0.18472731038854953,1.9722255569536447,-0.7109207368169301,-2.579538424640746,-0.5877045713591394
12.266666666666666,-0.16895436804096686,1.814292743703128,-0.730243267835592,-2.0590636340959807,-0.5877072249745074
12.275,-0.1544731240645971,1.6620818966615063,-0.7452587053459273,-1.5458344570009879,-0.5877089109183786
12.283333333333333,-0.14124031828006406,1.5144213249776364,-0.7560259424794269,-1.0393394311640702,-0.5877099482356795
12.291666666666666,-0.1292247642624736,1.369633318416127,-0.7625964288779651,-0.538376894311175,-0.5877105825477486
12.3,-0.11841054559781503,1.2257586697646385,-0.7650099360362214,-0.0413845671764656,-0.5877109925538743
12.308333333333334,-0.1087987738884206,1.080686445782488,-0.7632923404038147,0.4533895578191379,-0.5877112990251766
12.316666666666666,-0.10040849518961655,0.9322323801740974,-0.7574544664794685,0.9477988655830659,-0.5877116128787632
12.325,-0.09327713383080379,0.7781740238485649,-0.7474912901657323,1.4437968678294608,-0.5877120904672661
12.333333333333334,-0.08746070612758905,0.616276053222615,-0.733381040011042,1.9434513628115326,-0.5877129431261882
12.341666666666667,-0.08303381338842403,0.44431902126037176,-0.7150842039339156,2.448952461016841,-0.587714442833942
12.35,-0.08008933791703135,0.26014505831125767,-0.6925425538156595,2.962595044787482,-0.5877169303662035
12.358333333333333,-0.0787376078398694,0.061744740071012445,-0.6656785543515381,3.4866956711057617,-0.587720826107764
12.366666666666667,-0.07910453332525356,-0.15257406340556756,-0.6343959583866524,4.0233762118383485,-0.5877266433221117
12.375,-0.0813277597036901,-0.3838639164654248,-0.5985831504800815,4.574095162721485,-0.5877350050423811
12.383333333333333,-0.085549116552818,-0.6319472780379041,-0.5581220927541513,5.13873088938817,-0.587746661623607
12.391666666666666,-0.09190042534016758,-0.8943774398801992,-0.5129078080725923,5.71390811641352,-0.5877624912768729
12.4,-0.10047801542227013,-1.1647341300558436,-0.46288629824956784,6.290186408642513,-0.587783459933858
12.408333333333333,-0.11129986196843585,-1.4301757917359057,-0.40812143089842123,6.847942363142801,-0.5878104946166387
12.416666666666666,-0.12424083484829464,-1.6688329609000303,-0.34889908564697153,7.352868508636917,-0.5878442068041178
12.425,-0.1389523646843174,-1.8492120493228146,-0.2858591913981618,7.75467639786614,-0.5878844372213066
12.433333333333334,-0.1547988831086819,-1.9354989988883196,-0.2201027712381515,7.995547956164367,-0.5879297618864714
12.441666666666666,-0.17087197078696367,-1.900668255778388,-0.15317254369878466,8.031660309157562,-0.5879773701312045
12.45,-0.18612628357918795,-1.7406052851335347,-0.08683267401674358,7.856535182617747,-0.5880237130813647
12.458333333333334,-0.19959188200464853,-1.4765377871792418,-0.022722453604993212,7.5049617809670774,-0.5880656771976956
12.466666666666667,-0.21054306505548032,-1.1432108978923092,0.03791671745744171,7.033247394650693,-0.5881014406255513
12.475,-0.21854720501059524,-0.7742079204891209,0.09431494982235307,6.494956107924507,-0.5881305372712542
12.483333333333333,-0.22341689247485638,-0.39420457125306446,0.14608905648019835,5.928421236959062,-0.5881534086250956
12.491666666666667,-0.2251292804803457,-0.01828064669618592,0.19310678346269686,5.3560307234737525,-0.5881709098878903
12.5,-0.2237551614288192,0.3456995586879698,0.23537036151858742,4.788494004903564,-0.5881839867588814
12.508333333333333,-0.2194101579103502,0.6944521511944272,0.2729387784953529,4.229387659718172,-0.5881935359658415
12.516666666666666,-0.21222512927796425,1.0273501227115016,0.3058829270028133,3.678419984913624,-0.5882003653046788
12.525,-0.2023294463225323,1.3452283472132487,0.33426243979149695,3.1334272402210077,-0.5882051816182388
12.533333333333333,-0.18984192858325344,1.6497016685533716,0.35811521029170823,2.591488469410851,-0.5882085964674649
12.541666666666666,-0.17486605698318003,1.9427914562773312,0.37745380057268385,2.0495138474786847,-0.5882111376481413
12.55,-0.1574875342439393,2.226716398363517,0.3922654476289865,1.5045524555058984,-0.5882132603407421
12.558333333333334,-0.13777324372515073,2.5037533507471594,0.40251403948915776,0.9539787640232291,-0.5882153554834949
12.566666666666666,-0.11577131259584664,2.7761014806454196,0.40814353984215374,0.39567068573020125,-0.5882177545400425
12.575,-0.09151249906427963,3.045689974911635,0.40908321085836064,-0.17171914658814025,-0.5882207303973119
12.583333333333334,-0.06501367397586041,3.3138515880307198,0.4052559389884004,-0.7482605266837384,-0.5882245134268246
12.591666666666667,-0.036284894281200214,3.5807762910906966,0.3965922432911353,-1.3318717758415568,-0.5882293816869638
12.6,-0.0053422547668727175,3.844645165675736,0.3830535711828851,-1.9169170179325696,-0.5882357052812306
12.608333333333333,0.027770217853225053,4.100316128101019,0.3646704031831903,-2.492038256010388,-0.5882439240391075
12.616666666666667,0.06294598381097574,4.337633121110942,0.3416013364658595,-3.037358771018668,-0.5882544791432983
12.625,0.09996745590582741,4.539931057729543,0.31421512665671814,-3.5220512239008674,-0.5882676745507831
12.633333333333333,0.13845071249353,4.684251421777879,0.2831830468575546,-3.9048799927885294,-0.5882834653865727
12.641666666666666,0.17780689162277635,4.745471995067838,0.24954102878071757,-4.14149450602981,-0.5883012461065433
12.65,0.21725777750075775,4.704948739326457,0.21465708264618807,-4.199454025446122,-0.5883198112289844
12.658333333333333,0.25592934697719066,4.559439331921333,0.18006369035866554,-4.073625410314904,-0.5883376377921298
12.666666666666666,0.29299517958544224,4.323122551972397,0.14720472470625676,-3.789533554003586,-0.5883533866231563
12.675,0.32779788636899476,4.020753922011346,0.1172218366464075,-3.3913282489857712,-0.5883662881366023
12.683333333333334,0.3598958691328982,3.6779068794426104,0.09087163659043915,-2.9247130512177653,-0.5883761981105458
12.691666666666666,0.38904041672937645,3.3146848943250355,0.06856483666466782,-2.425911910560121,-0.5883834085023275
12.7,0.41512089693575843,2.944165843254921,0.050461706786235835,-1.9188651695734187,-0.5883884112968026
12.708333333333334,0.4381099609950772,2.5735547468473072,0.03656827307039675,-1.417152308580897,-0.5883917299322786
12.716666666666667,0.4580222523415442,2.2060229008518686,0.026809602044186375,-0.9271360903104378,-0.5883938328415351
12.725,0.47488763731683536,1.8422722665290774,0.021078165986108496,-0.4506559646220395,-0.588395102747006
12.733333333333333,0.4887354323640701,1.4816094885504367,0.019263219935075276,0.013110636623893744,-0.5883958342477518
12.741666666666667,0.4995857809103526,1.1226111954198759,0.021267733040351386,0.4664821160801765,-0.5883962459828399
12.75,0.5074453674931441,0.7635188162503055,0.027017642231219652,0.9125655071951808,-0.5883965282098719
12.758333333333333,0.5123056318672622,0.40246147620774286,0.036466606227874426,1.354853023723666,-0.5883968826322454
12.766666666666666,0.5141425182095661,0.037616365925808234,0.049597935710627594,1.7969209541784743,-0.5883975278465505
12.775,0.5129175409342153,-0.3326248522163565,0.06642403710740534,2.2421166774548165,-0.5883987047139307
12.783333333333333,0.5085805140658498,-0.7094108876628501,0.08698278120581027,2.69311220988357,-0.5884006999194188
12.791666666666666,0.5010749091721949,-1.0930292603741965,0.11132913504959961,3.1511861976391384,-0.5884038757351023
12.8,0.4903476273935235,-1.4822257275831177,0.13951897590476164,3.6150271193595267,-0.5884086768620982
12.808333333333334,0.47636604369221686,-1.8731223474717684,0.17158017708493659,4.078844719511625,-0.5884156193055953
12.816666666666666,0.45914593043037155,-2.2576997816206283,0.20746472021447254,4.529722949923723,-0.5884252441418
12.825,0.43879299124763227,-2.622149333122583,0.24697701380037732,4.944727419393538,-0.588438008205701
12.833333333333334,0.4155553003844177,-2.9461670176197674,0.2896828275798904,5.289596619815582,-0.5884540915664854
12.841666666666667,0.3898709938493434,-3.2051677408186774,0.3348254338431461,5.522416456838281,-0.5884731547073243
12.85,0.3623792330880054,-3.3769438946825865,0.38130374784348803,5.604936021187257,-0.5884941829954082
12.858333333333333,0.3338624519522827,-3.450724701297238,0.4277677873051348,5.518093258920341,-0.5885156126115796
12.866666666666667,0.3051244585218469,-3.4323468105604533,0.4728246254914067,5.271012133062277,-0.5885357745619699
12.875,0.27685964724700707,-3.3410503903926454,0.515261175298706,4.895746557168059,-0.5885534002371458
12.883333333333333,0.24957574639822122,-3.2008783782211245,0.5541772856618445,4.432784469135267,-0.5885678729743065
12.891666666666666,0.22358756467865806,-3.0331729678604793,0.5889989456559637,3.91836367130322,-0.5885791646605283
12.9,0.199056106315418,-2.853297519859975,0.6194147958180842,3.378932548810713,-0.5885876180818258
12.908333333333333,0.17603980685705883,-2.670678681636808,0.6452921674744477,2.8312206875626877,-0.5885937366541945
12.916666666666666,0.15453855338762815,-2.4902074180380414,0.6666052560553839,2.284591370701688,-0.5885980454978534
12.924999999999999,0.13452504591398354,-2.313744810612071,0.6833844896999453,1.7435546110196165,-0.5886010197821917
12.933333333333334,0.11596493389526236,-2.141280921379345,0.6956845512596389,1.2096824010278422,-0.5886030563236362
12.941666666666666,0.09882894564071555,-1.9717076730656928,0.703565543023046,0.6828653654505484,-0.588604467658421
12.95,0.08309988179140292,-1.8032962975922218,0.7070824035583309,0.16206687095183633,-0.5886054857295508
12.958333333333334,0.0687765076772461,-1.6339794866870923,0.7062791177501727,-0.35425422149994124,-0.5886062695596256
12.966666666666667,0.05587561443273798,-1.461519194757833,0.7011855894947935,-0.8679093596869112,-0.5886069461284723
12.975,0.04443303574145938,-1.283592403726553,0.6918158308354846,-1.3808973399587705,-0.588607682808642
12.983333333333333,0.03450415236132208,-1.0978374009800733,0.6781664661984517,-1.8953916186862754,-0.588608704596735
12.991666666666667,0.026164064527773367,-0.901888656099571,0.6602152704606298,-2.413744070346067,-0.5886102990337152
13.0,0.019507476484587533,-0.693414289227164,0.6379196622453095,-2.938486596312856,-0.5886128239073649
13.008333333333333,0.01464818071680605,-0.4701792899168579,0.6112153212003387,-3.472292090631423,-0.5886167181116926
13.016666666666666,0.01171778997513379,-0.2301705090994343,0.5800154960897074,-4.0178349066409105,-0.5886225157545164
13.025,0.010862967555271769,0.0281544344043505,0.544212232394845,-4.577447152119966,-0.5886308627040008
13.033333333333333,0.012239710343538183,0.30538507507883156,0.503681913248287,-5.15238741915636,-0.5886425334653993
13.041666666666666,0.01600204432204127,0.600263131490167,0.4582995243499155,-5.741416127484542,-0.5886584476195379
13.049999999999999,0.022280690834193286,0.9081232464660818,0.4079691616316623,-6.338239153949893,-0.5886796580525122
13.058333333333334,0.031145064655534495,1.2184278456392674,0.35268217794601114,-6.927382860125695,-0.5887072598849943
13.066666666666666,0.0425413209890697,1.5115976341979491,0.2926158319826831,-7.4787765183011965,-0.5887421508545948
13.075,0.05620596830864595,1.7567827662769506,0.22827449548942422,-7.9437263570026495,-0.5887845715616342
13.083333333333334,0.07157828761094791,1.914669688852472,0.16063614546917396,-8.259129918228394,-0.5888334848445992
13.091666666666667,0.08777358073312345,1.9496357998399747,0.09120142534165254,-8.36728644222863,-0.5888861814407287
13.1,0.10368853321451288,1.8475703037302875,0.021825508252179295,-8.24534104087023,-0.5889387108592976
13.108333333333333,0.11822832633176904,1.6245055136506226,-0.045651520983713285,-7.919561211718708,-0.5889871856403258
13.116666666666667,0.13052857160959266,1.3168700864791467,-0.10976506041803111,-7.449067311702104,-0.5890290386113163
13.125,0.14005039252542642,0.9636172125476987,-0.1695755842583762,-6.896248481279079,-0.5890633676702889
13.133333333333333,0.1465464684224236,0.5947113952524901,-0.22460604012489774,-6.308039188719363,-0.5890904937937824
13.141666666666666,0.14997156184899665,0.22886311052067054,-0.27469096335134646,-5.712653431702131,-0.5891113406205278
13.15,0.15039734286776726,-0.12403327669884352,-0.3198364497734947,-5.124007072330251,-0.5891269943270975
13.158333333333333,0.14795242329180952,-0.4597240616788518,-0.3601243558709579,-4.547187016037478,-0.5891384874073893
13.166666666666666,0.14278604214969517,-0.7771944765998009,-0.3956568225754313,-3.98250674406648,-0.5891467367727293
13.174999999999999,0.13504783506369505,-1.077178508718062,-0.4265277500121294,-3.4279791830647675,-0.5891525336965611
13.183333333333334,0.12487712312363816,-1.361316794217537,-0.45280990443976527,-2.880679270416575,-0.5891565507906484
13.191666666666666,0.11239742768005083,-1.6317080915836764,-0.47455033799445034,-2.337438998670628,-0.5891593570938907
13.2,0.09771372680002634,-1.890676693210401,-0.49176991814266063,-1.7951778321141338,-0.589161433265924
13.208333333333334,0.08091114721249781,-2.140646585920388,-0.5044647612861931,-1.2510526621489133,-0.5891631838714975
13.216666666666667,0.06205450239767238,-2.3840552734900564,-0.5126085709499754,-0.702539983159127,-0.5891649459540506
13.225,0.041188550314483686,-2.62326010131139,-0.5161556594267435,-0.14752984889579995,-0.5891669938643083
13.233333333333333,0.01833921558389425,-2.8603917769706926,-0.5150450627324098,0.4154901765161934,-0.589169542361125
13.241666666666667,-0.006483526223933836,-3.097090867253553,-0.5092069698574843,0.9870445946745001,-0.5891727948128987
13.25,-0.03327990414253579,-3.334074653633232,-0.4985734978994319,1.5660038903398403,-0.5891770329958347
13.258333333333333,-0.062049901172806406,-3.570414685217891,-0.48309685876383146,2.1484271851179297,-0.5891826341239705
13.266666666666666,-0.09277512074072024,-3.802400302992573,-0.46278002574440036,2.725696063213078,-0.5891900549869902
13.275,-0.12538930221726388,-4.0219635432297975,-0.4377261399445225,3.2819055177212175,-0.5891997795218546
13.283333333333333,-0.15973477680389975,-4.2149845893484645,-0.40821120944073924,3.7910626867593447,-0.5892122033735877
13.291666666666666,-0.19550781495708353,-4.360596395270221,-0.37477492864330225,4.216012442848096,-0.5892274390814941
13.299999999999999,-0.23220943205979389,-4.433585349782674,-0.3383011190667731,4.512678068356349,-0.5892450815686734
13.308333333333334,-0.26913575384892624,-4.411557641275528,-0.30002936042747563,4.642452465466347,-0.5892640787484219
13.316666666666666,-0.305442395109406,-4.28469404630854,-0.2614391329591904,4.58894876843326,-0.5892828985769607
13.325,-0.3402773963243094,-4.061151449000341,-0.2240167560052578,4.367147205516811,-0.5893000031841137
13.333333333333334,-0.37292100053480715,-3.7631313103334754,-0.1890121342960121,4.016411103886467,-0.5893143387130484
13.341666666666667,-0.4028634060877094,-3.417136456338677,-0.15730406441975694,3.583513976549227,-0.589325525642041
13.35,-0.42980369601201424,-3.045845207154798,-0.12940263702746022,3.1085184655462834,-0.5893337308497919
13.358333333333333,-0.4536013976239951,-2.6649377281751856,-0.10553399431553824,2.6192481461406136,-0.5893394181167627
13.366666666666667,-0.47421847957108837,-2.2835690389553944,-0.08574189018776786,2.1320805810378207,-0.5893431403338292
13.375,-0.49167215776277107,-1.9061621898283052,-0.06997071395152533,1.6550358526039772,-0.5893454203525791
13.383333333333333,-0.5060029854687209,-1.5341484659926814,-0.058122135630668585,1.1907855215509615,-0.589346701519138
13.391666666666666,-0.5172555261193862,-1.1672265870958585,-0.05008995089609255,0.7388399986878299,-0.5893473370256667
13.4,-0.5254675055677689,-0.8041574514322208,-0.045780146980595536,0.2969403307484751,-0.5893475959145116
13.408333333333333,-0.5306641167529955,-0.4432297962567693,-0.045121890276154465,-0.13811391114390156,-0.589347673689287
13.416666666666666,-0.5328553062287652,-0.08253060962644226,-0.04807314552566581,-0.5699680441616065,-0.5893477106219304
13.424999999999999,-0.5320348420759937,0.27988793803536416,-0.05462295835165397,-1.0023944938038778,-0.5893478393502893
13.433333333333334,-0.5281805689714826,0.6458758208186667,-0.06479148484823233,-1.4390420728131996,-0.5893482232196577
13.441666666666666,-0.5212558876465921,1.0170148117104296,-0.07862769942998014,-1.8831133160605775,-0.589349086278094
13.45,-0.5112130579080255,1.3943353308100306,-0.09620371437992511,-2.336848142248651,-0.589350726532587
13.458333333333334,-0.49799967327428796,1.7778201933686837,-0.11760341026788519,-2.8006431020119846,-0.5893535252434335
13.466666666666667,-0.48157058501911215,2.165570316196529,-0.1429014708104858,-3.271590051390419,-0.5893579495378598
13.475,-0.46190862450635206,2.552513384574258,-0.1721270643995011,-3.7412281681611654,-0.5893645348006026
13.483333333333333,-0.4390579850017867,2.9286902150907976,-0.20520551467135473,-4.19256592032539,-0.5893738233150275
13.491666666666667,-0.41317206975626597,3.2776533607627005,-0.24187480448672066,-4.597288372365569,-0.5893862293815387
13.5,-0.38456942449869014,3.576468157402694,-0.28158782130509497,-4.915713478034367,-0.5894018202432474
13.508333333333333,-0.35377516349232524,3.7995461957818075,-0.32343919429021095,-5.103349754100867,-0.5894200773813221
13.516666666666666,-0.3215106367240144,3.9270281770152167,-0.36618103209834163,-5.125328984190631,-0.5894398139120256
13.525,-0.28860642738798087,3.95369491117665,-0.4083710163811718,-4.971839679256489,-0.5894594221971888
13.533333333333333,-0.25586393310066907,3.8913793848159495,-0.4486102133344227,-4.662470476290465,-0.5894773822025735
13.541666666666666,-0.2239343638034784,3.7627664159724903,-0.48575270055057124,-4.235761822749386,-0.5894927010546568
13.549999999999999,-0.19326748652487213,3.5920998568935163,-0.5189968328419491,-3.73337995678796,-0.5895050344096405
13.558333333333334,-0.16412789896817717,3.398934501053487,-0.5478612752402099,-3.1894310630296308,-0.5895145370037987
13.566666666666666,-0.1366442823251714,3.1963249479079687,-0.5721044484426171,-2.627323159001099,-0.5895216316225848
13.575,-0.1108611118454861,2.9916760268880593,-0.5916393295140661,-2.0611577683281626,-0.5895268245128644
13.583333333333334,-0.08677905673281346,2.7883683442949048,-0.6064670276885685,-1.4984379635484169,-0.5895305973354112
13.591666666666667,-0.06438218766235107,2.587213772667584,-0.6166323126051624,-0.9424842113992019,-0.589533357875588
13.6,-0.04365476706335491,2.38749293277988,-0.6221963541475682,-0.39413730764431126,-0.5895354245536082
13.608333333333333,-0.024591025188166978,2.1876179941333946,-0.6232208733685262,0.1471770871900368,-0.5895370268777609
13.616666666666667,-0.007200577972018419,1.985535965810342,-0.6197591915153756,0.6828215584481053,-0.5895383262887673
13.625,0.00848877385095291,1.7789622942978185,-0.6118512515775076,1.214610934421469,-0.5895394983295618
13.633333333333333,0.02242966760927421,1.5655022068760172,-0.5995204774394972,1.74468026285972,-0.5895407766872461
13.641666666666666,0.03455459890482555,1.3427265490424702,-0.5827713960212095,2.275423859476676,-0.5895424576010696
13.65,0.044775868214165675,1.1082263682209366,-0.5615875908113792,2.8094703931670444,-0.5895449057234219
13.658333333333333,0.0529859884005001,0.859673978416676,-0.5359298690380948,3.3496480590616966,-0.5895485633212254
13.666666666666666,0.059058746690174184,0.5949260834948427,-0.5057349593233211,3.8988801911365654,-0.5895539629897593
13.674999999999999,0.06285148352707313,0.3122245373920377,-0.47091567375189,4.459918386420119,-0.5895617434276704
13.683333333333334,0.06420976151475757,0.010589578409289327,-0.43136449169497654,5.034753809743461,-0.5895726659764852
13.691666666666666,0.06297664154982134,-0.30943375734915346,-0.38696428457703375,5.623434389807921,-0.5895876261509223
13.7,0.05901048089099713,-0.6444302219293497,-0.3376127952848133,6.221865167893155,-0.5896076550721763
13.708333333333334,0.05221740236725673,-0.9858990670275634,-0.28327140367650405,6.8181059383623746,-0.5896338678795545
13.716666666666667,0.04260616480611837,-1.3171442587584483,-0.2240517085249077,7.387072292710974,-0.5896672766663844
13.725,0.030369573321574844,-1.6103592414674242,-0.16034798569423458,7.885389024705593,-0.589708391543666
13.733333333333333,0.01597834731912113,-1.8273574769507919,-0.09299359914921998,8.252139163719376,-0.5897566074797891
13.741666666666667,0.0002356810292290242,-1.9289871702886827,-0.023356116176225638,8.424049292608638,-0.5898096606446092
13.75,-0.015785854854829508,-1.8928985435852397,0.046760123256081726,8.364784839661418,-0.5898637671696693
13.758333333333333,-0.03094911473127396,-1.7268471627355302,0.11544597793019673,8.087029764526777,-0.5899147639435853
13.766666666666666,-0.04429674825635301,-1.4638635491269918,0.18108512848480204,7.644446252416782,-0.5899595446660714
13.775,-0.05519106205329248,-1.1445220817178896,0.24257818717659332,7.102299618705681,-0.589996720809552
13.783333333333333,-0.06331012799878018,-0.8024550290760741,0.2993297826553746,6.513747975638668,-0.590026337018356
13.791666666666666,-0.06856443757846926,-0.45973950795015595,0.3511073856895818,5.91267769922166,-0.5900492286090367
13.799999999999999,-0.07100515382657752,-0.12857995594011762,0.39789006507062397,5.3169024507963965,-0.5900665010303148
13.808333333333334,-0.07075548720279334,0.18540618469609207,0.4397582599306042,4.733840989478689,-0.5900792449698128
13.816666666666666,-0.06796780971557118,0.4804663933378928,0.4768274778095579,4.165110865368889,-0.5900884279894817
13.825,-0.06279939946003289,0.7569545159803208,0.5092131589882809,3.60944042518135,-0.5900948800966743
13.833333333333334,-0.055399515127192545,1.0163188339953277,0.5370141111952889,3.0643035696805976,-0.5900993010521796
13.841666666666667,-0.04590279846790776,1.2605547817619054,0.5603059962362181,2.5267675074990983,-0.5901022755517424
13.85,-0.03442602646231211,1.4919216999993117,0.5791398472954665,1.9938975043874845,-0.590104290097554
13.858333333333333,-0.02106657961165809,1.712798491150993,0.5935428837272014,1.462929938524295,-0.5901057475134845
13.866666666666667,-0.00590180125504739,1.9256048936091432,0.6035202499373995,0.9313364485813876,-0.5901069779644925
13.875,0.011011099806582964,2.1327438402184304,0.6090571037899613,0.39685368880456234,-0.5901082464483417
13.883333333333333,0.02963464133062223,2.3365328093776805,0.6101209995957917,-0.14246721514454855,-0.5901097570540011
13.891666666666666,0.04994991972962585,2.53908702941236,0.6066649850750886,-0.6881236513865754,-0.5901116689184833
13.9,0.07195414957333454,2.742118555167275,0.5986324394734175,-1.2408807838214437,-0.590114176168969
13.908333333333333,0.09565605948337463,2.9466071774832288,0.5859649868708688,-1.8002843588962383,-0.5901175569864766
13.916666666666666,0.12106763605834578,3.1522364845594457,0.5686160484093078,-2.3637662736535017,-0.5901221775801666
13.924999999999999,0.14818985360038972,3.3564978730350816,0.5465740947856512,-2.925183466366907,-0.590128482456282
13.933333333333334,0.17698928048457188,3.5533946221597463,0.5199008968335149,-3.472675514858055,-0.5901369579199345
13.941666666666666,0.2073625452604304,3.731878380147525,0.48878991519127246,-3.9860659182469265,-0.5901480466726859
13.95,0.23908871694790762,3.8746923531286264,0.4536447424392393,-4.434955331709489,-0.5901619925597897
13.958333333333334,0.2717788408384172,3.9591765806895234,0.4151618598455524,-4.780157070880472,-0.5901786261459719
13.966666666666667,0.3048473340568832,3.9619641288069536,0.3743756324465294,-4.9817572318534,-0.5901971826271198
13.975,0.3375398041890941,3.867459108151312,0.3326067843331619,-5.01358551565384,-0.5902163257723914
13.983333333333333,0.36903254817065856,3.6754393833472783,0.29128887789625485,-4.8760993518814955,-0.5902344862295381
13.991666666666667,0.3985687545904464,3.401496789512567,0.2517333982409791,-4.596930811594671,-0.5902503610820378
14.0,0.42556381080278255,3.069799356336697,0.21494952470358072,-4.218287215027287,-0.5902632487483321
14.008333333333333,0.4496384781727153,2.7042032567911343,0.18158883570142745,-3.781606146412494,-0.5902730591602948
14.016666666666666,0.4705911988445203,2.323020233074216,0.15199487235438666,-3.318566302196754,-0.5902801125047783
14.025,0.48834532914546597,1.9380030009637483,0.12629560260954578,-2.849379510655872,-0.5902849123506456
14.033333333333333,0.5028987499541545,1.5555666881904564,0.10449147502092403,-2.3849293564692875,-0.5902879890793573
14.041666666666666,0.514286544194758,1.178495475669789,0.08652070690860665,-1.9297384205981118,-0.5902898205842617
14.049999999999999,0.5225569159302681,0.8073503521546381,0.07230155107535338,-1.4844173359971529,-0.5902908041178853
14.058333333333334,0.5277569399565889,0.44142377564093366,0.061757429897273154,-1.0473332778825133,-0.5902912539610273
14.066666666666666,0.5299246426763352,0.07932536255570483,0.054830958015146536,-0.6156442247547886,-0.590291408987596
14.075,0.5290848688853943,-0.28067483589065323,0.05149122599957794,-0.18591691248769365,-0.5902914425697989
14.083333333333334,0.5252473901544319,-0.6404362219113872,0.05173700232525615,0.24548477020989456,-0.5902914840429317
14.091666666666667,0.5184064822692281,-1.0017937324140156,0.05559715709620952,0.6821004332847507,-0.5902916616229975
14.1,0.5085417692456069,-1.3663989845619036,0.06312862401900986,1.127070664687365,-0.5902921525703887
14.108333333333333,0.4956206531890834,-1.7354821010278991,0.07441142475760344,1.5827028319978642,-0.5902932028750836
14.116666666666667,0.47960339237208927,-2.109438906765996,0.0895389194885961,2.0497340868554703,-0.5902951366690957
14.125,0.4604527144311142,-2.4871343568362305,0.10860003884589652,2.5261080945827987,-0.5902983621668038
14.133333333333333,0.43815085433088885,-2.8647989760506305,0.13164854692769648,3.0050546922243595,-0.5903033642350901
14.141666666666666,0.4127276870817186,-3.2344809565019683,0.15865305450345363,3.472410122139614,-0.5903106650723668
14.15,0.384302756960218,-3.5823601914302357,0.18942301904610606,3.903708909067941,-0.5903207261578622
14.158333333333333,0.35313854035623354,-3.88800363084208,0.22351542344414502,4.262913805536621,-0.590333770897747
14.166666666666666,0.31968922252932874,-4.126559953674158,0.2601494028159622,4.506239600721929,-0.5903495561951142
14.174999999999999,0.28461271601280014,-4.275450735332984,0.2981847501164547,4.593773593193583,-0.5903672201428571
14.183333333333334,0.24871339885379698,-4.323530721293798,0.336220809723902,4.50541139621641,-0.5903853895598647
14.191666666666666,0.21281973677398913,-4.276374933087584,0.3728090298927589,4.250157723234372,-0.5904025859985752
14.2,0.17765233592121948,-4.1531072656757315,0.40668355183200716,3.8608310396829917,-0.590417691965933
14.208333333333334,0.14374573824712125,-3.9777246092768226,0.43690030176947586,3.379203607945343,-0.5904301806379412
14.216666666666667,0.11144201700150162,-3.771493394913471,0.4628527042739243,2.8428936388516455,-0.5904400518991538
14.225,0.08093038833557203,-3.5496226348851363,0.48420773375034665,2.2795560622209945,-0.5904476267299414
14.233333333333333,0.052299102617160795,-3.3213128309375004,0.5008200109714083,1.7068583090245106,-0.5904533517302357
14.241666666666667,0.025579937373578252,-3.0911887856593783,0.5126577140520823,1.1348369511649719,-0.5904576724324
14.25,0.0007797524757242845,-2.860837889073999,0.5197498806450096,0.5684451755903692,-0.5904609700701711
14.258333333333333,-0.022099417439698763,-2.6299930432865573,0.5221526501012616,0.009499317155061457,-0.5904635383821007
14.266666666666666,-0.043048446968480335,-2.3973239849546077,0.5199288749647994,-0.5420378203130867,-0.5904655863399138
14.275,-0.06204450550495151,-2.160933473538845,0.5131362577018512,-1.0872710330697917,-0.5904673079373544
14.283333333333333,-0.07904760928784754,-1.9186368601798625,0.5018203227488699,-1.6279713373918925,-0.5904689515467444
14.291666666666666,-0.0939989849633648,-1.6681315508168237,0.48600986263238355,-2.16635646348135,-0.5904708268321708
14.299999999999999,-0.10682057868905999,-1.4071087854115645,0.4657137795849626,-2.7049660030979057,-0.5904733082282414
14.308333333333334,-0.11741539824380856,-1.1333488424300824,0.440918803852928,-3.246563847331344,-0.5904768417800343
14.316666666666666,-0.12566873196136027,-0.8448444578316923,0.4115881697790894,-3.7939920718448144,-0.5904819552480975
14.325,-0.1314507110822445,-0.5400118495464836,0.3776620442933786,-4.349876229045278,-0.5904892707522086
14.333333333333334,-0.13462130089156976,-0.21808196935624605,0.3390615453642545,-4.91602567073648,-0.5904995174396682
14.341666666666667,-0.13503979328864935,0.1201800408457846,0.2956998620293733,-5.492276850928447,-0.590513537480925
14.35,-0.13258239651385714,0.4712096910675857,0.2475065984029159,-6.074404432713745,-0.5905322748227352
14.358333333333333,-0.12717345448665857,0.8266104645006631,0.19447486024015193,-6.650699965968734,-0.5905567282242925
14.366666666666667,-0.11883683934747848,1.1704034077315066,0.13674263899558917,-7.197250471337125,-0.5905877854786883
14.375,-0.10777023391849375,1.4766005590661675,0.07471410273704376,-7.673603065129125,-0.5906258684301735
14.383333333333333,-0.09442849520025971,1.710142244958053,0.009199117856223082,-8.023885489989384,-0.5906704028932801
14.391666666666666,-0.079570126581374,1.8353797723605183,-0.05850483631524207,-8.19048914511273,-0.590719359976294
14.4,-0.06419987704669385,1.8316064685364526,-0.12670076791496987,-8.13969005190804,-0.5907693761261481
14.408333333333333,-0.04938726704886264,1.7048493315480933,-0.19358586075700074,-7.881261775018152,-0.5908167163581814
14.416666666666666,-0.03604697629686821,1.4842909359666745,-0.2576088888520318,-7.4625759163547025,-0.5908585151528959
14.424999999999999,-0.024805870335733508,1.2070736325468354,-0.31768419958912447,-6.943461657511265,-0.5908934006966906
14.433333333333334,-0.015997002654246657,0.9050419342349757,-0.37319642685490156,-6.374487118206579,-0.5909213059853538
14.441666666666666,-0.00972974166519162,0.5998529045863568,-0.4238819167705073,-5.789260888701412,-0.5909429272660225
14.45,-0.0059730192252105685,0.3039697038881636,-0.4696916972035696,-5.20643404961752,-0.5909592531942249
14.458333333333334,-0.004620506998400816,0.023466758049241546,-0.5106867554875227,-4.6345549432312545,-0.5909712901824362
14.466666666666667,-0.005532907195612783,-0.23946645287235663,-0.5469723718126538,-4.076291378024924,-0.5909799429264233
14.475,-0.00856269537435338,-0.4848261163999107,-0.5786617664957796,-3.5312384731938145,-0.5909859861018405
14.483333333333333,-0.013567718199562588,-0.713780174956701,-0.6058579713330299,-2.9975536326205976,-0.5909900722679767
14.491666666666667,-0.02041835650565728,-0.9281006011146808,-0.6286459118364576,-2.472836295194219,-0.5909927445332552
14.5,-0.02900115233411511,-1.129858032669711,-0.6470898149723058,-1.954568095739595,-0.5909944512604761
14.508333333333333,-0.03922055725115691,-1.3212611333616178,-0.661233178906237,-1.4403130247046612,-0.5909955594740823
14.516666666666666,-0.05099968765275951,-1.5045700308912968,-0.6710998427942261,-0.9277961207643769,-0.590996365541083
14.525,-0.06428051484486355,-1.682041777024644,-0.6766954609113206,-0.4149309078540023,-0.5909971029164982
14.533333333333333,-0.07902363579116692,-1.8558802979519236,-0.678009155955272,0.10015840983252386,-0.5909979471529864
14.541666666666666,-0.09520755572664061,-2.028163684305545,-0.6750154958303759,0.6190705158405166,-0.5909990286356852
14.549999999999999,-0.1128271749126432,-2.2007252981017422,-0.6676773748570549,1.1429792842861022,-0.5910004998394675
14.558333333333334,-0.13189105208668064,-2.37496961644043,-0.6559504645287617,1.6723863336152105,-0.5910025822334678
14.566666666666666,-0.15241661009752702,-2.5515516346762745,-0.6397906424104896,2.2066346517509983,-0.5910055724823957
14.575,-0.17442188075667103,-2.7298543368759383,-0.619166826472785,2.7430770551642727,-0.5910098420202575
14.583333333333334,-0.19791177518794922,-2.9071847119914325,-0.5940826472924379,3.275764980036591,-0.5910158247192909
14.591666666666667,-0.22285630531815157,-3.0776482957496363,-0.5646113518334038,3.7935874509308234,-0.5910239798217413
14.6,-0.24915846652603943,-3.2308447157607336,-0.5309478768189028,4.278097809748889,-0.5910347119284272
14.608333333333333,-0.27661233496088616,-3.3509766343094305,-0.4934772443751239,4.702028478840912,-0.5910482325369772
14.616666666666667,-0.3048596728057355,-3.4176481973200574,-0.45284533246473446,5.03065668367911,-0.5910643753082927
14.625,-0.3333657225190872,-3.4098674978221526,-0.4099970593998392,5.228590847791816,-0.5910824423004352
14.633333333333333,-0.3614424621088988,-3.3131470727080563,-0.3661341764348922,5.271786020097783,-0.5911012219413696
14.641666666666666,-0.38833245914879666,-3.1260661376822525,-0.32257074623089815,5.158581815761551,-0.5911192691560175
14.65,-0.4133266940839287,-2.8611994769080815,-0.28053215843392826,4.9110946505122515,-0.5911353343371308
14.658333333333333,-0.4358612631910864,-2.53951802580201,-0.24099171167509031,4.565502025653463,-0.591148677721754
14.666666666666666,-0.45555501740796833,-2.182767268832094,-0.20460895885199434,4.158969938814519,-0.5911591155753447
14.674999999999999,-0.47219244132897326,-1.808438875178235,-0.1717616301981842,3.721101954815131,-0.5911668673707384
14.683333333333334,-0.48568008671257634,-1.4283354448413483,-0.14262219037762944,3.271569798269802,-0.5911723572278932
14.691666666666666,-0.4960013774809843,-1.0493194916155115,-0.11723646694388028,2.8214759202176523,-0.59117606387709
14.7,-0.5031812198973608,-0.674720689255556,-0.09558490169782076,2.3758238738408886,-0.5911784368713622
14.708333333333334,-0.5072620790504789,-0.3056066663084593,-0.07762373305462236,1.9357390770947025,-0.5911798613870612
14.716666666666667,-0.5082891863315673,0.058303888509134705,-0.06331021363322129,1.5000677087170888,-0.5911806499026803
14.725,-0.5063019487438489,0.41805044248349144,-0.05261693674788258,1.066418397280287,-0.5911810486708599
14.733333333333333,-0.5013292865606054,0.7750633911807364,-0.04553919946988014,0.6318189938646209,-0.5911812656169407
14.741666666666667,-0.4933874020634982,1.130931934509341,-0.0420979577343709,0.1931444696844032,-0.5911814901783823
14.75,-0.4824792439173073,1.4872163829042993,-0.0423396313476885,-0.2525329119984449,-0.5911818972907301
14.758333333333333,-0.4685956093374974,1.8452302313719622,-0.04633285265699967,-0.707537858239213,-0.5911826666034692
14.766666666666666,-0.4517184016742109,2.2057322370371564,-0.05416126414467205,-1.1730381903360987,-0.5911840324465227
14.775,-0.43182712372474485,2.5684360579177326,-0.06591058716879708,-1.6481833507041017,-0.5911863031231458
14.783333333333333,-0.4089106349513734,2.931221081171747,-0.08164648325337832,-2.1287296015827475,-0.5911898616752432
14.791666666666666,-0.38298701565581356,3.2889695778150085,-0.10137835516634149,-2.605030343308938,-0.5911951493194103
14.799999999999999,-0.3541345221048748,3.6321056194520995,-0.12500404636706122,-3.059528078430266,-0.5912026131705783
14.808333333333334,-0.3225344214747011,3.945345621192765,-0.1522342495823388,-3.464637095629349,-0.5912125965132967
14.816666666666666,-0.28851926217623464,4.207919829723731,-0.18250800660161332,-3.783201976226713,-0.5912251667539055
14.825,-0.2526070219980992,4.397002100056753,-0.21493341085444997,-3.974541166346633,-0.5912399331616263
14.833333333333334,-0.21549074315209185,4.49477793691699,-0.24830637655450982,-4.006817892848112,-0.5912559848302
14.841666666666667,-0.17796394531875315,4.495920934958003,-0.28124180818991745,-3.8701390433171783,-0.5912720745628954
14.85,-0.14080173429923387,4.4099293877118715,-0.3123827794313854,-3.5807529872950177,-0.5912870012104996
14.858333333333333,-0.10465301140973818,4.2563614484135845,-0.34059160217819195,-3.172905490013439,-0.5912999536708418
14.866666666666667,-0.06998915733632151,4.0570188357608465,-0.3650436495245939,-2.6853245457098254,-0.5913106230533116
14.875,-0.03711184743894779,3.830185754770584,-0.3852185569793081,-2.1511731500576468,-0.5913191007072619
14.883333333333333,-0.006193358102452215,3.588550280261396,-0.4008343026598029,-1.5943224167617371,-0.5913256989907084
14.891666666666666,0.022677428761941724,3.3396246663899403,-0.41177027187454796,-1.0299371709024903,-0.5913307994422448
14.9,0.049457206703641836,3.087071206792523,-0.41800334504093056,-0.4666404693912916,-0.5913347598190017
14.908333333333333,0.07412179973942767,2.8320138508861255,-0.41956266397878145,0.09132762823831436,-0.591337869943493
14.916666666666666,0.09664939960517083,2.5740350855546206,-0.41650031131711257,0.6424751554052749,-0.5913403482872387
14.924999999999999,0.11701073254331301,2.3118467269253724,-0.4088733081763268,1.1869736076041164,-0.5913424178943373
14.933333333333334,0.13516363902411663,2.043697874330796,-0.39673258492448776,1.726033061546136,-0.591344358480128
14.941666666666666,0.1510503906035172,1.7676381725907653,-0.380116066451694,2.261514283956835,-0.5913465080379329
14.95,0.16459682052453775,1.4816992969324156,-0.3590443630392223,2.795676025339862,-0.5913492647928673
14.958333333333334,0.17571282740767488,1.1840525757450624,-0.3335183412780336,3.330960223914959,-0.5913530922359338
14.966666666666667,0.1842942974524637,0.8732025010584912,-0.30351867450039943,3.869713580759081,-0.5913585265136845
14.975,0.19022703885020234,0.548290702109909,-0.2690084028596047,4.413718942990932,-0.5913661843796361
14.983333333333333,0.19339406373717152,0.209616507322869,-0.2299407945672484,4.9633554477816455,-0.5913767673970498
14.991666666666667,0.19368861252538527,-0.14047736025315868,-0.18627661807686907,5.516130826042481,-0.5913910529289641
15.0,0.19103668060016896,-0.49618410828038106,-0.13801731785033472,6.064285425346652,-0.5914098589561647
15.008333333333333,0.1854338705622952,-0.8462363390712784,-0.08526256267187056,6.591366300641318,-0.5914339614409341
15.016666666666666,0.17699994015432233,-1.1718084792466734,-0.028298544611121832,7.068522639010593,-0.5914638867780694
15.025,0.16604610217248428,-1.4459576222076573,0.03229021355314246,7.453243698600638,-0.5914995564830501
15.033333333333333,0.15313049848919927,-1.6375455951252194,0.09552569294444704,7.695509575169438,-0.5915398864149191
15.041666666666666,0.13905477613475975,-1.7213690124781258,0.160036453446834,7.754386901259738,-0.591582633477371
15.049999999999999,0.12476287856485202,-1.6901097340393378,0.224219119730403,7.617862321571054,-0.5916248153306245
15.058333333333334,0.11116666232730392,-1.558404519730601,0.28652179894381635,7.309683300376246,-0.5916636130061314
15.066666666666666,0.09898851009469152,-1.3550855564167428,0.3456999329681461,6.876548582279709,-0.5916971626981009
15.075,0.0886948295525972,-1.11087886425295,0.4009220929692811,6.367833042237464,-0.5917247671203547
15.083333333333334,0.080518572292738,-0.8502871583863176,0.4517297903931999,5.822391952643478,-0.5917466185572053
15.091666666666667,0.07452321111110925,-0.5895214135559096,0.4979310257731346,5.265439160202399,-0.5917633891666755
15.1,0.07066752173667598,-0.33784832075177107,0.539494805427853,4.711011879207752,-0.5917759161371442
15.108333333333333,0.06885439220700004,-0.09976443640143018,0.5764735843369706,4.165692006067287,-0.591785025097319
15.116666666666667,0.06896257105547449,0.12317875977567141,0.6089545692998868,3.631659274359277,-0.5917914537451536
15.125,0.07086565830595544,0.33113558276666055,0.6370321582636669,3.108720708165056,-0.5917958322359883
15.133333333333333,0.07444288616675304,0.5252086241956546,0.6607936662946158,2.595517440042922,-0.5917986901986745
15.141666666666666,0.07958502627607762,0.7070107555489318,0.6803126791330759,2.0901927497870054,-0.5918004672359303
15.15,0.0861975136615161,0.8784182136134089,0.6956465221204767,1.5907406636834553,-0.5918015237119246
15.158333333333333,0.09420201181837132,1.0414325814564036,0.7068358095112386,1.095174856655626,-0.5918021506401054
15.166666666666666,0.10353709441936745,1.1981001701271838,0.7139049666339603,0.6016043192385352,-0.5918025776284986
15.174999999999999,0.11415837852707636,1.3504567272962762,0.7168631875315897,0.1082693188751575,-0.5918029786676021
15.183333333333334,0.1260382222242986,1.5004742470171222,0.7157056623230147,-0.3864226314729671,-0.5918034774829473
15.191666666666666,0.13916489584947586,1.649984835647607,0.7104152801226868,-0.8838139677889426,-0.5918041856870737
15.2,0.15354101603080617,1.8005789423756033,0.7009651679715433,-1.3848802615088072,-0.5918052633665346
15.208333333333334,0.16918089687373156,1.9534374688529865,0.6873225918110735,-1.8899998829030753,-0.5918069321790675
15.216666666666667,0.18610606882498704,2.1090535151181156,0.6694555359286389,-2.398532104908939,-0.5918094779598836
15.225,0.20433785062727225,2.266793323889105,0.6473438667430695,-2.908121656126058,-0.5918132493087986
15.233333333333333,0.22388538111003578,2.4242365506960852,0.6209977935239774,-3.413627062126762,-0.5918186463030416
15.241666666666667,0.24472711026817479,2.576268308393362,0.5904870468585222,-3.9056228049302892,-0.5918260894253272
15.25,0.2667839719197691,2.7140278462983405,0.5559838572385095,-4.368646790420919,-0.5918359548698836
15.258333333333333,0.2898845066722274,2.8241366853040826,0.5178194113833666,-4.7799009690060075,-0.5918484639979399
15.266666666666666,0.31372772950626043,2.889122722223512,0.4765441726451469,-5.109950286335666,-0.591863533280251
15.275,0.3378586994110224,2.890215946901591,0.4329669718311144,-5.327409101865591,-0.591880636486532
15.283333333333333,0.36167885653505966,2.8127662912113855,0.3881357392705871,-5.408039141621538,-0.5918987827313226
15.291666666666666,0.38450568985186595,2.652067091096149,0.3432354855772819,-5.344497074354093,-0.5919166987010973
15.299999999999999,0.40566866576157196,2.4156097839024437,0.29942600958496995,-5.149996472225441,-0.5919331695804655
15.308333333333334,0.42460100935419354,2.119898589483482,0.25768800017418936,-4.852751416296831,-0.5919473496684137
15.316666666666666,0.44088977990414163,1.7843091353912077,0.21874089146474268,-4.4854796475546905,-0.5919588791450503
15.325,0.4542767449780671,1.4259693292309301,0.18304441161974588,-4.076741380429033,-0.5919678074135186
15.333333333333334,0.4646281580474667,1.0574742056937003,0.15085236654666587,-3.6471554317801083,-0.5919744333636684
15.341666666666667,0.47189577018581585,0.6868636118736393,0.12228041394768117,-3.2094722720806836,-0.5919791597291869
15.35,0.4760826401050396,0.31860407344048497,0.09736482014402503,-2.77033613427995,-0.5919823981681679
15.358333333333333,0.4772180960167047,-0.04529328015514517,0.07610498384595385,-2.3322548887442007,-0.5919845208150111
15.366666666666667,0.47534122610021246,-0.4043696332488583,0.058490965958014875,-1.8951856191495005,-0.5919858444429289
15.375,0.47049076214675234,-0.7590846822734901,0.04451978911461523,-1.457650431346064,-0.5919866477152924
15.383333333333333,0.4626992736908187,-1.1104013950359537,0.03420410487261094,-1.0174773208700612,-0.5919871879602274
15.391666666666666,0.45199024414148253,-1.4594953638532022,0.027575691410467635,-0.5723242141821736,-0.5919877041097027
15.4,0.43837731223979987,-1.8075139495692902,0.024685032476200165,-0.12011590320557272,-0.5919884183263276
15.408333333333333,0.4218655637108369,-2.1553122715295494,0.02559718695193365,0.3404803101661554,-0.5919895370801396
15.416666666666666,0.40245541027222376,-2.503082834565488,0.03038301916883262,0.8093939913747998,-0.5919912765670433
15.424999999999999,0.3801502131066344,-2.8498172432716857,0.03910383465711654,1.2842152336118287,-0.5919939100000771
15.433333333333334,0.35496940096440716,-3.192509569798854,0.05178652493462187,1.7588227781594081,-0.5919977711642113
15.441666666666666,0.32696945222770285,-3.5250747083557092,0.06838520689937042,2.221532572661832,-0.5920032306774614
15.45,0.29627455490520854,-3.8371650407041606,0.088726381091581,2.6530951632413413,-0.5920106380510839
15.458333333333334,0.2631156426726323,-4.113492690691745,0.11244010716660273,3.025602063812763,-0.5920202161970605
15.466666666666667,0.22786907756957944,-4.334820449828585,0.13889261852282916,3.3043206244474335,-0.5920319170712401
15.475,0.19107574476207217,-4.481795628564039,0.16715400270832295,3.4544875249754217,-0.5920452972387912
15.483333333333333,0.15341687397904957,-4.541196625356419,0.19604219931097458,3.4522988973121365,-0.5920595184902882
15.491666666666667,0.11563827569384597,-4.511334274351931,0.22425774122527284,3.2944237850232723,-0.5920735403824293
15.5,0.0784476915716917,-4.40262569830098,0.2505661938182483,2.9991048072580972,-0.5920864271326265
15.508333333333333,0.04243070896588335,-4.232913717697109,0.2739489961155652,2.5980740535288414,-0.5920975851666341
15.516666666666666,0.008015624726247143,-4.021142333531833,0.2936693272728042,2.1255315648234645,-0.592106816531967
15.525,-0.024515531262174886,-3.782997681589408,0.3092571691171972,1.6104639766083,-0.5921142239213171
15.533333333333333,-0.05499186873263471,-3.529417030208109,0.320451398457279,1.0739066885537925,-0.5921200696420159
15.541666666666666,-0.0833148541544866,-3.2669816376410377,0.32713426784416233,0.5294762456516958,-0.5921246597979516
15.549999999999999,-0.10942635634160977,-2.9990000016642657,0.32927656453204734,-0.01488007666381004,-0.592128273558317
15.558333333333334,-0.13328601502083542,-2.7265930905453746,0.32689796385022213,-0.5551059713711481,-0.5921311357009617
15.566666666666666,-0.15485674364035615,-2.4495420477348544,0.32004073550287976,-1.0896465923222818,-0.592133469082329
15.575,-0.17409610327999991,-2.1668582196885837,0.30875296228001725,-1.618540291933642,-0.592135549441075
15.583333333333334,-0.19095160284073706,-1.8771709797450324,0.2930779585016815,-2.142810452178169,-0.5921377063736101
15.591666666666667,-0.20535871485144686,-1.5790019120066872,0.2730479097845894,-2.664044253079248,-0.5921403224265573
15.6,-0.21724093116697316,-1.270991379737132,0.24868062380986444,-3.184048217872869,-0.5921438349066613
15.608333333333333,-0.22651174181284653,-0.952145140405136,0.21997922946714082,-3.704465237809268,-0.5921487392589733
15.616666666666667,-0.233079011815599,-0.6221773171700427,0.18693567049116308,-4.2262227944474375,-0.5921555917493466
15.625,-0.2368529416321349,-0.2820453491044846,0.1495400571382206,-4.748647919407131,-0.5921650068392064
15.633333333333333,-0.23775968025385172,0.06520884787083417,0.10779947050676797,-5.268049062942341,-0.5921776402516954
15.641666666666666,-0.2357635767910169,0.4132178205901922,0.06177144686594493,-5.775592880954915,-0.5921941448061245
15.65,-0.23090129805806422,0.7507246065934333,0.011617936903670068,-6.254579659615077,-0.5922150882776098
15.658333333333333,-0.22332859362163493,1.0602672079597906,-0.04231831396815457,-6.67804477494986,-0.5922407804168832
15.666666666666666,-0.21337240498644508,1.318527073696347,-0.09942641703502934,-7.009056659574657,-0.5922710024670607
15.674999999999999,-0.20156606164955113,1.500342372611627,-0.15876571969360512,-7.207115169399437,-0.5923047442833373
15.683333333333334,-0.1886328863802132,1.5868476012831594,-0.2190881179467541,-7.241533600871666,-0.592340160395293
15.691666666666666,-0.1753966476866347,1.5738548574324502,-0.2789814353720323,-7.105384887008525,-0.592374927291416
15.7,-0.16264430939150304,1.4739928798825441,-0.33709260780536093,-6.81914661511369,-0.5924068912251352
15.708333333333334,-0.1510064313999537,1.3106960078317902,-0.3923223086280638,-6.420806468757578,-0.5924346114120174
15.716666666666667,-0.14090508637297272,1.109176463916039,-0.44390831430968153,-5.951001427717744,-0.5924575113497212
15.725,-0.13256801311037095,0.8902053240421713,-0.4914002994870864,-5.442898154454598,-0.5924756972254444
15.733333333333333,-0.1260763262343023,0.6681639489447162,-0.5345807725947588,-4.919182494962746,-0.5924896697534301
15.741666666666667,-0.12141591987742391,0.45175575112501315,-0.5733815546373234,-4.39340982212365,-0.5925000872888585
15.75,-0.11851845966295826,0.24555695141192826,-0.6078186087539963,-3.872666632610783,-0.5925076217548819
15.758333333333333,-0.11728956503819736,0.05145068366648747,-0.6379485653388508,-3.3599714768398967,-0.5925128887822719
15.766666666666666,-0.11762662147420597,-0.1303291973913594,-0.6638424407227462,-2.8559863856621654,-0.5925164223765053
15.775,-0.11942947164585133,-0.3005180801611661,-0.685570898502631,-2.360102963208581,-0.592518673139245
15.783333333333333,-0.12260661114942148,-0.46040455755179593,-0.7031965764267338,-1.8710821706352723,-0.5925200161036683
15.791666666666666,-0.1270786767346999,-0.6115825604192134,-0.7167704721202636,-1.3874125315481014,-0.5925207583505546
15.799999999999999,-0.13278032310214177,-0.7558036036416358,-0.7263305592774566,-0.9075023684374586,-0.5925211461091043
15.808333333333334,-0.13966112735387784,-0.8948852813272652,-0.7319015823519349,-0.42978030100290265,-0.5925213707787235
15.816666666666666,-0.14768586053833885,-1.030646921909296,-0.7334954818066776,0.04724732662318174,-0.5925215734629583
15.825,-0.15683425614268345,-1.1648487951959554,-0.7311122577688427,0.5249401295495737,-0.5925218537181309
15.833333333333334,-0.16710021127947094,-1.2991168798460249,-0.724741435371466,1.004438616939379,-0.5925223192836455
15.841666666666667,-0.17849030993718681,-1.4348508131595081,-0.7143642782507158,1.4865609040951346,-0.5925231267000362
15.85,-0.19102135918310983,-1.5730731171317605,-0.6999572536703886,1.971594420896572,-0.5925244863812518
15.858333333333333,-0.20471632845317148,-1.7141914146972288,-0.6814978213844565,2.4589383319671807,-0.592526664236832
15.866666666666667,-0.2195978091512865,-1.857633467068646,-0.6589740486356775,2.946529828214574,-0.5925299799498182
15.875,-0.23567774454559867,-2.001310233699078,-0.6324001790988099,3.4299770457286733,-0.5925347973490797
15.883333333333333,-0.25294187636972,-2.1408861140904007,-0.6018408171631225,3.901359842414046,-0.5925414993373816
15.891666666666666,-0.2713275000863701,-2.268928415144548,-0.5674461837685915,4.347813869208803,-0.5925504368989395
15.9,-0.2906945327099724,-2.374228219205649,-0.5294985774187054,4.750383004617019,-0.5925618423498
15.908333333333333,-0.31079374572959284,-2.4419379681990248,-0.4884637433507542,5.084222503718578,-0.5925757087860222
15.916666666666666,-0.33124268554905767,-2.4554235718555346,-0.44502963169861287,5.321667129863681,-0.5925916684407645
15.924999999999999,-0.3515261088926319,-2.400265505267027,-0.40010436655213144,5.438901890466943,-0.5926089434371106
15.933333333333334,-0.37103530232204873,-2.26921525378719,-0.3547493677802444,5.424221818217573,-0.5926264480114227
15.941666666666666,-0.3891428581219606,-2.065219393740114,-0.3100536191103376,5.283004649057128,-0.592643042308196
15.95,-0.4052858744028936,-1.8002653815240228,-0.26699486636453285,5.035624867559515,-0.5926578172264537
15.958333333333334,-0.41902394728265036,-1.4908935453486236,-0.22634436108751554,4.7097867589095115,-0.5926702599526906
15.966666666666667,-0.4300562627178259,-1.153385329834041,-0.18864104432318307,4.332400719871282,-0.5926802501880358
15.975,-0.43820566707663083,-0.8008470690442228,-0.1542211180169447,3.9247410165146097,-0.5926879489294308
15.983333333333333,-0.4433876753248158,-0.44241710195320505,-0.12327218322518795,3.5012249031821914,-0.5926936673563168
15.991666666666667,-0.4455788393414482,-0.08374020990951006,-0.09588747354891787,3.070327301484446,-0.5926977661285452
16.0,-0.44479127573224264,0.27213908324373015,-0.07210883004194958,2.636180135455757,-0.59270059563971
16.008333333333333,-0.4410546623530884,0.6239233672966706,-0.0519564128755611,2.200079169553159,-0.5927024796618495
16.016666666666666,-0.43440454971336945,0.971409185878339,-0.03544726739969623,1.7616381976968258,-0.5927037248889991
16.025,-0.4248753005702037,1.3150193084377795,-0.022605695983514685,1.3196185262484956,-0.5927046203678046
16.03333333333333,-0.4124963691955383,1.6554583917659853,-0.013467697301462881,0.872542029648992,-0.5927054367110188
16.041666666666668,-0.39729116998033226,1.9934241287819625,-0.008080789890238837,0.4192060561559344,-0.592706425999374
16.05,-0.3792783651091061,2.3293038981091594,-0.006499537333597929,-0.04078004081193864,-0.5927078205783527
16.058333333333334,-0.35847599365200544,2.6627824413799592,-0.008776076405852647,-0.5063078004920338,-0.59270983466216
16.066666666666666,-0.3349095079787151,2.992289288504435,-0.014943829122501513,-0.9738114253351341,-0.5927127019863447
16.075,-0.3086251723944148,3.314258795623956,-0.0249920156344782,-1.4360086487517374,-0.5927167011792416
16.083333333333332,-0.27971045278508405,3.622206715279362,-0.0388283134548902,-1.8803401004773337,-0.5927221314382165
16.091666666666665,-0.24832216628929726,3.905855937734497,-0.05622850263387164,-2.287520755157586,-0.592729256420971
16.1,-0.21471981435613385,4.150899580008878,-0.07677782568876135,-2.631231164920489,-0.5927382123635987
16.108333333333334,-0.17929503791157791,4.340334499770996,-0.0998200724910302,-2.880567247762408,-0.5927488952139153
16.116666666666667,-0.14258066975689065,4.458059326854224,-0.12444330520405883,-3.0064416858900125,-0.5927608792671146
16.125,-0.1052222470733531,4.493981041825508,-0.14953205507854864,-2.9906019194283213,-0.5927734434345343
16.133333333333333,-0.06790968985168465,4.447915099536456,-0.17388983947872502,-2.8325233768008227,-0.5927857380520296
16.141666666666666,-0.03129178157780355,4.329526939698316,-0.1963923330976154,-2.549372915282083,-0.592797020063746
16.15,0.0040913860224235645,4.154385710815765,-0.21610958434444855,-2.1691466752325796,-0.5928068240735928
16.15833333333333,0.03783625643882711,3.9389263943815545,-0.2323588733386336,-1.7218375126276149,-0.592814995529005
16.166666666666668,0.06966687572096325,3.696948141084733,-0.2446927672868302,-1.233218194732559,-0.5928216159792568
16.175,0.0994061724158326,3.4383253174933963,-0.25285158310932065,-0.722449196870398,-0.5928268940290484
16.183333333333334,0.12694348094658867,3.1692331614903715,-0.25670806950253516,-0.20232609648030866,-0.592831074040564
16.191666666666666,0.15220703534966495,2.8929883900079556,-0.25621960546269673,0.31938241375875603,-0.592834379254467
16.2,0.17514398285349309,2.6109536073643804,-0.2513925651312638,0.8384561016604928,-0.5928370138806971
16.208333333333332,0.19570727729707788,2.3232614011887542,-0.24225792956804446,1.3530464240615916,-0.5928392229446677
16.216666666666665,0.21384773175428107,2.0293401003959577,-0.22885522063289956,1.8628319921719088,-0.5928413031941632
16.225,0.22950983694606725,1.7282991224374584,-0.21122248159945536,2.3684011464222934,-0.5928435989033151
16.233333333333334,0.24263039077004492,1.4192292391992904,-0.18939074742954445,2.8707733955864367,-0.5928465002345176
16.241666666666667,0.25313950771488797,1.101484831945226,-0.16338231873467743,3.370945740759236,-0.5928504431129563
16.25,0.2609641483196127,0.7750187783816249,-0.1332131278605011,3.8693430921320178,-0.5928559085760879
16.258333333333333,0.26603492867600403,0.4408486508633911,-0.09890054945780112,4.365037098511312,-0.5928634178919443
16.266666666666666,0.268297654366028,0.10173773333070264,-0.0604791976063934,4.854586705412781,-0.5928735167935675
16.275,0.2677316458361024,-0.23685239289078078,-0.01802836950653716,5.330394003078289,-0.5928867381273589
16.28333333333333,0.2643769877963422,-0.5656035255953334,0.028284981607749754,5.778669989748642,-0.5929035364229629
16.291666666666668,0.2583710520736503,-0.8703827591384631,0.07814669539446013,6.177670160326685,-0.5929241755796283
16.3,0.24998909293841232,-1.132428355492517,0.13102741814238092,6.497781401572052,-0.5929485432103148
16.308333333333334,0.23967385127815893,-1.3310139879823413,0.1861310048236775,6.705733636064247,-0.5929759582459159
16.316666666666666,0.22803008993424237,-1.4491133136550327,0.24239971664656185,6.77388650040013,-0.5930051054601481
16.325,0.21576568328275608,-1.4799443422129204,0.29860772518537454,6.691108165200524,-0.5930342295429699
16.333333333333332,0.20358963710977726,-1.43003571525902,0.35352660507688527,6.467953121109287,-0.5930615653488005
16.341666666666665,0.19210927467610436,-1.3163462597291125,0.40609296365904096,6.1319670524530485,-0.5930857760717022
16.35,0.1817694536077071,-1.159771296364433,0.4555070133731184,5.716999498063679,-0.5931061638552728
16.358333333333334,0.1728454156787365,-0.9793940354593598,0.5012430510574883,5.2537970020258,-0.593122616571594
16.366666666666667,0.16547164579288867,-0.7896964739482492,0.5430014436034001,4.765537628107234,-0.593135417724882
16.375,0.15968264401189405,-0.6002855104824852,0.5806421507031985,4.267518888927112,-0.593145051813299
16.383333333333333,0.1554501323262121,-0.4168138572531737,0.6141251388892088,3.768774902260603,-0.5931520655891072
16.391666666666666,0.15271116367101653,-0.24213187477308828,0.6434663983854199,3.274021899733553,-0.5931569889301266
16.4,0.15138726966312913,-0.07725181775518626,0.6687089364530996,2.785252538238204,-0.5931602979391455
16.40833333333333,0.15139672514821398,0.07796381705173605,0.6899050365248485,2.30284882673109,-0.593162402384613
16.416666666666668,0.15266209875666464,0.22434824526720512,0.707106039472673,1.826294319217986,-0.5931636457085194
16.425,0.1551147612940288,0.36314363759723545,0.720356806769068,1.3546043269226307,-0.5931643107691532
16.433333333333334,0.15869749145175255,0.495822283010844,0.729692956321903,0.8865762064852448,-0.5931646252503694
16.441666666666666,0.163365881786726,0.6239717337469267,0.7351397024624602,0.42093385657338445,-0.5931647662565183
16.45,0.16908895013022435,0.7492148927568515,0.7367116355339496,-0.04358444540813834,-0.5931648640525011
16.458333333333332,0.17584914864871132,0.873140955269597,0.7344131400704897,-0.5081521542364034,-0.5931650099019228
16.466666666666665,0.18364176801403492,0.9972294906151229,0.7282395058624562,-0.9737650089475478,-0.5931653016100742
16.475,0.19247369357397884,1.1227667629303715,0.7181787652396892,-1.4411483461334678,-0.5931658807893545
16.483333333333334,0.20236129594754643,1.2507166110295633,0.7042146040015299,-1.9105824297345757,-0.593166937063694
16.491666666666667,0.2133269824726843,1.3815242432685562,0.6863311836326531,-2.381612523462773,-0.5931687092319522
16.5,0.2253937307607318,1.5148222748848916,0.6645210295256816,-2.852592936447713,-0.5931714839743106
16.508333333333333,0.23857664177371266,1.6490038823082387,0.6387976232721767,-3.320004380018909,-0.5931755887340783
16.516666666666666,0.25287029751747886,1.7806422437794116,0.609214781079839,-3.7775063692576185,-0.5931813732283837
16.525,0.2682307350410093,1.903794020287955,0.5758948912882251,-4.2147828093305,-0.5931891716937371
16.53333333333333,0.28455168819724497,2.009368214269133,0.5390667240451045,-4.616478734829092,-0.593199237548039
16.541666666666668,0.30163723379762475,2.0849902952678097,0.49910940409265736,-4.961945017430089,-0.5932116484617049
16.55,0.3191776749748984,2.1160362126005943,0.45659127297936675,-5.22692445255675,-0.5932261991471668
16.558333333333334,0.3367410195053314,2.08838133694133,0.41228305630377654,-5.388101225911082,-0.593242330277853
16.566666666666666,0.35379360836517215,1.9924549922907986,0.36712268617643073,-5.429830628358652,-0.593259160620228
16.575,0.36975386089752127,1.8267263462141943,0.32212524069293536,-5.349895229377636,-0.5932756543279492
16.583333333333332,0.3840644732287628,1.5983577894028838,0.27826280075102555,-5.160484285792853,-0.593290865201514
16.591666666666665,0.39625561268907,1.3205303750824,0.23636039751433888,-4.883595466429711,-0.5933041355946423
16.6,0.405977824210849,1.0082676375568314,0.19704348564424162,-4.543977138546906,-0.593315164607816
16.608333333333334,0.413002168798942,0.6750480367665393,0.1607404597641483,-4.163479979395769,-0.5933239555086866
16.616666666666667,0.41719939456061883,0.33119245934056146,0.12771976347220668,-3.7584503479057907,-0.5933307090852995
16.625,0.4185122259574516,-0.016288996429541076,0.0981376069828123,-3.3395925827578887,-0.5933357217268194
16.633333333333333,0.4169298981754006,-0.3631205502783754,0.07208095532279334,-2.913044106526645,-0.5933393153558965
16.641666666666666,0.41246852089700176,-0.7070059113991768,0.04959993415485817,-2.481726348296087,-0.5933418133613384
16.65,0.40515744418007804,-1.0469653698127876,0.03072954303836568,-2.0465224143750036,-0.5933435351564454
16.65833333333333,0.39503054204220717,-1.3828181794418277,0.015502647923356767,-1.6071934400611234,-0.5933447874521305
16.666666666666668,0.38212126990160394,-1.714787150301391,0.003956295514914645,-1.1630782131148418,-0.5933458600253032
16.675,0.3664606938546855,-2.0431705196280157,-0.003867227162827972,-0.7136725011612034,-0.5933470236050098
16.683333333333334,0.3480781925671074,-2.3680180445011945,-0.007924035543301032,-0.2591964125865138,-0.5933485275515126
16.691666666666666,0.3270050607714255,-2.6887479867556148,-0.008177343004767735,0.19874237020439006,-0.5933505959288101
16.7,0.30328177998321265,-3.003639299015083,-0.004612481677065849,0.6562748102959314,-0.5933534348314036
16.708333333333332,0.2769701494538478,-3.309177769238665,0.002739761453343394,1.1061612791410536,-0.593357270790269
16.716666666666665,0.24817133493178287,-3.599300365299624,0.013769869804698987,1.5365320801435283,-0.5933623457971232
16.725,0.21705010394887003,-3.8647208075062074,0.02824610620957802,1.9297916106118642,-0.5933688706176024
16.733333333333334,0.18386278144431745,-4.09281512909489,0.04576531596265346,2.26252595348119,-0.5933769508916321
16.741666666666667,0.14898139100204133,-4.268773844808202,0.0657113665297894,2.507639313674425,-0.5933864987496265
16.75,0.11290093631657293,-4.378518153933988,0.08724407819033354,2.6395705718907503,-0.5933971691859258
16.758333333333333,0.07621646194229974,-4.412812820343759,0.10934189597960181,2.6415812476530234,-0.5934083767995388
16.766666666666666,0.03956748310565634,-4.370570922165528,0.13090231372889455,2.5116046949388475,-0.5934194190890086
16.775,0.003566195097502884,-4.259192291216359,0.1508711469231728,2.2628835443780013,-0.5934296587595017
16.78333333333333,-0.03126307745212782,-4.091707641285386,0.1683523973217051,1.918986340923065,-0.5934386684361761
16.791666666666668,-0.06451367085937033,-3.882664835249988,0.18266420585687307,1.5065717647915806,-0.5934462739882859
16.8,-0.09589474072009027,-3.6449208281506125,0.19333890239851884,1.0496813205052973,-0.593452507623319
16.808333333333334,-0.12520986887421343,-3.3881722593711814,0.200087890282408,0.5670376993127505,-0.5934575233297312
16.816666666666666,-0.15232964153148393,-3.1188652022680765,0.20275484315279677,0.07174859599258876,-0.5934615189343035
16.825,-0.17716675960472225,-2.8407850268892902,0.20127222735633202,-0.42778507226099227,-0.5934646852180233
16.833333333333332,-0.19965703854465083,-2.5558166437473346,0.19562720910342157,-0.9266362522304457,-0.593467218156561
16.841666666666665,-0.21974642007174844,-2.2646025267119803,0.1858373230239498,-1.4222869581561708,-0.5934693616682267
16.85,-0.23738286668730088,-1.967060882936579,0.1719340361891442,-1.9137882893111768,-0.5934714071520107
16.858333333333334,-0.25251206520237873,-1.662786448624817,0.15395249993073248,-2.4011087914380895,-0.5934736882555739
16.866666666666667,-0.2650761349656356,-1.3513805992522583,0.13192619162480432,-2.884595965699008,-0.5934765777226765
16.875,-0.2750150043893192,-1.0327722637857681,0.1058859323731539,-3.3644463876986723,-0.5934804848854472
16.883333333333333,-0.28227065022016895,-0.7075953016670312,0.07586367321336208,-3.8400717611247552,-0.5934858513728825
16.891666666666666,-0.2867949517070289,-0.37768963567093183,0.04190240571231141,-4.309243761706211,-0.5934931409306685
16.9,-0.28856243772017803,-0.046780710210866966,0.004074481359425317,-4.766919076594695,-0.5935028166766227
16.90833333333333,-0.28758946119715345,0.27866736753990473,-0.03748887285069566,-5.2037420894458135,-0.5935152967738224
16.916666666666668,-0.2839607172613487,0.5885934190928055,-0.08255499907049202,-5.6044958877597395,-0.5935308870990256
16.925,-0.27786132943362823,0.8689782680247746,-0.13073678277147055,-5.94733417676016,-0.5935496749819893
16.933333333333334,-0.26960697595374966,1.1028381858478296,-0.18144137615196407,-6.205246244685617,-0.5935713814053232
16.941666666666666,-0.259657047185337,1.2733842534608961,-0.2338456859680643,-6.351159492829038,-0.59359524735971
16.95,-0.24859299722842304,1.3689925931454687,-0.28692883489994797,-6.3661449973178685,-0.5936200570806781
16.958333333333332,-0.23705533792970715,1.3876287280292297,-0.3395733268362494,-6.246812437551982,-0.5936443581961819
16.966666666666665,-0.2256569174434132,1.3377264610936745,-0.39070619624343844,-6.006855277544741,-0.5936668056550796
16.975,-0.21490719815695064,1.2348568539121358,-0.4394225971623444,-5.671600841459439,-0.5936864509899487
16.983333333333334,-0.20517405576480094,1.0965992933415354,-0.4850477806773612,-5.269583398912973,-0.5937028466936672
16.991666666666667,-0.19668523342962146,0.9385192029269414,-0.5271340814637199,-4.825981146518828,-0.5937159770407625
17.0,-0.18955411514742865,0.772370025002053,-0.5654185466201342,-4.359755014966781,-0.5937261110292732
17.008333333333333,-0.18381266816491595,0.6060184207411528,-0.599769615085297,-3.8836244417807633,-0.5937336610651254
17.016666666666666,-0.17944109227059565,0.44416905454799216,-0.6301399276358147,-3.4053287808687323,-0.5937390827377987
17.025,-0.1763904797328964,0.28924275969196606,-0.6565310519875042,-2.929103270641789,-0.5937428164424822
17.03333333333333,-0.17459860731450166,0.1421221404183702,-0.6789696310673353,-2.4569059740010393,-0.5937452589416375
17.041666666666668,-0.1740003416621576,0.0026982416953607903,-0.697492303749951,-1.989297077917739,-0.5937467526916004
17.05,-0.17453424576022558,-0.1297570678383065,-0.7121366549756005,-1.5260198567971204,-0.593747584382385
17.058333333333334,-0.17614664452394005,-0.2563459515876198,-0.7229360544981799,-1.066366496575642,-0.5937479882123632
17.066666666666666,-0.1787940300237472,-0.37838487596497544,-0.7299169054597558,-0.609401543817988,-0.5937481501378821
17.075,-0.1824443684148556,-0.49729591223679753,-0.7330973690438201,-0.15410081640514886,-0.5937482110806466
17.083333333333332,-0.18707762710177678,-0.6145245008461869,-0.7324870412941374,0.30055224438549566,-0.5937482701028525
17.091666666666665,-0.1926856398136098,-0.7314594786259714,-0.728087419278505,0.7554676226056719,-0.5937484088445907
17.1,-0.19927130670868837,-0.8493545577312219,-0.7198931742043486,1.2113589741387363,-0.5937487404161428
17.108333333333334,-0.206847078543845,-0.9692276627118493,-0.707894256499679,1.6686177126076112,-0.5937494213391894
17.116666666666667,-0.21543240797120408,-1.0917115226356653,-0.6920794006998006,2.1271004976805425,-0.5937506526466133
17.125,-0.22504968816335144,-1.2168355937980568,-0.6724418558155912,2.585800120221233,-0.593752679623727
17.133333333333333,-0.23571799004323396,-1.3437110054434898,-0.6489885117688267,3.042351242689633,-0.5937557880628135
17.141666666666666,-0.2474436804700555,-1.4700942122287988,-0.6217539904958128,3.492327871398414,-0.5937602933649136
17.15,-0.26020689017690585,-1.5918321111055551,-0.5908214870190354,3.928333167360324,-0.5937665169375762
17.15833333333333,-0.2739430964405118,-1.7022678594700231,-0.5563516898569508,4.339008788548937,-0.5937747429588239
17.166666666666668,-0.28852032877347644,-1.791840649369348,-0.5186190755810766,4.708348878289753,-0.5937851502274301
17.175,-0.30371532994230016,-1.848326548467358,-0.4780501780410274,5.016065220011228,-0.593797722976428
17.183333333333334,-0.3191963695354395,-1.8582790902506587,-0.4352511163965484,5.239943208254808,-0.5938121646539483
17.191666666666666,-0.33452410287153267,-1.8098918834810056,-0.39100542352758305,5.360568529303564,-0.59382786281135
17.2,-0.3491799811302987,-1.6965168775391777,-0.34622633080711623,5.367142707869909,-0.5938439555511288
17.208333333333332,-0.3626206418203808,-1.5190469086612015,-0.3018662429869707,5.261380754842724,-0.5938595038659974
17.216666666666665,-0.3743415521421657,-1.285611842432736,-0.25881154655332694,5.056898892807398,-0.5938737004407513
17.225,-0.3839268929530173,-1.008781618445321,-0.2178012573568444,4.774450397156602,-0.5938860156372958
17.233333333333334,-0.39107163500377173,-0.7020284418041035,-0.17939265687056014,4.435985475785918,-0.593896230074354
17.241666666666667,-0.3955772248603042,-0.3771254114028433,-0.1439709348858318,4.06035348818895,-0.5939043768394948
17.25,-0.39733176465483144,-0.043019974669646105,-0.11178408997919086,3.6615217695851587,-0.5939106491742405
17.258333333333333,-0.39628584674095,0.2941788287858744,-0.08298416468706826,3.248669307420051,-0.5939153175035249
17.266666666666666,-0.39243088276732496,0.6306778534362822,-0.05766339830295767,2.8271616441763636,-0.5939186840615435
17.275,-0.38578246377424535,0.9643641656064976,-0.03588120365878621,2.3996957846444698,-0.5939210655534022
17.28333333333333,-0.37636880329062383,1.294235420151471,-0.017682048494501508,1.9673137588091845,-0.5939227765465648
17.291666666666668,-0.3642234736780704,1.6199396591675048,-0.0031057219834340873,1.5302167839361012,-0.5939241197753221
17.3,-0.34938158805830555,1.9414014813843121,0.007808482644599764,1.0884237836755584,-0.5939253810731621
17.308333333333334,-0.3318789069871784,2.258484820487573,0.015022720312120952,0.6423609362735437,-0.5939268258244776
17.316666666666666,-0.3117537957305593,2.570636785377281,0.018506502522140086,0.19347732499813625,-0.5939286948767091
17.325,-0.2890524139001716,2.876459698254268,0.018248158887963856,-0.255023766978864,-0.5939311988962772
17.333333333333332,-0.2638379355819062,3.173166882312467,0.014273162768080494,-0.6972604266486521,-0.5939345274500608
17.341666666666665,-0.2362047249938678,3.4559523089594624,0.006670809302035973,-1.1236215837832277,-0.59393887924262
17.35,-0.2062977514117274,3.7173902747340537,-0.004370497413556296,-1.5197954064582306,-0.5939444425469189
17.358333333333334,-0.17433596507651186,3.947156581455524,-0.018521763964139525,-1.866380155755312,-0.5939513415340023
17.366666666666667,-0.140634901075185,4.132589124164067,-0.03527417857354815,-2.1399807433899705,-0.5939595661953938
17.375,-0.10561926733784449,4.260588128542265,-0.0539183930665175,-2.3166515546662705,-0.5939689088332794
17.383333333333333,-0.06981401786831096,4.320783714130985,-0.0735623780611245,-2.3775409354002957,-0.5939789476262419
17.391666666666666,-0.03380742316690058,4.308804118891043,-0.09319901711556265,-2.3146846147960836,-0.5939891110659008
17.4,0.0018070571729026288,4.22780560480052,-0.11181129389228622,-2.13372833303623,-0.5939988119853546
17.40833333333333,0.036490295109206164,4.087257761289986,-0.12848016906332982,-1.8518160369233152,-0.5940075876806309
17.416666666666668,0.06979774733550524,3.8998040477159694,-0.14245868934729622,-1.4920679917392672,-0.5940151780406734
17.425,0.10139187845728259,3.6780191533713658,-0.15319696023300347,-1.077830024627918,-0.5940215216048615
17.433333333333334,0.13103197786372392,3.4323441121823386,-0.16032675141609237,-0.6289457462491331,-0.5940266982526133
17.441666666666666,0.15855261562675466,3.170380189909212,-0.16362518748539473,-0.160391224297989,-0.5940308594704311
17.45,0.18384035705944293,2.897082931482365,-0.1629743247630508,0.31750854880775703,-0.5940341726909495
17.458333333333332,0.20681401981463488,2.615345804202465,-0.15832599104706024,0.7981584616595857,-0.5940368121397325
17.466666666666665,0.22741012818278158,2.3266217432023546,-0.14967495429242988,1.2776922808195046,-0.5940389962887205
17.475,0.24557320598790694,2.0314589967526744,-0.13703989592885335,1.754104296119179,-0.5940409904615319
17.483333333333334,0.2612501286465259,1.7299390702493713,-0.12045099835634619,2.22653275521032,-0.5940431000358752
17.491666666666667,0.2743877809692345,1.4220393669238551,-0.09994295606751717,2.6946627710935154,-0.5940456655640609
17.5,0.28493359363473764,1.1079705768606882,-0.07555275185756048,3.1581642248795023,-0.5940490585869388
17.508333333333333,0.2928389824385551,0.7885456126285688,-0.04732230734224907,3.616067374561381,-0.5940536760009728
17.516666666666666,0.29806619101283993,0.4656363066867164,-0.01530693948625212,4.0659782845614405,-0.5940599295317143
17.525,0.3005994591451965,0.14275894847705312,0.020408699803803557,4.503059435208551,-0.5940682249973824
17.53333333333333,0.30046159728057553,-0.17422361724976432,0.05968520024087183,4.918788036281417,-0.594078924144006
17.541666666666668,0.2977364760569979,-0.47642475647770827,0.10229237451176304,5.299721218009186,-0.594092286884081
17.55,0.29259580487438025,-0.7516727414954876,0.14786505159215715,5.626917523771318,-0.594108392153412
17.558333333333334,0.285324155377093,-0.9853122622423003,0.19586050220753654,5.877111158496853,-0.5941270261355385
17.566666666666666,0.2763306357932924,-1.1626693571294209,0.24553683087169662,6.02668204905508,-0.5941475911753974
17.575,0.26613332777240184,-1.2729735580484702,0.29597587172483014,6.05812299879939,-0.5941691129802132
17.583333333333332,0.2553102500643687,-1.313085865921121,0.34616164670275473,5.966266941846291,-0.5941903953102321
17.591666666666665,0.2444282848663143,-1.288730795670628,0.3950959296428157,5.760410028383623,-0.5942102816362677
17.6,0.23397612552516006,-1.2123636000168885,0.4419077908728355,5.460847225418922,-0.5942278991566095
17.608333333333334,0.2243244747082132,-1.0991487791521128,0.4859185221738194,5.092271459560036,-0.5942427752749811
17.616666666666667,0.21571944602572532,-0.9633433083995367,0.5266521239121944,4.677859568375659,-0.5942548124489561
17.625,0.20829960263198571,-0.8163174123284748,0.5638073550308788,4.236085964660449,-0.594264182848354
17.633333333333333,0.20212273436722356,-0.6661048151012429,0.5972144039043233,3.780061807474042,-0.5942712112826639
17.641666666666666,0.19719231064023823,-0.5178142526533284,0.6267926914871892,3.318273292845612,-0.594276283573415
17.65,0.1934790265564479,-0.37432114057492455,0.6525171385623283,2.8557517676615234,-0.5942797880936962
17.65833333333333,0.19093658716285178,-0.23692707386474227,0.6743940641916827,2.395164011261918,-0.5942820840249794
17.666666666666668,0.18951255302032366,-0.10587874385139863,0.6924451667159773,1.9376518179123277,-0.5942834869742373
17.675,0.18915548699128643,0.019259921172142206,0.7066974176809048,1.483418119773307,-0.5942842643651413
17.683333333333334,0.18981951179087866,0.13935247818436344,0.7171769674586974,1.0321142388266924,-0.5942846357445664
17.691666666666666,0.19146710444522377,0.25551681938182924,0.7239056636254311,0.5830889177687737,-0.5942847756412725
17.7,0.19407068849253498,0.3690052656825856,0.7268992446501409,0.13554897360854173,-0.5942848164178594
17.708333333333332,0.19761336105947616,0.4811129562543371,0.7261666514382062,-0.3113261670789636,-0.5942848510101363
17.716666666666665,0.20208888868350947,0.5930909657399732,0.7217102630579589,-0.7582720151429222,-0.5942849573502638
17.725,0.20750099614473325,0.7060643884829741,0.7135270222932852,-1.2058421639744044,-0.5942852439896071
17.733333333333334,0.2138619211949409,0.8209310277408608,0.7016104385464277,-1.6542793327881726,-0.5942858601457017
17.741666666666667,0.2211899523844122,0.9382168562833586,0.6859539779513797,-2.1033095331032086,-0.5942869963060035
17.75,0.229505526618899,1.0578710576238846,0.6665565694207923,-2.5518335682586057,-0.5942888834675006
17.758333333333333,0.23882528439833467,1.1789769345646592,0.6434312512575994,-2.997474997904077,-0.5942917890844865
17.766666666666666,0.24915329587297025,1.299360122233102,0.6166183067878646,-3.4359511686331348,-0.5942960065129874
17.775,0.2604686010105387,1.4151007497974004,0.5862043796876927,-3.8602746465730964,-0.5943018332190941
17.78333333333333,0.27270850112005723,1.5200223168594515,0.552348605204985,-4.25990171210361,-0.5943095320146448
17.791666666666668,0.28574813144601446,1.6053576186000036,0.5153150095452768,-4.620157995070012,-0.5943192711486978
17.8,0.29937922406245343,1.659963769099775,0.4755064818129711,-4.922561387537526,-0.5943310467052981
17.808333333333334,0.31329457351094947,1.671545891435231,0.433489592138128,-5.146814251254714,-0.5943446070193756
17.816666666666666,0.3270877969658724,1.6290864811357586,0.3899943320365804,-5.274801509547389,-0.5943594183867201
17.825,0.3402766904527456,1.5258989342719118,0.3458749624939556,-5.295625180375767,-0.59437471460455
17.833333333333332,0.35234979380930276,1.3618675154610977,0.30203269359895557,-5.209266950081696,-0.5943896384464542
17.841666666666665,0.362823144062769,1.1435065848948056,0.25932206413848896,-5.026595745278899,-0.5944034235004796
17.85,0.3712876847665799,0.8817901622780979,0.21847365826464074,-4.765665139683247,-0.5944155337713602
17.858333333333334,0.3774336696623067,0.5890799414286243,0.18005569609878488,-4.446557589420479,-0.5944257101294445
17.866666666666667,0.3810511066102788,0.2766390567268193,0.14447556265940634,-4.0872753636939025,-0.5944339332147938
17.875,0.3820144956983309,-0.04662660579040303,0.11200697792030588,-3.7017314740969773,-0.594440346855048
17.883333333333333,0.38026174129444607,-0.3743780390954092,0.08282603034092367,-3.2995089304054335,-0.5944451838672944
17.891666666666666,0.375774046375327,-0.7024781103026395,0.057044685268096196,-2.886570899121459,-0.5944487249872534
17.9,0.368559796375517,-1.0284468337930899,0.03473685909044353,-2.4662539387551914,-0.5944512745919012
17.90833333333333,0.3586430110480406,-1.35092941752448,0.015956256946481888,-2.040218915311804,-0.5944531402987642
17.916666666666668,0.3460559093091926,-1.6692444997436786,0.0007468935900235166,-1.6092513119792822,-0.5944546211465849
17.925,0.330834917470141,-1.9830045774142104,-0.010852464706774565,-1.1739287407600658,-0.5944560008084413
17.933333333333334,0.3130196706731233,-2.291769562118932,-0.018809098156246356,-0.7352242356569354,-0.5944575427488705
17.941666666666666,0.2926549278271573,-2.594686076520637,-0.023102173764291297,-0.29512655368567714,-0.5944594852165359
17.95,0.2697957065703888,-2.890069026913486,-0.023734086775949795,0.14264930566805528,-0.5944620347194219
17.958333333333332,0.24451625892887158,-3.17489504257946,-0.020748292863355822,0.5718089276516778,-0.5944653660720349
17.966666666666665,0.21692356217021153,-3.444242434729847,-0.014254694890756503,0.9825519716334616,-0.5944696485327161
17.975,0.18717523510088074,-3.69081748877471,-0.004462201081711441,1.3608250248867912,-0.594475035393271
17.983333333333334,0.155500201635266,-3.904831551318527,0.00828466377712659,1.6882054617466788,-0.5944816161636374
17.991666666666667,0.12221741465689542,-4.074666587321249,0.023473429912846212,1.9431788823014082,-0.5944893572229398
18.0,0.08774439023386899,-4.188686145899843,0.04041013717701135,2.104421067335577,-0.5944980525520096
18.008333333333333,0.05258620340079031,-4.238013422923727,0.05824086308110426,2.1557557590280276,-0.5945073174532487
18.016666666666666,0.017300677230006306,-4.2192266870342845,0.07601560275840795,2.090939988300828,-0.59451664897261
18.025,-0.017553319866649687,-4.135496775617171,0.09278214872006586,1.9156914760265134,-0.5945255394317845
18.03333333333333,-0.051467581804604874,-3.9954518189364427,0.10768014511012351,1.6457040617187304,-0.5945335908987246
18.041666666666668,-0.0840194331666512,-3.8104926185184294,0.12000552535772355,1.301911007810184,-0.5945405779504931
18.05,-0.11488290485050358,-3.592029399562019,0.12923298755405516,0.9055686826474275,-0.5945464440365227
18.058333333333334,-0.14382047308540694,-3.349678988281806,0.13500364404533147,0.47499035838972026,-0.594551254167205
18.066666666666666,-0.17066463152950018,-3.0905967050466376,0.1370938924105599,0.024254964423594087,-0.5945551364476679
18.075,-0.19529747663759017,-2.819593571544117,0.13537981484428438,-0.43670138792690893,-0.5945582364905266
18.083333333333332,-0.21763305786763684,-2.539618496646272,0.12980555735843488,-0.9013343420194438,-0.5945607229064751
18.091666666666665,-0.23760411958572147,-2.252296538633978,0.12035866635591601,-1.365631899135155,-0.5945628127004855
18.1,-0.255153168429066,-1.958421606864626,0.10705238642619895,-1.8273140903228695,-0.5945647662875405
18.108333333333334,-0.270227338747764,-1.6583742597108664,0.0899141661207899,-2.2851466229677824,-0.5945668804578375
18.116666666666667,-0.2827764798384751,-1.3524831946697053,0.0689794809153598,-2.7383410109305437,-0.5945694827775869
18.125,-0.29275416679259036,-1.0413733958446891,0.04429054052285289,-3.185968610998536,-0.5945729260180032
18.133333333333333,-0.3001217268221171,-0.7263498041612803,0.015900112833276258,-3.6263045330561594,-0.5945775803151728
18.141666666666666,-0.3048557674022571,-0.40986008679642644,-0.01611861777105037,-4.056024645086916,-0.5945838195316299
18.15,-0.3069599685245071,-0.09605420801007547,-0.0516547387639489,-4.469220449966149,-0.5945919967801916
18.15833333333333,-0.30648180053820717,0.20861065840918863,-0.09053354212672987,-4.856311356682457,-0.5946024032422859
18.166666666666668,-0.3035338781868216,0.4949107078708467,-0.13248194285600376,-5.203169547066191,-0.5946152117501748
18.175,-0.29831718632989146,0.7509522574784976,-0.17708974828276985,-5.4911452317121014,-0.5946304039397247
18.183333333333334,-0.2911392923021703,0.9633641152561824,-0.22377811479343995,-5.698915603769526,-0.594647680566835
18.191666666666666,-0.2824167943294243,1.1198865426656324,-0.27179324908957375,-5.806697680233383,-0.5946664099985212
18.2,-0.27265191856953813,1.212794146782783,-0.32024261193835574,-5.80191851043594,-0.5946856735680348
18.208333333333332,-0.2623825101571381,1.2415371476723875,-0.3681754721046862,-5.683650414871848,-0.5947044266820372
18.216666666666665,-0.25211932749303734,1.2129627642685783,-0.41468508265944903,-5.4630518879575,-0.594721719805344
18.225,-0.24229277152434112,1.1389685378557783,-0.4589957976410284,-5.1595418035838705,-0.5947368772388091
18.233333333333334,-0.23322500279221192,1.0330746948112537,-0.500508619955444,-4.795180072772103,-0.5947495645077292
18.241666666666667,-0.2251289267591621,0.9076251833025127,-0.5388027762731747,-4.390101873671749,-0.5947597503522386
18.25,-0.21812491120314487,0.7723596934361189,-0.5736085464373563,-3.9602295471531495,-0.5947676156577778
18.258333333333333,-0.2122641974282533,0.6341550873358328,-0.6047696137274888,-3.516910134081562,-0.5947734591090541
18.266666666666666,-0.20755145025397478,0.4974025150106553,-0.6322072937043905,-3.067581467443431,-0.5947776246488181
18.275,-0.20396309956101874,0.3645852110916056,-0.655891967373493,-2.616744265189779,-0.5947804550483973
18.28333333333333,-0.2014608966005434,0.23682557548319247,-0.6758224723501716,-2.166862036035145,-0.5947822662737584
18.291666666666668,-0.2000013561724493,0.11432021856074079,-0.6920121918708778,-1.7190610550371341,-0.5947833354751263
18.3,-0.19954207211441838,-0.003342191241843188,-0.7044801122117993,-1.2736277583747488,-0.5947838967822636
18.308333333333334,-0.20004579665229485,-0.1169574348985455,-0.7132453210426518,-0.8303454078167479,-0.5947841410899022
18.316666666666666,-0.20148295310963146,-0.22754894657562802,-0.7183238115385852,-0.38871828673298425,-0.5947842179863452
18.325,-0.2038330376035071,-0.3362542599327104,-0.7197268291797094,0.05187596004213333,-0.5947842379144757
18.333333333333332,-0.2070851735187261,-0.44423080797313524,-0.7174603296387373,0.492063588249986,-0.5947842784045128
18.341666666666665,-0.21123789207940902,-0.552564971360867,-0.7115254615643112,0.9323549388002501,-0.5947844231458693
18.35,-0.21629818473232026,-0.6621842731802602,-0.7019199550675239,1.373039026769354,-0.5947847920804668
18.358333333333334,-0.22227971309119196,-0.7737390954709835,-0.6886405911068102,1.8140220589218425,-0.5947855437173126
18.366666666666667,-0.22919985889540506,-0.8874402137718166,-0.6716873200606911,2.254589735428329,-0.5947868748496768
18.375,-0.23707517308832807,-1.0028336411100554,-0.6510697817282161,2.69306270686599,-0.5947890182315518
18.383333333333333,-0.24591462040988582,-1.1184941262102719,-0.62681725904929,3.1263123485901305,-0.5947922359968815
18.391666666666666,-0.25570990040503727,-1.231631008638664,-0.5989933092063296,3.549123536141058,-0.594796805421792
18.4,-0.266422204242148,-1.3376371496469202,-0.5677162131430928,3.9534517184002764,-0.5948029924983801
18.40833333333333,-0.27796531928317175,-1.4296912571440952,-0.5331854984080879,4.327753924670255,-0.594811008800428
18.416666666666668,-0.29018641910792525,-1.4986520513162318,-0.4957124441494089,4.656788527586135,-0.5948209505203461
18.425,-0.30284843289215324,-1.533609724217331,-0.45574822219720085,4.92249451114571,-0.5948327281450561
18.433333333333334,-0.31562099006609357,-1.5234283249242253,-0.4138981235060867,5.106512595615119,-0.5948460109452395
18.441666666666666,-0.32808833921241964,-1.4592084778557555,-0.3709079256059523,5.194236138544236,-0.5948602231335433
18.45,-0.33977905203376835,-1.3368545241619467,-0.32761442210045216,5.179029142058205,-0.5948746196444958
18.458333333333332,-0.3502129794224321,-1.158433671004372,-0.2848677602718841,5.064416583819788,-0.5948884296818693
18.466666666666665,-0.3589512101014307,-0.9314948172977487,-0.24344944299551524,4.862866902258995,-0.5949010104092419
18.475,-0.36563288136813304,-0.6667661582796591,-0.20401285893031204,4.591895486091803,-0.5949119453810051
18.483333333333334,-0.3699904393171024,-0.3755130640499179,-0.1670600103754781,4.269656713480801,-0.5949210611704806
18.491666666666667,-0.37184547232778514,-0.067637516307402,-0.1329503980576977,3.911831955842902,-0.5949283821464674
18.5,-0.3710931461634241,0.24916482587947145,-0.10192826064519114,3.530318279440228,-0.5949340620438832
18.508333333333333,-0.36768325408643554,0.5694396404588193,-0.07415462374840874,3.1332719364398094,-0.5949383302292978
18.516666666666666,-0.3616029167468812,0.8896051474861218,-0.049735779134192734,2.7258162499642515,-0.5949414615141536
18.525,-0.35286299711746544,1.2074624527267759,-0.028744866578826724,2.310932723268995,-0.5949437495453362
18.53333333333333,-0.34148857105720376,1.5217261507954032,-0.011236151761220918,1.8902996787545854,-0.5949454890610235
18.541666666666668,-0.3275130557501707,1.8316166357144725,0.0027471969988295663,1.4650131789751877,-0.5949469653485184
18.55,-0.31097551812597374,2.1364996907434675,0.013170927824768733,1.0362178113172849,-0.5949484474427265
18.558333333333334,-0.2919209113205177,2.435537489958535,0.02001261769628694,0.6057097780260777,-0.5949501825164047
18.566666666666666,-0.27040330978890165,2.7273118253373094,0.023269730184751224,0.1765789276022014,-0.5949523897156076
18.575,-0.2464925062796329,3.0093907563347115,0.022973362159267752,-0.24606255421425352,-0.5949552526673989
18.583333333333332,-0.22028448691895625,3.2778350897115054,0.01920847835579935,-0.6542586773696628,-0.5949589244506408
18.591666666666665,-0.1919159977660229,3.5267359907820586,0.012140864484482665,-1.0364672495045986,-0.5949635466107357
18.6,-0.16158222367899744,3.7479673132713596,0.0020488622934058463,-1.3772161628473796,-0.5949692239386445
18.608333333333334,-0.12955462068155055,3.931459930842715,-0.010645431669746248,-1.6576866876523204,-0.5949759762393879
18.616666666666667,-0.09619300303742508,4.066354340450216,-0.025355918091732096,-1.8578403591394126,-0.5949836899312952
18.625,-0.06194390442281635,4.14311143500279,-0.041337159323026465,-1.960214467054983,-0.5949920934314704
18.633333333333333,-0.02731902260868166,4.156027244833413,-0.05772466001168458,-1.9544022686466884,-0.5950007816707672
18.641666666666666,0.007145048005339966,4.104996837316187,-0.07360843329167334,-1.8401890395614424,-0.5950092945101652
18.65,0.04093486249400581,3.9955150876221803,-0.0881204518140902,-1.627569034463235,-0.5950172195022563
18.65833333333333,0.07360041640991156,3.8369179338090147,-0.10050850495858148,-1.3336460124963758,-0.5950242716094258
18.666666666666668,0.10477679183481106,3.6398780532726462,-0.11017708161875937,-0.9781894940052573,-0.5950303197006875
18.675,0.13418597483381522,3.414303452096148,-0.11669289567776821,-0.5798626244542872,-0.5950353637768132
18.683333333333334,0.16162499816520112,3.1681872547990952,-0.11976560336379428,-0.15409643072369492,-0.5950394877228258
18.691666666666666,0.18694832904413256,2.9073298457245196,-0.11921749567908743,0.28750951016207926,-0.5950428119414906
18.7,0.21005041901113491,2.6355952466186685,-0.11495259249511638,0.736835140315728,-0.5950454780573542
18.708333333333332,0.2308514071387895,2.3553638342546366,-0.10693050657431716,1.1885327692123189,-0.5950476735004985
18.716666666666665,0.2492867393427305,2.0680056665301296,-0.09514650745994829,1.6392676293802575,-0.5950496311666682
18.725,0.26530058724759925,1.7743117192936129,-0.07961774743817447,2.087012635388236,-0.5950516213313967
18.733333333333334,0.27884262449430136,1.474871007775799,-0.060375009708007764,2.5304243273101568,-0.5950539449806472
18.741666666666667,0.28986780925987693,1.1704210270597064,-0.03745946497034115,2.968254656893724,-0.5950569275436985
18.75,0.29833911286494175,0.8622112888417186,-0.010924413773155943,3.398730688168776,-0.5950609111823282
18.758333333333333,0.3042334694937958,0.5524183989238002,0.019157429359924538,3.81883497588827,-0.5950662428139375
18.766666666666666,0.30755148086696593,0.24463255336117043,0.05268009043718831,4.223448971307571,-0.5950732538788663
18.775,0.308331393281937,-0.055615515808614256,0.08948289564923219,4.604405903330799,-0.5950822269742339
18.78333333333333,0.3066672191640912,-0.3404207050145089,0.12932144099435425,4.949672775991605,-0.5950933469990741
18.791666666666668,0.3027291234175841,-0.5994594346146567,0.1718338950952482,5.2431585824598645,-0.595106643852079
18.8,0.29678103373711573,-0.8207740776492273,0.21651088746095815,5.465894395210429,-0.5951219212324677
18.808333333333334,0.2891870182370663,-0.9927074210739723,0.262683130645385,5.599153568758444,-0.5951387007432514
18.816666666666666,0.2803972842706017,-1.1067458523141638,0.30954234748941295,5.629139889520462,-0.5951562344934231
18.825,0.2709103287098847,-1.1601518449329107,0.35620179175825883,5.551387581725661,-0.5951736140909412
18.833333333333332,0.26121927295016956,-1.1569169126903625,0.4017834372994574,5.372406775910466,-0.5951899496273008
18.841666666666665,0.25175987870564953,-1.1064290758068864,0.4455029358882907,5.107538813343233,-0.59520454237511
18.85,0.24287668224746173,-1.020690296496725,0.48672504612334255,4.7764022251343485,-0.5952169795722665
18.858333333333334,0.23481314590027125,-0.9115660486025692,0.5249797530827601,4.398397200864347,-0.5952271336442904
18.866666666666667,0.22772090578997428,-0.7890382430668562,0.5599472945860362,3.9898793388738785,-0.5952350981407742
18.875,0.22167877434373826,-0.6605734441648348,0.5914275834912475,3.563175926301376,-0.5952411050359931
18.883333333333333,0.21671359261785444,-0.5312351678369408,0.6193070208569652,3.1268167300614604,-0.5952454529852381
18.891666666666666,0.21281853283632324,-0.40412431887742506,0.6435298096739028,2.6862851289813827,-0.5952484568748657
18.9,0.20996736048365433,-0.2808771194378655,0.6640760506588651,2.2448435405125857,-0.5952504172642402
18.90833333333333,0.20812477466049784,-0.16209720689083537,0.6809462711812366,1.8042344024614103,-0.5952516042368549
18.916666666666668,0.2072535550347515,-0.04768908911363843,0.6941510764017234,1.3652079263238575,-0.5952522502349521
18.925,0.20731931881724652,0.06289865084478198,0.7037045286103042,0.9278947645057865,-0.5952525478686579
18.933333333333334,0.2082935526862342,0.17049865357119373,0.7096201188919375,0.49206229359101833,-0.5952526503751875
18.941666666666666,0.21015539809450906,0.27609699827933737,0.7119085227314518,0.05729223336516042,-0.5952526733230447
18.95,0.21289249612029867,0.3807312620839838,0.7105766311682049,-0.3768835520060419,-0.5952526975643937
18.958333333333332,0.21650100762050287,0.48539303325696465,0.7056276945114673,-0.8108500794502176,-0.5952527978262072
18.966666666666665,0.22098485622643627,0.5909381479448448,0.6970624835432088,-1.2447980485531078,-0.5952530801607941
18.975,0.22635415781598534,0.6979754370897344,0.68488148644833,-1.6785742896960052,-0.5952536869732071
18.983333333333334,0.2326225695675543,0.8067172358564579,0.669088626769697,-2.111464794527438,-0.5952547965252519
18.991666666666667,0.2398031870116031,0.9167774900710206,0.6496971413935846,-2.5418882552868727,-0.5952566206891335
19.0,0.24790248361694556,1.0269016886758227,0.6267384846325703,-2.9669723255117995,-0.5952593991054796
19.008333333333333,0.25691168968278233,1.134623114150001,0.6002753036308451,-3.382001003901592,-0.5952633869427072
19.016666666666666,0.2667950664446501,1.2358694603858293,0.5704194560028006,-3.7797698484365885,-0.5952688325300155
19.025,0.2774749656671076,1.3246066047657439,0.537355347280375,-4.1499898529747234,-0.5952759410587156
19.03333333333333,0.28881468877485716,1.3927080449903548,0.5013670216328144,-4.479051386091676,-0.5952848229979764
19.041666666666668,0.3006022012462007,1.4303458697230502,0.46286404799066805,-4.75064168249915,-0.595295433050528
19.05,0.31254035580638545,1.4271987849126269,0.4223968935324801,-4.947712840918598,-0.5953075177879286
19.058333333333334,0.32425082265178506,1.3744946781107628,0.38064985780146,-5.055834720764732,-0.5953206016167018
19.066666666666666,0.3352967840505262,1.2673233106158301,0.33840318321052903,-5.066992121730189,-0.5953340375899687
19.075,0.3452223832252252,1.1061554930765338,0.29646776071814906,-4.982048897182158,-0.595347121572703
19.083333333333332,0.3535982523949108,0.8967032031121197,0.25561030633501824,-4.81044013804114,-0.5953592290248034
19.091666666666665,0.36005885986551267,0.6482006420425408,0.2164927512535624,-4.567248031221587,-0.5953699176080247
19.1,0.36432213865363505,0.37106454527510674,0.17964148964955795,-4.269287037548501,-0.5953789624797078
19.108333333333334,0.3661907701842705,0.07496591429569746,0.1454470996137802,-3.931929410746175,-0.5953863310491249
19.116666666666667,0.3655409804576176,-0.2322148796781212,0.1141843639427185,-3.5674435360863974,-0.5953921273607382
19.125,0.36230613549396384,-0.5446362033243584,0.08604021520063704,-3.184674929534379,-0.5953965420628962
19.133333333333333,0.3564604614321727,-0.8582740668246548,0.061140689685829384,-2.7895061310257785,-0.5953998213356303
19.141666666666666,0.3480055490937047,-1.1705106967469836,0.039572534353195896,-2.3856190074737,-0.5954022385979006
19.15,0.33696047833705733,-1.479695764379377,0.021398217047889932,-1.975285065395007,-0.5954040745836102
19.15833333333333,0.32335545947785144,-1.7847452888009936,0.006664647572133186,-1.5600779768091613,-0.5954056048923348
19.166666666666668,0.3072286389975105,-2.0847806259687856,-0.0045936899130672145,-1.1415072779013167,-0.5954070918087718
19.175,0.2886258292544416,-2.3787824792884487,-0.012356703418780483,-0.7216174725546097,-0.595408777858718
19.183333333333334,0.267603170530527,-2.665228070143237,-0.016625699074748358,-0.30360690046699396,-0.5954108793024221
19.191666666666666,0.24423297359842008,-2.9416884054837333,-0.017435770166094332,0.10749573115711307,-0.5954135784281698
19.2,0.21861309486053124,-3.204386058189767,-0.014874077740112322,0.5040986166806644,-0.5954170200543604
19.208333333333332,0.19087996206807628,-3.447784268856147,-0.009104110353372268,0.8753876647730506,-0.5954213285906949
19.216666666666665,0.16122430312641212,-3.6643814972157314,-0.0003940615903153344,1.207052122243213,-0.5954265964355835
19.225,0.12990692043337057,-3.844956866402733,0.0108554775751195,1.4818115397500178,-0.5954328432123325
19.233333333333334,0.09726948101793903,-3.9795611144923706,0.0240933956056661,1.6812541509916379,-0.595439974026901
19.241666666666667,0.06373354409040982,-4.0593254039194155,0.038621375452440064,1.7891005726782825,-0.5954477568534032
19.25,0.02978241237213509,-4.078651694537276,0.05362801464490893,1.7951159143349866,-0.5954558400641147
19.258333333333333,-0.004073679412684834,-4.036844794030082,0.06825264971253135,1.6980165163473036,-0.595463815672986
19.266666666666666,-0.037340378374855925,-3.938301393841708,0.08166347221287315,1.5058185470274865,-0.5954713064571084
19.275,-0.06957686621823438,-3.7911484661644876,0.09312661272232164,1.2334368902398682,-0.5954780384293924
19.28333333333333,-0.10041817145903004,-3.6050946933383825,0.10204807009486332,0.898869572228382,-0.5954838707471571
19.291666666666668,-0.12957982846249624,-3.389484405141764,0.10798414550584079,0.5197048680933456,-0.5954887821990176
19.3,-0.15684932878568056,-3.1521176699252935,0.11062794807221091,0.11095080980431228,-0.5954928329423331
19.308333333333334,-0.18207114491647244,-2.898858246901112,0.10978375187588554,-0.31575848067932716,-0.5954961230357974
19.316666666666666,-0.20513091883486728,-2.6337738756902076,0.10533904569433256,-0.7520111366824769,-0.5954987807791214
19.325,-0.22594195688289045,-2.3595054069774624,0.09723988133182546,-1.1920561791029438,-0.5955009826010581
19.333333333333332,-0.24443511369836787,-2.0776952338165118,0.08547150596017497,-1.6321218652540688,-0.5955029498848816
19.341666666666665,-0.260552210936891,-1.7893979736554326,0.07004469474487846,-2.069746666727752,-0.5955049406340308
19.35,-0.27424270780200505,-1.4954510924483784,0.05098741859776916,-2.503166772305988,-0.5955072422852088
19.358333333333334,-0.28546334910557764,-1.1968235630329866,0.028341470203504335,-2.9307307411400765,-0.5955101647054831
19.366666666666667,-0.2941807366922729,-0.8949744617851152,0.0021640409966990123,-3.35028686120607,-0.5955140316344862
19.375,-0.30037704043054564,-0.5922520134990575,-0.027465290503729603,-3.758489582100762,-0.5955191679565479
19.383333333333333,-0.3040592536266145,-0.29234406194002893,-0.060431355830990845,-4.150002780702575,-0.5955258792444362
19.391666666666666,-0.30527230822598417,-0.000741084780366278,-0.09656329008139611,-4.516660427918383,-0.5955344194950473
19.4,-0.3041156814137989,0.274921228595783,-0.13560794381817295,-4.846804386145788,-0.5955449449292236
19.40833333333333,-0.30076148019362636,0.5249068092109042,-0.1771999862630905,-5.12524867993632,-0.5955574617744251
19.416666666666668,-0.2954692430925975,0.7381824067859997,-0.22083651926596623,-5.334501741374175,-0.5955717684732922
19.425,-0.2885899705376261,0.904207811525385,-0.2658687472220662,-5.4576566102370725,-0.5955874126060803
19.433333333333334,-0.2805518162831396,1.015440988602143,-0.31152362186223714,-5.482521204508791,-0.5956037082817479
19.441666666666666,-0.2718251330375566,1.0695784554090035,-0.3569597592368729,-5.40536339780661,-0.5956198348871149
19.45,-0.2628742891022648,1.070321173076376,-0.40134568345459126,-5.232239413305399,-0.5956349925719006
19.458333333333332,-0.2541112966908763,1.026198057651942,-0.4439355754623184,-4.977103994983587,-0.5956485507979994
19.466666666666665,-0.24586520984675814,0.9481511038274774,-0.4841193668149608,-4.657864357946315,-0.595660131156156
19.475,-0.23837247711689932,0.8471152394693443,-0.5214385835199647,-4.292429033248517,-0.5956696092640997
19.483333333333334,-0.23178433082412084,0.732427450303549,-0.5555744734004708,-3.8961349130699596,-0.59567706141419
19.491666666666667,-0.22618332156514415,0.6111968908840545,-0.5863214898310228,-3.480760743704557,-0.5956826930337638
19.5,-0.22160204677305004,0.4883461383492242,-0.6135575531096107,-3.0546360854049377,-0.5956867747422224
19.508333333333333,-0.21803999160391446,0.366971203334257,-0.6372176911944926,-2.6232574816512977,-0.5956895959963077
19.516666666666666,-0.21547693226995526,0.2487773399380567,-0.6572734576713354,-2.190011112411759,-0.5956914360276664
19.525,-0.2138828395185252,0.1344716255542949,-0.6737180899021953,-1.7568094753835406,-0.5956925477822007
19.53333333333333,-0.21322483948079446,0.024074698763615864,-0.6865563856747965,-1.3245847297023465,-0.5956931502518431
19.541666666666668,-0.21347191285401393,-0.08284603144332164,-0.6957981089138797,-0.8936464139496904,-0.5956934256459737
19.55,-0.21459792044183418,-0.18700472931653717,-0.7014539155737787,-0.4639342148194551,-0.5956935193459003
19.558333333333334,-0.216583390506427,-0.2892686156934749,-0.7035330621928486,-0.03519827748023735,-0.5956935410389609
19.566666666666666,-0.21941634767435583,-0.3905525975737069,-0.702042431680609,0.3928578499433091,-0.5956935676123508
19.575,-0.22309228326950925,-0.49171761797468017,-0.6969867394275409,0.8204362926358147,-0.5956936722306894
19.583333333333332,-0.22761331512513097,-0.5934765326176165,-0.6883698188948465,1.2475253584267507,-0.5956939585501324
19.591666666666665,-0.23298649231227928,-0.6962777973737436,-0.6761970252125399,1.6737398081660497,-0.5956945643600106
19.6,-0.2392209841738781,-0.8001527728559596,-0.6604792320110707,2.0980969616672263,-0.595695660444154
19.608333333333334,-0.2463238050464566,-0.9045146506619115,-0.6412390229802887,2.518709770911684,-0.5956974474540162
19.616666666666667,-0.25429362037036224,-1.007897894089208,-0.6185198612117019,2.932376816543494,-0.5957001490012759
19.625,-0.26311213275726336,-1.1076402538091816,-0.59239911395444,3.3340703322756653,-0.5957039983871613
19.633333333333333,-0.27273268027406217,-1.1995414450345472,-0.5630056102673217,3.7163760013085523,-0.5957092157865349
19.641666666666666,-0.2830661946711781,-1.2775934494379737,-0.5305415767506079,4.069039588338844,-0.59571597312109
19.65,-0.29396581291620466,-1.3339652227436571,-0.49530691004933153,4.378923033901327,-0.5957243467593076
19.65833333333333,-0.30521330374366773,-1.3594983847903124,-0.45772063682897157,4.630798443325368,-0.5957342651093165
19.666666666666668,-0.3165125531715543,-1.3449257349722286,-0.4183309215581652,4.809336808815429,-0.5957454684971037
19.675,-0.32749611609207807,-1.2827381297739104,-0.37780367644381563,4.902170997990817,-0.5957575063255371
19.683333333333334,-0.33774823426617684,-1.1691347123099693,-0.33688415806545474,4.903090756737183,-0.5957697902830241
19.691666666666666,-0.34684133550037244,-1.0051587933854687,-0.29633659549892616,4.813871163733384,-0.5957816970322382
19.7,-0.35437618315790026,-0.796392244400475,-0.2568782949541189,4.64369584886959,-0.5957926836184416
19.708333333333332,-0.3600137775678706,-0.5513810632995645,-0.219127995379842,4.406483656845481,-0.5958023701535959
19.716666666666665,-0.36349162952230946,-0.2796180432021156,-0.18358052213126166,4.117518225483331,-0.5958105658635308
19.725,-0.3646243818669857,0.010090912055893415,-0.15060739345862303,3.7907647284021233,-0.5958172459715124
19.733333333333334,-0.36329385863542424,0.31051305620762865,-0.12047456078291911,3.4374665844751315,-0.5958225050235229
19.741666666666667,-0.3594346733094678,0.6162061638722368,-0.09336686935168019,3.065869677724526,-0.5958265185505067
19.75,-0.35301988362290804,0.9233349661947694,-0.06941172015476356,2.681612668022618,-0.595829514734163
19.758333333333333,-0.34404903545876564,1.229311935931342,-0.048698098438216944,2.288396589371077,-0.5958317480029653
19.766666666666666,-0.33253941151965627,1.5324031665215914,-0.03128973434522545,1.8886973652881438,-0.5958334807361796
19.775,-0.3185204911435456,1.8313557991004776,-0.01723250623791967,1.4844287740863389,-0.595834971268329
19.78333333333333,-0.3020313992739559,2.1250512561859987,-0.00655656092005365,1.077551031871463,-0.5958364655112546
19.791666666666668,-0.2831212007931309,2.412165069975338,0.0007265229597327166,0.6706588158894262,-0.5958381900176247
19.8,-0.2618520854278427,2.6908099219413746,0.0046315274273934625,0.267588279894276,-0.5958403449246833
19.808333333333334,-0.23830564378165323,2.9581508590753716,0.005212598906524105,-0.12593989216241266,-0.5958430958448426
19.816666666666666,-0.21259242031189518,3.2100098084521207,0.002581678505351695,-0.5016717080839035,-0.5958465704551839
19.825,-0.18486453150951299,3.440551378750691,-0.003068132532107152,-0.8483321905861262,-0.5958508717867977
19.833333333333332,-0.15532994647373205,3.642229673228615,-0.01143691925819297,-1.1516168707536782,-0.5958560633176152
19.841666666666665,-0.12426537491561107,3.8062180997046666,-0.022095485331613585,-1.3950382159852766,-0.5958621323825883
19.85,-0.09202278631877979,3.9235275406504906,-0.034474838404544815,-1.561980355526675,-0.5958689578344452
19.858333333333334,-0.05902382315595189,3.986747570448167,-0.047877651361855,-1.6388358586421699,-0.5958762998376865
19.866666666666667,-0.025738747830342402,3.9918934557747683,-0.06151746048039193,-1.618307683983549,-0.5958838265381713
19.875,0.007347569028636077,3.9395300010086345,-0.07458100993784048,-1.501417715320353,-0.5958911759023446
19.883333333333333,0.039773709886164924,3.83457121747474,-0.08629789842974382,-1.297165426587744,-0.5958980295120385
19.891666666666666,0.07113271465072457,3.6848711934281364,-0.09599780682091369,-1.0200357591187206,-0.5959041670230479
19.9,0.1010887503500496,3.499337836358335,-0.10314227557967329,-0.6866374693049994,-0.59590948315982
19.90833333333333,0.1293788789694233,3.2863458810490225,-0.10732977793916072,-0.3128381940533039,-0.5959139708270496
19.916666666666668,0.1558043273772886,3.052827796571838,-0.10828162357867852,0.08792785669659532,-0.5959176868318379
19.925,0.18021699343102882,2.8040119860771138,-0.10581867852603324,0.5052170101239166,-0.5959207218771122
19.933333333333334,0.2025056989250995,2.5435772258715788,-0.09983686635764868,0.9313940608966248,-0.5959232085534916
19.941666666666666,0.22258458435274767,2.2739842780040864,-0.09028570883957454,1.3611320545023364,-0.5959253292515261
19.95,0.2403845703404485,1.9968643591516704,-0.07715164415759439,1.790793482725392,-0.5959273079706418
19.958333333333332,0.2558480287575636,1.7133948777700772,-0.06044652028848108,2.2178184182182146,-0.5959294022306472
19.966666666666665,0.26892647658032254,1.4246502883625374,-0.04020105223012957,2.640143400263347,-0.5959318955848841
19.975,0.2795811420073403,1.1319445477766787,-0.01646307899150716,3.055623866934786,-0.5959350895929716
19.983333333333334,0.2877864378438579,0.8371905619883429,0.010699228903744851,3.4614162915381588,-0.5959392933603143
19.991666666666667,0.2935365710790297,0.5432949091007108,0.0411887189351058,3.853286696406957,-0.5959448079522616
20.0,0.2968555700971194,0.2545777952802083,0.07486455565477146,4.224858674156093,-0.5959519023424635
20.008333333333333,0.2978107013824274,-0.022852299560288728,0.11152134880514766,4.5669154683576885,-0.5959607777589004
20.016666666666666,0.29652827704383405,-0.280936618199697,0.1508635947798285,4.867035708772756,-0.5959715206656959
20.025,0.2932090041808333,-0.5099912721608146,0.19248003487382379,5.110028141859441,-0.595984054771597
20.03333333333333,0.2881375334826413,-0.6998107263621002,0.2358267864984328,5.279667192337164,-0.5959980961285583
20.041666666666668,0.2816793052700974,-0.8415807621567891,0.28023089191012784,5.36180822248239,-0.5960131357889695
20.05,0.27425958893690516,-0.930105362038408,0.32492313116687654,5.348074398723986,-0.5960284850314447
20.058333333333334,0.26632601896349434,-0.9653607407064196,0.369098342481269,5.2384699886119215,-0.596043386426538
20.066666666666666,0.25830420030394,-0.9525166991007055,0.4119876324790433,5.041470805609404,-0.5960571544182215
20.075,0.25055993151907385,-0.9004102520062802,0.45292008565746383,4.7715502548295445,-0.5960692887422114
20.083333333333332,0.24337783635301063,-0.8193126460878579,0.49135774210832855,4.445534570333801,-0.596079522416971
20.091666666666665,0.23695798517823627,-0.7189812089984939,0.526901242174835,4.079433830589424,-0.5960878049635532
20.1,0.23142556368071254,-0.6075109033325525,0.5592743489608225,3.6865977942973767,-0.5960942480428435
20.108333333333334,0.2268467317611908,-0.4909619386253061,0.5882986687435401,3.2771476165801516,-0.5960990629719117
20.116666666666667,0.22324529914169983,-0.37348421027933487,0.6138673545100858,2.8582132366918316,-0.596102507996962
20.125,0.22061729410060807,-0.25765940599020765,0.6359224795430636,2.434512185193503,-0.5961048510578706
20.133333333333333,0.21894243365782495,-0.14488162860743425,0.6544375733481306,2.008975757692518,-0.5961063466983639
20.141666666666666,0.21819257708727627,-0.03569294872129137,0.6694050655537767,1.5832885572848205,-0.5961072233326438
20.15,0.21833766707883168,0.06995001933081134,0.6808277208598198,1.158306046997391,-0.5961076771435365
20.15833333333333,0.21934972483496934,0.17247361832518726,0.6887130764687711,0.7343613827474647,-0.5961078700464042
20.166666666666668,0.2212053768258877,0.2725346446871212,0.6930700633196945,0.3114873592417019,-0.5961079298245221
20.175,0.2238872601389237,0.3709007525269097,0.6939072254035307,-0.11041697297105013,-0.596107950601653
20.183333333333334,0.2273845015975515,0.46834388623369205,0.6912322178681339,-0.531438387868701,-0.5961080002526662
20.191666666666666,0.2316923160677449,0.5655372491092425,0.6850525385044606,-0.9515072928689603,-0.596108157570189
20.2,0.23681077007442092,0.6629528187248491,0.6753773661183806,-1.3702633372650515,-0.5961085327253133
20.208333333333332,0.24274257947461805,0.7607297966676515,0.6622207287194938,-1.7868668265259073,-0.5961092670130153
20.216666666666665,0.24948966521077928,0.858506627059402,0.6456064980996684,-2.1997467740954417,-0.5961105303754659
20.225,0.2570481237893841,0.9552072654777674,0.6255758051278286,-2.6062695675276513,-0.5961125162107275
20.233333333333334,0.26540121537464073,1.0487801331864142,0.6021975704435593,-3.002323925448669,-0.5961154315694246
20.241666666666667,0.27451003572942895,1.135909239588458,0.5755827566145779,-3.381852278364555,-0.59611948031724
20.25,0.2843018555690547,1.2117580124284706,0.5459024401528064,-3.73642680741372,-0.5961248368784353
20.258333333333333,0.2946568661963213,1.2698696610137536,0.5134085638764202,-4.055074339457681,-0.5961316097202751
20.266666666666666,0.3053953909083558,1.302414069714542,0.4784540410085416,-4.324666269987931,-0.596139797982657
20.275,0.316269309050727,1.3009788021916673,0.44150606432114803,-4.531204677494342,-0.5961492519025763
20.28333333333333,0.326962614283969,1.257955818975784,0.4031444941230111,-4.662093553988708,-0.596159655099532
20.291666666666668,0.3371051656685901,1.1682396269052195,0.3640386190408594,-4.708922288659911,-0.596170547231012
20.3,0.3462997349257201,1.0305956702232915,0.3249021803008677,-4.6696911059976784,-0.5961813920858907
20.308333333333334,0.35415665233806476,0.8480297848190582,0.2864362239568206,-4.549364945028845,-0.596191672479348
20.316666666666666,0.36032643614183657,0.6269582443433025,0.24927581745174768,-4.358434329371781,-0.5962009766287605
20.325,0.3645218607778328,0.37561644627627944,0.21395473758433917,-4.1102337259634885,-0.5962090461705092
20.333333333333332,0.3665261291327815,0.10243118242914756,0.18089339963361586,-3.8182397293367205,-0.5962157786143206
20.341666666666665,0.36618928382794463,-0.18511971682234277,0.15040612927391778,-3.494219724035834,-0.5962211978159309
20.35,0.3634177332261651,-0.4810263039347413,0.12271939351885792,-3.1474385987758673,-0.5962254179395896
20.358333333333334,0.3581615840309983,-0.7807902885451782,0.09799305302428211,-2.784664405388815,-0.5962286180520272
20.366666666666667,0.35040285376764124,-1.081201023178184,0.07633950831794666,-2.4106145737900326,-0.596231016271621
20.375,0.3401460912456223,-1.3800031264676278,0.05783827603969299,-2.0285703400347646,-0.5962328489808523
20.383333333333333,0.3274118785142703,-1.6755464409051737,0.042545312251873565,-1.6410078851881078,-0.5962343564613966
20.391666666666666,0.31223320402219773,-1.9664485310914785,0.030497201942228443,-1.2501969898682457,-0.5962357728235845
20.4,0.29465459942369987,-2.2512668776669575,0.02171048431561076,-0.8587733793046677,-0.5962373181674887
20.40833333333333,0.274734019064399,-2.528165871813843,0.016176229761268087,-0.4703102671989591,-0.5962391913480407
20.416666666666668,0.25254755599655,-2.7945687107339983,0.013849793158729844,-0.08990474960213662,-0.5962415622415337
20.425,0.22819709061234708,-3.0468062424244278,0.014635680113150577,0.27524379222941653,-0.596244563577096
20.433333333333334,0.20182072082800115,-3.279815570250769,0.018367899458700612,0.6153555381987268,-0.5962482939599525
20.441666666666666,0.17360502500126967,-3.4870313497348393,0.024787605881221055,0.9179512381333552,-0.5962528213024102
20.45,0.14379682666036522,-3.660643647257988,0.0335222763488032,1.1683884656144237,-0.5962581568649107
20.458333333333332,0.11271065191450398,-3.7923977742012998,0.04407315871633686,1.3513518751179125,-0.5962642256918169
20.466666666666665,0.08072708578892165,-3.8749578830711884,0.0558193988294385,1.4533274951679573,-0.5962708509809977
20.475,0.04827837364910452,-3.9035207249640536,0.06804517280208425,1.465501230554118,-0.5962777658209305
20.483333333333334,0.01582165809393308,-3.877052219441281,0.07998898812692497,1.3859745788360962,-0.5962846560054941
20.491666666666667,-0.016194308394309808,-3.7985444135064372,0.0909047160743521,1.2202370851807547,-0.5962912207768283
20.5,-0.04735982758676835,-3.6741596160395074,0.10011808828420823,0.9796585020395613,-0.5962972269887685
20.508333333333333,-0.07732454581404939,-3.5117044560249377,0.10706481401614663,0.6787746992484339,-0.5963025366340926
20.516666666666666,-0.10580459368802694,-3.3191046392295718,0.11130519393479901,0.3325459188706371,-0.596307103677205
20.525,-0.13257876757377898,-3.1033478093105504,0.11251886695015095,-0.045584157705034926,-0.5963109501535518
20.53333333333333,-0.15747835338446145,-2.8700090780506677,0.1104876453012846,-0.44461359319447097,-0.5963141390256745
20.541666666666668,-0.18037502888829296,-2.623228995761043,0.1050742257613271,-0.8561087500414493,-0.5963167766274053
20.55,-0.2011697058520238,-2.3659322110118177,0.09620182724092374,-1.2739046997294285,-0.596319020778559
20.558333333333334,-0.21978372857988357,-2.1001562057765675,0.08383732611123765,-1.693596213777334,-0.5963210731717425
20.566666666666666,-0.23615294171459403,-1.827401328798054,0.06797892574360617,-2.1119763675254024,-0.5963231710312029
20.575,-0.2502246380312695,-1.548970311618236,0.04864849538065807,-2.5264804224641297,-0.5963255791800376
20.583333333333332,-0.26195729367260595,-1.2662998259493707,0.025888520084557977,-2.934631807902539,-0.5963285816829452
20.591666666666665,-0.27132308883846856,-0.9813004648303079,-0.00023624616930345826,-3.333462068617106,-0.596332471523465
20.6,-0.27831335001824614,-0.6967191771474147,-0.029632089112818987,-3.7188791980783846,-0.5963375360774197
20.608333333333334,-0.28294709402409807,-0.41651708026681783,-0.062164173594867055,-4.084993146245199,-0.5963440355992915
20.616666666666667,-0.2852826195778415,-0.14620845722796633,-0.09763884881098743,-4.42348611661675,-0.5963521720673075
20.625,-0.2854313382435537,0.10697026775715503,-0.13578159691248423,-4.723246156227484,-0.5963620476222574
20.633333333333333,-0.28357157661666454,0.33427793018670593,-0.1762142576795063,-4.970630755110538,-0.596373618721837
20.641666666666666,-0.27995808368527114,0.5263179896797995,-0.21843857389760965,-5.150782876548921,-0.5963866592129357
20.65,-0.27492143003082187,0.6745992300194882,-0.26183582044209047,-5.250152698537171,-0.59640074171609
20.65833333333333,-0.2688524171389128,0.7734769823028024,-0.3056909136533156,-5.259693900847177,-0.596415265628688
20.666666666666668,-0.26217128126203143,0.8217119968770209,-0.3492417278259631,-5.177467833359886,-0.5964295430922257
20.675,-0.25528840036827,0.8228502878446009,-0.39174278098635074,-5.009317955562734,-0.5964429196199347
20.683333333333334,-0.2485677880724045,0.7842077336005423,-0.43252471550141386,-4.767239480036739,-0.5964548835953741
20.691666666666666,-0.24230314990099813,0.7150081390509088,-0.4710334061995897,-4.466348422652656,-0.5964651259973155
20.7,-0.23670996923199458,0.6245313709662137,-0.5068429730229266,-4.121870608156733,-0.5964735415371442
20.708333333333332,-0.23193079573118763,0.5208531639998029,-0.5396474023496928,-3.747111380232803,-0.5964801890857598
20.716666666666665,-0.22804803741326318,0.4102906918758475,-0.5692401906541534,-3.352586973591013,-0.5964852371572059
20.725,-0.22509902329865167,0.2973702138519049,-0.5954905830688225,-2.946005677373564,-0.5964889133158484
20.733333333333334,-0.2230900345586636,0.18506894578907626,-0.6183217356010339,-2.5326852614820186,-0.5964914657869017
20.741666666666667,-0.22200785318150865,0.07514544209898467,-0.6376930585143727,-2.1161005475912655,-0.5964931380320992
20.75,-0.2218285649468792,-0.031542575823342085,-0.6535870545977944,-1.6983974945517424,-0.5964941536791034
20.758333333333333,-0.222523916476213,-0.1347719051633302,-0.6660000670318657,-1.2808132570384563,-0.5964947086512603
20.766666666666666,-0.22406569309117383,-0.23474460248090062,-0.6749361059827046,-0.8639965254386665,-0.5964949680508772
20.775,-0.22642856242981285,-0.3319266789004405,-0.6804029854579959,-0.4482457949877373,-0.5964950650898847
20.78333333333333,-0.22959172195698888,-0.42691994839489605,-0.6824101939164023,-0.03369137636017776,-0.5964951009355667
20.791666666666668,-0.23353956520638305,-0.5203515026259045,-0.680968138905866,0.37955080876987046,-0.5964951469080174
20.8,-0.23826143306395145,-0.6127639285315393,-0.6760886844455642,0.7912225252072024,-0.5964952704996522
20.808333333333334,-0.24375047964777855,-0.7045116737826692,-0.6677869147804599,1.2007847154966782,-0.596495565583513
20.816666666666666,-0.25000160702536295,-0.7956365516917169,-0.6560841712105046,1.6072406387952747,-0.5964961544911382
20.825,-0.25700823580990545,-0.8857125479141225,-0.6410127935368809,2.0089038652782483,-0.5964971852018338
20.833333333333332,-0.264757639597953,-0.9736556769394746,-0.6226230449310466,2.4031049678759597,-0.5964988260872035
20.841666666666665,-0.2732245505435169,-1.0575006761416368,-0.6009927390251084,2.7858384872097233,-0.5965012566858178
20.85,-0.28236282793493733,-1.1341651776731971,-0.5762399606503186,3.151382732393223,-0.5965046526647434
20.858333333333334,-0.29209528295816434,-1.1992557793718472,-0.5485387858195202,3.491981099398506,-0.5965091633189417
20.866666666666667,-0.3023024000540907,-1.2470186170839248,-0.5181368434848805,3.797754303406096,-0.5965148813539383
20.875,-0.3128117526745374,-1.2705822270979672,-0.4853718081876528,4.057089427818937,-0.5965218080611491
20.883333333333333,-0.3233911822619318,-1.2626363179715983,-0.450681791322326,4.25774625642133,-0.5965298223348229
20.891666666666666,-0.3337496115999143,-1.2165719419488688,-0.4146032489977318,4.388724987968488,-0.5965386670996251
20.9,-0.3435486061672347,-1.1278587284312203,-0.37775127823598875,4.442521647992036,-0.5965479666866271
20.90833333333333,-0.352424775243229,-0.9951755143088706,-0.340782215280905,4.416963902395047,-0.5965572790001065
20.916666666666668,-0.3600187171235299,-0.8207821856227473,-0.3043457635868154,4.3157755093205905,-0.59656616944358
20.925,-0.36600308219722016,-0.609945743866648,-0.26903904830412,4.147568004356492,-0.5965742809662429
20.933333333333334,-0.37010277065490904,-0.3697066971747729,-0.23537413885883615,3.923753068830184,-0.5965813769660244
20.941666666666666,-0.37210397819448987,-0.10752780187353383,-0.20376428937139152,3.6562918277021934,-0.5965873491176299
20.95,-0.37185311841402796,0.16973248959673717,-0.17452689509737665,3.3560189848949262,-0.5965921981001813
20.958333333333332,-0.3692492082339258,0.45635832445817914,-0.1478969478415803,3.0318032516926605,-0.5965960065098881
20.966666666666665,-0.3642335949186509,0.7479007931437499,-0.12404439223007634,2.6904079609141927,-0.5965989191744805
20.975,-0.3567798380113389,1.0410407398761943,-0.10309065576761421,2.336786177114222,-0.5966011212123402
20.983333333333334,-0.3468853479786216,1.3333237774610547,-0.08512173171202275,1.974580027852425,-0.5966028190545707
20.991666666666667,-0.3345654433452528,1.6228545158347332,-0.070196793124809,1.6066776469377226,-0.5966042265726947
21.0,-0.3198499857691126,1.9079866154230822,-0.058352159415371356,1.2357667445012104,-0.5966055548748361
21.008333333333333,-0.30278258675724584,2.187015108233704,-0.04960070947540625,0.8648746573337336,-0.5966070041513314
21.016666666666666,-0.28342238719678264,2.4578655872016104,-0.043926819662709025,0.4979039470051505,-0.5966087562041889
21.025,-0.2618484483608392,2.717779332210838,-0.04127684696237143,0.14016380519304816,-0.5966109667114904
21.03333333333333,-0.23816672545932976,2.9630141494475857,-0.041545309332348804,-0.2011389581022667,-0.5966137569738686
21.041666666666668,-0.21251929853397614,3.188615178413317,-0.04455743874448231,-0.5165437800468494,-0.596617212445291
21.05,-0.18509481238065786,3.388380545718309,-0.05005006455250032,-0.7943398130064666,-0.5966213861706346
21.058333333333334,-0.15613787667349743,3.5551665021840755,-0.05765491460760868,-1.0211773218289442,-0.5966262792874825
21.066666666666666,-0.1259540922966713,3.6816453700891496,-0.06689023748007654,-1.1834761378906973,-0.5966318180358767
21.075,-0.09490687551358273,3.761491418414604,-0.07716746116229464,-1.2695812107057336,-0.5966378435646822
21.083333333333332,-0.06340353069299537,3.7907040186441954,-0.08781729523677911,-1.272147130869372,-0.596644124214374
21.091666666666665,-0.03187144693919537,3.768564934225342,-0.0981336140949408,-1.1898626209439034,-0.5966503916906929
21.1,-0.0007294806957522703,3.697786389299622,-0.10742606934940852,-1.027732628692102,-0.5966563900070658
21.108333333333334,0.029638113920857547,3.583779403831746,-0.11506831010712801,-0.795790402265243,-0.5966619184265799
21.116666666666667,0.05889912206156431,3.4333973446363824,-0.12053090214779502,-0.5068599692264075,-0.5966668534779599
21.125,0.08677996877722205,3.2536729577250845,-0.12339484413483563,-0.17428041852621118,-0.596671146963516
21.133333333333333,0.1130631416189851,3.05091794836422,-0.12334839596826544,0.18975268997243303,-0.5966748074050179
21.141666666666666,0.13757907844997913,2.8302935004384118,-0.12017350650308631,0.5750251960636765,-0.5966778848876415
21.15,0.16019613877335587,2.5957518214190967,-0.11372817508464567,0.973492127229953,-0.5966804803821183
21.15833333333333,0.18081109908138399,2.3502009755545705,-0.10392903268367967,1.3790684035492053,-0.5966827452699509
21.166666666666668,0.19934156408743697,2.0957821912933006,-0.09073667864867908,1.7872078935773852,-0.5966848733221941
21.175,0.21572086327665502,1.8341806372153704,-0.07414488599313886,2.194410718701565,-0.5966870925675767
21.183333333333334,0.2298955596626868,1.5669393743848132,-0.05417400438989435,2.5977124738071913,-0.5966896570558788
21.191666666666666,0.24182557300724872,1.2957738315503986,-0.030868666418721356,2.994160613777049,-0.5966928377108829
21.2,0.25148695476733185,1.0228952745059712,-0.004299961426316697,3.380263034575715,-0.5966969108123329
21.208333333333332,0.25887741507131296,0.7513472047434658,0.025427641216869776,3.7514002606045262,-0.5967021420694056
21.216666666666665,0.2640246537632173,0.48533570402535287,0.05816439840548734,4.1012303169839255,-0.5967087639556956
21.225,0.2669972151023237,0.23048885340509223,0.09369874253071361,4.4211925288560225,-0.5967169445165876
21.233333333333334,0.2679167773787776,-0.0060861607357581525,0.13173772862509478,4.700330192393376,-0.5967267481792401
21.241666666666667,0.26696942370120424,-0.21613851751459032,0.17188843946564109,4.925756008969058,-0.5967380945164462
21.25,0.2644118450350349,-0.3911750498880616,0.21364705488758734,5.084062878791626,-0.5967507299708307
21.258333333333333,0.260567585047352,-0.5239207312126264,0.2564038254103609,5.163686385361088,-0.5967642243058764
21.266666666666666,0.2558099350200462,-0.6099690057291387,0.2994698433891891,5.157620361435234,-0.5967780072129639
21.275,0.2505325564739282,-0.6489569598654322,0.3421241467921076,5.065380853231031,-0.5967914509894428
21.28333333333333,0.24511446955216795,-0.6446780081073703,0.38367040115305595,4.89323176206993,-0.5968039756643768
21.291666666666668,0.23988898237734735,-0.6040676004743165,0.4234874229917205,4.652553019428737,-0.5968151384008779
21.3,0.23512412103977864,-0.5355732731292624,0.4610610767643019,4.357193825837006,-0.5968246785883814
21.308333333333334,0.23101676826367776,-0.447597577349779,0.495993923200131,4.0209500504715185,-0.5968325146222135
21.316666666666666,0.22769781694035449,-0.34745242649269137,0.5279970931189608,3.655887451284792,-0.5968387082340392
21.325,0.22524355004111515,-0.24089767455092143,0.5568722763308718,3.271623688086927,-0.5968434172706729
21.333333333333332,0.22368892542275132,-0.1321115720527612,0.5824908814622763,2.8753106645269977,-0.5968468519729128
21.341666666666665,0.2230400123073077,-0.023893113997829202,0.6047747907845197,2.4719840132915114,-0.5968492414329063
21.35,0.22328432607075577,0.08205536420814942,0.6236806500350088,2.0650302587998137,-0.5968508109608178
21.358333333333334,0.22439878805658336,0.18485010433947016,0.6391880324920735,1.6566346936777703,-0.5968517686200525
21.366666666666667,0.22635552366264652,0.2841881559586411,0.651291042609414,1.2481547191215214,-0.5968522980812567
21.375,0.22912587247612806,0.3801554070701082,0.6599926883948739,0.8404124201011018,-0.5968525548370811
21.383333333333333,0.23268296680430758,0.4730733478229522,0.6653014007893119,0.4339202980427338,-0.5968526646029158
21.391666666666666,0.23700315619719847,0.563373305616727,0.6672292252400382,0.029060454979947685,-0.5968527229588644
21.4,0.24206645263544185,0.6514842555051197,0.6657913943519909,-0.37375754102914027,-0.5968527973730648
21.40833333333333,0.247856036161687,0.7377191349585621,0.6610072449410669,-0.7739321799918515,-0.5968529515500625
21.416666666666668,0.25435683888228233,0.8221666263960429,0.6529024347079384,-1.1705219089063912,-0.5968532727066139
21.425,0.26155316451167515,0.904563880120778,0.6415125059541706,-1.5620612918666659,-0.5968538723869166
21.433333333333334,0.2694251424937751,0.9841446196198819,0.6268881765463422,-1.9463318782051306,-0.5968548824460796
21.441666666666666,0.27794382028464515,1.0594648950904668,0.6091027139446907,-2.320092387946469,-0.5968564483782601
21.45,0.28706474453750874,1.128218015716957,0.5882616744820468,-2.678786226558895,-0.5968587187545454
21.458333333333332,0.29672005804548024,1.1870710988016782,0.5645150074934594,-3.016279003998479,-0.5968618295707795
21.466666666666665,0.3068095315068924,1.2315862889188927,0.5380708816216985,-3.3247298613691125,-0.5968658829873843
21.475,0.31719161547907493,1.2563225134847196,0.5092094889162043,-3.5947556304260866,-0.5968709217472273
21.483333333333334,0.3276764727575919,1.255225459686673,0.4782936271085418,-3.816067372304689,-0.5968769036937009
21.491666666666667,0.33802370525657915,1.2223656909464342,0.4457716008485199,-3.9786797321638803,-0.5968836844874277
21.5,0.34794748374859563,1.1529490470278447,0.412167988790978,-4.074566744031188,-0.5968910184145482
21.508333333333333,0.3571303733734825,1.0443347725878311,0.37806018660822827,-4.099322177506469,-0.5968985838532165
21.516666666666666,0.3652443562506283,0.8966817105574277,0.344043295723432,-4.053191494663631,-0.5969060306298234
21.525,0.3719746145277387,0.7129375723887365,0.3106908083688927,-3.941005045772058,-0.5969130356595537
21.53333333333333,0.37704039070902545,0.4981771660450021,0.27852055098749384,-3.7710333640840634,-0.5969193487200803
21.541666666666668,0.3802085804495613,0.2585841350051413,0.24797301164304328,-3.5532686114251177,-0.5969248156958903
21.55,0.3812987083899765,0.0004596520047678576,0.219404093598322,-3.297778854471432,-0.5969293777403454
21.558333333333334,0.38018073452016027,-0.2704792023603026,0.1930896517516841,-3.0135709796836063,-0.5969330543896759
21.566666666666666,0.3767685291718368,-0.5494407411486506,0.169236902977783,-2.708070853354936,-0.5969359274329342
21.575,0.37101177394952795,-0.8326121731058379,0.14799801026808185,-2.3870914844486864,-0.5969381268929078
21.583333333333332,0.36288826502584715,-1.1170264056834198,0.12948252002050534,-2.05511064884605,-0.5969398137011074
21.591666666666665,0.35239777138866607,-1.4003349978598107,0.11376676864726468,-1.7156986485170818,-0.5969411653177946
21.6,0.3395579639518541,-1.6805446954449643,0.10089945935587483,-1.3719987053822884,-0.5969423646220758
21.608333333333334,0.32440259513820574,-1.9557431230963656,0.09090318005731544,-1.0272167409772162,-0.5969435910705068
21.616666666666667,0.306981979395093,-2.223821456791978,0.08377185220619628,-0.685107089845089,-0.5969450130212537
21.625,0.28736578384439754,-2.482198528719838,0.0794641749545249,-0.35044560780587625,-0.5969467803190373
21.633333333333333,0.2656480659261422,-2.727561644193177,0.07789326452119161,-0.02946212171086148,-0.5969490165944668
21.641666666666666,0.24195427598807887,-2.9556629030532773,0.07891308228074086,0.2698365014497504,-0.596951811875398
21.65,0.21644949331263638,-3.161243613888292,0.08230303036755378,0.5375795007339863,-0.5969552229012854
21.65833333333333,0.18934634261911248,-3.3382059723541313,0.08775355564670485,0.7623949466879779,-0.5969592690872388
21.666666666666668,0.16091013845623325,-3.4801164685320627,0.0948571637827553,0.9323608046556289,-0.5969639149627828
21.675,0.13145835758607424,-3.5810551669289845,0.10310995538963993,1.036563405242043,-0.5969690580358776
21.683333333333334,0.10135204969497252,-3.6366590955472846,0.11192785873737804,1.066991073170056,-0.5969745313264546
21.691666666666666,0.0709788495149723,-3.6450299221621436,0.12067807741561243,1.0201777579046047,-0.5969801241783171
21.7,0.04073030408628269,-3.60713828424435,0.12872086909166383,0.8979461518443289,-0.5969856168434217
21.708333333333332,0.010978661221067398,-3.526544093433043,0.1354524613370298,0.7069285323038731,-0.5969908169388143
21.716666666666665,-0.017941517430501912,-3.408564481549079,0.14033949381934832,0.4570928383058124,-0.5969955849184921
21.725,-0.045743694432683786,-3.259238962842687,0.14293911177601804,0.1598869800571392,-0.5969998419114604
21.733333333333334,-0.07219147368746122,-3.084438271477319,0.14290420724401903,-0.17338632204705387,-0.5970035617568504
21.741666666666667,-0.0970946158739055,-2.8893069836011014,0.13997738636062954,-0.5326202489932942,-0.5970067614472478
21.75,-0.12030185668396251,-2.6780402264229877,0.13397869528385775,-0.9093748637193171,-0.5970095088033728
21.758333333333333,-0.141692950026065,-2.453907210127989,0.1247913162883252,-1.2969147327775816,-0.5970119225560457
21.766666666666666,-0.16117162009703942,-2.2194290303295308,0.11234824154572941,-1.6899658518026996,-0.5970141656561309
21.775,-0.17866033425430622,-1.976627500388533,0.09662161158775574,-2.08433719383138,-0.5970164377259382
21.78333333333333,-0.1940972801803634,-1.727300615355298,0.07761548452741267,-2.4764840243112025,-0.5970189669698863
21.791666666666668,-0.2074356841166687,-1.4733077589885795,0.055362372956700684,-2.8630423904965476,-0.5970220011187948
21.8,-0.21864553652175162,-1.2168624173147848,0.029923764248086997,-3.2403382265296865,-0.5970257963763439
21.808333333333334,-0.2277177866877464,-0.9608311117772244,0.0013948394639188518,-3.6038717752039684,-0.5970306028274046
21.816666666666666,-0.23467100886014824,-0.7090229147580419,-0.030086477148498065,-3.94780132304614,-0.5970366445047316
21.825,-0.23956029111525495,-0.4664217945063433,-0.06432640811748626,-4.264504074227317,-0.5970440926717203
21.833333333333332,-0.24248750775504466,-0.2392659066446966,-0.10105939821878207,-4.544374105218451,-0.5970530325201452
21.841666666666665,-0.2436111298462595,-0.0348313466900085,-0.1399323149997146,-4.776099099897373,-0.5970634270896276
21.85,-0.24315248927608563,0.13922120639538557,-0.18049383822961151,-4.947661909637234,-0.5970750877377882
21.858333333333334,-0.24139460717478914,0.2759658502147282,-0.22219555073908032,-5.048130257503624,-0.597087666335003
21.866666666666667,-0.23867038224334197,0.37058571864081996,-0.2644102288183378,-5.069897032172679,-0.5971006802431369
21.875,-0.2353398688890503,0.42152349558722163,-0.30646804212683443,-5.010582954079158,-0.5971135725225563
21.883333333333333,-0.23176075834511042,0.43089229208024465,-0.347704104317198,-4.873740568647456,-0.5971257975518228
21.891666666666666,-0.22825940242137654,0.4039394839276978,-0.3875053938995564,-4.668005786808095,-0.5971369043407868
21.9,-0.22510949112747813,0.347822136505226,-0.42534537000071415,-4.405118551007585,-0.597146590357472
21.90833333333333,-0.22252198085930264,0.2702228016847914,-0.4608003872318341,-4.097684654395368,-0.5971547148819314
21.916666666666668,-0.2206455699128493,0.17825703582280636,-0.4935491020663511,-3.757421407731385,-0.5971612790784807
21.925,-0.21957433444119231,0.0778546398623965,-0.5233604577713793,-3.3941816434147087,-0.5971663888652752
21.933333333333334,-0.2193586715708953,-0.02643613454001283,-0.5500765496994331,-3.0156656538087234,-0.5971702152851492
21.941666666666666,-0.22001662306889522,-0.13137062284151751,-0.573595097303112,-2.6275707519070624,-0.5971729610738212
21.95,-0.2215439213159084,-0.23479966952714432,-0.5938541374067731,-2.233941068161149,-0.5971748366159595
21.958333333333332,-0.22392211363461564,-0.3354280722921098,-0.6108198895983208,-1.8375604101991765,-0.5971760439292361
21.966666666666665,-0.2271247146121433,-0.43258794612119383,-0.6244777865981188,-1.4403111332068832,-0.5971767666742398
21.975,-0.23112160229026232,-0.5260450725211803,-0.6348262486581177,-1.0434723649270703,-0.5971771645416971
21.983333333333334,-0.23588194364941986,-0.6158388149806496,-0.6418726902888113,-0.6479591707167888,-0.5971773704510662
21.991666666666667,-0.24137590245630022,-0.7021484697749308,-0.6456313194496462,-0.2545163243712165,-0.5971774894368439
22.0,-0.24757531027755575,-0.7851763470451969,-0.6461224221477838,0.1361158728556784,-0.5971775985353375
22.008333333333333,-0.25445338602552625,-0.8650333643892049,-0.6433730016823507,0.5230363380212943,-0.5971777540910324
22.016666666666666,-0.26198349252473485,-0.9416252555919251,-0.6374188207103273,0.9050192940029851,-0.5971780215238617
22.025,-0.27013696544602694,-1.0145392802967663,-0.6283077488111781,1.280354993251333,-0.597178486920247
22.03333333333333,-0.27887992531802774,-1.0829138188204104,-0.6161045858552707,1.6466556036471345,-0.5971792531981748
22.041666666666668,-0.2881689600475772,-1.1452993297954281,-0.6008975896646066,2.0006431306480947,-0.5971804336840126
22.05,-0.2979456579603285,-1.199524982785299,-0.5828067717900812,2.3379427793456657,-0.5971821427172301
22.058333333333334,-0.3081301501877334,-1.2426008804247894,-0.5619937337826539,2.6529307536182345,-0.5971844826949211
22.066666666666666,-0.3186141534947945,-1.2707059780781371,-0.5386722693775062,2.9387192597244822,-0.597187527643155
22.075,-0.3292544982523055,-1.2793283476628066,-0.5131181404585813,3.1873893271035025,-0.5971913047847138
22.083333333333332,-0.33986868781336027,-1.2636207282777479,-0.4856755013555594,3.3905761624276636,-0.5971957776076312
22.091666666666665,-0.35023440631232433,-1.2189889712274136,-0.4567568295863908,3.5404361291606072,-0.5972008359211385
22.1,-0.3600946727808053,-1.1418360165164156,-0.4268335905139226,3.6308656167519415,-0.597206298815654
22.108333333333334,-0.36916921586549994,-1.0302715941134895,-0.396416744722696,3.6586543247107617,-0.5972119337404206
22.116666666666667,-0.37717076677149086,-0.884544020188132,-0.366029340047797,3.6241671646304248,-0.5972174891035651
22.125,-0.38382314370326526,-0.7070228503688684,-0.33617645404934576,3.5312734945925692,-0.5972227316750753
22.133333333333333,-0.388877280333385,-0.5017411040845432,-0.30731890027261105,3.386546786390213,-0.5972274777113888
22.141666666666666,-0.3921222046938675,-0.2736814802763579,-0.27985560797466946,3.1980520693047616,-0.5972316098954505
22.15,-0.39338987035584694,-0.028053687002087074,-0.2541163542037298,2.9741394920197175,-0.5972350785755924
22.15833333333333,-0.39255460944572396,0.2302519653833298,-0.2303633864864089,2.72255255747185,-0.5972378916343798
22.166666666666668,-0.38952905258295806,0.4969643321859857,-0.20879870853619747,2.4499626694764896,-0.5972401045777476
22.175,-0.3842584875335059,0.7685160145828464,-0.18957363799012014,2.1618721914704455,-0.5972418129248619
22.183333333333334,-0.37671520705670253,1.0419717800435226,-0.17279800237826115,1.8627795899841113,-0.5972431399677642
22.191666666666666,-0.36689387853230776,1.3148648209958145,-0.15854726024936128,1.5564952801087266,-0.5972442254685862
22.2,-0.3548084910577118,1.5849877640593424,-0.14686665608611937,1.246527573987952,-0.5972452162735744
22.208333333333332,-0.3404911357497363,1.8501648104553379,-0.13777203408186933,0.9364931927228196,-0.5972462583729973
22.216666666666665,-0.3239927108135342,2.1080196518065506,-0.13124722091554944,0.6305266209920624,-0.5972474897545978
22.225,-0.3053855338098733,2.3557525225555853,-0.1272380821270201,0.3336642147046612,-0.5972490334820711
22.233333333333334,-0.2847677000541181,2.5899491909361,-0.12564361530974064,0.05216212817080559,-0.5972509906805471
22.241666666666667,-0.2622687653810279,2.806462433743023,-0.12630490759207874,-0.20632355449295625,-0.5972534337465685
22.25,-0.23805591594698877,3.000426025530207,-0.12899351059967026,-0.43279894425663823,-0.5972564041819237
22.258333333333333,-0.21233917865151306,3.1664833955515097,-0.1334018640209584,-0.6173837078487178,-0.5972599092818984
22.266666666666666,-0.18537368040855826,3.2992677581593424,-0.13913934614658588,-0.750209537385941,-0.5972639107913787
22.275,-0.15745694236466146,3.3940998315634254,-0.14573750892659182,-0.8227013459720182,-0.5972683187816001
22.28333333333333,-0.1289199231760258,3.4477555602697785,-0.15266674514823175,-0.8289778387839025,-0.5972729967597212
22.291666666666668,-0.10011220127503073,3.459061678122858,-0.15936365202981131,-0.7669411066202638,-0.5972777790224796
22.3,-0.07138373440334342,3.429092780795092,-0.16526471657091998,-0.6386528261760501,-0.5972824959679398
22.308333333333334,-0.04306698110908097,3.360891216173522,-0.16983954308339222,-0.44985419302686613,-0.5972869991337251
22.316666666666666,-0.015462991629114665,3.258828280473884,-0.1726171197409125,-0.20883421773157873,-0.5972911779871002
22.325,0.01116650212744473,3.1278459540578685,-0.1732013737665702,0.07493405611907475,-0.597294964706372
22.333333333333332,0.036601001619394606,2.9728079953098505,-0.1712758509343178,0.3919830733550916,-0.5972983309231855
22.341666666666665,0.06065867457207259,2.7980805678906626,-0.16660005573562894,0.7336496301540205,-0.5973012931135967
22.35,0.08319127753758598,2.6073460561509285,-0.15900081686508585,1.0924734881400688,-0.5973039169804245
22.358333333333334,0.1040783804996446,2.403610931269374,-0.14836183404756642,1.4622531084970147,-0.5973063140628966
22.366666666666667,0.12322221753605049,2.1893369610664637,-0.13461376647525244,1.837879102036968,-0.5973086361843591
22.375,0.1405439428773795,1.9666398079373564,-0.11772629002884433,2.215041071322682,-0.5973110686390154
22.383333333333333,0.1559816967135181,1.737520729083646,-0.09770290958083974,2.5898664380042224,-0.5973138222317254
22.391666666666666,0.16949067688965153,1.5041145000094172,-0.07457895807259528,2.9585197373370375,-0.5973171237478938
22.4,0.18104531456480913,1.2689451943781636,-0.048423052220179036,3.3167756183698143,-0.5973212039532154
22.40833333333333,0.19064357949289473,1.0351788014553172,-0.019342163386718143,3.659582436579768,-0.5973262818940338
22.416666666666668,0.19831329368463524,0.8068462029582132,0.012509768887833082,3.980658855175834,-0.5973325442859754
22.425,0.20412000130452101,0.5889816325369026,0.04692029253995525,4.2722139081964965,-0.597340119508815
22.433333333333334,0.20817533940455282,0.38758680504400866,0.08360558451282489,4.524941364548118,-0.5973490476544902
22.441666666666666,0.21064399873771417,0.2093104198332421,0.12219934494284183,4.728477199897541,-0.5973592514588251
22.45,0.21174652793820445,0.06076524440297469,0.16224796513122822,4.872459511992585,-0.5973705170613242
22.458333333333332,0.2117550264732678,-0.052473323111211334,0.20321693336139668,4.948130715236798,-0.5973824959218262
22.466666666666665,0.2109799195741577,-0.12695039957436077,0.24451163851418692,4.950099624754392,-0.5973947363595404
22.475,0.2097486865083719,-0.16211177503320556,0.28551134929226574,4.8776288202100115,-0.5974067427650492
22.483333333333334,0.20838060126118058,-0.16044112282667522,0.3256098592434779,4.7348804765394075,-0.5974180476326393
22.491666666666667,0.20716336988958445,-0.12688556216263638,0.36425322061848864,4.530000516431337,-0.5974282756188933
22.5,0.20633672438601655,-0.0678223548183543,0.40096630280811246,4.273453885443395,-0.5974371816268301
22.508333333333333,0.20608515427846855,0.010035914705232792,0.4353646336803376,3.97626377479963,-0.597444657328572
22.516666666666666,0.20653887320726652,0.10048656099611061,0.46715304201099045,3.648663700347355,-0.5974507129865145
22.525,0.20778031933208374,0.19831632493222254,0.4961155411900555,3.2993478758205077,-0.5974554471040683
22.53333333333333,0.20985324475428854,0.2994586525714546,0.5221012475222644,2.9352429306504066,-0.597459014445494
22.541666666666668,0.2127721457432088,0.4009375909236316,0.545009941665589,2.561618334773495,-0.5974615983884957
22.55,0.21653071434625987,0.5007043213279345,0.5647793373151704,2.18236069479859,-0.5974633899780837
22.558333333333334,0.2211087477227877,0.597439671535484,0.5813748841724824,1.8002929553279405,-0.5974645734856635
22.566666666666666,0.22647741762119797,0.6903623279459213,0.5947821841258606,1.4174757717605049,-0.5974653172017693
22.575,0.2326030263037998,0.7790585963689332,0.6050017537604676,1.0354676643589151,-0.597465768005474
22.583333333333332,0.23944944391190803,0.8633358253672485,0.6120457743138786,0.6555427917042499,-0.5974660484700153
22.591666666666665,0.24697940881563085,0.9430950834029087,0.6159365095988294,0.2788754257257027,-0.5974662555961191
22.6,0.2551548242511596,1.0182164145307742,0.6167061651221859,-0.09329648498872263,-0.5974664605897299
22.608333333333334,0.2639361185277739,1.0884464958994249,0.6143980865246627,-0.4595085996208237,-0.5974667137493719
22.616666666666667,0.2732806622011801,1.1532877678372044,0.609069339828147,-0.8179086322612817,-0.5974670688225773
22.625,0.28314031247280635,1.2118972429381134,0.6007945289081782,-1.1661148502951322,-0.5974675940674654
22.633333333333333,0.2934581011661545,1.2629832203576672,0.5896708392518758,-1.501064890915562,-0.5974683674721403
22.641666666666666,0.3041641074392536,1.3047161100610292,0.5758242824307928,-1.818884342001309,-0.5974694694266667
22.65,0.31517072066352597,1.3346757889799548,0.5594168288314396,-2.1148124672637816,-0.5974709732413374
22.65833333333333,0.3263677264095243,1.3498679988156583,0.5406537401689286,-2.383238810770457,-0.5974729337894726
22.666666666666668,0.3376179520715159,1.3468487459536598,0.5197899108343635,-2.6179152129693586,-0.5974753753798093
22.675,0.34875451724349604,1.3219886890034505,0.4971335163025428,-2.8123960866104265,-0.5974782810461327
22.683333333333334,0.35958089402968324,1.2718795919855075,0.4730450048500012,-2.9607096848594256,-0.5974815863701808
22.691666666666666,0.36987478838260346,1.1938309804441898,0.4479298000766958,-3.058172799935176,-0.5974851810085705
22.7,0.3793961646665486,1.0863452292071076,0.4222242398124779,-3.1021614775354043,-0.597488919605887
22.708333333333332,0.3878986475032559,0.9494302131319061,0.3963760961383737,-3.0926030076802054,-0.597492640813423
22.716666666666665,0.39514245477696003,0.7846428071098698,0.37082281105463927,-3.0320140188075273,-0.5974961899467167
22.725,0.4009064838931896,0.5948489681271367,0.34597143306774025,-2.925066665496511,-0.5974994392559836
22.733333333333334,0.4049974937180105,0.3837877531939966,0.322183649892282,-2.7778357955930346,-0.597502300881605
22.741666666666667,0.4072553234350756,0.15558043803005578,0.29976759060038843,-2.5969683044383975,-0.5975047306061049
22.75,0.407554250742155,-0.08568798733067978,0.2789761000203153,-2.3889890849665614,-0.5975067236688643
22.758333333333333,0.4058014360499486,-0.33624282391568394,0.26000978033406447,-2.1598616796848913,-0.5975083074708446
22.766666666666666,0.4019337347518005,-0.5927411746828259,0.2430225634145324,-1.9148134531932486,-0.5975095391131888
22.775,0.3959140286015478,-0.8522706920482906,0.22812782299587428,-1.6583716728688118,-0.5975105001080153
22.78333333333333,0.3877279672354188,-1.1122590395445888,0.2154035148888564,-1.3945490375346494,-0.5975112884088943
22.791666666666668,0.3773817032923874,-1.3703312536166552,0.20489537946336592,-1.127113983953029,-0.597512011103397
22.8,0.3649009384650874,-1.6241414015739615,0.19661770440093118,-0.8598995004968836,-0.5975127778365713
22.808333333333334,0.3503314114385828,-1.8711977752949909,0.19055147388969493,-0.5971163948767444,-0.5975136947118329
22.816666666666666,0.33374080791068517,-2.1086996531161533,0.18663999867708012,-0.3436387946902421,-0.5975148583891663
22.825,0.31522190503426883,-2.333408881779415,0.18478242143664214,-0.10522037656680092,-0.5975163502214107
22.833333333333332,0.29489653019631296,-2.5415891478857593,0.1848259051327326,0.11141685216510425,-0.5975182305224461
22.841666666666665,0.27291960663971154,-2.7290529255778457,0.18655785118424523,0.2986907227843092,-0.5975205347291549
22.85,0.24948219863942597,-2.8913618540856794,0.18970012538223224,0.4485456920709297,-0.5975232712076326
22.858333333333334,0.22481217720460167,-3.024194491479779,0.19390778534895053,0.5531400822434961,-0.597526414892325
22.866666666666667,0.19917124829572366,-3.1238404831861386,0.19877455086161808,0.6057573827752123,-0.5975299037385805
22.875,0.17284766518346162,-3.187719833380191,0.20384621599931793,0.6017610959635991,-0.5975336423740598
22.883333333333333,0.146145022757087,-3.21477811680686,0.20864128358055362,0.5393271281564811,-0.5975375133083913
22.891666666666666,0.11936875989069883,-3.20562449467677,0.2126759095408381,0.41971544979589925,-0.5975413931018437
22.9,0.09281278934644838,-3.1623646081140566,0.21548881398023537,0.24699240219202898,-0.597545168725475
22.90833333333333,0.06674860425649858,-3.088192134933892,0.21666190531389679,0.027312163352192914,-0.5975487493438263
22.916666666666668,0.041418321673945366,-2.986878463594131,0.21583390400476818,-0.23199874000752266,-0.5975520712736376
22.925,0.017031880482180503,-2.8623062239629573,0.21270644461630658,-0.5232952599897164,-0.5975551028627833
22.933333333333334,-0.0062323631811648066,-2.7181289932543056,0.20704385711645765,-0.8392615136246427,-0.5975578523877703
22.941666666666666,-0.02822486735389194,-2.557591808303997,0.19866867516747394,-1.1732839083662383,-0.5975603698937177
22.95,-0.04882126496775298,-2.383495664922084,0.18745512176830814,-1.519573422326599,-0.5975627456042585
22.958333333333332,-0.06791889343027603,-2.1982668381301895,0.17332239694580223,-1.8731019818186996,-0.5975651061809443
22.966666666666665,-0.08543420618261378,-2.004093689090774,0.15622904923548542,-2.229415259703053,-0.5975676092665099
22.975,-0.10130150510423534,-1.8031031262712154,0.1361692542308329,-2.584368391435021,-0.5975704364105722
22.983333333333334,-0.11547324336246508,-1.597558647677907,0.11317150897208662,-2.9338143476552347,-0.5975737840985254
22.991666666666667,-0.1279220226343076,-1.3900667868117507,0.08730004724183939,-3.2732659342847557,-0.597577852268938
23.0,-0.13864429343203483,-1.183776072983659,0.05865909919419364,-3.5975564548335344,-0.5975828295163577
23.008333333333333,-0.14766559265598525,-0.9825409767948011,0.027399840361354084,-3.900543427325164,-0.5975888743110099
23.016666666666666,-0.15504684564506493,-0.7910036965736015,-0.006270626219656917,-4.174933146480779,-0.5975960922939757
23.025,-0.16089077585252648,-0.6145254679145413,-0.0420797180693187,-4.412340978193638,-0.597604511313718
23.03333333333333,-0.16534684985449188,-0.4588923226828768,-0.07968176084237549,-4.603716539345667,-0.5976140583962595
23.041666666666668,-0.1686126588442364,-0.3297526713970845,-0.11865575097916695,-4.7402124530220044,-0.5976245456009666
23.05,-0.1709296176406562,-0.23183422325034989,-0.15851203891624324,-4.814427868060789,-0.5976356729490028
23.058333333333334,-0.172571788962414,-0.1681170575690937,-0.19871002289146505,-4.8217424991546505,-0.5976470540542888
23.066666666666666,-0.17382856488234702,-0.13923354030340848,-0.23868581203560504,-4.761297230963312,-0.5976582629416712
23.075,-0.17498416467249742,-0.1433327139752667,-0.27788514409679455,-4.636227216442151,-0.5976688915675555
23.083333333333332,-0.176298230071412,-0.17647026131107968,-0.31579463505735245,-4.453042637904868,-0.5976786022899663
23.091666666666665,-0.17799137909867932,-0.23336817422394576,-0.3519650970437474,-4.220410405736324,-0.5976871618134899
23.1,-0.18023768859430458,-0.30827109973713757,-0.38602374889396773,-3.9477833133449014,-0.5976944513768374
23.108333333333334,-0.18316384783607897,-0.3956602992208247,-0.4176757823761966,-3.6442660338025226,-0.5977004566687868
23.116666666666667,-0.18685321931516902,-0.49070925208289207,-0.446698186028614,-3.3179034416707625,-0.5977052456796125
23.125,-0.19135259856245168,-0.5894834702971941,-0.47292941472543176,-2.9753819617074395,-0.5977089427586089
23.133333333333333,-0.19667979522562612,-0.6889511180962874,-0.49625791442058936,-2.6220311998496815,-0.5977117045652691
23.141666666666666,-0.2028307897176266,-0.7868826606523127,-0.5166114551545364,-2.2619963925505555,-0.597713700623719
23.15,-0.20978581368692145,-0.8817012524319201,-0.533948250339483,-1.8984812759238998,-0.5977150990225799
23.15833333333333,-0.21751411934359902,-0.9723222651630675,-0.5482501688709448,-1.5340003387158436,-0.5977160566541386
23.166666666666668,-0.22597743779022972,-1.0580010569065101,-0.5595179791400059,-1.170611434351563,-0.5977167129931387
23.175,-0.235132228913404,-1.1381955690219265,-0.567768414985321,-0.8101201314458758,-0.5977171864402278
23.183333333333334,-0.24493084909980378,-1.2124436822423879,-0.5730328316029599,-0.45425776123078326,-0.5977175724538346
23.191666666666666,-0.25532174950261566,-1.2802526970771166,-0.5753572554053256,-0.10483894271129493,-0.5977179429321398
23.2,-0.2662487937174124,-1.3409978126174247,-0.5748036821208631,0.2360948284535398,-0.5977183468600064
23.208333333333332,-0.2776497460566585,-1.3938246083687302,-0.5714525609869445,0.5661339706244811,-0.5977188211133193
23.216666666666665,-0.2894540177601521,-1.437572219988488,-0.5654063321069974,0.8823970298879862,-0.5977194083353132
23.225,-0.30157987002250014,-1.4707180506412225,-0.5567936662460263,1.1814608274210412,-0.59772015584868
23.233333333333334,-0.3139312671833416,-1.4913531508603124,-0.5457741258598968,1.4593366341291159,-0.5977211090237073
23.241666666666667,-0.3263947321794159,-1.4972108411487661,-0.5325426926711007,1.7115317506333627,-0.5977223037446923
23.25,-0.3388367330933882,-1.4857686198442337,-0.5173333097075794,1.9332294826977345,-0.597723758755831
23.258333333333333,-0.35110227444426195,-1.4544364107322196,-0.5004203487433267,2.1196086370356655,-0.5977254691633369
23.266666666666666,-0.36301540741444066,-1.4008258142065921,-0.48211685296843626,2.2662927115004243,-0.597727402731873
23.275,-0.3743822146654264,-1.3230664701678188,-0.4627686779195414,2.369871104880622,-0.597729500520035
23.28333333333333,-0.3849964165984099,-1.2201064601484621,-0.4427443447941115,2.4283861711999384,-0.5977316826102629
23.291666666666668,-0.3946471474741085,-1.0919202564393686,-0.4224214232568354,2.4416585010607514,-0.5977338582807871
23.3,-0.403127856976592,-0.9395638595413872,-0.40217124300071105,2.411351497218019,-0.597735938464969
23.308333333333334,-0.4102449600687407,-0.7650611571450097,-0.3823442651305492,2.3407523991002885,-0.5977378475030957
23.316666666666666,-0.41582494890798405,-0.5711584398342444,-0.3632582549969279,2.234336431165313,-0.5977395314950291
23.325,-0.419719155507384,-0.3610194503263848,-0.34519056372825174,2.097239577345372,-0.5977409618384196
23.333333333333332,-0.42180599562949367,-0.1379372601224208,-0.32837472207612267,1.9347702089155274,-0.5977421340940582
23.341666666666665,-0.4219910802172818,0.09488300104366382,-0.3130006085704822,1.7520501661349215,-0.5977430634618696
23.35,-0.42020590401197405,0.33444669020918916,-0.29921692129375826,1.5538230496173098,-0.5977437803376149
23.358333333333334,-0.41640589395441496,0.5780045873859448,-0.2871345814698067,1.3444157906831016,-0.5977443311063975
23.366666666666667,-0.41056845652210633,0.8230205305030708,-0.27682995110414105,1.1278169934810416,-0.5977447759324721
23.375,-0.4026915178323132,1.067089476704321,-0.26834702243648306,0.9078383622993427,-0.597745184056596
23.383333333333333,-0.3927928716966275,1.3078289333826931,-0.2616980587474088,0.6883189192498961,-0.5977456291752125
23.391666666666666,-0.38091047730383476,1.5427625996751535,-0.2568624728662254,0.47333839954373697,-0.5977461849566712
23.4,-0.36710369656519454,1.7692143220786491,-0.2537840009556386,0.2674074112806687,-0.5977469206257857
23.40833333333333,-0.3514553032598376,1.9842325587866294,-0.25236651167397856,0.07559827335873039,-0.5977478965796618
23.416666666666668,-0.33407391352952515,2.1845689125413417,-0.25246911620919593,-0.0964253067253089,-0.5977491601230852
23.425,-0.31509628669499057,2.366734601343954,-0.2539015980113139,-0.2425214187280023,-0.5977507423006923
23.433333333333334,-0.2946887476810394,2.5271579047607693,-0.25642153088540537,-0.3563677139812172,-0.5977526554392039
23.441666666666666,-0.2730468669435684,2.6624415016641936,-0.2597346608923349,-0.43194027628097525,-0.5977548888611967
23.45,-0.25039268271107884,2.7696874417808974,-0.26349984344109556,-0.4641146337057147,-0.5977574067486868
23.458333333333332,-0.22696914001036914,2.8468270563545923,-0.26733912997916043,-0.4492772613841553,-0.5977601502828468
23.466666666666665,-0.2030320517197351,2.8928715082509258,-0.27085247210565255,-0.3857966951949361,-0.5977630441524321
23.475,-0.17884056861055944,2.9080097131823965,-0.27363528712727725,-0.2742220810809294,-0.5977660060263879
23.483333333333334,-0.15464759074301943,2.8935244885136,-0.2752963160584064,-0.11715417905979358,-0.5977689564663307
23.491666666666667,-0.13069155331053905,2.8515558386067896,-0.27547317332099525,0.08116376004973129,-0.5977718266410268
23.5,-0.1071905739679088,2.7847855346400103,-0.2738437501114383,0.3154062481668659,-0.5977745635665143
23.508333333333333,-0.08433926896615417,2.6961231392626313,-0.2701328223395844,0.5797372030756559,-0.597777137803847
23.516666666666666,-0.062307970138428856,2.5884528304343823,-0.26411421295131793,0.8682884931793118,-0.5977795497192329
23.525,-0.04124365860242032,2.4644768885308057,-0.2556096190145292,1.1754771803833797,-0.5977818322226441
23.53333333333333,-0.021271792838073896,2.326655847415279,-0.24448549060111885,1.4961582695975686,-0.5977840511770527
23.541666666666668,-0.002498284955977055,2.1772293989913107,-0.23064924283409455,1.8256373645728856,-0.5977863037435158
23.55,0.01498896009594832,2.018296855520751,-0.21404582806062034,2.159577292027149,-0.5977887148601335
23.558333333333334,0.031119354925979215,1.8519376580238942,-0.1946554161806815,2.493830248032806,-0.5977914318974609
23.566666666666666,0.0458400554245799,1.680356192245207,-0.17249269476495968,2.824220629195135,-0.597794617317659
23.575,0.05911764706670454,1.5060371987656276,-0.14760810976921745,3.1463000653658666,-0.5977984389613458
23.583333333333332,0.07094111717527914,1.3318958842058457,-0.12009118010333408,3.4550995733045853,-0.5978030574859619
23.591666666666665,0.08132597841728453,1.1613992875687933,-0.09007576568694639,3.7449163640698457,-0.5978086106151456
23.6,0.09031916494773007,0.9986232676855509,-0.057746773291390906,4.009193682369041,-0.5978151944076162
23.608333333333334,0.09800397123572521,0.8481970029477601,-0.02334720247381633,4.240574141073018,-0.597822842886753
23.616666666666667,0.10450387936374829,0.7150840358885431,0.012816283956978779,4.431213942710453,-0.5978315090881536
23.625,0.10998376287265348,0.6041702563392846,0.050371708355154685,4.57341252680502,-0.5978410524443087
23.633333333333333,0.11464691922401782,0.5196858034511402,0.0888866031851096,4.660520357297165,-0.5978512383684863
23.641666666666666,0.11872694492274329,0.46457074699760437,0.12788100327104837,4.687950471924306,-0.5978617545202145
23.65,0.12247469876174005,0.4399630756225011,0.16684831303157246,4.654003759632736,-0.5978722438469053
23.65833333333333,0.12614214521303496,0.4449862090623205,0.20528122900885182,4.560216889641511,-0.5978823483900378
23.666666666666668,0.12996601051785006,0.4769185575172325,0.2426980158465797,4.411095523789859,-0.5978917532333676
23.675,0.13415427856735773,0.5316840210586575,0.27866426126722094,4.213330998760363,-0.5979002198177891
23.683333333333334,0.13887754449009704,0.6044948935820189,0.31280687440395283,3.9747748766914217,-0.5979076023029193
23.691666666666666,0.1442657046385301,0.6904623932562202,0.3448195960980055,3.703471421913991,-0.597913846892642
23.7,0.15040914126094687,0.7850515475590129,0.374461424589869,3.4069458463853137,-0.5979189787069766
23.708333333333332,0.15736288971999618,0.884342043765647,0.40155042078013825,3.091806536695904,-0.5979230823600326
23.716666666666665,0.1651522421142648,0.9851194675885606,0.42595537666527467,2.7636174440013384,-0.5979262814818015
23.725,0.17377857986051665,1.0848481058852915,0.44758725106271724,2.426954776857275,-0.5979287204526021
23.733333333333334,0.1832246660852685,1.1815760618346307,0.46639154973909275,2.0855646732116977,-0.5979305497607967
23.741666666666667,0.19345900216430686,1.273810584836766,0.48234221958948503,1.7425608917412434,-0.5979319151431295
23.75,0.20443910685492137,1.360386986660268,0.49543722289331354,1.4006260395700911,-0.5979329500343304
23.758333333333333,0.2161137213239165,1.440343254051696,0.5056957363522643,1.0621984612840867,-0.5979337706542587
23.766666666666666,0.22842401259662723,1.512805562330263,0.5131568221008771,0.7296380755543458,-0.5979344731013383
23.775,0.24130387593054514,1.5768867447617914,0.5178793859657392,0.40536930737832116,-0.5979351319620763
23.78333333333333,0.25467945059125796,1.631599402412634,0.519943226553894,0.09199952729284495,-0.5979358001090257
23.791666666666668,0.26846798217434903,1.6757863745745676,0.5194509569372643,-0.20759033824196116,-0.5979365097330963
23.8,0.282576182726748,1.7080709273936734,0.5165305674698861,-0.49018441325687345,-0.5979372804225022
23.808333333333334,0.29689832607640226,1.7268470110567573,0.5113382463780866,-0.7522391636311275,-0.5979381307910401
23.816666666666666,0.3113144509278975,1.7303136580217533,0.5040608274963888,-0.9899618588452617,-0.5979390764259066
23.825,0.3256890482525927,1.7165591236868825,0.4949172778019072,-1.1994668667192936,-0.5979401249135193
23.833333333333332,0.3398706845876031,1.6837010943181858,0.48415850832071294,-1.3770211543110529,-0.5979412717870416
23.841666666666665,0.3536930018525019,1.6300740715309516,0.4720648136952027,-1.5193630838970744,-0.5979424983140759
23.85,0.36697739406972135,1.5544389034315358,0.45894048943924565,-1.6240515303605771,-0.5979437718836635
23.858333333333334,0.37953738892283856,1.4561750323061837,0.4451056398789185,-1.6897785714631157,-0.5979450492668729
23.866666666666667,0.3911844043498096,1.3354112698964424,0.4308857916568135,-1.7165718854008871,-0.5979462822868237
23.875,0.4017342149802878,1.1930615036726393,0.4166004829937564,-1.7058320332863426,-0.5979474247022467
23.883333333333333,0.41101327801109394,1.0307561953332163,0.4025522911722996,-1.6601921457531996,-0.5979484387155573
23.891666666666666,0.4188641133200115,0.8506893139125153,0.389017657209582,-1.5832366275634355,-0.5979492996632141
23.9,0.4251491919435739,0.6554210824592144,0.3762404008064456,-1.4791501951737838,-0.5979499980611308
23.90833333333333,0.4297531564449431,0.4476820369481554,0.3644281727319119,-1.3523761682763975,-0.5979505389646604
23.916666666666668,0.4325835444752315,0.23021442645477755,0.35375149278955864,-1.2073455661951797,-0.5979509392334396
23.925,0.43357041898818804,0.0056701308373912854,0.3443446290570596,-1.0483088320673295,-0.5979512235884505
23.933333333333334,0.4326653991001334,-0.2234314197036116,0.33630743018449927,-0.8792744604957519,-0.59795142072077
23.941666666666666,0.42984056994818826,-0.4546928450878684,0.32970726613626694,-0.7040397328205754,-0.5979515640680423
23.95,0.42508762697756136,-0.685795617536949,0.32458044899705685,-0.5262799880608126,-0.5979516937170496
23.958333333333332,0.4184174826566468,-0.9144340696025901,0.3209327354870219,-0.349676194756833,-0.597951854177251
23.966666666666665,0.40986046438750007,-1.1382424043960608,0.3187387036154867,-0.17805248805923612,-0.5979520916217382
23.975,0.3994670934447396,-1.35473083956744,0.31794004205091003,-0.015494899437698537,-0.5979524510672436
23.983333333333334,0.38730930335241753,-1.5612465507726412,0.31844302648037437,0.1335767749791681,-0.5979529735855669
23.991666666666667,0.3734818270850126,-1.7549752373442864,0.3201156867080079,0.26441215982765925,-0.597953694416361
24.0,0.3581033352860011,-1.9330014972523935,0.32278543737525456,0.3720423365171957,-0.5979546404264006
24.008333333333333,0.3413168086452689,-2.0924320284869324,0.32623812295843996,0.4515066230963254,-0.597955825972611
24.016666666666666,0.3232886348210216,-2.230576536226908,0.33021940770154956,0.4981851393618006,-0.5979572496729997
24.025,0.3042060292259636,-2.345163603042681,0.3344392510967398,0.5081970040724331,-0.5979588932129952
24.03333333333333,0.28427264834141375,-2.434550721662916,0.338579730984965,0.47879148154730605,-0.597960722774118
24.041666666666668,0.2637026469956974,-2.497879738344641,0.3423057926219961,0.4086447091408681,-0.5979626930183717
24.05,0.24271381428175606,-2.5351374834306095,0.3452778112519935,0.2979888665408752,-0.5979647527797152
24.058333333333334,0.22152066458101413,-2.5471058904821247,0.3471644078391529,0.14854319813548464,-0.5979668510456806
24.066666666666666,0.20032836165882037,-2.5352168983099648,0.3476539293822751,-0.03672926754435768,-0.5979689417387525
24.075,0.17932811392626147,-2.501352801976561,0.34646340494161915,-0.2539697184741946,-0.5979709869274198
24.083333333333332,0.15869429020780765,-2.4476395166642386,0.34334446220224957,-0.49879407708857226,-0.5979729625904171
24.091666666666665,0.13858316859356742,-2.3762672533867586,0.33808626244878504,-0.7666274402859073,-0.5979748649156263
24.1,0.1191329550599431,-2.2893679608057043,0.33051600556371524,-1.052947336771498,-0.5979767138120082
24.108333333333334,0.10046456034297596,-2.188955692902501,0.3204978408572535,-1.3534231098843261,-0.5979785547196983
24.116666666666667,0.0826826271264861,-2.076924695273483,0.30793103003456856,-1.6639581750621497,-0.5979804587793572
24.125,0.06587636895254698,-1.9550945146479461,0.29274810787082245,-1.9806513930272605,-0.5979825213604585
24.133333333333333,0.05011987899845348,-1.8252901701509354,0.27491363704984634,-2.2996961251481993,-0.5979848589002859
24.141666666666666,0.03547166379185551,-1.6894462160997104,0.2544240034488556,-2.617234196347951,-0.5979876038993365
24.15,0.021973247110996914,-1.549724001679753,0.23130856005680941,-2.9291810413386465,-0.5979908977992765
24.15833333333333,0.009646783347684061,-1.4086297853793865,0.20563228465419114,-3.2310408833264193,-0.5979948813989199
24.166666666666668,-0.0015082597236353568,-1.2691165118211798,0.17749992995420513,-3.5177388308909254,-0.5979996825320786
24.175,-0.01151911402013873,-1.1346440601601184,0.14706136751589982,-3.7835103633831086,-0.5980054010590736
24.183333333333334,-0.020443937157574837,-1.0091637651914567,0.1145174230266917,-4.021904443890295,-0.5980120919382903
24.191666666666666,-0.028375458641853084,-0.8969884482628256,0.08012498507978649,-4.22596551715878,-0.5980197482942861
24.2,-0.035442954332198566,-0.8025179922583341,0.04419965740296341,-4.388647021506095,-0.5980282877995339
24.208333333333332,-0.04181131967554725,-0.7298215774827351,0.007113963265015852,-4.503459515231352,-0.5980375467624176
24.216666666666665,-0.04767623288757365,-0.6821313327699805,-0.030710570837420428,-4.565268903605455,-0.5980472861392812
24.225,-0.053255105350338984,-0.6613602390855596,-0.06881800759206093,-4.57106392373558,-0.5980572114699134
24.233333333333334,-0.05877460542553424,-0.6677845062052047,-0.10673806406433314,-4.520465166962593,-0.5980670046484251
24.241666666666667,-0.06445661736115907,-0.69999717381542,-0.1440086933052088,-4.415801010697932,-0.5980763611140203
24.25,-0.07050504139993437,-0.7551504320301194,-0.1801973320716688,-4.261721190167879,-0.598085023837898
24.258333333333333,-0.07709556023579628,-0.8294050782218167,-0.21491741762384214,-4.064480571863713,-0.5980928067601211
24.266666666666666,-0.08436954375083607,-0.9184503697671127,-0.2478383256900821,-3.831115132466827,-0.5980996043161223
24.275,-0.09243212115336413,-1.0179667034277895,-0.27868873149244494,-3.5687157440255874,-0.5981053881185185
24.28333333333333,-0.10135358771931385,-1.123955909650076,-0.3072547746830404,-3.283918569640746,-0.5981101947220617
24.291666666666668,-0.11117293749841621,-1.2329224789547548,-0.33337498742322275,-2.9826350554487924,-0.5981141090947357
24.3,-0.12190235643675625,-1.3419286053037427,-0.35693384222874713,-2.6699808299107044,-0.5981172475574956
24.308333333333334,-0.13353178048498532,-1.4485613596998643,-0.37785531379358267,-2.350339193078838,-0.5981197425182992
24.316666666666666,-0.14603294441595327,-1.550848769886536,-0.39609731653963337,-2.0274989182381713,-0.5981217300263582
24.325,-0.15936261859036654,-1.6471526366095304,-0.4116474393355922,-1.7048217935252985,-0.598123340299807
24.333333333333332,-0.1734649216434655,-1.736056272145664,-0.42452009740950614,-1.385411662678956,-0.5981246909311062
24.341666666666665,-0.1882727163941056,-1.8162581306010472,-0.4347550396743463,-1.072268671913874,-0.5981258823271673
24.35,-0.20370816861269403,-1.8864782289693383,-0.44241704476466615,-0.7684189725272399,-0.5981269949649963
24.358333333333334,-0.21968259847379995,-1.9453828894800915,-0.4475965688108493,-0.47701212422110645,-0.5981280881417076
24.366666666666667,-0.2360958015619364,-1.9915337793146075,-0.4504110406561545,-0.20137744583506514,-0.5981292000082369
24.375,-0.2528350708417702,-2.023368365852555,-0.4510064185669376,0.05497151536348255,-0.5981303487635548
24.383333333333333,-0.26977420876032476,-2.0392176488740885,-0.4495585368297417,0.2883923120647,-0.5981315360195958
24.391666666666666,-0.28677286594933177,-2.037369535433966,-0.4462737056358727,0.4952428467269565,-0.5981327551306046
24.4,-0.3036766318861536,-2.0161838212577283,-0.44138786035236083,0.67209568580116,-0.598133993730456
24.40833333333333,-0.32031823551198263,-1.9742411556779937,-0.43516370021846246,0.8160019078357399,-0.5981352321679597
24.416666666666668,-0.33652007352162877,-1.9105087022418223,-0.4278855143276637,0.9247755024277469,-0.5981364435514964
24.425,-0.3520980877640934,-1.824492637294049,-0.41985172448290986,0.9972473376573276,-0.5981375958208592
24.433333333333334,-0.36686674070099506,-1.7163438549836194,-0.41136563795854847,1.0334319028831862,-0.598138655525652
24.441666666666666,-0.3806445810788562,-1.5868907808425514,-0.4027253321985326,1.034563907120188,-0.5981395924859058
24.45,-0.39325974188440915,-1.43759064547419,-0.3942138322474087,1.002992476195231,-0.5981403842287959
24.458333333333332,-0.40455472915086926,-1.2704117346193469,-0.3860906903976325,0.9419572736778544,-0.5981410191710831
24.466666666666665,-0.4143900388430499,-1.0876755519255408,-0.37858574803655115,0.8552987662796734,-0.5981414979171972
24.475,-0.4226464126681099,-0.8918936558335449,-0.37189537153991503,0.7471641275858433,-0.5981418325849356
24.483333333333334,-0.4292258186401481,-0.685628849291367,-0.3661809706464782,0.6217606243663153,-0.5981420445362265
24.491666666666667,-0.4340514434439523,-0.4713987171364196,-0.3615692586041067,0.4831873997865171,-0.5981421611419663
24.5,-0.43706707968500025,-0.25162680106983676,-0.3581535512324545,0.3353541000790954,-0.5981422122352203
24.508333333333333,-0.4382362914866631,-0.0286368711600993,-0.35599540852204903,0.18197751738423518,-0.598142226781411
24.516666666666666,-0.4375416782174444,0.1953195346339711,-0.35512604142654036,0.026638027935241226,-0.5981422303512758
24.525,-0.4349844698297168,0.4180134561304233,-0.3555470680897769,-0.12712486231559067,-0.5981422469827952
24.53333333333333,-0.4305845649150922,0.637184832655436,-0.3572304154169242,-0.27570808389370344,-0.5981423038359985
24.541666666666668,-0.42438098722804324,0.8504973977515812,-0.3601174063550223,-0.41535753635293715,-0.5981424315872392
24.55,-0.4164326480078257,1.0555122528000582,-0.3641172493580005,-0.5421150340549515,-0.5981426619310026
24.558333333333334,-0.40681920486886697,1.2496934325694673,-0.3691053095377506,-0.6518232620597023,-0.5981430242316077
24.566666666666666,-0.3956417002997492,1.430456622466166,-0.37492173791683625,-0.7402093220441949,-0.5981435419208907
24.575,-0.38302259502568514,1.595265770740842,-0.3813711607648388,-0.80305588653627,-0.5981442291631612
24.583333333333332,-0.36910481007614054,1.7417725282854175,-0.3882241389175418,-0.8364516633709395,-0.5981450884395643
24.591666666666665,-0.35404948568082495,1.8679807078566646,-0.3952209456099494,-0.8370902748702151,-0.598146109687586
24.6,-0.3380323652395163,1.9724061442834038,-0.40207786140394214,-0.8025654762073817,-0.5981472713905065
24.608333333333334,-0.32123898791020555,2.054197048597919,-0.4084956981059302,-0.7316006603212811,-0.5981485435547809
24.616666666666667,-0.3038591491026471,2.1131855643944877,-0.41416976956027124,-0.6241596035785846,-0.5981498919739354
24.625,-0.286081270316445,2.1498575548449383,-0.4188001904987791,-0.48141327615046375,-0.5981512827720539
24.633333333333333,-0.2680873398320462,2.165248898904156,-0.4221013272798555,-0.3055744300114937,-0.5981526861332632
24.641666666666666,-0.2500489378192291,2.160794268995788,-0.4238094607847787,-0.09964289307986222,-0.5981540783935833
24.65,-0.232124602270753,2.138162355272538,-0.4236881536853145,0.13288068644467163,-0.5981554422140146
24.65833333333333,-0.21445850544985268,2.0991110599054954,-0.4215313101743404,0.3882535523103594,-0.5981567678726802
24.666666666666668,-0.197180193237712,2.0453775714363807,-0.4171642950939707,0.6626979779163886,-0.5981580604539102
24.675,-0.1804050688572654,1.9786121683441265,-0.41044358753046634,0.9525404212533854,-0.5981593442761364
24.683333333333334,-0.164235223017843,1.9003601413469287,-0.4012556127960499,1.254271440720104,-0.5981606647117471
24.691666666666666,-0.14876024221066797,1.8120837993084562,-0.3895153590638604,1.5645394912901536,-0.5981620887717476
24.7,-0.13405769442140222,1.7152165365856575,-0.3751652786503198,1.8800908673577243,-0.5981637043833099
24.708333333333332,-0.12019305785832313,1.611241217846569,-0.3581748729660702,2.1976675109879786,-0.5981656182238883
24.716666666666665,-0.10721891972106906,1.501785839773456,-0.33854126828746045,2.513873070142773,-0.5981679518880278
24.725,-0.09517333050057258,1.3887292247661016,-0.31629100422924833,2.825017704383557,-0.5981708360673291
24.733333333333334,-0.08407726723659646,1.2743072742816677,-0.29148315768539834,3.126955623053421,-0.598174402368876
24.741666666666667,-0.07393125677870781,1.161205340585302,-0.2642137779557223,3.4149374979446785,-0.5981787724585876
24.75,-0.0647113607139309,1.0526146430848988,-0.23462137354175747,3.6835127307837356,-0.598184044499258
24.758333333333333,-0.05636494372770203,0.9522221014848252,-0.20289283745005648,3.9265313499425742,-0.5981902774757338
24.766666666666666,-0.04880692782346664,0.8640980104882232,-0.16926873644901963,4.1373046771761945,-0.5981974750211
24.775,-0.04191751603059058,0.7924522510759704,-0.1340464154656018,4.308975190754542,-0.5982055716472715
24.78333333333333,-0.03554252220112613,0.7412553235700384,-0.0975790914506318,4.435105474013047,-0.5982144253752391
24.791666666666668,-0.029497292975473953,0.7137669457899176,-0.06026932268104673,4.510420637043333,-0.5982238208526484
24.8,-0.023574624554211384,0.7120685714220252,-0.02255615984285595,4.531550275294532,-0.5982334853634802
24.808333333333334,-0.01755611696733692,0.736727248974075,0.015103169773103992,4.497563868471091,-0.5982431166380875
24.816666666666666,-0.011225390919392984,0.7866976873947477,0.05225454313183717,4.4101259470799175,-0.598252417296585
24.825,-0.004380981034384148,0.8594954449702349,0.08846769232239816,4.2732177342708795,-0.59826112818895
24.833333333333332,0.0031531671197161724,0.9515824030891645,0.12335311914475407,4.092521632035481,-0.5982690533445187
24.841666666666665,0.011520891550841886,1.0588453491297725,0.15657313582115526,3.874662562660756,-0.5982760724327502
24.85,0.020830948314828433,1.1770450820516043,0.1878466920024873,3.626504021520828,-0.5982821407309757
24.858333333333334,0.031157464203009844,1.3021547345827127,0.2169490423561538,3.354627605760293,-0.5982872796403531
24.866666666666667,0.0425426354732744,1.4305599953555113,0.24370800754108696,3.065035965496084,-0.5982915619267842
24.875,0.05500055737308135,1.5591347851723913,0.2679986147253406,2.7630530166259617,-0.5982950954112276
24.883333333333333,0.06852127692565224,1.6852252056844175,0.2897375367691879,2.453365250519488,-0.5982980076332425
24.891666666666666,0.0830744528127059,1.8065767206094885,0.30887825870874425,2.140146070411658,-0.5983004327828182
24.9,0.09861227379542895,1.921233064803258,0.325407460559006,1.8272168967746083,-0.5983025012971303
24.90833333333333,0.11507148975283889,2.0274271127080783,0.33934278033836884,1.5182130347915914,-0.5983043320122067
24.916666666666668,0.13237454919278083,2.1234774689784714,0.3507319031112683,1.216733170077327,-0.5983060265593538
24.925,0.15042993479546998,2.207700945305584,0.3596527736442751,0.9264572405023997,-0.5983076656847695
24.933333333333334,0.1691318672385225,2.278349982413735,0.366214612436594,0.6512190921920479,-0.5983093072493928
24.941666666666666,0.188359623640453,2.3335843213790195,0.37055929998636966,0.39501978083798883,-0.5983109857644467
24.95,0.20797679520487133,2.3714861977443475,0.3728625749924065,0.16196742119461588,-0.5983127133893568
24.958333333333332,0.2278308788518414,2.390126099290954,0.37333438711807565,-0.043866605929487476,-0.5983144823323046
24.966666666666665,0.24775363086455257,2.38767888094191,0.3722177052873798,-0.2186722970989599,-0.5983162690242687
24.975,0.2675625707500132,2.36258231275161,0.3697851695865706,-0.3591917950980483,-0.598318040664098
24.983333333333334,0.28706392325651514,2.3137175151738716,0.366333146622963,-0.46304042608004353,-0.5983197587301419
24.991666666666667,0.3060570120816382,2.2405705884199807,0.3621732439583223,-0.5289845343911093,-0.5983213815344453
25.0,0.3243397978005999,2.1433399192269955,0.3576218992522779,-0.5571161838890052,-0.5983228683591185
25.008333333333333,0.3417149810391632,2.022961281682325,0.35298911460149224,-0.5488783599595496,-0.5983241843644022
25.016666666666666,0.35799593692315146,1.88104299897222,0.3485676560446038,-0.5069299279060284,-0.5983253050634147
25.025,0.3730117832723783,1.7197273751085775,0.34462395104954796,-0.4348814496036786,-0.5983262192876551
25.03333333333333,0.38661110070752897,1.5415121951241932,0.3413915183662851,-0.3369632424480745,-0.5983269300455109
25.041666666666668,0.3986641349133275,1.349071131290731,0.33906720278066926,-0.21769516556107404,-0.5983274532808557
25.05,0.40906361231519905,1.1451047972848263,0.33780995091322036,-0.0816144848958658,-0.5983278150253678
25.058333333333334,0.4177245098293045,0.9322404466303227,0.33774149359516625,0.06690645639104212,-0.5983280476746146
25.066666666666666,0.42458321244413083,0.7129852780792384,0.338948136033166,0.22374386018541875,-0.5983281866387244
25.075,0.4295964810378251,0.48972497201159954,0.3414828786886889,0.38502325309835406,-0.5983282689316741
25.083333333333332,0.4327405486284259,0.26475454768727524,0.3453672881242454,0.5470610069959749,-0.5983283313976936
25.091666666666665,0.43401057224916323,0.040330348940425795,0.3505926947931051,0.70626584661763,-0.5983284084768126
25.1,0.4334205536477148,-0.18127159901468448,0.3571204993678004,0.8590274189952213,-0.598328530239471
25.108333333333334,0.43100373083974286,-0.3977034743926089,0.3648815751554045,1.0016152756733228,-0.5983287237007688
25.116666666666667,0.4268133098427463,-0.6065190709198351,0.3737749873527203,1.1301209968657575,-0.5983290152092479
25.125,0.4209232784725765,-0.8051816034524552,0.3836664751514541,1.2404612855600208,-0.5983294277654041
25.133333333333333,0.4134289786601816,-0.991115653881563,0.39438727669070905,1.328460333056536,-0.5983299774097216
25.141666666666666,0.4044470395793018,-1.1618085958116569,0.4057340123171333,1.3900215873013644,-0.5983306700545169
25.15,0.39411427663854476,-1.3149552399364988,0.4174703458869381,1.4213792059002859,-0.5983314994655133
25.15833333333333,0.38258526869661813,-1.4486259939204573,0.42933096613401345,1.419395849496017,-0.5983324470479594
25.166666666666668,0.3700285433558041,-1.5614267608870431,0.44102805756976243,1.3818519374160916,-0.5983334837921807
25.175,0.3566215916547896,-1.652614108539797,0.45225992330438797,1.3076624698702308,-0.5983345742095141
25.183333333333334,0.3425452165991642,-1.7221363218332104,0.4627209215901683,1.1969688019380633,-0.5983356815034501
25.191666666666666,0.3279778954979184,-1.7705890263469335,0.47211155600556404,1.0510832600281226,-0.5983367728152781
25.2,0.31309083683884037,-1.799096466047287,0.4801475350854142,0.872302935713626,-0.5983378233466589
25.208333333333332,0.29804424046999456,-1.809147152972629,0.48656689175641693,0.6636397629298249,-0.5983388185085083
25.216666666666665,0.28298499424110424,-1.8024192792300806,0.49113471107882556,0.4285262581064846,-0.5983397538100231
25.225,0.2680457577594519,-1.780626703065181,0.4936454920270018,0.17054932753654517,-0.598340632746274
25.233333333333334,0.25334517168475423,-1.7454050646868506,0.49392353256152766,-0.10675400045891872,-0.5983414633094253
25.241666666666667,0.23898881115937448,-1.698248303950364,0.49182194197996737,-0.4000190547486133,-0.5983422568620149
25.25,0.2250704714220969,-1.640488712137138,0.48722095061900444,-0.7061071944534653,-0.5983430378770029
25.258333333333333,0.21167348874844868,-1.5733093835443515,0.4800259628392925,-1.0221108049146257,-0.5983438501195416
25.266666666666666,0.19887181144102475,-1.4977901387016703,0.47016581293780824,-1.3453023006991371,-0.5983447577292138
25.275,0.18673058636300138,-1.4149766153107761,0.45759161295205286,-1.6730451348721893,-0.5983458451457083
25.28333333333333,0.1753060934582694,-1.325966928747453,0.4422764690007792,-2.002675390802277,-0.5983472158453375
25.291666666666668,0.16464489847114927,-1.2320120665628898,0.4242162881926477,-2.331359201943132,-0.5983489896375557
25.3,0.1547821244146483,-1.1346262757709766,0.403431858308602,-2.655930798489294,-0.5983512981490787
25.308333333333334,0.1457387804218753,-1.0357016128456282,0.3799723322627557,-2.972719148217265,-0.5983542780207572
25.316666666666666,0.13751815387402075,-0.9376158045715489,0.3539201530218355,-3.277379256731278,-0.5983580613233043
25.325,0.13010139455769557,-0.8433142542977327,0.32539726737817537,-3.5647579346881906,-0.5983627628662177
25.333333333333332,0.12344262305234255,-0.7563363262198352,0.2945721550625695,-3.8288418981539802,-0.5983684645704932
25.341666666666665,0.11746418690682069,-0.6807465522273535,0.26166672727595697,-4.062852648764665,-0.5983751980287688
25.35,0.11205302872279321,-0.6209306784097939,0.22696158509038594,-4.259555249742901,-0.5983829277773184
25.358333333333334,0.10705940423719251,-0.5812349189651115,0.19079766065049575,-4.411819433429134,-0.5983915393138983
25.366666666666667,0.10229920086086394,-0.5654714526563724,0.15357221413475775,-4.51339929207282,-0.5984008367156342
25.375,0.0975606566731379,-0.5763765562277535,0.11572786359418478,-4.559793954048889,-0.5984105537929931
25.383333333333333,0.0926153188963807,-0.615160422561089,0.07773486979477397,-4.548964457766377,-0.5984203794913647
25.391666666666666,0.08723186701010748,-0.6812897538550248,0.04006886609356569,-4.481677716805336,-0.5984299935298331
25.4,0.0811904847600224,-0.7725771844108444,0.003187749784939607,-4.361357934799714,-0.59843910430021
25.40833333333333,0.0742952888879974,-0.8855436851996557,-0.032488273216770794,-4.193502453688238,-0.5984474801592867
25.416666666666668,0.06638300819906554,-1.0159313297630466,-0.06659063141940963,-3.984863431596242,-0.5984549679701124
25.425,0.057327282125534826,-1.1592189057863915,-0.09880938095869846,-3.742635275138236,-0.5984614973847087
25.433333333333334,0.047039055052376225,-1.3110300726683912,-0.12889409974267244,-3.473824256655066,-0.5984670734139409
25.441666666666666,0.035464201212689304,-1.4673872171723794,-0.156650569586754,-3.1848713818993573,-0.5984717617899661
25.45,0.022579666577904833,-1.624817822954146,-0.1819353344464129,-2.881511935552957,-0.5984756715260353
25.458333333333332,0.008389221432564872,-1.7803483968921558,-0.20464986782136996,-2.568810409948091,-0.5984789378386496
25.466666666666665,-0.007080410932627627,-1.931426747858606,-0.22473552017957107,-2.2513019925290827,-0.598481707156694
25.475,-0.023782601987379737,-2.0758069829988046,-0.24216988665441244,-1.9331839116456797,-0.5984841248298339
25.483333333333334,-0.04165284132145981,-2.211422063496952,-0.25696483261352193,-1.6185165467889409,-0.5984863254991956
25.491666666666667,-0.0606097081048223,-2.336261246220531,-0.26916613789753024,-1.3114069684196779,-0.5984884258291627
25.5,-0.08055488903169997,-2.4482659270114837,-0.2788545234866078,-1.0161538684995688,-0.5984905192826595
25.508333333333333,-0.10137244985220656,-2.5452569119762902,-0.28614765492841787,-0.7373335086159936,-0.5984926727319506
25.516666666666666,-0.1229276807889261,-2.6249073536738687,-0.2912025389307707,-0.47980422068013073,-0.5984949248422092
25.525,-0.14506595791879984,-2.684775945311242,-0.2942175375351153,-0.24860656369114104,-0.5984972862797525
25.53333333333333,-0.167612172739664,-2.7224112607936983,-0.2954330545437059,-0.048742952915854926,-0.5984997418294501
25.541666666666668,-0.19037133361245528,-2.735527266685795,-0.29512988330732276,0.11516027100283378,-0.5985022544638506
25.55,-0.2131308673599844,-2.722231204257188,-0.29362436272444575,0.23927249669434564,-0.5985047718618763
25.558333333333334,-0.2356649225631779,-2.681268341772322,-0.2912598985683891,0.32099788893470205,-0.5985072331801313
25.566666666666666,-0.2577405803754451,-2.6122241409309783,-0.2883951066386169,0.3593276816630283,-0.5985095744530863
25.575,-0.27912537416175787,-2.5156288965308553,-0.28538972734617984,0.3550104454819387,-0.598511735346775
25.583333333333332,-0.2995951579436792,-2.3929343788707653,-0.2825900740794033,0.310489955309229,-0.5985136662767926
25.591666666666665,-0.31894125112329147,-2.2463675947067174,-0.2803159491164921,0.22962284933844815,-0.5985153340654017
25.6,-0.33697598248542193,-2.078701682120816,-0.27885059075840707,0.11724946702025778,-0.5985167248150989
25.608333333333334,-0.3535361791709824,-1.8930017217675323,-0.27843444904036546,-0.021278060199990793,-0.5985178436008433
25.616666666666667,-0.3684846263715714,-1.6923998308497183,-0.2792627248394488,-0.1805128080838555,-0.5985187117155125
25.625,-0.3817099056065726,-1.479934081484505,-0.2814859197230586,-0.35521317260745444,-0.5985193641454902
25.633333333333333,-0.39312518895047516,-1.2584593881581772,-0.2852123458864843,-0.5405123812181067,-0.5985198471253155
25.641666666666666,-0.40266658592135723,-1.0306274651218674,-0.2905115070145764,-0.7319610408183951,-0.598520214693964
25.65,-0.4102915566860942,-0.7989196164805159,-0.2974174011294356,-0.9254715275769627,-0.598520525040741
25.65833333333333,-0.41597775270153736,-0.5657134040538275,-0.30593106852822244,-1.117197992628107,-0.598520836813892
25.666666666666668,-0.4197224906984161,-0.3333650829577095,-0.31602198471241155,-1.3033843463367867,-0.598521205430737
25.675,-0.42154292060547244,-0.10429097814537718,-0.3276281584013977,-1.4802104031739165,-0.5985216793961992
25.683333333333334,-0.4214768104423366,0.11896850284439822,-0.3406550417680309,-1.6436655223027157,-0.5985222967030399
25.691666666666666,-0.419583739628686,0.3337174191812969,-0.35497359916511306,-1.7894777229993644,-0.5985230833456198
25.7,-0.4159463491203315,0.5371260706502337,-0.37041813768602727,-1.9131340861987958,-0.5985240549985995
25.708333333333332,-0.410671137909423,0.7263182273034774,-0.38678478002290606,-2.0100154838538313,-0.5985252142250436
25.716666666666665,-0.4038882591120558,0.8985237407167399,-0.4038315491983443,-2.0756484623494775,-0.5985265469297032
25.724999999999998,-0.3957498051915967,1.0512846313013748,-0.421280987866662,-2.1060552189943103,-0.5985280209656901
25.733333333333334,-0.3864262643278651,1.1826806145483542,-0.4388259166982619,-2.098144619579944,-0.598529587801063
25.741666666666667,-0.3761011872145391,1.2915240496124276,-0.45613833088213485,-2.0500588019157533,-0.598531187495219
25.75,-0.3649645387895891,1.377472986360985,-0.47288068450877757,-1.9613863002003677,-0.598532756293337
25.758333333333333,-0.3532055742532535,1.44102921711154,-0.48871817236154347,-1.8331825347566126,-0.5985342352679357
25.766666666666666,-0.3410062255166393,1.4834205216737737,-0.5033303426930812,-1.6677929722943357,-0.5985355780435851
25.775,-0.3285358510962512,1.5063985346157642,-0.5164205741241273,-1.4685293930282262,-0.5985367559374476
25.78333333333333,-0.3159478514597546,1.5120019448089446,-0.5277225248766911,-1.2392816303168426,-0.5985377596761036
25.791666666666668,-0.3033782285611949,1.5023338666661301,-0.5370033685480101,-0.984146697770434,-0.5985385978031726
25.8,-0.2909458174677886,1.4793871548069835,-0.54406422172391,-0.7071325108584208,-0.5985392925913166
25.808333333333334,-0.278753718164782,1.4449318978333463,-0.5487385095531067,-0.4119608308228768,-0.5985398745511115
25.816666666666666,-0.2668914077260532,1.4004633826065451,-0.5508891020036809,-0.10196729607901658,-0.5985403765462451
25.825,-0.2554370688539574,1.3472003957677054,-0.5504049660522432,0.21991752685496027,-0.5985408285097852
25.833333333333332,-0.24445975190695826,1.2861250238647928,-0.5471979599416201,0.5511179686919987,-0.5985412614419517
25.841666666666665,-0.2340211118626392,1.2180404618277172,-0.541200181138904,0.889339375461937,-0.5985417230536876
25.849999999999998,-0.2241766075810957,1.1436445219068383,-0.5323620034453725,1.232470900613358,-0.5985422820088444
25.858333333333334,-0.21497601424752644,1.0636193946464005,-0.5206510526268064,1.5784605436393648,-0.5985430279423231
25.866666666666667,-0.2064631402700856,0.9787326704510034,-0.5060523007441238,1.9251717409397175,-0.5985440704220212
25.875,-0.19867465631583528,0.8899494176240346,-0.48856943438630235,2.2702208153105734,-0.5985455365663523
25.883333333333333,-0.19163794534315987,0.7985548361231092,-0.4682276601757515,2.6107947024593012,-0.5985475668523114
25.891666666666666,-0.18536789644402743,0.7062841165853191,-0.445078100708104,2.943452816860313,-0.5985503084951718
25.9,-0.17986261732241554,0.6154497210239873,-0.41920386360239215,3.263927237535324,-0.5985539057036029
25.90833333333333,-0.17509816342179957,0.5290455577437018,-0.3907276799165352,3.566953052746703,-0.5985584862365225
25.916666666666668,-0.1710226115762111,0.4507929586731286,-0.35982064484777704,3.8461850546883687,-0.5985641441972678
25.925,-0.1675501612847855,0.3850789224870062,-0.32671101844391226,4.094281716678552,-0.5985709200989456
25.933333333333334,-0.16455639052110646,0.33673241319567515,-0.2916913124185513,4.303246639755032,-0.5985787809831589
25.941666666666666,-0.16187618414040963,0.3106044517027255,-0.25512122977272494,4.465086631631557,-0.5985876054124051
25.95,-0.15930592948698677,0.3109742295306933,-0.21742386864515156,4.57275395231969,-0.5985971794616596
25.958333333333332,-0.15661104366681905,0.3408886709976345,-0.17907343804583326,4.6212003106306545,-0.5986072089271892
25.966666666666665,-0.1535386676069037,0.401616165360167,-0.14057472221657852,4.608248904026654,-0.5986173489319906
25.974999999999998,-0.14983377691450125,0.49239842760819014,-0.10243711113652484,4.5349848280526714,-0.5986272459494252
25.983333333333334,-0.14525575518042538,0.6105907944490512,-0.06514797146171997,4.405518321759282,-0.5986365821215465
25.991666666666667,-0.13959232819129033,0.7521340575339962,-0.029150348601741538,4.22621743613045,-0.5986451108337539
26.0,-0.13266875453923785,0.9121880444872125,0.005171668926605267,4.004690757781981,-0.5986526763867646
26.008333333333333,-0.1243517346559609,1.0857374168176916,0.03749916619380462,3.748829844394511,-0.5986592167012585
26.016666666666666,-0.11454886307200632,1.268041488506906,0.0675776515915417,3.466116607813687,-0.598664752881368
26.025,-0.10320515350823717,1.4548864844311165,0.09521189526606616,3.1632567182112257,-0.598669371403385
26.03333333333333,-0.09029821939222528,1.6426631887657577,0.12025893933887043,2.846094611735379,-0.5986732040803211
26.041666666666668,-0.07583336150802893,1.8283206330088526,0.14262127142670775,2.519722236762341,-0.5986764091633856
26.05,-0.05983937838470052,2.0092465589837003,0.1622414076591609,2.1886958760020394,-0.5986791551558042
26.058333333333334,-0.04236553877642649,2.1831133398472273,0.17909850202561914,1.857296981595416,-0.5986816076788424
26.066666666666666,-0.023479888675221904,2.3477152184284162,0.1932071608394649,1.5297950304187595,-0.598683919100923
26.075,-0.003268888016176433,2.5008145149942638,0.20461835564256653,1.2106841994043602,-0.5986862204621111
26.083333333333332,0.018161761123166687,2.6400120957445847,0.21342211505482864,0.9048693899208243,-0.5986886153161822
26.091666666666665,0.040685367941942226,2.7626598136239364,0.21975145846636251,0.6177728144021954,-0.598691175330547
26.099999999999998,0.06415202740702546,2.8658371771039746,0.22378676267043054,0.35532467636887455,-0.5986939377318647
26.108333333333334,0.08838655374206808,2.946416785941498,0.22575942801174403,0.1237980302256883,-0.5986969048819287
26.116666666666667,0.11318739850363901,3.001237106727487,0.2259534101946579,-0.070540990862719,-0.5987000463407415
26.125,0.13832745859552137,3.0273803678565967,0.224703078605,-0.22195913815423882,-0.5987033042236765
26.133333333333333,0.16355753923770633,3.022524051406072,0.2223861410786827,-0.3259003801486794,-0.5987066013529639
26.141666666666666,0.1886128157112894,2.985292733245954,0.2194111299526766,-0.3796172274261787,-0.5987098479900855
26.15,0.213221880603714,2.915511339065358,0.21620030270706347,-0.3826130725879309,-0.598712950759799
26.15833333333333,0.237117207930068,2.8142821481887785,0.21317013232140797,-0.33676157685460095,-0.5987158238802842
26.166666666666668,0.2600454058001903,2.6838581049304056,0.21071234641381392,-0.2460580385736106,-0.59871839968575
26.175,0.28177568036576217,2.5273517931295295,0.20917835547963937,-0.11607561751545094,-0.5987206356250689
26.183333333333334,0.30210548332438697,2.3483669321301934,0.20886891378747172,0.04671729423479222,-0.598722516292977
26.191666666666666,0.32086310315632194,2.150648109149694,0.2100294418563589,0.23560666737104896,-0.598724051335311
26.2,0.33790766306254655,1.9378155401398842,0.2128501759542669,0.44412963890359675,-0.5987252734683624
26.208333333333332,0.3531273540108826,1.7132087222769679,0.21746966035522058,0.6663759894621727,-0.5987262357909209
26.216666666666665,0.36643682441228104,1.479837594179871,0.22397991660362487,0.8970938089982702,-0.5987270073595335
26.224999999999998,0.37777452830800384,1.240416641719462,0.23243182103531818,1.1316422013775758,-0.5987276682573214
26.233333333333334,0.38710060415223196,0.9974535494629213,0.24283962519025404,1.3658409635225977,-0.5987283044686096
26.241666666666667,0.39439563004138306,0.7533670647054043,0.2551839528038577,1.5957620949026927,-0.5987290026403306
26.25,0.39966040893080484,0.5106131264750225,0.26941294865033016,1.8175004496246299,-0.5987298446808577
26.258333333333333,0.40291677451295693,0.2718006015062093,0.28544154495144364,2.026956813065226,-0.5987309021082798
26.266666666666666,0.4042092510544343,0.039776992908324246,0.30314909143741264,2.2196683280472267,-0.5987322301438778
26.275,0.40360722500738866,-0.18233829474569405,0.32237590720127746,2.390726230103615,-0.5987338619614306
26.28333333333333,0.40120709543135413,-0.3911966262927487,0.3429196557801321,2.5348233552821733,-0.598735806514619
26.291666666666668,0.3971336572576427,-0.5833646216777153,0.36453282185944086,2.646476509044555,-0.5987380478142039
26.3,0.39153984918948403,-0.7555694474125138,0.3869227965412571,2.7204263974675054,-0.5987405411890713
26.308333333333334,0.38460412198307714,-0.9050175851434783,0.4097559032337257,2.7521717698980788,-0.5987432128659
26.316666666666666,0.37652504622284105,-1.0297254501873683,0.4326660965692106,2.7385346776109256,-0.5987459650839918
26.325,0.3675134133749607,-1.1287754634994849,0.45526799661753475,2.678110170252008,-0.5987486867021778
26.333333333333332,0.35778279780874406,-1.202418914322302,0.477172699650875,2.571464735570383,-0.5987512674014285
26.341666666666665,0.3475400428837242,-1.2519904556584738,0.49800394017014377,2.421019963449622,-0.5987536121851298
26.349999999999998,0.3369771756953001,-1.2796597825936507,0.5174120730288782,2.2306603355123418,-0.5987556527193254
26.358333333333334,0.3262658262681578,-1.2880932589129142,0.5350840364426839,2.0051846654881493,-0.5987573532312341
26.366666666666667,0.31555454061498533,-1.2801111829527005,0.5507485931788494,1.7497438542792587,-0.5987587105191009
26.375,0.3049687274475443,-1.2584066971417307,0.5641772325022714,1.4693756001313865,-0.5987597492052108
26.383333333333333,0.29461256921141443,-1.2253577737608912,0.5751818034451108,1.168689211760181,-0.5987605141364287
26.391666666666666,0.2845721025707524,-1.182932670084499,0.5836101649993052,0.8517017923970869,-0.598761061802856
26.4,0.2749187560138596,-1.1326709985688792,0.5893410057000512,0.521796503427917,-0.5987614521413721
26.40833333333333,0.2657128114632733,-1.0757170577354753,0.5922786899506743,0.18176438876153636,-0.5987617414802574
26.416666666666668,0.2570064438878792,-1.012884948397192,0.5923486800550001,-0.16610384288832825,-0.5987619769665311
26.425,0.24884612426516395,-0.9447454276439259,0.5894938772304843,-0.5198897257801905,-0.5987621993641996
26.433333333333334,0.24127426105120764,-0.87171710581996,0.5836720818304248,-0.8779165346036746,-0.5987624636304247
26.441666666666666,0.23433009548126454,-0.7941578713070053,0.5748544874983836,-1.2386234905880342,-0.5987628468602771
26.45,0.22804978611521015,-0.7124674546793942,0.5630253139467813,-1.600419644266352,-0.5987634481728199
26.458333333333332,0.2224656021325539,-0.6271990967491757,0.5481827179337799,-1.961522630022422,-0.5987643874838224
26.466666666666665,0.21760413821756075,-0.5391831628078442,0.5303411304739487,-2.3197766375057993,-0.598765802879432
26.474999999999998,0.21348344300447297,-0.4496642628314109,0.509535213251058,-2.672445579522514,-0.5987678459805444
26.483333333333334,0.21010895674431837,-0.3604488022926238,0.48582563463577727,-3.0159847323808986,-0.5987706744889656
26.491666666666667,0.20746821414393593,-0.27405067446184517,0.4593067825046459,-3.3458090422655,-0.5987744410055597
26.5,0.20552442930124096,-0.19380773399503565,0.43011628323511614,-3.6561011170630455,-0.598779277378312
26.508333333333333,0.2042093892492171,-0.12392155731513678,0.3984457016936646,-3.939735594979984,-0.5987852745386995
26.516666666666666,0.20341656226866825,-0.06935401436915321,0.36455101527790634,-4.188429055800702,-0.5987924592976521
26.525,0.20299591129964684,-0.03551135909635102,0.3287604883002135,-4.393231101872387,-0.5988007719417119
26.53333333333333,0.2027523672376347,-0.027681772781649988,0.2914767876066001,-4.545416040499119,-0.5988100510750153
26.541666666666668,0.20244987302969084,-0.050279292714343574,0.2531702202501805,-4.637692196198281,-0.5988200334075907
26.55,0.2018219817876942,-0.10606438554570606,0.21436146809941664,-4.665452157790951,-0.598830374061052
26.558333333333334,0.20058818957121907,-0.19558956884982748,0.17559513619797015,-4.627657642504409,-0.5988406867068917
26.566666666666666,0.19847317943419218,-0.3170791662797564,0.13740870911656602,-4.527017674857148,-0.598850594827227
26.575,0.19522502989946197,-0.4667883195694033,0.10030332842551024,-4.369390293804132,-0.5988597803693076
26.583333333333332,0.19062889591991722,-0.6396933799425513,0.06472201430322136,-4.16265619017109,-0.5988680174954433
26.591666666666665,0.18451441394109772,-0.8302654605496983,0.031038052219134048,-3.9154749740590686,-0.5988751858932346
26.599999999999998,0.17675709514240537,-1.0331120699327456,-0.00044704327090959234,-3.6362749436875084,-0.5988812656666511
26.608333333333334,0.16727532702499437,-1.2433819147401786,-0.029498761310422523,-3.3326414640182636,-0.5988863202706164
26.616666666666667,0.15602501393722945,-1.4569332278661626,-0.055941402497706696,-3.011094516262534,-0.5988904744650971
26.625,0.14299360914425144,-1.67032306929441,-0.0796493139953892,-2.677153648323135,-0.5988938923657755
26.633333333333333,0.12819474157029442,-1.880685952529327,-0.10053945158617562,-2.3355734818486598,-0.5988967582320246
26.641666666666666,0.11166411883073847,-2.0855563520368894,-0.11856628508926402,-1.9906582388949172,-0.5988992607546868
26.65,0.09345701451179358,-2.282670446503029,-0.13371944156205748,-1.64659698922987,-0.598901580555954
26.65833333333333,0.07364741768442552,-2.469768194036481,-0.14602410459955295,-1.3077854314330806,-0.5989038802334542
26.666666666666668,0.05232877767692948,-2.6444108652779152,-0.15554395389358983,-0.9791097426234014,-0.5989062963186708
26.675,0.02961614746706771,-2.803831245807252,-0.16238621726630176,-0.6661640383483451,-0.5989089327784664
26.683333333333334,0.0056493551510935405,-2.9448417522815777,-0.16670811714270917,-0.3753590672559525,-0.598911856043112
26.691666666666666,-0.019403418844271263,-3.063835406782745,-0.16872357014092115,-0.11386342819463409,-0.5989150919053648
26.7,-0.04534259540263621,-3.1569182307545525,-0.16870847300338518,0.11068664795615506,-0.5989186249348434
26.708333333333332,-0.07193589401199885,-3.220197011968433,-0.1670024615799474,0.2907455458803795,-0.5989224024215526
26.716666666666665,-0.09892006811986989,-3.250215666872257,-0.16400492565826477,0.4196695880664562,-0.5989263417455809
26.724999999999998,-0.12600666258768775,-3.2444642757547246,-0.1601636364860108,0.4926421537164743,-0.5989303352760055
26.733333333333334,-0.15289185324398813,-3.2018256167409183,-0.15595602293068128,0.5074704970003431,-0.598934260035637
26.741666666666667,-0.1792692472719413,-3.1228177438107245,-0.1518652177267245,0.4650065566086524,-0.5989379928946004
26.75,-0.20484351379012813,-3.009543819360725,-0.1483547569213429,0.3690378650381814,-0.5989414271062102
26.758333333333333,-0.22934239346338856,-2.865365214336612,-0.14584635475785068,0.2256802141683744,-0.5989444852775218
26.766666666666666,-0.2525251993393893,-2.6944103514859337,-0.1447041541530061,0.04247380443017938,-0.5989471254403919
26.775,-0.27418706137552273,-2.501068577546408,-0.14522681430344875,-0.17255044513832885,-0.5989493398466248
26.78333333333333,-0.29415933307830056,-2.289589960717722,-0.14764670829904394,-0.41161702842211706,-0.5989511516809224
26.791666666666668,-0.3123072941237661,-2.0638389796123375,-0.15213422021010772,-0.6676792526257362,-0.5989526137291145
26.8,-0.3285264553384354,-1.8272029407214163,-0.15880481405829028,-0.9346144728342667,-0.598953803893659
26.808333333333334,-0.34273864058930725,-1.5826225871479136,-0.1677267443333394,-1.207195860545258,-0.5989548193030172
26.816666666666666,-0.3548886808134827,-1.3327016803184817,-0.17892786651732387,-1.4809164114876994,-0.5989557700547663
26.825,-0.36494222291900924,-1.0798598754918447,-0.19240058916176014,-1.7517279434686446,-0.5989567727805452
26.833333333333332,-0.37288489993476875,-0.826502919696765,-0.20810446172403427,-2.015741131168341,-0.5989579439546387
26.841666666666665,-0.37872292306280153,-0.5751907103411139,-0.22596622237447256,-2.2689211901067208,-0.598959392702923
26.849999999999998,-0.38248500087462917,-0.328784312081923,-0.24587740563773622,-2.5068125977893017,-0.5989612128505813
26.858333333333334,-0.38422531457361736,-0.09054766595165992,-0.26768991968730926,-2.7243353589173287,-0.5989634741342276
26.866666666666667,-0.3840270411588556,0.1358286656191378,-0.29121041803104986,-2.9157100292211164,-0.5989662130157012
26.875,-0.38200562274276345,0.34631830336359454,-0.3161948085972634,-3.074576650890889,-0.5989694263402655
26.883333333333333,-0.37831067389184275,0.5367996971255532,-0.3423447874312587,-3.194369851202162,-0.5989730691368009
26.891666666666666,-0.3731252464778353,0.7034441074283683,-0.3693086039445876,-3.2689511059077567,-0.5989770511456795
26.9,-0.36666143063416057,0.8431929184898354,-0.3966878758388888,-3.2934051327501677,-0.5989812392627061
26.90833333333333,-0.35915198077826793,0.954211447926915,-0.4240510982826309,-3.2648116392301336,-0.5989854693272505
26.916666666666668,-0.3508387501746641,1.0361786191900253,-0.4509526483903599,-3.1827540937914427,-0.5989895660260265
26.925,-0.3419597817460084,1.0903091816847417,-0.4769542689386184,-3.0493872248518716,-0.5989933664262362
26.933333333333334,-0.3327374022696008,1.119097887136231,-0.5016451316641987,-2.8690398226652056,-0.5989967410128869
26.941666666666666,-0.32336932891537934,1.1258730999861961,-0.5246571043000525,-2.6474950267364825,-0.5989996071394432
26.95,-0.3140238165315317,1.1142967120996938,-0.5456734597430536,-2.3911749236262385,-0.5990019328296468
26.958333333333332,-0.30483875823049483,1.087931651137676,-0.5644311211171376,-2.106431647494202,-0.5990037320811188
26.966666666666665,-0.29592385727837167,1.0499430896439574,-0.5807178630461118,-1.7990555498668583,-0.5990050547244442
26.974999999999998,-0.28736468444843943,1.0029424600861787,-0.5943663989188674,-1.4740159425915997,-0.5990059741520694
26.983333333333334,-0.27922752616701707,0.9489475762289141,-0.605247134547261,-1.1353902247898118,-0.5990065754185854
26.991666666666667,-0.2715642149434506,0.8894203501645033,-0.613260894657454,-0.7864176295316208,-0.5990069450936486
27.0,-0.2644164455144516,0.8253475174364878,-0.618332412864142,-0.4296205052365231,-0.5990071633219323
27.008333333333333,-0.25781932749828235,0.7573400116675413,-0.620404968574496,-0.06695317732590293,-0.5990072979754466
27.016666666666666,-0.25180408186862235,0.6857381468029045,-0.619436299936588,0.3000417203985191,-0.5990074013314538
27.025,-0.24639983871272025,0.6107211602754814,-0.6153958617185001,0.6700686474011855,-0.5990075230468808
27.03333333333333,-0.24163456299982583,0.5324052522475224,-0.6082633576946926,1.0419418624174444,-0.5990077326483674
27.041666666666668,-0.23753516618114914,0.450944882803917,-0.5980284015212985,1.4144432228836294,-0.59900812290552
27.05,-0.23412672977393115,0.36664422974958105,-0.5846914448212885,1.7861614989266172,-0.5990088089765451
27.058333333333334,-0.2314307519200661,0.28008106021229934,-0.5682661263759159,2.1553104224311443,-0.5990099263638813
27.066666666666666,-0.2294622948300748,0.19224709593793993,-0.5487832554397893,2.5195174645691565,-0.5990116270744323
27.075,-0.22822589153247322,0.10470485929025539,-0.5262966865010739,2.8755817237336685,-0.599014073129402
27.083333333333332,-0.2277101028853564,0.019752251559909808,-0.5008913042659013,3.219213377288993,-0.5990174263752146
27.091666666666665,-0.22788074777428624,-0.05942929781354081,-0.4726931372667681,3.544792432460483,-0.5990218335734591
27.099999999999998,-0.22867312048637312,-0.12868994841657808,-0.44188115501593134,3.8452222427454865,-0.599027406364695
27.108333333333334,-0.22998401111942104,-0.18296310710704125,-0.408699487969407,4.111997651813565,-0.5990341968008134
27.116666666666667,-0.23166502531848585,-0.21653941047295577,-0.3734676877390032,4.3356303212436655,-0.5990421715040214
27.125,-0.2335193479802703,-0.22362441671266942,-0.33658555840428067,4.506535377065896,-0.5990511913519642
27.133333333333333,-0.23530429127165556,-0.19915399996150646,-0.2985287382409386,4.61634032605687,-0.5990610057475134
27.141666666666666,-0.23674118426403087,-0.1397009383179974,-0.2598324716617196,4.659344950960964,-0.5990712691836377
27.15,-0.23753222508849503,-0.04418722984657885,-0.2210641823232768,4.633663520332648,-0.5990815812138856
27.15833333333333,-0.23738145895288845,0.0858736854672203,-0.18278949362671973,4.541596975243508,-0.599091541128787
27.166666666666668,-0.2360153864476719,0.24670349869578226,-0.14553904797088915,4.389077352407048,-0.5991008022274207
27.175,-0.23319890359374873,0.43301209294964715,-0.10978309778035578,4.184426607686817,-0.5991091121117988
27.183333333333334,-0.2287441860588782,0.6388857393128682,-0.07591763350627663,3.936915152843665,-0.5991163304144228
27.191666666666666,-0.22251258907196766,0.8585395803500941,-0.044261745621034625,3.6555649615143966,-0.5991224252183575
27.2,-0.21441137320402384,1.0867963176426714,-0.015063090757461707,3.348417371729498,-0.5991274554817139
27.208333333333332,-0.20438763414829095,1.3192859702160074,0.011492527857484565,3.0222639912518354,-0.5991315475640134
27.216666666666665,-0.1924215031324391,1.552435196825345,0.03527086192113907,2.682719134549341,-0.5991348717906093
27.224999999999998,-0.17852002257952637,1.7833286917456592,0.05618044727528981,2.334492348194963,-0.5991376220944105
27.233333333333334,-0.1627124767398591,2.009507226920344,0.07416654460215867,1.9817522214596983,-0.5991399995385909
27.241666666666667,-0.14504752345370758,2.228742137986944,0.08920825007134459,1.628515484106851,-0.5991421992895699
27.25,-0.12559222506555726,2.4388075987118696,0.10131882606704047,1.279026587921336,-0.5991444001715787
27.258333333333333,-0.10443293958430272,2.63726400464522,0.11054907951986834,0.9381060511606926,-0.5991467559813461
27.266666666666666,-0.08167791917035687,2.8212681318973787,0.11699342656696024,0.6114412193352837,-0.5991493880425908
27.275,-0.057461291882893555,2.9874366794484675,0.1207979914083639,0.30577398572309933,-0.5991523789041343
27.28333333333333,-0.031947817019374165,3.1318053718256373,0.12216959897309333,0.028913430591131713,-0.5991557675526189
27.291666666666668,-0.005337398676528863,3.249936707043855,0.12138383119385011,-0.21051619573677205,-0.5991595472440736
27.3,0.022132082017511608,3.337222316141082,0.11878961207434922,-0.4036675470046998,-0.5991636698755392
27.308333333333334,0.0501853464932782,3.389395023964451,0.11480730551489471,-0.5424262921137235,-0.5991680498914189
27.316666666666666,0.07851517986707535,3.403166449758845,0.10991782059889227,-0.6205731426712503,-0.5991725661157777
27.325,0.10679318660782233,3.3768280378367814,0.10464214387587037,-0.6348628163698673,-0.5991770723418527
27.333333333333332,0.13468470375505756,3.31061600641849,0.0995134578023553,-0.5856684345031932,-0.5991814162570964
27.341666666666665,0.1618652390896049,3.2066993206635344,0.09504663280723742,-0.47694485492517213,-0.5991854613309677
27.349999999999998,0.1880351911809603,3.068793278993458,0.09171093602373286,-0.3155183534724812,-0.5991891047526771
27.358333333333334,0.21293025933824636,2.901543888537586,0.08991062738103327,-0.10996157832278723,-0.5991922864067833
27.366666666666667,0.23632647802453038,2.709886436348862,0.08997539656321564,0.13058424889803255,-0.5991949879125418
27.375,0.2580404000963146,2.4985431766712054,0.09215975656474339,0.3973439171909104,-0.5991972272993344
27.383333333333333,0.27792593770506524,2.2717252552578784,0.09664873689222818,0.682482630665742,-0.5991990584589993
27.391666666666666,0.29586954596224824,2.033029027828714,0.10356689664246915,0.9793340591558519,-0.5992005674297819
27.4,0.31178521212410854,1.7854829482856274,0.11298802129563393,1.2823539981067917,-0.5992018658406059
27.40833333333333,0.32561025577878644,1.5316865745876955,0.12494365258586812,1.5869019465969967,-0.599203083863712
27.416666666666668,0.33730251167030073,1.2739973809096172,0.13942936090015154,1.8889283373836194,-0.5992043629640117
27.425,0.3468391640390477,1.0147366093431207,0.15640820283862392,2.1846183216349506,-0.5992058483311538
27.433333333333334,0.35421731003136936,0.7563957709662993,0.1758111460847048,2.470024786934491,-0.5992076806074642
27.441666666666666,0.35945619093190684,0.5018273671951615,0.1975344892496931,2.7407194487934423,-0.5992099864100514
27.45,0.36260087014446907,0.2543965065412796,0.22143458248527875,2.9915023621232533,-0.5992128672684488
27.458333333333332,0.3637268886869486,0.018056406663282416,0.2473205830211218,3.216233730895372,-0.5992163870807812
27.466666666666665,0.36294505928846965,-0.2027028892318259,0.2749466199090178,3.4078761980350154,-0.5992205594256207
27.474999999999998,0.3604051212389381,-0.4030849274941333,0.3040055134719883,3.558840349214721,-0.5992253399876561
27.483333333333334,0.35629659884489295,-0.5784275757314575,0.3341268701343583,3.661690348937483,-0.5992306227527764
27.491666666666667,0.35084524644214443,-0.7248059885650125,0.3648823573333534,3.7101365962274766,-0.5992362401911646
27.5,0.3443042304671881,-0.8396635205584594,0.3957997263128004,3.700093718686122,-0.599241975995594
27.508333333333333,0.3369406166162198,-0.9222732904437467,0.4263847833644209,3.6304721990661175,-0.5992475907072852
27.516666666666666,0.3290193502426275,-0.9738572524496273,0.45614776957608516,3.503408559005375,-0.59925285462256
27.525,0.3207879010078533,-0.9973127828725749,0.48462891144218107,3.3238435627766227,-0.599257578907522
27.53333333333333,0.3124645063972014,-0.9966501598552694,0.5114182461004699,3.0986156459389957,-0.5992616366188391
27.541666666666668,0.3042316444091363,-0.9763341802649672,0.5361669682180489,2.835389303735561,-0.5992649697904072
27.55,0.29623474341699263,-0.9407099583616348,0.5585902376494175,2.541717787446842,-0.5992675839445323
27.558333333333334,0.2885849499162301,-0.8936118346356087,0.5784633620148752,2.224404672060209,-0.5992695345847856
27.566666666666666,0.2813643259089452,-0.838167704458587,0.5956140141683808,1.889184548390745,-0.5992709106959195
27.575,0.2746319950250603,-0.7767579042287803,0.6099128976377008,1.540654731063204,-0.5992718189654892
27.583333333333332,0.2684301840606877,-0.7110722178967047,0.6212645622405372,1.1823643572199996,-0.5992723706685024
27.591666666666665,0.2627895547874855,-0.6422163590591613,0.6295993304724319,0.8169806208727922,-0.5992726717457711
27.599999999999998,0.2577335615151272,-0.5708352129337607,0.6348667352787133,0.44647861534288125,-0.5992728157908793
27.608333333333334,0.2532817775958277,-0.4972351471512744,0.6370305320080795,0.07232628091959044,-0.5992728793353989
27.616666666666667,0.24945223112913256,-0.4214996681249114,0.6360651943683787,-0.30434356977876476,-0.5992729196214511
27.625,0.24626278533425186,-0.3436029571480224,0.6319538375542055,-0.6825631203684956,-0.5992729894005403
27.633333333333333,0.24373162632641648,-0.2635092940410582,0.6246874421316022,-1.0613908830565681,-0.5992731615916709
27.641666666666666,0.2418769265446173,-0.18127590607125085,0.6142652168799707,-1.4397673984592618,-0.5992735327851447
27.65,0.24071559898139208,-0.09716813248726087,0.6006962628818404,-1.8163482444046188,-0.5992742220609147
27.65833333333333,0.24026103172828442,-0.011789898664514433,0.5840027327670892,-2.189310501504546,-0.5992753685097469
27.666666666666668,0.24051965628391347,0.07376651742962853,0.5642247426549558,-2.556124838734083,-0.5992771267575477
27.675,0.24148618978055125,0.15775307475615824,0.5414273280620809,-2.9132943480721947,-0.5992796596977327
27.683333333333334,0.24313745180355742,0.2375949306296105,0.5157096509172542,-3.256081107789437,-0.5992831271109601
27.691666666666666,0.24542484427714395,0.3097480258968362,0.4872163718866142,-3.578271909209071,-0.599287668744729
27.7,0.24826596083913433,0.3696450584413873,0.4561504918950135,-3.8720803458133704,-0.5992933817691428
27.708333333333332,0.25153640866545446,0.4118164594102334,0.4227859569520945,-4.128327985053253,-0.5993002942595823
27.716666666666665,0.2550636938491899,0.43027806282601727,0.3874770469725915,-4.337057562457815,-0.5993083394302158
27.724999999999998,0.2586256323994787,0.41922888822934923,0.3506605406753107,-4.488652955326361,-0.5993173388007423
27.733333333333334,0.2619556532300768,0.3739810611808612,0.3128467793618516,-4.575340377989216,-0.599327003958451
27.741666666666667,0.2647560418651727,0.2918843338433431,0.27459790632192654,-4.592680472114241,-0.5993369631748738
27.75,0.2667177202926905,0.17291615984421446,0.2364955980314156,-4.540509171175133,-0.5993468102040688
27.758333333333333,0.26754262770229337,0.019692276311795036,0.19910476497668061,-4.422926144042903,-0.5993561622898856
27.766666666666666,0.2669636761311414,-0.16310228302606392,0.16294145553828876,-4.247338075590956,-0.5993647099043014
27.775,0.2647583495461796,-0.3696157783028776,0.12845132045107902,-4.0229712581245725,-0.5993722474878564
27.78333333333333,0.2607545374748409,-0.5937398352465612,0.09600077138497189,-3.759396848262206,-0.5993786827405798
27.791666666666668,0.25482964424513843,-0.8297859960011413,0.06587891747603057,-3.465462487915304,-0.5993840260332899
27.8,0.24690536272270763,-1.072848989569756,0.03830620039870389,-3.1487524417354495,-0.5993883691142443
27.808333333333334,0.23694060409600906,-1.318899076016316,0.013445563868203616,-2.8154960311346477,-0.5993918610029509
27.816666666666666,0.22492447990544137,-1.5646925988501366,-0.008586946092724866,-2.47076931719299,-0.5993946858032334
27.825,0.2108704906336498,-1.8075836301816701,-0.027713977997033668,-2.1188488316074117,-0.5993970443163216
27.833333333333332,0.1948124917785139,-2.0452926795398807,-0.04389190965949196,-1.7636233745649876,-0.599399139483381
27.841666666666665,0.17680265407721082,-2.2756627936588854,-0.05710937080180876,-1.4090137190393544,-0.5994011648371858
27.849999999999998,0.15691145427777103,-2.496417963590281,-0.06738920705421171,-1.0593758210279602,-0.5994032949695585
27.858333333333334,0.135229631093693,-2.7049353086450965,-0.07479367103339216,-0.7198682856896705,-0.5994056772217699
27.866666666666667,0.11187192050655867,-2.8980502139886424,-0.07943242030316051,-0.3967509934442529,-0.5994084241963854
27.875,0.08698216020020984,-3.071930285997778,-0.08147251388159472,-0.09755285869185495,-0.5994116071811044
27.883333333333333,0.06073896991420668,-3.222073728696338,-0.08114893859184596,0.1689867360307597,-0.5994152512196509
27.891666666666666,0.03336070462245295,-3.343496310260603,-0.07877333063761077,0.3933107390346628,-0.5994193360758318
27.9,0.005107846466490635,-3.431165273026204,-0.07473765518774099,0.5658722705686425,-0.5994237998282975
27.90833333333333,-0.023719203266877452,-3.4806550530917413,-0.06950928349500955,0.678343818516152,-0.599428536065474
27.916666666666668,-0.05278829680101093,-3.48889320259771,-0.06361518016629045,0.7249686249902239,-0.59943339872625
27.925,-0.08174955603926905,-3.4547751802587037,-0.05761556159633521,0.7036624538941766,-0.5994382186689097
27.933333333333334,-0.11025314033031258,-3.37941833267418,-0.05207086860982902,0.6164608753563987,-0.5994428282122068
27.941666666666666,-0.13796719543780372,-3.265949523948043,-0.0475084947162398,0.46912764934368517,-0.599447085868851
27.95,-0.16459232637148094,-3.118912412415053,-0.044395848973568464,0.2700778218905402,-0.5994508933443365
27.958333333333332,-0.1898703007965262,-2.943517562653809,-0.04312390986563221,0.029011393714724748,-0.5994542007256864
27.966666666666665,-0.2135866806874591,-2.7449686378552913,-0.04400189151705984,-0.2443272690080567,-0.5994570013173999
27.974999999999998,-0.2355687005091833,-2.5280083271349665,-0.04726074130474316,-0.5410048490746797,-0.599459327586098
27.983333333333334,-0.2556803667724564,-2.2967013792909867,-0.05306200029089232,-0.8533377309180469,-0.5994612516527733
27.991666666666667,-0.27381662114017385,-2.054418054378062,-0.06150876221966371,-1.1749710406301113,-0.5994628798350061
28.0,-0.2898979712471211,-1.8039509391923496,-0.072656182851555,-1.5007127147060815,-0.5994643454009712
28.008333333333333,-0.303866430365119,-1.5477038958640006,-0.0865199714372284,-1.8262297673846966,-0.599465800964131
28.016666666666666,-0.3156831872590484,-1.28791338309157,-0.10308203134949925,-2.14767661182113,-0.5994674106166982
28.025,-0.3253281728980201,-1.0268796517367587,-0.12229286621837494,-2.46129530658213,-0.5994693414828579
28.03333333333333,-0.3328015457166496,-0.767193827264553,-0.14407062484310268,-2.7630124064528636,-0.5994717540841364
28.041666666666668,-0.33812699933912116,-0.5119447924572588,-0.16829686335094995,-3.048060099358061,-0.5994747908140189
28.05,-0.3413566171749809,-0.26487726134711004,-0.19480940985388212,-3.3106704012312225,-0.5994785620417015
28.058333333333334,-0.3425766796399556,-0.030452431419804173,-0.22339326096714376,-3.5439256202988902,-0.5994831300963819
28.066666666666666,-0.3419133424235433,0.18625539916596187,-0.25377127789133247,-3.7398803718936517,-0.599488492993489
28.075,-0.3395365395868723,0.3798906768136183,-0.2855974375067304,-3.8900692165431994,-0.5994945740138242
28.083333333333332,-0.33566005068186483,0.545402307719321,-0.31845614010547185,-3.986448704332514,-0.5995012181602684
28.091666666666665,-0.330535878469428,0.6787987842343323,-0.35187079053985687,-4.022641008337482,-0.5995081968109895
28.099999999999998,-0.3244422862262395,0.777873946868453,-0.38532291288692067,-3.9951500810845504,-0.5995152292039881
28.108333333333334,-0.31766680302551187,0.8426479116474318,-0.41827978404384625,-3.904120679328633,-0.5995220190047192
28.116666666666667,-0.31048742689167247,0.8753421305711088,-0.45022531987350917,-3.753331049678313,-0.5995282965360043
28.125,-0.30315602518112394,0.8798957762042122,-0.48068760019409323,-3.549423805482875,-0.5995338543032279
28.133333333333333,-0.295887058076824,0.8612133823593987,-0.5092578226617508,-3.3006867072425226,-0.5995385666804346
28.141666666666666,-0.2888527986514854,0.8243981089873827,-0.5355987002587244,-3.0158048695203483,-0.599542391653291
28.15,-0.28218430410627415,0.7741600673973307,-0.5594434999674277,-2.7028986747320394,-0.5995453587532719
28.15833333333333,-0.2759763047726418,0.7144699535765838,-0.5805887225875273,-2.368963255616898,-0.599547549925568
28.166666666666668,-0.27029402426693616,0.6484325165492297,-0.5988836703443587,-2.019666310084865,-0.5995490792980072
28.175,-0.2651803708647793,0.5783116341307462,-0.6142194345036484,-1.65939056025432,-0.5995500755094032
28.183333333333334,-0.260662533023747,0.5056380157838054,-0.6265188507993592,-1.2914067156645852,-0.5995506680253131
28.191666666666666,-0.2567575161327954,0.4313490244617888,-0.6357281393981296,-0.918094067485234,-0.59955097741258
28.2,-0.2534764890911848,0.3559311237202999,-0.6418104051434886,-0.5411609698759497,-0.5995511088656409
28.208333333333332,-0.25082798311229115,0.27955172210309703,-0.644740895444801,-0.16184442716157163,-0.5995511481172374
28.216666666666665,-0.24882004799467772,0.20217792196507123,-0.6445038182623894,0.2189141071183384,-0.5995511591859385
28.224999999999998,-0.24746144637009496,0.12369025992938423,-0.641090585321883,0.6002991822403125,-0.59955119422649
28.233333333333334,-0.24676193686539513,0.04398488050184225,-0.6344993947931714,0.9814763977452001,-0.5995513215860032
28.241666666666667,-0.2467317340763703,-0.03692569914429865,-0.6247359516562366,1.3614525839212326,-0.5995516331554033
28.25,-0.24738006794672354,-0.11879725888082672,-0.6118154719271114,1.7389082538952434,-0.5995522431530901
28.258333333333333,-0.24871271881493343,-0.2010227451880819,-0.5957661938673965,2.1120023055174757,-0.5995532857529184
28.266666666666666,-0.2507283819673292,-0.28248217991060665,-0.5766346558787877,2.4781426369054844,-0.5995549105047859
28.275,-0.2534137080313455,-0.36137632949801907,-0.554493023175889,2.8337258133449397,-0.5995572745916878
28.28333333333333,-0.25673693873353853,-0.43506000200635697,-0.5294486379344818,3.1738702028400065,-0.5995605308493205
28.291666666666668,-0.26064026898148723,-0.49991126530855556,-0.501655633164596,3.492200832543593,-0.5995648105737926
28.3,-0.265031479982202,-0.5513002911336758,-0.4713277793177294,3.7807900664260843,-0.5995702010543358
28.308333333333334,-0.2697760296092404,-0.5837461300523087,-0.4387506777563124,4.030400053839883,-0.5995767197910683
28.316666666666666,-0.2746915456565497,-0.5913484395319385,-0.4042901536134158,4.231172322752339,-0.5995842904918048
28.325,-0.2795471971563624,-0.5685223109532791,-0.3683928074969306,4.373813596511567,-0.5995927291370001
28.333333333333332,-0.28407015498765553,-0.5109343257125383,-0.33157510106765986,4.451111602556346,-0.5996017492242284
28.341666666666665,-0.28795984293083876,-0.41638314736470255,-0.2943998353437785,4.459357348410645,-0.599610991100464
28.349999999999998,-0.2909081553466825,-0.2853003124837037,-0.2574430496794877,4.399138538881463,-0.5996200711019816
28.358333333333334,-0.29262145480708107,-0.12066057191090451,-0.22125825693828396,4.275160023723217,-0.5996286367778138
28.366666666666667,-0.29283941993055634,0.07265451910382889,-0.18634610506950586,4.095172073168616,-0.5996364114310361
28.375,-0.2913472030743157,0.28877014801289946,-0.1531351813061254,3.8684610580887058,-0.59964321802245
28.383333333333333,-0.287979956988401,0.5216894236981962,-0.12197532196404876,3.604434905338281,-0.5996489850448853
28.391666666666666,-0.2826210566901041,0.7659127674788113,-0.09314103671461182,3.3116460442584454,-0.5996537358006145
28.4,-0.27519646203288617,1.0167470019409601,-0.06684086912103482,2.99733829712741,-0.599657567723468
28.40833333333333,-0.265667627744122,1.2703589031298934,-0.043228664979566296,2.6674174291366093,-0.5996606298471779
28.416666666666668,-0.25402471942388866,1.523663134962243,-0.022413864212142982,2.3266893405016495,-0.5996631024713992
28.425,-0.2402811729084131,1.7741227283998628,-0.0044691716135011415,1.9792326328043386,-0.5996651804491119
28.433333333333334,-0.2244700957921599,2.0195126082945993,0.010565125420908233,1.6288205313764532,-0.5996670599209231
28.441666666666666,-0.20664269597722926,2.2576724858229404,0.022680398457676644,1.2793483856013175,-0.5996689276333232
28.45,-0.18686876660392315,2.4862621455112506,0.03190242709015897,0.9352450844071561,-0.5996709518820446
28.458333333333332,-0.16523916119156246,2.7025310145452184,0.0382974424035594,0.601847926494438,-0.5996732743505004
28.466666666666665,-0.14187005855462584,2.903124120077332,0.041981018087758046,0.2857023288387814,-0.5996760025156395
28.474999999999998,-0.11690855748630491,3.08396576834866,0.04312890979543742,-0.005285529172218147,-0.5996792027981286
28.483333333333334,-0.09053870747791443,3.240282502946012,0.04198819310517774,-0.26194879626643114,-0.5996828958758117
28.491666666666667,-0.06298652221636629,3.3668372328805236,0.03888609791197819,-0.4743353642669999,-0.5996870592578126
28.5,-0.03452193997895668,3.458429700387946,0.03423292878584604,-0.6326536899923896,-0.5996916261526739
28.508333333333333,-0.005455637521861337,3.5106143827541443,0.028515421643916638,-0.7285911433453515,-0.5996964816414325
28.516666666666666,0.023870547824674633,3.5204811227643797,0.0222784543235292,-0.7567277236853189,-0.5997014697791152
28.525,0.05309911008539361,3.4872492288877854,0.016096090228579767,-0.7156034881375561,-0.5997064129618469
28.53333333333333,0.08187569852716314,3.4124440794328295,0.010536655217221294,-0.6080321529316064,-0.5997111386012294
28.541666666666668,0.10986734020330068,3.2995814713212246,0.00612892769709618,-0.4405297581935551,-0.5997155043724933
28.55,0.13677637344108118,3.1534899416270656,0.003336082142169293,-0.2220889221478272,-0.5997194140445797
28.558333333333334,0.1623480903394291,2.9795231035852576,0.0025410433938914895,0.03725510045610995,-0.5997228205980878
28.566666666666666,0.18637220241299474,2.782896693082791,0.004043153229138125,0.32764812445475267,-0.5997257200295986
28.575,0.20867977607726235,2.5682719149386224,0.008063298532988011,0.6402104198968415,-0.5997281503283027
28.583333333333332,0.2291377305223501,2.3395817707353666,0.014753840921004065,0.9674038256249615,-0.5997301916870024
28.591666666666665,0.2476427521970683,2.1000534482291617,0.02421005721598563,1.3030460536683708,-0.5997319604181077
28.599999999999998,0.26411595260093235,1.8523524664786657,0.03648067782042097,1.6421005896524763,-0.5997336015432054
28.608333333333334,0.27849902172248764,1.5987896560003125,0.05157611032051618,1.9803449257314887,-0.5997352809534056
28.616666666666667,0.29075223569068975,1.3415548454081565,0.06947362350970236,2.3139804843957084,-0.5997371771570699
28.625,0.30085445275671946,1.082958105688361,0.09011916195584828,2.6392180215740884,-0.5997394721896138
28.633333333333333,0.3088051090450915,0.8256664178032604,0.11342567685287235,2.951859607586462,-0.599742340951709
28.641666666666666,0.3146281141523553,0.5729192358342907,0.13926804942874074,3.246905148504145,-0.5997459381470229
28.65,0.318377351142787,0.3286907995551466,0.16747501317862296,3.518237742539493,-0.599750382268502
28.65833333333333,0.32014312238009585,0.09774344400006126,0.1978190969624921,3.758482792383156,-0.5997557369770334
28.666666666666668,0.3200583229516542,-0.1145046732449478,0.23000656946378842,3.95917282800715,-0.5997619919628386
28.675,0.3183024789003337,-0.3023689987505746,0.26367048855638453,4.111344708667452,-0.5997690491654614
28.683333333333334,0.31510136541726513,-0.46056566718901726,0.2983707286579303,4.206611172451506,-0.5997767201199155
28.691666666666666,0.3107202119037569,-0.5850532359069411,0.33360443753335484,4.2385431337043675,-0.5997847345332964
28.7,0.305449963540606,-0.6738098339441435,0.36882799174751246,4.2039676564550374,-0.59979276755922
28.708333333333332,0.2995883478687401,-0.7272584407181956,0.4034877191000001,4.10369909003544,-0.599800483452244
28.716666666666665,0.29341956616100834,-0.7481583920316905,0.4370531557743399,3.9423928035352174,-0.599807583712363
28.724999999999998,0.28719704545842134,-0.7410061841944564,0.4690455147176551,3.7275858534089434,-0.5998138453540577
28.733333333333334,0.2811324386340722,-0.7111840225950635,0.49905606945405717,3.4683168214639855,-0.5998191398060001
28.741666666666667,0.2753917627840212,-0.6641406685476865,0.52675295161799,3.1737957979478915,-0.5998234315155528
28.75,0.2700975194453383,-0.6047949053646694,0.5518782480157437,2.8524391368012507,-0.5998267620739183
28.758333333333333,0.2653346333925312,-0.537214291372602,0.5742389411970581,2.5113546505446225,-0.5998292278418237
28.766666666666666,0.2611580590779461,-0.46452387895806846,0.5936952030491334,2.1562005677864744,-0.5998309575370118
28.775,0.25760047055340785,-0.38896362741159807,0.6101486021289886,1.7912829448174004,-0.599832093389715
28.78333333333333,0.2546791186961438,-0.3120202500706533,0.6235316780561184,1.4197689638899946,-0.5998327770122133
28.791666666666668,0.25240146455904366,-0.23458272193635898,0.6337994738364223,1.0439332142311868,-0.5998331396595986
28.8,0.25076952091847776,-0.15709380549643415,0.6409230929767056,0.6653926391709304,-0.5998332959565541
28.808333333333334,0.24978299022003514,-0.07968655648167093,0.6448851017437945,0.2853132590935979,-0.5998333400899253
28.816666666666666,0.24944133363303278,-0.0023047402192407367,0.6456765305874149,-0.09541191943702415,-0.5998333436399675
28.825,0.2497448807670723,0.07518500705241996,0.6432952854980659,-0.47599755508658237,-0.5998333593127653
28.833333333333332,0.25069501696275936,0.1528865212126522,0.637745923338605,-0.8556105055497518,-0.5998334475090197
28.841666666666665,0.2522935336616612,0.23077600436381318,0.6290406025348187,-1.233234860489289,-0.5998336913511088
28.849999999999998,0.2545411066038885,0.3085895467602324,0.6172012664859018,-1.6075087721999493,-0.5998341957706284
28.858333333333334,0.2574347747703831,0.3856956118188127,0.6022632989482566,-1.9765342434079012,-0.5998350846608108
28.866666666666667,0.2609642883276758,0.4609511861767109,0.5842808880040123,-2.3376572087944205,-0.5998364960384162
28.875,0.26510720285369044,0.532546386950891,0.5633343291731163,-2.687224556205173,-0.5998385742904184
28.883333333333333,0.2698226852129868,0.5978549841929577,0.5395393639861458,-3.020345518790321,-0.599841458495857
28.891666666666666,0.2750442191204404,0.6533279787812231,0.5130582939583842,-3.330717509709759,-0.5998452660831619
28.9,0.28067180891731447,0.694491878580757,0.48411194046088746,-3.6106175192853174,-0.5998500720355167
28.90833333333333,0.28656488271798275,0.7161322655164803,0.45299052734159684,-3.85119252882949,-0.5998558857832493
28.916666666666668,0.2925377613029458,0.7127348241452351,0.42006045682132603,-4.043169575854129,-0.5998626306982271
28.925,0.298359945373069,0.6791937248537256,0.38576329713791624,-4.178003563214854,-0.5998701336513325
28.933333333333334,0.3037630824072633,0.611675742818462,0.35060393558206693,-4.249279195577729,-0.5998781322484659
28.941666666666666,0.3084549722596781,0.5083970814996231,0.3151273317714884,-4.2539649551788425,-0.5998863030917577
28.95,0.31213867330784756,0.37002800783551193,0.2798871057699906,-4.193048516905443,-0.599894306266482
28.958333333333332,0.31453277759945236,0.1995586764285271,0.24541247358329682,-4.071282407977373,-0.5999018335901476
28.966666666666665,0.31538845546133243,0.001687503048644845,0.2121807605509797,-3.896150160099832,-0.5999086463549201
28.974999999999998,0.31450024500553564,-0.21801856744506726,0.18060037077342667,-3.676474343317089,-0.5999145940768025
28.983333333333334,0.3117099048200724,-0.45390826159094844,0.15100516074019033,-3.421139339999045,-0.5999196179467373
28.991666666666667,0.30690462093484394,-0.7007986854288681,0.12365789456429709,-3.138217830684562,-0.5999237428324699
29.0,0.300011781521169,-0.9542480730553339,0.09875898211735658,-2.834571845099673,-0.5999270596222136
29.008333333333333,0.29099249354446144,-1.2105976618232812,0.0764568473204907,-2.515838161389281,-0.5999297056446226
29.016666666666666,0.27983543341225015,-1.4668628611181707,0.056857302631763716,-2.1866586747290397,-0.5999318468514424
29.025,0.2665519837360862,-1.7205430549245317,0.0400304094615303,-1.8510370071882902,-0.5999336629772746
29.03333333333333,0.2511731284589618,-1.969395359054744,0.02601412165541298,-1.5127445761832508,-0.5999353355367636
29.041666666666668,0.23374829327599628,-2.2111968238470805,0.014814490887769101,-1.1757349031430784,-0.5999370379258466
29.05,0.21434616731682718,-2.4435086910480215,0.006402467405337752,-0.8445430339030943,-0.5999389268079116
29.058333333333334,0.19305743450546436,-2.6634567879183386,0.0007075150771227888,-0.5246454538165641,-0.5999411341714851
29.066666666666666,0.16999918601910094,-2.8675532972850704,-0.002391464645783541,-0.22273617420202343,-0.599943759819206
29.075,0.14532049917962397,-3.0516042056520054,-0.0030769045944425547,0.05315827149518284,-0.5999468645265793
29.083333333333332,0.11920821943175945,-3.210764067132207,-0.001603267478263512,0.2938306471263369,-0.599950465791195
29.091666666666665,0.0918914313599631,-3.3398080621634607,0.0016950476971161375,0.4894321971761333,-0.5999545398899155
29.099999999999998,0.06364258781241536,-3.4336597893238765,0.006402198388866121,0.6304635865629218,-0.5999590184314525
29.108333333333334,0.034773370848362184,-3.488109043444482,0.01202914704645021,0.7090912131839433,-0.5999637856742436
29.116666666666667,0.005624320649062524,-3.500552917142081,0.01803326832505973,0.7204916013620498,-0.5999686871607346
29.125,-0.023450963402162066,-3.470515679440619,0.023847777242271245,0.663790228561534,-0.599973549712835
29.133333333333333,-0.052104281647297496,-3.3997443160911995,0.028915963690735628,0.5422356037281707,-0.5999782073467447
29.141666666666666,-0.08001011311212297,-3.291840260250207,0.03272332265596534,0.36253854844198247,-0.5999825246310839
29.15,-0.10687836172221206,-3.1515768393357733,0.03482152609600876,0.13364029340245587,-0.5999864103665821
29.15833333333333,-0.13246095344143977,-2.984147591307695,0.0348412492576292,-0.1346568218470936,-0.599989819219977
29.166666666666668,-0.15655265406567645,-2.7945584405492054,0.03249439351787532,-0.43281511740350304,-0.5999927476032538
29.175,-0.17898779216038915,-2.5872565680796065,0.027568610888184422,-0.7522768013552723,-0.5999952364252751
29.183333333333334,-0.19963486832693325,-2.3659900284402497,0.01991757955430086,-1.0857739897588414,-0.599997369609836
29.191666666666666,-0.218390796798166,-2.133847800312002,0.009450136008273822,-1.4273138694254228,-0.59999926797467
29.2,-0.23517598225336955,-1.8934096123182282,-0.0038795489398787786,-1.7719613011580861,-0.6000010819725483
29.208333333333332,-0.24993091165108908,-1.6469527034831455,-0.020079469238252975,-2.115510445628394,-0.6000029838130324
29.216666666666665,-0.2626145880519037,-1.3966832676189755,-0.039124289965442934,-2.454101660978554,-0.6000051589252053
29.224999999999998,-0.273204932517286,-1.144975200377724,-0.06095654399104996,-2.783813990908573,-0.6000077962851006
29.233333333333334,-0.2817011637415882,-0.8946037792347075,-0.08548440323011201,-3.100254320810838,-0.6000110768316835
29.241666666666667,-0.28812804402830544,-0.6489556860952541,-0.11257611240942368,-3.398174278967746,-0.6000151591306153
29.25,-0.2925416606346341,-0.4121795827720567,-0.14205154104499257,-3.6711750214959302,-0.6000201618026597
29.258333333333333,-0.2950360140134629,-0.1892171157489227,-0.1736719810089201,-3.9116020081387193,-0.6000261432813776
29.266666666666666,-0.29574909257648246,0.014365119028539285,-0.20713032907778564,-4.1107665918754765,-0.6000330813964602
29.275,-0.294866461591226,0.1928121349630896,-0.2420449296601766,-4.259617685539321,-0.6000408581340999
29.28333333333333,-0.292620044840274,0.34089007509426283,-0.27796100630696974,-4.349880015984362,-0.6000492579426849
29.291666666666668,-0.2892802143038148,0.45474964984664523,-0.3143629517781973,-4.375467912295147,-0.6000579816861488
29.3,-0.28514091491714094,0.5326840037374135,-0.35069811397120587,-4.333746874041505,-0.6000666785960175
29.308333333333334,-0.28049993866366124,0.5754928765227812,-0.3864087443632065,-4.226159857742043,-0.6000749937913887
29.316666666666666,-0.27563843030717183,0.5862950245694213,-0.42096545258674384,-4.057948181788201,-0.6000826182909972
29.325,-0.2708040695145346,0.5698655088459256,-0.45389484722392975,-3.8370876434639176,-0.6000893267610905
29.333333333333332,-0.266200883757023,0.5317575797458308,-0.4847964735469573,-3.572867132689588,-0.6000949942424827
29.341666666666665,-0.26198626513286327,0.47749260947285715,-0.513348086788771,-3.2745778120267772,-0.6000995921358131
29.349999999999998,-0.25827379726511185,0.41199260704966706,-0.5393015444579834,-2.9506000546376216,-0.6001031701800713
29.358333333333334,-0.2551396356643436,0.33929122695802155,-0.5624730116190669,-2.6079451859686857,-0.6001058327469703
29.366666666666667,-0.25263031056297486,0.26246810860938713,-0.5827309462409621,-2.252158786226377,-0.6001077158241365
29.375,-0.25077043835181273,0.18372265173725189,-0.5999842992718153,-1.887446061849276,-0.6001089680424564
29.383333333333333,-0.24956949806867562,0.10451445995656732,-0.6141722550422988,-1.5168995198334676,-0.6001097366611721
29.391666666666666,-0.2490273353310754,0.02572238648409688,-0.6252560095401772,-1.1427508558361061,-0.6001101580365188
29.4,-0.24913835748622698,-0.05220305433404491,-0.6332125987890448,-0.7666069794399264,-0.6001103515763814
29.40833333333333,-0.24989452235693016,-0.12910318481980207,-0.638030573662492,-0.3896563383591862,-0.6001104162617045
29.416666666666668,-0.2512872601448853,-0.20499127583693258,-0.6397072681416685,-0.012845822566983404,-0.6001104288967064
29.425,-0.25330844712304684,-0.27994286161466136,-0.6382474553050346,0.3629590792055267,-0.6001104448739877
29.433333333333334,-0.2559504673005884,-0.3539871432223455,-0.6336633488757203,0.7368134771296436,-0.6001105181532264
29.441666666666666,-0.2592054159829555,-0.42700897248820086,-0.6259758377681223,1.1075569994773973,-0.6001107223459535
29.45,-0.26306345575069534,-0.4986403831553264,-0.6152169130664092,1.473657052420212,-0.6001111509624327
29.458333333333332,-0.26751021215605825,-0.5681392752165381,-0.6014335103662475,1.8330275449364875,-0.6001119141223108
29.466666666666665,-0.27252311313695937,-0.6342577916681716,-0.5846929485693952,2.1828277966732643,-0.6001131333239912
29.474999999999998,-0.278066612862294,-0.6951084271167602,-0.5650900904186523,2.5192539104950744,-0.6001149335135251
29.483333333333334,-0.2840863563193016,-0.7480484570723609,-0.5427561675725725,2.837355615634282,-0.6001174317321025
29.491666666666667,-0.29050258244085114,-0.7896207153766878,-0.5178688217345256,3.1309406216036737,-0.6001207220259139
29.5,-0.2972034592083613,-0.8156071366955819,-0.4906622642518972,3.392659435888187,-0.6001248573126166
29.508333333333333,-0.3040395613207906,-0.8212596885556501,-0.46143560134089023,3.6143778790309895,-0.6001298306351929
29.516666666666666,-0.31082118118348256,-0.8017528232638504,-0.4305565725361196,3.787911154498908,-0.6001355603764024
29.525,-0.3173202919801945,-0.7528360506608812,-0.39845773118882183,3.9060847565777967,-0.6001418854772331
29.53333333333333,-0.3232783893983263,-0.6715625833031155,-0.3656230732160979,3.9639168061032013,-0.6001485758478556
29.541666666666668,-0.3284199983970829,-0.5568810256344949,-0.3325655072481672,3.9595687521623373,-0.6001553589393057
29.55,-0.332469770109037,-0.4098762945497765,-0.29979863873823487,3.894711765693638,-0.6001619570636654
29.558333333333334,-0.3351697365407785,-0.23356576584719246,-0.26780856205911213,3.7741582914845764,-0.6001681251131971
29.566666666666666,-0.3362932539477637,-0.03233647644342033,-0.23703135789179042,3.604909176467366,-0.6001736782437739
29.575,-0.3356534794042311,0.18876426990618242,-0.2078397485087153,3.3949755274931945,-0.6001785041088552
29.583333333333332,-0.33310611107269755,0.42466564115225724,-0.18053919758942874,3.1523407974344226,-0.6001825639401339
29.591666666666665,-0.32854759868700595,0.6707118107073254,-0.15537129501977073,2.884269215710751,-0.6001858868798553
29.599999999999998,-0.3219106589393448,0.9228719283965564,-0.13252126635641698,2.5970031201683765,-0.6001885562187826
29.608333333333334,-0.31315886815453825,1.177761862187085,-0.11212661900218869,2.295774763187638,-0.6001906937845987
29.616666666666667,-0.30228163599223173,1.4325413813962737,-0.09428476756102334,1.9850215419473465,-0.6001924455188472
29.625,-0.2892903587548312,1.6847415652755577,-0.07905835627971938,1.6687102743024338,-0.6001939691503065
29.633333333333333,-0.2742161672545707,1.9320594125378392,-0.06647765476839289,1.3507072936223714,-0.6001954238759264
29.641666666666666,-0.25710944283446224,2.1721417105748566,-0.05653981557740706,1.0351566320337864,-0.6001969615161985
29.65,-0.2380411253777071,2.4023736258329427,-0.04920503987149228,0.7268394438405635,-0.6001987185542285
29.65833333333333,-0.2171057023112712,2.619690497104,-0.044389933633122894,0.431482116076669,-0.6002008086502768
29.666666666666668,-0.19442557021672638,2.8204429525834493,-0.04195868435947484,0.15596014289725613,-0.6002033155560398
29.675,-0.170156142639247,3.000361708851199,-0.04171324466613949,-0.09168301241102804,-0.6002062867885255
29.683333333333334,-0.1444906416549538,3.1546779558068754,-0.04338446242499599,-0.30249762070408687,-0.6002097302815873
29.691666666666666,-0.11766304505427246,3.2784534951388435,-0.046626893241877375,-0.4672637395452752,-0.6002136152790509
29.7,-0.08994736204613352,3.367123458891472,-0.05102054279220234,-0.577501907682395,-0.6002178687311128
29.708333333333332,-0.06165179220416807,3.4171597202288924,-0.056082047915346364,-0.6266885770823313,-0.6002223758470446
29.716666666666665,-0.033107427242855085,3.426682530859206,-0.06128581772740268,-0.6113694669301072,-0.600226990927315
29.724999999999998,-0.004652805477366331,3.395812187703514,-0.06609272397147721,-0.531801157316425,-0.6002315568953194
29.733333333333334,0.02338286365982551,3.3266255455084237,-0.06998125348541503,-0.39188072445619015,-0.6002359278673384
29.741666666666667,0.050694473054016496,3.2227358948530864,-0.0724751146784011,-0.19839464334512893,-0.6002399876089528
29.75,0.07701124649985322,3.0886565759239524,-0.07316267279433647,0.040130742620200166,-0.6002436588150398
29.758333333333333,0.10210149974223566,2.92915887614433,-0.07170645125506815,0.3146035486637553,-0.6002469035554984
29.766666666666666,0.12577261186842875,2.7487813458762327,-0.06784379190919992,0.6162842197635693,-0.6002497260106151
29.775,0.1478677473313723,2.551544146335231,-0.06138130659890906,0.9373503195697066,-0.6002521750146176
29.78333333333333,0.1682610545484136,2.340862925356723,-0.052186132587431246,1.2711084549591187,-0.6002543404989582
29.791666666666668,0.18685279641039748,2.1196084533375115,-0.040176587411520824,1.6119438569974753,-0.6002563477119892
29.8,0.20356538588169804,1.8902558339733193,-0.025313996206438618,1.9551037796071815,-0.6002583502271848
29.808333333333334,0.21834088661856896,1.6550813115526355,-0.007596755590519514,2.2963869685533878,-0.6002605220522188
29.816666666666666,0.23114025664983204,1.4163805323337237,0.012942787854832308,2.6317843141105914,-0.6002630486958306
29.825,0.24194444310627716,1.1766922611845116,0.036238359029108796,2.957098016124835,-0.6002661166718586
29.833333333333332,0.2507573139701808,0.9390126123442097,0.062186596209093954,3.2675642003844962,-0.6002699006989133
29.841666666666665,0.2576102573642915,0.7069757294169248,0.09064089240283407,3.5575190178627025,-0.6002745479198552
29.849999999999998,0.26256800751504816,0.484958605961687,0.12140286896911855,3.820179328996529,-0.6002801590295448
29.858333333333334,0.26573481285881756,0.2780462367739361,0.15421286487714905,4.047646581892137,-0.6002867675079544
29.866666666666667,0.26725947296353864,0.09178332460224632,0.18874183551409665,4.231261713844416,-0.6002943202728883
29.875,0.2673372291213293,-0.06833558659155403,0.22458801054963395,4.362398964000562,-0.6003026654797304
29.883333333333333,0.26620639368415616,-0.19760347695323888,0.2612818986700252,4.433651050037843,-0.6003115548595734
29.891666666666666,0.26413838749561225,-0.292909167604966,0.29830199117425366,4.440151887272992,-0.6003206654196769
29.9,0.2614216301904323,-0.353356946496386,0.3351005994795872,4.380607297761861,-0.6003296375791836
29.90833333333333,0.2583419467114261,-0.38045239803928366,0.37113557168566724,4.257623368885776,-0.6003381237645828
29.916666666666668,0.2551635919241205,-0.37777302023328535,0.4059011998761669,4.077190759688045,-0.6003458346953716
29.925,0.25211477061547116,-0.35025586792689944,0.4389519507514262,3.847538872704898,-0.6003525705536598
29.933333333333334,0.24937979433502344,-0.30336327725411644,0.469915493430361,3.577789096242584,-0.600358231244284
29.941666666666666,0.2470978254623647,-0.24236829582962846,0.49849510378823125,3.276804594988719,-0.6003628081351964
29.95,0.24536659388608217,-0.17188578169167748,0.5244640925766255,2.9524421875767897,-0.6003663644834789
29.958333333333332,0.24424894267256522,-0.09565593390621989,0.5476557552208855,2.611214650278419,-0.6003690121626274
29.966666666666665,0.24378032856483045,-0.01651875045121927,0.5679518755620971,2.2582599320223986,-0.6003708900389654
29.974999999999998,0.24397600970604286,0.06349747813457764,0.5852718040638671,1.8974898486039273,-0.6003721465737514
29.983333333333334,0.24483724455373762,0.14303587389591096,0.5995631558398032,1.5318162939130087,-0.600372927297134
29.991666666666667,0.24635625289531016,0.22125902492619062,0.6107944799329961,1.1633904314719528,-0.6003733664875757
30.0,0.24851993553096693,0.29770491843222135,0.6189498604409653,0.7938242449015551,-0.6003735817815989
