t,th1,w1,th2,w2,energy
0.0,-0.09564323964042305,0.0,-0.9755544970300309,0.0,-0.564956296126303
0.008333333333333333,-0.09610895453030141,-0.11198960637083359,-0.97353133438418,0.4857384865155529,-0.564956296126303
0.016666666666666666,-0.09751701475557073,-0.2266017314820512,-0.9674528300381097,0.9736496830553489,-0.5649562961263027
0.025,-0.0999003064836381,-0.3464924167796518,-0.957291495587016,1.4660118133144628,-0.5649562961263029
0.03333333333333333,-0.1033141066811261,-0.47438506295487975,-0.9430000482211088,1.9653151615510103,-0.5649562961263032
0.041666666666666664,-0.10783678424792033,-0.6131036896886068,-0.9245091976886268,2.474368867834403,-0.5649562961263027
0.05,-0.11357076374587391,-0.765601619467885,-0.9017245589289334,2.9964024001028107,-0.5649562961263018
0.058333333333333334,-0.12064367524801442,-0.934974783169783,-0.8745227920181922,3.535145409292389,-0.5649562961263048
0.06666666666666667,-0.12920947126833549,-1.1244344778263105,-0.8427472911412484,4.094846542645832,-0.564956296126309
0.075,-0.13944897233118012,-1.337184498608936,-0.8062042520418223,4.680142764702284,-0.5649562961262838
0.08333333333333333,-0.1515686185961236,-1.5760864309759737,-0.7646610582309218,5.29558899121257,-0.5649562961263269
0.09166666666666666,-0.16579478953996102,-1.842876786081596,-0.7178512633925485,5.944455218262724,-0.5649562961263743
0.1,-0.18235826571120284,-2.13648526491497,-0.6654951182205484,6.626031308767123,-0.5649562961261474
0.10833333333333334,-0.2014584424765323,-2.4497111556432363,-0.6073530276252725,7.330166777657988,-0.5649562961263952
0.11666666666666667,-0.2231901057837284,-2.76347814141445,-0.5433411338522861,8.027662271485546,-0.5649562961262322
0.125,-0.24741366402640189,-3.039452359197124,-0.4737423371600189,8.657690210944374,-0.5649562961270275
0.13333333333333333,-0.27357651269074224,-3.217516662046922,-0.39950232436559435,9.123020382974014,-0.5649562961256513
0.14166666666666666,-0.3005816116194869,-3.2320777120837616,-0.3224519306203581,9.31663993738159,-0.564956296126184
0.15,-0.3268930752922035,-3.0503246027580726,-0.24513752957167145,9.185367668222833,-0.5649562961252498
0.15833333333333333,-0.35094254413906023,-2.6979163411975486,-0.17015068436611144,8.772548065850083,-0.5649562961268157
0.16666666666666666,-0.371562234758412,-2.2387434865585147,-0.0994162746343934,8.183756301406119,-0.5649562961265124
0.175,-0.388133916945841,-1.7351991616109965,-0.033958221526119534,7.520332906275226,-0.5649562961265453
0.18333333333333332,-0.4004746707690698,-1.2282409051957157,0.025897607078954058,6.846740844050565,-0.5649562961263414
0.19166666666666665,-0.4086535955459653,-0.7385057333266016,0.08021191124244854,6.1932686601158,-0.5649562961263467
0.2,-0.41285341013005133,-0.27387487437231617,0.1292013630248026,5.569208860263111,-0.5649562961264337
0.20833333333333334,-0.41329184044663403,0.1643285593966206,0.17311102035723858,4.97344285994356,-0.5649562961264019
0.21666666666666667,-0.410183569019893,0.5777388175532306,0.2121556410906409,4.400521171346577,-0.5649562961264044
0.225,-0.40372396145959993,0.9691636953071392,0.2464976118146819,3.843646930490326,-0.5649562961264075
0.23333333333333334,-0.39408304321745236,1.341797955094811,0.27624195300730864,3.2959793386335843,-0.564956296126407
0.24166666666666667,-0.3814037278244049,1.6989291208257433,0.30143833481222726,2.751114514145622,-0.5649562961264076
0.25,-0.36580142191326065,2.0438710193682654,0.32208530783842587,2.2031863362463935,-0.564956296126407
0.2583333333333333,-0.34736371760801704,2.379994500114973,0.3381345856125693,1.6468020613486294,-0.5649562961264072
0.26666666666666666,-0.3261496629366335,2.7107902485591877,0.34949448976174746,1.076918285399711,-0.5649562961264081
0.275,-0.3021885116536986,3.039925370029715,0.356032335399892,0.4887198315589333,-0.564956296126404
0.2833333333333333,-0.27547814857728736,3.371257757103665,0.357576023800782,-0.12243746634818099,-0.5649562961264115
0.2916666666666667,-0.2459837534595694,3.7087519566781935,0.3539157404081519,-0.7609225125561642,-0.5649562961264235
0.3,-0.21363792576658505,4.05618778327308,0.3448078006052093,-1.430374655809292,-0.5649562961263652
0.30833333333333335,-0.17834479448454232,4.416446666364721,0.3299849358132236,-2.132528669985365,-0.5649562961264544
0.31666666666666665,-0.13999314573786528,4.789973848622191,0.3091816241745847,-2.8646299087475944,-0.5649562961265278
0.325,-0.09848797241976978,5.171769701978098,0.28219054545612027,-3.6143363963697337,-0.5649562961262362
0.3333333333333333,-0.05381567150497571,5.546256370782608,0.24897612572423597,-4.3510060005953735,-0.5649562961263672
0.3416666666666667,-0.006159553296443623,5.880714737464823,0.2098733361884937,-5.014608983175929,-0.5649562961257667
0.35,0.04394031783006056,6.12271893932577,0.16586047979994215,-5.511669925404265,-0.5649562961276301
0.35833333333333334,0.09546259226613805,6.213268748529653,0.11876745156486293,-5.738410848114494,-0.5649562961263154
0.36666666666666664,0.14697714163016576,6.119358893838904,0.07113998297889698,-5.637393569215428,-0.5649562961273887
0.375,0.19698558985991782,5.858917058395448,0.02563881531969108,-5.24068469415222,-0.5649562961255318
0.3833333333333333,0.2443168042213009,5.4872541129745285,-0.01565520636939906,-4.646165003639654,-0.564956296126631
0.39166666666666666,0.28829374206241976,5.06231333689753,-0.05153764911348373,-3.9570019845473356,-0.5649562961264283
0.4,0.32865340244230223,4.624003001723682,-0.08154628700658476,-3.2454638504045845,-0.5649562961266766
0.4083333333333333,0.3653820019515658,4.193025976521067,-0.10567694861572369,-2.5505508881231007,-0.5649562961264698
0.4166666666666667,0.39858000254330284,3.777249940151075,-0.12414867106922785,-1.8887990205609608,-0.5649562961264784
0.425,0.42838142105576044,3.377666728940836,-0.1372614163999246,-1.2644770502650242,-0.5649562961265419
0.43333333333333335,0.4549134994480951,2.9921053527679726,-0.14532296860878752,-0.6759618724157898,-0.5649562961265164
0.44166666666666665,0.4782794025848903,2.617176998674401,-0.14861542053209056,-0.11908823499751696,-0.5649562961265187
0.45,0.4985523797797661,2.2491868694306354,-0.14738144243314452,0.4112727033464728,-0.5649562961265214
0.4583333333333333,0.5157750363980066,1.8845102964816147,-0.14181943915340306,0.9205529435593145,-0.564956296126521
0.4666666666666667,0.5299605165143916,1.5197072612806715,-0.13208212072538028,1.4142737398265928,-0.5649562961265214
0.475,0.5410940648359943,1.1515148700201514,-0.11827588271665128,1.898037624042803,-0.5649562961265203
0.48333333333333334,0.5491342759854725,0.7767881560108082,-0.10045984035617055,2.3776052344121585,-0.5649562961265213
0.49166666666666664,0.5540137786261947,0.39242914795361605,-0.0786441132555098,2.8589891006596924,-0.5649562961265217
0.5,0.5556393940743451,-0.004662197081352362,-0.052787448363561605,3.3485085823755325,-0.5649562961265185
0.5083333333333333,0.55389213336228,-0.4175672647058844,-0.022794804860845133,3.8527267713831685,-0.5649562961265251
0.5166666666666666,0.548627946566291,-0.849168504577892,0.011483562125833234,4.378119534106215,-0.5649562961265385
0.525,0.5396812094462214,-1.3016326094323942,0.05024818199932794,4.9301777670582805,-0.5649562961264788
0.5333333333333333,0.526875009736879,-1.7752219421411854,0.09373474804771233,5.511370999644661,-0.5649562961265663
0.5416666666666666,0.510046007726777,-2.2658728839614684,0.1421735631114407,6.117004903507006,-0.5649562961266172
0.55,0.48909699844269816,-2.760878010802894,0.19570151998707572,6.727808285765084,-0.5649562961265046
0.5583333333333333,0.4640934939267459,-3.2328513822062934,0.254198208442189,7.299483109677022,-0.5649562961262871
0.5666666666666667,0.43540684536372015,-3.635715287164426,0.3170405470125191,7.755500425513676,-0.5649562961257272
0.575,0.4038498286320955,-3.912513286797334,0.38286637484252894,7.999870079840391,-0.5649562961270553
0.5833333333333334,0.3706670571818695,-4.022174555788846,0.44958101779054005,7.962300283275136,-0.5649562961269574
0.5916666666666667,0.3372740631241755,-3.9675706917196676,0.5147901111144033,7.646010868044532,-0.5649562961274104
0.6,0.30487553812015383,-3.792832903030026,0.5764404885179635,7.123644862243877,-0.5649562961262427
0.6083333333333333,0.27423759333638786,-3.5537288377456635,0.6332037441165518,6.487484249605657,-0.5649562961265739
0.6166666666666667,0.24570308327116877,-3.2937015041413593,0.6844512286576265,5.8092308045231915,-0.564956296126496
0.625,0.2193285315888941,-3.0382723306258406,0.730025866398956,5.1308095050451215,-0.564956296126722
0.6333333333333333,0.19501866657630199,-2.799338844769754,0.7700197018142407,4.471763111313635,-0.5649562961265713
0.6416666666666666,0.17261602219351485,-2.580744370851759,0.8046278860636286,3.838662187333957,-0.564956296126578
0.65,0.15195043710407258,-2.3821863699350017,0.8340700775619759,3.231638045890574,-0.5649562961266219
0.6583333333333333,0.13286337426329492,-2.201439488484254,0.8585536965340638,2.648050046444876,-0.5649562961266015
0.6666666666666666,0.11521864522348678,-2.0354938003142653,0.8782594228858365,2.084324952168434,-0.5649562961266029
0.675,0.09890639836131965,-1.8810970448509212,0.893337419445856,1.5367995448153653,-0.564956296126607
0.6833333333333333,0.08384400138017516,-1.7349929210334754,0.9039082271253447,1.0020581261348391,-0.564956296126605
0.6916666666666667,0.06997563147427723,-1.5940109906751225,0.9100653238180512,0.47702419986328526,-0.5649562961266051
0.7,0.0572714450832318,-1.4550865536764592,0.911877900994794,-0.04106440994294372,-0.5649562961266058
0.7083333333333334,0.04572673309916057,-1.3152484622732954,0.9093931770073269,-0.5547350593096155,-0.5649562961266054
0.7166666666666667,0.03536124605115199,-1.1715923571644056,0.9026379256976766,-1.0663861364848584,-0.5649562961266048
0.725,0.026218775752517267,-1.0212465543461267,0.8916190572145045,-1.5784075794956554,-0.5649562961266057
0.7333333333333333,0.01836704320118205,-0.8613327722313332,0.8763231478095767,-2.093312386443669,-0.5649562961266054
0.7416666666666667,0.011897935033560176,-0.6889216660628228,0.8567148289462797,-2.6138789811488086,-0.5649562961266041
0.75,0.00692813361882987,-0.5009828403524925,0.8327339427250003,-3.1433049147974073,-0.5649562961266057
0.7583333333333333,0.0036001827002772736,-0.2943308740194429,0.8042913746934663,-3.685369782390651,-0.5649562961266053
0.7666666666666666,0.002083997818678259,-0.0655745335197849,0.7712635221906857,-4.244596816046125,-0.5649562961266047
0.775,0.0025787223108193597,0.18891009659915664,0.7334855192388501,-4.8263815693948855,-0.5649562961266011
0.7833333333333333,0.005314545442424886,0.4729309436125488,0.6907437797995428,-5.43700665168658,-0.5649562961266136
0.7916666666666666,0.010553419685278917,0.7902352826091006,0.6427695036616715,-6.083348658923289,-0.5649562961266384
0.8,0.018586066318343388,1.1437994946749672,0.5892373102856548,-6.771834410197439,-0.5649562961265061
0.8083333333333333,0.02971928622935792,1.5340802629655397,0.5297787625576494,-7.50568835098972,-0.5649562961267194
0.8166666666666667,0.04424078605785267,1.9551319866711854,0.4640320322881429,-8.278607817201038,-0.5649562961268502
0.825,0.062337299664125025,2.38702472363761,0.39176864090224406,-9.062132540198624,-0.5649562961265145
0.8333333333333334,0.08393199955314741,2.78441375219392,0.3131560964293038,-9.786205274348,-0.5649562961259926
0.8416666666666667,0.10843378721211609,3.0694479087620796,0.2291731912054406,-10.326340763517004,-0.5649562961248286
0.85,0.13452338858133694,3.1522986801292237,0.14197404885855713,-10.536568270891001,-0.5649562961267595
0.8583333333333333,0.16028037559645408,2.98936149538365,0.05469228959618324,-10.345825872307588,-0.5649562961278033
0.8666666666666667,0.183772801797139,2.621734202546173,-0.029523501616822313,-9.821974334510655,-0.5649562961277189
0.875,0.20365723564517343,2.1388043622829986,-0.10848979675624554,-9.110807202573609,-0.5649562961268092
0.8833333333333333,0.2193210480393486,1.6192161020529732,-0.18120492567263688,-8.33808345178918,-0.5649562961266179
0.8916666666666666,0.23067264347557592,1.1090115203041888,-0.24748706019484482,-7.574446364598721,-0.564956296126609
0.9,0.23788810466483812,0.6284247529070207,-0.307550841135348,-6.847938614013468,-0.5649562961268555
0.9083333333333333,0.24124597598774522,0.18348929086101695,-0.3617381509313663,-6.16389484208518,-0.5649562961267534
0.9166666666666666,0.24104431895088393,-0.226220387709524,-0.41038851260391596,-5.517951192700596,-0.564956296126762
0.9249999999999999,0.23756537325247917,-0.603646483442693,-0.45378886433934323,-4.902550957827387,-0.5649562961267725
0.9333333333333333,0.23106291436192006,-0.9525004992469114,-0.49216042153859363,-4.3097572394759975,-0.5649562961267705
0.9416666666666667,0.22175916978298643,-1.2765799388919417,-0.525660666826009,-3.7323015273372846,-0.5649562961267722
0.95,0.2098451828604502,-1.5795582434659954,-0.554390396561425,-3.163858004236888,-0.5649562961267699
0.9583333333333334,0.19548198438635236,-1.8649711667643094,-0.5784015214771614,-2.598998645105781,-0.5649562961267707
0.9666666666666667,0.17880151806005393,-2.136276506790554,-0.597703902476828,-2.033027137653611,-0.5649562961267718
0.975,0.15990696001712396,-2.396934312421772,-0.6122706088803692,-1.4617749141909087,-0.5649562961267695
0.9833333333333333,0.13887236847256637,-2.6504850197160037,-0.622041450444441,-0.8813947274371755,-0.5649562961267711
0.9916666666666667,0.11574173216055898,-2.900613939148667,-0.6269248476935577,-0.2881712351588647,-0.5649562961267726
1.0,0.09052757758123701,-3.1511901004302203,-0.6267982663662534,0.3216295027069989,-0.5649562961267653
1.0083333333333333,0.06320943269269,-3.406256389839967,-0.6215076927110386,0.9518299741856424,-0.5649562961267764
1.0166666666666666,0.03373273539802359,-3.6699207746476676,-0.6108671421637917,1.606242617734796,-0.5649562961267899
1.025,0.0020094018625372054,-3.946041860772607,-0.5946602802937201,2.2882188762815545,-0.5649562961267204
1.0333333333333332,-0.03207742992423717,-4.237491937761602,-0.5726484624470944,2.9994755401520203,-0.5649562961268244
1.0416666666666667,-0.06865941864628058,-4.544587527668387,-0.5445938413248471,3.73750006405734,-0.5649562961269003
1.05,-0.10785025495616093,-4.862021212187602,-0.5103138238275938,4.49040073841801,-0.5649562961265815
1.0583333333333333,-0.14967853286016222,-5.173611380553045,-0.46979342846123445,5.228040144958177,-0.5649562961267225
1.0666666666666667,-0.19396910418645785,-5.445581587647777,-0.42338471269125566,5.890679851078666,-0.5649562961260661
1.075,-0.24017939490659626,-5.624063697472803,-0.3720818819059911,6.384900641635915,-0.5649562961280626
1.0833333333333333,-0.28727472265028786,-5.649152065497217,-0.3177277528297513,6.607917708786541,-0.5649562961266953
1.0916666666666666,-0.3338121353303955,-5.489098592629761,-0.26286110375686583,6.506343368001529,-0.5649562961278078
1.1,-0.3783011390104396,-5.165293073091413,-0.21008933230573715,6.118832500062717,-0.5649562961258863
1.1083333333333334,-0.4196082914135383,-4.736268606386275,-0.16138911115509108,5.548105312927533,-0.5649562961269676
1.1166666666666667,-0.4571129848007169,-4.26115421656571,-0.11783856327909803,4.897734762243928,-0.5649562961267678
1.125,-0.4906111122463842,-3.779452092095211,-0.07978509140494411,4.237225682316426,-0.564956296127021
1.1333333333333333,-0.5201417707535777,-3.310985277697467,-0.047146150662210916,3.601906593054958,-0.5649562961268246
1.1416666666666666,-0.5458513879045717,-2.862897806057748,-0.01964563871497369,3.004982842353612,-0.564956296126833
1.15,-0.5679151936123256,-2.4357660913170007,0.0030484818413906755,2.448066378598266,-0.5649562961268896
1.1583333333333332,-0.5864993248401696,-2.027264118650143,0.021256616611188862,1.927501927313569,-0.5649562961268677
1.1666666666666667,-0.6017453270710145,-1.6340204286181872,0.035258697134172456,1.4375874353352753,-0.5649562961268696
1.175,-0.6137654257716577,-1.2524552313921204,0.045284099140194684,0.9720439740560711,-0.5649562961268721
1.1833333333333333,-0.6226423782923781,-0.87910399777966,0.05150970135021197,0.5246050297185704,-0.5649562961268715
1.1916666666666667,-0.6284308789686387,-0.5106976025964745,0.05406089680370413,0.0891889834306134,-0.5649562961268717
1.2,-0.6311591102794686,-0.14413209693258222,0.053013150245937474,-0.34011682357659295,-0.5649562961268714
1.2083333333333333,-0.6308298170534634,0.22360845669648027,0.04839304011033517,-0.7691517521747292,-0.5649562961268716
1.2166666666666666,-0.627420656430307,0.5955448774635411,0.04017836627044613,-1.2038040332505628,-0.5649562961268716
1.225,-0.6208837773050989,0.9747917961925618,0.028297246291137963,-1.650126129452481,-0.5649562961268701
1.2333333333333334,-0.6111447491545863,1.3646201568842973,0.012626403529869898,-2.1144053460006407,-0.5649562961268735
1.2416666666666667,-0.598101211473242,1.7684522720070985,-0.007010723803220396,-2.6031200209867142,-0.5649562961268803
1.25,-0.5816221177081267,2.1897041493140823,-0.030844567293655874,-3.1226357456352165,-0.5649562961268477
1.2583333333333333,-0.5615494956985619,2.631298498149756,-0.05915542927721535,-3.67833929967449,-0.564956296126902
1.2666666666666666,-0.5377067635959064,3.094500862365832,-0.09225799383099373,-4.272613939875472,-0.5649562961269622
1.275,-0.5099215866916524,3.5764674532552103,-0.13046066136572268,-4.900604411320535,-0.5649562961267212
1.2833333333333332,-0.47807736009011226,4.065701819924309,-0.17397551059529553,-5.542385265393928,-0.5649562961268867
1.2916666666666667,-0.44221230174590426,4.535333083554735,-0.22274617103787972,-6.151364299413253,-0.5649562961264651
1.3,-0.4026734346119462,4.937813563840029,-0.276180815370139,-6.645080090929446,-0.5649562961280071
1.3083333333333333,-0.3602735707139326,5.211811734756287,-0.3328790879032169,-6.916932462379517,-0.56495629612655
1.3166666666666667,-0.31630080315672093,5.310829941841071,-0.39061187273038794,-6.885359218320632,-0.5649562961276058
1.325,-0.2722485560545024,5.23555375949113,-0.4467823462785074,-6.549701068821803,-0.5649562961257919
1.3333333333333333,-0.22939780546793492,5.032414018988892,-0.49914436725534717,-5.988212544231256,-0.5649562961271906
1.3416666666666666,-0.18856379771114784,4.760742778746427,-0.5462421448986335,-5.302044625608792,-0.5649562961269428
1.35,-0.15011411737579267,4.466047003191901,-0.5873861993016037,-4.56950262554413,-0.5649562961271611
1.3583333333333334,-0.11412052010244261,4.1741629055768215,-0.6223999941677107,-3.835958780241494,-0.5649562961269028
1.3666666666666667,-0.08050495276556237,3.8963305483797948,-0.6513756394433815,-3.1224143078405415,-0.5649562961269117
1.375,-0.04913436079280993,3.6354009474909055,-0.6745161578344103,-2.4359899837531174,-0.5649562961270117
1.3833333333333333,-0.01987148785020686,3.3900564070248236,-0.6920520030669421,-1.7770280938928864,-0.5649562961269641
1.3916666666666666,0.00740117348425066,3.157145752317685,-0.704202591262867,-1.1429847174422116,-0.5649562961269666
1.4,0.03277153989317555,2.9328472270427555,-0.7111611639797588,-0.5303276672227683,-0.5649562961269773
1.4083333333333332,0.05629488276327889,2.7132041512302294,-0.7130905261835152,0.0646332828019854,-0.5649562961269723
1.4166666666666667,0.07799377791478189,2.4943474176504608,-0.7101232123407057,0.6454508880192678,-0.5649562961269721
1.425,0.09785920304713258,2.2725668787132753,-0.7023629031276749,1.2155044172848921,-0.5649562961269742
1.4333333333333333,0.11585189243288244,2.04431040761136,-0.6898855598004925,1.778088414217635,-0.564956296126973
1.4416666666666667,0.13190351794560254,1.806147047337414,-0.6727395347575541,2.3365627227239054,-0.5649562961269717
1.45,0.1459174725792865,1.5547100964222151,-0.6509442840736055,2.894534883712056,-0.5649562961269738
1.4583333333333333,0.15776912149847003,1.2866270542515834,-0.6244874744118916,3.45606147202358,-0.5649562961269728
1.4666666666666666,0.16730543218850685,0.998441766379024,-0.5933203659075237,4.025858673358433,-0.5649562961269711
1.475,0.17434395752974077,0.6865397933858972,-0.5573514562164488,4.60950468314257,-0.5649562961269728
1.4833333333333334,0.17867129940059492,0.3471055931053519,-0.5164386095249767,5.213589679255571,-0.564956296126976
1.4916666666666667,0.18004157004278043,-0.023817725673651344,-0.47038050345284466,5.845701710453848,-0.5649562961269868
1.5,0.178176304137824,-0.42999956689046304,-0.4189097239475093,6.513979349168221,-0.5649562961269239
1.5083333333333333,0.1727694238110998,-0.8740486382227655,-0.36169335565933064,7.225611419822824,-0.5649562961270443
1.5166666666666666,0.16350554799049566,-1.3550016622857086,-0.29835474030546544,7.982948772602858,-0.5649562961271878
1.525,0.15010919941448275,-1.863018794783377,-0.22854581306904004,8.774733364521579,-0.564956296126653
1.5333333333333332,0.13245654355837952,-2.3694796624634904,-0.15212394581827113,9.559406405779677,-0.5649562961268166
1.5416666666666667,0.11078586255882782,-2.8142157675927,-0.06949709084738877,10.243060341696314,-0.5649562961254445
1.55,0.08598073329240694,-3.1050218279145554,0.01790049093116524,10.677181766168346,-0.5649562961261052
1.5583333333333333,0.059705578118378864,-3.157340715201953,0.10736631962860337,10.723520301057013,-0.5649562961258394
1.5666666666666667,0.034059520134122036,-2.9604256295763243,0.19548451483332366,10.364193340311186,-0.5649562961271439
1.575,0.010856225945145983,-2.5873683555504754,0.27930480767575616,9.718553178659322,-0.564956296127906
1.5833333333333333,-0.008843123034008409,-2.1339334662531044,0.3571003914583526,8.941400871196823,-0.5649562961274426
1.5916666666666666,-0.02467966256715757,-1.6686370561332358,0.4282686244517919,8.140858733244695,-0.5649562961271586
1.6,-0.03671966634956742,-1.2263649957339604,0.492864710434085,7.3691744073525145,-0.5649562961269422
1.6083333333333334,-0.04522062193410157,-0.8203111282103239,0.5512173602792242,6.643469176639669,-0.5649562961272301
1.6166666666666667,-0.05049931650318498,-0.4529268680819481,0.6037187339477982,5.964206831127979,-0.5649562961271616
1.625,-0.05287121881741603,-0.12215004040577547,0.6507335558469652,5.325489998301644,-0.5649562961271525
1.6333333333333333,-0.05262675633199833,0.17565718528560628,0.69256858139042,4.7197919780356985,-0.5649562961271642
1.6416666666666666,-0.05002411967333288,0.44447190392133834,0.7294682403599695,4.139860571398919,-0.5649562961271617
1.65,-0.04528868023679381,0.6881541220437771,0.7616201062892779,3.579348876983945,-0.5649562961271642
1.6583333333333332,-0.03861462026641972,0.9103235192003015,0.7891630735306966,3.0329140111384607,-0.5649562961271621
1.6666666666666667,-0.030166951856340156,1.1143680605955433,0.8121953608403168,2.4961108899350752,-0.5649562961271619
1.675,-0.020083238769496428,1.3034977821420284,0.8307812911958145,1.9652186915044518,-0.5649562961271635
1.6833333333333333,-0.008474814956982435,1.4808083176178972,0.8449565510909631,1.4370547537950995,-0.564956296127162
1.6916666666666667,0.004572517224428175,1.6493410999181513,0.8547319215273331,0.9087955896573772,-0.564956296127162
1.7,0.018998262024226123,1.8121365127832536,0.860095569085598,0.3778106593387593,-0.564956296127163
1.7083333333333333,0.03476741697071832,1.9722795402767843,0.8610140090481383,-0.1584900136146168,-0.5649562961271615
1.7166666666666666,0.05187100754928404,2.1329374108496806,0.8574318606620233,-0.7027928393278312,-0.5649562961271621
1.7249999999999999,0.07032689239393511,2.297385917542213,0.8492705436820809,-1.2579960662406147,-0.5649562961271651
1.7333333333333334,0.09018070949782003,2.4690144237487344,0.8364261564702862,-1.8272865807624952,-0.5649562961271573
1.7416666666666667,0.11150670024667568,2.651285870960733,0.81876699996727,-2.4141387057502897,-0.5649562961271625
1.75,0.13440784966764424,2.8476007579848432,0.7961317071156853,-3.0221503121393667,-0.5649562961271924
1.7583333333333333,0.15901415726593196,3.060960534253441,0.7683299753157825,-3.654541906784915,-0.5649562961271165
1.7666666666666666,0.18547660516597958,3.2932257090634125,0.7351499875367505,-4.3129750587981945,-0.5649562961271635
1.775,0.21395203558599427,3.5435964440058605,0.69638057646393,-4.995060679374912,-0.5649562961273407
1.7833333333333332,0.2445701855417925,3.8057418931178493,0.6518629193114484,-5.689578524052026,-0.5649562961270153
1.7916666666666667,0.2773691876238399,4.063064727232711,0.6015950384500114,-6.368514066235181,-0.5649562961271636
1.8,0.31218570585440314,4.282938314489444,0.5459129074343727,-6.977287818479423,-0.5649562961262413
1.8083333333333333,0.3485085242513481,4.41509740022797,0.48573393739380916,-7.431925837454853,-0.5649562961281359
1.8166666666666667,0.38537204433456973,4.4046244260711305,0.42273394427388405,-7.6409184022594605,-0.5649562961271785
1.825,0.4214358373011458,4.222001635556965,0.35920998389968284,-7.556012227934667,-0.5649562961284113
1.8333333333333333,0.45530709717317364,3.885223555089681,0.29753314227704764,-7.209393780558885,-0.5649562961264795
1.8416666666666666,0.4859071137050263,3.4467667895985947,0.23953030122495944,-6.6910686932875345,-0.5649562961272402
1.8499999999999999,0.5126250156052687,2.9615216667985966,0.18623054914130324,-6.0941537099706995,-0.5649562961271265
1.8583333333333334,0.5352435195889982,2.467630501541291,0.13799898002008132,-5.482521254155641,-0.5649562961273487
1.8666666666666667,0.5537853396350725,1.985274721332936,0.09480271860388614,-4.889098922181952,-0.5649562961272422
1.875,0.5683865169984798,1.5225410899726421,0.05642848229594573,-4.326107640033038,-0.5649562961271944
1.8833333333333333,0.5792201017571982,1.0809800756970258,0.022612891803242004,-3.79464818980848,-0.5649562961272547
1.8916666666666666,0.5864575913936251,0.6590880984374926,-0.006892194489537449,-3.290682714692456,-0.5649562961272422
1.9,0.5902519768394334,0.2541317381836914,-0.032291446705053344,-2.80816812013774,-0.5649562961272393
1.9083333333333332,0.5907315133528847,-0.13700355400318082,-0.05373629470948172,-2.340524816462937,-0.5649562961272429
1.9166666666666667,0.5879982087983953,-0.5174717606376472,-0.07132340024009862,-1.8812453869076715,-0.5649562961272421
1.925,0.58212800325963,-0.8903716886987041,-0.08509624944023648,-1.4240864048952242,-0.5649562961272415
1.9333333333333333,0.5731711965393912,-1.2587669632369498,-0.09504743478058103,-0.9630675134089274,-0.5649562961272425
1.9416666666666667,0.561152474884708,-1.625754545528754,-0.10112053419880679,-0.49238845750100874,-0.5649562961272422
1.95,0.5460702940735807,-1.9945459640757717,-0.10321117222247682,-0.006323574674693969,-0.5649562961272425
1.9583333333333333,0.5278956270525959,-2.3685337835107743,-0.10116726566960677,0.5008602756235777,-0.5649562961272396
1.9666666666666666,0.50657033996883,-2.751306310809707,-0.09478888876178036,1.0348992373896435,-0.5649562961272423
1.9749999999999999,0.48200588458419685,-3.1465409284697445,-0.0838289202404452,1.6013216294652541,-0.5649562961272707
1.9833333333333334,0.45408383892989057,-3.557634548838564,-0.06799708881374361,2.204786979080103,-0.5649562961271968
1.9916666666666667,0.4226615313737388,-3.9867896605838022,-0.04697296531074416,2.84749069060005,-0.5649562961272429
2.0,0.38758924154653834,-4.433039805931388,-0.020439047410352372,3.5257485450444443,-0.564956296127451
2.0083333333333333,0.3487509105879851,-4.888442786355825,0.01184559796605595,4.2234411384227295,-0.5649562961271144
2.0166666666666666,0.30614641597215364,-5.331922146528122,0.04990024668652654,4.901445143447728,-0.5649562961272416
2.025,0.26003010593818926,-5.722650919425005,0.09328114774563628,5.486357256784778,-0.5649562961258444
2.033333333333333,0.21108026107324285,-6.001305655496212,0.14078846533683387,5.872927659188276,-0.5649562961282879
2.0416666666666665,0.1604797817516947,-6.111643619396797,0.1903292951729445,5.961715479692246,-0.5649562961272935
2.05,0.1097406869332264,-6.0363010176349325,0.2392267105796102,5.721363655036514,-0.5649562961290702
2.058333333333333,0.06029694777385336,-5.8098370621436475,0.28493236014505996,5.211472625472834,-0.5649562961266843
2.0666666666666664,0.013161985823492291,-5.492326004225042,0.3256291833893689,4.53705695863124,-0.5649562961273535
2.075,-0.031136961852502424,-5.136330540781512,0.3603551913638716,3.7912723818217993,-0.5649562961271336
2.0833333333333335,-0.07242819298876514,-4.774234251065172,0.38878557791386864,3.033163039258106,-0.5649562961275094
2.091666666666667,-0.11073374075887399,-4.42123226790734,0.41095792978526446,2.292477188604412,-0.5649562961273588
2.1,-0.14615421111200108,-4.082033651306707,0.42707544752858234,1.580987009568856,-0.5649562961272998
2.1083333333333334,-0.17880437975654567,-3.7559893408053004,0.4373960741572109,0.9011739871890123,-0.5649562961273784
2.1166666666666667,-0.20878221728479135,-3.4400650941159654,0.4421781747216454,0.2512455118882268,-0.5649562961273595
2.125,-0.23615606290976343,-3.1303519013774532,0.4416567055200007,-0.3723469722618368,-0.5649562961273543
2.1333333333333333,-0.2609606443333952,-2.8227654962001365,0.4360339689930713,-0.9737770776148315,-0.564956296127361
2.1416666666666666,-0.2831970076603832,-2.51333311772212,0.425476511534271,-1.5574178407759047,-0.5649562961273596
2.15,-0.3028338938136273,-2.1982781285574515,0.4101139669414436,-2.1277584830929004,-0.5649562961273584
2.158333333333333,-0.31980936534845983,-1.8740073896450289,0.3900378397426529,-2.68948129784806,-0.5649562961273593
2.1666666666666665,-0.3340321149650184,-1.5370536729180448,0.3652993167000036,-3.2476072009738877,-0.5649562961273598
2.175,-0.3453822151631369,-1.1840034926178764,0.3359057668815271,-3.80765755215768,-0.5649562961273588
2.183333333333333,-0.35371130188551503,-0.8114390421035711,0.30181598418955885,-4.3757851011689,-0.5649562961273581
2.1916666666666664,-0.3588424845198075,-0.41594131973214726,0.2629347102667538,-4.958798506734922,-0.5649562961273598
2.2,-0.360570845160775,0.005748833281173274,0.2191078951912354,-5.563923603317875,-0.5649562961273865
2.2083333333333335,-0.3586665915639413,0.45620708294526297,0.1701221215463433,-6.197963394005853,-0.5649562961273125
2.216666666666667,-0.35288542952254753,0.9360216742930111,0.11571578854603841,-6.865155075138177,-0.56495629612736
2.225,-0.3429955865896171,1.4409373075914094,0.05561790251142601,-7.562405580850428,-0.5649562961276051
2.2333333333333334,-0.32883890608681593,1.9563518865880014,-0.010355884972587742,-8.26999063824057,-0.5649562961272733
2.2416666666666667,-0.31045079870923736,2.4488650635116205,-0.0821069814361205,-8.937046248383421,-0.5649562961273571
2.25,-0.28825003702180374,2.859508741421889,-0.15893584714068096,-9.46943217661236,-0.5649562961254968
2.2583333333333333,-0.2632293878919388,3.1135474125920135,-0.23921441487800385,-9.745062325290617,-0.5649562961279929
2.2666666666666666,-0.2369422606803911,3.1594609704413497,-0.32039233105199083,-9.678535877992683,-0.5649562961274498
2.275,-0.21112326363771936,3.0087610847291306,-0.39961428048245384,-9.287950834696991,-0.5649562961291255
2.283333333333333,-0.18716292660306258,2.726201617887103,-0.47458403574514235,-8.67887885374166,-0.564956296127242
2.2916666666666665,-0.16584939650678507,2.3841760782123753,-0.5439848663655372,-7.968514423728348,-0.5649562961274799
2.3,-0.1474488706864087,2.0333207133856432,-0.6073385879890487,-7.237326225609975,-0.5649562961272242
2.308333333333333,-0.13190981653682837,1.7002708813702698,-0.6646648061198365,-6.526122455886072,-0.5649562961276022
2.3166666666666664,-0.11903078854144417,1.3958408517547414,-0.7162062999193284,-5.850150701500916,-0.5649562961274837
2.325,-0.1085590734455972,1.122514500936162,-0.7622719921100193,-5.211692147222722,-0.5649562961274512
2.3333333333333335,-0.10023940548401924,0.8789525824450243,-0.8031631713782277,-4.607500912336075,-0.5649562961274942
2.341666666666667,-0.09383512477032895,0.6622830825178587,-0.8391447523298805,-4.032494935157011,-0.5649562961274841
2.35,-0.08913595202765562,0.46915839810929577,-0.8704377777077064,-3.481393940347926,-0.5649562961274835
2.3583333333333334,-0.08595980876689492,0.2962019950318327,-0.8972208827628502,-2.949357713827313,-0.564956296127485
2.3666666666666667,-0.08415225319653932,0.14017108025236263,-0.919634924738639,-2.4321687192748205,-0.5649562961274841
2.375,-0.08358515654799084,-0.0020062432635261068,-0.9377881995847613,-1.9262188473315263,-0.564956296127485
2.3833333333333333,-0.08415531865141211,-0.13324555330942034,-0.9517611736833453,-1.4284189629089956,-0.5649562961274844
2.3916666666666666,-0.08578329709686117,-0.2563393013721516,-0.9616103342728011,-0.9360832263888438,-0.5649562961274842
2.4,-0.08841253800848406,-0.3739946146935543,-0.967371050735344,-0.4468094283982268,-0.5649562961274845
2.408333333333333,-0.09200882127548307,-0.48887052772903633,-0.9690594503790624,0.04163729773672907,-0.5649562961274842
2.4166666666666665,-0.09656000859548805,-0.6036133958626392,-0.9666733450026879,0.5314360441346879,-0.5649562961274843
2.425,-0.10207607979814669,-0.7208907589948987,-0.9601922444822193,1.0248178935402292,-0.5649562961274842
2.433333333333333,-0.1085894464644456,-0.8434240432378258,-0.9495764841112035,1.5241709550544282,-0.5649562961274839
2.4416666666666664,-0.11615553149608995,-0.9740194054466158,-0.9347654889765774,2.032142088662098,-0.5649562961274843
2.45,-0.12485358738932585,-1.1155932295611763,-0.9156752190793556,2.5517304106493666,-0.5649562961274855
2.4583333333333335,-0.1347876750187793,-1.2711828146685045,-0.8921949142313745,3.0863582328203596,-0.5649562961274811
2.466666666666667,-0.14608760068266274,-1.4439204806859072,-0.8641834500539741,3.639885212127299,-0.5649562961274845
2.475,-0.15890933530843615,-1.636924205362878,-0.8314660528839161,4.21649025433894,-0.5649562961275069
2.4833333333333334,-0.17343386279351058,-1.853007508654017,-0.7938330595465355,4.820261784741562,-0.5649562961274478
2.4916666666666667,-0.18986223008656714,-2.094013822277006,-0.7510443480968799,5.4541726105461485,-0.5649562961274854
2.5,-0.20840228947119613,-2.359408035622885,-0.702846887069003,6.117820761268559,-0.5649562961276529
2.5083333333333333,-0.2292385802010118,-2.6435180615021996,-0.649019710799843,6.802899184706696,-0.5649562961273231
2.5166666666666666,-0.25247110969468783,-2.930742590451404,-0.5894704540438359,7.48519370639826,-0.5649562961274857
2.525,-0.2780060768238191,-3.1890892755400193,-0.5244127802996132,8.11362070374963,-0.5649562961267245
2.533333333333333,-0.30539921802270986,-3.3666011273800764,-0.4546253157536327,8.603862165619585,-0.5649562961284937
2.5416666666666665,-0.3337191481838841,-3.4019344544919803,-0.3816809236454452,8.855588443132884,-0.5649562961274983
2.55,-0.36158839180384295,-3.255644497915621,-0.30788187162178443,8.804548996124089,-0.5649562961286565
2.558333333333333,-0.38750237776496,-2.938980881646212,-0.2357313324934918,8.470589025420963,-0.5649562961267257
2.5666666666666664,-0.4102459674905603,-2.505322404385279,-0.16724429334586968,7.94284047591675,-0.5649562961275717
2.575,-0.42910258084384695,-2.0151483632252587,-0.1036095446391236,7.320755775497158,-0.5649562961274579
2.5833333333333335,-0.44379814995824424,-1.512178326452868,-0.045295518672109146,6.6745219189913945,-0.5649562961276867
2.591666666666667,-0.45433770192444883,-1.0203286347619127,0.00766898984002456,6.040673113818384,-0.5649562961275755
2.6,-0.46086350786218405,-0.5497953839968966,0.05545568701875616,5.432828853214009,-0.5649562961275281
2.6083333333333334,-0.46356789735129683,-0.10324805086558492,0.09829262276371212,4.85234678477315,-0.5649562961275859
2.6166666666666667,-0.4626485135970145,0.3202319808306682,0.13639263909987132,4.295025062680267,-0.564956296127575
2.625,-0.45828804610119245,0.7230830047891343,0.16992333448395391,3.7545980267073586,-0.5649562961275735
2.6333333333333333,-0.4506461267825625,1.108299738605478,0.19899754684822069,3.2243586564950872,-0.5649562961275756
2.6416666666666666,-0.43985659474376093,1.479041693125295,0.223672885486771,2.6978205353904774,-0.5649562961275749
2.65,-0.4260267335028511,1.838516760376285,0.24395461908654378,2.168919332965226,-0.564956296127575
2.658333333333333,-0.4092368901113468,2.189988594605044,0.25979925359128964,1.6320055097336352,-0.5649562961275751
2.6666666666666665,-0.3895397992565601,2.5368308788060574,0.27111764223437534,1.081754252170639,-0.5649562961275751
2.675,-0.36695941939540144,2.882583911112564,0.2777772607783139,0.513065517244648,-0.5649562961275784
2.683333333333333,-0.341489419742798,3.2309746107606823,0.2796038294808822,-0.07898052261030258,-0.5649562961275686
2.6916666666666664,-0.31309183804665475,3.585843098309877,0.27638311269315574,-0.6990148051213276,-0.5649562961275753
2.7,-0.2816970832965528,3.9508689966674346,0.26786485735677956,-1.3509326608933,-0.564956296127628
2.7083333333333335,-0.24720772951993553,4.328887952200205,0.253773028251466,-2.0367479021362946,-0.5649562961274994
2.716666666666667,-0.2095109881680869,4.720407401939823,0.23383069573459947,-2.754076836183077,-0.5649562961275764
2.725,-0.1685090053344658,5.120690056766622,0.2078152200842529,-3.491174097192001,-0.5649562961277822
2.7333333333333334,-0.12418186134760809,5.514751221669506,0.17566911487042278,-4.218417808730509,-0.5649562961275972
2.7416666666666667,-0.07669989147707808,5.870872342786882,0.13769468309889693,-4.877328278182252,-0.5649562961275753
2.75,-0.02658093891638784,6.137740858437992,0.09482384212366123,-5.3759918460122,-0.5649562961259399
2.7583333333333333,0.025182291339283364,6.2565628332247565,0.04883266866673079,-5.610481386252015,-0.5649562961279669
2.7666666666666666,0.07718219415461754,6.1925833037376625,0.002228100353578377,-5.5197977615445195,-0.5649562961283663
2.775,0.12792194062032264,5.960757116832984,-0.04232758577913606,-5.1304520591155365,-0.5649562961269453
2.783333333333333,0.17620955848286618,5.614306994719,-0.08271072841006716,-4.536521776811563,-0.564956296127956
2.7916666666666665,0.22133708593944035,5.21081139067891,-0.11765603650523736,-3.8405843311754166,-0.5649562961276772
2.8,0.26301236782168014,4.790796129049746,-0.14664463211160922,-3.116202003003463,-0.5649562961278025
2.808333333333333,0.30119860589001934,4.37572092995147,-0.16962875886707962,-2.4040367277648995,-0.5649562961275798
2.8166666666666664,0.33597878504721057,3.974002921739201,-0.1867967435095306,-1.7220065417243118,-0.5649562961276742
2.825,0.3674729988642585,3.5869446220161256,-0.19842778815184633,-1.0753937821038264,-0.5649562961277049
2.8333333333333335,0.39579637369575305,3.2125102575098583,-0.2048161029222525,-0.46330338786710235,-0.5649562961276781
2.841666666666667,0.42104058927120924,2.847336690291407,-0.20623541346454793,0.11789515994066901,-0.5649562961276873
2.85,0.4432673395524764,2.487693007072509,-0.20292390352369388,0.6729260645606422,-0.5649562961276887
2.8583333333333334,0.4625072285446959,2.1298876738935784,-0.19507845382066097,1.206910784949216,-0.5649562961276882
2.8666666666666667,0.4787607844279848,1.7704026012853695,-0.182852512056652,1.7251364133478178,-0.564956296127688
2.875,0.49199998370682824,1.4058980920699138,-0.16635487198962892,2.233040443613601,-0.5649562961276877
2.8833333333333333,0.5021695493198001,1.033162486776093,-0.14564814456587905,2.7362847506106043,-0.5649562961276885
2.8916666666666666,0.5091877536203119,0.6490498197595588,-0.1207465043849261,3.2408452688991636,-0.5649562961276882
2.9,0.5129467819538316,0.2504438424867502,-0.09161283893195565,3.753053942962408,-0.5649562961276863
2.908333333333333,0.5133130899715815,-0.16569516121581096,-0.05815604864489812,4.279500225899676,-0.5649562961276974
2.9166666666666665,0.510128837508686,-0.6020946545127247,-0.020230319575210456,4.826615767304097,-0.5649562961276948
2.925,0.5032167446308783,-1.060537304106116,0.022359694898182562,5.399592051292106,-0.5649562961276529
2.933333333333333,0.4923931368889116,-1.5404441038464485,0.06983974019359983,5.99997024712527,-0.5649562961277901
2.9416666666666664,0.47749815937899764,-2.0360501316319555,0.12241759943530688,6.6208267647119765,-0.5649562961277159
2.95,0.4584577501358864,-2.531541636342566,0.18018042125908854,7.238430208257414,-0.5649562961277133
2.9583333333333335,0.43539341457999875,-2.99480380200987,0.242909557900563,7.801373858160065,-0.5649562961270782
2.966666666666667,0.408774500294147,-3.374895755805029,0.30982009448148556,8.225777349165977,-0.5649562961274528
2.975,0.37953834441392653,-3.6142532843262245,0.37934978281592613,8.415323316345855,-0.5649562961279153
2.9833333333333334,0.3490261728109425,-3.6792738788519066,0.4492556849572748,8.312717837418568,-0.564956296128712
2.9916666666666667,0.3186648168307711,-3.5844404671541747,0.5171406695009093,7.940729458191581,-0.5649562961279944
3.0,0.28958747408319274,-3.38097803658971,0.5810861958707302,7.3834786960499,-0.5649562961276032
3.0083333333333333,0.2624600480918607,-3.1247623831963023,0.6399416379964761,6.732696704961054,-0.5649562961276673
3.0166666666666666,0.23754110239415666,-2.8560444666031457,0.6932230311347112,6.0539660780940086,-0.5649562961277524
3.025,0.21483073450097018,-2.5971982518900134,0.7408652846805357,5.3832771840829325,-0.5649562961278491
3.033333333333333,0.1941990678309106,-2.3580672383837316,0.7830108955954075,4.736195765963052,-0.5649562961277169
3.0416666666666665,0.1754668916750624,-2.1414046608840405,0.8198798769742289,4.11702519845469,-0.5649562961277691
3.05,0.15844862415088415,-1.9464245353798626,0.8517027630156179,3.524709487252428,-0.5649562961277842
3.058333333333333,0.14297280427967196,-1.7707500496307804,0.8786907096369778,2.9560191193871646,-0.5649562961277689
3.0666666666666664,0.1288907991894692,-1.611387784938063,0.9010246669787555,2.407103270403692,-0.5649562961277745
3.075,0.11607980103940833,-1.4651814349758545,0.9188534835902883,1.8741780551565106,-0.5649562961277755
3.0833333333333335,0.1044432582839863,-1.3290046570303375,0.9322957465126266,1.3537862199083261,-0.5649562961277744
3.091666666666667,0.09391028748909794,-1.1998284627496858,0.9414428279973096,0.8428526561659361,-0.564956296127775
3.1,0.08443479719769403,-1.0747305304034414,0.9463619517268438,0.338645867819591,-0.564956296127775
3.1083333333333334,0.07599465616823563,-0.9508788065099563,0.9470987392658442,-0.16130257713123397,-0.5649562961277746
3.1166666666666667,0.06859105021781679,-0.8255041940979657,0.9436789972421774,-0.65929731129898,-0.5649562961277745
3.125,0.062248089173533507,-0.6958684015134272,0.9361096345600832,-1.1575878575383145,-0.564956296127775
3.1333333333333333,0.057012694747291356,-0.5592287613038367,0.9243786449372473,-1.6584841606293432,-0.5649562961277745
3.1416666666666666,0.052954794252939384,-0.4127999173821067,0.9084540973234421,-2.164479345554708,-0.5649562961277741
3.15,0.05016784855738434,-0.25371187763736414,0.8882820693418424,-2.678380756783647,-0.564956296127775
3.158333333333333,0.04876974339352998,-0.07896505916197977,0.8637834549365596,-3.203448722927619,-0.5649562961277743
3.1666666666666665,0.04890405518831731,0.11461342473957323,0.8348496009902725,-3.743537068934766,-0.5649562961277739
3.175,0.0507416360016205,0.33039932818161444,0.8013368254304438,-4.303215994088396,-0.564956296127773
3.183333333333333,0.05448228422224598,0.5719543333669521,0.7630601423954703,-4.88782697146342,-0.5649562961277843
3.1916666666666664,0.06035584301539455,0.8428875640319494,0.719787191159709,-5.503349781693719,-0.5649562961277791
3.2,0.06862110828547213,1.146428753714846,0.6712349185242438,-6.15580952916971,-0.5649562961277316
3.2083333333333335,0.07955884038150685,1.484357266324629,0.6170750053014782,-6.849632742734388,-0.5649562961279205
3.216666666666667,0.09345087722675785,1.8545805911369158,0.556961227602051,-7.5837603576761605,-0.5649562961278181
3.225,0.11052947417278403,2.2461804782976205,0.4906053590215782,-8.34348501130931,-0.5649562961275999
3.2333333333333334,0.13087056535052308,2.6308399749164284,0.41794649044116333,-9.08604456681721,-0.5649562961274106
3.2416666666666667,0.15420589833242632,2.952980877541806,0.33945825161361826,-9.72362102375203,-0.5649562961274065
3.25,0.17968810991414358,3.131729641078769,0.25654126843971187,-10.125591761071963,-0.5649562961288246
3.2583333333333333,0.2057975986644253,3.0954182475235865,0.17168781168699973,-10.175155272641247,-0.5649562961288989
3.2666666666666666,0.23064811446152406,2.8348528635412236,0.08798644820646365,-9.85787944517618,-0.564956296128289
3.275,0.25259108125731233,2.411479366035572,0.00813029483092362,-9.275042590650427,-0.5649562961275247
3.283333333333333,0.27062073309560264,1.9085021743374293,-0.06623973980803116,-8.561869646311278,-0.5649562961277371
3.2916666666666665,0.28435402812655886,1.388153068609534,-0.13448415800427654,-7.816970177144353,-0.5649562961278657
3.3,0.2938029777596917,0.8838415438751022,-0.1965767179526469,-7.090493195448439,-0.5649562961280111
3.308333333333333,0.29916805533880964,0.40920346141704117,-0.25276073564450713,-6.400109376224489,-0.5649562961278607
3.3166666666666664,0.3007150551770703,-0.03244904588954217,-0.3033496903946851,-5.747134452461456,-0.5649562961279129
3.3249999999999997,0.2987154615995999,-0.4423936227857166,-0.3486353404127038,-5.126151991557567,-0.5649562961279228
3.3333333333333335,0.29342151617452217,-0.823665065460287,-0.3888536604390432,-4.529689378599609,-0.5649562961279183
3.341666666666667,0.28505748276417203,-1.1798189900161384,-0.42417727951904544,-3.950212619480919,-0.5649562961279201
3.35,0.27381760843962616,-1.5144627588982933,-0.45471855010108303,-3.3808485875952097,-0.5649562961279185
3.3583333333333334,0.25986636873971347,-1.8311288809410349,-0.48053596281113276,-2.8155441133815726,-0.5649562961279199
3.3666666666666667,0.24333908346484964,-2.1332909800527373,-0.5016407592017162,-2.2489895487088596,-0.5649562961279199
3.375,0.22434214193146784,-2.4244318352562786,-0.51800246738883,-1.6764521343780876,-0.5649562961279184
3.3833333333333333,0.20295259596069845,-2.7081225291320226,-0.5295529136230325,-1.0935841025655249,-0.5649562961279206
3.3916666666666666,0.17921712384135394,-2.9880913482942644,-0.5361886537032609,-0.496240254350804,-0.5649562961279198
3.4,0.15315052598025264,-3.268263619202814,-0.5377720331092811,0.11966222143002725,-0.5649562961279149
3.408333333333333,0.12473410889142035,-3.5527416123457187,-0.5341314314283004,0.7581868464784317,-0.5649562961279332
3.4166666666666665,0.09391468849488234,-3.8456611876823508,-0.5250619069859387,1.4232129251649512,-0.5649562961279252
3.425,0.06060572361712813,-4.150793409779284,-0.5103288127271948,2.1178349192026715,-0.5649562961278762
3.433333333333333,0.024693681611100755,-4.470627821672076,-0.4896796898396024,2.8428748327006703,-0.5649562961280444
3.4416666666666664,-0.013944211715035888,-4.804453603327492,-0.4628749606770895,3.5936818256018714,-0.5649562961279511
3.4499999999999997,-0.055399566378971477,-5.144707756551124,-0.42975666798445583,4.3539750911655455,-0.5649562961278021
3.4583333333333335,-0.09965257336198578,-5.471059717480373,-0.3903845532880922,5.08583748340396,-0.5649562961276484
3.466666666666667,-0.14643719055896523,-5.743890953476474,-0.34526431655626405,5.7187337456840694,-0.5649562961276455
3.475,-0.1950737811951852,-5.904981523933141,-0.29562961617751315,6.150993372323645,-0.564956296128807
3.4833333333333334,-0.2443829416170065,-5.8980144709861815,-0.2435817829943252,6.285391773078821,-0.5649562961282664
3.4916666666666667,-0.2928509228117148,-5.704718805004124,-0.19179470126077272,6.0914647631126995,-0.5649562961283034
3.5,-0.3390384707107285,-5.360036100313558,-0.14280126309427743,5.63136278710948,-0.5649562961274568
3.5083333333333333,-0.38193821390862204,-4.926203099265231,-0.09837176554186167,5.014724036877236,-0.5649562961280814
3.5166666666666666,-0.4210486783360322,-4.458052007374027,-0.05938438873008984,4.338474711694269,-0.5649562961279961
3.525,-0.4562389868618392,-3.989256836992078,-0.02605906433976234,3.662887276911137,-0.5649562961281279
3.533333333333333,-0.4875789779741768,-3.5354777792428873,0.001747618733658839,3.0168824678417923,-0.5649562961279436
3.5416666666666665,-0.5152192444602834,-3.1015557011014168,0.024332885155677216,2.410381124828602,-0.5649562961280162
3.55,-0.5393254579150182,-2.6869625166128395,0.042031584787642434,1.8436890378333644,-0.5649562961280371
3.558333333333333,-0.5600479236080949,-2.2888968904288105,0.05516074775009199,1.3128447315456728,-0.5649562961280206
3.5666666666666664,-0.5775097850707162,-1.9038064596043849,0.06399643520704996,0.8122661156784846,-0.5649562961280262
3.5749999999999997,-0.591803956066286,-1.5280550066989609,0.06876584895810166,0.33592877984606445,-0.5649562961280266
3.5833333333333335,-0.6029936335454466,-1.1581660986642976,0.06964586294241762,-0.12218272756347795,-0.5649562961280267
3.591666666666667,-0.6111139049477343,-0.7908676447882167,0.06676371124383494,-0.5679646542439576,-0.5649562961280267
3.6,-0.6161733033666684,-0.42304709856881473,0.06019787245034815,-1.0072360573171857,-0.5649562961280261
3.6083333333333334,-0.6181548124716927,-0.051670247431274074,0.04997830515303547,-1.4458421611802739,-0.5649562961280268
3.6166666666666667,-0.6170161446065902,0.32630830239131886,0.03608573979938184,-1.8897712025977529,-0.5649562961280264
3.625,-0.6126893137465839,0.7140208825627803,0.0184500674392167,-2.345247699587799,-0.564956296128025
3.6333333333333333,-0.6050797362941127,1.114717415477426,-0.0030517798603578485,-2.8187495599289862,-0.5649562961280329
3.6416666666666666,-0.5940654589188109,1.5316901813395605,-0.028597445385918446,-3.3168463175513905,-0.5649562961280307
3.65,-0.5794978547690127,1.9679677475404875,-0.05841799040851065,-3.8456459275284507,-0.5649562961280017
3.658333333333333,-0.5612066384950984,2.4255279877379614,-0.09278911771106034,-4.409422532402241,-0.5649562961281077
3.6666666666666665,-0.539014957364629,2.9035675361010362,-0.13200494819881356,-5.007630600918882,-0.5649562961280554
3.675,-0.5127752463987136,3.395117634926999,-0.17631603088975217,-5.629079055221145,-0.5649562961279425
3.683333333333333,-0.48244243754179866,3.8814434106101734,-0.22580300985432483,-6.242274517297615,-0.564956296127828
3.6916666666666664,-0.4481996862585513,4.3256181121536335,-0.2801595134560274,-6.784273333760547,-0.5649562961278289
3.6999999999999997,-0.4106193115623931,4.672299166876678,-0.33841313123738426,-7.16006086309549,-0.5649562961287895
3.7083333333333335,-0.37075750077299136,4.865539486949136,-0.3987578006907797,-7.272841346114413,-0.5649562961282328
3.716666666666667,-0.33002241812225114,4.882277751435164,-0.4587734347510427,-7.081446571318526,-0.5649562961283614
3.725,-0.28980512272777775,4.7492131931703625,-0.5160537098794152,-6.629633363662398,-0.5649562961275485
3.7333333333333334,-0.25112973346254663,4.522037251087941,-0.568804919899738,-6.011036201285446,-0.5649562961282352
3.7416666666666667,-0.2145514249316264,4.253298123257765,-0.6160243589744903,-5.3145344644147805,-0.5649562961281094
3.75,-0.18025958645589088,3.977443740639722,-0.6573298117571712,-4.598821794860466,-0.5649562961282337
3.7583333333333333,-0.14823088003620938,3.7119655973884513,-0.6927042617235261,-3.8943540491559925,-0.5649562961280173
3.7666666666666666,-0.11834591741200565,3.4634276307524745,-0.7223023079760437,-3.2135583601896744,-0.5649562961281092
3.775,-0.09045785837078311,3.232524126989348,-0.746337815088816,-2.5593557245817373,-0.5649562961281387
3.783333333333333,-0.06442727333124812,3.0171516029073295,-0.7650282228363264,-1.9302967221663587,-0.5649562961281075
3.7916666666666665,-0.04013794120526812,2.814028139978115,-0.7785705523586561,-1.3232306882029945,-0.5649562961281188
3.8,-0.01750298621398387,2.6194786332789164,-0.7871331602365371,-0.7345619407815652,-0.5649562961281218
3.808333333333333,0.003533521332020702,2.4297875212633295,-0.7908545612977762,-0.16077340779819788,-0.5649562961281185
3.8166666666666664,0.02299690958563367,2.241338514304483,-0.7898449262199906,0.40141196763875164,-0.5649562961281196
3.8249999999999997,0.040882937067223415,2.0506523868807345,-0.7841881060517574,0.9550450142082282,-0.5649562961281205
3.8333333333333335,0.05715891307432353,1.8543762980244545,-0.773943146828113,1.503048928057412,-0.564956296128119
3.841666666666667,0.07176461780977586,1.649248947222103,-0.7591447849364795,2.0483608152538166,-0.5649562961281189
3.85,0.08461286913963154,1.4320515618133713,-0.7398026520456141,2.5940980119787054,-0.5649562961281205
3.8583333333333334,0.09558963519879256,1.1995482342443577,-0.7158990180475117,3.143741897719561,-0.5649562961281188
3.8666666666666667,0.10455361156672316,0.9484174778880299,-0.6873849429349767,3.701335204631062,-0.5649562961281183
3.875,0.11133520582642135,0.6751797935830826,-0.6541747517551139,4.271685093620214,-0.5649562961281205
3.8833333333333333,0.11573494782718917,0.3761362198314921,-0.6161388632831678,4.8605491506819645,-0.5649562961281214
3.8916666666666666,0.11752155865572357,0.04735797406546745,-0.5730953330882862,5.4747421179740945,-0.5649562961281206
3.9,0.11643045487601866,-0.3151745706035827,-0.5248013268662385,6.122007090331482,-0.5649562961281004
3.908333333333333,0.11216475595810997,-0.7150548098415287,-0.4709478223997712,6.8102786221332785,-0.5649562961282073
3.9166666666666665,0.1044037940643729,-1.1540464317484735,-0.41116566793633724,7.545493207572636,-0.5649562961281587
3.925,0.09283037758911745,-1.6287529904074407,-0.3450616182948989,8.32618688761856,-0.5649562961278853
3.933333333333333,0.0771996999324793,-2.123623696655579,-0.272322876332591,9.131877944937832,-0.5649562961283567
3.9416666666666664,0.0574871624780924,-2.599045772297504,-0.19295412345296548,9.902891994344795,-0.5649562961279275
3.9499999999999997,0.03414202857466533,-2.979934067940072,-0.10769643197247705,10.520314071572583,-0.5649562961297911
3.9583333333333335,0.00836136514044831,-3.1675896595091624,-0.018491255792390186,10.824198492442957,-0.5649562961277803
3.966666666666667,-0.01792510908746567,-3.0973391611037586,0.07152607169186125,10.708678401967898,-0.5649562961278528
3.975,-0.04260992602506656,-2.795134906867404,0.15892895046680983,10.2162980103481,-0.5649562961279484
3.9833333333333334,-0.06412365423570242,-2.353302554708589,0.24117047573937106,9.497542763038412,-0.5649562961284367
3.9916666666666667,-0.08169783504215983,-1.8619801093652988,0.31700033557126955,8.697000068064527,-0.5649562961285227
4.0,-0.09517542703905621,-1.3763878197786767,0.38613569456641694,7.900244932572571,-0.5649562961283954
4.008333333333333,-0.10472434554880507,-0.9214647291319701,0.44878304519425855,7.142923624800858,-0.5649562961281679
4.016666666666667,-0.1106408353471895,-0.5050582806727967,0.50531807208064,6.433355373017883,-0.5649562961283606
4.025,-0.11324931742165341,-0.12720073865653117,0.5561289856780433,5.768078856530752,-0.5649562961283418
4.033333333333333,-0.11285964672275703,0.2151150546707359,0.601555218889835,5.13969100455054,-0.5649562961283341
4.041666666666667,-0.1097518927908421,0.525813997346359,0.6418707713006426,4.540226474842037,-0.5649562961283399
4.05,-0.10417276253942186,0.808899955085667,0.6772857151912085,3.962417762967779,-0.5649562961283382
4.058333333333334,-0.0963363258318903,1.0681821187579246,0.7079538317285222,3.4000385279955623,-0.5649562961283409
4.066666666666666,-0.08642590591825465,1.307233490726367,0.733981328964718,2.847877702572959,-0.5649562961283393
4.075,-0.07459589332103943,1.5294355671604227,0.7554346834934096,2.3015791613305683,-0.5649562961283383
4.083333333333333,-0.06097305732596167,1.7380480665813396,0.7723469458808783,1.7574428760689385,-0.5649562961283401
4.091666666666667,-0.04565726244465416,1.93627974313474,0.7847223672146538,1.2122242701187456,-0.5649562961283388
4.1,-0.02872162176283922,2.127352030170813,0.7925393944026964,0.6629444832481801,-0.5649562961283384
4.108333333333333,-0.010212159109630619,2.3145530341840708,0.795752146366504,0.10671608117334151,-0.5649562961283404
4.116666666666666,0.009852932267646008,2.501279865493382,0.7942905165644891,-0.45941124359311425,-0.5649562961283378
4.125,0.03148431743674328,2.6910635056232737,0.7880591076281108,-1.03857385578071,-0.5649562961283379
4.133333333333333,0.054722633810292076,2.8875608531384778,0.7769353542178672,-1.6341592805790175,-0.5649562961283501
4.141666666666667,0.07963928997033937,3.094478629157091,0.760767536399874,-2.249753189688647,-0.5649562961283299
4.15,0.10633610556076555,3.3153538066283943,0.739374132753992,-2.8888414039669517,-0.5649562961283312
4.158333333333333,0.1349420316144039,3.553037621059827,0.7125475057630847,-3.5540093695696964,-0.56495629612844
4.166666666666667,0.16560338387743123,3.8085899751776986,0.6800679599259362,-4.245143680155964,-0.5649562961282721
4.175,0.1984607349962599,4.079079852736204,0.641739781244701,-4.955779139602751,-0.5649562961283026
4.183333333333334,0.23360061108276417,4.353634606328446,0.5974693865976103,-5.666467452737271,-0.564956296128425
4.191666666666666,0.27096601888629024,4.6076266583090835,0.5474128271379685,-6.3349571983035915,-0.5649562961284919
4.2,0.31021856477383464,4.7977715726376795,0.49220525247922425,-6.887875183778266,-0.5649562961285721
4.208333333333333,0.35059220115784456,4.8670103335556645,0.4332046601864273,-7.229007561450858,-0.5649562961271648
4.216666666666667,0.39086610153832185,4.768843966014187,0.3725332179609627,-7.28066906484274,-0.5649562961280908
4.225,0.42959144981259323,4.499057903504818,0.31268714123046365,-7.037539792952699,-0.5649562961281601
4.233333333333333,0.46548922925834185,4.099795984110849,0.2558580451468075,-6.573140349334098,-0.564956296129116
4.241666666666666,0.4977274520792112,3.630233989737177,0.20346401614253012,-5.9893702763546735,-0.5649562961284393
4.25,0.525932193615787,3.1380272547058303,0.15613700811664827,-5.367726113881364,-0.5649562961284541
4.258333333333333,0.550043876756601,2.6510545024099454,0.11397349156200563,-4.7554250185357265,-0.5649562961282784
4.266666666666667,0.570166513924444,2.1818226828914296,0.07679513940030053,-4.173151137496393,-0.5649562961284469
4.275,0.5864672391155945,1.7339284855677837,0.04432213121442399,-3.626224017836468,-0.5649562961284295
4.283333333333333,0.5991226478962826,1.306615569074983,0.01626571885437319,-3.112446961700411,-0.5649562961284095
4.291666666666667,0.6082941970719031,0.8972963808647034,-0.00762923587940351,-2.6264493921522405,-0.5649562961284251
4.3,0.6141186930332599,0.5027735479232008,-0.027567746394297616,-2.1618005285670203,-0.564956296128424
4.308333333333334,0.6167057256671411,0.11976338632151334,-0.04370028022581488,-1.711932090648403,-0.5649562961284231
4.316666666666666,0.6161378531355036,-0.25492557947181654,-0.05612328683747923,-1.2704748089691555,-0.5649562961284241
4.325,0.612471511333254,-0.624376390294509,-0.06488123810084993,-0.8313203628152792,-0.5649562961284241
4.333333333333333,0.6057377140639165,-0.9916200030165978,-0.06996860362901791,-0.3885608657366032,-0.5649562961284236
4.341666666666667,0.5959421436532697,-1.3597200547154589,-0.07133108508974662,0.06361978652679827,-0.5649562961284239
4.35,0.5830645070513351,-1.731860790195855,-0.06886589557981644,0.5310604260906006,-0.5649562961284239
4.358333333333333,0.5670572242618851,-2.11141487130923,-0.062421192306414866,1.0197036448329513,-0.5649562961284285
4.366666666666666,0.5478437559998689,-2.5019537027872407,-0.05179517950711224,1.5355793939689955,-0.5649562961284198
4.375,0.5253173252508426,-2.9071250258275247,-0.036736167452438726,2.084561733831746,-0.564956296128419
4.383333333333333,0.49934171128259286,-3.3302418592517387,-0.01694646292841101,2.671630477609657,-0.5649562961285026
4.391666666666667,0.46975767680268504,-3.773271458094678,0.007903796705793453,3.299102568767706,-0.5649562961283722
4.4,0.43640218206089776,-4.234657558240125,0.038140581168616274,3.9628601099376684,-0.5649562961283873
4.408333333333333,0.3991534301465972,-4.70515616661065,0.07400528631506101,4.645170089528878,-0.5649562961285631
4.416666666666667,0.3580208737024389,-5.161264899437134,0.11549664616703521,5.303386348677341,-0.5649562961285777
4.425,0.3132932307218523,-5.558774142078513,0.16211309138648372,5.858915784802753,-0.5649562961286795
4.433333333333334,0.26570911787959,-5.8360557558768695,0.21255716380663453,6.2030634540637,-0.5649562961270054
4.441666666666666,0.2165136907270146,-5.939234489944877,0.2646384674212774,6.2407423387672605,-0.5649562961281576
4.45,0.16723888478926718,-5.8581854212026965,0.31565633745052235,5.952974303589738,-0.5649562961282144
4.458333333333333,0.11927719512286525,-5.633824201188598,0.36314211428816007,5.4098564561804805,-0.564956296129425
4.466666666666667,0.07356830872002455,-5.327448733110142,0.40540919843051776,4.717844722218387,-0.564956296128582
4.475,0.030572455332188934,-4.989345305069418,0.4416086990934646,3.965482069445948,-0.5649562961285806
4.483333333333333,-0.009583179485343825,-4.649156485513622,0.47148476682621554,3.2065005758763006,-0.5649562961283269
4.491666666666666,-0.04694546107156759,-4.320167258520136,0.49510573423604237,2.466919880389806,-0.5649562961285819
4.5,-0.08162763469655862,-4.0060264228314235,0.5126815649474209,1.7564084382068033,-0.5649562961285491
4.508333333333333,-0.1137507454022854,-3.7055644916433907,0.5244643275530964,1.0764272627038702,-0.5649562961285118
4.516666666666667,-0.14341600728512727,-3.415507570624936,0.530700865310597,0.42478840780208504,-0.5649562961285435
4.525,-0.17069361131388586,-3.1318341047546516,0.5316129066352345,-0.2021042712720648,-0.5649562961285405
4.533333333333333,-0.1956194388196235,-2.8503962024298843,0.5273900331709381,-0.8082722637133705,-0.5649562961285366
4.541666666666667,-0.2181952319866044,-2.5671714302268405,0.5181878938393207,-1.397811745431571,-0.5649562961285397
4.55,-0.2383900237554974,-2.2783349015292336,0.5041279114755405,-1.9748486288831033,-0.5649562961285398
4.558333333333334,-0.25614176325569993,-1.9802444796155407,0.48529668692235034,-2.5436379460823346,-0.5649562961285381
4.566666666666666,-0.2713586203670153,-1.6693836133746147,0.46174426357485054,-3.108728978716351,-0.5649562961285388
4.575,-0.283919721837177,-1.3422851616618037,0.4334808916921449,-3.6751548097853464,-0.5649562961285398
4.583333333333333,-0.29367523743826063,-0.9954551039416649,0.40047221980702347,-4.248614543064881,-0.564956296128539
4.591666666666667,-0.3004459246560369,-0.6253256570837687,0.36263314951327014,-4.835601142071051,-0.5649562961285377
4.6,-0.30402260352383964,-0.2283003727471783,0.3198211669168802,-5.443375158782861,-0.5649562961285375
4.608333333333333,-0.30416683082942697,0.19897000453919386,0.2718312483883851,-6.079558946933657,-0.5649562961285908
4.616666666666666,-0.30061579385121295,0.6587801631871291,0.21839731444733554,-6.750853139336301,-0.564956296128499
4.625,-0.2930981286413078,1.1504168617252664,0.1592113711036437,-7.459839389010385,-0.5649562961285
4.633333333333333,-0.28137442036723515,1.665964663325263,0.09398348374310687,-8.197989528260704,-0.5649562961288676
4.641666666666667,-0.2653266977636338,2.182580265447515,0.02258411528970554,-8.932586586048057,-0.5649562961285817
4.65,-0.24512569183919153,2.652200607097748,-0.054680583635708595,-9.588931987916423,-0.5649562961287953
4.658333333333333,-0.221464584752656,2.9987417893017905,-0.136675089498452,-10.044529100759332,-0.5649562961262306
4.666666666666667,-0.19571098470593362,3.143969722478475,-0.22116728622605797,-10.171160322560425,-0.5649562961283532
4.675,-0.1697069414304249,3.060956088993395,-0.3051429575096766,-9.92391358373371,-0.5649562961282565
4.683333333333334,-0.14519985176631467,2.797386981971079,-0.3857377081486958,-9.380434634084336,-0.5649562961298524
4.691666666666666,-0.12335421787902237,2.43584123842034,-0.46103632946132433,-8.674863520771762,-0.5649562961287568
4.7,-0.10468055852024633,2.0451453250110543,-0.5301792292605453,-7.917311226143969,-0.5649562961287429
4.708333333333333,-0.08923653263131422,1.6652030034257366,-0.5930222750630703,-7.169623716948682,-0.5649562961284316
4.716666666666667,-0.07684692861155815,1.3137550246820724,-0.6497733325989048,-6.45744957210481,-0.5649562961287296
4.725,-0.06724592016248529,0.9962174512079703,-0.7007628899636859,-5.786933748196465,-0.5649562961286936
4.733333333333333,-0.06014991479123927,0.7122285036974412,-0.7463313412490745,-5.1556085880058,-0.5649562961286649
4.741666666666666,-0.05528974656475934,0.45906859317852033,-0.7867832808533259,-4.5579596533207125,-0.5649562961286881
4.75,-0.05242283436857554,0.23324406581087775,-0.8223739754202983,-3.9879178891731546,-0.5649562961286851
4.758333333333333,-0.051336428015746206,0.031155133387120226,-0.8533095309046869,-3.4398442825203404,-0.5649562961286857
4.766666666666667,-0.0518472808488505,-0.1506583512801156,-0.8797520391506525,-2.908833241642586,-0.5649562961286856
4.775,-0.05380014919168463,-0.315454962331564,-0.9018258710675818,-2.3907269892529515,-0.5649562961286848
4.783333333333333,-0.05706613495096193,-0.46630424936520304,-0.9196235435182933,-1.8820175719571788,-0.5649562961286858
4.791666666666667,-0.06154126289360485,-0.6061254621696621,-0.9332105861916609,-1.3797126797000667,-0.5649562961286854
4.8,-0.06714541389854915,-0.7377322580717052,-0.9426292558032645,-0.8811961766962738,-0.564956296128685
4.808333333333334,-0.0738216271536438,-0.8638758966715159,-0.9479011079178463,-0.38409429603914197,-0.5649562961286854
4.816666666666666,-0.08153574818192665,-0.9872849665330202,-0.9490284875781249,0.1138499915257773,-0.5649562961286849
4.825,-0.09027639378970333,-1.1107018172345142,-0.9459950053246272,0.6148950513353567,-0.564956296128685
4.833333333333333,-0.10005520872309837,-1.2369161677982103,-0.9387650569992109,1.1214120910143994,-0.5649562961286855
4.841666666666667,-0.1109073891645615,-1.3687952622134396,-0.9272824431070426,1.6359893717135208,-0.5649562961286845
4.85,-0.12289243247237784,-1.5093070489699743,-0.9114681658661785,2.161523887441424,-0.5649562961286848
4.858333333333333,-0.13609502089152706,-1.661526788414998,-0.8912175610298705,2.7012856273876524,-0.5649562961286901
4.866666666666666,-0.15062582166081276,-1.8286051845140554,-0.8663971188291512,3.258919591228918,-0.5649562961286804
4.875,-0.16662171226813774,-2.0136514378706334,-0.8368417883803408,3.8383100365559084,-0.564956296128681
4.883333333333333,-0.18424437044268058,-2.21943582949891,-0.802354490400497,4.443149993152368,-0.564956296128741
4.891666666666667,-0.20367502661111161,-2.447723798129038,-0.7627114557919263,5.075902627404926,-0.5649562961286452
4.9,-0.22510099535928327,-2.697893592503306,-0.7176806667052846,5.73556777539305,-0.5649562961286576
4.908333333333333,-0.24868582515650822,-2.9642781017265873,-0.6670670884941647,6.413298199103434,-0.5649562961288852
4.916666666666667,-0.274509799649717,-3.2316398340650836,-0.610807194662814,7.084829210707154,-0.5649562961286695
4.925,-0.3024656616346736,-3.469234644895595,-0.5491389232616669,7.70041049062681,-0.5649562961287979
4.933333333333334,-0.3321119240524211,-3.6278139709056534,-0.48284444116401104,8.179491108295057,-0.5649562961271993
4.941666666666666,-0.36254794360530335,-3.64981276916392,-0.41345917039506175,8.427470575699298,-0.5649562961288728
4.95,-0.39245527483742537,-3.498284428489284,-0.34320407586352253,8.384070440273666,-0.5649562961285604
4.958333333333333,-0.42039492764438224,-3.1834041660295647,-0.2744897112102773,8.067638493511295,-0.5649562961299621
4.966666666666667,-0.44519618412291717,-2.7550129014408142,-0.20926934482521972,7.562143645761557,-0.5649562961286532
4.975,-0.4661574158956414,-2.2704438298519043,-0.14871185891172534,6.96277334502982,-0.5649562961287821
4.983333333333333,-0.48299967036339403,-1.7718119162974535,-0.09329051576573226,6.338023566822426,-0.5649562961286049
4.991666666666666,-0.4957148053581484,-1.2825294767360913,-0.043045113550560524,5.724421432109174,-0.564956296128798
5.0,-0.5044300065955426,-0.8127539261170352,0.0021879749060864026,5.136155606991358,-0.5649562961287756
5.008333333333333,-0.5093228567654287,-0.3652410780361714,0.042633753558770845,4.575169990533463,-0.5649562961287471
5.016666666666667,-0.5105770358018434,0.06083483164483579,0.07850629535301719,4.037692188009481,-0.5649562961287692
5.025,-0.5083619750504912,0.46783595892897417,0.10997727430136756,3.5177127157298567,-0.5649562961287679
5.033333333333333,-0.502824631136815,0.8586914750172369,0.1371651093124024,3.008635271089879,-0.5649562961287669
5.041666666666667,-0.49408670822226974,1.2364950586234675,0.16013342151098067,2.5039711859562654,-0.5649562961287681
5.05,-0.4822439349955691,1.604380145650143,0.17889309834929332,1.9975680166204028,-0.5649562961287677
5.058333333333334,-0.46736577639570376,1.9655230251869842,0.19340524678428975,1.483623070205488,-0.5649562961287673
5.066666666666666,-0.44949486889705115,2.3231969144065254,0.2035838289993709,0.9566087374698123,-0.5649562961287674
5.075,-0.4286459523732058,2.6808324900035108,0.20929757032205237,0.4111827497847636,-0.5649562961287674
5.083333333333333,-0.4048044006658121,3.042046661451383,0.2103712735303803,-0.1578526552072772,-0.5649562961287762
5.091666666666667,-0.37792482366796903,3.410584680070329,0.20658730296452724,-0.7554485400425883,-0.5649562961287606
5.1,-0.34793084341174274,3.7900728770560135,0.19768908663408902,-1.3858867626528784,-0.56495629612876
5.108333333333333,-0.31471837034316186,4.183380198567422,0.18339059549952869,-2.0516893512348924,-0.5649562961288765
5.116666666666666,-0.2781670663003192,4.59120912188403,0.1633998185298684,-2.751208336253687,-0.5649562961287019
5.125,-0.23816884570877328,5.009292785702842,0.13747138635409475,-3.473830991945452,-0.564956296128732
5.133333333333333,-0.19468804671486512,5.423514132391403,0.10551333397926128,-4.191643568947173,-0.5649562961287232
5.141666666666667,-0.1478703774424708,5.803381733176855,0.0677769832107039,-4.848347314994361,-0.5649562961290487
5.15,-0.09819910075554845,6.098575379350218,0.025126315132736547,-5.353619341495198,-0.5649562961290455
5.158333333333333,-0.04662960449549323,6.249715199171475,-0.020733400363495545,-5.6021999816856,-0.5649562961291501
5.166666666666667,0.005452806758606823,6.219067733990913,-0.06733674082170965,-5.527475387319672,-0.5649562961295089
5.175,0.05654372901044514,6.017868168069163,-0.11200719599144088,-5.149030807078514,-0.5649562961291008
5.183333333333334,0.10541910764258382,5.697476562312205,-0.1525607236013689,-4.557331149492412,-0.5649562961286646
5.191666666666666,0.15133323862812517,5.3158193411539685,-0.18765933262174103,-3.8553468505923165,-0.5649562961287691
5.2,0.19396373208031223,4.914640063788219,-0.2167235109327973,-3.1187321594697455,-0.5649562961288637
5.208333333333333,0.23325350872557385,4.516472413277652,-0.2396626836416504,-2.3901583772578205,-0.5649562961289651
5.216666666666667,0.26927252277532515,4.130396083115817,-0.2566367205921934,-1.688968445989059,-0.5649562961288265
5.225,0.3021318534887267,3.7580361318322812,-0.2679060431149287,-1.021373331867081,-0.5649562961288827
5.233333333333333,0.331939325721397,3.3974643220750074,-0.2737524115476468,-0.3870971537044854,-0.5649562961288963
5.241666666666666,0.35877965855411914,3.0453042235948424,-0.27444147231803234,0.21704332857714434,-0.5649562961288841
5.25,0.38270718497072603,2.6977495764040325,-0.27020663020361685,0.7954184001231118,-0.5649562961288884
5.258333333333333,0.40374438831907117,2.351006247289356,-0.2612426903372895,1.3528506080142342,-0.5649562961288889
5.266666666666667,0.4218827822398775,2.0014467951580426,-0.24770334326766685,1.8943684240822107,-0.5649562961288889
5.275,0.437084433050973,1.645627393169317,-0.22969962066543068,2.425189697532765,-0.5649562961288884
5.283333333333333,0.44928333144370114,1.2802439210001668,-0.20729801870096076,2.9508021625026735,-0.5649562961288885
5.291666666666667,0.458386304970421,0.9020719432811292,-0.180517819616521,3.4770648295481044,-0.5649562961288893
5.3,0.46427349559295644,0.5079295564831948,-0.14932770059576708,4.010265865178994,-0.5649562961288891
5.308333333333334,0.4667988083231453,0.09472007653670447,-0.11364234413659532,4.557043936139836,-0.5649562961288838
5.316666666666666,0.4657913945366783,-0.3403377019940053,-0.07332084322318469,5.123995209231921,-0.5649562961289135
5.325,0.4610605230501202,-0.7990782345987215,-0.028170840955380923,5.716608370603614,-0.5649562961289009
5.333333333333333,0.4524086983315276,-1.280952826044863,0.022033423198941235,6.336840974440685,-0.5649562961288216
5.341666666666667,0.4396623322495202,-1.780122080603626,0.07750337262147497,6.978188301168462,-0.5649562961290254
5.35,0.422735422928503,-2.2803586500585156,0.1383321330207225,7.616965904426029,-0.5649562961288849
5.358333333333333,0.401743962063269,-2.7483216560110377,0.20430322530851983,8.20063573397769,-0.5649562961292688
5.366666666666666,0.3771672843542992,-3.1305293367551617,0.27461610007201037,8.642072833777707,-0.5649562961277484
5.375,0.3499783894604882,-3.366030087186155,0.3476579945548487,8.840183630385596,-0.5649562961288279
5.383333333333333,0.32157833047398243,-3.419292311645491,0.42110111955232626,8.734981876695768,-0.564956296128304
5.391666666666667,0.2934557850101837,-3.3063361482962623,0.49246253696196246,8.351844274428947,-0.5649562961299428
5.4,0.26678201085936687,-3.0820918265118813,0.559775973710498,7.780661711750673,-0.5649562961290612
5.408333333333333,0.2422309243443854,-2.805586433890761,0.6218884448409805,7.117728862536164,-0.5649562961290668
5.416666666666667,0.22004936029832253,-2.51865804137189,0.6783403483218488,6.430509652331779,-0.5649562961288165
5.425,0.20021756890904327,-2.24416043004195,0.729098317156606,5.755091495590877,-0.5649562961289681
5.433333333333334,0.18258416415685766,-1.9919398362222362,0.7743339248969411,5.106449311934421,-0.5649562961290213
5.441666666666666,0.16694907278593404,-1.764627998524297,0.814290661608427,4.488191432625622,-0.564956296128955
5.45,0.15310686484234132,-1.561328233148408,0.8492171029312221,3.898667597941725,-0.5649562961289812
5.458333333333333,0.14086697254600733,-1.3795980297901016,0.8793380705012619,3.3341919282321,-0.5649562961289866
5.466666666666667,0.13006201553356703,-1.2164220525400458,0.9048448980590833,2.79057783691611,-0.564956296128981
5.475,0.12055047306356384,-1.0686558124003256,0.9258944273191508,2.263799128383239,-0.5649562961289833
5.483333333333333,0.11221687710916928,-0.9332085099847617,0.9426115261432219,1.7502266221764191,-0.5649562961289832
5.491666666666666,0.10497106041164433,-0.807102698423056,0.9550926498832512,1.2466675819917148,-0.5649562961289828
5.5,0.09874717069583004,-0.6874782951709263,0.9634093163134104,0.7503176910225516,-0.5649562961289832
5.508333333333333,0.09350276445647461,-0.5715729760785595,0.9676110056342189,0.25867659175794233,-0.564956296128983
5.516666666666667,0.08921810846491832,-0.4566934447282126,0.9677272887810905,-0.23055056590449027,-0.5649562961289829
5.525,0.08589573632734454,-0.34018350284517884,0.9637691102303654,-0.7195568209562071,-0.5649562961289828
5.533333333333333,0.08356027731742446,-0.21939073356581043,0.9557291941406193,-1.210540031071043,-0.5649562961289829
5.541666666666667,0.08225856837778243,-0.09163178112927606,0.9435815484403641,-1.7058129307105279,-0.5649562961289826
5.55,0.08206006305659895,0.04584425041524777,0.9272800331500757,-2.207917827135075,-0.5649562961289822
5.558333333333334,0.08305755289234494,0.1958939934560577,0.906755952374964,-2.7197460268533153,-0.5649562961289829
5.566666666666666,0.08536820532263145,0.3615167522692465,0.8819146422341277,-3.2446582046763286,-0.5649562961289832
5.575,0.08913487655673176,0.5458812749769094,0.8526310922697299,-3.7865925460552896,-0.5649562961289823
5.583333333333333,0.094527535374679,0.7523201737909698,0.8187448241020867,-4.350126360139148,-0.5649562961289788
5.591666666666667,0.10174434484531115,0.9842412576325834,0.7800547054367953,-4.940410475946968,-0.5649562961290014
5.6,0.11101130554932798,1.244844756265222,0.736315413659014,-5.562796037651276,-0.5649562961289886
5.608333333333333,0.12257798379170197,1.5364121278430438,0.6872395283041987,-6.22176629019325,-0.5649562961289226
5.616666666666666,0.1367040155128177,1.8586983936566959,0.6325139562370992,-6.918387463341121,-0.5649562961291683
5.625,0.15362573270669933,2.2055982197878223,0.5718484430450224,-7.6448629519942966,-0.5649562961290088
5.633333333333333,0.17348407418826098,2.559036189736888,0.5050880614106797,-8.374349342479823,-0.5649562961289537
5.641666666666667,0.1961896128476364,2.880324298680325,0.4324315504436336,-9.046270539071468,-0.5649562961280777
5.65,0.22122322317574483,3.105268045153993,0.3547609516628562,-9.557475789547677,-0.564956296128676
5.658333333333333,0.24746640693011557,3.159364868063709,0.2739284709887728,-9.786750505989398,-0.5649562961292596
5.666666666666667,0.27328207153654643,3.000957160560222,0.19263117208450337,-9.666364996195083,-0.5649562961305752
5.675,0.2969561883944871,2.6547708086781885,0.11368575559187889,-9.237841403445753,-0.5649562961293074
5.683333333333334,0.3172031190657801,2.1913752885724316,0.03919974634377773,-8.617243254312733,-0.5649562961290101
5.691666666666666,0.33334999649165625,1.6805743427452122,-0.029719203975658515,-7.917390952933948,-0.5649562961289025
5.7,0.3452090825194825,1.167687218074142,-0.09273709111422314,-7.209139947955808,-0.5649562961290728
5.708333333333333,0.3528689383030294,0.6750377012285318,-0.14994023547947136,-6.524874577433239,-0.5649562961291603
5.716666666666667,0.3565393719334153,0.2108442802980704,-0.20157856972069932,-5.8739489087087735,-0.5649562961290707
5.725,0.3564655637490031,-0.2237240295572455,-0.24792770339279543,-5.2546865921842985,-0.5649562961291028
5.733333333333333,0.3528877432885708,-0.6305689202675306,-0.28922796963963876,-4.6610559574260755,-0.5649562961291077
5.741666666666666,0.3460246243345428,-1.0127477703292225,-0.32566309533439886,-4.0858386493882115,-0.5649562961291058
5.75,0.33606770545308495,-1.3736541486305527,-0.3573567178594865,-3.521960305972232,-0.5649562961291068
5.758333333333333,0.3231799347032596,-1.7167229497073846,-0.3843758909021507,-2.9629495082500767,-0.5649562961291058
5.766666666666667,0.30749571580334106,-2.0453708728588036,-0.4067365664048301,-2.4030065372531024,-0.5649562961291065
5.775,0.28912094089183826,-2.363034339799446,-0.4244088603353706,-1.8369073396591526,-0.5649562961291066
5.783333333333333,0.2681325420622043,-2.6732396983691507,-0.4373212188541087,-1.2598474570794207,-0.5649562961291051
5.791666666666667,0.2445774467805036,-2.979671594966065,-0.44536323243438486,-0.667280988888427,-0.5649562961291089
5.8,0.21847106248768833,-3.286212793980519,-0.4483872407197312,-0.05479971237602543,-0.564956296129107
5.808333333333334,0.18979567170771175,-3.5969174861093283,-0.4462093126608028,0.581881332547425,-0.5649562961290969
5.816666666666666,0.15849956091843984,-3.9158450124616193,-0.4386109594105455,1.2467042373209332,-0.5649562961291404
5.825,0.12449859276496957,-4.246605653918551,-0.42534447679085974,1.9425579873598837,-0.5649562961291169
5.833333333333333,0.08768370551510442,-4.5913271150182045,-0.4061478702158772,2.6695772309942805,-0.564956296129023
5.841666666666667,0.047941155842695454,-4.948520139826366,-0.38078102132892155,3.4215587111917216,-0.5649562961293044
5.85,0.005197688525304488,-5.309103542639743,-0.3491039063622834,4.179237541346224,-0.5649562961291112
5.858333333333333,-0.0404917898383546,-5.650236057443912,-0.31122678078518684,4.899844351591243,-0.5649562961293126
5.866666666666666,-0.08880233165582904,-5.929307130183485,-0.2677518487346572,5.507030496203582,-0.5649562961278305
5.875,-0.13897590837733637,-6.08697742205132,-0.22004861298819814,5.896492113911696,-0.5649562961288738
5.883333333333333,-0.1897651472949304,-6.070927118489787,-0.17034180811827998,5.977304694504216,-0.5649562961288394
5.891666666666667,-0.23964195870991176,-5.870981246070881,-0.1213400523326688,5.732671315032953,-0.5649562961305978
5.9,-0.28721491496005797,-5.527770107605939,-0.07550458564400239,5.234652259763058,-0.5649562961293659
5.908333333333333,-0.3315470647769298,-5.103314648058386,-0.03449279128155046,4.5929444426693635,-0.5649562961292112
5.916666666666667,-0.37218952456121074,-4.64907426374016,0.0009037790480861029,3.8992723602102037,-0.5649562961290335
5.925,-0.40903514882489705,-4.195534056287305,0.030507481232019795,3.209080293285031,-0.5649562961291925
5.933333333333334,-0.4421559874502633,-3.7563986248419887,0.05447246686707621,2.548573428921539,-0.5649562961292673
5.941666666666666,-0.471692989390794,-3.335542626886166,0.0730915603595149,1.9266195350420798,-0.5649562961291815
5.95,-0.49779669391817205,-2.9320235000337624,0.08669063183995203,1.3433677784999647,-0.5649562961292143
5.958333333333333,-0.5206000380331162,-2.542882180985263,0.09557827650523716,0.7950818304969964,-0.5649562961292208
5.966666666666667,-0.5402079842267469,-2.1645120151681043,0.10002458948152505,0.27651685476163546,-0.564956296129216
5.975,-0.5566949827447188,-1.793255992994604,0.10025361510006284,-0.21802823220758466,-0.5649562961292177
5.983333333333333,-0.5701056247610387,-1.4256215206494531,0.09644150056482689,-0.6943145117189987,-0.5649562961292173
5.991666666666666,-0.580456237098757,-1.0583146702594652,0.0887165013905018,-1.1580751725055873,-0.5649562961292179
6.0,-0.5877363781427254,-0.6881934921862477,0.0771590684102004,-1.6150644131548895,-0.5649562961292175
6.008333333333333,-0.5919097901028305,-0.3121901715569647,0.06180127100180424,-2.071157706780668,-0.564956296129217
6.016666666666667,-0.5929146783555236,0.07276827337466467,0.04262534964473465,-2.5324532087240836,-0.5649562961292187
6.025,-0.5906634204043858,0.469811950021393,0.019561579372021392,-3.0053263842322253,-0.5649562961292182
6.033333333333333,-0.5850421056690309,0.8821063343603808,-0.0075138774401293275,-3.4963605299071294,-0.5649562961292116
6.041666666666667,-0.5759108557909904,1.312665746654409,-0.03877953096338052,-4.011999861477003,-0.5649562961292429
6.05,-0.5631069727420657,1.7638196972417388,-0.07446408082829938,-4.557615373171981,-0.5649562961292284
6.058333333333334,-0.5464551102215384,2.235984699897864,-0.11482977022488995,-5.135389044712229,-0.564956296129154
6.066666666666666,-0.5257925150574824,2.7251591692279993,-0.16012984203762984,-5.740012481119277,-0.5649562961293499
6.075,-0.501022922231255,3.218459646675656,-0.21051676022822746,-6.351007998199399,-0.564956296129216
6.083333333333333,-0.47221583805394934,3.687923367927893,-0.2658721347166996,-6.922001251235949,-0.5649562961295275
6.091666666666667,-0.4397530258401817,4.086562825213162,-0.3255542530413731,-7.373693369125761,-0.5649562961281058
6.1,-0.4044644778255027,4.3568722547602325,-0.3881606272589689,-7.607996729957858,-0.5649562961291095
6.108333333333333,-0.3676114375675343,4.458584048803125,-0.4515488770944462,-7.555194739345807,-0.5649562961287508
6.116666666666666,-0.3306139177018935,4.396476921620947,-0.5132935499512121,-7.221596791865369,-0.5649562961303725
6.125,-0.29466629097497865,4.216050668554201,-0.5713370284494405,-6.682653388155574,-0.5649562961294129
6.133333333333333,-0.2605187884872297,3.9730406115566534,-0.6243617457099314,-6.0314621859305335,-0.5649562961293502
6.141666666666667,-0.2285028080631768,3.7100052023305246,-0.6717502881332474,-5.339213145134432,-0.5649562961291364
6.15,-0.1986716265607493,3.451469615691029,-0.7133510250195063,-4.64708842061888,-0.5649562961292892
6.158333333333333,-0.1709342754838438,3.2085353500462195,-0.7492561319154853,-3.9741279636909668,-0.5649562961293523
6.166666666666667,-0.1451432702581345,2.9844712072465365,-0.7796578839081155,-3.326671946579272,-0.5649562961292673
6.175,-0.12114250843846062,2.778559277352427,-0.8047719670471849,-2.7048026029733387,-0.5649562961293019
6.183333333333334,-0.09879052377259083,2.5882584353685916,-0.8248018687248193,-2.10592603297356,-0.5649562961293099
6.191666666666666,-0.07797055922370803,2.410302926467515,-0.8399249180471439,-1.5265545530457223,-0.5649562961293008
6.2,-0.05859416202805192,2.2412212551492066,-0.8502886727137006,-0.963113624598837,-0.5649562961293043
6.208333333333333,-0.040601821509787674,2.0775612584193466,-0.8560117343764434,-0.41225521058474923,-0.5649562961293052
6.216666666666667,-0.023962399388937038,1.9159722412815294,-0.8571860500984004,0.12906988937026367,-0.5649562961293039
6.225,-0.008672192769344273,1.753219471722984,-0.8538792758345424,0.6636554191986631,-0.5649562961293043
6.233333333333333,0.00524597528057681,1.5861669862026437,-0.8461365178953033,1.194139035325551,-0.564956296129305
6.241666666666666,0.017743449942818016,1.4117447819775455,-0.8339811138183512,1.7231306638916288,-0.5649562961293039
6.25,0.028746124106650763,1.2269066207832469,-0.8174142642806511,2.2533588739470254,-0.5649562961293035
6.258333333333333,0.03815443354236559,1.028580066443554,-0.7964133836555993,2.787831786614693,-0.5649562961293051
6.266666666666667,0.045842903964885356,0.8136089594940116,-0.770929052344184,3.3300115795837963,-0.5649562961293034
6.275,0.05165919176968836,0.5786900216554111,-0.7408804660540135,3.8839998096243096,-0.5649562961293031
6.283333333333333,0.05542259499728209,0.3203112479676491,-0.7061493300783205,4.454722072650286,-0.5649562961293045
6.291666666666667,0.05692212865226521,0.03471480127153594,-0.6665723243859681,5.048077341136148,-0.5649562961293091
6.3,0.05591457390902466,-0.28205781497645505,-0.6219327542514032,5.670961375343409,-0.5649562961293062
6.308333333333334,0.05212367900059486,-0.6339011420258963,-0.5719532238826558,6.330943594284074,-0.5649562961292741
6.316666666666666,0.045243467419010946,-1.0238501217392961,-0.5162940659719745,7.0350853752201195,-0.5649562961294355
6.325,0.03495253391960093,-1.4520834221783074,-0.4545687781675461,7.786778346063003,-0.5649562961293415
6.333333333333333,0.020954190303969684,-1.911441448604146,-0.3864012083661143,8.57841400652699,-0.5649562961290638
6.341666666666667,0.003070577154533564,-2.3786817991912788,-0.31157211268532525,9.376768219281475,-0.5649562961292489
6.35,-0.018571375013704552,-2.8017403746891074,-0.23032091827294454,10.101242247207466,-0.5649562961290251
6.358333333333333,-0.04326286103087363,-3.093971477185158,-0.14380672994979088,10.61302464407845,-0.5649562961308668
6.366666666666666,-0.0695108443933116,-3.162743315321639,-0.05445655439256178,10.76134523552298,-0.5649562961300616
6.375,-0.09525473249254061,-2.975575180234669,0.034376386853500134,10.493177540286997,-0.564956296130298
6.383333333333333,-0.11854924449656802,-2.5900799762449074,0.11952977862765031,9.903096001938222,-0.5649562961303888
6.391666666666667,-0.13814329951621526,-2.1030908960202277,0.1989749311984243,9.148350677490175,-0.5649562961296706
6.4,-0.15353580233144792,-1.591455127978503,0.2718897673357035,8.350984128115654,-0.5649562961293602
6.408333333333333,-0.1647173883396817,-1.0969393656959956,0.33821891820938815,7.574207508804001,-0.5649562961292971
6.416666666666667,-0.17191389851984296,-0.6364968279839349,0.3982483059659107,6.840624472347242,-0.5649562961295618
6.425,-0.17543226621839877,-0.21425945800781449,0.4523566310113314,6.152627387082181,-0.5649562961294692
6.433333333333334,-0.175587262858527,0.17118326925649563,0.5009031332588215,5.50453913603193,-0.5649562961294723
6.441666666666666,-0.17267193150803087,0.523260706978186,0.5441875836205051,4.888366440895014,-0.5649562961294817
6.45,-0.16694796184194088,0.8459194095022073,0.5824424240950522,4.296171347959106,-0.5649562961294801
6.458333333333333,-0.15864412883957574,1.143063505519196,0.6158373298858523,3.720892409448624,-0.5649562961294824
6.466666666666667,-0.14795745979663438,1.4184008486297268,0.6444874736370014,3.1565086567124085,-0.5649562961294796
6.475,-0.13505489999043685,1.67545135183997,0.6684619015601516,2.5979441135810077,-0.5649562961294803
6.483333333333333,-0.12007462711710866,1.9176120376188397,0.687790662465829,2.0408811297223037,-0.5649562961294816
6.491666666666666,-0.10312675098869341,2.148235161933608,0.7024702566702291,1.4815505434631666,-0.5649562961294794
6.5,-0.08429337178102358,2.3707023921553234,0.7124673386553796,0.916525020733343,-0.5649562961294803
6.508333333333333,-0.0636280614055968,2.588488302989216,0.717720751785132,0.3425268464497248,-0.5649562961294816
6.516666666666667,-0.041154876924480825,2.8052081490423406,0.7181420538756864,-0.24374000963607967,-0.5649562961294773
6.5249999999999995,-0.016867072619651088,3.024639955738908,0.7136148039868618,-0.84571476124691,-0.5649562961294822
6.533333333333333,0.009274190706692546,3.250697378155405,0.7039931207958052,-1.467019781264241,-0.5649562961294912
6.541666666666667,0.03734053790473289,3.487300766354427,0.6891005501811108,-2.1113251681937886,-0.5649562961294541
6.55,0.06743521800369644,3.7380355261469247,0.6687313968058846,-2.781849198194158,-0.5649562961295009
6.558333333333334,0.09968749242944623,4.00537540516646,0.6426589520503949,-3.4801174694733854,-0.5649562961295752
6.566666666666666,0.13423738748085276,4.289057485767723,0.6106594430972162,-4.203279200623774,-0.5649562961293102
6.575,0.1712011723714739,4.582957414213805,0.5725680980855962,-4.938871831358863,-0.5649562961295415
6.583333333333333,0.21060223381596802,4.86986114959143,0.5283934265467185,-5.656001470738207,-0.564956296129346
6.591666666666667,0.2522516613821909,5.115068733698064,0.4785164733269397,-6.294526367500641,-0.5649562961302705
6.6,0.2955888473965715,5.264813627054514,0.42395751475115295,-6.762453363378649,-0.5649562961290191
6.608333333333333,0.3395702898057009,5.2614129503123035,0.3665596490334951,-6.961905022633554,-0.5649562961293416
6.616666666666666,0.3827705096680312,5.076865574012029,0.3088095065172703,-6.846531013875911,-0.5649562961284016
6.625,0.42374424716039555,4.734963626707005,0.2532125191216415,-6.459010198897537,-0.5649562961298851
6.633333333333333,0.4614108438720137,4.293672021906704,0.20163402173153627,-5.900364884842227,-0.5649562961297548
6.641666666666667,0.49518974540493393,3.8100003575843533,0.1550702672733746,-5.269477647445653,-0.5649562961297027
6.6499999999999995,0.524899510562117,3.321598983512382,0.11382580804013095,-4.631559461180411,-0.5649562961295217
6.658333333333333,0.5505899027783366,2.8472665160749355,0.0778048729994078,-4.019142704063167,-0.5649562961294909
6.666666666666667,0.5724123432142425,2.3937573120401985,0.04673601587752567,-3.443849726592557,-0.5649562961296113
6.675,0.5905454000746226,1.9615980820717909,0.020301777630810133,-2.9064210242065895,-0.5649562961295663
6.683333333333334,0.6051588363388228,1.548558132767081,-0.001798119931915615,-2.4026993366502727,-0.5649562961295659
6.691666666666666,0.6163988472566418,1.1514051168690427,-0.01982016601485663,-1.9266685888245079,-0.5649562961295747
6.7,0.6243834747594492,0.7666951281682991,-0.03396814139647665,-1.4718380426297755,-0.5649562961295722
6.708333333333333,0.629202335200331,0.39107585498423386,-0.04439185034620198,-1.0317940592342656,-0.5649562961295725
6.716666666666667,0.630917786913979,0.02135831738039331,-0.05118859783025022,-0.6003574088612889,-0.5649562961295727
6.725,0.62956619841896,-0.34551659200096246,-0.0544051326130611,-0.1715618692036194,-0.5649562961295725
6.733333333333333,0.6251587230224438,-0.7125563451095069,-0.05403904812390998,0.26044302385990675,-0.5649562961295724
6.741666666666666,0.6176813448097247,-1.082809742378062,-0.05003924306511099,0.7015142023919392,-0.5649562961295723
6.75,0.607094156970795,-1.4594550366353098,-0.04230537477135126,1.1576292536484574,-0.5649562961295731
6.758333333333333,0.5933300022544495,-1.8458599556181026,-0.030686524008128862,1.6349530593928974,-0.5649562961295767
6.766666666666667,0.5762928687126186,-2.2455703601668042,-0.014979739156689233,2.1397828821062763,-0.5649562961295613
6.7749999999999995,0.5558569659118375,-2.662137107668121,0.005069960481881604,2.678216757088398,-0.5649562961295838
6.783333333333333,0.5318685196509859,-3.098593467237189,0.029764632201685483,3.255222967063407,-0.5649562961296353
6.791666666666667,0.5041545738341516,-3.5562135745300862,0.059436152797325476,3.8724758799639796,-0.5649562961294518
6.8,0.47254727852798567,-4.031904037425503,0.09440210215478981,4.523844848044674,-0.5649562961296338
6.808333333333334,0.4369385603548525,-4.513393680114796,0.1348692031133802,5.1871005905367795,-0.5649562961295951
6.816666666666666,0.3973848975506234,-4.972215165717443,0.18075043498530796,5.811828738564828,-0.5649562961301027
6.825,0.35426818000660387,-5.358533987702946,0.2313856060690943,6.310536692717101,-0.5649562961290963
6.833333333333333,0.3084537841497774,-5.609410240534907,0.28526695824920334,6.57293589378612,-0.5649562961289327
6.841666666666667,0.26128514181336354,-5.679570370155811,0.3400472766202417,6.519120664823531,-0.5649562961286635
6.85,0.21428799002319457,-5.573652279368111,0.39305032448430877,6.155475225934409,-0.5649562961301109
6.858333333333333,0.1687420736839463,-5.341607612543085,0.4420130750792357,5.567187609452534,-0.5649562961301128
6.866666666666666,0.12544216182280662,-5.043794537255979,0.48550489585811835,4.858384854388049,-0.5649562961297989
6.875,0.08473525731636411,-4.724960713966728,0.5228720468387303,4.107311703124859,-0.5649562961296105
6.883333333333333,0.04668151009960055,-4.4097190400495805,0.553968188877336,3.3583494777321894,-0.5649562961295567
6.891666666666667,0.01120091615814715,-4.108266403105304,0.5789075387659571,2.6316329981704136,-0.5649562961297587
6.8999999999999995,-0.021834096326527806,-3.822710459419305,0.5979093913524706,1.9337466871981415,-0.5649562961296697
6.908333333333333,-0.05255017382915172,-3.5512330026884764,0.6112171097524869,1.2647412464847116,-0.5649562961296668
6.916666666666667,-0.08105078589270506,-3.2903493746883137,0.6190611835674394,0.6219055041352041,-0.5649562961296906
6.925,-0.10740752525041307,-3.036015075975846,0.6216447191279649,0.0015716656688472752,-0.5649562961296816
6.933333333333334,-0.13165781082970612,-2.7841243668952274,0.619139158231486,-0.6001183724384972,-0.5649562961296809
6.941666666666666,-0.15380534094089995,-2.5307076346247186,0.6116839779127645,-1.1869625097883,-0.5649562961296841
6.95,-0.17382151241260965,-2.271983460045272,0.5993873157321951,-1.762696493391091,-0.5649562961296828
6.958333333333333,-0.19164694620371645,-2.0043403626728886,0.5823260572243931,-2.3311104542133063,-0.5649562961296813
6.966666666666667,-0.20719269686316638,-1.7242829645830648,0.5605446871197709,-2.8962222155724864,-0.5649562961296833
6.975,-0.22034092547757622,-1.4283590318649386,0.5340525699409279,-3.4624773330201513,-0.5649562961296829
6.983333333333333,-0.23094492275754552,-1.113078377885568,0.5028195195955523,-4.034956485360925,-0.5649562961296811
6.991666666666666,-0.23882847365900836,-0.7748396658310768,0.46676969289821074,-4.619564478189373,-0.5649562961296821
7.0,-0.24378475742460418,-0.4099008779635497,0.42577416075995744,-5.223144804813131,-0.5649562961296853
7.008333333333333,-0.2455754477260869,-0.014477286816941229,0.37964325458456083,-5.853386218379443,-0.5649562961297018
7.016666666666667,-0.24393176657799048,0.41484164173166665,0.32812154229649354,-6.518209521016262,-0.5649562961296278
7.0249999999999995,-0.23856167843105072,0.8799369635697233,0.27089229687170147,-7.223937569474408,-0.564956296129736
7.033333333333333,-0.2291725446306641,1.3784141833698984,0.20760693726343385,-7.970806543628428,-0.5649562961299283
7.041666666666667,-0.21552813955952121,1.8978218188938494,0.13797129897233745,-8.74332472143119,-0.5649562961294355
7.05,-0.1975715287545558,2.4055738526478727,0.061942786396864076,-9.493168654411795,-0.5649562961294908
7.058333333333334,-0.17564168249507367,2.8379576344925637,-0.019911398074756857,-10.119968209946272,-0.5649562961278688
7.066666666666666,-0.15073184184135316,3.1053917412823466,-0.10597654089110692,-10.478675011120894,-0.5649562961310162
7.075,-0.12454844090453704,3.1368939108124647,-0.19347454906849973,-10.45274038473219,-0.5649562961303907
7.083333333333333,-0.09909949082705331,2.937336997987043,-0.2791291687966256,-10.049668590122877,-0.5649562961315715
7.091666666666667,-0.07602357071605095,2.582965993710028,-0.36026572782524224,-9.393765978484234,-0.5649562961294983
7.1,-0.0562321006158091,2.161956145479646,-0.43539007514540556,-8.627325962434021,-0.5649562961297407
7.108333333333333,-0.040005763809277846,1.7345737108136299,-0.5040159318596006,-7.845275139622691,-0.5649562961295963
7.116666666666666,-0.027254891570003173,1.3309288776283688,-0.5662291459263211,-7.092649890478929,-0.5649562961299989
7.125,-0.017725729068652902,0.9622299018463192,-0.622350208377987,-6.384015721601293,-0.5649562961298251
7.133333333333333,-0.011115140753061905,0.6303406258457327,-0.6727525149358917,-5.719533780360162,-0.5649562961298257
7.141666666666667,-0.007123519112529054,0.33316173563419205,-0.7177835849539839,-5.0938256857474675,-0.564956296129857
7.1499999999999995,-0.005475741503946816,0.06718822655254555,-0.7577383434466102,-4.500073464798923,-0.5649562961298478
7.158333333333333,-0.005927648447166264,-0.1713967199118682,-0.7928552031577276,-3.9316912641336037,-0.56495629612985
7.166666666666667,-0.008266612480373333,-0.386307062948387,-0.8233208406147535,-3.382890886116059,-0.5649562961298485
7.175,-0.012310056323093841,-0.5810343022481538,-0.8492774405171205,-2.848777686995541,-0.5649562961298489
7.183333333333334,-0.017903550651535205,-0.758847443720064,-0.8708298461147623,-2.3252622028773655,-0.56495629612985
7.191666666666666,-0.024919122821702347,-0.9228356544793429,-0.8880516622857186,-1.8089097019402771,-0.5649562961298487
7.2,-0.033253978645582154,-1.0759615452119249,-0.9009900326572392,-1.2967772507235662,-0.5649562961298487
7.208333333333333,-0.04282966640327661,-1.2211129390479216,-0.9096690759962548,-0.7862564547510904,-0.5649562961298493
7.216666666666667,-0.05359165200118835,-1.3611495688486317,-0.9140920557468372,-0.27492695289144375,-0.5649562961298484
7.225,-0.0655092608704307,-1.4989444753356254,-0.9142423749723071,0.23957909791175513,-0.5649562961298489
7.233333333333333,-0.07857594443623504,-1.637420531479548,-0.9100834855013636,0.7597021112280562,-0.5649562961298491
7.241666666666666,-0.09280982877594415,-1.7795813120349235,-0.9015578016771514,1.2880683256016663,-0.5649562961298475
7.25,-0.10825448432641614,-1.928532140014253,-0.888584740191908,1.8275844616771968,-0.5649562961298497
7.258333333333333,-0.12497979463981364,-2.087480040426608,-0.8710581055565709,2.3814956455322664,-0.564956296129853
7.266666666666667,-0.14308265560108738,-2.2596870557007613,-0.8488432774890572,2.9533651890913504,-0.5649562961298376
7.2749999999999995,-0.1626869187175242,-2.4483229982363506,-0.8217751748128487,3.546887846558125,-0.5649562961298579
7.283333333333333,-0.18394133705873697,-2.656108380576891,-0.7896590508203721,4.165355462146817,-0.5649562961298927
7.291666666666667,-0.20701297495591994,-2.8845354766831255,-0.75227833795867,4.810419924955282,-0.5649562961297587
7.3,-0.23207111713366727,-3.1322861790065715,-0.7094178431902021,5.479508543711797,-0.5649562961299007
7.308333333333334,-0.25925269303477855,-3.3922717459339538,-0.6609174336589859,6.16090815867902,-0.5649562961299589
7.316666666666666,-0.28859543022223794,-3.6468249493474207,-0.606779660859675,6.825688013575154,-0.564956296129927
7.325,-0.31992564364108866,-3.8620537775414747,-0.5473540319969601,7.418101654001689,-0.5649562961295824
7.333333333333333,-0.3527123253688438,-3.986848480155743,-0.48357932940251286,7.8537002854305875,-0.5649562961288482
7.341666666666667,-0.38596849959561913,-3.9669162907641224,-0.4171482527618323,8.042753634308886,-0.5649562961300255
7.35,-0.41834498688760124,-3.775004374838502,-0.3503493076376429,7.941050352626918,-0.5649562961302348
7.358333333333333,-0.4484602454903708,-3.4312604463788055,-0.2855122215539218,7.583951214352413,-0.5649562961306489
7.366666666666666,-0.4752579239363426,-2.9885686129221796,-0.22441013746463437,7.061131946596331,-0.5649562961297538
7.375,-0.49814663833357664,-2.5009290722458988,-0.16803292212874468,6.462961378107418,-0.5649562961298928
7.383333333333333,-0.5169201198652793,-2.0055003690482764,-0.11673104679591256,5.850459227541088,-0.5649562961298215
7.391666666666667,-0.5316056188538288,-1.5219176031231085,-0.07047717795416909,5.254617725572031,-0.5649562961299909
7.3999999999999995,-0.5423409164184413,-1.0581141808187149,-0.029075898945210035,4.686586110826633,-0.5649562961299166
7.408333333333333,-0.5493005255217193,-0.6156991494852844,0.007711845022709171,4.146935398278849,-0.5649562961299143
7.416666666666667,-0.5526582827229516,-0.19330371943619856,0.04010680488704595,3.6313899007681196,-0.5649562961299318
7.425,-0.5525706848434627,0.21166867026503167,0.06828497473242942,3.1338195660774604,-0.5649562961299271
7.433333333333334,-0.5491705112714864,0.602228815268017,0.092368753937682,2.6476389855745803,-0.5649562961299271
7.441666666666666,-0.5425649635665248,0.981475289437828,0.11242594296033212,2.166383663118413,-0.5649562961299283
7.45,-0.5328354142437774,1.3525054302797086,0.12847167331396178,1.6838873416442082,-0.5649562961299276
7.458333333333333,-0.5200373808638578,1.718435498072704,0.14047094773477323,1.1942757675551052,-0.5649562961299273
7.466666666666667,-0.504200118083207,2.082464342956555,0.14834076341041183,0.6918858310420676,-0.5649562961299277
7.475,-0.48532563573160276,2.4479420153665608,0.15195147785757246,0.17117374237949293,-0.5649562961299284
7.483333333333333,-0.4633872413306802,2.818408821202241,0.15112755943512673,-0.373329848299509,-0.5649562961299326
7.491666666666666,-0.4383280481120208,3.1975531641260666,0.14564844653934733,-0.9469292909492212,-0.5649562961299143
7.5,-0.4100604898577862,3.5889894447958794,0.13525127253470554,-1.5543677042456072,-0.5649562961299406
7.508333333333333,-0.3784690688855244,3.9956595078406205,0.11963925622834859,-2.1987865578641936,-0.5649562961299973
7.516666666666667,-0.3434208775876215,4.4184833548294895,0.09850353802224743,-2.87939815023257,-0.5649562961297976
7.5249999999999995,-0.30479258509432816,4.853631225914522,0.07157335901804056,-3.5867963811010495,-0.564956296129989
7.533333333333333,-0.2625285424499247,5.287685512627741,0.038719649703596794,-4.294664114577594,-0.5649562961299184
7.541666666666667,-0.21674793399533634,5.690969636556353,0.00014250063799243129,-4.9483942592145835,-0.5649562961305017
7.55,-0.16790213558165373,6.013485755840248,-0.0433563501973627,-5.458346091951541,-0.56495629612947
7.558333333333334,-0.11691753857015758,6.194683851831595,-0.0901290620512376,-5.717148192156293,-0.564956296129408
7.566666666666666,-0.06516770178576049,6.1939946461538975,-0.13773609257380837,-5.65296097696228,-0.5649562961290256
7.575,-0.01417019084562529,6.019912768958129,-0.183480261020895,-5.280135270178344,-0.5649562961304317
7.583333333333333,0.03482234433233788,5.7229776078070485,-0.22512577782224033,-4.687184696659335,-0.5649562961304118
7.591666666666667,0.08103639717865994,5.361927172132699,-0.2612801837920359,-3.9780517747064077,-0.5649562961301555
7.6,0.12413081036566653,4.9796770974577,-0.2913222270072851,-3.2301599196759128,-0.5649562961299802
7.608333333333333,0.1640383358776883,4.599603187163962,-0.31513308519426164,-2.487561796154315,-0.5649562961299315
7.616666666666666,0.2008240427300661,4.231225900719329,-0.3328535834492684,-1.7704485869776327,-0.5649562961301082
7.625,0.23459655458398124,3.8763356711493953,-0.34473058697544795,-1.0855353557827583,-0.5649562961300343
7.633333333333333,0.2654618985257089,3.5330127613864852,-0.3510357100345153,-0.4328838925634562,-0.5649562961300323
7.641666666666667,0.2935026858437477,3.1978071038866953,-0.35202695861927863,0.1904133078093431,-0.5649562961300502
7.6499999999999995,0.31877034116155195,2.866799159043325,-0.3479323238564511,0.7884626643349119,-0.5649562961300444
7.658333333333333,0.3412834187183561,2.5360661479377944,-0.3389434195094545,1.3658157984891313,-0.5649562961300442
7.666666666666667,0.3610284195367643,2.201851078620161,-0.3252130429127951,1.9272211768591523,-0.5649562961300452
7.675,0.3779613450164176,1.8605881059703258,-0.3068536785593527,2.4776156231951005,-0.5649562961300452
7.683333333333334,0.39200914866496167,1.5088618417396953,-0.2839355685050853,3.0222209615240505,-0.5649562961300445
7.691666666666666,0.40307072932518584,1.1433438443558022,-0.2564838078197077,3.5666714729442828,-0.5649562961300446
7.7,0.4110174193380377,0.760741164008492,-0.2244744482184724,4.117114283108747,-0.5649562961300457
7.708333333333333,0.41569325310441835,0.3578057403806782,-0.18783013566988413,4.680203568196592,-0.5649562961300507
7.716666666666667,0.416915865042727,-0.06850254395446904,-0.14641672366121897,5.262837019800698,-0.5649562961300285
7.725,0.41447999194485113,-0.5205103649530692,-0.1000441594169465,5.871321162500653,-0.5649562961300625
7.733333333333333,0.4081678209145583,-0.9986098902721524,-0.04847873621078318,6.509336217473717,-0.564956296130142
7.741666666666666,0.39777469005561367,-1.4986566357068827,0.008518939488786082,7.173560495701665,-0.5649562961298968
7.75,0.38316536426753217,-2.0070908811589976,0.07110428949157019,7.845384078614762,-0.5649562961300635
7.758333333333333,0.3643817356871933,-2.493644572417405,0.13917116312971153,8.478348264324527,-0.5649562961296097
7.766666666666667,0.34181009459558315,-2.905630706856598,0.21207016568321538,8.987888902767585,-0.5649562961311926
7.7749999999999995,0.31634933671464593,-3.176069488866522,0.28831864811049396,9.264085787308698,-0.5649562961298574
7.783333333333333,0.28940944995037077,-3.2563201086550193,0.3655891439342986,9.225891886681763,-0.5649562961309705
7.791666666666667,0.26259633295936496,-3.1515461714680795,0.441222685502801,8.880800592439684,-0.564956296129006
7.8,0.23724673599988075,-2.9163811562491566,0.5129963052318514,8.317971196065546,-0.5649562961302688
7.808333333333334,0.21416686444286734,-2.6168617963791903,0.579552234096311,7.644811194120083,-0.5649562961300627
7.816666666666666,0.19367269382764374,-2.302065800848555,0.6403256060218211,6.94007233836273,-0.5649562961303396
7.825,0.1757639981969989,-1.9993982506552173,0.6952537098513112,6.2466056628921915,-0.5649562961301071
7.833333333333333,0.16028147229789896,-1.7209070293892812,0.7445179183598712,5.5823073751749375,-0.5649562961300919
7.841666666666667,0.1470049838761723,-1.4700887439727697,0.7883859950795937,4.95159552425477,-0.5649562961301818
7.85,0.13570477842377174,-1.246292751315584,0.8271331189922551,4.352712265152966,-0.5649562961301471
7.858333333333333,0.12616510142974727,-1.0470786790846993,0.861008253271068,3.7815539363367567,-0.5649562961301473
7.866666666666666,0.11819375253638144,-0.8693584373970886,0.8902230855847021,3.2334688035490604,-0.5649562961301539
7.875,0.11162505279254652,-0.7099079323649444,0.9149511107012459,2.704016171489029,-0.5649562961301514
7.883333333333333,0.10631997845076241,-0.5655732232908657,0.9353307146232009,2.1892304712672255,-0.564956296130152
7.891666666666667,0.10216524332743564,-0.43333525045252724,0.9514693988522611,1.6856611090055331,-0.5649562961301519
7.8999999999999995,0.09907213756396459,-0.31031234500541316,0.9634478791591725,1.1903165671756686,-0.5649562961301516
7.908333333333333,0.09697546739422536,-0.19373748188101433,0.9713235380215369,0.7005714429049786,-0.5649562961301519
7.916666666666667,0.09583272817684968,-0.08092675601858665,0.9751330430367627,0.21406181842895777,-0.5649562961301519
7.925,0.09562355142333545,0.030754226513308364,0.974894082003742,-0.27142124341588797,-0.5649562961301516
7.933333333333334,0.09634943235642844,0.14392393771519366,0.9706062132528883,-0.7580374336733281,-0.5649562961301515
7.941666666666666,0.09803373658710839,0.26121839056438456,0.9622508371842386,-1.2480025619104493,-0.5649562961301516
7.95,0.10072198673520766,0.385324925465774,0.9497902869403355,-1.7436947873641022,-0.5649562961301517
7.958333333333333,0.10448243200948257,0.5190162009277509,0.9331660281656734,-2.247762100358862,-0.5649562961301513
7.966666666666667,0.10940689558812357,0.6651822351150494,0.9122959654950192,-2.7632283411482823,-0.5649562961301509
7.975,0.11561185969225869,0.8268536592552636,0.8870709023856976,-3.2935877457875296,-0.5649562961301525
7.983333333333333,0.12323965460944104,1.007199308207397,0.857350342477685,-3.842862019488984,-0.5649562961301559
7.991666666666666,0.13245940019935104,1.2094602103706509,0.8229581621990918,-4.415559710437208,-0.5649562961301385
8.0,0.1434668722562346,1.4367384649878587,0.7836794498290641,-5.0164056698095445,-0.5649562961301634
8.008333333333333,0.15648146226307555,1.6914717097355876,0.7392614505727465,-5.649561273601993,-0.5649562961302124
8.016666666666666,0.17173636330443787,1.974257587390445,0.6894249439309106,-6.316773552180792,-0.5649562961300251
8.025,0.1894542612264171,2.281423291137931,0.6338988821274311,-7.013425725646671,-0.5649562961302214
8.033333333333333,0.2097945860780467,2.600485892309185,0.5725017943061149,-7.72100769767365,-0.5649562961302403
8.041666666666666,0.23275235788107818,2.903169488461012,0.5053042132048275,-8.395334826030437,-0.5649562961305008
8.05,0.25799714876777524,3.1390859645938334,0.43289330075396726,-8.955573863755347,-0.5649562961297027
8.058333333333334,0.2846975286586397,3.2411128701859573,0.3566663746849871,-9.292570265259924,-0.5649562961292806
8.066666666666666,0.31148806596644657,3.1550798018211044,0.2788914019628443,-9.317947616881064,-0.564956296129501
8.075,0.3367462295263784,2.8780934080276808,0.20225242552856165,-9.027943879363088,-0.5649562961306598
8.083333333333334,0.35906579092075064,2.461040911778421,0.12906877363772146,-8.507216412267734,-0.5649562961306714
8.091666666666667,0.37756440051965867,1.971648680368577,0.06079501569880617,-7.8667449537078715,-0.5649562961303313
8.1,0.39187319081596794,1.462223496300524,-0.0019474773763483843,-7.1902906125700214,-0.5649562961302006
8.108333333333333,0.4019629827862009,0.9623962562993094,-0.05907152547358419,-6.523132816284112,-0.5649562961301593
8.116666666666667,0.4079769207753107,0.48523896987373855,-0.11074275653462537,-5.8830021501578,-0.5649562961302994
8.125,0.41012435399733943,0.03460397908162521,-0.15720501196595738,-5.272704433925719,-0.5649562961302504
8.133333333333333,0.40862596042396854,-0.3900573658532372,-0.19869328354815918,-4.688295935795107,-0.5649562961302508
8.141666666666666,0.40368891768280396,-0.7911514862681156,-0.23539738606871477,-4.123353783345874,-0.5649562961302578
8.15,0.3954970228735562,-1.1717593290687975,-0.2674506263197889,-3.5709438626245977,-0.5649562961302566
8.158333333333333,0.38420741783649637,-1.5351518674657334,-0.2949294091413642,-3.024417586032288,-0.5649562961302572
8.166666666666666,0.36994979023285196,-1.8846378658319178,-0.3178568798895712,-2.4776548780238907,-0.5649562961302567
8.175,0.3528261396661489,-2.2235596851516846,-0.33620741438529933,-1.9250587529116756,-0.5649562961302567
8.183333333333334,0.3329102946063645,-2.5553469562318907,-0.34991057162843164,-1.3614485130180958,-0.5649562961302573
8.191666666666666,0.3102469129169607,-2.8835807662654,-0.3588540124051137,-0.7819282731562682,-0.5649562961302546
8.2,0.2848500217177554,-3.212034293176621,-0.36288541474157043,-0.1817874119214923,-0.5649562961302586
8.208333333333334,0.2567014570831697,-3.5446471643089397,-0.36181393387110433,0.44349349187362447,-0.5649562961302691
8.216666666666667,0.225750042085741,-3.8853563126472306,-0.35541258302050655,1.097997086258036,-0.5649562961302275
8.225,0.19191326473818193,-4.2376301600096395,-0.3434245113752464,1.7846191565489489,-0.564956296130281
8.233333333333333,0.15508503623832895,-4.603409020817841,-0.3255792903879703,2.5033032752223394,-0.5649562961303699
8.241666666666667,0.115156483724003,-4.980927201281676,-0.30163110309802704,3.2473630468878074,-0.5649562961300787
8.25,0.07206206216618413,-5.360693630083765,-0.2714398208087252,3.9966630076484475,-0.5649562961302932
8.258333333333333,0.025868301679435192,-5.719358475861322,-0.23512441469281042,4.707221856669609,-0.5649562961298945
8.266666666666666,-0.023084470331432863,-6.014000190579249,-0.19330577804321633,5.301654625595776,-0.5649562961313488
8.275,-0.07402324282741804,-6.185800870938358,-0.14737610449143018,5.675946989604139,-0.564956296129919
8.283333333333333,-0.12569489384537696,-6.184081138243449,-0.09957200789563225,5.741413879938797,-0.5649562961307975
8.291666666666666,-0.17658038977706855,-6.000273569106987,-0.05259267879077835,5.4836333540905375,-0.5649562961291049
8.3,-0.22530477220508732,-5.675037750316472,-0.008879220112007442,4.974624218655468,-0.5649562961305751
8.308333333333334,-0.2709414388564265,-5.26909445086525,0.029921069977997126,4.322042303506384,-0.5649562961303841
8.316666666666666,-0.3130400999763651,-4.832568268971095,0.06300903368579525,3.6157108390424386,-0.5649562961305392
8.325,-0.35148339542130913,-4.395188492497135,0.09018805838495482,2.910275344622466,-0.5649562961303222
8.333333333333334,-0.38632902554145754,-3.9703805135563055,0.11159060446398043,2.2320049177921426,-0.5649562961302995
8.341666666666667,-0.41770235864018823,-3.561966655855214,0.1274902655387032,1.590227249324021,-0.5649562961304031
8.35,-0.4457382706440996,-3.1690191931467626,0.1381980649254074,0.9856503487707745,-0.564956296130365
8.358333333333333,-0.4705541804767047,-2.7885929842806325,0.14401231917861143,0.41506250950490786,-0.5649562961303652
8.366666666666667,-0.4922395680584439,-2.4170749750156664,0.14519689485393686,-0.12633754255872903,-0.5649562961303715
8.375,-0.510853260391255,-2.050781547287675,0.14197291938561304,-0.6439002652015348,-0.5649562961303701
8.383333333333333,-0.5264239395526694,-1.6861792394928605,0.13451615433019626,-1.143129606314735,-0.5649562961303707
8.391666666666666,-0.5389516467069653,-1.3199257107358318,0.12295623016369363,-1.6295928804651942,-0.5649562961303697
8.4,-0.5484092424376585,-0.9488296502418072,0.10737598646141797,-2.1089660496944114,-0.5649562961303702
8.408333333333333,-0.5547433826890457,-0.5697810163369499,0.08781019208705426,-2.5871263645399245,-0.5649562961303708
8.416666666666666,-0.5578749088081749,-0.17968552586828082,0.06424349649769943,-3.070235384791947,-0.5649562961303687
8.425,-0.5576988336371551,0.2245591789868248,0.03660793462799194,-3.5647505487160625,-0.564956296130372
8.433333333333334,-0.554084507464382,0.645982256733267,0.004780972561351776,-4.077260004961491,-0.5649562961303828
8.441666666666666,-0.5468772977828963,1.0872293164974607,-0.03141366548186755,-4.6139324810813545,-0.5649562961303419
8.45,-0.5359045920170462,1.5497810357294337,-0.07219765526640398,-5.179171406397248,-0.5649562961303941
8.458333333333334,-0.5209917126976998,2.032262479886375,-0.11781273699332817,-5.772722072797018,-0.5649562961304747
8.466666666666667,-0.5019979404449039,2.5271894683939493,-0.16846096617437165,-6.384097988995928,-0.5649562961302733
8.475,-0.4788881101995395,3.015680707568282,-0.22418386665485776,-6.983472607992002,-0.564956296130307
8.483333333333333,-0.45185318778571304,3.461552063090305,-0.2846567317235386,-7.5113648636922195,-0.5649562961296678
8.491666666666667,-0.42146199042848326,3.811423672868223,-0.34892688964908575,-7.87836207212435,-0.5649562961312964
8.5,-0.3887481019366322,4.011691173910234,-0.4152580741729568,-7.993507274278024,-0.5649562961304573
8.508333333333333,-0.3550830032668233,4.040010752827774,-0.48133558496410006,-7.817705013101779,-0.5649562961314023
8.516666666666666,-0.32182514903370113,3.921523187412942,-0.5448532992444893,-7.39163021558728,-0.5649562961297409
8.525,-0.28998260501673395,3.7098875836991017,-0.6040814295355248,-6.804024231570088,-0.5649562961304924
8.533333333333333,-0.2601071818311301,3.456764112085266,-0.6580453631580956,-6.140363392800253,-0.5649562961303508
8.541666666666666,-0.23238713101388345,3.196863423135742,-0.7063710783032335,-5.457864212201897,-0.5649562961306009
8.55,-0.20679318587866818,2.9484650318391687,-0.7490424788706455,-4.786562269047109,-0.5649562961304212
8.558333333333334,-0.18319290319387277,2.7190081130734467,-0.7862133983309442,-4.13882050478949,-0.5649562961304085
8.566666666666666,-0.1614193844530751,2.509979489599435,-0.8180967237999767,-3.51754652697749,-0.5649562961304798
8.575,-0.14130701808955415,2.3199530247073974,-0.8449086882607171,-2.9212453177559747,-0.5649562961304504
8.583333333333334,-0.12270819554467687,2.146222248514466,-0.8668445870134179,-2.3466907697020942,-0.56495629613045
8.591666666666667,-0.10550020815376188,1.9856069378816368,-0.8840703922661471,-1.7902100877313556,-0.5649562961304572
8.6,-0.08958743951621427,1.834824268280832,-0.8967217041014065,-1.2482419787043446,-0.5649562961304542
8.608333333333333,-0.07490147654939207,1.6906429217230197,-0.904905673284899,-0.7175346055759366,-0.5649562961304543
8.616666666666667,-0.0614004244926992,1.5499329579739782,-0.908703763795396,-0.1951704861862534,-0.5649562961304552
8.625,-0.04906803437988682,1.4096672013037477,-0.9081743406976884,0.3214901240931362,-0.5649562961304546
8.633333333333333,-0.037912922766297055,1.26690058319475,-0.9033546063016977,0.8349043806289942,-0.5649562961304541
8.641666666666666,-0.02796801168571324,1.1187391239631308,-0.8942616536614234,1.3474616265856538,-0.564956296130455
8.65,-0.01929025363114666,0.9623028930348555,-0.8808925090285434,1.8616106751737458,-0.5649562961304547
8.658333333333333,-0.011960686702258113,0.7946837884894137,-0.863223068052624,2.3799980216517302,-0.5649562961304535
8.666666666666666,-0.0060848645216272056,0.6128977423976147,-0.8412058331833944,2.9056174419425402,-0.5649562961304548
8.675,-0.001793707314821913,0.4138316716758165,-0.8147663573459926,3.4419705638916076,-0.5649562961304546
8.683333333333334,0.0007551942643938122,0.1941890342794963,-0.7837983198463061,3.9932328536903396,-0.5649562961304535
8.691666666666666,0.0013758556521014334,-0.049553038174363045,-0.7481572559623074,4.564405567314857,-0.5649562961304524
8.7,-0.00014802735083893758,-0.3211408880829797,-0.7076532434410006,5.161400786609495,-0.5649562961304584
8.708333333333334,-0.004064532159272143,-0.6244139128705146,-0.6620435682317681,5.790929294950256,-0.5649562961304789
8.716666666666667,-0.010652752614423167,-0.9628596394870267,-0.6110281071427552,6.45988702661936,-0.5649562961303862
8.725,-0.020215720164755802,-1.3384452996724225,-0.554254070638428,7.173561689269843,-0.5649562961305156
8.733333333333333,-0.03305788448998227,-1.7488939307476712,-0.4913451338423165,7.931255830635501,-0.5649562961307172
8.741666666666667,-0.04942865131203367,-2.1819834945750873,-0.4219859765741302,8.716880508241177,-0.5649562961301703
8.75,-0.06940088459586652,-2.605566163519288,-0.34611533544594575,9.482152223857586,-0.564956296130269
8.758333333333333,-0.0926556396678602,-2.9563884271459044,-0.26427886834113073,10.127237367386124,-0.5649562961285917
8.766666666666666,-0.11822048834357547,-3.144368042750767,-0.17806792777478714,10.506611471987762,-0.5649562961319111
8.775,-0.14439759439044372,-3.096073285125671,-0.0902523423687785,10.500510793258353,-0.5649562961311267
8.783333333333333,-0.1691633917491254,-2.8135369004889177,-0.0041321312891290434,10.112739051025756,-0.5649562961323551
8.791666666666666,-0.19084850052134508,-2.372425653282833,0.07757656681148681,9.467385146024219,-0.5649562961302426
8.8,-0.20851479724243913,-1.8621536254723008,0.15334883726290638,8.70896493827274,-0.5649562961305192
8.808333333333334,-0.22186595939680998,-1.344173454119022,0.22268483526882907,7.9339470913770205,-0.5649562961303781
8.816666666666666,-0.23098310861839863,-0.8491156878135341,0.28566315553980026,7.187381909871539,-0.5649562961307515
8.825,-0.23611380684306524,-0.3882919212075267,0.34259275130011974,6.482916549726871,-0.5649562961306015
8.833333333333334,-0.23755517617241562,0.03645981288786268,0.39382617085588617,5.819471326040928,-0.5649562961306032
8.841666666666667,-0.23560055407729097,0.4272641514758689,0.4396795510901391,5.19041031770676,-0.5649562961306256
8.85,-0.23051868702222728,0.7876275017023943,0.4804062939125842,4.58774704937563,-0.5649562961306206
8.858333333333333,-0.22254737711854972,1.1213662095821033,0.5161939944595361,4.003832289149959,-0.5649562961306228
8.866666666666667,-0.21189278161141223,1.4322282034217726,0.5471700302856267,3.4319011705915248,-0.5649562961306206
8.875,-0.1987304479055589,1.7238115615617284,0.5734094018698984,2.8661373081188004,-0.564956296130621
8.883333333333333,-0.18320645914557254,1.9996003180556308,0.5949421839751293,2.3015458999120013,-0.5649562961306225
8.891666666666666,-0.1654380847713874,2.2630393196882017,0.611759588035331,1.7337600474961121,-0.5649562961306203
8.9,-0.1455137680554915,2.517615059860477,0.6238183254108921,1.1588320279904,-0.5649562961306213
8.908333333333333,-0.12349246901154855,2.7669278104439012,0.6310432546469197,0.5730331337968055,-0.5649562961306229
8.916666666666666,-0.09940247699489035,3.0147449266843225,0.6333284573877759,-0.027319901636833496,-0.5649562961306175
8.925,-0.07323990737926951,3.2650197546155737,0.6305370702671825,-0.645983350657434,-0.5649562961306239
8.933333333333334,-0.044967289656472315,3.5218428488963065,0.6225005479864691,-1.2867906364881732,-0.5649562961306361
8.941666666666666,-0.014513074085011061,3.789253341745013,0.6090187677777085,-1.953417048567084,-0.5649562961305862
8.95,0.01822622489436834,4.07076007331446,0.5898639187016768,-2.6486474537006024,-0.5649562961306489
8.958333333333334,0.053377725726256,4.368275794774549,0.5647942002554934,-3.372641310069935,-0.5649562961307434
8.966666666666667,0.09107080335128222,4.679934244852917,0.5335891300036452,-4.119292385229441,-0.5649562961304241
8.975,0.13139028964650168,4.996045119315365,0.49612751281591955,-4.869415217667002,-0.5649562961306612
8.983333333333333,0.17428658318822088,5.292868275271535,0.4525381625726011,-5.58022083083049,-0.5649562961302318
8.991666666666667,0.21943164597045994,5.526731339638484,0.4034420209165456,-6.1754125209214505,-0.5649562961317738
9.0,0.26605689234245233,5.637735429826408,0.35022369947461307,-6.5517450553353225,-0.56495629613026
9.008333333333333,0.31290584944270705,5.574640674760963,0.29510455478782105,-6.6218760188395605,-0.5649562961311955
9.016666666666666,0.35845835972169493,5.330112462530209,0.2407492830198881,-6.374791254289999,-0.5649562961294186
9.025,0.4013556311934234,4.947463763200567,0.18952974750309684,-5.886975604252338,-0.5649562961309251
9.033333333333333,0.44070842429393753,4.489541107331476,0.142993573129543,-5.268466886058081,-0.56495629613072
9.041666666666666,0.4761153978918856,4.007121649844449,0.1018340749573303,-4.608270066451256,-0.5649562961308882
9.05,0.507509009826185,3.529629038670208,0.06615789048692985,-3.9583350241279267,-0.5649562961306762
9.058333333333334,0.5349928937387015,3.069955829255648,0.03576739571053392,-3.3418599738409704,-0.5649562961306559
9.066666666666666,0.5587343419555519,2.6315249501283806,0.01034821240350237,-2.7654551425411724,-0.5649562961307509
9.075,0.5789076952630989,2.2132166846120436,-0.010431001430763972,-2.227637139608058,-0.5649562961307171
9.083333333333334,0.5956689813338029,1.8120626149141739,-0.026872690451168305,-1.723486399888036,-0.5649562961307172
9.091666666666667,0.6091465880735859,1.4245351788264182,-0.03923233752277037,-1.246893242526998,-0.564956296130723
9.1,0.6194392350166621,1.0470943399088428,-0.047713199762392855,-0.7915294399168492,-0.5649562961307215
9.108333333333333,0.6266168049749811,0.6763720970531649,-0.05246623542479019,-0.3511992371756686,-0.5649562961307217
9.116666666666667,0.6307219217321803,0.3091889489781598,-0.05359160204585081,0.08009694692928296,-0.5649562961307216
9.125,0.6317713117483935,-0.0575039972190544,-0.05114008339928462,0.5082254739142373,-0.5649562961307217
9.133333333333333,0.6297565387847535,-0.426712547717364,-0.04511374663943012,0.939032616598046,-0.5649562961307217
9.141666666666666,0.624643971278932,-0.8014928838496392,-0.0354655930483551,1.3784676259574462,-0.564956296130721
9.15,0.6163740114146863,-1.1850317548352824,-0.022098252068295444,1.8326833004287786,-0.5649562961307225
9.158333333333333,0.6048598040859385,-1.5806846696619372,-0.00486208821559654,2.3080653858053988,-0.5649562961307278
9.166666666666666,0.5899859860604484,-1.9919146200704894,0.01644632810675693,2.811092905701192,-0.5649562961307065
9.175,0.5716087447975297,-2.422011043319577,0.04208322410033481,3.3478237353093743,-0.5649562961307363
9.183333333333334,0.549559922078487,-2.8733443769492952,0.07234943075203018,3.9225860648878776,-0.5649562961307993
9.191666666666666,0.5236607727898047,-3.3456938349857737,0.10756538600316556,4.535081533343163,-0.5649562961305856
9.2,0.493756009653234,-3.8329100238702187,0.14801109418737732,5.174628380945647,-0.5649562961307705
9.208333333333334,0.45978522333414185,-4.317229753354729,0.1938016494792487,5.810360687419642,-0.5649562961305786
9.216666666666667,0.42190901187291063,-4.762348725889965,0.24466837322387686,6.379262131039209,-0.56495629613155
9.225,0.3806772212739203,-5.112054648901858,0.29966688839638866,6.78371438006219,-0.5649562961302936
9.233333333333333,0.3371407401385824,-5.307137036444951,0.35698137653028217,6.92048520776098,-0.5649562961307545
9.241666666666667,0.29273544318007877,-5.320385022853179,0.4141205290174969,6.741004747171014,-0.5649562961295626
9.25,0.248906564901003,-5.176753324462098,0.4685618564120577,6.286425249829618,-0.5649562961311334
9.258333333333333,0.20673291372043268,-4.933341815495931,0.5184001506998002,5.653694850707937,-0.5649562961309974
9.266666666666666,0.16680680160722788,-4.645091836036171,0.5625598903374515,4.936911737954779,-0.5649562961309977
9.275,0.1293372684496685,-4.34810925695114,0.6006254003237287,4.19871984493786,-0.5649562961307608
9.283333333333333,0.09431103839081452,-4.060568351497081,0.6325714547827732,3.471743816847231,-0.5649562961307244
9.291666666666666,0.06161593572412899,-3.7891014387554662,0.6585570905345101,2.769392023681896,-0.5649562961308819
9.3,0.031113099130696865,-3.5341939668242826,0.678805948761518,2.094961607768028,-0.5649562961308141
9.308333333333334,0.0026732704115114414,-3.2934462235468356,0.6935470955384962,1.44710835859143,-0.5649562961308121
9.316666666666666,-0.0238070890420764,-3.063278495386048,0.7029894947989339,0.822667410351246,-0.56495629613083
9.325,-0.04839980784555854,-2.8397487434122084,0.7073130388676245,0.21796373284204226,-0.564956296130823
9.333333333333334,-0.07114370612802672,-2.6189136082639526,0.7066668840579008,-0.37065583196328344,-0.5649562961308223
9.341666666666667,-0.09204526131996031,-2.3969658084392877,0.701170433859922,-0.946673352875179,-0.5649562961308252
9.35,-0.11107991819811525,-2.1702644305746497,0.6909147040800986,-1.5134349953601667,-0.5649562961308239
9.358333333333333,-0.12819341040560336,-1.935313415607536,0.6759629798509372,-2.0742752635130155,-0.5649562961308224
9.366666666666667,-0.14330277962296084,-1.688713120531551,0.6563502305022386,-2.632686092878776,-0.5649562961308244
9.375,-0.15629691861376355,-1.4270956207514565,0.6320810027658794,-3.192510743360549,-0.5649562961308239
9.383333333333333,-0.16703652702687818,-1.1470493438443883,0.6031256329775234,-3.7581517532264517,-0.5649562961308219
9.391666666666666,-0.1753534184284685,-0.8450405496935215,0.5694147078460219,-4.334780459892207,-0.5649562961308241
9.4,-0.18104921754753422,-0.5173502327520586,0.5308318621716995,-4.92851930366938,-0.5649562961308251
9.408333333333333,-0.18389374311041704,-0.16007348120442205,0.4872053999453623,-5.5465234450140635,-0.5649562961308323
9.416666666666666,-0.18362400104168092,0.23070578697231295,0.438300221499502,-6.196781114525424,-0.564956296130793
9.425,-0.17994618591514783,0.6583051960878373,0.38381392653310314,-6.887208118277691,-0.5649562961308583
9.433333333333334,-0.17254638611142156,1.1238318141123878,0.3233864190806034,-7.623089573402167,-0.5649562961310133
9.441666666666666,-0.16112256948423417,1.6224390369386799,0.25664393669877356,-8.400951772342518,-0.5649562961304964
9.45,-0.145462637978421,2.135704298134925,0.18331941266290275,-9.195822628621128,-0.564956296130867
9.458333333333334,-0.12560598788110236,2.619441393876646,0.10351384101950895,-9.94045813449038,-0.5649562961298015
9.466666666666667,-0.1021051143359721,2.994452109413681,0.01813108656905068,-10.508760142870255,-0.5649562961331364
9.475,-0.07627089728342921,3.1649020721819667,-0.07070269634788731,-10.74489224118285,-0.5649562961310695
9.483333333333333,-0.05007695665714355,3.0795364571025385,-0.15977798933577295,-10.564623917153481,-0.5649562961308744
9.491666666666667,-0.025552621837261667,2.7774659477872397,-0.24579176443517559,-10.031815980265817,-0.564956296132837
9.5,-0.0041257114681924716,2.3524931964251676,-0.32642214851051127,-9.29901818950355,-0.564956296131072
9.508333333333333,0.013551060921840481,1.8886017249829066,-0.40059897555447904,-8.5005519181672,-0.5649562961310203
9.516666666666666,0.027382313604128558,1.4350582466331285,-0.4681309830220442,-7.7124309540529605,-0.5649562961306902
9.525,0.0375586995465079,1.0134306291230335,-0.5292552940079173,-6.965233080287114,-0.5649562961311022
9.533333333333333,0.044379791591968816,0.6300992265293005,-0.5843507048148925,-6.265424205529107,-0.5649562961310115
9.541666666666666,0.048165613756362885,0.28458229275292674,-0.6338005080038299,-5.609250729372677,-0.5649562961309909
9.55,0.049219248272223244,-0.026245741013388713,-0.6779397534330608,-4.989624214036897,-0.5649562961310142
9.558333333333334,0.047813704280218194,-0.3062861510602957,-0.7170415926010789,-4.399069177660651,-0.56495629613101
9.566666666666666,0.044189042963406644,-0.5594759442629904,-0.7513194211663083,-3.8308136378407065,-0.5649562961310125
9.575,0.03855330565988926,-0.789545153502848,-0.7809342828943189,-3.2790770601270816,-0.5649562961310106
9.583333333333334,0.031084480364364588,-0.9999790328646315,-0.8060031169536797,-2.7390355532816235,-0.5649562961310101
9.591666666666667,0.0219324091365445,-1.1940566220088762,-0.8266061419936714,-2.2066707456397388,-0.564956296131012
9.6,0.011220258427294178,-1.374911626182023,-0.842792813826759,-1.6785869710992978,-0.5649562961310105
9.608333333333333,-0.0009545310161337343,-1.5455944534926664,-0.8545862494843742,-1.151828985082828,-0.5649562961310103
9.616666666666667,-0.014519788976707651,-1.7091283773606807,-0.8619861748598366,-0.6237107170065026,-0.5649562961310113
9.625,-0.029428598244882042,-1.8685583770020346,-0.8649705006625644,-0.09165742562066209,-0.56495629613101
9.633333333333333,-0.045659653479308414,-2.0269925799232693,-0.863495640843042,0.4469380661282199,-0.5649562961310104
9.641666666666666,-0.06321793061365229,-2.1876348516736144,-0.8574957007086227,0.9948419416275086,-0.5649562961310125
9.65,-0.08213557305629236,-2.3538026796239913,-0.8468807136011759,1.5550785183014384,-0.5649562961310075
9.658333333333333,-0.10247281765666524,-2.528915108751814,-0.8315342462990525,2.130976443140109,-0.5649562961310103
9.666666666666666,-0.1243185865669159,-2.7164165634394304,-0.8113110202515669,2.7261053492217755,-0.5649562961310322
9.675,-0.1477899476754576,-2.9195649125540455,-0.7860358980085637,3.343983960794455,-0.5649562961309821
9.683333333333334,-0.17302878017894405,-3.140939987351996,-0.7555070279327373,3.987319246902092,-0.5649562961310087
9.691666666666666,-0.20019229101758057,-3.3813990723476226,-0.7195087785498321,4.656316041508647,-0.5649562961311656
9.7,-0.22943096996703638,-3.6380107024479034,-0.6778452655080605,5.345261621975635,-0.5649562961308708
9.708333333333334,-0.26084291508187346,-3.9003515569140585,-0.6304132185144876,6.036329333534904,-0.5649562961310103
9.716666666666667,-0.29438947698131634,-4.14502044296818,-0.5773398823303278,6.690318915427657,-0.5649562961305321
9.725,-0.3297645017958081,-4.330786844552125,-0.5191995875467966,7.238382388866141,-0.5649562961317721
9.733333333333333,-0.3662516166500585,-4.402410535525226,-0.4572514400757678,7.588352094961725,-0.5649562961310466
9.741666666666667,-0.40268588120294124,-4.312678601631574,-0.3935014616760979,7.661929458953266,-0.564956296131612
9.75,-0.4376536480217912,-4.053305401893641,-0.3303623818246027,7.446859249727149,-0.5649562961302341
9.758333333333333,-0.4698724076025058,-3.6618984406871333,-0.2700108978076422,7.008305737676745,-0.5649562961310652
9.766666666666666,-0.49847858500656816,-3.1956799715004736,-0.21390515989723402,6.443808225659161,-0.5649562961311195
9.775,-0.523061591855875,-2.702805457815763,-0.16273513524189448,5.834555834334396,-0.5649562961311898
9.783333333333333,-0.5435340173601466,-2.2125318025311977,-0.1166497706790989,5.229013059256641,-0.5649562961310944
9.791666666666666,-0.559983451295151,-1.7386362827743078,-0.07551238655786834,4.649069204414956,-0.5649562961310156
9.8,-0.5725697063445759,-1.2856237582861536,-0.0390766270157831,4.100792762105059,-0.5649562961311081
9.808333333333334,-0.5814682430826377,-0.8533305484882867,-0.007082672245996948,3.5823521883022638,-0.5649562961310907
9.816666666666666,-0.5868433510934192,-0.43954378971545216,0.02069767191605078,3.0885116109616195,-0.5649562961310851
9.825,-0.5888371549664978,-0.04129781249614741,0.04444306070591465,2.6128615268958084,-0.5649562961310912
9.833333333333334,-0.5875660662825772,0.34455622929297225,0.06427756948544952,2.1488130443480062,-0.5649562961310904
9.841666666666667,-0.5831202796859364,0.7211459971978473,0.0802710557295192,1.6899743304428305,-0.5649562961310897
9.85,-0.5755641547771032,1.0915477028326286,0.09244128185251811,1.2302340052030476,-0.5649562961310907
9.858333333333333,-0.5649364784133859,1.4588341200173796,0.10075610765142086,0.7637127874182181,-0.5649562961310904
9.866666666666667,-0.5512501794497068,1.8261520817235126,0.1051350288236066,0.2846647033055831,-0.5649562961310902
9.875,-0.5344913809692899,2.196799507928312,0.10544985833066377,-0.2126223574224952,-0.5649562961310891
9.883333333333333,-0.5146179132123847,2.5742718420414312,0.10152474595942935,-0.7338758567871079,-0.5649562961310902
9.891666666666666,-0.4915577271549032,2.9622282567014158,0.0931362715433697,-1.2847524319675416,-0.5649562961311095
9.9,-0.46520824019736723,3.3642789205200248,0.08001536525361279,-1.8704462485850146,-0.5649562961310636
9.908333333333333,-0.43543884236339964,3.7833935294544685,0.06185487026197307,-2.494647892503459,-0.5649562961310877
9.916666666666666,-0.402101159321111,4.220546222706732,0.03833063544798575,-3.1571925165085153,-0.5649562961312746
9.925,-0.3650559638617809,4.67194351248387,0.009151395839745943,-3.8492776067728935,-0.5649562961309459
9.933333333333334,-0.324231885729246,5.124058663950631,-0.025836602874025533,-4.544927477115786,-0.5649562961310919
9.941666666666666,-0.2797347061022661,5.5467215373423135,-0.0664582026056445,-5.189165184018607,-0.5649562961301866
9.95,-0.23200891496647566,5.888855322623185,-0.1119289613395447,-5.69085949850132,-0.5649562961321334
9.958333333333334,-0.18198460040288805,6.088578676213444,-0.16060239381239902,-5.940510455959898,-0.5649562961311378
9.966666666666667,-0.13104749750722178,6.10481482146473,-0.2100259234300055,-5.865282025320471,-0.5649562961326317
9.975,-0.08072562728451625,5.946935698128804,-0.25749003464023956,-5.480624790276942,-0.5649562961302645
9.983333333333333,-0.03227209506685467,5.66676632585325,-0.30075956325230957,-4.876681562200143,-0.5649562961311868
9.991666666666667,0.01354748255784943,5.323673737645667,-0.3384520342271361,-4.157886213520833,-0.5649562961310562
10.0,0.056402045455276016,4.960537885692984,-0.36995547529812317,-3.4011255821182327,-0.5649562961313666
10.008333333333333,0.0962328659679738,4.600454547163474,-0.3951543547403598,-2.6496630618908603,-0.5649562961312119
10.016666666666666,0.13311113299298252,4.252669910059542,-0.4141868174166591,-1.9230820041180279,-0.5649562961311171
10.025,0.16714956882904408,3.9187642262692295,-0.4272931013216659,-1.2277559311244681,-0.5649562961312332
10.033333333333333,0.19845677123192582,3.5966570301917073,-0.43473631267441604,-0.563626167788394,-0.5649562961312085
10.041666666666666,0.2271167044369345,3.282763359863725,-0.43676565165132475,0.07217490283207886,-0.5649562961311996
10.05,0.2531810736646839,2.9730395265848264,-0.4336011389191759,0.6835993362591787,-0.5649562961312098
10.058333333333334,0.2766677004441287,2.6634432872909084,-0.4254280699205249,1.274960818169082,-0.564956296131208
10.066666666666666,0.29756137488566714,2.3501025989403623,-0.41239517660407127,1.8507082876927485,-0.5649562961312068
10.075,0.31581545430232427,2.029343079037479,-0.3946135653302938,2.415436316341679,-0.5649562961312078
10.083333333333334,0.3313533756255058,1.6976483612594544,-0.3721550590255007,2.9740028202747637,-0.5649562961312081
10.091666666666667,0.3440696990579377,1.3515921895460699,-0.3450493577443759,3.5316863910631944,-0.5649562961312068
10.1,0.3538305642146111,0.9877700258342454,-0.3132798858045234,4.09433646700327,-0.5649562961312071
10.108333333333333,0.3604736913335945,0.6027660105011639,-0.27677860663637716,4.668458488109216,-0.564956296131208
10.116666666666667,0.3638084728552104,0.1932236294935274,-0.2354207501129354,5.261123924037946,-0.5649562961312247
10.125,0.3636175450442542,-0.24383597000197166,-0.18902176935665096,5.879469433553459,-0.5649562961311814
10.133333333333333,0.35966300544323954,-0.71014812352525,-0.13734178267898062,6.529285113882168,-0.5649562961312046
10.141666666666666,0.3517040284560638,-1.2042057465596396,-0.08010879182374053,7.211699371044503,-0.564956296131429
10.15,0.3395391186152159,-1.7171560549551566,-0.017083068393158103,7.916283463334423,-0.5649562961310637
10.158333333333333,0.3230949138925325,-2.225656384872475,0.051799670204331176,8.608882730222602,-0.5649562961312151
10.166666666666666,0.30258377897373123,-2.683245946850724,0.1261667561231107,9.216589596726903,-0.5649562961297067
10.175,0.2787096507510583,-3.0199872659529086,0.20485957960103438,9.626143922873222,-0.564956296132278
10.183333333333334,0.25278050831926346,-3.1677003155521364,0.28573235969324934,9.725254367065798,-0.564956296131252
10.191666666666666,0.2265036697030073,-3.105793943614653,0.3659771182933757,9.479160596371301,-0.5649562961333813
10.2,0.20147990763248322,-2.878334962732601,0.44295412431364517,8.959554947087646,-0.5649562961307555
10.208333333333334,0.17878483622036517,-2.5591145053385564,0.5148792652441981,8.28647691389524,-0.564956296131329
10.216666666666667,0.15890761003937948,-2.210323689076363,0.5809174534788388,7.559818931246419,-0.5649562961310354
10.225,0.14192342887353585,-1.869029805803569,0.640891562150016,6.837584460824242,-0.5649562961314711
10.233333333333333,0.12768753668461513,-1.5524142718445428,0.6949619179943876,6.145265779147953,-0.564956296131334
10.241666666666667,0.1159649532546177,-1.266188461468965,0.743416671257764,5.4901283949791955,-0.5649562961312783
10.25,0.10649947786919012,-1.0104588500644738,0.7865642987855027,4.870979863615733,-0.5649562961313455
10.258333333333333,0.09904560226588191,-0.7829164254015721,0.8246873521874342,4.283375302586902,-0.5649562961313317
10.266666666666666,0.09338141005836316,-0.580374823119651,0.8580268691848094,3.722053523222662,-0.5649562961313295
10.275,0.08931264616241298,-0.3994516605199163,0.8867804856197321,3.181958416183111,-0.5649562961313324
10.283333333333333,0.08667303326550733,-0.2368398081844717,0.9111059284983988,2.658595359778782,-0.5649562961313315
10.291666666666666,0.08532320813657673,-0.08939241628170061,0.931126078846669,2.14809258746434,-0.5649562961313322
10.3,0.08514933111032029,0.045872027822118716,0.9469339580042779,1.6471401410525324,-0.5649562961313319
10.308333333333334,0.08606180549387085,0.17179591921902657,0.9585969836400102,1.1528838229258032,-0.5649562961313315
10.316666666666666,0.08799426601450347,0.29111868545284947,0.9661602781172312,0.6628071318711116,-0.5649562961313318
10.325,0.09090287749037668,0.40651428569203385,0.9696489910060193,0.17461385645774014,-0.5649562961313316
10.333333333333334,0.09476594091243969,0.5206273081627408,0.9690696602801908,-0.31388505078844114,-0.5649562961313316
10.341666666666667,0.09958379315352786,0.6361074005589876,0.9644106487935424,-0.8048804534463105,-0.5649562961313315
10.35,0.10537898830347582,0.7556425046619556,0.9556416856086212,-1.3006710819896568,-0.5649562961313312
10.358333333333333,0.1121967514240605,0.8819909013669816,0.9427125333930254,-1.8037671545146705,-0.5649562961313317
10.366666666666667,0.12010568910816936,1.0180102446788464,0.9255508088159182,-2.316989264825745,-0.5649562961313322
10.375,0.12919871100819305,1.166677638252753,0.9040590254841867,-2.8435537859994904,-0.5649562961313295
10.383333333333333,0.13959403534250203,1.3310861909655107,0.8781110521924428,-3.387122268871804,-0.5649562961313316
10.391666666666666,0.15143596502194245,1.5143857979811453,0.8475484724426655,-3.9517635102946835,-0.5649562961313475
10.4,0.1648947200302225,1.7196000079818103,0.8121779770087096,-4.541717617116449,-0.564956296131309
10.408333333333333,0.18016378034812242,1.949179771260713,0.771772284202603,-5.160732295672748,-0.5649562961313299
10.416666666666666,0.19745153319048322,2.2040218993657215,0.7260798445653578,-5.810515956307785,-0.564956296131474
10.425,0.21696090550996922,2.4814641825599044,0.6748538325819454,-6.48748018620328,-0.5649562961311922
10.433333333333334,0.23884559730374452,2.771550079438725,0.6179195891531715,-7.1765515752571165,-0.564956296131329
10.441666666666666,0.2631261327943115,3.0511498496698244,0.5553091926596455,-7.8412812178953795,-0.5649562961309853
10.45,0.28955314667376786,3.277901359418467,0.4874856188409939,-8.41343386816226,-0.5649562961320628
10.458333333333334,0.31744499600057485,3.3920987201048702,0.41561308482545745,-8.795669974223784,-0.5649562961313728
10.466666666666667,0.34561789110688157,3.338439707423827,0.3416765304308781,-8.89752638787406,-0.5649562961317754
10.475,0.3725706475045198,3.101314959075211,0.26817734999473614,-8.69430114317997,-0.5649562961305162
10.483333333333333,0.3968957290237366,2.717174674499038,0.19745211320235223,-8.247433792098313,-0.5649562961313938
10.491666666666667,0.4176207933320829,2.247665597314411,0.13111135413882474,-7.659045358883017,-0.5649562961314545
10.5,0.43427091411267477,1.746485736437473,0.06994832243150442,-7.016476062390712,-0.5649562961315289
10.508333333333333,0.4467349771539334,1.2469167932990137,0.014172558556153299,-6.3720399848375955,-0.5649562961314277
10.516666666666666,0.4551030062426756,0.7650642332692255,-0.03631366305076978,-5.749125230959824,-0.564956296131349
10.525,0.45955166717579715,0.3066687612603427,-0.08172414648836757,-5.1540095919502145,-0.5649562961314389
10.533333333333333,0.46028086176785205,-0.12778416048119468,-0.12228550423258919,-4.584593358856527,-0.5649562961314235
10.541666666666666,0.45748331681355603,-0.5401663072764967,-0.15819004501066536,-4.035310000844391,-0.5649562961314198
10.55,0.4513316344514684,-0.9332812554020852,-0.18957816988517473,-3.4995282149362823,-0.5649562961314237
10.558333333333334,0.4419735109720638,-1.310240854082089,-0.2165345199768375,-2.9706015237135115,-0.5649562961314231
10.566666666666666,0.42953029235630535,-1.6742396151930474,-0.23908975479772135,-2.442251425226273,-0.5649562961314232
10.575,0.41409653535988605,-2.0285145191981573,-0.2572240596640385,-1.9086398308796486,-0.5649562961314235
10.583333333333334,0.39573952512101246,-2.3763832743209425,-0.27087061263083256,-1.3643071362287815,-0.5649562961314232
10.591666666666667,0.3744983526212968,-2.7213045425126654,-0.2799183107850627,-0.8040680689462171,-0.5649562961314251
10.6,0.3503825339988395,-3.066921418323042,-0.2842136754578905,-0.22292927164254023,-0.5649562961314196
10.608333333333333,0.3233704849634481,-3.4170435517541704,-0.2835624122179972,0.38389533293342015,-0.5649562961314227
10.616666666666667,0.29340864791402,-3.77549105712672,-0.27773193509806926,1.0207385139348857,-0.5649562961314611
10.625,0.2604129783672999,-4.145650219014003,-0.26645773640142273,1.690743925193215,-0.5649562961313753
10.633333333333333,0.22427627273693665,-4.529451455277563,-0.24945954327400263,2.394142539838129,-0.5649562961314194
10.641666666666666,0.18488810612537485,-4.925258391448405,-0.22647884035241714,3.124666368001191,-0.5649562961316512
10.65,0.1421793576991306,-5.3239581314411835,-0.1973582263688691,3.862892405526381,-0.5649562961313228
10.658333333333333,0.09620833718270125,-5.702954189175963,-0.16219154498539606,4.5660367947873075,-0.5649562961314398
10.666666666666666,0.04729929519548703,-6.020418725494095,-0.12156260957760853,5.158317726707787,-0.5649562961299062
10.675,-0.0037995774355239964,-6.218373360018823,-0.07681454730964195,5.536715870005973,-0.5649562961322401
10.683333333333334,-0.05586177769326518,-6.245534248956911,-0.030136051954394838,5.610955808530961,-0.5649562961314595
10.691666666666666,-0.1073817622099455,-6.090893824078989,0.01579448172523375,5.361906145379364,-0.5649562961303571
10.7,-0.15697517007904557,-5.792426828546914,0.058513802124981036,4.856644020472211,-0.5649562961315429
10.708333333333334,-0.20368908370464206,-5.409626102455871,0.09632173526919151,4.200645956885634,-0.5649562961315678
10.716666666666667,-0.24704308960076454,-4.992800850855997,0.1283601223055706,3.4842117192418938,-0.5649562961316954
10.725,-0.2868939891641794,-4.572384105375778,0.1543827497184046,2.7635138049845827,-0.5649562961315306
10.733333333333333,-0.32327946406801045,-4.162438858968964,0.17448556472270305,2.0663316182760685,-0.5649562961314382
10.741666666666667,-0.3563092491486981,-3.7671977090469664,0.1889168900184545,1.4031670699640115,-0.5649562961315684
10.75,-0.3861051261649843,-3.385942276328782,0.19797087393429968,0.7755822960241572,-0.5649562961315348
10.758333333333333,-0.4127725534171368,-3.0158006296016215,0.20193505065334846,0.18098830267817012,-0.5649562961315278
10.766666666666666,-0.4363892889352836,-2.653151425664933,0.20106699769030068,-0.3849504744153473,-0.5649562961315369
10.775,-0.4570021647245044,-2.294258771816427,0.1955849510376737,-0.9272290532333777,-0.5649562961315352
10.783333333333333,-0.4746273362070459,-1.9355170370830312,0.18566437619022177,-1.4510810994388588,-0.5649562961315356
10.791666666666666,-0.4892516888715477,-1.5735071098246416,0.17143654846106396,-1.9618772196380068,-0.5649562961315348
10.8,-0.5008343052197216,-1.2049665222283117,0.15298730222881438,-2.465165598641435,-0.5649562961315353
10.808333333333334,-0.5093075225494266,-0.8267280871170459,0.13035518945559688,-2.9667613259527297,-0.5649562961315359
10.816666666666666,-0.5145774804128388,-0.43566492879458163,0.10352891297294106,-3.472820971557825,-0.5649562961315339
10.825,-0.5165243820542519,-0.028685850550134506,0.07244443879800762,-3.989830197918716,-0.5649562961315355
10.833333333333334,-0.5150031714118514,0.397143244334774,0.03698297712610821,-4.52437934682065,-0.5649562961315542
10.841666666666667,-0.5098462221731157,0.8442042896647373,-0.003027489363845269,-5.082479950949873,-0.5649562961315048
10.85,-0.5008713815742311,1.313373681781127,-0.04780150730648901,-5.667939596818181,-0.5649562961315372
10.858333333333333,-0.4879019406343039,1.8020088555391651,-0.09756515255728819,-6.278934363030561,-0.5649562961316819
10.866666666666667,-0.47081020285183406,2.3001821579680883,-0.15248477649934067,-6.901570288180271,-0.564956296131466
10.875,-0.44960117768726443,2.784888573845902,-0.21252686999757767,-7.499895186429012,-0.5649562961315259
10.883333333333333,-0.42454655813885894,3.2145767389561386,-0.2772304379520783,-8.006242375370503,-0.5649562961304427
10.891666666666666,-0.39633622684556885,3.5323502934871387,-0.3454454461609545,-8.326049751935322,-0.5649562961322885
10.9,-0.36612787435318894,3.688158741287165,-0.4152388327019631,-8.374917750632026,-0.5649562961315976
10.908333333333333,-0.33535261260780747,3.6708577582475947,-0.48421114562446643,-8.132843482252262,-0.5649562961329325
10.916666666666666,-0.3053299451315062,3.516370271904038,-0.5501375503607306,-7.658422751976154,-0.5649562961311144
10.925,-0.27696781976697116,3.2818323601371704,-0.6114687957940348,-7.045621588072017,-0.5649562961316184
10.933333333333334,-0.25071620381250137,3.0165826434117644,-0.6674077154683087,-6.375243612621722,-0.564956296131448
10.941666666666666,-0.22668918725049983,2.751619113408265,-0.7177049567346356,-5.697557906738113,-0.5649562961317498
10.95,-0.20481129375399693,2.502394415526166,-0.7624167369203307,-5.037266833113523,-0.5649562961316188
10.958333333333334,-0.18492232935416095,2.2747095744095724,-0.8017337959186398,-4.403504683529657,-0.5649562961315715
10.966666666666667,-0.16683750237881215,2.0692562822134803,-0.8358857256197175,-3.797440866066589,-0.5649562961316407
10.975,-0.15037770284875887,1.8842993288479983,-0.8650949446982009,-3.2167075436661565,-0.5649562961316215
10.983333333333333,-0.13538322377713916,1.7170763919342167,-0.889557782397464,-2.657664518781814,-0.5649562961316172
10.991666666666667,-0.12171914667249957,1.5644744167862614,-0.9094388716735452,-2.116456727328973,-0.5649562961316236
11.0,-0.10927682327326314,1.4233328575563475,-0.9248714875962329,-1.5894552001480626,-0.5649562961316218
11.008333333333333,-0.09797368576850665,1.2905637568542485,-0.9359601587678179,-1.0733983228657558,-0.5649562961316216
11.016666666666666,-0.08775246290267949,1.1631852523307873,-0.9427837951031847,-0.565392469068424,-0.5649562961316221
11.025,-0.07858030261053557,1.0383157774896214,-0.9453985192166855,-0.06284870742469625,-0.5649562961316218
11.033333333333333,-0.07044802407544494,0.9131512047296789,-0.9438398359754729,0.43660895901479363,-0.5649562961316215
11.041666666666666,-0.06336959475356288,0.7849346909755877,-0.9381239758695817,0.9352486152976693,-0.5649562961316218
11.05,-0.05738187532131518,0.6509228133141669,-0.9282483287100591,1.4353433284113721,-0.5649562961316219
11.058333333333334,-0.05254465948287356,0.508348636094122,-0.9141909073913711,1.9392911194552163,-0.5649562961316209
11.066666666666666,-0.04894103591151925,0.354381233996043,-0.8959087792081877,2.4497429717420123,-0.5649562961316217
11.075,-0.04667810325818704,0.1860815195904226,-0.8733353943626799,2.969739429486091,-0.564956296131622
11.083333333333334,-0.045888062822858226,0.00035645834773893187,-0.8463767477163482,3.5028530661184645,-0.5649562961316209
11.091666666666667,-0.04672967534992398,-0.2060804279718205,-0.8149063639545767,4.053325240461278,-0.5649562961316201
11.1,-0.049389954301495245,-0.43672099972996026,-0.7787592682776124,4.626164554181676,-0.5649562961316225
11.108333333333333,-0.05408568314937664,-0.6951959355429693,-0.7377255489214221,5.227126593788776,-0.564956296131641
11.116666666666667,-0.06106368462468607,-0.9850141136548196,-0.6915451733791123,5.862388238066376,-0.5649562961315823
11.125,-0.07059730611434106,-1.308855755080838,-0.639908111909618,6.537501132469668,-0.5649562961316261
11.133333333333333,-0.08297347558554727,-1.6668969961905693,-0.5824689931476611,7.254749494370304,-0.5649562961318633
11.141666666666666,-0.09845857572136847,-2.0531968881252687,-0.5188958372036362,8.007261976506499,-0.5649562961313509
11.15,-0.11722147943696481,-2.4488207404807385,-0.4489894835715225,8.767558808666344,-0.5649562961316242
11.158333333333333,-0.13918428659172496,-2.8117042763263176,-0.37292468729177153,9.470327289142535,-0.5649562961303783
11.166666666666666,-0.1637954936661138,-3.0704354524024713,-0.29162540407370524,10.00120444368005,-0.5649562961333523
11.175,-0.18983420938836576,-3.1418726117489237,-0.20709682077494704,10.22507099124178,-0.5649562961316592
11.183333333333334,-0.21550992242982642,-2.9821686375683987,-0.1222718433776373,10.070567496874014,-0.5649562961339396
11.191666666666666,-0.23898074320985654,-2.6239189477543197,-0.040162300403644186,9.591864204947644,-0.5649562961307085
11.2,-0.2589160082065612,-2.1479858358805726,0.037061498015396176,8.92130233564312,-0.5649562961317637
11.208333333333334,-0.27466579637227223,-1.6296749162348008,0.10833426504509275,8.179854205303602,-0.5649562961314578
11.216666666666667,-0.28609045607503547,-1.1152748697648691,0.1733983080904699,7.439138476945233,-0.5649562961319344
11.225,-0.29332550174929956,-0.626257985819281,0.23240845826708556,6.729558778345121,-0.564956296131765
11.233333333333333,-0.29661899655188384,-0.16975542644312608,0.28566513985759745,6.058363332856539,-0.564956296131724
11.241666666666667,-0.29624621083709435,0.2539093645366801,0.3334792880055924,5.4223754223909975,-0.5649562961317769
11.25,-0.2924715976569951,0.6472093006565481,0.37611666328800075,4.8146652697999075,-0.5649562961317671
11.258333333333333,-0.28553423430801633,1.0135698853111548,0.41378089093674914,4.227558254412267,-0.5649562961317683
11.266666666666666,-0.2756435162003676,1.356618125742375,0.4466130289993696,3.653821307669313,-0.5649562961317675
11.275,-0.2629787376330678,1.6799334235075196,0.4746971071643866,3.087021670018472,-0.5649562961317672
11.283333333333333,-0.24768971835315937,1.9870143431278173,0.49806696402969997,2.5215309994914166,-0.5649562961317691
11.291666666666666,-0.22989729498845762,2.2813301799697396,0.5167124319138173,1.9523872290517816,-0.5649562961317671
11.3,-0.20969324765481215,2.5663986148106335,0.5305841250564248,1.375107534008846,-0.5649562961317675
11.308333333333334,-0.18713957179561386,2.8458619173053354,0.5395966260418124,0.7854962867618348,-0.5649562961317702
11.316666666666666,-0.16226718271204246,3.1235439756119567,0.5436301542765838,0.1794779078852002,-0.5649562961317638
11.325,-0.13507429758423473,3.4034658022392628,0.5425310745428995,-0.44700568892565706,-0.5649562961317679
11.333333333333334,-0.1055249990912189,3.6897763711954896,0.5361120641289698,-1.097956809693424,-0.5649562961317923
11.341666666666667,-0.07354901696380596,3.986508392469257,0.5241536888065922,-1.7769856993054423,-0.5649562961317276
11.35,-0.039044869530480794,4.2969736807380805,0.5064110474144464,-2.4863575844827155,-0.5649562961317711
11.358333333333333,-0.0018907088273536399,4.622439724556573,0.48263291687792426,-3.224810324518072,-0.564956296131957
11.366666666666667,0.03802877417318089,4.959474434008791,0.45260767831786886,-3.9830977422033573,-0.564956296131573
11.375,0.08076508312960225,5.295206772347407,0.41626042109657896,-4.7359812701164286,-0.5649562961317711
11.383333333333333,0.12620009094988416,5.600632527170216,0.3738321624991961,-5.430913376020027,-0.5649562961309567
11.391666666666666,0.17388822016805427,5.826093375776288,0.3261465705386047,-5.980527092858711,-0.564956296133005
11.4,0.22290737183159515,5.910228973914499,0.2748591955840167,-6.278345562282312,-0.5649562961317697
11.408333333333333,0.27187698246004566,5.810820014855237,0.22241678827975142,-6.252079963945796,-0.5649562961330877
11.416666666666666,0.3192631382295159,5.5362030429532885,0.17152182535698834,-5.917629681593482,-0.5649562961307445
11.425,0.3638070382087746,5.139416477164701,0.12438681842966792,-5.368590798663506,-0.5649562961318799
11.433333333333334,0.40475469955696386,4.6824226943290705,0.08233487214394122,-4.714151054554251,-0.564956296131755
11.441666666666666,0.4418070491987642,4.210165918217581,0.045885328322237115,-4.034073014498175,-0.5649562961320355
11.45,0.4749499828558932,3.7467358557752486,0.015048203746044849,-3.3719193990634704,-0.5649562961318711
11.458333333333334,0.5043044830051803,3.3017157916177053,-0.010414990798845506,-2.74591963304625,-0.5649562961318023
11.466666666666667,0.5300348112879315,2.876826689890439,-0.030830129633774614,-2.1603963443320273,-0.5649562961318969
11.475,0.5523023610241272,2.4701717237710867,-0.04652797027578346,-1.6130843828885644,-0.564956296131874
11.483333333333333,0.5712458866600142,2.0784640487235464,-0.05780721181223405,-1.098989068815362,-0.5649562961318704
11.491666666666667,0.586974828030558,1.698063614658069,-0.06492031321622982,-0.6121994257392157,-0.5649562961318754
11.5,0.5995684192369999,1.325400300612523,-0.0680695184761801,-0.1466476659908496,-0.5649562961318744
11.508333333333333,0.6090769388799794,0.9571016153955427,-0.06740683479399409,0.3036380858793724,-0.5649562961318749
11.516666666666666,0.6155233834308903,0.5899844971808235,-0.06303502002072528,0.7445134238147582,-0.5649562961318743
11.525,0.618904790509035,0.22098810539580252,-0.05500826096379285,1.1817974287607311,-0.5649562961318745
11.533333333333333,0.6191928952743081,-0.15291449854670577,-0.04333200794170404,1.6213876961677964,-0.564956296131875
11.541666666666666,0.6163340443192427,-0.5348027446502504,-0.0279618418265639,2.0693716540257117,-0.5649562961318734
11.55,0.6102484778164871,-0.9278688751966137,-0.008801563284934942,2.5320936928962468,-0.5649562961318748
11.558333333333334,0.6008293515684273,-1.3354105257469437,0.01429886795626187,3.01610794422883,-0.564956296131887
11.566666666666666,0.5879423739224333,-1.760670898529478,0.041544064900301034,3.5278730871187896,-0.5649562961318536
11.575,0.5714279655947212,-2.206353348414491,0.07318937901023094,4.072893753008531,-0.5649562961318764
11.583333333333334,0.5511099142474037,-2.673473196898606,0.10952573316036814,4.653730746559747,-0.5649562961320035
11.591666666666667,0.526818298140701,-3.1589614301239877,0.15083982383301733,5.265872547533929,-0.5649562961317426
11.6,0.49844022968361146,-3.6512700240093325,0.19732641767294812,5.890166712825731,-0.5649562961318744
11.608333333333333,0.4660163582363788,-4.123951714781241,0.2489217400048987,6.481729837898717,-0.5649562961312855
11.616666666666667,0.42988929378180774,-4.530724474195976,0.30504679161701187,6.961309476121691,-0.5649562961328917
11.625,0.390853426581076,-4.81224544699512,0.3643464221739711,7.226644467118447,-0.5649562961318777
11.633333333333333,0.3501629308014209,-4.923450218231315,0.424669673108613,7.199184986030847,-0.5649562961329054
11.641666666666666,0.3092732026766701,-4.8644591390257546,0.48350715622464435,6.87726236488708,-0.5649562961309026
11.65,0.2694391483810884,-4.679671606516032,0.5386768042770652,6.335028306771488,-0.5649562961319741
11.658333333333333,0.2314666208642846,-4.426704637914703,0.5887515168324846,5.669730817451834,-0.5649562961319168
11.666666666666666,0.19572358977846682,-4.150441166914988,0.6330452166837215,4.957557908669472,-0.5649562961321433
11.675,0.16228380761340028,-3.876866017043856,0.6713734927227047,4.243156336635434,-0.564956296131963
11.683333333333334,0.13106848194583007,-3.6176639227325658,0.7038175925488971,3.547430649707592,-0.564956296131874
11.691666666666666,0.10193986660676183,-3.376163492304156,0.7305698255283284,2.877588000301192,-0.5649562961320056
11.7,0.07475225390184739,-3.1514649646993487,0.7518507723993895,2.234072699459497,-0.5649562961319675
11.708333333333334,0.04937652038787998,-2.940758994077887,0.7678707444801194,1.614422740057716,-0.5649562961319576
11.716666666666667,0.02571057703355062,-2.740497550317518,0.7788145104214993,1.0151792711170915,-0.5649562961319721
11.725,0.003682938219706625,-2.5469424290419265,0.7848370628530431,0.43274178269931907,-0.5649562961319682
11.733333333333333,-0.016746819636968634,-2.3564000425701415,0.786064034841681,-0.13630900928946946,-0.5649562961319666
11.741666666666667,-0.035588845172735854,-2.1653041399107877,0.7825935944719102,-0.6951480664945715,-0.564956296131969
11.75,-0.052824150113839376,-1.9702262135826705,0.7744982805665112,-1.24676819243587,-0.5649562961319683
11.758333333333333,-0.0684056719799642,-1.767851047274348,0.7618260352672713,-1.794103658333878,-0.5649562961319667
11.766666666666666,-0.08225904906657872,-1.5549337657074815,0.7446000577007802,-2.3401865010348977,-0.5649562961319685
11.775,-0.09428298423768293,-1.3282446713218357,0.722817264178837,-2.8883234553174617,-0.5649562961319685
11.783333333333333,-0.10434910658438554,-1.0845041915834732,0.6964452066073353,-3.4422884031721037,-0.5649562961319659
11.791666666666666,-0.11230125850829441,-0.8203108121275249,0.6654173388450118,-4.006525159157272,-0.5649562961319682
11.8,-0.11795418055425996,-0.5320710653377188,0.6296265927513329,-4.586346611847777,-0.5649562961319687
11.808333333333334,-0.1210917014396234,-0.21595740862313634,0.5889174324914068,-5.188090557897454,-0.5649562961319726
11.816666666666666,-0.12146489832574142,0.13204054937260626,0.543077111877247,-5.819129335592252,-0.5649562961319521
11.825,-0.1187915635046248,0.5158158196322062,0.491828248832458,-6.4874823989703465,-0.5649562961319708
11.833333333333334,-0.11276033294326632,0.9382407790720614,0.43482812665352694,-7.200448803726771,-0.5649562961321336
11.841666666666667,-0.1030472856831189,1.398902286954198,0.3716875447358828,-7.960986820177886,-0.5649562961317125
11.85,-0.08936178851342086,1.8890470696649486,0.30203723557288487,-8.759399530913605,-0.5649562961319816
11.858333333333333,-0.07155265204465376,2.381911786625128,0.22569464636186612,-9.557100681184682,-0.564956296131738
11.866666666666667,-0.04981314811508135,2.8195079550542013,0.1429985569106001,-10.263910087492858,-0.5649562961336094
11.875,-0.024969859389559673,3.1097323588030767,0.05529222165821633,-10.731832006628258,-0.5649562961319251
11.883333333333333,0.001349852217538905,3.162857485468681,-0.03478326257324891,-10.814483880420587,-0.5649562961317162
11.891666666666666,0.02702453836160578,2.9601938903094176,-0.12377840305469306,-10.481193202164429,-0.5649562961305113
11.9,0.05016765153334745,2.5716387593673424,-0.20862828338177267,-9.846298900867524,-0.564956296132859
11.908333333333333,0.06964508149096066,2.0955509215458425,-0.2874930211857785,-9.068994108111587,-0.5649562961321557
11.916666666666666,0.08505458561276576,1.6042168190702695,-0.3597055390953014,-8.263478260350237,-0.564956296132415
11.925,0.09644534808666193,1.1349235880042112,-0.4252978782961707,-7.485619539479721,-0.564956296131999
11.933333333333334,0.10407184148164761,0.7019413360798246,-0.48459554870260196,-6.753890592031626,-0.5649562961321676
11.941666666666666,0.10825347499671209,0.30809025144318103,-0.5379932019772572,-6.068930437215285,-0.564956296132204
11.95,0.10930999827016245,-0.04861498237760015,-0.5858572705747652,-5.424560276174707,-0.5649562961321771
11.958333333333334,0.10753626770255927,-0.37183411733368954,-0.6284932188037621,-4.812848722305139,-0.564956296132186
11.966666666666667,0.10319458587440136,-0.6655920355132533,-0.6661407856855708,-4.226143929146165,-0.5649562961321845
11.975,0.09651401055873648,-0.9338019989182632,-0.6989796972012858,-3.6577436173268554,-0.5649562961321863
11.983333333333333,0.08769194737233325,-1.180142356324932,-0.727138243439275,-3.1019978686461664,-0.5649562961321865
11.991666666666667,0.07689609770411021,-1.408071931892936,-0.7507016526187859,-2.5541938904480883,-0.5649562961321843
12.0,0.06426604442537279,-1.6208921348178076,-0.7697191432616278,-2.0103687504415255,-0.5649562961321859
12.008333333333333,0.0499142657790598,-1.8218184274712497,-0.7842093333181909,-1.467107892700015,-0.5649562961321857
12.016666666666666,0.033926567054028946,-2.014047363187825,-0.7941639906712316,-0.9213504350318626,-0.5649562961321845
12.025,0.01636198844086874,-2.2008149285383665,-0.7995502154675012,-0.37020814466004426,-0.5649562961321859
12.033333333333333,-0.0027477316911551706,-2.3854446259529527,-0.8003111826074114,0.18919844403128,-0.5649562961321852
12.041666666666666,-0.02339904190734402,-2.571382127502123,-0.7963656104776985,0.7598801494198345,-0.5649562961321832
12.05,-0.04561766672677139,-2.7622071714512595,-0.7876062140792816,1.3450785723595977,-0.5649562961321904
12.058333333333334,-0.0694596276802822,-2.9615998193082236,-0.7738976237504932,1.948285521129273,-0.5649562961321868
12.066666666666666,-0.09501163216646065,-3.173210612089954,-0.7550747470182243,2.573097287930884,-0.5649562961321682
12.075,-0.12238964326875441,-3.4003296533661254,-0.7309435988800199,3.2227272522280934,-0.564956296132239
12.083333333333334,-0.15173318261995508,-3.6451466450968084,-0.7012887487131001,3.8988262459321175,-0.5649562961322002
12.091666666666667,-0.18319051043945886,-3.907219087444654,-0.6658956004999175,4.598962551133294,-0.5649562961320783
12.1,-0.21688571661167563,-4.180548715521966,-0.6246027030677459,5.311739863423669,-0.5649562961323435
12.108333333333333,-0.2528535058556082,-4.448704188584621,-0.5774082710090976,6.00858452829697,-0.5649562961321407
12.116666666666667,-0.2909269104627249,-4.678791346314566,-0.5246562061245031,6.633536545401339,-0.5649562961326658
12.125,-0.33058608996059996,-4.819597805730571,-0.4672881547046865,7.1000827232856505,-0.5649562961309474
12.133333333333333,-0.370846839150334,-4.814890448287383,-0.4070282713295942,7.313735401730932,-0.5649562961321122
12.141666666666666,-0.410341599778656,-4.634651321726778,-0.34624090629015325,7.225102807472528,-0.564956296131547
12.15,-0.44765302358158626,-4.297991663130826,-0.2873599248269987,6.868591197502964,-0.5649562961331757
12.158333333333333,-0.481691220658603,-3.8592223979554783,-0.23224735070648939,6.338145225422197,-0.5649562961323334
12.166666666666666,-0.5118474867235635,-3.374454323228578,-0.1819367510135576,5.730002593139622,-0.5649562961323399
12.175,-0.5379129454014858,-2.8821420156257807,-0.13677827379676852,5.109608031034725,-0.5649562961321348
12.183333333333334,-0.5599188147189313,-2.402252930366522,-0.09671570088542678,4.510449252584305,-0.5649562961322493
12.191666666666666,-0.5780070012130525,-1.942498690640011,-0.061509807782111015,3.944884867948251,-0.564956296132296
12.2,-0.5923532844180037,-1.504068643072122,-0.030870751329893937,3.4140329392038846,-0.5649562961322522
12.208333333333334,-0.603129153116768,-1.0851666697051126,-0.004523877302179609,2.913858156397914,-0.5649562961322674
12.216666666666667,-0.6104854667589011,-0.6828417658688506,0.017762047809742602,2.438327561926942,-0.5649562961322709
12.225,-0.6145468252801548,-0.29382983097840165,0.03616512250122381,1.9808752680615354,-0.5649562961322686
12.233333333333333,-0.615410590230868,0.08511258946237595,0.05080877472148324,1.5350021045614584,-0.5649562961322695
12.241666666666667,-0.6131475384103856,0.457119747083048,0.06176327505070838,1.0944596581400023,-0.5649562961322696
12.25,-0.6078027202396046,0.8252411746341602,0.06904788283508753,0.6532434505577508,-0.5649562961322692
12.258333333333333,-0.5993958811954069,1.1925147393998088,0.07263254259623733,0.2055041437829264,-0.564956296132269
12.266666666666666,-0.587921192756335,1.5620551578779966,0.07243870124268806,-0.25456773584154113,-0.5649562961322693
12.275,-0.5733462604104084,1.9371352272863138,0.06833918686973588,-0.7328453976895783,-0.5649562961322713
12.283333333333333,-0.5556105769544919,2.321231751058559,0.06015742894158827,-1.2353100342545145,-0.5649562961322705
12.291666666666666,-0.5346239067450197,2.717984163782502,0.04766684291881331,-1.7679464279859056,-0.5649562961322594
12.3,-0.5102657216935613,3.1309584954784757,0.030592294768358973,-2.3363051645878983,-0.5649562961323089
12.308333333333334,-0.4823881207220083,3.56299709856609,0.008617816267376658,-2.944353790354529,-0.5649562961322864
12.316666666666666,-0.4508272684697942,4.014731237415462,-0.018590781787608986,-3.5918903559399475,-0.5649562961321721
12.325,-0.41543308152494823,4.4815484732022695,-0.051331695224111164,-4.269304553093596,-0.5649562961324437
12.333333333333334,-0.37613350749504526,4.948227426308761,-0.08975327116258901,-4.94834049904187,-0.5649562961322498
12.341666666666667,-0.33305253328793033,5.38176585010281,-0.13364778801699817,-5.569787421353884,-0.5649562961327732
12.35,-0.28667896922656283,5.727958338058539,-0.18215843723373457,-6.037708419891709,-0.5649562961308627
12.358333333333333,-0.23800493861180996,5.924422042771667,-0.23354007065081273,-6.242145614776618,-0.5649562961321839
12.366666666666667,-0.18846086737334414,5.9348445254081295,-0.2852734856026818,-6.118562127086939,-0.56495629613151
12.375,-0.1395654635027756,5.775812798121857,-0.3346747531853645,-5.6945502702439255,-0.5649562961335037
12.383333333333333,-0.09251351093815377,5.502960584635419,-0.37961498496565077,-5.066230708112729,-0.5649562961324841
12.391666666666666,-0.04800096903055981,5.174864070156335,-0.41883205029198173,-4.335980322852195,-0.5649562961324912
12.4,-0.0063054678492963905,4.831806299709089,-0.4518007075676839,-3.575569444414646,-0.5649562961321921
12.408333333333333,0.03254667702970083,4.494636307912356,-0.4784511255169141,-2.8238844058560244,-0.5649562961323619
12.416666666666666,0.06864395417733755,4.171216913949631,-0.49893756037722065,-2.097779908663134,-0.5649562961324297
12.425,0.10210782123370311,3.8624054334008306,-0.5134993957369968,-1.4021972491150827,-0.5649562961323542
12.433333333333334,0.13305132526017044,3.5657747634822825,-0.5223905668470319,-0.7364414109104679,-0.564956296132382
12.441666666666666,0.16156085308381932,3.2775762306895824,-0.5258478553793446,-0.0974582781302297,-0.5649562961323894
12.45,0.18768954048401437,2.993679690581227,-0.5240784654854906,0.51863633673979,-0.5649562961323823
12.458333333333334,0.21145605239133336,2.709983093455065,-0.5172561270115944,1.1159355055551163,-0.5649562961323846
12.466666666666667,0.2328455567077542,2.4225605970150506,-0.5055202910116293,1.698566514814003,-0.5649562961323858
12.475,0.25181134221642903,2.1276842388848767,-0.4889757822975484,2.2707293916285023,-0.5649562961323844
12.483333333333333,0.26827633117110716,1.8217842661399926,-0.4676916640124397,2.836834628259992,-0.5649562961323842
12.491666666666667,0.2821341230307534,1.501380102530457,-0.4416987491825077,3.401683415789677,-0.5649562961323856
12.5,0.2932494103258322,1.1630018027018783,-0.41098555478387033,3.9706559877204137,-0.5649562961323847
12.508333333333333,0.3014577752528455,0.8031248538611321,-0.37549277478494597,4.5498709557671875,-0.5649562961323846
12.516666666666666,0.30656513771212657,0.41816207586017734,-0.3351067670273288,5.146246167548776,-0.5649562961323812
12.525,0.30834767817975,0.004608650361070726,-0.28965343206504707,5.767306499872545,-0.5649562961324088
12.533333333333333,0.30655427749613756,-0.44044899711792196,-0.2388958463707304,6.420392477326697,-0.5649562961323993
12.541666666666666,0.3009161367989582,-0.9180164598276745,-0.18254336324442333,7.110526863414471,-0.5649562961322936
12.55,0.29117352277368397,-1.4242128701227992,-0.12028881630979665,7.835485815190275,-0.5649562961326264
12.558333333333334,0.27713870532419255,-1.944333635523523,-0.0519061582135804,8.575816475571143,-0.5649562961324125
12.566666666666666,0.2588237897974782,-2.443334751945808,0.02254184820552673,9.278568764743477,-0.564956296132782
12.575,0.236649886431484,-2.8575076115014584,0.10235485643516734,9.842488725719196,-0.5649562961305844
12.583333333333334,0.2116653954515539,-3.104463279623193,0.18582161247832965,10.133454411559024,-0.5649562961321899
12.591666666666667,0.18553867909168295,-3.1273589809970184,0.270214661683006,10.05763578747452,-0.5649562961314529
12.6,0.1601309845810676,-2.940634727333111,0.3524842393377974,9.6380689614329,-0.5649562961339935
12.608333333333333,0.13690766487472633,-2.6173220403703366,0.43022473407233053,8.993754164371348,-0.5649562961326293
12.616666666666667,0.11666659533366117,-2.236260471601246,0.5021139681162646,8.251936850404253,-0.5649562961326982
12.625,0.09964708678829375,-1.8505340709345037,0.56772302639154,7.4963833536987705,-0.5649562961322891
12.633333333333333,0.08576162516596834,-1.4868526816039036,0.6271297087415182,6.767329894917683,-0.5649562961325035
12.641666666666666,0.07477607454857065,-1.1553562905430894,0.6806242703785089,6.078341480835634,-0.5649562961325714
12.65,0.06641101285597481,-0.857830118822366,0.7285490210977312,5.430100785618029,-0.5649562961325048
12.658333333333333,0.060389623653359634,-0.592404869414593,0.7712268524604091,4.818143621350803,-0.5649562961325282
12.666666666666666,0.05645738210241688,-0.35584802038128555,0.8089356875685022,4.2365307735320314,-0.5649562961325311
12.675,0.05438859314613652,-0.14457678817983316,0.8419036369194103,3.6793983165718913,-0.5649562961325292
12.683333333333334,0.053987353656400984,0.04493840631425346,0.8703123894710779,3.1415143881245657,-0.5649562961325302
12.691666666666666,0.05508644661746238,0.21604364442620116,0.8943031731099799,2.6184006095524626,-0.5649562961325291
12.7,0.057545701502470605,0.3718865570221083,0.9139828702874873,2.1062755153850636,-0.5649562961325297
12.708333333333334,0.061250445667670066,0.5154455689321213,0.9294293443550553,1.6019335738161324,-0.5649562961325298
12.716666666666667,0.06611026868729104,0.649572614507885,0.940695668426867,1.1026075690302484,-0.5649562961325293
12.725,0.07205815248178762,0.7770370577903017,0.9478132077296757,0.6058327314031424,-0.5649562961325295
12.733333333333333,0.07904995688749059,0.9005667922260406,0.9507935989430534,0.10931824062613507,-0.5649562961325293
12.741666666666667,0.08706423340099366,1.0228859495430787,0.949629691865339,-0.38917345087100846,-0.5649562961325292
12.75,0.09610234075611962,1.146749721203991,0.9442955142651307,-0.8919405627131977,-0.5649562961325294
12.758333333333333,0.10618883943183226,1.274976392472413,0.9347453130968447,-1.4014496231652154,-0.5649562961325291
12.766666666666666,0.11737213638954304,1.410474809763486,0.9209117320006018,-1.920434309445855,-0.5649562961325285
12.775,0.1297253211549703,1.556261305408444,0.9027032297827315,-2.451976408588514,-0.5649562961325317
12.783333333333333,0.14334705291062824,1.7154515032378574,0.8800009708590514,-2.9995460159622387,-0.56495629613253
12.791666666666666,0.1583621728302834,1.8911950739738235,0.852655713541634,-3.5669497285166902,-0.5649562961325205
12.8,0.17492132175765215,2.0864868630730795,0.8204858608995,-4.158078130360003,-0.5649562961325588
12.808333333333334,0.19319803752631803,2.3037203462909797,0.7832791652732269,-4.7762306000680645,-0.5649562961325385
12.816666666666666,0.21338022168284038,2.543725696115812,0.7408032194780032,-5.422585449273844,-0.5649562961324585
12.825,0.23564995040160744,2.803840052890797,0.6928347852068911,-6.093048040522422,-0.5649562961326852
12.833333333333334,0.260140983853358,3.0743764364930155,0.6392259067824078,-6.772384844524396,-0.5649562961325338
12.841666666666667,0.28685868723453495,3.333176945814597,0.5800329224497607,-7.425053347988603,-0.5649562961326687
12.85,0.31555169592260063,3.540159916086172,0.5157273574098973,-7.985854306328881,-0.5649562961315913
12.858333333333333,0.34556161004018343,3.6392959862075123,0.4474460488120959,-8.362896574505605,-0.5649562961323047
12.866666666666667,0.3757590955546053,3.5786267092442476,0.37709915691446005,-8.470893113245626,-0.5649562961324186
12.875,0.4047133974114013,3.3426441242622564,0.3070882081916382,-8.285358626996858,-0.5649562961336375
12.883333333333333,0.4310723194153712,2.9644007286647227,0.23967259410091846,-7.86260705913251,-0.5649562961327489
12.891666666666666,0.45388621657346756,2.5016612425788862,0.1764339209152082,-7.2991945680348955,-0.5649562961325713
12.9,0.4726768813823984,2.0059052264115573,0.11817158221970503,-6.679789153034959,-0.5649562961324898
12.908333333333333,0.48731832501246836,1.5097173521214273,0.06511233717310022,-6.056470792478981,-0.564956296132587
12.916666666666666,0.4978832883161659,1.0292003452633882,0.017172747119934356,-5.453355341466713,-0.5649562961326485
12.924999999999999,0.5045320851737188,0.5702681039554585,-0.02585349480627901,-4.877536451933257,-0.5649562961325882
12.933333333333334,0.5074497208949333,0.1335684586468137,-0.06419154345944539,-4.327529656788486,-0.5649562961326091
12.941666666666666,0.5068151915422142,-0.2826527924228034,-0.09803639473280978,-3.798152120903507,-0.5649562961326142
12.95,0.5027882001282716,-0.6811140000198266,-0.12753350759059542,-3.2829661926485643,-0.5649562961326113
12.958333333333334,0.4955041861432433,-1.0648551674490616,-0.15277357171256048,-2.775376788161029,-0.5649562961326124
12.966666666666667,0.4850728343755504,-1.4369977877327162,-0.17379326690951646,-2.269052665453707,-0.5649562961326127
12.975,0.4715776855169243,-1.8006960687164866,-0.19057802531502332,-1.7580267667146738,-0.564956296132612
12.983333333333333,0.4550757520661951,-2.159171924228882,-0.2030649514209356,-1.2366543742921374,-0.5649562961326123
12.991666666666667,0.435596701710485,-2.5157765669096652,-0.21114514275999616,-0.6995229486994408,-0.5649562961326118
13.0,0.41314155227782967,-2.8740399562963757,-0.21466528166773335,-0.14137769276740075,-0.5649562961326162
13.008333333333333,0.38768114977379525,-3.2376645274179374,-0.213428916979216,0.44286319610154296,-0.5649562961326144
13.016666666666666,0.35915517008329284,-3.610389126517885,-0.20719865857556885,1.0578759295955822,-0.5649562961325961
13.025,0.3274732595628855,-3.9955788587516334,-0.1957020171601245,1.7072321823503145,-0.5649562961326705
13.033333333333333,0.29252164096911126,-4.39526115671344,-0.17864656989354236,2.391752661922502,-0.564956296132634
13.041666666666666,0.25418170162728776,-4.808109218442926,-0.15575560889912962,3.106058545801685,-0.5649562961325
13.049999999999999,0.21237222478186168,-5.22566077995983,-0.126844217568074,3.832108294540356,-0.5649562961327279
13.058333333333334,0.1671322331110336,-5.626393902326054,-0.09196467767085306,4.529100343900722,-0.5649562961325384
13.066666666666666,0.11875660411496852,-5.969733995523761,-0.05164144661170418,5.123374711063841,-0.5649562961333091
13.075,0.06795613535218893,-6.1981384057476205,-0.007145606264793979,5.512426318524124,-0.5649562961316408
13.083333333333334,0.015924738321327063,-6.258566796174157,0.039395136194978836,5.602529123656716,-0.5649562961329411
13.091666666666667,-0.035840777423109864,-6.136326923953346,0.08531823440058661,5.367681757534342,-0.5649562961324813
13.1,-0.08593473871911018,-5.866343931419679,0.12812028448945417,4.869238111259156,-0.564956296132424
13.108333333333333,-0.13336710086037487,-5.507420393788376,0.1660304689303754,4.211189274320695,-0.5649562961327843
13.116666666666667,-0.17762232562262542,-5.110792292780505,0.19812183893271584,3.4853442763053026,-0.564956296132777
13.125,-0.21853169929713176,-4.708100131717966,0.22409601311341062,2.750052607279912,-0.5649562961327957
13.133333333333333,-0.2561162255853264,-4.314278986022849,0.2440134223671588,2.034834761045006,-0.5649562961326285
13.141666666666666,-0.29047454600641925,-3.9340432909825855,0.258098937335566,1.3513645920237245,-0.5649562961327409
13.15,-0.3217201272284406,-3.566880755631332,0.2666312075775368,0.7019727923386903,-0.5649562961327421
13.158333333333333,-0.34995108165215494,-3.2099615889059985,0.26988759031941767,0.08460188057223897,-0.5649562961327257
13.166666666666666,-0.37523776272800996,-2.8596179268447686,0.26811931657867166,-0.5046829471893798,-0.564956296132735
13.174999999999999,-0.3976190067363724,-2.5120242705589324,0.26154128008814753,-1.0705501168364417,-0.5649562961327349
13.183333333333334,-0.41710214518557015,-2.1634692246196154,0.250328112643296,-1.6179553785192449,-0.5649562961327347
13.191666666666666,-0.43366434887006955,-1.8104276495213356,0.23461239978130802,-2.1520324494651164,-0.5649562961327343
13.2,-0.44725413444935547,-1.4495399288816357,0.21448308315157313,-2.6781361067243834,-0.5649562961327347
13.208333333333334,-0.4577925180652953,-1.077555207387477,0.1899832247952905,-3.2019399478397492,-0.564956296132735
13.216666666666667,-0.46517368229259526,-0.6912776492827089,0.1611069586245047,-3.7295233120314886,-0.5649562961327343
13.225,-0.4692653563737278,-0.28756059126004196,0.12779600597079874,-4.2673739398851165,-0.5649562961327329
13.233333333333333,-0.469909597021519,0.13657399267572573,0.08993692902410896,-4.822179390530035,-0.5649562961327531
13.241666666666667,-0.46692557582108846,0.5835386029919438,0.047361814616591044,-5.400154119692094,-0.5649562961327301
13.25,-0.4601177900702361,1.0542090870799845,-0.00014188145930949404,-6.005401133579118,-0.5649562961327034
13.258333333333333,-0.4492965088185031,1.5458476158982697,-0.05280082481281375,-6.636398193904359,-0.5649562961328964
13.266666666666666,-0.43432274025280737,2.0481653126453376,-0.11078366799244947,-7.27929267996592,-0.56495629613272
13.275,-0.4151954891581722,2.537171421386179,-0.1740565246547085,-7.897316530429773,-0.5649562961328377
13.283333333333333,-0.39219296075968046,2.969228399869819,-0.24214465990774803,-8.420282857772483,-0.5649562961315314
13.291666666666666,-0.3660337794751444,3.2843085418562494,-0.31385529098402953,-8.74935135076865,-0.564956296132881
13.299999999999999,-0.33792967317682165,3.4298460632023304,-0.3871774771668035,-8.796639551348223,-0.5649562961326069
13.308333333333334,-0.3093752605066486,3.3952270247569785,-0.4596223701352464,-8.543319691630732,-0.564956296134256
13.316666666666666,-0.28173559286052635,3.2198188556235103,-0.5289060704953169,-8.053535608216887,-0.5649562961327584
13.325,-0.2559327839134658,2.9643729148590316,-0.593469230736406,-7.426700759787472,-0.5649562961328262
13.333333333333334,-0.23240702930848126,2.680260179876322,-0.6525387870969239,-6.7462539854098615,-0.5649562961326232
13.341666666666667,-0.21125200403833433,2.399121380907198,-0.7059009109871004,-6.062794240198218,-0.5649562961328599
13.35,-0.19236961933174027,2.136403218657214,-0.7536452028396898,-5.400369204740653,-0.5649562961328614
13.358333333333333,-0.1755780480986075,1.8977284286644818,-0.7959892407742061,-4.767280293328301,-0.5649562961327789
13.366666666666667,-0.1606723504762427,1.6836261762584503,-0.833182914876512,-4.163982496639695,-0.5649562961328319
13.375,-0.14745437267023978,1.4922604875390355,-0.8654637138396845,-3.5875671942670455,-0.5649562961328315
13.383333333333333,-0.1357459514682778,1.320826658302237,-0.8930391818551369,-3.0340037045458206,-0.5649562961328242
13.391666666666666,-0.12539387263711974,1.1662129616444528,-0.9160824096445639,-2.4991598159561175,-0.5649562961328288
13.4,-0.11627104818163003,1.0252900509428409,-0.9347331816497161,-1.9792117026525353,-0.5649562961328284
13.408333333333333,-0.10827612326624624,0.895020693579115,-0.9491011766561073,-1.47076354915782,-0.5649562961328279
13.416666666666666,-0.10133256086666685,0.772486276643435,-0.9592695407055271,-0.9708349628095411,-0.5649562961328284
13.424999999999999,-0.09538767974390164,0.654876665416944,-0.9652980825936697,-0.47679119249567076,-0.5649562961328282
13.433333333333334,-0.09041184901694037,0.5394650914532011,-0.9672257766636037,0.013749736213559665,-0.564956296132828
13.441666666666666,-0.08639791901091903,0.42357750470922817,-0.9650724494845068,0.5030186305398308,-0.564956296132828
13.45,-0.08336091722695343,0.3045598728664587,-0.9588396023849504,0.9932005623840715,-0.5649562961328283
13.458333333333334,-0.08133802244282419,0.17974411457491796,-0.9485103423456616,1.486543531028487,-0.5649562961328278
13.466666666666667,-0.08038882967363777,0.04641226848674172,-0.9340483903602779,1.985471425708368,-0.5649562961328276
13.475,-0.08059592231412885,-0.09824136647497715,-0.9153961269414613,2.4927021850036426,-0.5649562961328283
13.483333333333333,-0.08206576469516158,-0.25714881763529596,-0.8924716348050047,3.0113697193647906,-0.5649562961328279
13.491666666666667,-0.08492990283886255,-0.43340237444222457,-0.8651647329318091,3.545141927464297,-0.5649562961328272
13.5,-0.08934638310973711,-0.630269317005716,-0.8333321121576335,4.098312713476991,-0.5649562961328268
13.508333333333333,-0.09550110460264156,-0.8511529451740939,-0.7967919827760338,4.675813847677409,-0.5649562961328419
13.516666666666666,-0.1036083783259181,-1.0994228592060553,-0.7553193498842344,5.283022720079938,-0.5649562961328215
13.525,-0.11390899811154553,-1.3779486200422613,-0.7086446071128245,5.925093969512758,-0.5649562961328021
13.533333333333333,-0.12666208965852965,-1.6879944586789952,-0.656461513536363,6.605244406314925,-0.5649562961329991
13.541666666666666,-0.1421229590994717,-2.0268227703209707,-0.5984574176553619,7.320887317855254,-0.5649562961327756
13.549999999999999,-0.16049212188905043,-2.382984647174278,-0.5343906227401966,8.055853262657925,-0.564956296132748
13.558333333333334,-0.18181233484462425,-2.728553228784399,-0.46425452028788355,8.767320328259006,-0.5649562961323545
13.566666666666666,-0.20579477363025261,-3.010912659901111,-0.38856232063343893,9.371628450838443,-0.5649562961330614
13.575,-0.23161232588171077,-3.156030180552368,-0.30869236933640853,9.748893261343797,-0.5649562961333571
13.583333333333334,-0.2578308911471899,-3.100036784743745,-0.22701012817008698,9.79499125038656,-0.5649562961339628
13.591666666666667,-0.282693160692513,-2.835269979829162,-0.14640584934445194,9.498146964887527,-0.5649562961326648
13.6,-0.3046568705467395,-2.416867840643737,-0.06940954418425266,8.949611161143187,-0.5649562961327247
13.608333333333333,-0.3227597397894301,-1.9204931818529332,0.0024015365927630584,8.272787169933538,-0.564956296132799
13.616666666666667,-0.33661233052367534,-1.4042070448178883,0.06837496867648293,7.5601168009202375,-0.5649562961329867
13.625,-0.3461990700680815,-0.9002259045512048,0.1284422281502803,6.860385774498779,-0.5649562961330018
13.633333333333333,-0.35168940852323094,-0.4223191849571849,0.18280291347682637,6.1918928024312985,-0.5649562961328852
13.641666666666666,-0.3533210672430507,0.02572689935390883,0.2317342373704953,5.556953584588169,-0.5649562961329542
13.65,-0.3513414364490041,0.444737954494912,0.2754994146613852,4.950964749784274,-0.5649562961329547
13.658333333333333,-0.3459820014955484,0.8374029608918094,0.3143114541036209,4.366979656769751,-0.5649562961329513
13.666666666666666,-0.3374487128325075,1.207033867772102,0.3483233209619608,3.797740647158701,-0.5649562961329532
13.674999999999999,-0.3259191835079646,1.5570750968684346,0.37762917459929224,3.236460680775228,-0.5649562961329523
13.683333333333334,-0.31154234228444266,1.890958670993858,0.4022694158185177,2.677032471887327,-0.5649562961329533
13.691666666666666,-0.294438582088282,2.212108454988024,0.42223629339773755,2.1139890117877616,-0.5649562961329531
13.7,-0.2746995938502408,2.5240012047472553,0.4374786998095738,1.5423648267309669,-0.5649562961329521
13.708333333333334,-0.25238761916300423,2.830239670508945,0.44790566018966377,0.9575296926065127,-0.564956296132955
13.716666666666667,-0.2275341400816003,3.1346103815936406,0.45338847897669216,0.35503986398925036,-0.5649562961329517
13.725,-0.20013824878473835,3.4410966624207053,0.4537618879636258,-0.2694422512545216,-0.5649562961329487
13.733333333333333,-0.17016526026030213,3.7537955836844694,0.448825099280471,-0.920070118853554,-0.5649562961329804
13.741666666666667,-0.13754674869826297,4.076635410328143,0.4383447443223626,-1.600397040764331,-0.5649562961329432
13.75,-0.10218443988436672,4.412685354738309,0.4220638437571421,-2.3122633896487628,-0.5649562961329143
13.758333333333333,-0.06396283943667501,4.762663008481274,0.399725155675643,-3.0533112592525553,-0.564956296133159
13.766666666666666,-0.022779814570091563,5.1219903906199304,0.37112466066476785,-3.812019712224737,-0.5649562961329044
13.775,0.021389661982843287,5.475697229915506,0.33622112556119876,-4.559074518656894,-0.5649562961329611
13.783333333333333,0.06837913216890494,5.791703708721219,0.2953313580298517,-5.236021897975433,-0.5649562961319456
13.791666666666666,0.11766895624766276,6.01766169904138,0.24940466965887223,-5.750156997369425,-0.5649562961331737
13.799999999999999,0.16825354264848405,6.093279894557214,0.2002443572002957,-5.996171204344345,-0.5649562961331626
13.808333333333334,0.21870251705802596,5.983234711915418,0.1503917197810385,-5.913202990584194,-0.5649562961345242
13.816666666666666,0.26750054520162225,5.704126592337119,0.10252824220518181,-5.5313083329569555,-0.5649562961328762
13.825,0.3134573534998971,5.3120331110720755,0.058758444020124194,-4.949614967572916,-0.5649562961329405
13.833333333333334,0.35588822813245974,4.86660049875214,0.020292530890647368,-4.273870272675682,-0.5649562961328956
13.841666666666667,0.39453561484393196,4.4090497110284534,-0.012420376939041283,-3.5780828399207913,-0.5649562961330968
13.85,0.4293992189595326,3.9607210908938697,-0.0393983543878825,-2.9017526760652377,-0.5649562961331075
13.858333333333333,0.4605963085490221,3.5296911114634217,-0.06088328806622479,-2.261153693001698,-0.5649562961329977
13.866666666666667,0.48827857611384456,3.1169835395184533,-0.07719432294750757,-1.659995938970134,-0.5649562961330666
13.875,0.5125909709775515,2.7204169746160547,-0.08865347202112374,-1.0960530178806402,-0.5649562961330671
13.883333333333333,0.533654298938213,2.336601324279422,-0.09555224009157379,-0.5646167230912914,-0.5649562961330601
13.891666666666666,0.5515595267340391,1.9618617304882426,-0.098138571015685,-0.060110752183197384,-0.5649562961330639
13.9,0.5663672248498677,1.5926120839365634,-0.09661284592053633,0.42324038232560934,-0.5649562961330633
13.908333333333333,0.5781088789275151,1.2254629845786758,-0.09112732352142602,0.8911973254588746,-0.5649562961330642
13.916666666666666,0.5867885229453254,0.8572071888725153,-0.08178637910687958,1.3495003422668208,-0.5649562961330636
13.924999999999999,0.5923839993952329,0.48475268165843677,-0.0686463664510849,1.8039515536214048,-0.5649562961330635
13.933333333333334,0.5948475774522902,0.10504026521360851,-0.05171465763460446,2.260521982102877,-0.5649562961330646
13.941666666666666,0.5941059124102696,-0.2850275856625955,-0.03094784275048711,2.7254385829363748,-0.5649562961330634
13.95,0.5900595710956051,-0.6886124585819382,-0.006249473762195376,3.2051944767903544,-0.5649562961330615
13.958333333333334,0.5825827334486601,-1.1088576370901349,0.022531619789029247,3.7063773188225455,-0.5649562961330828
13.966666666666667,0.5715244352136946,-1.5485716607411573,0.05560014372445934,4.235102665343583,-0.5649562961330588
13.975,0.5567142256122797,-2.009429322622501,0.09320541694281662,4.795628652348965,-0.5649562961330343
13.983333333333333,0.5379779787353904,-2.4902374789841475,0.13561494700000273,5.387374965225827,-0.5649562961332163
13.991666666666667,0.5151743628327689,-2.983588621578157,0.1830525209866174,5.999173667108016,-0.5649562961330437
14.0,0.48826792419418985,-3.470417352723894,0.2355732931127181,6.599884418296505,-0.5649562961331296
14.008333333333333,0.45745250243551705,-3.913954441642552,0.2928517395096476,7.127864507914492,-0.5649562961320101
14.016666666666666,0.4233059442186625,-4.260004087693317,0.35391383974291857,7.491095259703643,-0.564956296133233
14.025,0.3868761545839855,-4.454667830540849,0.4169834461055236,7.597102870497567,-0.5649562961330613
14.033333333333333,0.34954655770454524,-4.4764884565350265,0.4797035165619295,7.407802249021294,-0.5649562961345463
14.041666666666666,0.3126770421726482,-4.352022902291399,0.5397421114751483,6.9664511042258255,-0.5649562961330439
14.049999999999999,0.2772677090684029,-4.135616806811487,0.595363461046456,6.363665604701606,-0.5649562961330975
14.058333333333334,0.24386103314126703,-3.8786285687976516,0.6455964353595064,5.68536717700678,-0.5649562961329742
14.066666666666666,0.21264073611794718,-3.6150173942069537,0.6900705334863946,4.9884796224557055,-0.5649562961331894
14.075,0.18357947571849642,-3.3623124072004633,0.7287701204875017,4.302667681440349,-0.5649562961331918
14.083333333333334,0.15655238695763898,-3.127353277553977,0.7618469799930674,3.6400741403387746,-0.5649562961330857
14.091666666666667,0.13140451263990996,-2.911173070817063,0.789510774718822,3.0035370579098397,-0.5649562961331562
14.1,0.10798550200327511,-2.711995667692825,0.8119743711287769,2.391587479264084,-0.564956296133156
14.108333333333333,0.0861656228697492,-2.5268317982868194,0.8294301377070419,1.8010718766106608,-0.5649562961331439
14.116666666666667,0.06584220776330665,-2.352261365245122,0.8420417948706236,1.2284021846563353,-0.5649562961331516
14.125,0.04694155490186258,-2.1847899454612634,0.8499433614006062,0.6700898140989905,-0.5649562961331513
14.133333333333333,0.029418843193147307,-2.020994104938562,0.8532408947381963,0.12292431069497453,-0.5649562961331498
14.141666666666666,0.01325731045159327,-1.8575654349072623,0.8520149172748632,-0.41601981714636377,-0.5649562961331509
14.15,-0.0015327122905229723,-1.6913070184746408,0.8463225144277896,-0.9494587779175174,-0.5649562961331511
14.158333333333333,-0.01491463176093219,-1.5191072924648927,0.8361986132260437,-1.48001601788773,-0.5649562961331499
14.166666666666666,-0.026826151232531063,-1.3379018806782803,0.8216561875967687,-2.010361479087804,-0.5649562961331502
14.174999999999999,-0.03717947497164978,-1.144626975738003,0.8026852341284988,-2.543366860260823,-0.5649562961331512
14.183333333333334,-0.04586109158286036,-0.9361649109219993,0.7792503944168049,-3.0822750360216715,-0.5649562961331493
14.191666666666666,-0.05273107275765473,-0.7092825481284093,0.7512871106174264,-3.630882231411026,-0.5649562961331498
14.2,-0.057621840679636015,-0.4605666151412136,0.7186962281561332,-4.193726663329741,-0.5649562961331513
14.208333333333334,-0.060336427038252476,-0.18637009164303578,0.6813370644739725,-4.776262361950523,-0.5649562961331527
14.216666666666667,-0.06064644959031341,0.11719242323684903,0.6390192734743073,-5.384959445091322,-0.564956296133148
14.225,-0.05829054521964444,0.45410780386919236,0.5914946420175307,-6.027183667282361,-0.5649562961331396
14.233333333333333,-0.052975212118429434,0.8279713224507222,0.5384519111634489,-6.71050590535106,-0.5649562961332553
14.241666666666667,-0.044382758966596346,1.2406618595042893,0.479522234330686,-7.440652194981934,-0.5649562961331112
14.25,-0.03219690815947644,1.6892111000875834,0.4143126909081133,-8.216448169821533,-0.5649562961330155
14.258333333333333,-0.01616755490636179,2.159219679211535,0.3425039797450863,-9.018916663173938,-0.5649562961334745
14.266666666666666,0.0037497778452832004,2.613501475244571,0.2640731723606707,-9.79209112225518,-0.5649562961332655
14.275,0.027151306401842684,2.9805002250220056,0.17969315993122953,-10.422791409188234,-0.5649562961341051
14.283333333333333,0.052910888432566756,3.163356170340867,0.09119491270024357,-10.754262016304995,-0.5649562961318366
14.291666666666666,0.07916246233106425,3.0933961531086553,0.0016133705808336401,-10.674310771328997,-0.5649562961321277
14.299999999999999,0.10380869310415208,2.7888413902460645,-0.08563939867855248,-10.213043688010698,-0.5649562961338336
14.308333333333334,0.12523658768647072,2.337813380177606,-0.16794536305331562,-9.514388468126246,-0.5649562961331908
14.316666666666666,0.14262134484785516,1.831179063335755,-0.24396494952977496,-8.724431041045658,-0.5649562961329883
14.325,0.15576443972372378,1.3264446050747767,-0.31335213725635125,-7.932586728180815,-0.5649562961332575
14.333333333333334,0.1648097976871159,0.850310384687679,-0.3762787493695938,-7.177268607972871,-0.564956296133421
14.341666666666667,0.17004096260437618,0.4116037478587927,-0.4331026964941946,-6.468150311843584,-0.56495629613328
14.35,0.17177551639337935,0.010833976953785966,-0.48420163203886,-5.802239484861778,-0.564956296133324
14.358333333333333,0.17031924885668612,-0.35478629456176297,-0.5299062720776884,-5.172161981508381,-0.5649562961333311
14.366666666666667,0.1659494256600813,-0.689083926035864,-0.5704812202245487,-4.569788616223218,-0.5649562961333288
14.375,0.1589104912611605,-0.9960245630275636,-0.6061254231480161,-3.9876132628627063,-0.5649562961333301
14.383333333333333,0.14941441307596193,-1.2794151570337298,-0.6369794276104972,-3.4191471749082467,-0.5649562961333279
14.391666666666666,0.13764230477179556,-1.5428565415664066,-0.6631339926919759,-2.8589116399095538,-0.5649562961333295
14.4,0.12374598445634731,-1.7897901684625188,-0.6846379068827352,-2.3022804283634333,-0.5649562961333296
14.408333333333333,0.10784899771914028,-2.0235731084392086,-0.7015042553301347,-1.7452757773622565,-0.5649562961333278
14.416666666666666,0.09004699712293336,-2.247554930119477,-0.7137149466184417,-1.1843586649067672,-0.5649562961333294
14.424999999999999,0.0704075107170824,-2.4651464691128697,-0.7212235269731382,-0.6162291832553567,-0.564956296133329
14.433333333333334,0.048969187986182446,-2.6798757359333085,-0.7239564033243281,-0.03764576446182678,-0.564956296133327
14.441666666666666,0.02574065362268454,-2.8954246048006884,-0.7218126782131098,0.5547242977384556,-0.5649562961333322
14.45,0.0006991824679364448,-3.1156313659395134,-0.7146629555736117,1.1643958123742548,-0.5649562961333303
14.458333333333334,-0.02621039516255739,-3.344424611617557,-0.7023478236358389,1.7950379759746704,-0.564956296133316
14.466666666666667,-0.05507571210901702,-3.585613568585802,-0.6846774720103357,2.4502000725895585,-0.5649562961333665
14.475,-0.08601404216003358,-3.8423805854776174,-0.6614354629734014,3.13252878910978,-0.5649562961333457
14.483333333333333,-0.11916303519912054,-4.116175768033898,-0.6323927921661564,3.8419683532645648,-0.564956296133231
14.491666666666667,-0.15465801446991337,-4.404488615842431,-0.5973441345608069,4.57205108098456,-0.5649562961335117
14.5,-0.19258356017948788,-4.6967905090568856,-0.5561871599613171,5.303074223073228,-0.5649562961333295
14.508333333333333,-0.2328824369981135,-4.968458324349482,-0.5090737876337459,5.991832573546091,-0.564956296133599
14.516666666666666,-0.27521317217216246,-5.175449627574468,-0.4566482564456949,6.5626234828320325,-0.5649562961321235
14.525,-0.31879623549562963,-5.259001150050792,-0.40030390558941126,6.9153548678999135,-0.5649562961330373
14.533333333333333,-0.36238179061242853,-5.170853272662643,-0.3422316866214031,6.9686889558155505,-0.5649562961329447
14.541666666666666,-0.40448311958090705,-4.906650909296322,-0.2850148962623409,6.716994432470147,-0.564956296134608
14.549999999999999,-0.44379060790148345,-4.510269159999664,-0.2309177344649627,6.237286351978528,-0.5649562961335922
14.558333333333334,-0.4794585471923775,-4.0429058119958805,-0.18139573705509587,5.635846549057671,-0.5649562961334331
14.566666666666666,-0.5111127663874508,-3.553346572080587,-0.1370868978344716,4.9971491726881805,-0.5649562961332668
14.575,-0.5386989741251923,-3.0697325717495514,-0.09807570599433188,4.36985121153233,-0.5649562961333869
14.583333333333334,-0.5623265630168208,-2.604399067777446,-0.06416392008244035,3.775212047353017,-0.5649562961334643
14.591666666666667,-0.5821659446947475,-2.160644448821806,-0.03504872096220045,3.218775930105716,-0.5649562961333934
14.6,-0.5983944891816717,-1.7374223268256366,-0.010417050731591227,2.6984592577308084,-0.5649562961334166
14.608333333333333,-0.6111722091075601,-1.331905651502991,0.01001133612124458,2.2089764936449043,-0.5649562961334234
14.616666666666667,-0.6206327102062615,-0.9407148202709742,0.026467232160332182,1.7439738954065378,-0.5649562961334191
14.625,-0.6268810904977558,-0.5604376563085697,0.039127492408042606,1.2969513281021074,-0.5649562961334206
14.633333333333333,-0.6299945522459387,-0.18780306180226086,0.04811546475781796,0.861592986413193,-0.5649562961334208
14.641666666666666,-0.6300237017424021,0.1803066130447115,0.05350288399916832,0.431823724034043,-0.5649562961334205
14.65,-0.6269936121597776,0.5469148054503226,0.055311658491722704,0.0017439695329593517,-0.5649562961334205
14.658333333333333,-0.6209042535331749,0.9150384513846264,0.05351487877092342,-0.4344835669412847,-0.5649562961334207
14.666666666666666,-0.611730157104774,1.2877808599862297,0.048036822874545096,-0.8827560493414697,-0.5649562961334212
14.674999999999999,-0.5994193509014075,1.6684100433451166,0.038752019450632336,-1.3491282118498145,-0.5649562961334212
14.683333333333334,-0.583891801214403,2.060392118247263,0.02548376573119225,-1.8398337736082573,-0.5649562961334159
14.691666666666666,-0.5650379585747174,2.467318470338518,0.008003120138973313,-2.361125479724016,-0.5649562961334399
14.7,-0.5427187644606984,2.892598067476163,-0.013969310621314724,-2.918712955213721,-0.5649562961334333
14.708333333333334,-0.5167700425807931,3.338653266198091,-0.04075377800210762,-3.5163489506656758,-0.5649562961333557
14.716666666666667,-0.4870172705730791,3.80512581491617,-0.072683702494964,-4.152716506666611,-0.5649562961335755
14.725,-0.4533120588605064,4.285314066506364,-0.11004044008547768,-4.815278351557213,-0.5649562961334552
14.733333333333333,-0.4156083381347839,4.7601661477711374,-0.15291958366914576,-5.469928053467827,-0.5649562961335385
14.741666666666667,-0.3740955981874253,5.191193840134974,-0.2009990277837026,-6.048794711852804,-0.5649562961324105
14.75,-0.32937238291478205,5.51987021450735,-0.25323785818924466,-6.449238853648867,-0.5649562961330523
14.758333333333333,-0.28255077842560733,5.686725660434626,-0.30769464828493065,-6.566856549702187,-0.5649562961333664
14.766666666666666,-0.23511510571036784,5.667845177153887,-0.3617707213002513,-6.358626910662185,-0.5649562961348706
14.775,-0.18852337833198984,5.492795384746759,-0.4128995518268161,-5.874220885730375,-0.5649562961338128
14.783333333333333,-0.1438361730683212,5.221122431568618,-0.45919243805846777,-5.21588435358422,-0.5649562961334579
14.791666666666666,-0.10161895248242403,4.907571681657683,-0.4996152154189791,-4.478643186279043,-0.5649562961333482
14.799999999999999,-0.062061316678133006,4.586928948083515,-0.5337911972820091,-3.7240682805981313,-0.5649562961334924
14.808333333333334,-0.025141988384222037,4.276054825971395,-0.5617237686426224,-2.9835500198172618,-0.5649562961336101
14.816666666666666,0.00924964565885872,3.9806134353092073,-0.5835918666951566,-2.2696639771529172,-0.5649562961334782
14.825,0.04124422253721651,3.70044474944826,-0.5996337397421412,-1.5852465086142389,-0.5649562961335243
14.833333333333334,0.070958406091449,3.4327301319716588,-0.6100902393101456,-0.9287119809737229,-0.56495629613354
14.841666666666667,0.09848030790504068,3.1736181640587415,-0.6151805539506783,-0.29674454177560694,-0.5649562961335262
14.85,0.12386448985118882,2.9189901618819016,-0.6150936030880396,0.31447895904272233,-0.5649562961335305
14.858333333333333,0.147131309308885,2.664787893500017,-0.609986138873818,0.9088149900238599,-0.5649562961335327
14.866666666666667,0.1682679987959678,2.4071278805728884,-0.5999830909488852,1.490044851252222,-0.5649562961335303
14.875,0.18723021874447965,2.1423129941087042,-0.5851779977340221,2.061940957479842,-0.5649562961335304
14.883333333333333,0.20394347273109925,1.8667935535618723,-0.5656324961616637,2.6284163751722427,-0.5649562961335319
14.891666666666666,0.2183040775666516,1.5771020932045756,-0.5413743792021228,3.1937140766612715,-0.5649562961335304
14.9,0.23017952595150337,1.2697746188673358,-0.5123939943860217,3.7626126569891274,-0.56495629613353
14.908333333333333,0.2394081782544634,0.9412709959446556,-0.47863892971615507,4.340627390298157,-0.5649562961335317
14.916666666666666,0.24579836455782642,0.5879189573232496,-0.44000716531034656,4.934168116622434,-0.5649562961335338
14.924999999999999,0.24912729759262575,0.20593861347823345,-0.396339371229512,5.55056414603537,-0.564956296133534
14.933333333333334,0.24914094074080143,-0.20832107714916592,-0.3474122198913666,6.197744154961871,-0.5649562961335065
14.941666666666666,0.24555766286658365,-0.6576401634830427,-0.29293733690358237,6.883087184718942,-0.5649562961336292
14.95,0.23808217780069027,-1.1420586649486568,-0.23257661839730145,7.6104021368424535,-0.564956296133586
14.958333333333334,0.22644358942736276,-1.6547130600043285,-0.16599705491889713,8.373040388691441,-0.5649562961333185
14.966666666666667,0.210483249498629,-2.173808201773989,-0.09300878304272751,9.140378688628179,-0.5649562961334895
14.975,0.1903264252400235,-2.651046600284883,-0.013845666433935838,9.837937589448412,-0.564956296133188
14.983333333333333,0.16663688244481734,-3.0062675360989233,0.07040829042028054,10.33722229061166,-0.5649562961350234
14.991666666666667,0.14080791321323569,-3.15241772808808,0.15748724793678823,10.496052626069229,-0.5649562961339953
15.0,0.11478193017329774,-3.0550181671624648,0.24422379359087812,10.257368066634154,-0.5649562961342369
15.008333333333333,0.0904357695758,-2.7628718753594836,0.32755393109970204,9.7007266483274,-0.5649562961329452
15.016666666666666,0.06902391613801127,-2.365682203627146,0.40542734102417743,8.97179049450696,-0.5649562961335766
15.025,0.0510880596910987,-1.9384059753708687,0.47694304122080916,8.190239908881775,-0.5649562961336259
15.033333333333333,0.03667959318071559,-1.5238391934906683,0.5419720064707354,7.422007277066652,-0.5649562961338483
15.041666666666666,0.025602878183922845,-1.1404822234329766,0.6007548870674813,6.6933344670157595,-0.5649562961336003
15.049999999999999,0.0175695962978787,-0.7936450957188657,0.6536532346894249,6.009625349571385,-0.5649562961336857
15.058333333333334,0.012275730421959686,-0.4826400052418874,0.7010308066483226,5.367410007772527,-0.5649562961337067
15.066666666666666,0.00943443087299254,-0.20443451147128142,0.7432075576510968,4.760284703303545,-0.5649562961336925
15.075,0.0087877600225809,0.044708489326722035,0.7804475044849288,4.181485216374783,-0.5649562961336974
15.083333333333334,0.010109355884290884,0.2685666923930249,0.8129604790716686,3.6248563152875586,-0.5649562961336961
15.091666666666667,0.013203633734812965,0.47073138218485394,0.8409086134094884,3.0851175084790565,-0.564956296133697
15.1,0.017903976343818004,0.6545643442389121,0.8644136532767853,2.557840576121491,-0.5649562961336972
15.108333333333333,0.02407090974116691,0.8232255352154814,0.8835635628640425,2.03932079911951,-0.564956296133696
15.116666666666667,0.03159062293084097,0.9797229974854516,0.8984178984820325,1.5264179560725473,-0.5649562961336967
15.125,0.04037392291945002,1.1269655603946807,0.9090118430706654,1.0163966850203872,-0.5649562961336966
15.133333333333333,0.050355614842437474,1.2678116386063907,0.9153589454273204,0.506775992392453,-0.564956296133696
15.141666666666666,0.061494266790094704,1.405112754131287,0.9174526511991027,-0.004810241781395623,-0.5649562961336966
15.15,0.07377231651536764,1.541752155478744,0.9152667152834608,-0.5207423574142589,-0.5649562961336962
15.158333333333333,0.08719648025367344,1.680678599068459,0.9087545810816141,-1.0435335845107334,-0.5649562961336957
15.166666666666666,0.10179841687778027,1.8249332000383036,0.8978478242455079,-1.5759348491387033,-0.5649562961336978
15.174999999999999,0.11763556530551071,1.9776623804299567,0.8824538155113415,-2.121014530299132,-0.5649562961336967
15.183333333333334,0.13479197838176638,2.142100014256685,0.8624529093245603,-2.6821859480395207,-0.5649562961336909
15.191666666666666,0.15337876233815265,2.3214820223477166,0.837695811822822,-3.2631227626860677,-0.5649562961337126
15.2,0.17353327956037112,2.518817484433306,0.8080025214011185,-3.867437213831553,-0.5649562961337039
15.208333333333334,0.1954153592979763,2.7363652681462853,0.7731657484580274,-4.497869728943026,-0.5649562961336486
15.216666666666667,0.21919699412904314,2.974531666368651,0.7329646799528151,-5.15451127840431,-0.5649562961338113
15.225,0.24503884275508084,3.2297090278569476,0.6872002950717275,-5.831242562944211,-0.5649562961337247
15.233333333333333,0.2730421724708266,3.4904507585839304,0.6357714631682717,-6.509345817486067,-0.5649562961336401
15.241666666666667,0.3031612960134445,3.731940849488672,0.5788174096649592,-7.148166014348825,-0.5649562961333167
15.25,0.3350705521606755,3.911483644793648,0.5169374733407829,-7.677357957792058,-0.564956296133406
15.258333333333333,0.3680251245279569,3.973391867038421,0.45142301585724437,-8.004870153618933,-0.564956296134265
15.266666666666666,0.4008365184121857,3.872164363627126,0.3842980945386213,-8.055806858653105,-0.5649562961342308
15.275,0.43208903543982985,3.6026100617293606,0.31795532874001997,-7.823034053201459,-0.564956296134032
15.283333333333333,0.4605207221353504,3.2042749623625686,0.25451684543499253,-7.37422172188923,-0.5649562961334289
15.291666666666666,0.48529542412504695,2.734160936994587,0.19538299198829204,-6.805356887866975,-0.5649562961337695
15.299999999999999,0.506022988189003,2.2392255418343905,0.1412080731547613,-6.194352479464431,-0.5649562961337427
15.308333333333334,0.5226268049308083,1.7477304272071377,0.09213160359595265,-5.586875722901799,-0.5649562961338402
15.316666666666666,0.5351991007058285,1.2729650803564967,0.04802635641552167,-5.003077762923326,-0.5649562961337287
15.325,0.5439019360776072,0.8193148426785031,0.008666245878316992,-4.448108421743945,-0.5649562961337674
15.333333333333334,0.5489128881103873,0.3866775416568268,-0.026182829510030044,-3.91969882937322,-0.5649562961337808
15.341666666666667,0.5503991798829208,-0.02703994278321578,-0.05672087710825158,-3.4124302168987177,-0.5649562961337726
15.35,0.5485068716256439,-0.42468974630199396,-0.08309745036291534,-2.9198424032729458,-0.5649562961337751
15.358333333333333,0.5433571177926194,-0.8093437710738407,-0.10540742990290342,-2.4353682386258417,-0.5649562961337757
15.366666666666667,0.5350452953605463,-1.1841024480091211,-0.12369185745390655,-1.9526820558345426,-0.5649562961337747
15.375,0.5236409488811897,-1.5520688004651748,-0.1379403695420999,-1.4657706510599753,-0.5649562961337752
15.383333333333333,0.5091876046650847,-1.9163949989538478,-0.14809363734291173,-0.9688816525270807,-0.5649562961337755
15.391666666666666,0.4917020749306264,-2.2803519089562556,-0.15404516260349005,-0.45643100075508336,-0.564956296133776
15.4,0.4711732065707277,-2.6473872329975983,-0.1556423309122807,0.07707337528783562,-0.5649562961337761
15.408333333333333,0.44756032622252245,-3.0211318983882522,-0.15268712224147105,0.63702317153324,-0.5649562961337694
15.416666666666666,0.4207920751123138,-3.4052841389999378,-0.14493763544142146,1.2284951771105488,-0.5649562961337984
15.424999999999999,0.39076716753305357,-3.8032318041272033,-0.13211303213094472,1.8555901166842714,-0.5649562961337896
15.433333333333334,0.35736027148843835,-4.2171393657291825,-0.11390737258587752,2.519854296385863,-0.5649562961337029
15.441666666666666,0.32043935523774797,-4.64600402314216,-0.09002321774975394,3.2169342130245098,-0.5649562961339367
15.45,0.279906029044534,-5.081950307267988,-0.06024474294382938,3.9302174447495335,-0.5649562961338026
15.458333333333334,0.2357761338761768,-5.50429152119208,-0.02457980750400672,4.620675289313072,-0.5649562961339358
15.466666666666667,0.18831437492899447,-5.873194024771915,0.01650586302624709,5.216124720020115,-0.5649562961327329
15.475,0.138198554607336,-6.130864306256161,0.06180568461814086,5.613634393536575,-0.5649562961334363
15.483333333333333,0.08659920005123974,-6.222149380794326,0.1092389528968655,5.715604107393462,-0.5649562961336336
15.491666666666667,0.03501319252916261,-6.12915951392293,0.1561468103430002,5.4900742121571895,-0.5649562961351486
15.5,-0.015130531393791658,-5.884802610185592,0.1999853412028113,4.994379838380566,-0.5649562961341359
15.508333333333333,-0.06281085503149005,-5.547967854104977,0.23892538516993528,4.33217670278676,-0.5649562961338438
15.516666666666666,-0.10748727502814402,-5.171034427762862,0.2719887490071026,3.596916425223157,-0.5649562961337217
15.525,-0.14897588835005673,-4.786725227004985,0.2988406943719511,2.848671061578195,-0.5649562961338538
15.533333333333333,-0.18728982755994775,-4.410639385979889,0.31951744407091387,2.118133031158387,-0.5649562961339588
15.541666666666666,-0.22252381721241404,-4.047799013200351,0.33422731834203656,1.4176764333914598,-0.5649562961338491
15.549999999999999,-0.25478896621378616,-3.6977789421867544,0.3432370155701895,0.7500665445552394,-0.5649562961338864
15.558333333333334,-0.28418119965820204,-3.357716029991029,0.3468149932216864,0.11356174269983534,-0.5649562961338989
15.566666666666666,-0.3107681207152485,-3.023847953582989,0.3452060112136116,-0.495497038627256,-0.5649562961338895
15.575,-0.3345848964199969,-2.6922272921394987,0.33862075444508616,-1.0815076516527427,-0.5649562961338923
15.583333333333334,-0.35563412974730085,-2.3590128235983245,0.3272319222314336,-1.6491496323255508,-0.564956296133893
15.591666666666667,-0.3738871906115498,-2.0205533225326633,0.311172487064411,-2.2032774996558766,-0.5649562961338925
15.6,-0.38928578269402925,-1.6733729360406482,0.2905340793326468,-2.74897538701689,-0.5649562961338923
15.608333333333333,-0.40174318531154235,-1.3141148215030805,0.2653646034033964,-3.2916748456174507,-0.5649562961338928
15.616666666666667,-0.41114498051097315,-0.9394796347836667,0.2356648275092809,-3.8372739254415773,-0.5649562961338933
15.625,-0.417349376917187,-0.5461982320274233,0.20138419001987523,-4.392193258228844,-0.5649562961338936
15.633333333333333,-0.42018766442607824,-0.1311055577491726,0.16241675087957885,-4.9632603532479145,-0.5649562961338854
15.641666666666666,-0.4194661353402067,0.3085503356055839,0.11859952847705932,-5.557201429604239,-0.5649562961339238
15.65,-0.4149724293928415,0.7742940727925138,0.06971815899079642,-6.179288515573922,-0.5649562961339146
15.658333333333333,-0.40649243499141824,1.2645925744968225,0.015530177351635876,-6.830272978380302,-0.5649562961337996
15.666666666666666,-0.39384942969882203,1.7711928256277654,-0.04417425849363141,-7.50019402105711,-0.5649562961340284
15.674999999999999,-0.3769842056026089,2.272900912168365,-0.10944194767221406,-8.157742328507414,-0.5649562961338562
15.683333333333334,-0.35609445767961967,2.7282090252447713,-0.1799239905283016,-8.73739220573247,-0.5649562961345093
15.691666666666666,-0.33181565319669953,3.0748313209028697,-0.25456793782490234,-9.13779943682498,-0.5649562961327869
15.7,-0.3053262551389348,3.2504140722331702,-0.33142982442447333,-9.25578758965488,-0.5649562961339456
15.708333333333334,-0.2781876731839339,3.2317324148008155,-0.407927318333093,-9.051980775379713,-0.5649562961330622
15.716666666666667,-0.25191169019534304,3.052963428147488,-0.48155145203210353,-8.581822632802709,-0.5649562961347263
15.725,-0.22756790828055243,2.7792019630320133,-0.5505144705609005,-7.951535479052464,-0.5649562961340462
15.733333333333333,-0.20568994211009603,2.4692659222897353,-0.6139002221854988,-7.256270406131759,-0.5649562961341326
15.741666666666667,-0.1864086747218866,2.160420915962499,-0.6714390542571606,-6.555187495388787,-0.5649562961338455
15.75,-0.1696275309147638,1.871143370366141,-0.7232175034826632,-5.8766010562112765,-0.5649562961339759
15.758333333333333,-0.15514881591935015,1.6083661151284872,-0.769472935465634,-5.230316795384881,-0.5649562961340309
15.766666666666666,-0.14274487275325734,1.3730642437157334,-0.8104812741117972,-4.616970550635686,-0.5649562961339791
15.775,-0.1321928770120074,1.1634816168728794,-0.8465050552461197,-4.033327809931959,-0.5649562961339966
15.783333333333333,-0.12328996900509495,0.9767650850277808,-0.8777734525940031,-3.4749023929605616,-0.5649562961340007
15.791666666666666,-0.11585879855269149,0.8097267756022721,-0.904477419552599,-2.9371275923300364,-0.5649562961339973
15.799999999999999,-0.1097487496746724,0.6591708560218382,-0.9267712600796083,-2.41581534774235,-0.5649562961339988
15.808333333333334,-0.10483541156791387,0.522013900080835,-0.9447764661761887,-1.9072842947727116,-0.5649562961339984
15.816666666666666,-0.10101948863083061,0.39531178493220126,-0.9585859275706308,-1.4083415120268306,-0.5649562961339983
15.825,-0.09822567678241334,0.27624677210207105,-0.9682676998765601,-0.9162041414954335,-0.5649562961339986
15.833333333333334,-0.09640172184101907,0.1620993526467811,-0.9738680127308202,-0.4283993912842265,-0.5649562961339983
15.841666666666667,-0.09551773636157534,0.050215429302326337,-0.9754134145883281,0.057341129378716445,-0.5649562961339983
15.85,-0.09556579440831739,-0.062027246400289136,-0.9729120344309212,0.5431872867918934,-0.5649562961339982
15.858333333333333,-0.0965598055301972,-0.17725251617131244,-0.9663539637905636,1.0313157584164974,-0.5649562961339983
15.866666666666667,-0.09853566789141567,-0.29811945542662394,-0.9557107598225465,1.5240158665194086,-0.5649562961339983
15.875,-0.1015517038853553,-0.42735652130233615,-0.9409340604252731,2.023796936252715,-0.5649562961339979
15.883333333333333,-0.10568938001845606,-0.5677952905530392,-0.9219533000346787,2.5334963557243535,-0.564956296133998
15.891666666666666,-0.11105429378884424,-0.7223996965614821,-0.8986725390618695,3.0563826332524853,-0.5649562961339992
15.9,-0.1177773508061697,-0.8942797042282994,-0.8709665073048392,3.596236766701365,-0.5649562961339984
15.908333333333333,-0.12601590923348424,-1.0866635913092537,-0.8386761872807018,4.157371467475817,-0.5649562961339922
15.916666666666666,-0.1359543403634784,-1.3027721660991158,-0.8016047852124372,4.7444972389296955,-0.5649562961340193
15.924999999999999,-0.14780274922197,-1.545475048189865,-0.7595160819304118,5.3622391250177746,-0.5649562961340091
15.933333333333334,-0.16179113726845382,-1.8164847242752682,-0.7121395698932612,6.01389801728844,-0.5649562961339296
15.941666666666666,-0.17815340497623255,-2.114621912339613,-0.6591916155395652,6.698669934330521,-0.5649562961341639
15.95,-0.19709045750392012,-2.4323847373409917,-0.6004306168375673,7.406007972269977,-0.5649562961340332
15.958333333333334,-0.21869469372576517,-2.7500304304243466,-0.5357762651135101,8.105720130097898,-0.5649562961340352
15.966666666666667,-0.24281650493354165,-3.0280556308538564,-0.4655267431007148,8.7351436636486,-0.5649562961331218
15.975,-0.2688821609412127,-3.2049631819413373,-0.3906606929313201,9.194831867877806,-0.5649562961336136
15.983333333333333,-0.29576489399506556,-3.2147264208667177,-0.3130557434682083,9.377084186862284,-0.5649562961341067
15.991666666666667,-0.3219037765576203,-3.0261435220660573,-0.23529719137279195,9.231379688655641,-0.5649562961353025
16.0,-0.345724654323103,-2.6675236032459257,-0.159983922189128,8.805382657319925,-0.5649562961343456
16.008333333333333,-0.36607260941814285,-2.204320759797687,-0.08901817889207593,8.207102866348439,-0.5649562961340276
16.016666666666666,-0.3823484878214419,-1.6989487596750537,-0.0233924363975859,7.537728788172342,-0.5649562961339487
16.025,-0.39438521317526476,-1.1917287809482309,0.03659209344963564,6.860518590908395,-0.5649562961340637
16.03333333333333,-0.4022622685538111,-0.7026891904672108,0.0910107017782404,6.20465821373262,-0.5649562961341534
16.041666666666668,-0.4061685497038043,-0.2393140669575277,0.140087102447204,5.578734878522717,-0.5649562961340764
16.05,-0.40632543199276955,0.19729464615704922,0.18406895957063296,4.98124925564423,-0.5649562961341004
16.058333333333334,-0.402949893160708,0.6088854169619208,0.22317137579632187,4.406571423234903,-0.5649562961341061
16.066666666666666,-0.3962389050608356,0.9983236137076961,0.25755608922235457,3.847835144602187,-0.5649562961341039
16.075,-0.386363748097341,1.3688342525835289,0.28732716500867533,3.298189014868737,-0.564956296134105
16.083333333333332,-0.37346839522884995,1.7237233230193263,0.3125333697468583,2.751248774613901,-0.5649562961341043
16.091666666666665,-0.3576691791945797,2.0663190378688334,0.3331725836398311,2.201182785238928,-0.5649562961341046
16.1,-0.33905450219905564,2.4000060661128013,0.3491961680468002,1.6426391424550053,-0.5649562961341048
16.108333333333334,-0.3176841044634392,2.7282896727652934,0.36051244099727375,1.070616597130575,-0.5649562961341034
16.116666666666667,-0.2935878062099771,3.0548525468704204,0.36698905872964055,0.4803400668686076,-0.5649562961341078
16.125,-0.26676392527743187,3.3835689835423084,0.36845457968121914,-0.13279929515822086,-0.5649562961341067
16.133333333333333,-0.2371779349732671,3.7184205981631653,0.36470011150779763,-0.7731425953578072,-0.56495629613409
16.141666666666666,-0.20476258250375828,4.063205245190354,0.3554830805377225,-1.4443123584668833,-0.5649562961341502
16.15,-0.16942198640600675,4.420824580436806,0.3405374071571724,-2.1480424457937226,-0.5649562961341278
16.15833333333333,-0.13104473665062016,4.791748687920913,0.3195986761290801,-2.8816002185659673,-0.5649562961339925
16.166666666666668,-0.08953539330372325,5.1710102734369165,0.29246036704015865,-3.6326964470705536,-0.5649562961342743
16.175,-0.044879620517537154,5.543070092147613,0.2590871296781566,-4.370773111469061,-0.5649562961340702
16.183333333333334,0.0027403007942124755,5.875236418099029,0.2198134093229116,-5.035887442252684,-0.5649562961346309
16.191666666666666,0.05278536571528634,6.115053639267342,0.17561651201847447,-5.534572763107027,-0.5649562961328081
16.2,0.1042346341702346,6.2033942888483375,0.12832590053667464,-5.762902778313948,-0.564956296134
16.208333333333332,0.15565710434737795,6.10709649570333,0.08048850756755413,-5.66323368967289,-0.5649562961333648
16.216666666666665,0.20555267682518297,5.844063628751479,0.034767300404228416,-5.2676289261436935,-0.5649562961352115
16.225,0.25274902877825295,5.469745172304692,-0.006755749435853074,-4.674212441639548,-0.5649562961343156
16.233333333333334,0.296569310073576,5.042253022789274,-0.04287736771721288,-3.986416017528012,-0.5649562961343114
16.241666666666667,0.33675186741713664,4.601597456323545,-0.07313816504856398,-3.2766365349795623,-0.564956296134058
16.25,0.3732848196817411,4.168517331551533,-0.09753731473856377,-2.58387724467528,-0.5649562961341884
16.258333333333333,0.4062706717088928,3.7508833271622763,-0.11629692099684581,-1.9246143027154963,-0.5649562961342548
16.266666666666666,0.43584545897415927,3.349681165615861,-0.12971941970713458,-1.3030391078735188,-0.5649562961341958
16.275,0.4621383927198073,2.9627350440458677,-0.13811442850370342,-0.7174543106859664,-0.5649562961342152
16.28333333333333,0.4852545835422449,2.5866554200558136,-0.14176529575062286,-0.16363071405644933,-0.5649562961342198
16.291666666666668,0.5052692368879208,2.217750561462343,-0.14091546367968844,0.36361257779627637,-0.5649562961342174
16.3,0.5222269516544074,1.8524015018416369,-0.13576372468737297,0.8697478313049779,-0.564956296134218
16.308333333333334,0.5361429197433585,1.48717536413082,-0.126462888609076,1.360325155798042,-0.5649562961342175
16.316666666666666,0.5470044955207549,1.1188167875350425,-0.11311925669714125,1.8409648782133767,-0.5649562961342183
16.325,0.554772444166376,0.74418770192144,-0.09579174593948049,2.3174349179745874,-0.5649562961342179
16.333333333333332,0.5593816151022162,0.36019498674590317,-0.07449025652977642,2.795745963187415,-0.5649562961342172
16.341666666666665,0.5607410739371642,-0.03626120692052921,-0.0491733582400175,3.28220995833247,-0.5649562961342205
16.35,0.5587340408781025,-0.4482721624544166,-0.019745891720256908,3.783385343570483,-0.5649562961342205
16.358333333333334,0.5532185141150646,-0.8787517485562324,0.01394203764843769,4.305764453067821,-0.5649562961342045
16.366666666666667,0.544030490972441,-1.3299429551025503,0.052091457195084394,4.85491411198816,-0.5649562961342636
16.375,0.5309937115116157,-1.8022744536809958,0.09493968215621346,5.433514418837929,-0.5649562961342436
16.383333333333333,0.5139434687003709,-2.2920171002145553,0.14272138893790515,6.037348151919972,-0.5649562961341318
16.391666666666666,0.49277733905014093,-2.7870702685235873,0.19558355215662263,6.648066562269188,-0.5649562961342309
16.4,0.4675492184287486,-3.2609668040828663,0.25342576197793776,7.222814986659143,-0.5649562961341054
16.40833333333333,0.43861070203103086,-3.6685678819280163,0.31565780525717835,7.686550026711629,-0.5649562961349096
16.416666666666668,0.4067497874723565,-3.952999637761778,0.3809581190224923,7.943342177294095,-0.5649562961336857
16.425,0.37319240240574614,-4.071604000683108,0.44726180026497137,7.920170625133267,-0.5649562961344248
16.433333333333334,0.33935358970170515,-4.024762284316216,0.5121733014137643,7.616047881006575,-0.5649562961335605
16.441666666666666,0.3064553413992821,-3.855091536790399,0.5736084618083437,7.101116676538652,-0.564956296134703
16.45,0.27528685293220423,-3.618422519325122,0.6301987657797962,6.4678592311524845,-0.5649562961343214
16.458333333333332,0.24620970231422734,-3.359010721871479,0.6812836251855905,5.789444508487559,-0.5649562961344164
16.466666666666665,0.21929217093193232,-3.103154781593452,0.7266865204812716,5.109189477933223,-0.5649562961341845
16.475,0.19444539823915116,-2.863251252887386,0.7664896762942626,4.447543685458775,-0.5649562961342856
16.483333333333334,0.1715152252241641,-2.6434046200362333,0.8008841533409632,3.811572465487083,-0.5649562961343295
16.491666666666667,0.15033328828843107,-2.4434274687588227,0.8300884882737228,3.201649111880365,-0.5649562961342854
16.5,0.13074224869134235,-2.2611319539075945,0.8543103712414457,2.6152400874276482,-0.5649562961343005
16.508333333333333,0.11260698103139112,-2.093507850753946,0.8737313334592671,2.048812708792928,-0.5649562961343052
16.516666666666666,0.09581877973809275,-1.937285677894744,0.8885025810504195,1.4987133403216424,-0.5649562961343009
16.525,0.0802963342243347,-1.7891853614395032,0.8987457132342859,0.961522201156398,-0.5649562961343024
16.53333333333333,0.06598535048988555,-1.6460110703814024,0.9045552042656126,0.4341527946870646,-0.5649562961343029
16.541666666666668,0.05285772390910945,-1.5046732903621025,0.9060011449407982,-0.08617013040804537,-0.564956296134302
16.55,0.040910685527619534,-1.3621774584639639,0.9031315327686252,-0.6019897852750582,-0.564956296134302
16.558333333333334,0.03016611483950166,-1.215597288231467,0.8959737735810519,-1.1157242857737237,-0.5649562961343026
16.566666666666666,0.020670110263707506,-1.0620402999384662,0.884535222518448,-1.6297890959009065,-0.5649562961343019
16.575,0.012492870282846163,-0.8986078559940079,0.8688026554320595,-2.1467310389336567,-0.5649562961343015
16.583333333333332,0.0057289301502089765,-0.7223497087292805,0.8487405768330333,-2.6693736080819455,-0.5649562961343026
16.591666666666665,0.0004978015259921138,-0.5302127852786637,0.8242882681888539,-3.200973926586301,-0.5649562961343015
16.6,-0.0030549416539985717,-0.31898592571265205,0.795355486078831,-3.74538893299721,-0.564956296134301
16.608333333333334,-0.004756123199370594,-0.08524828212391766,0.7618167711581646,-4.3072394261683575,-0.5649562961343019
16.616666666666667,-0.004403078608855315,0.17465651176952934,0.7235045033768285,-4.892038222758846,-0.564956296134307
16.625,-0.0017618338095362807,0.4645654200355769,0.680201309211029,-5.506196006507207,-0.5649562961343054
16.633333333333333,0.003433516632581875,0.7882320165213389,0.6316335809244044,-6.156698139243886,-0.5649562961342702
16.641666666666666,0.01147744806563025,1.1485662148689837,0.5774705566620195,-6.849980098137212,-0.5649562961344166
16.65,0.022679287186838776,1.5457683899868366,0.5173393742508499,-7.588981600453888,-0.5649562961343566
16.65833333333333,0.03732555028613228,1.9732026560830138,0.4508786990898172,-8.366411591646653,-0.5649562961340615
16.666666666666668,0.055592853241225634,2.4094109104190613,0.3778740511626444,-9.151425300708375,-0.5649562961342908
16.675,0.0773767903413716,2.806389324703065,0.298534839624345,-9.86964805966297,-0.5649562961339397
16.683333333333334,0.10203428855194187,3.0834449609242878,0.21392189232442899,-10.39186166588096,-0.5649562961358813
16.691666666666666,0.12818067516938664,3.151051203785424,0.12629423572255746,-10.572483517438174,-0.5649562961346415
16.7,0.15385557246398168,2.971278317596696,0.03884923121819329,-10.349731206218049,-0.5649562961350079
16.708333333333332,0.17714292387345884,2.591742979861209,-0.0452921317362526,-9.802089727335023,-0.5649562961336876
16.716666666666665,0.19675189203360788,2.1037305151077095,-0.12403287770193272,-9.078239377338551,-0.5649562961343545
16.725,0.2121207020519558,1.5841276515229397,-0.19645295200297033,-8.300815917268828,-0.5649562961343919
16.733333333333334,0.22319016232186134,1.076699973218901,-0.262420334171639,-7.536607471608354,-0.5649562961346083
16.741666666666667,0.230152710982414,0.6001669555902323,-0.322172647871951,-6.811165247951921,-0.5649562961343866
16.75,0.23329385072134134,0.15977394289390173,-0.376059581944452,-6.128587170819695,-0.5649562961344597
16.758333333333333,0.23291400898104686,-0.24526442320313974,-0.42442152885544104,-5.484001817356531,-0.5649562961344764
16.766666666666666,0.2292957853039123,-0.6180386233558517,-0.46754373933225973,-4.869700807364488,-0.5649562961344683
16.775,0.22269253018263913,-0.9623134192855952,-0.5056452255850767,-4.277752710813072,-0.5649562961344712
16.78333333333333,0.2133257916581637,-1.2819001421042067,-0.5388816154356789,-3.7009568615635096,-0.5649562961344693
16.791666666666668,0.2013858906814829,-1.5804712529114022,-0.5673525165786983,-3.1330749489000445,-0.5649562961344708
16.8,0.1870331679582966,-1.8615566723087877,-0.5911093935315791,-2.568767754587267,-0.5649562961344711
16.808333333333334,0.17039893328457142,-2.1286067723476307,-0.6101623788936382,-2.0034217718922127,-0.5649562961344693
16.816666666666666,0.15158579565866076,-2.3850729341014794,-0.6244854694719904,-1.4329428475659005,-0.5649562961344711
16.825,0.13066732596648503,-2.6344849552052034,-0.6340199860776744,-0.8535493918394799,-0.5649562961344705
16.833333333333332,0.10768712541954828,-2.880514731196456,-0.6386763713840188,-0.2615830556621368,-0.5649562961344681
16.841666666666665,0.08265745710199864,-3.127015014987676,-0.6383345501351747,0.34664252748154745,-0.5649562961344748
16.85,0.05555772813066227,-3.378011272433449,-0.6328433142561843,0.9749151737328938,-0.5649562961344725
16.858333333333334,0.02633338833543,-3.637598431867428,-0.6220196896237614,1.6270352867710232,-0.564956296134453
16.866666666666667,-0.0051035859472250665,-3.9096397574030903,-0.6056502854719022,2.306387872944019,-0.5649562961345216
16.875,-0.03887020110423867,-4.197058648344378,-0.5834987728900974,3.0148183439950014,-0.5649562961344932
16.883333333333333,-0.07509906446164878,-4.500326264893282,-0.5553278345560023,3.750135996562405,-0.564956296134348
16.891666666666666,-0.11390686547048262,-4.814493025111833,-0.5209513528812655,4.5011354369593715,-0.5649562961346541
16.9,-0.15532947908638264,-5.124067175072851,-0.4803428066679203,5.238950658944266,-0.5649562961344299
16.90833333333333,-0.19920635455767827,-5.396317617120371,-0.4338293738052425,5.90573681138782,-0.5649562961350065
16.916666666666668,-0.24501842204707364,-5.578331520264119,-0.3823642473917649,6.409815142441998,-0.5649562961330982
16.925,-0.2917582642729573,-5.6099340423502975,-0.3277420058966063,6.6480182464738675,-0.5649562961343478
16.933333333333334,-0.337999775645426,-5.4571831523016545,-0.2724705979025538,6.56322319740707,-0.5649562961336978
16.941666666666666,-0.38224730058666523,-5.138780697585138,-0.2191643625206872,6.189442294534109,-0.5649562961355894
16.95,-0.42334556168616977,-4.712160694707543,-0.16983597992825558,5.627434213807361,-0.5649562961346627
16.958333333333332,-0.46065053932789707,-4.237013053632041,-0.12560303197410663,4.981634200704704,-0.5649562961346637
16.966666666666665,-0.4939422184912652,-3.753895304188382,-0.08684037967004402,4.3232505108789985,-0.5649562961344147
16.975,-0.5232518637243494,-3.2834552694826136,-0.05347996199985397,3.6889239830907434,-0.5649562961345413
16.983333333333334,-0.5487234676923886,-2.833317161602945,-0.02525171545005275,3.0925913874793935,-0.564956296134604
16.991666666666667,-0.5705327378067316,-2.404296886188683,-0.0018253650196478118,2.536195155163328,-0.5649562961345501
17.0,-0.5888476710416822,-1.9941754646254146,0.017119484077068637,2.0161950839859664,-0.5649562961345674
17.008333333333333,-0.6038122614695544,-1.599623831308348,0.031863238323232464,1.5269045599428457,-0.564956296134572
17.016666666666666,-0.6155413992498372,-1.2170757483801946,0.042635687070355005,1.0620214459245225,-0.5649562961345694
17.025,-0.6241205637825601,-0.843068825194282,0.04961387822648955,0.6152470535367848,-0.5649562961345702
17.03333333333333,-0.6296071717281102,-0.4743327319333549,0.052923119760331164,0.18047240289627067,-0.56495629613457
17.041666666666668,-0.6320321171876413,-0.107762519131462,0.05263860616709737,-0.248231619527078,-0.5649562961345702
17.05,-0.6314008543262284,0.2596571899805307,0.04878656295375036,-0.676707572465636,-0.5649562961345701
17.058333333333334,-0.6276937615660922,0.6309449766943478,0.04134446702389777,-1.1108334152527055,-0.5649562961345699
17.066666666666666,-0.6208657315955307,1.0092126026391315,0.030240249371268253,-1.5566396489598489,-0.5649562961345714
17.075,-0.6108450949967029,1.3977304506318589,0.015350662847999751,-2.0203849104197147,-0.5649562961345712
17.083333333333332,-0.5975322260106458,1.799929332161788,-0.0035005941727178627,-2.508523565008924,-0.5649562961345633
17.091666666666665,-0.5807986576408475,2.219257430535286,-0.026543591556746828,-3.0274265919820826,-0.5649562961345956
17.1,-0.560488533194922,2.6587236447246467,-0.054058601628673125,-3.5825668181379746,-0.5649562961345864
17.108333333333334,-0.5364262502301224,3.1197932598235916,-0.08636165855393435,-4.176595249991337,-0.5649562961344925
17.116666666666667,-0.5084379686984376,3.6000409457619225,-0.12376609266637792,-4.805285412024191,-0.5649562961347266
17.125,-0.4764006782560523,4.0887519895055595,-0.1664965169686937,-5.44994984477978,-0.5649562961345825
17.133333333333333,-0.4403378497665082,4.560264337504124,-0.21452250027394357,-6.065957156015177,-0.5649562961348709
17.141666666666666,-0.4005710008523748,4.968269879910316,-0.26729566443551384,-6.572860858769967,-0.5649562961333663
17.15,-0.35788108360410137,5.2514559309031705,-0.3234691411346984,-6.864000744896423,-0.5649562961343209
17.15833333333333,-0.3135339437854565,5.360939953706397,-0.38085018802534604,-6.853668991303423,-0.5649562961340788
17.166666666666668,-0.2690275057895796,5.293819383539757,-0.4368322269705547,-6.535048592233845,-0.5649562961359099
17.175,-0.22567193175813205,5.094576296321592,-0.48911722028116866,-5.98310112654296,-0.5649562961348621
17.183333333333334,-0.18431741254718928,4.822978267138262,-0.5361881756743783,-5.299807942854556,-0.5649562961347159
17.191666666666666,-0.1453576583328861,4.5259426349298515,-0.577310287260349,-4.565986557620275,-0.5649562961344858
17.2,-0.10887917202806402,4.230513872605801,-0.6122819738295904,-3.829170729611279,-0.5649562961346402
17.208333333333332,-0.07481062448033982,3.948651591009166,-0.6411847695485642,-3.1116761705913913,-0.5649562961347343
17.216666666666665,-0.04302135755152261,3.68355490661066,-0.6642191717661936,-2.4212909694567295,-0.5649562961346327
17.225,-0.013374583809462381,3.434043563277109,-0.6816169568163556,-1.75865288641479,-0.5649562961346679
17.233333333333334,0.014247396097514334,3.1970007649722954,-0.6936004496256388,-1.121325815731052,-0.5649562961346796
17.241666666666667,0.03993276305691503,2.968594426729339,-0.700366284543644,-0.5057973148452231,-0.564956296134669
17.25,0.06373688650327812,2.744841474075967,-0.7020806368819544,0.09164267733239867,-0.5649562961346724
17.258333333333333,0.08568220217867294,2.521843416006315,-0.6988791624796209,0.6745845961508862,-0.5649562961346741
17.266666666666666,0.10575931070089592,2.2958631127835787,-0.6908683076319434,1.2464546384947952,-0.564956296134672
17.275,0.12392836081481734,2.063325488246408,-0.6781263791858002,1.8106011302783624,-0.564956296134672
17.28333333333333,0.14012026431265057,1.8207805248528197,-0.6607035975462892,2.3704449449740697,-0.5649562961346736
17.291666666666668,0.15423750815923074,1.5648453504432618,-0.6386207430755338,2.9296633602921336,-0.564956296134672
17.3,0.16615442440279946,1.2921329347023696,-0.6118661839180445,3.492392892355861,-0.5649562961346715
17.308333333333334,0.17571682984404485,0.9991733713062545,-0.5803911705495017,4.063440392291869,-0.5649562961346737
17.316666666666666,0.18274101663374104,0.6823398907318594,-0.5441033968126189,4.648483242463196,-0.5649562961346732
17.325,0.18701224259205396,0.3378105702484422,-0.5028590875594267,5.254210627714791,-0.5649562961346734
17.333333333333332,0.18828328975334463,-0.03835828776989024,-0.4564545307196686,5.888285709330571,-0.56495629613466
17.341666666666665,0.18627466107930785,-0.4498692965768204,-0.4046195775576665,6.558840667586597,-0.5649562961347318
17.35,0.18068027361460084,-0.8991330746371606,-0.3470193871291239,7.272845286526698,-0.5649562961347103
17.358333333333334,0.17118746342846264,-1.3846940579143763,-0.28327897695328685,8.03194188392813,-0.5649562961344733
17.366666666666667,0.15752976704829008,-1.8956340892228865,-0.213061566699698,8.823171593269612,-0.5649562961349741
17.375,0.13960501430550148,-2.401336235937884,-0.1362562849084049,9.601689658773225,-0.5649562961345688
17.383333333333333,0.11769316536279832,-2.8389933382605173,-0.053336288344243504,10.26911710102811,-0.5649562961360726
17.391666666666666,0.09273714099139906,-3.115390555367135,0.034168301272178646,10.675044886991587,-0.5649562961339645
17.4,0.06644952456727665,-3.1500452525635114,0.12347569483812763,10.687747070524411,-0.5649562961337291
17.40833333333333,0.040925335234821,-2.9396984423861268,0.21117572321590825,10.301590952654177,-0.5649562961369541
17.416666666666668,0.017922471602733622,-2.56134061035378,0.29440816093901523,9.642230428413475,-0.5649562961350183
17.425,-0.0015621990792401917,-2.1092901247217375,0.3715491402993933,8.861943445197728,-0.5649562961350713
17.433333333333334,-0.017212660487320782,-1.6490037202926209,0.44206281506729417,8.063779088892566,-0.5649562961345482
17.441666666666666,-0.029115341388149786,-1.213154950267436,0.5060340375104715,7.296422226283217,-0.5649562961348192
17.45,-0.03753416795577198,-0.8138031816514758,0.5637995164597456,6.575260228451167,-0.5649562961349062
17.458333333333332,-0.04278594510477256,-0.452921739092659,0.615750008310197,5.900111446387192,-0.5649562961348314
17.466666666666665,-0.04518365665878626,-0.1282835296705871,0.6622458522068694,5.264936905642005,-0.5649562961348558
17.475,-0.04501449866604733,0.16378365734233608,0.7035892022395531,4.662266217347264,-0.5649562961348578
17.483333333333334,-0.04253337844959039,0.4272435920629935,0.7400206701740772,4.084964827637825,-0.5649562961348575
17.491666666666667,-0.03796256575200077,0.6659293472824322,0.7717250396103351,3.52680959814266,-0.5649562961348581
17.5,-0.031493374755315155,0.8834325653883837,0.7988393966595447,2.9825678227236896,-0.5649562961348562
17.508333333333333,-0.02328817395445215,1.0831155639019798,0.8214609931850584,2.4478859657662477,-0.5649562961348574
17.516666666666666,-0.013482086744241346,1.2681651081346386,0.8396538719272465,1.9191168037063604,-0.5649562961348575
17.525,-0.002184194689775593,1.441654754167648,0.8534539867658255,1.39313602849336,-0.5649562961348562
17.53333333333333,0.010521768334722846,1.6066036486225788,0.862872820103702,0.8671665108938487,-0.5649562961348572
17.541666666666668,0.024577184054154256,1.7660284346457416,0.8678995874453145,0.3386152706291409,-0.5649562961348569
17.55,0.039948720190608314,1.9229879645031365,0.8685021394364635,-0.19507604648205978,-0.5649562961348561
17.558333333333334,0.056628842746512385,2.0806204364854306,0.8646266775850799,-0.7365659127585602,-0.5649562961348578
17.566666666666666,0.07463659709935018,2.2421698705398194,0.8561964259515307,-1.2887271622912984,-0.5649562961348569
17.575,0.09401853586376277,2.410992466953681,0.843109486322719,-1.8547247230279233,-0.5649562961348533
17.583333333333332,0.1148495445842668,2.590520339735337,0.8252363160955569,-2.4380195260826247,-0.5649562961348676
17.591666666666665,0.13723303245766078,2.7841340546061892,0.8024177379380464,-3.0422181683967118,-0.5649562961348609
17.6,0.16129936096969177,2.994844334614974,0.7744653771395984,-3.670602439097196,-0.5649562961348243
17.608333333333334,0.18720019302485205,3.2245874074821903,0.7411684122802836,-4.325010791710832,-0.5649562961349471
17.616666666666667,0.21509418985345619,3.472776396545523,0.7023143230928311,-5.0034674200896365,-0.5649562961348796
17.625,0.24511564813016987,3.733548920446599,0.6577378296389753,-5.695604462418215,-0.5649562961347474
17.633333333333333,0.27731273566956927,3.99117379328574,0.6074206907955301,-6.374944078971336,-0.5649562961347798
17.641666666666666,0.31154114806975913,4.21428625032926,0.5516667370303164,-6.989128910493057,-0.56495629613468
17.65,0.34731921002995425,4.353715036567043,0.4913426758784156,-7.456133370014488,-0.5649562961356134
17.65833333333333,0.38371474362489627,4.354128127537704,0.42806629360366777,-7.683825128596861,-0.5649562961345702
17.666666666666668,0.4194074411922877,4.183272367019094,0.36409867749995456,-7.619345677265314,-0.5649562961350951
17.675,0.4529971066061904,3.855743928299749,0.301821549510733,-7.2890991388348425,-0.5649562961343102
17.683333333333334,0.48337592633670906,3.422486993561081,0.24310956483906668,-6.780438822439193,-0.564956296135173
17.691666666666666,0.5099006614146941,2.93897123907563,0.1890456757553146,-6.1873848674755765,-0.5649562961349227
17.7,0.532330562617081,2.444664449710931,0.14003449503529852,-5.575957946811135,-0.5649562961350199
17.708333333333332,0.5506753856004567,1.9608582111030501,0.09606571704561966,-4.980861598791718,-0.5649562961348585
17.716666666666665,0.5650656771058457,1.4963246191795345,0.05693684158427747,-4.415378614505887,-0.5649562961349244
17.725,0.5756732627933202,1.0529778320016985,0.022388812418617517,-3.8811398879377057,-0.564956296134947
17.733333333333334,0.58267058318887,0.6294898535952358,-0.007825208229909484,-3.37433450386277,-0.5649562961349299
17.741666666666667,0.5862125811673226,0.22320505712567817,-0.033909772697419543,-2.8889960048777423,-0.5649562961349354
17.75,0.5864298897322149,-0.16896081341237607,-0.05601651593229133,-2.4185554881933355,-0.5649562961349366
17.758333333333333,0.5834270437995955,-0.550153287331244,-0.07424227670651412,-1.9564929344026085,-0.5649562961349357
17.766666666666666,0.5772825361517382,-0.9234720827941656,-0.08863059222481803,-1.496549548677041,-0.5649562961349359
17.775,0.568049194462252,-1.2919852292620442,-0.09917400168186348,-1.032736318597992,-0.5649562961349364
17.78333333333333,0.5557541916452471,-1.658794876590995,-0.1058160010994942,-0.5592551950168596,-0.5649562961349358
17.791666666666668,0.5403984282936475,-2.027117270368073,-0.10845220284568234,-0.0703951881938184,-0.5649562961349359
17.8,0.5219552869710368,-2.400348650668895,-0.10693068714598727,0.43954941457191193,-0.5649562961349344
17.808333333333334,0.500369017573815,-2.782079901637069,-0.10105197108938473,0.9762753530943424,-0.564956296134945
17.816666666666666,0.47555343623902524,-3.175990749287076,-0.09056974667109555,1.5452621148907166,-0.5649562961349415
17.825,0.44739245736749056,-3.5854833041642156,-0.0751949816167945,2.151117500952263,-0.5649562961349016
17.833333333333332,0.4157456647251631,-4.0127763297915315,-0.05460887994057485,2.795997785983007,-0.5649562961350426
17.841666666666665,0.38046535175496093,-4.456949445966861,-0.028495738055796044,3.476225942811544,-0.5649562961349712
17.85,0.3414368476074243,-4.910172135355643,0.0033840401202220355,4.175799592973187,-0.5649562961348378
17.858333333333334,0.29866004312290734,-5.351593775157921,0.04105012981950785,4.855908855391693,-0.564956296134653
17.866666666666667,0.25238687480135447,-5.740735354165937,0.08406274438989352,5.443679660640965,-0.5649562961346712
17.875,0.20329028624481618,-6.018578566747842,0.1312305229365959,5.834333276593837,-0.5649562961357716
17.883333333333333,0.15254674330228346,-6.128776803098933,0.1804705860575485,5.928225161681363,-0.5649562961353745
17.891666666666666,0.10166506500620112,-6.053327209051512,0.22911042189860395,5.6929141282726885,-0.5649562961353498
17.9,0.052081977229132624,-5.826113191880724,0.27459614927895776,5.186893093750168,-0.5649562961344978
17.90833333333333,0.004817517342033319,-5.506993568387616,0.31509910750307746,4.514884462324211,-0.5649562961350965
17.916666666666668,-0.03959447152078431,-5.148700390937648,0.3496463960457963,3.7704146658047173,-0.564956296135027
17.925,-0.0809776393112028,-4.783876678974171,0.37790627323178994,3.0130387895135358,-0.564956296135168
17.933333333333334,-0.11935131887835487,-4.427914558458956,0.39991319360570926,2.2728876693571096,-0.564956296134959
17.941666666666666,-0.15481471283584336,-4.085640217722922,0.41586973052361814,1.5619571575581925,-0.5649562961350421
17.95,-0.1874819233426658,-3.756467413868564,0.42603455554092506,0.8828390275250898,-0.5649562961350688
17.958333333333332,-0.21745063430857905,-3.437395311208326,0.43066737045040326,0.2337825220158572,-0.5649562961350444
17.966666666666665,-0.24478911112748059,-3.1245344528474814,0.43000463767585656,-0.38875852017136764,-0.5649562961350526
17.975,-0.26953214294028904,-2.813814382675456,0.4242500809455664,-0.9889785227965677,-0.5649562961350549
17.983333333333334,-0.2916809421954702,-2.5012740737395003,0.4135714299275383,-1.5712857771332325,-0.5649562961350529
17.991666666666667,-0.3112045104160306,-2.1831478827991964,0.3980991656962612,-2.140214246799092,-0.5649562961350532
18.0,-0.3280412605454481,-1.8558532453255292,0.3779252396208557,-2.700497070416669,-0.564956296135054
18.008333333333333,-0.34210032265721085,-1.5159333078971804,0.35310084736225184,-3.25720881194361,-0.5649562961350533
18.016666666666666,-0.3532622952751488,-1.1599857818148165,0.3236329233758464,-3.8159226516839877,-0.5649562961350529
18.025,-0.36137944682821627,-0.7846080118192195,0.2894794287854257,-4.382833291723629,-0.5649562961350528
18.03333333333333,-0.3662756858913129,-0.38640767241336244,0.2505440132443525,-4.964766179566048,-0.5649562961350609
18.041666666666668,-0.3677472164924587,0.03781978895278763,0.20667159635002616,-5.568908763720156,-0.5649562961350597
18.05,-0.36556604693636596,0.49053421132917224,0.1576484692842888,-6.201911820118896,-0.5649562961350157
18.058333333333334,-0.35949110896179576,0.9720838061543935,0.10321484080934093,-6.867636505389768,-0.5649562961351813
18.066666666666666,-0.34929672267482925,1.4777445257389783,0.04310620458989835,-7.562206349626355,-0.5649562961350991
18.075,-0.33483611911107386,1.992096097229645,-0.022846291823535304,-8.264487988558196,-0.5649562961350012
18.083333333333332,-0.3161643723134866,2.480610509004657,-0.09451412508642648,-8.92162541161736,-0.5649562961344003
18.091666666666665,-0.29372864827260337,2.8835430006425575,-0.17115200747048265,-9.437994071686662,-0.5649562961347101
18.1,-0.2685499882646462,3.127235924953324,-0.2510845473225678,-9.693081391806356,-0.5649562961355035
18.108333333333334,-0.24219012618441413,3.1637431349645273,-0.33174563108746036,-9.607274541146461,-0.5649562961364748
18.116666666666667,-0.21635971311118377,3.0081207533965073,-0.41031695074681046,-9.204496842635134,-0.5649562961354831
18.125,-0.192407026882662,2.725755310946112,-0.4845693736510798,-8.59135718530317,-0.5649562961349954
18.133333333333333,-0.17108365552049207,2.3873896748904118,-0.5532439039677309,-7.882348632074276,-0.5649562961349824
18.141666666666666,-0.1526350646617208,2.041785219876947,-0.6158943975189648,-7.154925549572866,-0.5649562961351383
18.15,-0.13700196946441892,1.7143784008827756,-0.6725519248528232,-6.44803483464926,-0.5649562961352628
18.15833333333333,-0.12398241842272141,1.415400647238615,-0.7234597890495071,-5.776084692670496,-0.5649562961351174
18.166666666666668,-0.11332641421067399,1.1471052768950658,-0.7689230934732904,-5.141085336668676,-0.5649562961351707
18.175,-0.10478254945106993,0.9080866149682449,-0.809238259592921,-4.539772547842612,-0.5649562961351835
18.183333333333334,-0.09811825555293906,0.6954724069927585,-0.8446656365518824,-3.9671375757738963,-0.5649562961351728
18.191666666666666,-0.09312723591876383,0.5059367854882948,-0.8754224298201639,-3.4179944663663737,-0.5649562961351767
18.2,-0.0896311898510261,0.3361289143983097,-0.9016842073027931,-2.8875909582455996,-0.5649562961351764
18.208333333333332,-0.08747924711877104,0.18282926347331108,-0.9235894319222047,-2.3717824972433554,-0.5649562961351765
18.216666666666665,-0.08654667322370967,0.04298516167269553,-0.9412445460745469,-1.8670179091250678,-0.5649562961351768
18.225,-0.08673351848276278,-0.08630358765441737,-0.9547285753268768,-1.370250537326443,-0.5649562961351762
18.233333333333334,-0.08796347636304866,-0.20781718023094217,-0.9640968676646812,-0.8788248177480629,-0.5649562961351764
18.241666666666667,-0.09018303713538059,-0.3242528704009559,-0.9693838621999076,-0.3903587483705707,-0.5649562961351764
18.25,-0.09336095038985641,-0.43826161792524104,-0.9706048886101164,0.09737066067935485,-0.5649562961351762
18.258333333333333,-0.09748798634584245,-0.5524831248547506,-0.967757029863842,0.5865376980315142,-0.5649562961351764
18.266666666666666,-0.10257698318412782,-0.6695795328473396,-0.9608190803754654,1.0793749564084163,-0.5649562961351761
18.275,-0.10866317113420534,-0.7922681596169207,-0.9497506221643763,1.5782781084659474,-0.5649562961351762
18.28333333333333,-0.11580476360229917,-0.9233525686007399,-0.934490238118972,2.08590787534624,-0.5649562961351767
18.291666666666668,-0.12408378962055852,-1.0657484638450512,-0.9149529018726656,2.605284277527005,-0.5649562961351762
18.3,-0.1336070906977659,-1.2224948995085407,-0.8910266592942618,3.1398587708738566,-0.5649562961351741
18.308333333333334,-0.14450728031119184,-1.3967288735342265,-0.8625689098560342,3.693529833805686,-0.5649562961351845
18.316666666666666,-0.15694318813196612,-1.5915759816724613,-0.8294030359379778,4.270525893347492,-0.5649562961351796
18.325,-0.1710987280460343,-1.809858721789643,-0.7913170757437131,4.874994422589696,-0.5649562961351491
18.333333333333332,-0.18717793956359532,-2.0534249812799756,-0.7480681000100444,5.509969010455833,-0.5649562961352586
18.341666666666665,-0.205391635370941,-2.3217234203778574,-0.6993998317183087,6.175085760801874,-0.5649562961352007
18.35,-0.2259269733822903,-2.6090072577464656,-0.6450880288859185,6.8619924058120025,-0.5649562961350552
18.358333333333334,-0.24888547221541366,-2.899468471541057,-0.5850381733832434,7.546224057907668,-0.5649562961351612
18.366666666666667,-0.27417221837203826,-3.160676403902299,-0.5194653220258063,8.17606946117673,-0.5649562961350176
18.375,-0.301337090536667,-3.339990813526402,-0.449156557180913,8.666168679047002,-0.5649562961359744
18.383333333333333,-0.32943707443731113,-3.375455866680518,-0.3757021125411198,8.91524032179451,-0.5649562961347729
18.391666666666666,-0.35708041563706466,-3.2276951681183736,-0.3014256630324881,8.85916732089604,-0.5649562961354203
18.4,-0.3827524448242049,-2.9088289666541423,-0.22884491967987547,8.519200582788478,-0.5649562961345967
18.40833333333333,-0.4052361225484348,-2.4731861932782113,-0.15997640754502232,7.985944422058302,-0.5649562961355062
18.416666666666668,-0.4238189167611016,-1.9816869239333277,-0.0960016438290954,7.359439464362113,-0.5649562961352494
18.425,-0.43823247703247276,-1.4780579470818795,-0.03738022177416337,6.709745180558447,-0.5649562961353577
18.433333333333334,-0.448486816341339,-0.9860725452708736,0.015865638649072367,6.073047957086488,-0.564956296135191
18.441666666666666,-0.4547279695850645,-0.515790222922222,0.06391141119051134,5.462663708066429,-0.5649562961352571
18.45,-0.45715107356347584,-0.06978829468439662,0.10698681017075568,4.87974929590957,-0.5649562961352778
18.458333333333332,-0.4559559767728379,0.3529065152789806,0.14530504629546107,4.319987950963291,-0.5649562961352643
18.466666666666665,-0.4513272244893364,0.7547639399868741,0.17903338833377808,3.777057071094852,-0.5649562961352685
18.475,-0.4434260991495954,1.1387979917105355,0.20828403454123837,3.244229310350951,-0.5649562961352689
18.483333333333334,-0.4323879550032256,1.508182232937675,0.23311388772741246,2.7150207617781166,-0.5649562961352687
18.491666666666667,-0.4183214812960938,1.8661372163599073,0.25352759529655944,2.183383932585666,-0.5649562961352689
18.5,-0.4013083239900123,2.2159397711378284,0.2694812226407335,1.6436951149528936,-0.5649562961352688
18.508333333333333,-0.3814024020358374,2.5609779608954484,0.28088542257316723,1.0906608179607507,-0.5649562961352695
18.516666666666666,-0.35862873340847534,2.9048075746005804,0.28760774569357683,0.5192154062125395,-0.5649562961352693
18.525,-0.33298191525983556,3.2511714669972847,0.28947428077148746,-0.07552508633478731,-0.5649562961352638
18.53333333333333,-0.3044247825294333,3.603924959775884,0.28627146221451905,-0.6981551639408297,-0.5649562961352879
18.541666666666668,-0.27288842377702444,3.966760336567217,0.27775001299060786,-1.3525330270786833,-0.5649562961352785
18.55,-0.23827600688392128,4.34252057854417,0.2636351915549489,-2.0406329014648774,-0.5649562961352106
18.558333333333334,-0.20047531288833445,4.731710683686232,0.24365171648685843,-2.760024527268659,-0.5649562961354199
18.566666666666666,-0.15938914175304533,5.129574173214495,0.21757904191515312,-3.498900325567211,-0.5649562961352999
18.575,-0.1149984889770096,5.521081332362369,0.18536240069304266,-4.227548583490595,-0.5649562961352887
18.583333333333332,-0.06747510723783823,5.874438778906397,0.14730769928077952,-4.887369007003899,-0.5649562961345082
18.591666666666665,-0.017338937823386264,6.138253660563002,0.10435146675481102,-5.386340907466634,-0.5649562961349427
18.6,0.03441478071819218,6.253724876537252,0.058274790108613174,-5.6205769608215155,-0.5649562961355437
18.608333333333334,0.08637647134000481,6.186245828692447,0.011588160866823119,-5.529396328909694,-0.5649562961364882
18.616666666666667,0.13704909956044117,5.951023390645477,-0.033046140418226094,-5.13980030215884,-0.5649562961344241
18.625,0.18524243468274557,5.601469738790496,-0.07350818627384921,-4.5462268044342835,-0.5649562961355445
18.633333333333333,0.23025124970359614,5.195212941542737,-0.10853830015676841,-3.851345346598068,-0.5649562961353165
18.641666666666666,0.2717861149281776,4.772740262335487,-0.13762315273506695,-3.1286341382770453,-0.5649562961355302
18.65,0.30981252112432534,4.355453933862842,-0.16071955742583688,-2.418620287867732,-0.5649562961353118
18.65833333333333,0.34441530929382114,3.9517272182668743,-0.17801931101693685,-1.7390979402251487,-0.5649562961353437
18.666666666666668,0.37571614503402245,3.5628380855011157,-0.18980415710610415,-1.0952507097213404,-0.5649562961354022
18.675,0.40383159020640036,3.186741658146879,-0.1963701205085539,-0.48610683551553696,-0.5649562961353742
18.683333333333334,0.42885473018270637,2.820075927296439,-0.1979921731865848,0.09202482307358703,-0.5649562961353782
18.691666666666666,0.45084870157779433,2.459117142253759,-0.19490929076421337,0.6439174875542186,-0.5649562961353813
18.7,0.46984562521485873,2.1001840023671,-0.18731877633200883,1.1747325621309335,-0.5649562961353806
18.708333333333332,0.4858476369524114,1.7397697211920766,-0.17537420082649807,1.6897890704626801,-0.5649562961353808
18.716666666666665,0.49882841478693024,1.3745456300411831,-0.15918424782557156,2.1945485693919773,-0.5649562961353801
18.725,0.5087344705100977,1.0013098659097333,-0.1388112512749038,2.6946888514658727,-0.5649562961353808
18.733333333333334,0.515485938867049,0.616924158161951,-0.11426901089594498,3.1961934318297653,-0.5649562961353811
18.741666666666667,0.5189769189236086,0.2182766064240747,-0.08552000920058721,3.7053941280832032,-0.5649562961353781
18.75,0.5190757943995306,-0.19767400508529528,-0.05247276624732378,4.228875389269839,-0.5649562961353864
18.758333333333333,0.5156265988275569,-0.6336680082689963,-0.014981125200621568,4.773066838418326,-0.5649562961353969
18.766666666666666,0.5084537330806186,-1.0915243131264998,0.027150657801203442,5.343179482828524,-0.5649562961353355
18.775,0.4973747247692471,-1.5707481575581912,0.07414910517731285,5.940835222557902,-0.5649562961354451
18.78333333333333,0.4822298704015905,-2.0657520937705613,0.1262239498364651,6.559327181489234,-0.564956296135458
18.791666666666668,0.46294316826198917,-2.561057976353929,0.18346704092601715,7.175386757491474,-0.5649562961354101
18.8,0.43963056756166,-3.0250805710387665,0.2456696029263282,7.738382673964833,-0.5649562961349984
18.808333333333334,0.41275103722536177,-3.4074557815199356,0.3120637329502399,8.16528977980408,-0.5649562961347179
18.816666666666666,0.38322809080351766,-3.650769879796223,0.3811091004730337,8.359948952899938,-0.5649562961356819
18.825,0.35239137677467225,-3.7207082463318635,0.4505802738880742,8.263814998287192,-0.5649562961360474
18.833333333333332,0.32166469311337686,-3.63055683319664,0.518083052895467,7.8976499029310006,-0.5649562961360683
18.841666666666665,0.29218699463640097,-3.430750053295062,0.5816873592554599,7.344311043389753,-0.5649562961352377
18.85,0.26463355330844535,-3.1770627699081575,0.6402256664648646,6.695457904776676,-0.5649562961353989
18.858333333333334,0.23927138230583234,-2.9099974383852207,0.6931994885434835,6.017194076536785,-0.5649562961353795
18.866666666666667,0.21610667334318392,-2.652206572286334,0.7405339350456228,5.346061789648153,-0.5649562961355654
18.875,0.19501365982423374,-2.4137257386992643,0.7823656684641066,4.698017641734003,-0.5649562961354291
18.883333333333333,0.1758160114188284,-2.1974153629805926,0.8189114480176638,4.077601145885454,-0.5649562961354485
18.891666666666666,0.1583303884216274,-2.002540160944548,0.8504000559069899,3.4838890819466095,-0.5649562961354795
18.9,0.14238729842473977,-1.8267415062665866,0.8770417265657051,2.9137242429699657,-0.5649562961354629
18.90833333333333,0.12784000594975917,-1.6670267558794938,0.8990169378047853,2.363294659124308,-0.5649562961354655
18.916666666666668,0.11456763533165533,-1.5202315074025516,0.9164743062526319,1.8288371214807448,-0.564956296135468
18.925,0.10247565473685326,-1.3832170493346645,0.9295323135518745,1.3069050121801085,-0.5649562961354665
18.933333333333334,0.09149531245591756,-1.2529401589867224,0.9382822884308734,0.7944278825300763,-0.5649562961354668
18.941666666666666,0.08158277066093518,-1.1264636273893662,0.9427914315982971,0.2886746642454958,-0.5649562961354672
18.95,0.07271827646057803,-1.0009404074508261,0.9431053292030006,-0.21282651162274097,-0.5649562961354667
18.958333333333332,0.06490551880816159,-0.8735864449327437,0.9392497061464341,-0.7123881010477311,-0.5649562961354665
18.966666666666665,0.058171235575542234,-0.7416483818955515,0.9312313022695702,-1.212273006204912,-0.564956296135467
18.975,0.05256510381675194,-0.6023679790540118,0.9190378018261768,-1.7148118153979466,-0.5649562961354668
18.983333333333334,0.048159940217714296,-0.4529431560107431,0.9026367545277254,-2.22252776216005,-0.564956296135466
18.991666666666667,0.04505224221367874,-0.2904851500337702,0.881973419346277,-2.7382704172102916,-0.564956296135467
19.0,0.04336310076102781,-0.11197248579086276,0.8569674589009666,-3.265357435367199,-0.5649562961354667
19.008333333333333,0.0432394965919684,0.08579374725785154,0.8275084377770698,-3.8077179905081016,-0.5649562961354662
19.016666666666666,0.04485592154736059,0.30621970218367767,0.7934501815944405,-4.3700174287914075,-0.5649562961354643
19.025,0.04841607896634051,0.5528995438355317,0.7546043418673444,-4.957709995104893,-0.5649562961354736
19.03333333333333,0.0541539688497131,0.8294679051960108,0.7107342206801117,-5.576892898424369,-0.5649562961354833
19.041666666666668,0.06233264813426178,1.139147525830838,0.6615515525205717,-6.233673533228384,-0.5649562961354064
19.05,0.07323674607753686,1.4836152563739877,0.6067225864259935,-6.932423626999159,-0.5649562961355666
19.058333333333334,0.08715026813214427,1.8604399583696474,0.5458974363925286,-7.671659427032091,-0.564956296135623
19.066666666666666,0.10430294366819255,2.2578580007906153,0.47879078874829184,-8.435422308098474,-0.5649562961352411
19.075,0.12475772597197675,2.645832103637954,0.40536075573686836,-9.178235009245892,-0.5649562961351816
19.083333333333332,0.14821503333054456,2.9661864141978773,0.32612948699387534,-9.808048338163173,-0.5649562961343568
19.091666666666665,0.17377544251469415,3.1361130607507204,0.24258025428586458,-10.191015989873309,-0.5649562961367479
19.1,0.1998647572132392,3.0857247463418913,0.15729258399680762,-10.213218013148028,-0.5649562961363453
19.108333333333334,0.22457494570726996,2.811412192689228,0.07338859644867123,-9.869377908168769,-0.5649562961367112
19.116666666666667,0.24628136318856744,2.379103669220003,-0.006479614702935284,-9.268009994586327,-0.5649562961351822
19.125,0.26402298217400005,1.8725266594773333,-0.08074471755854071,-8.544954528348658,-0.5649562961354784
19.133333333333333,0.27745498967783655,1.3522817621888261,-0.1488281005925098,-7.795929443564169,-0.5649562961354615
19.141666666666666,0.28661298036260763,0.8501163915649725,-0.21073902100305403,-7.0682488429527925,-0.5649562961357293
19.15,0.29170962880879775,0.37861256362353546,-0.266737119871349,-6.377835867515415,-0.564956296135579
19.15833333333333,0.29301639854759054,-0.05946826651250975,-0.3171415668424609,-5.725135419948587,-0.5649562961356005
19.166666666666668,0.2908071960592157,-0.465663296978775,-0.36224487434761177,-5.104363449904144,-0.5649562961356185
19.175,0.2853352039340102,-0.8431210790358702,-0.40228188500174733,-4.507931525934296,-0.5649562961356135
19.183333333333334,0.27682499678338235,-1.195443735373003,-0.43742368102715073,-3.9283064342274754,-0.5649562961356155
19.191666666666666,0.2654708827206144,-1.5262562765824408,-0.4677813137273668,-3.3586657950750096,-0.5649562961356137
19.2,0.25143730609372966,-1.8390975499883035,-0.49341248655464565,-2.793025568333843,-0.5649562961356144
19.208333333333332,0.23485952215092765,-2.1374435608957856,-0.5143282521065909,-2.226148947857766,-0.5649562961356152
19.216666666666665,0.21584384249896196,-2.424778055601819,-0.530498547015969,-1.6533729891909528,-0.5649562961356134
19.225,0.19446723721205464,-2.704672101888595,-0.5418561635035951,-1.0704135251701496,-0.5649562961356149
19.233333333333334,0.17077630782225242,-2.9808527670161666,-0.5482991206734381,-0.473180813216126,-0.5649562961356159
19.241666666666667,0.14478579302998806,-3.257243090291019,-0.5496916480768452,0.1423629259862131,-0.5649562961356088
19.25,0.1164769563757142,-3.5379436055792888,-0.5458643269086106,0.7802511082852641,-0.5649562961356231
19.258333333333333,0.08579656764828497,-3.8270939069194077,-0.5366145744296519,1.4443577301887038,-0.5649562961356327
19.266666666666666,0.05265794880778871,-4.128485859198845,-0.5217099759286572,2.1378178713024876,-0.564956296135559
19.275,0.01694710766312584,-4.444671216428694,-0.5008996368091877,2.8615830197644154,-0.5649562961356939
19.28333333333333,-0.02146003113542326,-4.77508895180155,-0.4739438317072207,3.6113011009558,-0.5649562961357265
19.291666666666668,-0.06265824033334724,-5.11248721097757,-0.4406808307221044,4.371286939555396,-0.5649562961354547
19.3,-0.10663441287090382,-5.4370811383554996,-0.4011599319346219,5.1046412335730835,-0.5649562961354557
19.308333333333334,-0.15313461359831584,-5.709967819738196,-0.3558663701365881,5.742153102877036,-0.5649562961348925
19.316666666666666,-0.2014965482998159,-5.8733473966764365,-0.30600353553837917,6.182969417010639,-0.5649562961367837
19.325,-0.2505576084151542,-5.870236761120952,-0.2536427167579553,6.3287921302020544,-0.5649562961358157
19.333333333333332,-0.2988101136874015,-5.680586970090926,-0.20144578624785295,6.146124062069348,-0.5649562961365735
19.341666666666665,-0.344805993550915,-5.337820516215626,-0.15195924768838617,5.69447359424187,-0.5649562961349595
19.35,-0.3875216397841531,-4.903951393919,-0.10698020083127864,5.083025500461804,-0.5649562961357627
19.358333333333334,-0.42644169976323465,-4.434453945532313,-0.06741025899197775,4.4097191495014645,-0.564956296135619
19.366666666666667,-0.46142749809240036,-3.9637222145637825,-0.03348311888007185,3.7359692982853954,-0.5649562961358549
19.375,-0.4925461357472383,-3.5078956955759404,-0.005061217253542545,3.091429287560004,-0.5649562961356671
19.383333333333333,-0.5199484610352959,-3.072068140598778,0.018151238370947356,2.4863712887670175,-0.564956296135694
19.391666666666666,-0.5438018783158494,-2.6558272150588365,0.03648954792021698,1.9212258252432917,-0.5649562961357353
19.4,-0.5642590670142281,-2.256418363546326,0.0502717147250729,1.392047055773797,-0.564956296135717
19.40833333333333,-0.5814457878981518,-1.870305176828205,0.05977469132925877,0.8932252114548628,-0.5649562961357198
19.416666666666668,-0.5954576459405223,-1.493855292098547,0.0652262801816153,0.418697371774999,-0.5649562961357213
19.425,-0.6063605427972903,-1.1235925632343775,0.06680364563521721,-0.03758625298045467,-0.564956296135721
19.433333333333334,-0.6141922717822583,-0.7562452586979935,0.06463406800135714,-0.48154550018942177,-0.5649562961357213
19.441666666666666,-0.6189640803557797,-0.388702620355664,0.058795930139607475,-0.9190096835961068,-0.5649562961357207
19.45,-0.6206616882949446,-0.017933812260403536,0.04931906713732677,-1.3558205046614396,-0.5649562961357212
19.458333333333332,-0.6192455762364971,0.35910245961291654,0.036184168721997936,-1.7979502622014731,-0.5649562961357214
19.466666666666665,-0.6146505558367821,0.7455361876009823,0.019321256844205707,-2.2515992481575826,-0.5649562961357192
19.475,-0.6067848351473939,1.1446224525858786,-0.001392399502987179,-2.7232224432783854,-0.564956296135725
19.483333333333334,-0.5955291385406425,1.5596786502226703,-0.026133987489168953,-3.2193886060135624,-0.5649562961357314
19.491666666666667,-0.5807371411358582,1.993804414326975,-0.05513433787255012,-3.746270716105954,-0.5649562961356902
19.5,-0.5622399087222467,2.4491464316854916,-0.08867002083525252,-4.308361147854945,-0.5649562961357711
19.508333333333333,-0.5398598131545337,2.925263415074752,-0.12703901174861568,-4.9056479714261645,-0.5649562961358043
19.516666666666666,-0.5134441876900057,3.415891139231904,-0.17050233551547064,-5.528044249484194,-0.5649562961356036
19.525,-0.4829350281054803,3.9034836894928433,-0.21916361946803892,-6.145978052074572,-0.5649562961356184
19.53333333333333,-0.4484909245481485,4.352639882412474,-0.27275842052934984,-6.699002944542572,-0.5649562961351868
19.541666666666668,-0.4106485213748466,4.708906576362833,-0.330374385990588,-7.09353156392187,-0.5649562961367477
19.55,-0.3704294638187268,4.914928979091512,-0.3902629263109337,-7.2303011636845556,-0.5649562961357903
19.558333333333334,-0.32923032832530624,4.943795244454279,-0.4500218533644875,-7.061542950647779,-0.564956296136551
19.566666666666666,-0.28846357801068284,4.818724512745589,-0.5072063940865555,-6.625095113478962,-0.5649562961350177
19.575,-0.24919287172521068,4.5946621959194225,-0.5599538214156897,-6.013386445832704,-0.5649562961359095
19.583333333333332,-0.21200951776934923,4.325422751612224,-0.607198888572482,-5.31754487403333,-0.5649562961357426
19.591666666666665,-0.17712624766070906,4.047033121173055,-0.6485193981520487,-4.5990438844629535,-0.5649562961359703
19.6,-0.14453169124788118,3.778087355954726,-0.683878435396663,-3.8902970518058484,-0.5649562961357463
19.608333333333334,-0.11411145539642406,3.5257448679634247,-0.7134231996813399,-3.2048156824791327,-0.5649562961357796
19.616666666666667,-0.08572022537177183,3.2909677986231074,-0.7373666149544635,-2.546039216446448,-0.5649562961358416
19.625,-0.05921867433895402,3.071746416652743,-0.7559280943429991,-1.912733565289442,-0.5649562961358071
19.633333333333333,-0.034490291484719666,2.8648101685762555,-0.7693077379942315,-1.3018166596354157,-0.5649562961358119
19.641666666666666,-0.011447983792929056,2.6664605953285805,-0.7776772401255101,-0.7096953851948137,-0.5649562961358183
19.65,0.009964141715243456,2.4729470626720285,-0.7811783418703416,-0.13282750549987027,-0.5649562961358147
19.65833333333333,0.029771074295063576,2.280616921057547,-0.7799241774169882,0.43210028032254405,-0.5649562961358148
19.666666666666668,0.04796794136681173,2.085957576684591,-0.7740012364486821,0.9881800482540519,-0.5649562961358164
19.675,0.0645211606620252,1.8855871080157007,-0.7634708436848004,1.5383802144766883,-0.564956296135815
19.683333333333334,0.07936939604691576,1.6762192419128719,-0.7483696166878895,2.0856884020758075,-0.5649562961358143
19.691666666666666,0.09242415495367513,1.454613395875823,-0.7287086172306689,2.6332801261350522,-0.5649562961358162
19.7,0.103569921952357,1.2175136823230204,-0.7044710191937336,3.184705303044115,-0.5649562961358151
19.708333333333332,0.11266374529007867,0.9615790786808522,-0.6756081635122978,3.744088009090325,-0.5649562961358134
19.716666666666665,0.11953422088294342,0.6833101321336921,-0.6420339197202555,4.31633085149775,-0.5649562961358159
19.725,0.1239799010574487,0.3789884538743916,-0.6036174015314446,4.907299104088904,-0.564956296135817
19.733333333333334,0.12576738669956156,0.044672059433061864,-0.5601744402884427,5.523917709832937,-0.5649562961358205
19.741666666666667,0.12462994321510126,-0.3236484884603877,-0.5114591372221192,6.174013884926346,-0.5649562961357875
19.75,0.12026885773503163,-0.7294895301283479,-0.4571590400276523,6.865507939640846,-0.5649562961358758
19.758333333333333,0.11236286940654644,-1.1743704297151532,-0.3969026283361397,7.60405559057674,-0.5649562961359438
19.766666666666666,0.10059760304797362,-1.65427356623098,-0.3302988830693175,8.387290401482822,-0.5649562961355007
19.775,0.08473901551170276,-2.1522929084825217,-0.25704940791029407,9.192590590843881,-0.5649562961359398
19.78333333333333,0.06478885155582122,-2.6264192228004792,-0.17719847784604106,9.956344154908349,-0.56495629613518
19.791666666666668,0.04124524437141684,-2.9988555254357743,-0.09156432170387926,10.555046487998931,-0.5649562961380369
19.8,0.015367950781844358,-3.170991650979373,-0.002189747336700812,10.828699787917524,-0.5649562961356852
19.808333333333334,-0.010874525325796684,-3.083819222009191,0.0877265061070221,10.680641236657975,-0.5649562961355127
19.816666666666666,-0.035394337495654314,-2.7703611404959543,0.17478982791596803,10.16496717707648,-0.564956296135927
19.825,-0.05668210814574714,-2.325019079239262,0.25655077430416434,9.43540480872398,-0.5649562961360421
19.833333333333332,-0.07402626514747393,-1.8357298527690533,0.3318497635483891,8.632758275385019,-0.5649562961363093
19.841666666666665,-0.08730404869405084,-1.3549721977412301,0.40045665914082185,7.838058416340207,-0.5649562961360428
19.85,-0.09669870658577048,-0.9059428874586071,0.46259968138130547,7.084157636495173,-0.564956296135868
19.858333333333334,-0.10251130320302425,-0.495641791798767,0.5186597770528223,6.378098690691627,-0.5649562961360626
19.866666666666667,-0.10506633360202791,-0.12375151381371541,0.5690236428774591,5.715970572259413,-0.5649562961360303
19.875,-0.10467190333831376,0.21285483325480548,0.6140272185438924,5.090291231335534,-0.564956296136026
19.883333333333333,-0.10160579111096119,0.5181270617987687,0.6539410538020638,4.493160209614818,-0.5649562961360308
19.891666666666666,-0.09611237568541735,0.7960592851831374,0.6889725375937447,3.917418808318356,-0.5649562961360294
19.9,-0.0884035323075873,1.0504407742506174,0.7192737051153757,3.3569529213479026,-0.5649562961360322
19.90833333333333,-0.07866056454597077,1.2848231985659,0.7449499125262796,2.8066525920382213,-0.5649562961360302
19.916666666666668,-0.06703601824745861,1.5025674502248212,0.7660675659402909,2.262247995496032,-0.5649562961360295
19.925,-0.053654987812374745,1.706912923481607,0.7826603045321634,1.7201112882025487,-0.5649562961360314
19.933333333333334,-0.038615835494501684,1.9010470260447843,0.7947335185940094,1.1770583053159644,-0.5649562961360297
19.941666666666666,-0.021990359203765898,2.088167416660861,0.8022672584029238,0.63016165048908,-0.5649562961360296
19.95,-0.003823479975656944,2.27153484811014,0.8052176473991278,0.07657911893467306,-0.5649562961360314
19.958333333333332,0.01586746648254981,2.454514885159405,0.8035169420666757,-0.4865985290400333,-0.5649562961360284
19.966666666666665,0.03709372323833666,2.640603148780156,0.7970724357603854,-1.0624701789515418,-0.5649562961360297
19.975,0.059896202144730334,2.8334196725212633,0.785764543775406,-1.6543921129251695,-0.5649562961360403
19.983333333333334,0.08434629239132356,3.036639068862151,0.7694447320769953,-2.265934419562021,-0.5649562961360173
19.991666666666667,0.11054559216890227,3.2537853528010072,0.7479346557314807,-2.9006064425786153,-0.5649562961360283
20.0,0.1386229013165932,3.4877467401677267,0.7210293298825224,-3.5611079229147053,-0.5649562961361252
20.008333333333333,0.1687251005988132,3.739732044945822,0.6885100416792129,-4.247635811726128,-0.5649562961359346
20.016666666666666,0.200995408476722,4.007185060310214,0.6501780190960865,-4.9544259229534,-0.5649562961360223
20.025,0.23552764886210867,4.280006569570506,0.6059281458773883,-5.663417463453152,-0.5649562961361388
20.03333333333333,0.2722807883601839,4.534882001237831,0.5558895614164011,-6.334675611143427,-0.564956296136246
20.041666666666668,0.310944982632247,4.730128658210875,0.5006483491036393,-6.897645039646268,-0.5649562961360892
20.05,0.3507934952345614,4.80938078116623,0.4414943649587131,-7.257377781403739,-0.5649562961347407
20.058333333333334,0.39064070490110325,4.724264318087827,0.38048804469332614,-7.33304432804426,-0.5649562961357218
20.066666666666666,0.42904687108302325,4.466530458870139,0.3201081941924023,-7.112447566704198,-0.5649562961360286
20.075,0.4647100084071765,4.075215173142958,0.26258383810604036,-6.663766734770783,-0.5649562961368889
20.083333333333332,0.49676062631966356,3.609131842172902,0.20939573864184102,-6.088210748541915,-0.5649562961361111
20.091666666666665,0.5247925123774333,3.1172508574195485,0.1612303432543969,-5.4694221594581105,-0.564956296136122
20.1,0.5487261204212968,2.6289096292906864,0.11821847240368508,-4.856997463485896,-0.5649562961359633
20.108333333333334,0.5686558672796518,2.1576159099518937,0.0801993575011635,-4.273222079308949,-0.5649562961361541
20.116666666666667,0.5847456862068119,1.7075245085215183,0.04690066517959769,-3.724273531464343,-0.5649562961361156
20.125,0.5971723410222166,1.2781557389025373,0.018036110624081947,-3.2083476960069737,-0.5649562961360984
20.133333333333333,0.6060990602052141,0.8670471068303743,-0.0066491162386019655,-2.720222545755384,-0.5649562961361165
20.141666666666666,0.6116651145299122,0.4710516200662551,-0.027360399735535217,-2.253502017492482,-0.564956296136114
20.15,0.6139828157725989,0.0869016391406728,-0.04424864380894936,-1.8016065850645375,-0.5649562961361132
20.15833333333333,0.6131375082491815,-0.28859270944001797,-0.0574105723989983,-1.3581430749335652,-0.5649562961361142
20.166666666666668,0.6091884021288755,-0.6585178908125928,-0.06689073822665255,-0.9169823135644233,-0.564956296136114
20.175,0.602169251938328,-1.025909037785628,-0.07268355717542882,-0.47220571507617104,-0.5649562961361133
20.183333333333334,0.5920884495567454,-1.3938329209617077,-0.07473464137600934,-0.017999548381469242,-0.5649562961361138
20.191666666666666,0.578928391838746,-1.7654753593706818,-0.07294119165233012,0.4514588715688546,-0.564956296136114
20.2,0.5626441809348496,-2.144209464020784,-0.06715154203542882,0.9420832313740688,-0.5649562961361183
20.208333333333332,0.5431619550705632,-2.5336077765492395,-0.057164356781751115,1.459865303547428,-0.5649562961361074
20.216666666666665,0.5203775877762921,-2.9373245223711963,-0.04272873630358681,2.0106401514785293,-0.5649562961361129
20.225,0.4941573983406829,-3.3586953506845445,-0.02354804547625645,2.599366804647291,-0.5649562961361911
20.233333333333334,0.46434435902409554,-3.7997496162480724,0.000706552720635056,3.228400165127457,-0.5649562961360346
20.241666666666667,0.43077680875070257,-4.259078445551292,0.030360820959314534,3.8937982467463677,-0.5649562961361048
20.25,0.39333249353080796,-4.727745486369825,0.0656584246793841,4.578271565998502,-0.5649562961362632
20.258333333333333,0.35201690212139575,-5.182789028339796,0.10660565900155339,5.240012474008792,-0.5649562961363433
20.266666666666666,0.3071094760915315,-5.58069339632498,0.1527168851872752,5.801529970397979,-0.5649562961361833
20.275,0.25933467213318045,-5.8601857425611605,0.2027182517624452,6.154660556948572,-0.5649562961346292
20.28333333333333,0.20992461312223598,-5.966673535104139,0.2544404765282103,6.203033487286054,-0.5649562961357316
20.291666666666668,0.16040869902742486,-5.888382033872637,0.30518572503985975,5.924830485905434,-0.5649562961361236
20.3,0.11219000360991986,-5.664964577662554,0.35246581323239,5.388027310689092,-0.5649562961371682
20.308333333333334,0.06622452188400985,-5.357609439027566,0.3945653433747984,4.6989766289740835,-0.5649562961362636
20.316666666666666,0.022986351004310127,-5.017169680065767,0.4306115907185232,3.9472907985011414,-0.5649562961362383
20.325,-0.017388621644564693,-4.673886455978808,0.46033451319826624,3.187816332772136,-0.5649562961360145
20.333333333333332,-0.05494273998164616,-4.341439555321665,0.48379607654164236,2.447318866625409,-0.5649562961362969
20.341666666666665,-0.08978719821376904,-4.023687287483391,0.5012046013844889,1.7358742005633232,-0.5649562961362322
20.35,-0.12204221807982252,-3.7195566687462445,0.5128129346448145,1.0551367991179574,-0.5649562961362014
20.358333333333334,-0.15180872480594046,-3.425812636541043,0.5188697684497865,0.40299456011971974,-0.5649562961362363
20.366666666666667,-0.17915682065956412,-3.1384465675317785,0.5195990274078777,-0.2241345312087377,-0.5649562961362302
20.375,-0.20412235743540075,-2.853313609104621,0.5151924565626482,-0.8302906854240343,-0.5649562961362269
20.383333333333333,-0.22670705911071268,-2.5663917559132234,0.5058076273098915,-1.4196076215407913,-0.5649562961362304
20.391666666666666,-0.2468799438607448,-2.2738567616678225,0.49156751822668254,-1.996260986149555,-0.5649562961362301
20.4,-0.26457895511031454,-1.9720680434212219,0.4725598326718423,-2.5645644449179676,-0.5649562961362284
20.40833333333333,-0.2797122735674274,-1.657511440052123,0.4488351986078165,-3.129132582776332,-0.5649562961362296
20.416666666666668,-0.29215906043161316,-1.3267231907862336,0.42040388802402195,-3.695067659959174,-0.5649562961362302
20.425,-0.30176955688375795,-0.9762152367977149,0.3872309953800564,-4.268136576235651,-0.5649562961362294
20.433333333333334,-0.3083646679693631,-0.6024334115251802,0.34923034404784775,-4.854887710737067,-0.5649562961362271
20.441666666666666,-0.31173554618352184,-0.20181506704843077,0.3062580060659475,-5.462601333626674,-0.5649562961362296
20.45,-0.31164453522591257,0.22890722483132447,0.25810768462217276,-6.098834872178698,-0.5649562961362844
20.458333333333332,-0.307830677199311,0.6918404104440533,0.20451324215575492,-6.770039384247212,-0.5649562961361626
20.466666666666665,-0.3000268301580662,1.1858666140535026,0.14517009965568714,-7.478170525746066,-0.5649562961362192
20.475,-0.28800268217499175,1.7022689924125116,0.07979957840918173,-8.213383137184028,-0.5649562961365416
20.483333333333334,-0.27165834921839993,2.2168353295374237,0.008298432629432428,-8.940639305889391,-0.5649562961363361
20.491666666666667,-0.2511958832904083,2.679813288158689,-0.06897813845807611,-9.582290850446192,-0.5649562961363055
20.5,-0.22735063383186335,3.0145793829051644,-0.15082593492319873,-10.014709693445148,-0.5649562961340554
20.508333333333333,-0.20152380421278548,3.145774402696302,-0.23495636407232023,-10.114220237459877,-0.5649562961358391
20.516666666666666,-0.17555357218495263,3.0520020970380703,-0.3183593798194416,-9.844956249657292,-0.5649562961362454
20.525,-0.15114293725524125,2.7843387758458906,-0.3982411761217695,-9.29011379456584,-0.5649562961374281
20.53333333333333,-0.12940191979597032,2.424549967857513,-0.4727733875146075,-8.582449132717029,-0.564956296136477
20.541666666666668,-0.11080271513777701,2.0389184540451994,-0.5411564929577433,-7.827900912341309,-0.5649562961363852
20.55,-0.09538458148285206,1.6653102345895672,-0.6032741121099422,-7.085055969831024,-0.5649562961361309
20.558333333333334,-0.08296689960706041,1.3203603211002888,-0.6593414635851886,-6.377876813935113,-0.5649562961364382
20.566666666666666,-0.07328478564156425,1.0090048996057832,-0.7096870745761944,-5.711853276997081,-0.5649562961363742
20.575,-0.06605811274797789,0.7307158077841158,-0.7546462863963713,-5.084362393617063,-0.5649562961363533
20.583333333333332,-0.061021923870731715,0.48274113888318587,-0.7945183220764467,-4.489935066017914,-0.5649562961363767
20.591666666666665,-0.05793787282966776,0.2616043745712633,-0.8295537749999762,-3.922610096307447,-0.5649562961363724
20.6,-0.05659722962033813,0.06373657832117534,-0.8599550242558899,-3.3768622814212046,-0.5649562961363733
20.608333333333334,-0.05682050477571702,-0.11429135160647105,-0.8858813311693388,-2.8478856559366323,-0.5649562961363731
20.616666666666667,-0.058455968373417606,-0.27571088449122055,-0.9074549869920971,-2.3316028361353442,-0.5649562961363724
20.625,-0.06137802882678863,-0.42356886304577324,-0.9247670202774757,-1.824567745183764,-0.5649562961363733
20.633333333333333,-0.06548584393629946,-0.5607654401448804,-0.9378819196715045,-1.3238340278988179,-0.5649562961363728
20.641666666666666,-0.07070227987191179,-0.6900977410737871,-0.9468412276783391,-0.8268185107012699,-0.5649562961363724
20.65,-0.07697323072250745,-0.8143021260395006,-0.9516660156733405,-0.3311700848138929,-0.5649562961363729
20.65833333333333,-0.08426727701886251,-0.9360932115581957,-0.9523582984021733,0.165353665967581,-0.5649562961363725
20.666666666666668,-0.09257565632147748,-1.058199841577155,-0.9489014507017508,0.6650027631257269,-0.5649562961363725
20.675,-0.10191252267060175,-1.1833984729617761,-0.9412596807026039,1.1701450735964436,-0.5649562961363729
20.683333333333334,-0.1123154720275435,-1.3145433544803262,-0.9293766108403472,1.6833698210494155,-0.5649562961363718
20.691666666666666,-0.12384629534406964,-1.4545900297678045,-0.9131730396080173,2.2075792637296945,-0.5649562961363727
20.7,-0.1365918699842998,-1.606602705362275,-0.8925440343030264,2.746053927188555,-0.5649562961363774
20.708333333333332,-0.15066497661768924,-1.7737238638438313,-0.8673556990596958,3.302457086077396,-0.5649562961363659
20.716666666666665,-0.16620455834004927,-1.9590600514200807,-0.8374423964370177,3.8807039322631565,-0.5649562961363717
20.725,-0.18337437558849845,-2.1653893759074077,-0.8026061206463599,4.484540116223956,-0.5649562961364275
20.733333333333334,-0.20235787831819552,-2.394504091309244,-0.7626215958161454,5.116518767448625,-0.5649562961363132
20.741666666666667,-0.22334494841741864,-2.6458418041077145,-0.7172543089419205,5.775791954919851,-0.5649562961363664
20.75,-0.24650239241741542,-2.9138446713174577,-0.6663050900662203,6.453759208602306,-0.5649562961365747
20.758333333333333,-0.2719149082393798,-3.183442263452758,-0.6097037512200938,7.126513953859803,-0.5649562961363552
20.766666666666666,-0.2994811601704018,-3.424068740531513,-0.5476783249939052,7.744698615140998,-0.5649562961364034
20.775,-0.3287665538003153,-3.5864868379373567,-0.4809986192319672,8.227882894333073,-0.5649562961348712
20.78333333333333,-0.35887573119477717,-3.6126925476431997,-0.4111895915191273,8.480815183488462,-0.5649562961367016
20.791666666666668,-0.38848973951213867,-3.464837037547398,-0.34047093603569134,8.441739115889355,-0.56495629613637
20.8,-0.4161615345712431,-3.1523157718790396,-0.27126456872873544,8.12766536249165,-0.564956296137677
20.808333333333334,-0.44070854621277944,-2.7248757397903547,-0.2055419669082897,7.622323748729385,-0.5649562961362598
20.816666666666666,-0.4614190366464029,-2.240286804358495,-0.14448811831634475,7.021522753640911,-0.5649562961364599
20.825,-0.4780081440789111,-1.741171227853835,-0.08858632035799255,6.394490197809454,-0.5649562961362903
20.833333333333332,-0.490465449443778,-1.2512921789750058,-0.03788127425681695,5.778232512175623,-0.5649562961365071
20.841666666666665,-0.4989180859514276,-0.7809985806153621,0.007788641656863328,5.187169613223469,-0.5649562961364585
20.85,-0.5035447218371643,-0.3331376634815465,0.04864767512019971,4.623330428897239,-0.5649562961364349
20.858333333333334,-0.5045306416547694,0.09307707151155839,0.08490953180848479,4.082960836360509,-0.5649562961364588
20.866666666666667,-0.5020470911008587,0.4999936032204495,0.11674555347992045,3.56004636939844,-0.5649562961364559
20.875,-0.49624290364026385,0.890538852375396,0.14427376386336216,3.047982717860024,-0.5649562961364553
20.883333333333333,-0.48724165134275077,1.2678102708521752,0.1675573408231604,2.54027846962398,-0.5649562961364564
20.891666666666666,-0.47514088373226787,1.6349485517769082,0.18660673832495364,2.0307864725222133,-0.5649562961364558
20.9,-0.46001181581134115,1.9951395765397697,0.20138270925298643,1.5137177648525852,-0.5649562961364555
20.90833333333333,-0.4418987469559376,2.351667777236079,0.2117990097411364,0.9835664211005779,-0.5649562961364556
20.916666666666668,-0.4208179822474382,2.7079759179510607,0.2177243706017675,0.4350191615967281,-0.5649562961364559
20.925,-0.39675635991137226,3.067692802600248,0.21898387069997982,-0.13708583274837652,-0.5649562961364645
20.933333333333334,-0.36966986126877677,3.4345737687994293,0.21536047989738855,-0.7376563559147686,-0.5649562961364447
20.941666666666666,-0.3394834113999046,3.8122509762894343,0.2065986278744849,-1.3709220504048647,-0.5649562961364539
20.95,-0.30609420514906177,4.203591288920401,0.1924137711195231,-2.0393402518494814,-0.564956296136566
20.958333333333332,-0.2693832564551556,4.60928203628112,0.17251599497768116,-2.74117990538885,-0.5649562961363538
20.966666666666665,-0.22924403375237903,5.025022084908196,0.14666282073389036,-3.4657196799608827,-0.5649562961364477
20.975,-0.18564280752002613,5.436638138443767,0.11476619449947051,-4.184910746722056,-0.5649562961364096
20.983333333333334,-0.13872774280506256,5.81357377380166,0.07708250722439898,-4.842320444979387,-0.5649562961369083
20.991666666666667,-0.08898497812622617,6.105485585137833,0.03448162612392808,-5.347585840409055,-0.5649562961365362
21.0,-0.03737250824414052,6.253094019822439,-0.011325862108252753,-5.595646054518316,-0.5649562961367247
21.008333333333333,0.014723217703436866,6.218906244722496,-0.05787205847697232,-5.520351684322142,-0.5649562961368834
21.016666666666666,0.0657988022726261,6.0144012105466675,-0.10248215868667623,-5.141769649229707,-0.5649562961357271
21.025,0.11463266872961024,5.691034999404496,-0.14297686314584523,-4.550586191741657,-0.5649562961368564
21.03333333333333,0.16048175847153565,5.306692158127099,-0.17802360500760483,-3.8497365234798244,-0.5649562961365595
21.041666666666668,0.20302574075245797,4.903032274848447,-0.20704749690799568,-3.1147437620431164,-0.5649562961367112
21.05,0.24220894730680492,4.502522538726001,-0.22996149201524044,-2.3881564459386757,-0.5649562961364772
21.058333333333334,0.2781023132333429,4.1142055767859835,-0.24692810130083406,-1.6892275243213168,-0.5649562961365577
21.066666666666666,0.3108176914653345,3.7396922862437667,-0.25820975160121995,-1.0241034585682427,-0.5649562961366009
21.075,0.3404636280817589,3.3770547656756422,-0.2640897384840565,-0.3924584380600223,-0.5649562961365698
21.083333333333332,0.367125604447531,3.022925286485425,-0.26483486146266144,0.2089334474351798,-0.5649562961365785
21.091666666666665,0.3908588088959819,2.6735107042795057,-0.260679339115552,0.7844816315249895,-0.5649562961365812
21.1,0.41168669869379243,2.3250318923608977,-0.2518184734747807,1.339045655167307,-0.56495629613658
21.108333333333334,0.4296018884213885,1.9738766716539216,-0.23840615259118197,1.8776887505978248,-0.5649562961365802
21.116666666666667,0.44456766984875284,1.6166157101348881,-0.22055332850998274,2.4056602871081063,-0.5649562961365799
21.125,0.45651937480927934,1.2499581208419404,-0.19832617435849537,2.928474553121642,-0.5649562961365804
21.133333333333333,0.46536527709022973,0.8706915278382444,-0.1717434570536854,3.452009664298603,-0.5649562961365802
21.141666666666666,0.4709870631138984,0.4756457617969233,-0.14077322208958082,3.982561905066341,-0.5649562961365784
21.15,0.47324028501903986,0.06173747935534453,-0.10532951570373689,4.526761869721175,-0.5649562961365882
21.15833333333333,0.4719558705912227,-0.3737961041679383,-0.06527095533249026,5.091173648950571,-0.5649562961365898
21.166666666666668,0.4669450578180159,-0.8327605443612645,-0.02040511402011809,5.681218478385891,-0.5649562961365407
21.175,0.4580126279866797,-1.3145611625126634,0.029493080263537086,6.298736961047968,-0.5649562961366763
21.183333333333334,0.44498773705275446,-1.813292981654779,0.08463314615381923,6.937049649696981,-0.5649562961366279
21.191666666666666,0.4277877016883963,-2.312663331234191,0.1451046823435312,7.572268541211192,-0.564956296136601
21.2,0.40653212288607504,-2.7793482435769974,0.2106862838435966,8.151759769025903,-0.56495629613601
21.208333333333332,0.3817028899925697,-3.16013467686019,0.28057311570937493,8.588705823855776,-0.5649562961361903
21.216666666666665,0.3542717750576621,-3.394705829347222,0.35315330013334845,8.78294607715659,-0.5649562961368324
21.225,0.32563260495619706,-3.448243612474816,0.4261090827064321,8.675609827789975,-0.5649562961375773
21.233333333333334,0.29726267370501125,-3.3369701424356633,0.49697415021491537,8.292402842226728,-0.5649562961370206
21.241666666666667,0.27032298450019465,-3.115387865237342,0.563797161324781,7.722553272577001,-0.5649562961364974
21.25,0.24548186115243545,-2.841918443873206,0.6254328857576587,7.061434898328496,-0.5649562961365595
21.258333333333333,0.22298496736894174,-2.557973626955255,0.6814229142225476,6.375902737383402,-0.5649562961366275
21.266666666666666,0.20281397929722664,-2.286199928887609,0.7317315780374385,5.701795058093128,-0.5649562961367559
21.275,0.18482004357911486,-2.036370039068997,0.7765270529905647,5.054046927537208,-0.5649562961366227
21.28333333333333,0.16880594604020602,-1.8111016380193927,0.816049515895214,4.436311594976817,-0.5649562961366642
21.291666666666668,0.15456913173316292,-1.6095040601819472,0.8505447194112634,3.847004961700951,-0.5649562961366829
21.3,0.14192183662518523,-1.4291442959342817,0.8802352069972462,3.2825035127272213,-0.5649562961366685
21.308333333333334,0.13069941226761433,-1.267014295992343,0.9053105094898725,2.7386719235282198,-0.5649562961366729
21.316666666666666,0.12076302351057497,-1.1199733716479112,0.9259260437559187,2.211523639657226,-0.564956296136674
21.325,0.11199987005837977,-0.9849313071138822,0.9422055398570091,1.6974590370620655,-0.5649562961366729
21.333333333333332,0.10432245865006566,-0.8589086822774068,0.9542445258834046,1.193306625881052,-0.5649562961366734
21.341666666666665,0.09766763586277552,-0.7390415166025414,0.9621137398191203,0.6962764263876409,-0.5649562961366733
21.35,0.09199569584102756,-0.6225621356186903,0.9658619759573032,0.20387637383162135,-0.5649562961366731
21.358333333333334,0.08728969260015186,-0.5067707210998073,0.9655181645339656,-0.28618581645053215,-0.5649562961366731
21.366666666666667,0.08355500585894972,-0.3890034655578138,0.9610926062938715,-0.7761065540390649,-0.5649562961366732
21.375,0.08081917928052355,-0.26659913807367713,0.9525773265309616,-1.268093718964002,-0.564956296136673
21.383333333333333,0.07913204373320634,-0.13686403529897498,0.939945519027448,-1.7644779348233033,-0.5649562961366728
21.391666666666666,0.07856614113376302,0.002965166261400228,0.9231500420456101,-2.2678289703945533,-0.5649562961366732
21.4,0.07921746614024905,0.15576034771311412,0.9021209218694215,-2.781077314730338,-0.564956296136673
21.40833333333333,0.08120653101435604,0.32453970439381624,0.8767618330761003,-3.307636956964489,-0.5649562961366725
21.416666666666668,0.0846797115423269,0.5124950682805758,0.846945592772659,-3.851515660263492,-0.5649562961366715
21.425,0.08981070448321939,0.7229856927809192,0.8125088999487481,-4.4173769918449395,-0.5649562961366793
21.433333333333334,0.09680162571576155,0.9594455428291288,0.7732470250160938,-5.0104698602626145,-0.5649562961366784
21.441666666666666,0.10588260572285788,1.2250879188519403,0.7289102379940825,-5.6362367457331795,-0.5649562961366402
21.45,0.11730729315971192,1.522161731710765,0.679206137678648,-6.299194253307744,-0.5649562961367641
21.458333333333332,0.13133870539102832,1.850268357075022,0.6238170027759896,-7.0002610575184585,-0.5649562961367294
21.466666666666665,0.14821426627835546,2.2028717356115877,0.5624507725754258,-7.731052274467465,-0.5649562961364875
21.475,0.1680703861364469,2.5609285538171127,0.4949589382037555,-8.463253265980555,-0.5649562961366499
21.483333333333334,0.19080191876808358,2.8840211957340025,0.42156415738560477,-9.133533510541776,-0.5649562961363364
21.491666666666667,0.21585745876347465,3.105887734369306,0.34319911804229675,-9.63537162291547,-0.5649562961378953
21.5,0.24207354575728376,3.1514581503094004,0.2617874908104925,-9.846608759397316,-0.5649562961365806
21.508333333333333,0.267776834393044,2.9818178274428266,0.18008354817622518,-9.704024154530364,-0.564956296137269
21.516666666666666,0.2912490554785149,2.6260108024037043,0.10090867527680993,-9.256195739655078,-0.5649562961359975
21.525,0.3112296546419184,2.156897354530757,0.02632773916908266,-8.622785782882602,-0.5649562961368615
21.53333333333333,0.3270783228645326,1.6439846719623166,-0.04260483609386892,-7.915903358781612,-0.5649562961367297
21.541666666666668,0.3386323615038386,1.131361433224733,-0.10559421688682458,-7.204209845612222,-0.5649562961369203
21.55,0.34599548546062076,0.6403046742605216,-0.16274856783501937,-6.518280898339045,-0.5649562961367265
21.558333333333334,0.34938565928732535,0.17839522145790912,-0.21432771246466747,-5.866397578742441,-0.5649562961367847
21.566666666666666,0.3490522667376753,-0.25353314391432225,-0.2606106215753216,-5.246346306672471,-0.5649562961368064
21.575,0.3452377401087442,-0.6575452508912267,-0.3018379197167317,-4.651864052941204,-0.5649562961367963
21.583333333333332,0.3381620424740836,-1.0367746105200906,-0.33819242934651667,-4.075658657786938,-0.5649562961367993
21.591666666666665,0.3280174791949898,-1.3946502268570606,-0.3697966272557166,-3.5106586318987287,-0.5649562961367984
21.6,0.31496759367152793,-1.7346248998109022,-0.39671659737433096,-2.9504307281230844,-0.5649562961367992
21.608333333333334,0.29914726828898336,-2.060126592432459,-0.4189677104485806,-2.389227918918127,-0.5649562961367995
21.616666666666667,0.28066279005557687,-2.3746010368930444,-0.43651996200689774,-1.8218827997573614,-0.5649562961367982
21.625,0.2595914100205763,-2.6815836256896826,-0.44930214562705545,-1.2436458395379126,-0.5649562961368
21.633333333333333,0.2359802987409673,-2.9847681901549468,-0.4572046370278904,-0.6500207738364978,-0.5649562961367999
21.641666666666666,0.20984502908171687,-3.2880470110733637,-0.4600809419614486,-0.036640589936040614,-0.5649562961367941
21.65,0.1811679656455361,-3.595485031677785,-0.45774859000985724,0.6007510743997555,-0.5649562961368121
21.65833333333333,0.14989737342702994,-3.911156417156593,-0.44999071514224087,1.266087608127208,-0.5649562961368098
21.666666666666668,0.11594893162295378,-4.238697096653877,-0.4365611809843246,1.9622830098279367,-0.5649562961367485
21.675,0.07921309138081999,-4.580285133440806,-0.4171991274637192,2.6895566211028163,-0.564956296136917
21.683333333333334,0.03957501740965072,-4.934531301603388,-0.39166446786079223,3.4418944954734467,-0.5649562961368568
21.691666666666666,-0.0030407999029060375,-5.292539501062368,-0.35981498067492035,4.2003882686471075,-0.5649562961366907
21.7,-0.04858369671461262,-5.631759604429298,-0.32175489579536853,4.922828913445595,-0.5649562961364678
21.708333333333332,-0.09673562905549703,-5.90990020917869,-0.27807523879533946,5.533494347221545,-0.5649562961363526
21.716666666666665,-0.14674732097075247,-6.067681218353289,-0.23013046809654286,5.928266700600138,-0.56495629613768
21.725,-0.19737828625443074,-6.0522456216133795,-0.1801328276126972,6.015366758803213,-0.5649562961373376
21.733333333333334,-0.2471008058779034,-5.852494974481307,-0.13078921569592186,5.776441910601956,-0.5649562961373711
21.741666666666667,-0.2945171788559287,-5.508507455044801,-0.08457049304068298,5.282591312024599,-0.5649562961363774
21.75,-0.33868247477688473,-5.082423616212997,-0.04314685123658698,4.643670456470274,-0.5649562961369086
21.758333333333333,-0.3791424162255115,-4.626123707437475,-0.007318694492120468,3.9520594367084945,-0.5649562961368545
21.766666666666666,-0.41578786797025186,-4.170453104643217,0.022732723122273694,3.263745152315143,-0.5649562961370164
21.775,-0.448691256824753,-3.7293252777941523,0.04716136323217785,2.6052138443511583,-0.5649562961368411
21.78333333333333,-0.47799514665806714,-3.3067128318620407,0.06626134780009711,1.9854263835691621,-0.5649562961368958
21.791666666666668,-0.5038522337159085,-2.9017125898705594,0.08036016838236716,1.4045292892181296,-0.5649562961369204
21.8,-0.5263978171285699,-2.5113791971556365,0.0897678337348918,0.8587458407346255,-0.564956296136905
21.808333333333334,-0.5457392894065851,-2.1321103369656265,0.09475546726128388,0.3427823358107435,-0.5649562961369093
21.816666666666666,-0.5619535543800912,-1.7602510227138854,0.09554774848592129,-0.14910639198393233,-0.5649562961369098
21.825,-0.5750876741679338,-1.3923110421376443,0.09232113336643666,-0.62271512166028,-0.5649562961369101
21.833333333333332,-0.5851604709055166,-1.0249999727102581,0.08520395684128271,-1.0837981899331444,-0.56495629613691
21.841666666666665,-0.5921640320594417,-0.6551803981301342,0.07427662741113453,-1.5381178841019636,-0.5649562961369095
21.85,-0.5960646687301859,-0.2797893410980207,0.05957115710284961,-1.991545431663712,-0.5649562961369103
21.858333333333334,-0.59680319131191,0.10424276184214165,0.04106980794335144,-2.450164941304956,-0.5649562961369102
21.866666666666667,-0.594294592731913,0.5000478516461508,0.018703015032490545,-2.9203341628791057,-0.5649562961369075
21.875,-0.5884275142086387,0.9108067964038395,-0.0076527796120060285,-3.4086286365873995,-0.5649562961369182
21.883333333333333,-0.5790643885328914,1.339580335878677,-0.03817587596321981,-3.9215237504337277,-0.5649562961369188
21.891666666666666,-0.5660441989417704,1.788810782755066,-0.07309537545621621,-4.464519710729982,-0.5649562961368728
21.9,-0.5491918446285146,2.259161250814122,-0.11267577735531863,-5.040139374697767,-0.5649562961369985
21.90833333333333,-0.5283418255105237,2.7471249393506905,-0.1571769485121945,-5.643821415478397,-0.5649562961369555
21.916666666666668,-0.5033894602627862,3.240706774574238,-0.20676677545267358,-6.256492040326149,-0.5649562961368869
21.925,-0.4743865792354315,3.713256101169051,-0.2613571259526348,-6.833898647569559,-0.5649562961364767
21.933333333333334,-0.4416859701872635,4.119032587157351,-0.32035489167487047,-7.2987670741503345,-0.5649562961365305
21.941666666666666,-0.4060829444653524,4.400384913112841,-0.3824151974537947,-7.552693532560266,-0.5649562961374087
21.95,-0.36881543151715684,4.514442058272663,-0.4454335130046755,-7.521499938133449,-0.5649562961376737
21.958333333333332,-0.33130817357281517,4.462318345747307,-0.5069744363909048,-7.205274294907146,-0.5649562961373881
21.966666666666665,-0.2947851145304039,4.287575778274068,-0.5649284514016897,-6.676231205169608,-0.5649562961366658
21.975,-0.26003184598470114,4.046359444257513,-0.6179168792004177,-6.02825200033636,-0.5649562961369472
21.983333333333334,-0.22740662093308958,3.782598929886605,-0.6652763903411463,-5.334943668052059,-0.5649562961369555
21.991666666666667,-0.19697841291245238,3.5220166318867907,-0.7068290736463803,-4.6395969408787705,-0.5649562961370974
22.0,-0.1686639082768569,3.2764461790530883,-0.742655057059275,-3.962558647325072,-0.5649562961369308
22.008333333333333,-0.14231880759909799,3.0495236203837055,-0.772942654464666,-3.310848726988411,-0.5649562961369847
22.016666666666666,-0.1177881160382289,2.8406844144652763,-0.7979075660783398,-2.6848614301133105,-0.5649562961370117
22.025,-0.094930706265564,2.6474316425881503,-0.817755014302128,-2.082126170915674,-0.5649562961369898
22.03333333333333,-0.07363003119463765,2.4664931487890525,-0.8326646712327825,-1.499189466163935,-0.5649562961369962
22.041666666666668,-0.05379800231568212,2.2943701605715425,-0.8427865364053821,-0.932471879723146,-0.5649562961369989
22.05,-0.03537573461165998,2.1275766158827625,-0.8482415364728688,-0.3786047112203494,-0.5649562961369965
22.058333333333334,-0.01833300144498983,1.9627277587765515,-0.849123742625676,0.16548784736023164,-0.564956296136997
22.066666666666666,-0.002667286103861643,1.7965572718298277,-0.8455027008103967,0.7026289428299239,-0.5649562961369978
22.075,0.01159715229926242,1.625900837841515,-0.8374251509072428,1.2354885617572222,-0.5649562961369968
22.083333333333332,0.024409999567487586,1.447663116651779,-0.8249157766247048,1.7667136577152736,-0.5649562961369966
22.091666666666665,0.03569528807554055,1.258774769590739,-0.8079767877767287,2.2990771433386072,-0.5649562961369978
22.1,0.04535140598981012,1.0561413427336577,-0.7865861973040071,2.8356418664501324,-0.5649562961369965
22.108333333333334,0.05325064768054042,0.836584357267407,-0.7606946736442443,3.3799383370027303,-0.5649562961369959
22.116666666666667,0.059238246167629696,0.596776572832075,-0.7302208639853411,3.936152975473376,-0.564956296136998
22.125,0.06313086692041385,0.3331797616636152,-0.6950451426752667,4.509314344466785,-0.5649562961369977
22.133333333333333,0.06471466912271406,0.04200938170230667,-0.6550019312056596,5.105440075338319,-0.5649562961369978
22.141666666666666,0.06374337816159335,-0.28071209519164625,-0.6098712605074054,5.7315474841667085,-0.5649562961369846
22.15,0.059937633382549295,-0.6388668458451102,-0.5593715538231524,6.3952921376261775,-0.5649562961370463
22.15833333333333,0.05298877050045499,-1.0353864259660663,-0.5031586994838656,7.103688209453222,-0.5649562961370398
22.166666666666668,0.042574371169166285,-1.470118664719013,-0.44084342190698084,7.859719259245833,-0.5649562961367963
22.175,0.02840133550313613,-1.9350698428593471,-0.3720532153542515,8.654540722355955,-0.564956296137325
22.183333333333334,0.010305894988460426,-2.405237581015075,-0.2965887406639707,9.452133062614902,-0.5649562961369476
22.191666666666666,-0.011551505531754453,-2.825706616618036,-0.21474081317551905,10.167209139371835,-0.564956296138222
22.2,-0.03640435451064747,-3.1073494361434357,-0.127760253480334,10.65675007260569,-0.5649562961349697
22.208333333333332,-0.06269579270026242,-3.1592187643330196,-0.03817709296994248,10.772609515020177,-0.564956296137225
22.216666666666665,-0.08833930762559003,-2.9557619072358765,0.05061387753700681,10.47308713665335,-0.5649562961376013
22.225,-0.11142292550581291,-2.5605805845774237,0.13550551565601382,9.862484591627943,-0.5649562961366024
22.233333333333334,-0.1307562939942675,-2.071035042607929,0.21456787083444334,9.098690265565114,-0.5649562961369219
22.241666666666667,-0.14588806263252105,-1.561482219324633,0.2870577548543798,8.299478320138606,-0.5649562961371203
22.25,-0.15683705353066482,-1.071324341367153,0.35296236038525913,7.524134496143786,-0.5649562961373034
22.258333333333333,-0.16384162699655958,-0.6161225380643108,0.41258453927138916,6.7930317891556085,-0.564956296137096
22.266666666666666,-0.16721293337154844,-0.1993446370104732,0.4663069572901836,6.107569884424942,-0.5649562961371715
22.275,-0.1672662347299648,0.18069655742987828,0.5144875761686429,5.461726248462976,-0.5649562961371828
22.28333333333333,-0.16429360255941047,0.5275290639725242,0.5574233918358944,4.847452477643794,-0.5649562961371766
22.291666666666668,-0.15855528963918855,0.8451237243911424,0.5953441717488579,4.256870877419366,-0.564956296137179
22.3,-0.1502785685667232,1.1373809108786148,0.6284176083509674,3.6830176329149666,-0.5649562961371769
22.308333333333334,-0.1396590406643502,1.4079957547269761,0.6567577387243749,3.119974227721776,-0.5649562961371788
22.316666666666666,-0.12686234248208803,1.6604733152549076,0.6804333005775665,2.5627596216710864,-0.5649562961371788
22.325,-0.11202546924621462,1.8981951881715209,0.6994747798931179,2.0071399968982533,-0.564956296137177
22.333333333333332,-0.09525748084503577,2.12449706521255,0.7138797661664485,1.4494190226514951,-0.5649562961371786
22.341666666666665,-0.07663957458700763,2.3427416626375046,0.723616569283184,0.8862327376474923,-0.564956296137178
22.35,-0.05622459173319742,2.5563810012259185,0.7286261832355163,0.314359199744818,-0.5649562961371765
22.358333333333334,-0.034036064292547456,2.7690035102301525,0.728822754527875,-0.2694481412363814,-0.5649562961371802
22.366666666666667,-0.010066961549990469,2.984356675483665,0.7240928164340962,-0.8685857739340421,-0.5649562961371782
22.375,0.015721580067143758,3.2063229757054854,0.714293776171068,-1.486644653589258,-0.5649562961371698
22.383333333333333,0.043400973324209786,3.43879923012562,0.6992526411544198,-2.1272881400093864,-0.5649562961372045
22.391666666666666,0.07307415120335195,3.685373933040379,0.6787670304126028,-2.7937841720690226,-0.5649562961371853
22.4,0.10487032458820522,3.9485907603504025,0.6526126823607215,-3.487832680127676,-0.5649562961371101
22.40833333333333,0.1389305867611952,4.228402633324432,0.62056586146089,-4.207016926595267,-0.5649562961373505
22.416666666666668,0.17537513386445897,4.51918357323614,0.5824563581054539,-4.939801964563973,-0.5649562961371919
22.425,0.21423721988932082,4.804672861123116,0.538276413074459,-5.65701021311293,-0.5649562961372138
22.433333333333334,0.255347847565295,5.051596197388744,0.48837286537495017,-6.301033075361266,-0.5649562961363102
22.441666666666666,0.29817833033249125,5.207453200218,0.43371044804557934,-6.782137447597329,-0.5649562961368958
22.45,0.3417217702701219,5.214132275936723,0.3760679983398316,-7.0017830023421,-0.5649562961373978
22.458333333333332,0.38457474732579555,5.040635768198328,0.3178923794465636,-6.908512644830328,-0.5649562961384351
22.466666666666665,0.42528436124364255,4.707157860629485,0.2617001406385338,-6.538813968223371,-0.5649562961374687
22.475,0.46274004639556365,4.270191611944985,0.20940630207016642,-5.991116521594595,-0.5649562961371138
22.483333333333334,0.49632907803960913,3.7874646408763275,0.1620614023329745,-5.365433235341554,-0.5649562961371383
22.491666666666667,0.5258476090700213,3.298011924652087,0.12000844433600831,-4.729235366671842,-0.5649562961372409
22.5,0.5513336710550703,2.821731496789309,0.0831727500238012,-4.116829718748051,-0.564956296137328
22.508333333333333,0.5729342097693891,2.3660303911800016,0.05129239953338147,-3.54085911374267,-0.5649562961372246
22.516666666666666,0.590827318088592,1.9317689303150438,0.024053363089927303,-3.002552020903207,-0.5649562961372642
22.525,0.6051842349478879,1.5168703583815062,0.0011560868524135856,-2.49794519297677,-0.5649562961372736
22.53333333333333,0.6161534931388494,1.1181660960175652,-0.017656143151779036,-2.0210748615183416,-0.5649562961372664
22.541666666666668,0.6238558059332883,0.7322341645278236,-0.03258747956623148,-1.5654427170325904,-0.5649562961372689
22.55,0.6283835585440907,0.3557264295833928,-0.043787936332478905,-1.1246083152139357,-0.5649562961372692
22.558333333333334,0.6298018815174378,-0.01454820767509689,-0.051354796159282505,-0.692365681845412,-0.5649562961372689
22.566666666666666,0.6281498911266457,-0.3816520525612208,-0.05533459572113825,-0.26273071408247434,-0.5649562961372689
22.575,0.6234414655605016,-0.7485946588582238,-0.05572461829786618,0.17015234996921796,-0.564956296137269
22.583333333333332,0.6156653037036849,-1.1184251512228396,-0.05247346514140265,0.6121320770659878,-0.5649562961372692
22.591666666666665,0.6047842169901452,-1.4943208034802824,-0.04548062065242323,1.0691648379548038,-0.564956296137269
22.6,0.5907337741841742,-1.8796489383954758,-0.03459521286434676,1.5473847165790908,-0.5649562961372664
22.608333333333334,0.5734206757859819,-2.277960196482026,-0.019614608891078782,2.053056542966273,-0.5649562961372816
22.616666666666667,0.5527217495466012,-2.692825732802182,-0.0002843676096660644,2.5922619762179178,-0.564956296137275
22.625,0.5284855351423958,-3.1273366834072314,0.023697079502069576,3.170006624309827,-0.5649562961372271
22.633333333333333,0.5005406084656522,-3.582906950820415,0.052661899606710874,3.788131576086098,-0.5649562961374002
22.641666666666666,0.4687188821876182,-4.056744812861813,0.08693034207836627,4.440939223359212,-0.5649562961372985
22.65,0.4329084682865941,-4.537154987839835,0.12671718556346345,5.107092825023335,-0.564956296137227
22.65833333333333,0.39315583485011196,-4.996573133017411,0.17195326209014236,5.737623786374773,-0.5649562961366764
22.666666666666668,0.3498248013688374,-5.386094127954458,0.22200919092003787,6.246530339808075,-0.5649562961370018
22.675,0.3037579433017408,-5.642783231887047,0.275415320481428,6.523442224289565,-0.5649562961378153
22.683333333333334,0.2562831370025884,-5.71958956638135,0.32984947459290165,6.485345691326541,-0.5649562961383742
22.691666666666666,0.20893020363570555,-5.618554611560952,0.38262647750848344,6.134164322518133,-0.5649562961376433
22.7,0.16300048486303423,-5.38829301930224,0.43144452039020115,5.552845861474002,-0.5649562961370626
22.708333333333332,0.1193139297814878,-5.08953036633296,0.4748286728699543,4.8462408760486815,-0.564956296137277
22.716666666666665,0.07823614341701453,-4.768032540532056,0.5120930202418225,4.094444607834739,-0.5649562961373571
22.725,0.03983777897724255,-4.449263017872952,0.5430737804252159,3.3433929967637006,-0.5649562961374786
22.733333333333334,0.004043719625190982,-4.143919793760952,0.5678780952028671,2.614160552263267,-0.5649562961372991
22.741666666666667,-0.029271727800183344,-3.854352394534138,0.58672394207147,1.9138097157500442,-0.564956296137373
22.75,-0.060234675072271655,-3.578839372140463,0.5998561279762654,1.242603513504375,-0.5649562961373923
22.758333333333333,-0.08894853331537056,-3.3139227939556672,0.6075077213836547,0.5979066725117861,-0.564956296137372
22.766666666666666,-0.1154849167659437,-3.0555552332675116,0.6098847285271247,-0.02393947645032067,-0.5649562961373794
22.775,-0.13988119071462557,-2.7996179804510004,0.6071614149166614,-0.6268167289488364,-0.5649562961373816
22.78333333333333,-0.16214088252102596,-2.5421271212793672,0.5994798043713766,-1.2145641591546632,-0.564956296137379
22.791666666666668,-0.1822351059146007,-2.279288894060138,0.586950188880911,-1.7909699105351558,-0.5649562961373795
22.8,-0.20010410693851632,-2.0074821081397896,0.5696511331230973,-2.3598856247965205,-0.5649562961373809
22.808333333333334,-0.21565849377462698,-1.7232038207602427,0.5476282523287046,-2.9253992526686163,-0.5649562961373793
22.816666666666666,-0.2287799243879523,-1.422995641511263,0.5208914224045262,-3.4920346784317653,-0.564956296137379
22.825,-0.23932114015599062,-1.1033625516861107,0.4894102869736365,-4.064957351338504,-0.5649562961373807
22.833333333333332,-0.24710534771505557,-0.7607017167488787,0.45310811589122596,-4.650157927971856,-0.5649562961373812
22.841666666666665,-0.25192517081192833,-0.39127990915362393,0.41185441572093356,-5.254553283538787,-0.5649562961373807
22.85,-0.253541899783595,0.00865067999834429,0.365457493763191,-5.885861511884295,-0.5649562961373666
22.858333333333334,-0.2516869281490033,0.44239456553918455,0.3136600562059786,-6.551918419485087,-0.5649562961374479
22.866666666666667,-0.2460698437486748,0.9115700991593202,0.25614517742947085,-7.2586980779231185,-0.5649562961374086
22.875,-0.23640302806788774,1.4131930347743358,0.1925690345656603,-8.005531585675293,-0.5649562961372029
22.883333333333333,-0.22246246667585248,1.9336259624146581,0.12265367124550373,-8.774996184349817,-0.5649562961375945
22.891666666666666,-0.20421661821982492,2.4383059952501007,0.046394562907229354,-9.515445170960577,-0.5649562961372689
22.9,-0.1820479932523704,2.861384341059282,-0.03557204902809518,-10.122797350090092,-0.5649562961386805
22.90833333333333,-0.15700373976948617,3.113490683810953,-0.12154337050026875,-10.45209529738969,-0.564956296136345
22.916666666666668,-0.13082279022751367,3.128651492723682,-0.208686648026005,-10.394877525101606,-0.5649562961377562
22.925,-0.10549260906773388,2.9183858240386638,-0.2937574916865804,-9.969534403510075,-0.5649562961363641
22.933333333333334,-0.08259134530920374,2.5612188476138926,-0.37417821218253133,-9.304039112360865,-0.5649562961378074
22.941666666666666,-0.06297153183957588,2.1432087821380468,-0.44854832140715495,-8.53712034348856,-0.5649562961375135
22.95,-0.046878108366230735,1.7217055229681735,-0.5164368431758636,-7.758927810697188,-0.5649562961377252
22.958333333333332,-0.03420622705629725,1.3248970870996875,-0.577951687558189,-7.011447478802595,-0.5649562961373971
22.966666666666665,-0.024698603996840797,0.9630523627132879,-0.6334173493006385,-6.307844818885044,-0.564956296137532
22.975,-0.01805378726407256,0.6376586687402488,-0.683203864054845,-5.6478031371779585,-0.5649562961375596
22.983333333333334,-0.013975754912517723,0.3465003633363544,-0.7276533729280935,-5.025876640100704,-0.5649562961375361
22.991666666666667,-0.012193431453635162,0.08606108489263557,-0.7670556124546005,-4.435332548080084,-0.5649562961375444
23.0,-0.01246661974656336,-0.14745135119365696,-0.8016447322333697,-3.8697105521228385,-0.5649562961375436
23.008333333333333,-0.014586404049217072,-0.3577180576409154,-0.8316041943062455,-3.3233444958222353,-0.5649562961375445
23.016666666666666,-0.018373648268142934,-0.5481992677401638,-0.8570739155080267,-2.7914437865729425,-0.5649562961375448
23.025,-0.023677120045363622,-0.7221367292921357,-0.878157252055908,-2.27000237041576,-0.5649562961375433
23.03333333333333,-0.030371832536660693,-0.882596027409647,-0.8949269362272261,-1.7556500276202023,-0.5649562961375442
23.041666666666668,-0.03835779216925781,-1.0325186956522687,-0.9074297085359168,-1.2454925419846212,-0.5649562961375442
23.05,-0.047559178245978335,-1.1747727359450062,-0.9156896362502688,-0.7369577218769381,-0.5649562961375435
23.058333333333334,-0.05792392400015005,-1.312198261450139,-0.919710191496356,-0.22765191935383614,-0.564956296137544
23.066666666666666,-0.06942365672062291,-1.4476481140146031,-0.9194751783221918,0.2847728729010583,-0.5649562961375437
23.075,-0.08205395716733002,-1.5840239060018815,-0.9149485936986326,0.8027420035023902,-0.5649562961375433
23.083333333333332,-0.09583489854608322,-1.7243067555861673,-0.9060735080965014,1.3288699651933864,-0.5649562961375447
23.091666666666665,-0.11081180733844559,-1.8715786999021662,-0.8927700804845183,1.866054580134119,-0.5649562961375438
23.1,-0.12705612949862616,-2.0290238878401694,-0.8749329166026871,2.4175361223705933,-0.5649562961375405
23.108333333333334,-0.14466614364370622,-2.1998848115862772,-0.852428207644964,2.9868813884574497,-0.5649562961375552
23.116666666666667,-0.16376695487809684,-2.3873212925448746,-0.8250915876863153,3.577807172885382,-0.5649562961375472
23.125,-0.18450856732257867,-2.594066138312122,-0.7927286950168794,4.193667525962561,-0.5649562961375124
23.133333333333333,-0.20705957214398252,-2.8216710906193554,-0.7551225232159752,4.836259457461463,-0.5649562961376373
23.141666666666666,-0.2315916215235583,-3.0689700468722654,-0.7120556294528466,5.503316577587652,-0.5649562961375606
23.15,-0.2582459044243394,-3.329190021553275,-0.6633619919201359,6.1837165602363395,-0.5649562961374458
23.15833333333333,-0.2870679915242997,-3.5852163443614584,-0.6090316921296888,6.8495320591936,-0.5649562961374335
23.166666666666668,-0.31789756509009454,-3.8039002181211767,-0.5493917845239099,7.446358606565663,-0.5649562961373905
23.175,-0.35022268975644594,-3.9346431848982255,-0.4853481835553502,7.890708866751545,-0.5649562961382415
23.183333333333334,-0.3830758564712777,-3.9225933710782583,-0.41855927418795197,8.091991903716863,-0.5649562961373756
23.191666666666666,-0.41511664047050156,-3.7385597945794906,-0.35129682549431973,8.00275815357404,-0.5649562961377526
23.2,-0.4449542979358225,-3.400626098355646,-0.28590410865394295,7.65485993872268,-0.5649562961370755
23.208333333333332,-0.4715111666624802,-2.960968516722292,-0.22418863597292465,7.136712678117979,-0.5649562961378141
23.216666666666665,-0.49417453030174413,-2.474155359821777,-0.1671753469639463,6.539551359329547,-0.5649562961376096
23.225,-0.5127235841437333,-1.9782663303739085,-0.11523915970852681,5.925842650489903,-0.5649562961376978
23.233333333333334,-0.5271780608651304,-1.4936553165160522,-0.06836625011993633,5.327684275334677,-0.5649562961375517
23.241666666666667,-0.5376729777630374,-1.0286855152273493,-0.026367541091075117,4.756855088476617,-0.5649562961376137
23.25,-0.5443827394480643,-0.5851902317463512,0.010993436293561074,4.214226047295554,-0.5649562961376315
23.258333333333333,-0.547482404498611,-0.16190790749871103,0.043936513752328106,3.695642056223604,-0.5649562961376179
23.266666666666666,-0.5471303054869602,0.2437110105527943,0.07263737171402813,3.195009327452147,-0.5649562961376223
23.275,-0.5434613116625331,0.6346597806362124,0.09721823371824044,2.7057450700420045,-0.5649562961376233
23.28333333333333,-0.5365847946714062,1.0140335312020488,0.11774669805277686,2.2213785965233157,-0.5649562961376224
23.291666666666668,-0.526584294437727,1.3849328696251992,0.1342376484720711,1.7357401250195885,-0.5649562961376229
23.3,-0.5135174536530001,1.7504805382444346,0.14665584029950926,1.2429595153376531,-0.5649562961376233
23.308333333333334,-0.497415591186748,2.1138833050297547,0.15491809683213784,0.7373873768146406,-0.5649562961376231
23.316666666666666,-0.47828271316927623,2.4784994279844854,0.15889475875418763,0.21350396753508094,-0.5649562961376232
23.325,-0.45609405752701027,2.8478766263499526,0.1584105223750194,-0.3341252939675282,-0.5649562961376198
23.333333333333332,-0.4307946138850138,3.2257086057552495,0.15324539025266717,-0.9107587142418928,-0.5649562961376385
23.341666666666665,-0.402298662657486,3.6156113093546636,0.1431374936215341,-1.5210811915812958,-0.56495629613763
23.35,-0.3704925618310255,4.020522598888275,0.12779158843564056,-2.1681628950592877,-0.5649562961375744
23.358333333333334,-0.3352453196018192,4.441352046985487,0.10690099956956085,-2.851132517593121,-0.5649562961377659
23.366666666666667,-0.2964356278122114,4.874255647443315,0.08019787949208482,-3.560495302786281,-0.56495629613765
23.375,-0.2540099585240585,5.305809607776992,0.04755675565343482,-4.269864353974945,-0.5649562961376113
23.383333333333333,-0.20808954414304348,5.706367097123644,0.00918164502171636,-4.924634711536217,-0.5649562961369425
23.391666666666666,-0.15912728122522574,6.026031836604081,-0.03412235343530115,-5.435308827484542,-0.564956296137354
23.4,-0.10804992777679281,6.204420494682036,-0.08070586501298015,-5.694797058926866,-0.5649562961380382
23.40833333333333,-0.056230076407161905,6.2010940882493975,-0.12813019916931565,-5.631511564658633,-0.5649562961387768
23.416666666666668,-0.005183792683605361,6.0245384126808075,-0.17370030082960913,-5.259843907602892,-0.5649562961379765
23.425,0.04383723150431234,5.725190952056332,-0.2151821060869935,-4.668201053822168,-0.5649562961374878
23.433333333333334,0.09005962053332085,5.361707301046403,-0.25118401778710264,-3.9604465568329896,-0.5649562961376259
23.441666666666666,0.1331418970318962,4.976976124139001,-0.28108532379562057,-3.2140021834519974,-0.5649562961377133
23.45,0.17301642639364898,4.594379418441816,-0.30476790838769174,-2.47295385167661,-0.5649562961378228
23.458333333333332,0.20974799717975587,4.223454368615786,-0.3223735838983388,-1.7575228285169402,-0.5649562961376734
23.466666666666665,0.2434451004305694,3.8660094642021137,-0.33415038842741884,-1.0744379483062145,-0.5649562961377332
23.475,0.27421377907972666,3.520142509198734,-0.3403711534141146,-0.4237582986637054,-0.5649562961377488
23.483333333333334,0.30213680488174305,3.1824206680993354,-0.3412950221923033,0.19743948568238506,-0.5649562961377345
23.491666666666667,0.3272659062198326,2.8489415709334587,-0.3371509480445437,0.793287502202982,-0.5649562961377395
23.5,0.34962008361428076,2.5157994264484076,-0.3281312616900237,1.3683701276829867,-0.5649562961377403
23.508333333333333,0.369186423901719,2.17925367014776,-0.31438918321217446,1.92747330257111,-0.5649562961377398
23.516666666666666,0.3859216474283827,1.835753929224699,-0.29603729600072337,2.475573686467444,-0.5649562961377395
23.525,0.3997535510766637,1.4818992350736857,-0.27314560867993576,3.0179324899075284,-0.56495629613774
23.53333333333333,0.4105819947102242,1.1143751659389354,-0.24573866960941668,3.5602189928419845,-0.56495629613774
23.541666666666668,0.4182793935784848,0.7299045482949562,-0.21379173094815135,4.108604672016975,-0.56495629613774
23.55,0.42269101973977147,0.3252618647168311,-0.177226515849214,4.6697465623296415,-0.5649562961377361
23.558333333333334,0.42363599449218636,-0.10255338267241884,-0.13590808454623196,5.25050405744179,-0.5649562961377604
23.566666666666666,0.4209110070069289,-0.5557913840882236,-0.0896461983587879,5.8570683543460005,-0.5649562961377514
23.575,0.41430110312664686,-1.0346958357368488,-0.03820845267851876,6.492864626710424,-0.5649562961376737
23.583333333333332,0.40360619730687997,-1.5348484872626367,0.01864021330188182,7.154080765931623,-0.5649562961378991
23.591666666666665,0.38869862299938623,-2.0422407216346934,0.08104547088512064,7.821287378169275,-0.5649562961377511
23.6,0.36963219360723215,-2.526038164628108,0.14888337261222595,8.446961631386163,-0.5649562961380497
23.608333333333334,0.3468091210843919,-2.9332672573270693,0.22147884800025783,8.945893895388387,-0.5649562961364952
23.616666666666667,0.3211427090539791,-3.1977338638423145,0.2973246136403569,9.209295529626887,-0.5649562961376081
23.625,0.29404490698418967,-3.2729091933406975,0.37408801287186777,9.15951488951835,-0.564956296137182
23.633333333333333,0.2671049604301147,-3.165965742746248,0.4491352090978565,8.80734860853102,-0.5649562961390037
23.641666666666666,0.24163280917770327,-2.9318433322106854,0.5202851940044977,8.24248386232819,-0.5649562961379487
23.65,0.21841179684709325,-2.6355226421191684,0.586215932411436,7.570634850839747,-0.5649562961379263
23.65833333333333,0.19774516092462768,-2.324874855167065,0.6463821413344472,6.868645549199155,-0.5649562961376566
23.666666666666668,0.17962836343647093,-2.0265189820380587,0.7007275764395312,6.178172120417246,-0.5649562961378253
23.675,0.16390257094221017,-1.7521151978109502,0.7494330419436906,5.5165720521536015,-0.5649562961378882
23.683333333333334,0.15035027525743605,-1.5050053436981663,0.7927629763182514,4.88809675583548,-0.5649562961378141
23.691666666666666,0.1387451154043503,-1.284493719766448,0.8309886408592829,4.290987786052829,-0.5649562961378425
23.7,0.1288748915281037,-1.0881390792603907,0.8643553707644677,3.7211999657301837,-0.564956296137848
23.708333333333332,0.12055089271374725,-0.9128667590966943,0.8930717827198178,3.174152013710882,-0.5649562961378426
23.716666666666665,0.11361080391058365,-0.7554681934082335,0.9173088690329543,2.6454676020371015,-0.5649562961378449
23.725,0.10791884356615028,-0.6128027673939713,0.9372030030889905,2.131234013478039,-0.5649562961378446
23.733333333333334,0.10336487002327951,-0.48186150109116443,0.9528600638142296,1.6280415370480856,-0.5649562961378446
23.741666666666667,0.09986324710154999,-0.35976972027253534,0.964359439210589,1.1329287760086688,-0.5649562961378448
23.75,0.0973518075724794,-0.24376480706712444,0.9717573954047777,0.643291186324967,-0.5649562961378445
23.758333333333333,0.09579104565888333,-0.13116516219211447,0.9750896233970655,0.1567777103623631,-0.5649562961378444
23.766666666666666,0.09516358001965639,-0.01933694066113611,0.9743729113031667,-0.32881488962576516,-0.5649562961378445
23.775,0.09547389514718936,0.09433937739469954,0.9696059368336467,-0.8156474110159615,-0.5649562961378445
23.78333333333333,0.09674836136681816,0.21250248657548246,0.960769181872175,-1.305943717406744,-0.5649562961378444
23.791666666666668,0.09903553591535925,0.3378442776332967,0.9478239629330412,-1.802097608125186,-0.564956296137844
23.8,0.1024067497258612,0.4731442480860105,0.9307105633705011,-2.3067814154743873,-0.5649562961378443
23.808333333333334,0.10695697612054679,0.6213020945089861,0.9093454612624303,-2.8230535386937845,-0.5649562961378448
23.816666666666666,0.11280594182144266,0.7853614816780751,0.8836176971053363,-3.3544546568644567,-0.564956296137844
23.825,0.12009934468662097,0.9685076720380904,0.8533845706239255,-3.9050659405647097,-0.5649562961378409
23.833333333333332,0.12900981884500862,1.173999987836354,0.8184672069434993,-4.479467309231128,-0.5649562961378588
23.841666666666665,0.13973679735683286,1.4049550370045427,0.778647320968432,-5.082459374562483,-0.5649562961378489
23.85,0.15250338578213588,1.663805677879925,0.7336682071160844,-5.718260273393915,-0.5649562961377984
23.858333333333334,0.1675462531615991,1.9510881674774976,0.6832464870713535,-6.388595394948658,-0.5649562961379848
23.866666666666667,0.1850905550183067,2.2629310558782803,0.6271078857961658,-7.088615560993628,-0.5649562961378691
23.875,0.20529547359249117,2.5863670833193555,0.5650713405765758,-7.799118409534684,-0.5649562961377601
23.883333333333333,0.22814988418730878,2.892162364565635,0.4972166286111818,-8.4744428169593,-0.5649562961373614
23.891666666666666,0.25330713725224596,3.128515545582857,0.4241560075528384,-9.031501716535894,-0.5649562961375802
23.9,0.27990820959924284,3.2272006820344377,0.3473301666486962,-9.359359100255803,-0.5649562961384649
23.90833333333333,0.30655725160870495,3.134686041784466,0.26905489155432394,-9.37070739148617,-0.5649562961387872
23.916666666666668,0.33161535780308615,2.8506118519899752,0.19203885590824052,-9.065946688032385,-0.5649562961381742
23.925,0.35368200905035785,2.4282263578510332,0.11859006041673088,-8.533526240049428,-0.5649562961376666
23.933333333333334,0.3718935217404253,1.9359463590958899,0.050131592290996965,-7.885385192230873,-0.5649562961378463
23.941666666666666,0.3858998496614981,1.4256012678176344,-0.012745371182183305,-7.204319008944105,-0.564956296137918
23.95,0.39568522170375653,0.9261173704157625,-0.06997363145036374,-6.534319010768035,-0.5649562961380173
23.958333333333332,0.401400968376292,0.4500441341372995,-0.12172937540073174,-5.892183633719847,-0.5649562961379051
23.966666666666665,0.4032612016152149,0.0009260976393776314,-0.1682609541267147,-5.280182102472603,-0.5649562961379464
23.975,0.4014894526847309,-0.421948339642381,-0.2098046042355858,-4.694101358596339,-0.564956296137955
23.983333333333334,0.3962947670599037,-0.8210677956734671,-0.24654984344601413,-4.127402514586564,-0.5649562961379504
23.991666666666667,0.3878623142864439,-1.1995548452481972,-0.27862909337309977,-3.5731175536820317,-0.5649562961379522
24.0,0.3763503498271023,-1.5607035297930636,-0.3061177879707896,-3.024606485307522,-0.5649562961379515
24.008333333333333,0.3618895186034302,-1.9078383403682442,-0.3290382724576427,-2.4757790821541223,-0.5649562961379518
24.016666666666666,0.34458265714538855,-2.244315362951902,-0.3473644177500457,-1.9210779690158404,-0.5649562961379521
24.025,0.324504316312112,-2.573578203712019,-0.36102562500890273,-1.3553653054768264,-0.5649562961379511
24.03333333333333,0.30169975613785677,-2.89922286278302,-0.3699097532162374,-0.7737872400153606,-0.564956296137954
24.041666666666668,0.27618347767730606,-3.225038352343463,-0.37386501489776813,-0.17167137447368697,-0.5649562961379527
24.05,0.2479376557598896,-3.554980894649193,-0.3727013929635609,0.4554700491483904,-0.5649562961379428
24.058333333333334,0.21691131039678205,-3.8930049443616697,-0.36619295393683626,1.1116978162080795,-0.5649562961379847
24.066666666666666,0.18302197358932812,-4.24259837713926,-0.3540840264156773,1.7999002359759955,-0.5649562961379636
24.075,0.1461634226210591,-4.605725287920339,-0.33610534059815134,2.520034707069472,-0.5649562961378698
24.083333333333332,0.10622642127840967,-4.980651995116504,-0.3120120017802479,3.265459488699965,-0.5649562961381411
24.091666666666665,0.0631447473561444,-5.357930896175657,-0.2816642712501498,4.016122936749852,-0.5649562961379581
24.1,0.016983859215578954,-5.714260617190094,-0.24518066670699137,4.728157854837459,-0.5649562961381731
24.108333333333334,-0.03191730591018162,-6.006738570673531,-0.20318073227095762,5.32426429188077,-0.5649562961367085
24.116666666666667,-0.08278693876084123,-6.176472100309295,-0.15705512672279912,5.700367631491186,-0.5649562961377207
24.125,-0.134372013243096,-6.1726010380147445,-0.1090402428899791,5.767541711151517,-0.5649562961376615
24.133333333333333,-0.1851520930111916,-5.986412833275724,-0.06183710687195119,5.5111669948887325,-0.5649562961393896
24.141666666666666,-0.2337503482737417,-5.6586099039708015,-0.017889157319359316,5.003355962298935,-0.5649562961382167
24.15,-0.27923931085916753,-5.250086149636641,0.02115572451665749,4.3520485382982725,-0.5649562961380631
24.15833333333333,-0.32116927043612475,-4.8111204640363665,0.054500055079958636,3.647293856054126,-0.5649562961378856
24.166666666666668,-0.359424419062451,-4.371520773663472,0.0819501676586294,2.9438173346139727,-0.5649562961380389
24.175,-0.39406441225475886,-3.9447363344027684,0.10364166159422035,2.26786547767253,-0.564956296138115
24.183333333333334,-0.42521665748492715,-3.5345900430231727,0.11985086690260481,1.6286999637066208,-0.5649562961380294
24.191666666666666,-0.4530180457990138,-3.1401497523430963,0.13089094139824756,1.0269541316641815,-0.5649562961380616
24.2,-0.47758798069721126,-2.7584679825351293,0.13706173329513893,0.45934762663724216,-0.5649562961380684
24.208333333333332,-0.4990179221368376,-2.3859329382283585,0.13862811217116006,-0.0789786945357971,-0.5649562961380638
24.216666666666665,-0.5173687010100866,-2.0188653051601535,0.13581177514496362,-0.5934213937634494,-0.5649562961380652
24.225,-0.5326710481526026,-1.6537379031371364,0.12878871805282038,-1.0895188542899668,-0.5649562961380648
24.233333333333334,-0.5449271103994707,-1.2872156039027376,0.11768856635621346,-1.572861435454141,-0.5649562961380657
24.241666666666667,-0.5541119146223151,-0.916114267599952,0.10259400880057327,-2.0491371373724605,-0.5649562961380651
24.25,-0.5601743388290571,-0.5373298392807357,0.08353960621507603,-2.524225130040312,-0.5649562961380646
24.258333333333333,-0.563037485281677,-0.14777094673750354,0.060509818954926305,-3.004281094418301,-0.5649562961380667
24.266666666666666,-0.5625986270222602,0.2556687423201886,0.033436556582014394,-3.4957544255807655,-0.5649562961380663
24.275,-0.5587292870853192,0.6760372823327943,0.0021971954407759013,-4.005235789243629,-0.5649562961380574
24.28333333333333,-0.5512767325521559,1.1160308053591037,-0.033384781952365356,-4.538934208346563,-0.5649562961380972
24.291666666666668,-0.5400695900996048,1.5772454686256354,-0.07353196405333824,-5.101386382826504,-0.5649562961380793
24.3,-0.5249329869963137,2.0585484051549083,-0.11848883931060142,-5.692667241589124,-0.5649562961379933
24.308333333333334,-0.5057231369950886,2.5529210740808272,-0.16846433154063134,-6.302981212379981,-0.5649562961381689
24.316666666666666,-0.48239663767879976,3.042267387250528,-0.22351471848902035,-6.90372156861337,-0.5649562961380389
24.325,-0.4551284824284698,3.491429774689986,-0.28334221913409474,-7.437035667474339,-0.5649562961385304
24.333333333333332,-0.4244637618166276,3.847708781645506,-0.34703336089155146,-7.814570020380456,-0.5649562961370634
24.341666666666665,-0.39141179578149976,4.056785777111104,-0.41289133323624777,-7.94409627565717,-0.5649562961380615
24.35,-0.35733295980330726,4.09400178290932,-0.4786182630449378,-7.782579485273845,-0.5649562961374514
24.358333333333334,-0.3235952965745961,3.982203370836761,-0.5418898776212564,-7.366845330919535,-0.5649562961389417
24.366666666666667,-0.29122949970142725,3.774324070523445,-0.6009366648418318,-6.784488166542547,-0.5649562961382161
24.375,-0.2608099434813108,3.5226045658818763,-0.6547451571422404,-6.1220626775828055,-0.5649562961382364
24.383333333333333,-0.23254071052002018,3.2626493675302255,-0.7029146371173808,-5.438383430883596,-0.564956296137999
24.391666666666666,-0.206401664466852,3.013412657172467,-0.7454142959013745,-4.764697006670655,-0.5649562961381352
24.4,-0.18226510493670225,2.7827210432089453,-0.7823912024811832,-4.114079218833409,-0.5649562961381861
24.40833333333333,-0.15996655282823166,2.5722481855394066,-0.8140558549837925,-3.489803736941163,-0.5649562961381227
24.416666666666668,-0.13934178095577215,2.3806414937895584,-0.8406242449142953,-2.8905455042374224,-0.5649562961381476
24.425,-0.12024422000620952,2.20521064863752,-0.8622923765718111,-2.3131483361587617,-0.5649562961381536
24.433333333333334,-0.10255219256451215,2.042764766384028,-0.8792272895974577,-1.7539616146952302,-0.5649562961381471
24.441666666666666,-0.08617125662881268,1.8899990903195343,-0.8915657344839748,-1.2094247206652708,-0.5649562961381496
24.45,-0.07103437531223564,1.7436566373967464,-0.8994159742070005,-0.6762772804726561,-0.5649562961381501
24.458333333333332,-0.05710124651113186,1.6005815510114818,-0.9028604947749191,-0.15158917797880278,-0.5649562961381491
24.466666666666665,-0.044357425444838984,1.4577219408014839,-0.9019585667312495,0.3672946273037573,-0.5649562961381495
24.475,-0.03281353211935392,1.3121096417055318,-0.8967481580274019,0.8828497465177036,-0.5649562961381499
24.483333333333334,-0.022504678162236176,1.1608290337784,-0.8872469551613188,1.397488723961349,-0.5649562961381491
24.491666666666667,-0.013490181715015783,1.0009794547973045,-0.8734523570087229,1.9136905930671901,-0.5649562961381489
24.5,-0.005853618400288571,0.8296321162073725,-0.8553403412778792,2.434141862184447,-0.56495629613815
24.508333333333333,0.0002967445614775216,0.6437811694672597,-0.8328631073870252,2.9618892648607047,-0.5649562961381487
24.516666666666666,0.004827082751038867,0.4402893489940552,-0.8059453984002047,3.5005036609253466,-0.5649562961381482
24.525,0.007576685623313192,0.2158323850758455,-0.7744794283263263,4.054249004278145,-0.5649562961381497
24.53333333333333,0.008356201894361235,-0.033143938278328865,-0.7383184440761388,4.628235521985052,-0.5649562961381519
24.541666666666668,0.006945693570600117,-0.3104176860038862,-0.6972692525466542,5.228500657354499,-0.5649562961381501
24.55,0.003093219868289394,-0.6198484306450294,-0.6510848105001562,5.8618788437633,-0.5649562961381309
24.558333333333334,-0.003484194088242462,-0.9648994423895351,-0.5994598048361304,6.535335502737652,-0.5649562961382312
24.566666666666666,-0.013092820109996947,-1.3473888545964579,-0.5420363163229417,7.254042069716874,-0.5649562961381766
24.575,-0.026038016158320652,-1.7645877420553227,-0.4784355808163618,8.016702186453003,-0.5649562961379467
24.583333333333332,-0.04256396011667353,-2.203182987319313,-0.40834871676676454,8.805574583016933,-0.5649562961384083
24.591666666666665,-0.06272501310829934,-2.628874697678265,-0.3317416987148678,9.568932592091926,-0.5649562961380249
24.6,-0.08616145021589666,-2.9753703668354237,-0.24922366157919482,10.201936224734819,-0.5649562961395134
24.608333333333334,-0.11183798608382375,-3.1509344617066413,-0.16248627110513186,10.556236204781356,-0.5649562961369103
24.616666666666667,-0.13799926501111923,-3.0854934149479245,-0.0743917681420386,10.51750752468905,-0.5649562961385188
24.625,-0.162611475231216,-2.7881783190603118,0.011744672177994776,10.101173308956604,-0.5649562961370806
24.633333333333333,-0.18404658716461958,-2.338964203604563,0.09327571744357192,9.43823079284666,-0.5649562961385884
24.641666666666666,-0.2014223962481418,-1.826730995798953,0.16876729667023824,8.672061361997256,-0.5649562961382757
24.65,-0.214484112382703,-1.3105721560536432,0.23778489101641156,7.89508375667606,-0.5649562961384897
24.65833333333333,-0.22333577219226264,-0.8191964311994817,0.30044093464289245,7.14914542436814,-0.5649562961381855
24.666666666666668,-0.22823539393535838,-0.362825161466821,0.3570577605002034,6.446140879476757,-0.5649562961383059
24.675,-0.22948405587830892,0.05722627175741887,0.4079911235166244,5.784208888439725,-0.5649562961383292
24.683333333333334,-0.22737608579493182,0.44330718157579396,0.4535562061576055,5.156435413381026,-0.5649562961383138
24.691666666666666,-0.22218000314702435,0.7990099892915822,0.49400423200805366,4.5547867974988385,-0.564956296138319
24.7,-0.21413295036976362,1.1281775744098308,0.5295206873587256,3.97166283797606,-0.5649562961383173
24.708333333333332,-0.20344031714755378,1.4345610331331113,0.5602314200889426,3.400382025778391,-0.5649562961383191
24.716666666666665,-0.1902768970073028,1.7217535041639016,0.5862106375226639,2.8352185737140667,-0.5649562961383192
24.725,-0.17478807271970714,1.9932315917191397,0.6074883644984498,2.271264366224513,-0.5649562961383174
24.733333333333334,-0.15709048021328376,2.252431548500507,0.6240564532637463,1.7042312647439204,-0.5649562961383191
24.741666666666667,-0.13727200692401312,2.5028296802890395,0.6358728755103955,1.130241451113038,-0.5649562961383187
24.75,-0.11539115173910397,2.7480135702653397,0.6428642962424055,0.5456274311791494,-0.5649562961383167
24.758333333333333,-0.09147586131361762,2.991734813890464,0.6449270776730779,-0.05324158031863945,-0.5649562961383217
24.766666666666666,-0.06552205092757118,3.2379285581786923,0.6419270330408784,-0.6700798209925886,-0.5649562961383192
24.775,-0.03749220184646441,3.4906679918435053,0.6336985821929764,-1.3086950430810544,-0.5649562961383074
24.78333333333333,-0.007314829888378671,3.753984452826194,0.6200446657707683,-1.9727683157970324,-0.5649562961383552
24.791666666666668,0.02511352288860696,4.031408356883449,0.6007402488147162,-2.665155739378122,-0.564956296138329
24.8,0.05992038171126779,4.324944526615031,0.5755452132612678,-3.386224129971498,-0.5649562961382297
24.808333333333334,0.09723684286278465,4.632966918041653,0.5442380281543215,-4.130344179601749,-0.5649562961385202
24.816666666666666,0.1371524915072705,4.946295753377874,0.506690643581331,-4.879286549655102,-0.5649562961383203
24.825,0.17962828750581744,5.242083259548565,0.4630143247139076,-5.591887624614417,-0.5649562961385243
24.833333333333332,0.2243554663853319,5.47778732354832,0.4137966899433218,-6.193892359761563,-0.5649562961370411
24.841666666666665,0.2705925770201844,5.5940639165074355,0.36037470487287065,-6.583101696690241,-0.5649562961380663
24.85,0.31710811336053535,5.538446789214031,0.3049251436916779,-6.670127246158503,-0.5649562961380485
24.858333333333334,0.36238912249815675,5.300814298609541,0.2500983450965939,-6.4391731552104465,-0.5649562961397824
24.866666666666667,0.40506178936929216,4.922328058043752,0.19829019005281698,-5.962978385374986,-0.5649562961385696
24.875,0.4442119874800655,4.465628681239299,0.15108986260264465,-5.351137440576219,-0.5649562961384106
24.883333333333333,0.4794174938545457,3.9824431075618407,0.10922619373539287,-4.694178947982637,-0.5649562961382418
24.891666666666666,0.5105985809746129,3.503205523619194,0.07282731134381479,-4.045679672780186,-0.5649562961383912
24.9,0.5378537679889371,3.041478086475251,0.04170581173194488,-3.4298878276749822,-0.5649562961384648
24.90833333333333,0.5613494408660601,2.6010432966903188,0.0155510931134218,-2.853943418605218,-0.5649562961383843
24.916666666666668,0.5812611635592421,2.18095180055435,-0.005967388693272262,-2.316580440191024,-0.5649562961384141
24.925,0.5977471505866665,1.7783076971705112,-0.023152358939945498,-1.8129405481705416,-0.5649562961384206
24.933333333333334,0.6109383644841806,1.3896100530896536,-0.03625976645496904,-1.3369076745943518,-0.564956296138416
24.941666666666666,0.6209362273511532,1.0113258583757432,-0.04549316483701883,-0.8821243235893911,-0.5649562961384176
24.95,0.6278133478438443,0.6400870384475067,-0.051003548566678006,-0.44236387644007147,-0.5649562961384176
24.958333333333332,0.6316150665506385,0.2727125979080382,-0.05289088369303129,-0.011603996809555449,-0.5649562961384177
24.966666666666665,0.6323608174130565,-0.0938468658342358,-0.05120562221485788,0.4160321868022924,-0.5649562961384176
24.975,0.6300448745570987,-0.46259592776093494,-0.04594946820133426,0.8463878993243172,-0.5649562961384175
24.983333333333334,0.6246363334495214,-0.8365881552655561,-0.03707514031177554,1.2853963917297726,-0.5649562961384182
24.991666666666667,0.6160783454993592,-1.2190080317670056,-0.02448516356126331,1.739184455070857,-0.5649562961384179
25.0,0.604286808737192,-1.6132134298023026,-0.008030033564204458,2.214109068240932,-0.5649562961384138
25.008333333333333,0.5891490437706073,-2.0226838660150577,0.012493348141555002,2.7166338230852705,-0.5649562961384346
25.016666666666666,0.5705236604140678,-2.4507597274484874,0.03734091398384547,3.2528487311049084,-0.5649562961384255
25.025,0.5482442222892708,-2.8999379914766115,0.06681389053330798,3.8272314232241933,-0.5649562961383656
25.03333333333333,0.5221320831949562,-3.3702777521748986,0.10123527632021553,4.439882532634702,-0.5649562961385642
25.041666666666668,0.4920286604060486,-3.8561889355610974,0.140892723949509,5.080984461353352,-0.5649562961384423
25.05,0.4578639329005693,-4.340880279810803,0.18591896154312837,5.72123062544976,-0.5649562961384778
25.058333333333334,0.4197791867694368,-4.789348489105633,0.23607865392207866,6.299722842392684,-0.5649562961375135
25.066666666666666,0.3782950903663306,-5.146240587957826,0.2904767680370817,6.720211815864494,-0.5649562961381549
25.075,0.33443311580334145,-5.351313241678383,0.34734646391164237,6.877615719019925,-0.5649562961385377
25.083333333333332,0.2896182296947227,-5.374130135005666,0.40421318916379567,6.717798715224544,-0.5649562961398275
25.091666666666665,0.2453131427394038,-5.236577046637992,0.4585224728573425,6.276670768681046,-0.5649562961387444
25.1,0.2026305294059155,-4.995026454747854,0.5083094031914018,5.650001079192808,-0.5649562961383922
25.108333333333334,0.16219403911103697,-4.7054975155771075,0.5524437769581462,4.933827911081275,-0.5649562961383524
25.116666666666667,0.1242329689211316,-4.405474757363529,0.5904750227191206,4.19325331838512,-0.5649562961384981
25.125,0.08874435989327549,-4.114095004854143,0.6223608196145177,3.46263910591747,-0.5649562961386001
25.133333333333333,0.05562028608689953,-3.8385059911224255,0.6482541931062767,2.7563538205421185,-0.5649562961384582
25.141666666666666,0.02472315054206463,-3.579421561024798,0.6683784834165274,2.078151706326401,-0.5649562961385156
25.15,-0.004076242551030089,-3.334519925066182,0.6829650158428395,1.4268764532429237,-0.5649562961385302
25.15833333333333,-0.030881688893819988,-3.100229696746922,0.6922259660423087,0.79942024211011,-0.5649562961385145
25.166666666666668,-0.05576520723033998,-2.87258911042474,0.6963446299649387,0.19210496735649593,-0.5649562961385203
25.175,-0.07876559972011558,-2.6476267134933624,0.6954734147759383,-0.39875258504863065,-0.5649562961385222
25.183333333333334,-0.09988908913577696,-2.421507380582671,0.6897346651039739,-0.9766773672109671,-0.5649562961385196
25.191666666666666,-0.1191106468948391,-2.1905658142381665,0.6792219463925668,-1.5450662383240992,-0.5649562961385202
25.2,-0.13637534711692945,-1.9512856263601066,0.6640006420127079,-2.10731141237186,-0.5649562961385216
25.208333333333332,-0.15159941741063668,-1.7002502403163386,0.6441073062098903,-2.666970550954626,-0.5649562961385198
25.216666666666665,-0.16467080545980664,-1.434077012872917,0.6195474842836503,-3.227962151525199,-0.5649562961385195
25.225,-0.1754491483610347,-1.1493407528861905,0.5902918405767608,-3.7947745228365872,-0.5649562961385216
25.233333333333334,-0.18376508690408644,-0.8424949948947859,0.5562705327651576,-4.372674537996487,-0.5649562961385203
25.241666666666667,-0.18941897748113373,-0.5098112839016282,0.5173659453238647,-4.967884742472441,-0.5649562961385202
25.25,-0.19217933180108093,-0.1473871521332904,0.4734043267359908,-5.5876494627821325,-0.5649562961385144
25.258333333333333,-0.19178199007039676,0.24865633490198585,0.4241479467351086,-6.239996163492374,-0.5649562961385594
25.266666666666666,-0.18793260560268354,0.6815110979198411,0.3692919431467456,-6.932739013748948,-0.5649562961385386
25.275,-0.18031851768192678,1.1519524364775875,0.30847582764250425,-7.670721610950658,-0.564956296138381
25.28333333333333,-0.1686433161811999,1.6543667062989589,0.24133181827362626,-8.44929663160953,-0.5649562961388719
25.291666666666668,-0.15270991475770412,2.1687853790061395,0.1676137192929006,-9.240986082384422,-0.5649562961385285
25.3,-0.13258958715405203,2.64855979516238,0.08747123595654484,-9.97442515975765,-0.564956296139291
25.308333333333334,-0.10888769980130694,3.0123116913428376,0.0018926356705015954,-10.519726279815483,-0.5649562961371982
25.316666666666666,-0.08297356782476335,3.1656942730000632,-0.08690044824493448,-10.723272117390778,-0.5649562961386011
25.325,-0.05684389885382694,3.0641243627208254,-0.17565973781035313,-10.511701369117873,-0.5649562961419549
25.333333333333332,-0.03249169964160135,2.7529861637060757,-0.261140559893488,-9.959120907057303,-0.5649562961381223
25.341666666666665,-0.01127863041433593,2.3267560057527983,-0.341127545153562,-9.219044332763804,-0.5649562961387122
25.35,0.006196879095164557,1.8666087460089813,-0.4146363910505502,-8.421076642588542,-0.564956296138224
25.358333333333334,0.019869033903829,1.4190801922627034,-0.48152080006915904,-7.636770335021965,-0.5649562961388213
25.366666666666667,0.029940031978675074,1.0041496153820977,-0.542033840358393,-6.894205807560986,-0.5649562961387211
25.375,0.036711666251124805,0.6274711068768559,-0.5965560192323718,-6.198796076611232,-0.5649562961386455
25.383333333333333,0.04050223574260926,0.2882861125249612,-0.6454670233067216,-5.546468801831213,-0.5649562961387096
25.391666666666666,0.041611736585108354,-0.016609668690375307,-0.6890971335867024,-4.930126936314868,-0.5649562961387024
25.4,0.040309810842073794,-0.29111908493903693,-0.7277152049198038,-4.342395776311982,-0.5649562961387027
25.40833333333333,0.03683326658851698,-0.5391554480981412,-0.7615313141370162,-3.776628804912448,-0.5649562961387029
25.416666666666668,0.031387118453954095,-0.7644200322706033,-0.7907042125055991,-3.22716339936953,-0.5649562961387016
25.425,0.02414656289802136,-0.9703709050160405,-0.8153494586677983,-2.6892759369357377,-0.5649562961387036
25.433333333333334,0.015258865432862482,-1.1602626594142234,-0.8355466470145952,-2.1590294569489656,-0.5649562961387026
25.441666666666666,0.004844810825732182,-1.337206471078363,-0.8513452156787406,-1.6330929370203173,-0.5649562961387018
25.45,-0.0070003573818575434,-1.504230767486417,-0.862768743602446,-1.1085621407628687,-0.564956296138703
25.458333333333332,-0.02020648057801361,-1.6643360524336654,-0.869817798270983,-0.5827916478811254,-0.5649562961387019
25.466666666666665,-0.034728456235045835,-1.8205426588073637,-0.8724714383035154,-0.05324006030248272,-0.5649562961387019
25.475,-0.050546577812617906,-1.9759314639683687,-0.8706874821755626,0.4826711762919522,-0.5649562961387031
25.483333333333334,-0.06766718112283479,-2.133676261507965,-0.8644016651828927,1.02768255173575,-0.564956296138701
25.491666666666667,-0.08612350885381223,-2.297062272889247,-0.8535258544647278,1.5847952857616308,-0.5649562961387016
25.5,-0.10597662603926213,-2.4694763201326824,-0.8379456250254732,2.1573200341164362,-0.5649562961387117
25.508333333333333,-0.1273160319962582,-2.6543361300766803,-0.8175178096487425,2.748821761957622,-0.5649562961386935
25.516666666666666,-0.15025921081668814,-2.8548904806168682,-0.7920693031853602,3.362847547605074,-0.5649562961386965
25.525,-0.1749485362806001,-3.0737529144535167,-0.7613997769298094,4.002208086876232,-0.5649562961387897
25.53333333333333,-0.20154233010561384,-3.3119070128517434,-0.7252936704096123,4.66737199251335,-0.5649562961386387
25.541666666666668,-0.2301939307189317,-3.5667302330984643,-0.683551799805294,5.353204392154519,-0.5649562961386745
25.55,-0.26100807783208635,-3.8284251645773844,-0.6360606852221569,6.043001462246895,-0.5649562961388158
25.558333333333334,-0.2939597249244255,-4.0746406623889095,-0.5829249978267899,6.699417243744762,-0.5649562961388189
25.566666666666666,-0.32876635878933047,-4.265421610270819,-0.524678796430699,7.2558549177183185,-0.5649562961388689
25.575,-0.3647438411422334,-4.34608733784417,-0.46252557607423134,7.621187318203473,-0.5649562961374436
25.583333333333332,-0.4007562384056805,-4.267922815013498,-0.3984205513530283,7.714631666317034,-0.5649562961385474
25.591666666666665,-0.4353976298202566,-4.019311020322308,-0.3347614239071813,7.5182926667380015,-0.5649562961385689
25.6,-0.46736624759999623,-3.635174159037146,-0.2737557497064907,7.092744793482672,-0.5649562961395639
25.608333333333334,-0.4957661891928895,-3.1723261928461906,-0.21691513097497203,6.534769178341384,-0.5649562961387682
25.616666666666667,-0.5201583775098514,-2.6800073861326212,-0.16497713158828498,5.927303994508484,-0.5649562961388035
25.625,-0.5404373988343469,-2.1887430654664994,-0.11812134043737754,5.320859162797467,-0.5649562961386398
25.633333333333333,-0.5566819812537208,-1.713204032949379,-0.07622710766341223,4.738733691179442,-0.5649562961388067
25.641666666666666,-0.5690488387559024,-1.2584036195084871,-0.03905517342388997,4.187763719085143,-0.5649562961387863
25.65,-0.5777134301407367,-0.824435512237822,-0.0063482878576808476,3.6664749343078773,-0.5649562961387669
25.65833333333333,-0.5828415519045855,-0.4092065179597284,0.02212113869094783,3.1697712289891733,-0.5649562961387828
25.666666666666668,-0.5845775102623545,-0.009801477108771627,0.04653183898095773,2.6912808467770413,-0.5649562961387816
25.675,-0.583040165227921,0.37691074296197874,0.06700807932132175,2.22441132673731,-0.5649562961387806
25.683333333333334,-0.5783222377404282,0.7540547989537253,0.08361981692840474,1.7627558515758326,-0.5649562961387817
25.691666666666666,-0.5704906095201394,1.1247099545925487,0.09638479388524829,1.3001907443185436,-0.5649562961387816
25.7,-0.5595865538362514,1.4919540602359262,0.10527078210347321,0.830833478117518,-0.5649562961387807
25.708333333333332,-0.5456254421493457,1.8589391781689297,0.11019721010884187,0.34894655659272883,-0.5649562961387812
25.716666666666665,-0.5285957992525624,2.228967712272631,0.1110359466938783,-0.1511610331848861,-0.5649562961387813
25.724999999999998,-0.5084578243636871,2.6055384487191895,0.10761142572157693,-0.6751831742921812,-0.5649562961387883
25.733333333333334,-0.48514181405317,2.9923129286637833,0.09970083899665745,-1.2287317437033216,-0.5649562961387745
25.741666666666667,-0.4585475113781523,3.3929041572362544,0.0870361368369844,-1.8169486396422507,-0.5649562961387755
25.75,-0.42854659236096276,3.8102896936932313,0.06931162058935168,-2.4434738560785187,-0.5649562961388848
25.758333333333333,-0.39499284596234197,4.24546805490276,0.04620494451428488,-3.108114871751148,-0.5649562961387117
25.766666666666666,-0.3577488568911117,4.694711262849521,0.017426641644904473,-3.8021085047370873,-0.56495629613875
25.775,-0.31674420857165114,5.144641190588115,-0.017176101790447894,-4.499660043336152,-0.5649562961387726
25.78333333333333,-0.2720838988711101,5.56535918900639,-0.05742956118903453,-5.14618780569105,-0.5649562961390853
25.791666666666668,-0.22420897105342102,5.906132547185585,-0.10255474855885743,-5.651091205636352,-0.5649562961390264
25.8,-0.17404373347609636,6.105234481560334,-0.15091421850731454,-5.9050970885700504,-0.5649562961380638
25.808333333333334,-0.12296883424557731,6.121239713426022,-0.20006305583817824,-5.834766058114528,-0.5649562961382981
25.816666666666666,-0.0725118594276736,5.962834781675044,-0.24729154407497014,-5.454407074613204,-0.5649562961386602
25.825,-0.02393056027947092,5.681395929483858,-0.29035603571651103,-4.853460549063795,-0.5649562961393955
25.833333333333332,0.02200299369232278,5.336290840986657,-0.32786310570313076,-4.136442058801075,-0.5649562961389804
25.841666666666665,0.06495242014607443,4.970621381672953,-0.359192422581646,-3.3806920157324845,-0.5649562961389321
25.849999999999998,0.10485560220575131,4.607701754548391,-0.384223943648935,-2.6299023026447945,-0.5649562961387251
25.858333333333334,0.14178186180720034,4.256922937097767,-0.40309427054479635,-1.9039363463593382,-0.5649562961389328
25.866666666666667,0.17584298058179915,3.919946871221887,-0.4160438618387561,-1.2093183656786077,-0.5649562961389049
25.875,0.20714712265468466,3.5947369602111925,-0.423336921376764,-0.546056505544627,-0.5649562961388792
25.883333333333333,0.2357780947945292,3.2777330315225655,-0.4252240793595372,0.08869942477218741,-0.5649562961389016
25.891666666666666,0.26178761094377145,2.964907719480048,-0.4219268011336154,0.6989128874632349,-0.5649562961388994
25.9,0.2851936213208069,2.652231796664034,-0.41363165303452115,1.288926513347289,-0.5649562961388971
25.90833333333333,0.30598114741368104,2.3358450410180818,-0.40048834634754765,1.8632294907222358,-0.5649562961388988
25.916666666666668,0.3241038738930733,2.012084323274639,-0.38260859809947706,2.4264640774121493,-0.5649562961388991
25.925,0.33948565697504035,1.677444116316216,-0.36006442450218945,2.9835401318404555,-0.564956296138898
25.933333333333334,0.3520215662257572,1.32850910885068,-0.33288528104465437,3.5397886227244637,-0.5649562961388983
25.941666666666666,0.36157834814343837,0.9618877341997543,-0.3010539290434212,4.101105713087292,-0.564956296138899
25.95,0.36799446223267734,0.5741841686171519,-0.26450133909079393,4.674026775830498,-0.5649562961389037
25.958333333333332,0.37108027272093513,0.16208033995627066,-0.22310163810321254,5.265614880307652,-0.5649562961388931
25.966666666666665,0.3706198604591164,-0.2773221520157018,-0.17666954188512954,5.8829177710661895,-0.5649562961388924
25.974999999999998,0.3663777624752749,-0.7455900287702497,-0.1249657697408689,6.531475295148062,-0.5649562961390225
25.983333333333334,0.3581176356363737,-1.2408772504139483,-0.06772215506071824,7.211860456427233,-0.5649562961388189
25.991666666666667,0.34564640675234576,-1.7537037805670574,-0.004709418594533163,7.912574459421634,-0.5649562961388674
26.0,0.3289058723456532,-2.25974163321056,0.06411462756195199,8.597740626230259,-0.5649562961385863
26.008333333333333,0.30813247844104746,-2.711481717563684,0.13833937871027618,9.192549166636667,-0.5649562961394644
26.016666666666666,0.28405962153036707,-3.0390063766069897,0.2167577483583639,9.583557470856777,-0.5649562961391533
26.025,0.2580149264061746,-3.176593217136826,0.29719003589051596,9.662369498794478,-0.5649562961397302
26.03333333333333,0.23169682779873996,-3.107581239680613,0.3768405437970114,9.400657127624914,-0.5649562961382482
26.041666666666668,0.20667001932363507,-2.878131164110625,0.45312649636925345,8.873559458045452,-0.5649562961388856
26.05,0.18396939159639233,-2.5612066087988734,0.5243283735895045,8.19975593274179,-0.5649562961389448
26.058333333333334,0.1640563613295693,-2.2170684867198585,0.5896544778503426,7.476007430076578,-0.564956296139147
26.066666666666666,0.14699329974772332,-1.8812695325809576,0.6489471395168578,6.757921460363927,-0.564956296139049
26.075,0.1326322849697306,-1.5701668990177386,0.7023711588941679,6.069752113607073,-0.5649562961389055
26.083333333333332,0.12073991706329515,-1.2891121764599287,0.7502123291046315,5.418286662213157,-0.5649562961390403
26.091666666666665,0.11106346854940452,-1.0380872118175712,0.7927745418191197,4.80222574975496,-0.5649562961390229
26.099999999999998,0.10336145639056157,-0.8147598653249527,0.8303355995556061,4.217167018497672,-0.5649562961390123
26.108333333333334,0.09741599739593784,-0.615958182992805,0.8631323810495166,3.6579375538329666,-0.5649562961390218
26.116666666666667,0.09303669579637056,-0.4383243614748623,0.8913591285414926,3.119572531423198,-0.5649562961390201
26.125,0.09006092611180981,-0.2785755317029544,0.9151708907403994,2.5976564614960664,-0.5649562961390205
26.133333333333333,0.08835278880102294,-0.13358551329832064,0.9346884643481107,2.0883808852108148,-0.5649562961390207
26.141666666666666,0.08780175254948314,-0.00038945125104788113,0.9500032497108915,1.5884840192371874,-0.5649562961390201
26.15,0.0883214051330275,0.12384185334713052,0.96118138887532,1.0951467549438243,-0.5649562961390204
26.15833333333333,0.08984846758769077,0.2418373440868341,0.9682669741598781,0.6058767883408784,-0.5649562961390202
26.166666666666668,0.09234211264490921,0.3562625549410023,0.9712842880570924,0.11839310187070774,-0.56495629613902
26.175,0.09578358589993262,0.4697552457107877,0.9702390957109255,-0.3694857282308269,-0.5649562961390203
26.183333333333334,0.10017611763385578,0.58495958091829,0.9651190225703689,-0.8599495721442717,-0.56495629613902
26.191666666666666,0.10554511502581654,0.7045593176968084,0.9558930426501531,-1.3553023561460034,-0.5649562961390201
26.2,0.11193862721240587,0.8313099982481235,0.9425100944528771,-1.8580657422338145,-0.5649562961390203
26.208333333333332,0.11942806914239908,0.9680683109528616,0.9248968473182877,-2.371078573423417,-0.5649562961390193
26.216666666666665,0.1281091597656759,1.1178126376139979,0.9029546836788139,-2.8975833014316743,-0.5649562961390199
26.224999999999998,0.13810294838710618,1.2836401139095688,0.8765560865686753,-3.4412767350993705,-0.5649562961390269
26.233333333333334,0.14955661503373072,1.4687076399150525,0.8455409171836319,-4.006273330219214,-0.5649562961390133
26.241666666666667,0.16264332532302173,1.67604789444316,0.8097137197416139,-4.596869089016231,-0.5649562961390155
26.25,0.17755957806700617,1.9081191795048515,0.7688445711636973,-5.216873115909137,-0.5649562961390995
26.258333333333333,0.1945167976967062,2.1658124427502057,0.722678797260193,-5.868043974545596,-0.5649562961389601
26.266666666666666,0.21372075558394255,2.4464182756879267,0.6709662158281957,-6.546787854069814,-0.5649562961389911
26.275,0.23532723871123687,2.7398322715504833,0.6135294009626485,-7.237873096814969,-0.5649562961391822
26.28333333333333,0.25935687605376734,3.022578467956472,0.5504001766653901,-7.904374519078591,-0.5649562961391182
26.291666666666668,0.2855563793798989,3.2516711544665804,0.4820471185753084,-8.477120213917193,-0.5649562961391911
26.3,0.3132342055683562,3.366653206659182,0.40964921007683014,-8.857603111291601,-0.5649562961376271
26.308333333333334,0.34119174814520353,3.311912993268063,0.3352137993457455,-8.954889114179988,-0.5649562961388648
26.316666666666666,0.36791425258673827,3.07246849673153,0.2612624671206999,-8.745308891342724,-0.5649562961388827
26.325,0.3919885367471532,2.6858930895536766,0.19013915806033135,-8.292091423590083,-0.5649562961399018
26.333333333333332,0.4124448585095575,2.2145822396189114,0.12344897778291648,-7.69846806011136,-0.5649562961391122
26.341666666666665,0.42881455857366924,1.712392691353533,0.06197486512037029,-7.051893826556542,-0.5649562961391383
26.349999999999998,0.44099264741542255,1.2124695327975892,0.005917453236005439,-6.404328825907583,-0.564956296138968
26.358333333333334,0.4490738509406595,0.7307402718428117,-0.0448266119072212,-5.778773249575738,-0.5649562961391361
26.366666666666667,0.45323822912084966,0.27281463384877086,-0.09047396007565955,-5.181227452221894,-0.5649562961391175
26.375,0.4536882086594524,-0.16090176428962438,-0.13125220080687827,-4.609425668534542,-0.5649562961391023
26.383333333333333,0.4506185318380019,-0.5723260372785377,-0.1673536070750626,-4.057713968712331,-0.5649562961391141
26.391666666666666,0.44420352742219266,-0.964287852283578,-0.19891803962052781,-3.5194233567207047,-0.5649562961391132
26.4,0.4345924446428676,-1.3399159193091839,-0.22602942233168077,-2.9879000966623046,-0.5649562961391132
26.40833333333333,0.4219080591961437,-1.7024181566230825,-0.24871772091499858,-2.4568770609148736,-0.5649562961391137
26.416666666666668,0.4062462490324891,-2.0550445221000286,-0.26696257326343015,-1.9205389883361892,-0.5649562961391132
26.425,0.38767550903424197,-2.4011266184172326,-0.28069683160407566,-1.3734560255108015,-0.5649562961391138
26.433333333333334,0.3662360189680401,-2.74413823127071,-0.28980933311612694,-0.8104765557177245,-0.5649562961391126
26.441666666666666,0.34193825368531033,-3.0877384421040195,-0.29414682845792484,-0.2266426973083851,-0.5649562961391125
26.45,0.31476145368643227,-3.4357528676943634,-0.29351555077288394,0.3827956894168112,-0.56495629613913
26.458333333333332,0.2846527578475215,-3.792016167146342,-0.2876837407987746,1.022135531133922,-0.5649562961390995
26.466666666666665,0.25152870990551573,-4.159925628634029,-0.27638801747002123,1.6944841019138244,-0.5649562961391026
26.474999999999998,0.21528262851860813,-4.541415805273607,-0.2593495482112046,2.4000328023061672,-0.5649562961392747
26.483333333333334,0.17580462295107918,-4.93484220586434,-0.23631162050973534,3.1324648210151858,-0.564956296139021
26.491666666666667,0.13302625269384594,-5.331063400093389,-0.20711911667982857,3.872288497388983,-0.5649562961390938
26.5,0.08700686247015228,-5.707425247861255,-0.1718688607030887,4.576620189444866,-0.5649562961386267
26.508333333333333,0.03807233583221516,-6.022017240881622,-0.13114858932980147,5.169557409749977,-0.5649562961396464
26.516666666666666,-0.013026851628927052,-6.216800093539383,-0.08630619952670147,5.548020139879892,-0.5649562961393222
26.525,-0.0650618203853409,-6.2405447376403185,-0.03953486971028886,5.621887653200804,-0.5649562961398499
26.53333333333333,-0.1165257710152694,-6.082450737100072,0.006484971330051733,5.372446937767261,-0.5649562961384289
26.541666666666668,-0.16603506506510696,-5.780730981554899,0.04929190190174248,4.867230571639994,-0.5649562961395773
26.55,-0.21263907808845955,-5.395002999729258,0.08719055216247393,4.211948316864589,-0.5649562961392578
26.558333333333334,-0.25586018125502963,-4.975578293818559,0.11932845373008415,3.4968956365246915,-0.5649562961393836
26.566666666666666,-0.29555771136475734,-4.55283958562,0.14546449306278744,2.778129043114717,-0.5649562961391466
26.575,-0.33177144169039735,-4.140799079501555,0.16569864277691082,2.083296309337813,-0.5649562961391675
26.583333333333332,-0.3646128430864006,-3.7436557620913935,0.18028222679575265,1.4227875267091625,-0.564956296139259
26.591666666666665,-0.39420522785970613,-3.360674927129789,0.1895115644931614,0.7980769114380741,-0.5649562961392166
26.599999999999998,-0.42065550477887675,-2.9889809057213665,0.19367571169920478,0.20650657524127383,-0.5649562961392209
26.608333333333334,-0.4440428871481309,-2.6249565606085685,0.19303325426110748,-0.35631407389567965,-0.564956296139227
26.616666666666667,-0.46441571782644653,-2.2648746464911063,0.18780302325107445,-0.8954246212447937,-0.5649562961392253
26.625,-0.4817917449248738,-1.9051401958511403,0.17816074494106582,-1.4160945741293312,-0.5649562961392257
26.633333333333333,-0.4961595379874171,-1.542345139071198,0.16423769079546466,-1.9237222365936806,-0.5649562961392249
26.641666666666666,-0.5074799531220738,-1.1732372980896693,0.14611949454559678,-2.423875290794313,-0.5649562961392257
26.65,-0.5156871806942883,-0.7946581170296031,0.12384437995224713,-2.9223799260191083,-0.5649562961392257
26.65833333333333,-0.5206892748177128,-0.4034866278499184,0.09740066350181147,-3.4253957002953634,-0.5649562961392238
26.666666666666668,-0.5223683850969594,0.0033670846494232957,0.06672392829249854,-3.939404988777294,-0.5649562961392284
26.675,-0.5205813803055196,0.42884453646236137,0.03169503804392899,-4.470994077827128,-0.5649562961392367
26.683333333333334,-0.5151624325692149,0.8753526790364456,-0.007858376626425079,-5.0261831688246605,-0.5649562961391947
26.691666666666666,-0.5059308458598143,1.343829203109266,-0.05215143469220902,-5.6088309987395375,-0.5649562961392682
26.7,-0.4927105882657974,1.831765315660667,-0.10141158002117538,-6.217266615360358,-0.5649562961393116
26.708333333333332,-0.4753730237384025,2.3294992323928807,-0.15580856523325737,-6.8379508285165205,-0.564956296139152
26.716666666666665,-0.45391922332412676,2.8144870632159344,-0.21531648143060358,-7.435597730405319,-0.5649562961390681
26.724999999999998,-0.4286123371508003,3.245796475062584,-0.2794887297285017,-7.943465846583567,-0.5649562961385954
26.733333333333334,-0.4001289185385888,3.5669730615021322,-0.34719678593588116,-8.26763073848502,-0.5649562961400091
26.741666666666667,-0.3696124398663063,3.727651690675752,-0.4165298231060529,-8.323087855208442,-0.5649562961395121
26.75,-0.3384862159439592,3.7155359833069332,-0.48509938896665217,-8.087871264170564,-0.5649562961400753
26.758333333333333,-0.30807227034836904,3.5653995894925683,-0.5506743472568426,-7.618681777728452,-0.56495629613877
26.766666666666666,-0.2792878268431475,3.3339521060293804,-0.6116883224027986,-7.008854721204484,-0.5649562961393233
26.775,-0.25259292226356506,3.0706970793187915,-0.6673264934297066,-6.339572062577593,-0.5649562961392202
26.78333333333333,-0.2281094089942926,2.806961408679163,-0.7173265436032709,-5.661747156363037,-0.5649562961394391
26.791666666666668,-0.20576702728998056,2.558461671260644,-0.7617366992121775,-5.000601060404957,-0.5649562961392652
26.8,-0.18540904415168769,2.331158155400774,-0.8007432244942837,-4.365596838594179,-0.5649562961392817
26.808333333333334,-0.1668531515808938,2.1258235390799096,-0.834573343153863,-3.7580911224867717,-0.5649562961393308
26.816666666666666,-0.149922263169303,1.9407565123153443,-0.8634482747161858,-3.175817349516676,-0.5649562961393061
26.825,-0.13445853132879906,1.7732029768843174,-0.8875637734807172,-2.615188697948928,-0.5649562961393088
26.833333333333332,-0.12032888977015774,1.6200448911936631,-0.9070842238453883,-2.0723777439872286,-0.5649562961393132
26.841666666666665,-0.10742661416889379,1.4781102812803733,-0.9221428195008322,-1.5437694082408768,-0.564956296139311
26.849999999999998,-0.09567116965750619,1.3442968699779165,-0.9328440887760151,-1.0261083427928421,-0.5649562961393113
26.858333333333334,-0.08500744263665903,1.2156073887921786,-0.9392669724347755,-0.5165024127174206,-0.5649562961393118
26.866666666666667,-0.07540486839843596,1.0891446394998279,-0.9414676203286589,-0.012360381430725202,-0.5649562961393113
26.875,-0.06685668342760936,0.96208896132159,-0.9394815292880092,0.4887000056469749,-0.5649562961393111
26.883333333333333,-0.05937940148676525,0.8316680562549185,-0.9333248501787138,0.9889579623667248,-0.5649562961393115
26.891666666666666,-0.05301255893963599,0.6951228357476035,-0.9229947751049081,1.4907040618122305,-0.5649562961393112
26.9,-0.04781875839357465,0.5496699465607665,-0.9084689399611036,1.9963622261382894,-0.5649562961393106
26.90833333333333,-0.043884040047105284,0.3924604983087965,-0.8897037757277128,2.508620225045679,-0.5649562961393116
26.916666666666668,-0.041318613723967654,0.22053486843794823,-0.8666317344501167,3.0305691658373677,-0.5649562961393111
26.925,-0.040257977613302326,0.03077581028598242,-0.8391573234054376,3.5658490198971737,-0.5649562961393103
26.933333333333334,-0.04086440933982945,-0.1801317898435826,-0.8071519386288324,4.118787913283105,-0.56495629613931
26.941666666666666,-0.043328694571958225,-0.4157120648269004,-0.7704476707444827,4.694500757942992,-0.5649562961393149
26.95,-0.047871657710478084,-0.6796264184772787,-0.728830725388765,5.298862216640182,-0.5649562961393225
26.958333333333332,-0.05474436183318747,-0.9753966177745789,-0.6820362173317157,5.938156306919051,-0.5649562961392701
26.966666666666665,-0.06422429508032675,-1.3056555487316324,-0.6297486317985741,6.617962241345384,-0.5649562961393745
26.974999999999998,-0.07660156600764421,-1.6703725037432677,-0.5716177290540685,7.340349384791056,-0.5649562961394555
26.983333333333334,-0.09214267983670103,-2.0630329200428306,-0.5073105793453895,8.097642338466267,-0.5649562961390373
26.991666666666667,-0.11100915326634724,-2.463414693069742,-0.436638219857564,8.860375707142182,-0.5649562961393046
27.0,-0.13310088433632236,-2.8271693272134786,-0.3598091011481376,9.559559882920382,-0.5649562961385002
27.008333333333333,-0.15782266815711302,-3.080276947136421,-0.27781593841423474,10.076531858753127,-0.564956296141091
27.016666666666666,-0.18389553535489536,-3.139325392492365,-0.19275668622304387,10.275666912711813,-0.564956296139389
27.025,-0.20948762161048876,-2.9647641018874653,-0.1076299054666167,10.092642517851168,-0.5649562961407657
27.03333333333333,-0.23276151777178203,-2.5949425031261173,-0.025438019445083233,9.591019346994443,-0.5649562961384528
27.041666666666668,-0.2524267460114192,-2.1130692266500475,0.05171560112627306,8.90678652428731,-0.5649562961394414
27.05,-0.26787750785836645,-1.5934352400637408,0.1228370777021528,8.159004725252066,-0.5649562961392739
27.058333333333334,-0.2790048344371768,-1.0804816409745457,0.18771633605667223,7.416103078031817,-0.5649562961396251
27.066666666666666,-0.28596116752998446,-0.5943150663515608,0.24653239764444826,6.706192059503883,-0.5649562961394123
27.075,-0.2890027352516243,-0.14130279037611648,0.2995953753055454,6.0352823036232035,-0.5649562961394348
27.083333333333332,-0.28840838751504366,0.27860546176131873,0.34721866449674715,5.399634840117776,-0.5649562961394686
27.091666666666665,-0.28444399846473767,0.6680508650019694,0.38966744825511307,4.792111721856053,-0.5649562961394585
27.099999999999998,-0.2773491242095977,1.0305294365371922,0.42714383254155264,4.20499877669084,-0.564956296139461
27.108333333333334,-0.2673332569354347,1.3696954467469105,0.4597873817533675,3.6310980714396752,-0.5649562961394594
27.116666666666667,-0.2545756456022698,1.6891378928017071,0.4876810691393242,3.064041675490526,-0.5649562961394602
27.125,-0.2392260164150662,1.992358445401526,0.5108582630079775,2.4982748069583933,-0.5649562961394612
27.133333333333333,-0.22140509730625516,2.2828273051499712,0.529308939136699,1.9289081010691793,-0.5649562961394592
27.141666666666666,-0.20120455676626367,2.564061995589781,0.5429844413302488,1.3515262166860245,-0.5649562961394604
27.15,-0.1786862845360126,2.839703468350263,0.5518006144476109,0.7619936077487656,-0.5649562961394614
27.15833333333333,-0.1538811068847058,3.113572938570418,0.5556394039707444,0.15628557815352767,-0.5649562961394562
27.166666666666668,-0.12678717799468248,3.389688099041794,0.5543492767982388,-0.4696173051719421,-0.564956296139465
27.175,-0.09736853870850415,3.672196964520816,0.5477452624142543,-1.1196975793621764,-0.5649562961394738
27.183333333333334,-0.06555485046872318,3.9651414565663288,0.5356103182462767,-1.7975792461982416,-0.564956296139421
27.191666666666666,-0.031244388963725694,4.271870057448282,0.5177015818528214,-2.505605585185848,-0.5649562961395111
27.2,0.005685468537370617,4.593749068697992,0.4937687542382367,-3.242717438285256,-0.5649562961395657
27.208333333333332,0.04535209167945769,4.927569013035254,0.4635985755240173,-4.000103432936337,-0.564956296139268
27.216666666666665,0.0878117094027247,5.260889850296156,0.4271093983588002,-4.753337324158114,-0.5649562961394787
27.224999999999998,0.13295556049114018,5.565383199874299,0.38452685591489927,-5.4511220490230965,-0.5649562961389982
27.233333333333334,0.18035344438550727,5.792080261422581,0.33664811309041504,-6.007373690381012,-0.5649562961407006
27.241666666666667,0.2291021000014905,5.879612797208487,0.28509547788113837,-6.315689431105313,-0.5649562961390793
27.25,0.2778343038166409,5.784428110019534,0.23229131660379823,-6.301538623751495,-0.5649562961402033
27.258333333333333,0.3250148455760221,5.5129386799820566,0.180938686468266,-5.9775087286658595,-0.5649562961383988
27.266666666666666,0.3693707611754009,5.117217828945428,0.13327305033932452,-5.435483166064741,-0.5649562961397873
27.275,0.41013150991917036,4.659532481845441,0.09064516811646196,-4.7850892494278705,-0.5649562961395114
27.28333333333333,0.44698655203244164,4.185599398151824,0.053594045009819166,-4.107321755359737,-0.5649562961397279
27.291666666666668,0.47991640486247855,3.720142947943651,0.022139697308894826,-3.446739204382485,-0.5649562961395005
27.3,0.5090408498054528,3.2731187008509415,-0.0039527779590264244,-2.8221225840196418,-0.5649562961395217
27.308333333333334,0.5345251944070513,2.8464306524425194,-0.025008831636922524,-2.23802977087728,-0.5649562961395898
27.316666666666666,0.5565329220831814,2.438261357496881,-0.04135997091629868,-1.6922622549224422,-0.5649562961395603
27.325,0.5752053062664334,2.0453540436386066,-0.05330584040079348,-1.179816949078057,-0.5649562961395637
27.333333333333332,0.5906544556915713,1.6640777534569295,-0.06109964252569827,-0.6947483065363986,-0.5649562961395671
27.341666666666665,0.6029623115940658,1.290863900346211,-0.0649440543079459,-0.23095114999029756,-0.5649562961395662
27.349999999999998,0.6121818632691994,0.9223399345850616,-0.06499123198001679,0.21757604906505618,-0.5649562961395665
27.358333333333334,0.6183388200098354,0.5553235988853655,-0.061343884395337715,0.6567063146648097,-0.564956296139566
27.366666666666667,0.6214329456393844,0.18675649632499405,-0.054056061039448954,1.0922624069032802,-0.5649562961395663
27.375,0.6214387281477566,-0.18638449292398346,-0.04313310103060103,1.5301321748780474,-0.5649562961395665
27.383333333333333,0.6183052999982517,-0.5671750691055145,-0.028530603810636764,1.9763822831854096,-0.5649562961395652
27.391666666666666,0.6119557063787925,-0.9588074990246133,-0.010152588227018061,2.4373314669454986,-0.5649562961395683
27.4,0.6022858662096823,-1.3645913917403065,0.012150577220552983,2.919517023165413,-0.5649562961395733
27.40833333333333,0.589164045563427,-1.7878113469908177,0.03858308679152949,3.429418916597728,-0.5649562961395463
27.416666666666668,0.5724326403090054,-2.2312773335295453,0.06940040286997282,3.9726614344402793,-0.5649562961395969
27.425,0.5519160283291148,-2.6962458007572456,0.10489534633977145,4.552140685066819,-0.56495629613964
27.433333333333334,0.5274419095098175,-3.1801439342280298,0.14536088294046298,5.164101432002885,-0.5649562961394328
27.441666666666666,0.49888925533395606,-3.672337185363301,0.1910070742381343,5.790847277588284,-0.5649562961395922
27.45,0.4662808939460038,-4.14777314683959,0.24180107416130744,6.38976708066808,-0.5649562961392609
27.458333333333332,0.4299292679144534,-4.56158521879017,0.29721500170197984,6.883923268728098,-0.5649562961405712
27.466666666666665,0.3905913697840517,-4.854450260823215,0.35595640213527663,7.171007839425792,-0.5649562961391532
27.474999999999998,0.3494948984024872,-4.978594393778091,0.4159178141116305,7.167794921271596,-0.5649562961401007
27.483333333333334,0.308099276647614,-4.930024178215041,0.47458101976721095,6.865584932583406,-0.5649562961385404
27.491666666666667,0.2676920671143324,-4.750827270998033,0.5297063985771804,6.334627361503254,-0.5649562961399437
27.5,0.22911914951199822,-4.499029467130335,0.5797972536709944,5.672948421344052,-0.5649562961396666
27.508333333333333,0.1927789560635936,-4.2210941739448575,0.6241149582499503,4.959522582452559,-0.5649562961398336
27.516666666666666,0.1587627505412927,-3.944400159540118,0.6624453742160592,4.241457906423099,-0.5649562961395806
27.525,0.12699990373415104,-3.6814800308949445,0.6948566235365728,3.541179173858801,-0.564956296139604
27.53333333333333,0.09735568470201449,-3.436081861514977,0.72153725283409,2.866674966434974,-0.5649562961397011
27.541666666666668,0.06968504897629552,-3.2074770786967854,0.7427086126561309,2.2187407528065304,-0.5649562961396499
27.55,0.04385869188076645,-2.9929032144866543,0.7585836907506359,1.595047211068131,-0.5649562961396547
27.558333333333334,0.019774218355543917,-2.788803250528865,0.7693505566616927,0.9921661207200219,-0.5649562961396652
27.566666666666666,-0.0026399821241857905,-2.59140831351261,0.7751675472732455,0.40648309727198007,-0.56495629613966
27.575,-0.023424171702754404,-2.396988483983246,0.7761634369333024,-0.16545323269911344,-0.5649562961396604
27.583333333333332,-0.042588037369561835,-2.2019424948685256,0.772439232259326,-0.7268574040753613,-0.5649562961396621
27.591666666666665,-0.060111852810535674,-2.0028107287175523,0.7640699624335896,-1.28076604551006,-0.5649562961396608
27.599999999999998,-0.07594757656351306,-1.796251217548212,0.7511056767030675,-1.8301618083465068,-0.56495629613966
27.608333333333334,-0.09001966124101081,-1.5789960673135273,0.7335712528162306,-2.3781315792450486,-0.5649562961396618
27.616666666666667,-0.10222544375822869,-1.3477951093749396,0.7114647928693865,-2.928045970241192,-0.564956296139661
27.625,-0.11243502239444879,-1.0993494410719167,0.6847544555215782,-3.4837543558436255,-0.5649562961396593
27.633333333333333,-0.12049054804137443,-0.830238164745424,0.6533736167754465,-4.049789571952295,-0.5649562961396618
27.641666666666666,-0.12620490694189196,-0.5368482816569387,0.6172143316737938,-4.631566917039298,-0.5649562961396617
27.65,-0.1293599187898818,-0.21533559443452108,0.5761192940100905,-5.235534602840269,-0.5649562961396635
27.65833333333333,-0.12970455785946797,0.1383133072458809,0.5298730893532333,-5.869165279682482,-0.5649562961396444
27.666666666666668,-0.12695463529193765,0.5279519685751716,0.47819502344914233,-6.540520607225752,-0.5649562961396957
27.675,-0.12079753007004175,0.9563016880672108,0.4207393218431306,-7.256768330282946,-0.5649562961397623
27.683333333333334,-0.11091027352713649,1.4225349332273662,0.357116360129479,-8.02030617552081,-0.5649562961393978
27.691666666666666,-0.09700868594159573,1.9169311261051507,0.28696452835516195,-8.819952451850993,-0.5649562961398612
27.7,-0.07895976832055543,2.41081987481602,0.21012755116675425,-9.614032802404136,-0.5649562961394623
27.708333333333332,-0.05699500283952075,2.8434304348243047,0.12700346440195415,-10.307721306638722,-0.564956296141423
27.716666666666665,-0.03200017305325606,3.1209615091955074,0.039030426307373925,-10.750041048775813,-0.5649562961385604
27.724999999999998,-0.0056580911749434335,3.156809776858929,-0.051060128537244856,-10.799581201862509,-0.564956296139115
27.733333333333334,0.01990156899579962,2.939684344343247,-0.13980509918587614,-10.437766816900375,-0.564956296139151
27.741666666666667,0.04283950631032686,2.544237101479092,-0.22421648452656204,-9.786631467897172,-0.5649562961406144
27.75,0.062084556726068885,2.068085490141029,-0.3025557435528778,-9.003962097970078,-0.5649562961400048
27.758333333333333,0.0772796122271932,1.5806529148908897,-0.374226586964641,-8.199153933829933,-0.5649562961399682
27.766666666666666,0.08849675016763711,1.1169753439277144,-0.4392950271589493,-7.424405631285665,-0.5649562961396426
27.775,0.09599907286280132,0.690113927012792,-0.49809770513519624,-6.6963063931010325,-0.5649562961398966
27.78333333333333,0.1001076440985093,0.3023547122215192,-0.55102991922086,-6.014742791786639,-0.5649562961398796
27.791666666666668,0.10114098740358458,-0.048488211152963645,-0.5984550583332245,-5.373329202454761,-0.564956296139863
27.8,0.09939175040857773,-0.36613109303427593,-0.6406749091053462,-4.7641532704471,-0.5649562961398736
27.808333333333334,0.09511982734627132,-0.6545995326836314,-0.6779260832589165,-4.179660764836263,-0.5649562961398716
27.816666666666666,0.0885519538207789,-0.9177891344955977,-0.7103860884128956,-3.6132637669489394,-0.5649562961398742
27.825,0.07988338275195006,-1.1593565364360556,-0.7381819296244925,-3.059419835857016,-0.5649562961398729
27.833333333333332,0.06927984342979905,-1.3827392197428379,-0.7613983883532791,-2.5135093914449613,-0.5649562961398717
27.841666666666665,0.056879120835152744,-1.5912180242226204,-0.7800849499532261,-1.9716477207787975,-0.5649562961398734
27.849999999999998,0.04279206695559182,-1.7879875624620496,-0.7942610945832248,-1.430485354794916,-0.5649562961398723
27.858333333333334,0.027103040669892817,-1.9762218379535998,-0.8039199494314012,-0.8870161117759103,-0.5649562961398719
27.866666666666667,0.009869835390313572,-2.159131282987552,-0.8090303965359856,-0.3383989411612626,-0.5649562961398733
27.875,-0.008876828455395691,-2.3400099280437408,-0.8095377634699947,0.21820345894731852,-0.5649562961398715
27.883333333333333,-0.029134154400455574,-2.52226985481438,-0.8053632575400076,0.7857632501858881,-0.5649562961398714
27.891666666666666,-0.050928328105713655,-2.709454228939026,-0.7964023891192862,1.3674875273332572,-0.5649562961398789
27.9,-0.07431552687357848,-2.905207371039961,-0.7825228385565807,1.9668429424983638,-0.5649562961398678
27.90833333333333,-0.09938234895581154,-3.1131542369178056,-0.7635626880717873,2.5874246779095014,-0.5649562961398654
27.916666666666668,-0.12624454299650836,-3.336590090266406,-0.7393309280979706,3.232503163938023,-0.5649562961399375
27.925,-0.15504172470442423,-3.577783350447853,-0.7096141538456449,3.9039167785266984,-0.5649562961398353
27.933333333333334,-0.18592348055138666,-3.836526898144437,-0.6741972293902142,4.5996934014718445,-0.5649562961398287
27.941666666666666,-0.21901831376053693,-4.107356929951021,-0.6329123918379087,5.309411928862364,-0.5649562961400809
27.95,-0.25437167780032155,-4.3748555145228005,-0.5857401793151289,6.006298135520494,-0.5649562961398633
27.958333333333332,-0.29183802906223444,-4.6076463377517465,-0.5329879792875061,6.6370612870130445,-0.5649562961400632
27.966666666666665,-0.33093186480201897,-4.75590525228958,-0.47553819577378403,7.1176425618531844,-0.5649562961382638
27.974999999999998,-0.3707089522820757,-4.763055288351444,-0.41504544150523504,7.3530420198169715,-0.5649562961399809
27.983333333333334,-0.4098270980192178,-4.5959487872041604,-0.3538289738312292,7.288563542782852,-0.5649562961396413
27.991666666666667,-0.4468622536472135,-4.269686554053917,-0.2943321851337893,6.951757185733233,-0.5649562961411998
28.0,-0.48069196064024444,-3.8367236513375373,-0.238471050205148,6.433347670926874,-0.564956296139882
28.008333333333333,-0.5106706708600001,-3.3538035418863714,-0.18734096287532315,5.830567318273128,-0.5649562961399821
28.016666666666666,-0.536562756567496,-2.860897364903593,-0.14133748147054295,5.211342877468369,-0.564956296139779
28.025,-0.5583847140275217,-2.379242208057166,-0.1004301831514519,4.611218126562617,-0.5649562961399819
28.03333333333333,-0.5762722417947322,-1.9173285172244818,-0.064392002905594,4.043778539538977,-0.5649562961399681
28.041666666666668,-0.5903997439478604,-1.4767548284443162,-0.03293780489900841,3.510752430196765,-0.5649562961399315
28.05,-0.6009397575710258,-1.055919600940534,-0.005794176144185165,3.0083636974254637,-0.5649562961399575
28.058333333333334,-0.6080452977870844,-0.6519559442669257,0.017270219011359153,2.5306644476285345,-0.5649562961399565
28.066666666666666,-0.6118435731767737,-0.2616310995298555,0.03643392279764367,2.0710970472353294,-0.5649562961399547
28.075,-0.6124347035053702,0.11829051532760651,0.051820737344955854,1.6231429280254936,-0.564956296139956
28.083333333333332,-0.6098922441212125,0.4909445756494057,0.06350111828040975,1.1805302966700806,-0.5649562961399559
28.091666666666665,-0.604263997908695,0.8593847386275294,0.07149433937408485,0.7372382871765973,-0.5649562961399553
28.099999999999998,-0.5955724281030573,1.2266527752136858,0.07577027016799763,0.2874129809025384,-0.5649562961399558
28.108333333333334,-0.5838143966680304,1.5958659508047142,0.07625030045226286,-0.17474610210502092,-0.5649562961399559
28.116666666666667,-0.5689601846784434,1.9702981448820505,0.07280733310190417,-0.6550896530280641,-0.564956296139958
28.125,-0.5509519549234704,2.353426685827698,0.06526511059181711,-1.15956472810836,-0.5649562961399539
28.133333333333333,-0.5297021311434899,2.7488937261768696,0.053397678049519684,-1.6941155274318083,-0.5649562961399517
28.141666666666666,-0.5050927916649496,3.160276929864616,0.03693085798925633,-2.2642576725246855,-0.5649562961400059
28.15,-0.4769784595309222,3.5904543572922423,0.015549822059057392,-2.873955932917361,-0.5649562961399286
28.15833333333333,-0.4451972239398993,4.040148655762802,-0.011078766548539402,-3.5230925831857984,-0.564956296139914
28.166666666666668,-0.40959974140307837,4.504952533961948,-0.043253646210799704,-4.2023290174390855,-0.5649562961401842
28.175,-0.37011223541379795,4.970044139080155,-0.08112723833655898,-4.884008499264386,-0.5649562961399585
28.183333333333334,-0.3268526719881409,5.40304423822469,-0.12450253502703132,-5.509900551975607,-0.5649562961401682
28.191666666666666,-0.28029839619163766,5.750353488795622,-0.17254205854707208,-5.985024598562865,-0.5649562961381198
28.2,-0.23142732300685473,5.949509678540247,-0.2235240630119483,-6.199220137542086,-0.5649562961400698
28.208333333333332,-0.18166115746132624,5.962973541718743,-0.27494290740641525,-6.08581279531157,-0.5649562961396748
28.216666666666665,-0.13252255668021423,5.805750413318197,-0.3241064162289963,-5.669698875336454,-0.5649562961415726
28.224999999999998,-0.08522028110094389,5.532784315950127,-0.3688606143457614,-5.045883054073353,-0.5649562961400163
28.233333333333334,-0.040465542233991784,5.202947528813092,-0.4079167868266697,-4.3173438285982915,-0.5649562961401132
28.241666666666667,0.001453017785090136,4.85713515438852,-0.44073117574790643,-3.5569947582899344,-0.5649562961398218
28.25,0.04050281182463863,4.516685137007235,-0.4672242838266556,-2.8046384770223525,-0.564956296140118
28.258333333333333,0.07676927076740425,4.1897470998557935,-0.4875467766898167,-2.0776787314177105,-0.5649562961400918
28.266666666666666,0.11037253182947769,3.877320586245292,-0.5019378160021416,-1.3813371456343728,-0.5649562961400311
28.275,0.14142513601419154,3.5770406613056847,-0.5106527328720365,-0.7150422335184605,-0.5649562961400767
28.28333333333333,0.17001330087881672,3.2851823835974763,-0.5139303472705657,-0.07577947618112633,-0.564956296140074
28.291666666666668,0.19619011278654436,2.997623179391711,-0.5119800280092737,0.5403399866110137,-0.5649562961400683
28.3,0.2199742227995586,2.710263107377247,-0.5049775197070232,1.1374382911007384,-0.5649562961400724
28.308333333333334,0.2413507969456266,2.419177534915131,-0.4930639797251136,1.7196866280940197,-0.5649562961400725
28.316666666666666,0.2602731343748378,2.1206403313455655,-0.476345528464976,2.2913391561038075,-0.5649562961400709
28.325,0.2766641864235961,1.8110843862855548,-0.45489204029763153,2.8568681091247763,-0.5649562961400716
28.333333333333332,0.29041760674862194,1.4870325335900876,-0.42873460143558867,3.4211415934431773,-0.5649562961400726
28.341666666666665,0.3013981758090528,1.1450197780578772,-0.3978614354808132,3.989608020301637,-0.5649562961400713
28.349999999999998,0.3094416209617509,0.7815312328285087,-0.36221239465695504,4.568447603870989,-0.5649562961400711
28.358333333333334,0.31435413321697697,0.39300238790141,-0.32167256159428026,5.16461676640348,-0.5649562961400705
28.366666666666667,0.3159124685790991,-0.024016598053326704,-0.27606644655131984,5.785621362270892,-0.5649562961401047
28.375,0.3138668076910427,-0.47231091347046766,-0.22515636318175278,6.438653865382744,-0.5649562961400517
28.383333333333333,0.3079512921481538,-0.9526024189528298,-0.1686531305743551,7.128318497490739,-0.5649562961400311
28.391666666666666,0.29791262161072174,-1.460425593309267,-0.1062564971426193,7.851449445694312,-0.5649562961403818
28.4,0.28357630256836536,-1.9799973812600147,-0.03775855951083814,8.586785632438975,-0.5649562961400326
28.40833333333333,0.26497897944805116,-2.4746767669678116,0.036740550669475125,9.278626793276716,-0.5649562961402677
28.416666666666668,0.24257947013063721,-2.8794417732927973,0.11648000569686676,9.823338320156408,-0.5649562961377523
28.425,0.2174665125313768,-3.1129952030719066,0.1996817678777967,10.088363614763711,-0.5649562961402659
28.433333333333334,0.1913242120139094,-3.123168242023013,0.2835905796300411,9.987450683936943,-0.5649562961397085
28.441666666666666,0.16598604001651085,-2.92928848331315,0.3652000001433606,9.55165416393734,-0.5649562961419973
28.45,0.14286380687317712,-2.6053692885935296,0.44218990122916085,8.901549205257975,-0.5649562961401868
28.458333333333332,0.1227085103501711,-2.22814858718446,0.5133123066748081,8.160903121958812,-0.5649562961402846
28.466666666666665,0.1057327935207307,-1.8483255135024312,0.5781794062966331,7.409618568365991,-0.5649562961399158
28.474999999999998,0.09183885703096643,-1.4911112468858287,0.6368839350107266,6.685586395806454,-0.5649562961402594
28.483333333333334,0.08079126625577547,-1.1659299687663056,0.6897173926647702,6.001330090939603,-0.5649562961402306
28.491666666666667,0.07231323013578875,-0.8742882808906256,0.7370179705297452,5.35719970237341,-0.5649562961401832
28.5,0.0661319339790488,-0.6142382367667499,0.7791031573691368,4.748708372412602,-0.5649562961402171
28.508333333333333,0.0619971244059243,-0.38254813311580904,0.8162458367887114,4.170005429649453,-0.5649562961402141
28.516666666666666,0.05968723957688569,-0.17566207859347702,0.8486699591443994,3.6153408416895245,-0.5649562961402135
28.525,0.05901025743330188,0.009917921718567263,0.8765539832842305,3.079589058734365,-0.5649562961402141
28.53333333333333,0.05980258764344892,0.17750908249126598,0.9000367214943104,2.5583601726339817,-0.5649562961402134
28.541666666666668,0.061927464100587755,0.3302346020040342,0.9192232976958777,2.047942114726365,-0.5649562961402143
28.55,0.06527343245166876,0.47105252612175136,0.9341903219873343,1.5451816688340045,-0.5649562961402138
28.558333333333334,0.06975314427039736,0.6027974839051927,0.9449899888769815,1.047349705228448,-0.5649562961402134
28.566666666666666,0.07530250857356208,0.7282236154909574,0.951653052908745,0.5520081102271973,-0.5649562961402138
28.575,0.08188019123495868,0.8500448701928328,0.9541907231714241,0.05688371647181639,-0.5649562961402136
28.583333333333332,0.08946743688620006,0.9709721538693648,0.9525955384401611,-0.4402504145800256,-0.5649562961402135
28.591666666666665,0.09806818897056975,1.0937478272739425,0.9468412797752506,-0.9416874748565652,-0.5649562961402137
28.599999999999998,0.10770948700901321,1.221177651574234,0.9368819695027282,-1.4498936128391702,-0.564956296140213
28.608333333333334,0.11844211440260496,1.3561584256939148,0.9226500117968617,-1.9676064509204605,-0.5649562961402134
28.616666666666667,0.13034144032723585,1.5016954207313853,0.9040535738223396,-2.497916511096138,-0.5649562961402166
28.625,0.1435083188805722,1.6608952152981404,0.8809734305605855,-3.044309012916179,-0.5649562961402111
28.633333333333333,0.15806972534860209,1.8369023486251093,0.8532597873454851,-3.6106154389982636,-0.5649562961402099
28.641666666666666,0.174178419269088,2.0327138306304744,0.8207302258310952,-4.200767278717374,-0.5649562961402508
28.65,0.19201012478948337,2.2507384473930943,0.7831712335303385,-4.818131749581767,-0.5649562961401915
28.65833333333333,0.2117551437396552,2.4918443605820904,0.7403484019224851,-5.463999718868472,-0.5649562961401837
28.666666666666668,0.23359840939448928,2.753442783232305,0.6920352814220331,-6.134458969282963,-0.5649562961404146
28.675,0.25767735063036706,3.0259683465305387,0.6380788082251465,-6.814550900748381,-0.5649562961401561
28.683333333333334,0.284002179504859,3.2874169074439146,0.5785275810660142,-7.46907746394135,-0.564956296140273
28.691666666666666,0.31232748949522154,3.4977919783438494,0.5138427398597584,-8.033082139122167,-0.5649562961390039
28.7,0.34200049815719485,3.600852329812241,0.44515046854747653,-8.414415893008496,-0.5649562961405235
28.708333333333332,0.3718937650241823,3.5439568151670353,0.37435582321047506,-8.526710611239084,-0.564956296140187
28.716666666666665,0.4005716186550285,3.3107457580352864,0.30386635722071487,-8.344055613349594,-0.5649562961416454
28.724999999999998,0.42667144800741813,2.9338933573692936,0.23595695145964898,-7.922071633611335,-0.5649562961400997
28.733333333333334,0.44923284373898803,2.4714226344986323,0.1722259708236373,-7.357646786286984,-0.5649562961402772
28.741666666666667,0.46777032194922924,1.9753149602669073,0.11348465490082887,-6.736170976747565,-0.5649562961401371
28.75,0.4821545407765159,1.4785629077626057,0.059966026578015606,-6.110291566557234,-0.5649562961403283
28.758333333333333,0.49245757537858753,0.9975091172425841,0.011589313655083509,-5.504426652293813,-0.5649562961403137
28.766666666666666,0.4988405259276361,0.5381863416326441,-0.0318508142771263,-4.925790813593528,-0.5649562961402652
28.775,0.5014898668003267,0.10129491061622282,-0.07057911887441838,-4.372930974561689,-0.5649562961402991
28.78333333333333,0.5005863493738376,-0.31489915797965556,-0.10479029532108546,-3.8406615019337766,-0.5649562961402981
28.791666666666668,0.49629152971374174,-0.7131090923318395,-0.1346294359141116,-3.3225345538707987,-0.5649562961402963
28.8,0.4887427091806167,-1.0963770853425776,-0.16018679037460004,-2.8119487419943265,-0.5649562961402976
28.808333333333334,0.47805139807507685,-1.4678308277245429,-0.181498577440058,-2.302574376501777,-0.5649562961402974
28.816666666666666,0.4643028994184836,-1.8306333430885862,-0.1985498172238198,-1.7884546127057206,-0.564956296140297
28.825,0.4475559062196316,-2.188017266967763,-0.21127732206382255,-1.2639631669064217,-0.5649562961402974
28.833333333333332,0.42784167151011543,-2.543345814414415,-0.2195720824766208,-0.723713367280231,-0.5649562961402971
28.841666666666665,0.4051626959268292,-2.9001613790793077,-0.22328091794305796,-0.16248307203042606,-0.5649562961403023
28.849999999999998,0.3794912071553361,-3.26217796857538,-0.22220781416800536,0.42477019694512297,-0.5649562961402939
28.858333333333334,0.35076817648002834,-3.633143161027314,-0.21611617592206933,1.042675796424146,-0.5649562961402903
28.866666666666667,0.3189044946933859,-4.016424954816128,-0.20473473843076534,1.6947485651207945,-0.5649562961403732
28.875,0.2837876439898025,-4.41404341532251,-0.18777283413215257,2.3817376573271947,-0.5649562961402589
28.883333333333333,0.245300395573566,-4.824648157679004,-0.16495619223660798,3.098170853754643,-0.5649562961402489
28.891666666666666,0.20336320189599785,-5.239731322516449,-0.13610322687421705,3.825884983961254,-0.5649562961404465
28.9,0.15801722588238054,-5.637705278337723,-0.10127066584596014,4.523936286910023,-0.5649562961403795
28.90833333333333,0.10956003312846688,-5.977937843237708,-0.06098852167131308,5.118555845892014,-0.5649562961406054
28.916666666666668,0.05870531865787339,-6.2029086502265995,-0.016533774267371893,5.507291646104575,-0.5649562961388745
28.925,0.006649099198670409,-6.259750402724188,0.02996156679709798,5.5967560861980425,-0.5649562961407384
28.933333333333334,-0.045111651666196635,-6.134039777609851,0.07583441744370438,5.361469515954054,-0.5649562961398861
28.941666666666666,-0.09517312283612894,-5.860890848175965,0.11858483394153081,4.863171598851239,-0.5649562961413067
28.95,-0.1425480135681226,-5.4991305537545285,0.15644742972169393,4.20594131172598,-0.5649562961404409
28.958333333333332,-0.1867232622839331,-5.099923638342515,0.18850051728798653,3.4814882390525512,-0.5649562961404894
28.966666666666665,-0.22753196028995132,-4.6948309833751525,0.21444991596570867,2.748024944861671,-0.5649562961402388
28.974999999999998,-0.26499635483523454,-4.298734495612827,0.2343592072405029,2.034960878955195,-0.5649562961404385
28.983333333333334,-0.2992160058572194,-3.9163226132795823,0.2484556224618349,1.353890084873025,-0.5649562961404391
28.991666666666667,-0.3303051666150424,-3.547075978642989,0.25701960139387964,0.7070842863075646,-0.5649562961404003
29.0,-0.35836272938428576,-3.1881692184003363,0.2603298528144366,0.09243844650827343,-0.5649562961404239
29.008333333333333,-0.38345989381207163,-2.8359452978828075,0.2586385899078858,-0.49402398017061044,-0.5649562961404238
29.016666666666666,-0.40563644757545597,-2.486592708141662,0.2521613551704717,-1.0570099393173473,-0.5649562961404221
29.025,-0.424900795765664,-2.136415110333493,0.24107311873220574,-1.6015111642151498,-0.5649562961404226
29.03333333333333,-0.44123130779060177,-1.7819021407762077,0.22550651657316143,-2.1326943274418064,-0.5649562961404226
29.041666666666668,-0.45457781797154223,-1.4197078906413674,0.20555028301322417,-2.655942844316319,-0.5649562961404231
29.05,-0.46486276879052085,-1.0465938829538388,0.18124705869755436,-3.176952662415619,-0.5649562961404224
29.058333333333334,-0.4719818677365626,-0.6593756781900804,0.15259040534984716,-3.7018164202519865,-0.5649562961404222
29.066666666666666,-0.47580446347604194,-0.2549181696264666,0.11952141203122493,-4.237022205784654,-0.5649562961404291
29.075,-0.4761743363850763,0.16974273111500882,0.08192607853650163,-4.789239338414875,-0.5649562961404211
29.083333333333332,-0.472912519679239,0.6169996407017186,0.03963618576348419,-5.364637398474908,-0.5649562961404088
29.091666666666665,-0.46582557874364794,1.0876979592228788,-0.007560596010337995,-5.967237565245656,-0.5649562961405237
29.099999999999998,-0.45472616069251987,1.5790559163543787,-0.05988984999462686,-6.595390489566469,-0.5649562961404
29.108333333333334,-0.43947805154170155,2.080736191262889,-0.11751792206040372,-7.235082113989116,-0.5649562961403868
29.116666666666667,-0.42008331565391194,2.5687418087944454,-0.18040735554172022,-7.849424140718071,-0.5649562961400552
29.125,-0.39682271073873093,2.999588987495101,-0.24807966802620948,-8.36835256258853,-0.5649562961406077
29.133333333333333,-0.37041493565811723,3.313706533470325,-0.31934132004044924,-8.693653140734165,-0.5649562961407892
29.141666666666666,-0.34206687610545944,3.459201115224504,-0.3921878029888527,-8.738463655795252,-0.5649562961411064
29.15,-0.31326341779424943,3.425864289262136,-0.4641442580622812,-8.484592634211172,-0.5649562961402803
29.15833333333333,-0.28535905732130507,3.2528482813396185,-0.5329420867473303,-7.995849442531197,-0.564956296140282
29.166666666666668,-0.25926896151166706,3.000334905991312,-0.59703164944638,-7.370771505309069,-0.5649562961405121
29.175,-0.23543101007344375,2.719205152788936,-0.6556426040213094,-6.692079145354046,-0.5649562961405642
29.183333333333334,-0.2139397147787447,2.4408330009815105,-0.7085594274878859,-6.010026703226708,-0.5649562961405695
29.191666666666666,-0.1946993019851372,2.1805615584242464,-0.7558683535981063,-5.348577989816499,-0.5649562961404168
29.2,-0.17753074550768638,1.943989092265281,-0.7977834632911269,-4.716067816389379,-0.564956296140524
29.208333333333332,-0.16223196752783606,1.7316489535525157,-0.8345516088518358,-4.113019083346359,-0.5649562961405226
29.216666666666665,-0.14860760631685613,1.5417155889671408,-0.8664078195385474,-3.536590866300554,-0.564956296140505
29.224999999999998,-0.1364822085258131,1.3713929404345957,-0.893557700979477,-2.982809054007372,-0.5649562961405161
29.233333333333334,-0.12570521308319926,1.217574161544814,-0.9161728237878347,-2.4475854165363446,-0.5649562961405157
29.241666666666667,-0.1161521599728229,1.077131168836931,-0.9343917713435809,-1.9271290570120403,-0.5649562961405146
29.25,-0.10772432440783176,0.9470251006007269,-0.9483232568620381,-1.4180680718180483,-0.5649562961405153
29.258333333333333,-0.10034782243306162,0.8243335597017825,-0.9580496285651654,-0.9174386529950411,-0.5649562961405152
29.266666666666666,-0.09397266433188689,0.7062410459501262,-0.963630009207134,-0.4226164290757029,-0.5649562961405149
29.275,-0.08857196068407623,0.5900142161169916,-0.9651027497958381,0.06877586185075882,-0.5649562961405151
29.28333333333333,-0.08414136244721895,0.4729714051971115,-0.9624870693637925,0.5589699939030456,-0.5649562961405151
29.291666666666668,-0.08069876558864426,0.3524498933193743,-0.955783828312708,1.0501582164116632,-0.5649562961405148
29.3,-0.0782842949774963,0.22577159870126579,-0.9449754035903519,1.5446029505811256,-0.5649562961405146
29.308333333333334,-0.07696058204184832,0.09020678841939807,-0.930024630646209,2.0447512822140785,-0.5649562961405152
29.316666666666666,-0.07681335433347905,-0.057064453859367086,-0.9108727677762781,2.5533551249904214,-0.5649562961405146
29.325,-0.07795235183058544,-0.21899164084624734,-0.8874364392734695,3.0735955189119433,-0.5649562961405142
29.333333333333332,-0.08051255830884282,-0.39868858182499206,-0.8596035496268527,3.6092030603972862,-0.5649562961405147
29.341666666666665,-0.0846556548593805,-0.5994482150284972,-0.8272282818600826,4.1645514410598965,-0.5649562961405198
29.349999999999998,-0.09057140056748894,-0.8247015842413035,-0.7901256063399129,4.744667564239811,-0.5649562961405117
29.358333333333334,-0.09847818272971427,-1.0778403683727746,-0.7480664635261995,5.355028545973092,-0.5649562961405039
29.366666666666667,-0.1086209649863196,-1.3617290619328313,-0.7007764342599564,6.000860308996985,-0.5649562961406032
29.375,-0.12126272254414808,-1.6775473839858541,-0.6479442534207631,6.685338436141546,-0.5649562961404807
29.383333333333333,-0.13666120791500733,-2.0222788749625504,-0.5892536629320909,7.405532908145197,-0.5649562961404245
29.391666666666666,-0.1550155360235159,-2.383784577429799,-0.5244646770504955,8.144263832662451,-0.564956296140729
29.4,-0.1763585828279978,-2.732749196553275,-0.4535853467430574,8.856535556197993,-0.5649562961405732
29.40833333333333,-0.2003769021306548,-3.014474455700957,-0.3771670594606827,9.455322029712875,-0.5649562961410821
29.416666666666668,-0.22620199726303666,-3.1533202645798686,-0.296653682816549,9.818094016219897,-0.5649562961390794
29.425,-0.25235509682537477,-3.0865840404768923,-0.21448169963058636,9.84263559242164,-0.5649562961403407
29.433333333333334,-0.2770578006467446,-2.810754100173046,-0.13357365610630503,9.523985503786042,-0.5649562961400251
29.441666666666666,-0.2987819849323495,-2.3845973925848405,-0.05643436578995867,8.959251245947502,-0.5649562961412005
29.45,-0.3165979969654794,-1.8845334714013566,0.015413101167611083,8.272864689173463,-0.5649562961406792
29.458333333333332,-0.3301465314922793,-1.3675861415491453,0.08136456138652617,7.555356585214009,-0.5649562961407213
29.466666666666665,-0.3394319198883932,-0.8647378385497607,0.14138152068223775,6.853358862626239,-0.5649562961404947
29.474999999999998,-0.3446347493728815,-0.38891551014842024,0.19567848667743343,6.183736294240511,-0.5649562961406486
29.483333333333334,-0.34599851462769954,0.05656142892181667,0.24453857921840816,5.548037676289738,-0.5649562961406492
29.491666666666667,-0.3437735558748231,0.4727519616447066,0.28822641447911174,4.941305469303694,-0.5649562961406354
29.5,-0.3381929358294025,0.8624552368305025,0.32695447046189396,4.35645894687755,-0.5649562961406426
29.508333333333333,-0.32946354354196394,1.2290338697487422,0.3608745741332396,3.786215581757621,-0.5649562961406418
29.516666666666666,-0.31776363506141514,1.575956285595759,0.3900797814018864,3.223814905586925,-0.5649562961406429
29.525,-0.30324263442904764,1.9066676900583228,0.41460971825551457,2.6631986097766074,-0.5649562961406427
29.53333333333333,-0.2860213384621466,2.2246014327028107,0.43445630654807416,2.098956520300747,-0.5649562961406417
29.541666666666668,-0.2661917676600524,2.5332428764515296,0.4495685906510217,1.5261803452668095,-0.5649562961406432
29.55,-0.2438164218449807,2.836203338276484,0.45985621011823097,0.9402931165012265,-0.5649562961406418
29.558333333333334,-0.2189269694751114,3.1372780431939677,0.46519150034989337,0.3368972983625833,-0.5649562961406405
29.566666666666666,-0.19152261485752037,3.440459595770001,0.4654105682281288,-0.28830900937565246,-0.5649562961406542
29.575,-0.16156869987811923,3.7498567236471843,0.4603142365311226,-0.9394596507382345,-0.5649562961406376
29.583333333333332,-0.12899670365545612,4.069416464238706,0.44967081032967543,-1.6201147695139726,-0.5649562961406238
29.591666666666665,-0.09370803750793837,4.402244314901176,0.4332247521554854,-2.332167999475858,-0.5649562961407635
29.599999999999998,-0.055586451745104196,4.749131785536585,0.4107195051445344,-3.073397705175639,-0.564956296140603
29.608333333333334,-0.014528174661851724,5.105645568638671,0.38195005630097223,-3.8325610574626596,-0.5649562961405651
29.616666666666667,0.029495095190514492,5.457068017616974,0.3468710336411545,-4.58082898320041,-0.5649562961405832
29.625,0.07632272952769203,5.771668375292427,0.3057902016340221,-5.260419007756769,-0.5649562961407659
29.633333333333333,0.12544368354607888,5.997361633162059,0.25964241858686926,-5.77916294180802,-0.5649562961411942
29.641666666666666,0.17586145344105283,6.073642950390047,0.21021498029522487,-6.031465096359225,-0.5649562961401533
29.65,0.2261501807661247,5.964337518884135,0.1600404793999856,-5.955052404218041,-0.564956296140458
29.65833333333333,0.2747911608752408,5.685152565133293,0.11180499715495713,-5.578453455284408,-0.5649562961402859
29.666666666666668,0.3205858089373866,5.291931905282924,0.06762625450223099,-5.000361013742745,-0.5649562961411063
29.675,0.3628418382249617,4.844659356664624,0.02872679207114312,-4.327041742551915,-0.5649562961407925
29.683333333333334,0.40129764493869396,4.384996830769171,-0.00443741632571352,-3.6331872404337786,-0.5649562961408205
29.691666666666666,0.4359520504942271,3.9345884495992913,-0.03188238648183685,-2.9587406059123786,-0.564956296140618
29.7,0.46692333110685863,3.501668959608481,-0.053850542449356484,-2.3201701617367547,-0.5649562961407617
29.708333333333332,0.49436509669672196,3.0873314988587284,-0.07066249899677218,-1.7212318430950841,-0.5649562961407619
29.716666666666665,0.5184245886887471,2.689421007163799,-0.08264179552008437,-1.159677131995778,-0.5649562961407417
29.724999999999998,0.539225038928651,2.3045560520169652,-0.09008116107437487,-0.6307525256029922,-0.5649562961407535
29.733333333333334,0.5568598828282241,1.9290645846858223,-0.09322936951688554,-0.12883470667088023,-0.5649562961407529
29.741666666666667,0.5713921770306735,1.5593623596043702,-0.09228726833000392,0.35189109244609196,-0.5649562961407533
29.75,0.5828559116228268,1.192062646024696,-0.08740730212770118,0.8172131631106757,-0.5649562961407528
29.758333333333333,0.591257652223051,0.823962053092326,-0.07869385550355251,1.2728864082391391,-0.5649562961407526
29.766666666666666,0.5965778090414533,0.45197326249032144,-0.06620322410471223,1.7247146013296,-0.5649562961407534
29.775,0.5987712581946729,0.07304152355528148,-0.04994275785220884,2.178658877796338,-0.5649562961407526
29.78333333333333,0.5977672899380236,-0.31592901736236734,-0.029869142774919904,2.6409287092199043,-0.5649562961407522
29.791666666666668,0.5934690907097508,-0.7181066247112801,-0.005886175337589952,3.1180012139374123,-0.5649562961407598
29.8,0.5857533315602481,-1.136661537857088,0.022157006075840886,3.6164692386125568,-0.5649562961407509
29.808333333333334,0.5744711510352691,-1.5744742220176258,0.05446506181063644,4.142515862272966,-0.5649562961407399
29.816666666666666,0.559453256700733,-2.033385182113224,0.09128835221108053,4.700611035789123,-0.5649562961408439
29.825,0.5405246171930717,-2.5125499277185686,0.13289828651994046,5.290681463471209,-0.5649562961407298
29.833333333333332,0.5175388631657002,-3.005229769539769,0.1795288015096922,5.902596012461436,-0.5649562961407065
29.841666666666665,0.4904481163900972,-3.493474092979384,0.23125688232855104,6.507000879846308,-0.5649562961405509
29.849999999999998,0.4594229575633718,-3.9419265133899457,0.2877963575664938,7.044551181791664,-0.564956296140904
29.858333333333334,0.4250077516272215,-4.2972022754894645,0.3482291460030125,7.424523199592083,-0.5649562961411807
29.866666666666667,0.3882179972530093,-4.50411506604773,0.41083262984153196,7.552198875668513,-0.5649562961408571
29.875,0.35042559275694796,-4.537712220592705,0.4732674832424858,7.383531608443964,-0.5649562961405907
29.883333333333333,0.3130089073779554,-4.421368400419278,0.5331685088937642,6.95639925819258,-0.5649562961405024
29.891666666666666,0.2770033975525016,-4.2086792775037525,0.5887384441654947,6.360217871250179,-0.5649562961410339
29.9,0.242984455424904,-3.952078927775412,0.6389495184299863,5.682827109481555,-0.5649562961408926
29.90833333333333,0.21115757038310726,-3.686924949597997,0.6833942646388526,4.983609169220985,-0.5649562961409036
29.916666666666668,0.18150698628812498,-3.431744569069254,0.7220380117851279,4.293993919978515,-0.5649562961407133
29.925,0.1539130522183204,-3.193928208775273,0.7550248688480563,3.6271197359970087,-0.5649562961408537
29.933333333333334,0.12822278009528898,-2.97476357104424,0.7825628099796019,2.9863114189157995,-0.5649562961408517
29.941666666666666,0.10428641174465321,-2.7725682661859974,0.8048657861097172,2.3703095665975535,-0.5649562961408247
29.95,0.08197439408924191,-2.5843684827238596,0.8221283583563787,1.7760339805984182,-0.5649562961408422
29.958333333333332,0.06118427462230211,-2.4067250776562976,0.8345167569272688,1.199907829275044,-0.5649562961408418
29.966666666666665,0.04184278918224696,-2.2361116343818037,0.8421674785426366,0.638427567907688,-0.564956296140839
29.974999999999998,0.023905837416117758,-2.069069846024309,0.8451888849205395,0.08835766240689938,-0.564956296140841
29.983333333333334,0.007357664060227615,-1.902257931927393,0.8436635751197509,-0.4532564031868062,-0.5649562961408411
29.991666666666667,-0.0077901272393939135,-1.7324487043824128,0.8376504585727773,-0.9891624769147809,-0.5649562961408398
30.0,-0.02149943230917634,-1.5565036426070424,0.8271860086097734,-1.5220193172368452,-0.5649562961408408
