t,th1,w1,th2,w2,energy
0.0,1.1265685907861802,0.0,0.6200499501463944,0.0,-0.3566758479826859
0.008333333333333333,1.124773240244759,-0.43110731586721335,0.6211559627698662,0.2659710001912649,-0.356675847982686
0.016666666666666666,1.1193760218697455,-0.8648960196204046,0.6245003808421516,0.5382693570375585,-0.3566758479826863
0.025,1.110343381905229,-1.3040573076854123,0.6301621230560396,0.8231636060607501,-0.3566758479826851
0.03333333333333333,1.0976193773912255,-1.751262642497484,0.6382716911137036,1.1267327449181168,-0.35667584798268764
0.041666666666666664,1.0811262699700388,-2.2090383791122505,0.649008490257386,1.454561985127744,-0.35667584798269353
0.05,1.06076687446377,-2.679449610085778,0.6625943399914449,1.8110967338542345,-0.3566758479826693
0.058333333333333334,1.0364308630154266,-3.1634337013824876,0.6792792547956444,2.1983753585031542,-0.35667584798270136
0.06666666666666667,1.0080088910633707,-3.6595437738659657,0.6993126720582119,2.6137247854492403,-0.35667584798272695
0.075,0.9754205911490899,-4.16184199773962,0.722889546964857,3.0459743714444634,-0.35667584798266305
0.08333333333333333,0.9386638083161926,-4.656970185323862,0.7500585397608086,3.4702567775874535,-0.3566758479826398
0.09166666666666666,0.8978884470905764,-5.121507761768995,0.7805867383092349,3.8433676076632897,-0.35667584798242946
0.1,0.8534809314780967,-5.522767084355076,0.8138060052385107,4.1052260783012064,-0.3566758479830673
0.10833333333333334,0.8061130649363114,-5.827027568650967,0.8485226609472691,4.193471227174377,-0.3566758479826733
0.11666666666666667,0.7566918553405367,-6.014046090454335,0.8831027168659576,4.06921885319588,-0.3566758479830189
0.125,0.7061971469559303,-6.087219855419648,0.9157574397612347,3.7354417668669186,-0.35667584798231533
0.13333333333333333,0.6554906484081447,-6.069707865349611,0.944884581923484,3.2308924931448932,-0.35667584798282226
0.14166666666666666,0.605204539427326,-5.991098832345295,0.9692756911930256,2.6072917872976724,-0.356675847982758
0.15,0.5557386380580267,-5.876311580735339,0.9881362048899425,1.9100406607182747,-0.35667584798280766
0.15833333333333333,0.5073207024349498,-5.741567307025079,1.000994821293567,1.17100903302564,-0.3566758479827009
0.16666666666666666,0.460077722738825,-5.595161826465942,1.007591702589762,0.409613418071493,-0.35667584798268825
0.175,0.41409273233459615,-5.439738147572704,1.0077897119199872,-0.36347582802563605,-0.3566758479827734
0.18333333333333332,0.3694428718670397,-5.274363417558947,1.0015163269569753,-1.1429428909262658,-0.35667584798272356
0.19166666666666665,0.32622268934518095,-5.095984862207079,0.9887294078976167,-1.9265162736596493,-0.3566758479827124
0.2,0.28455768578356494,-4.900342941250828,0.9693979772924022,-2.713631371085971,-0.3566758479827543
0.20833333333333334,0.24461189977290768,-4.682516732823985,0.9434910912583885,-3.504779520733645,-0.35667584798272667
0.21666666666666667,0.20659196845970257,-4.437243457743309,0.9109701368812957,-4.301303405950332,-0.35667584798270874
0.225,0.17074913197348898,-4.159104480190065,0.8717815656710882,-5.105474997921387,-0.35667584798275614
0.23333333333333334,0.13738003169738205,-3.8426372126070776,0.8258482026082049,-5.920742878412345,-0.3566758479827232
0.24166666666666667,0.10682670660968475,-3.4824256129672695,0.7730581376203935,-6.752046285834936,-0.35667584798270147
0.25,0.07947565477282467,-3.073253750372633,0.7132512106771088,-7.606044745477406,-0.356675847982758
0.2583333333333333,0.05575476110309554,-2.6105104337259855,0.6462049248217735,-8.490950022338403,-0.3566758479827311
0.26666666666666666,0.03612441372199562,-2.0912872896217043,0.5716256982173324,-9.415235678468504,-0.35667584798279495
0.275,0.021053391504777596,-1.5171735993724584,0.48916081721111127,-10.383561604687184,-0.3566758479824963
0.2833333333333333,0.010957771454966648,-0.9007829777711167,0.3984671540608204,-11.38645762404654,-0.3566758479829851
0.2916666666666667,0.006059520546586998,-0.27896590969289664,0.29941015106273533,-12.378508279944814,-0.35667584798297525
0.3,0.006105642317230349,0.26801612187904283,0.19249793526407138,-13.245323410531745,-0.356675847981985
0.30833333333333335,0.009962648824834245,0.6119951301455235,0.07954230242341957,-13.792349529251975,-0.356675847983462
0.31666666666666665,0.015397746365121963,0.633275169499425,-0.035949127745638694,-13.83266861131505,-0.3566758479830945
0.325,0.019579615078416542,0.32158531793534584,-0.1495296757586415,-13.350084727559953,-0.35667584798283597
0.3333333333333333,0.020135314924115157,-0.2135803972801547,-0.25747227388317384,-12.515920879503248,-0.3566758479828819
0.3416666666666667,0.015771624649222694,-0.8399299702220888,-0.35772078771985205,-11.5320217351231,-0.35667584798264257
0.35,0.006131479680303769,-1.469663760685502,-0.44961517517143385,-10.524909759407219,-0.3566758479831671
0.35833333333333334,-0.008613337940040836,-2.0608626810185875,-0.5332224086450469,-9.547639759211465,-0.35667584798285923
0.36666666666666664,-0.02806612077736071,-2.59840756091421,-0.6088623178624899,-8.61300537888356,-0.35667584798292884
0.375,-0.05176327148916464,-3.079639618471681,-0.6768811993624055,-7.717369855116,-0.35667584798290736
0.3833333333333333,-0.07924380665737817,-3.507060327197131,-0.7375700629241451,-6.852312285326331,-0.35667584798295426
0.39166666666666666,-0.11007721813506567,-3.8851615694698323,-0.7911475966814122,-6.0093379324145255,-0.3566758479829502
0.4,-0.14387399695071787,-4.219169897038494,-0.837767388730339,-5.181433127247404,-0.3566758479829086
0.4083333333333333,-0.18028949529452098,-4.514581523551595,-0.877531903127454,-4.363331816542403,-0.35667584798294905
0.4166666666666667,-0.2190253382041545,-4.776986729364948,-0.9105063761207856,-3.5513161380949163,-0.3566758479829457
0.425,-0.2598297757342484,-5.011968413678148,-0.9367304391209214,-2.7429092328142213,-0.35667584798290974
0.43333333333333335,-0.30249713650973387,-5.224976016033236,-0.9562273721229269,-1.936636020738299,-0.35667584798295016
0.44166666666666665,-0.3468659041052948,-5.421110570729216,-0.9690120774568387,-1.1319757422098444,-0.35667584798294666
0.45,-0.39281438270886004,-5.604745870818899,-0.9750999313189317,-0.32964796434493077,-0.35667584798288937
0.4583333333333333,-0.44025213434504884,-5.778867888056159,-0.9745201013889613,0.46755899335057116,-0.35667584798298874
0.4666666666666667,-0.48910413233772676,-5.943952087419246,-0.9673390585240906,1.2531111537075295,-0.3566758479829657
0.475,-0.5392828789919133,-6.096165331592691,-0.9537028403255678,2.0138541162811996,-0.35667584798286334
0.48333333333333334,-0.5906424055907414,-6.224844676863865,-0.9339087036216828,2.725890914607142,-0.35667584798288177
0.49166666666666664,-0.6429102428137183,-6.309965201369053,-0.9085127446765039,3.350481618311457,-0.356675847982765
0.5,-0.6956060489324164,-6.322071959928492,-0.8784580384192222,3.834257303452705,-0.3566758479833668
0.5083333333333333,-0.7479844786915536,-6.228858399140113,-0.8451580745335013,4.120910565090833,-0.3566758479826962
0.5166666666666666,-0.7990679105761498,-6.009675548851329,-0.8104228926810436,4.1763888450262625,-0.35667584798305924
0.525,-0.8478061841480988,-5.6691340352620525,-0.7761664329003825,4.012081129118987,-0.35667584798257235
0.5333333333333333,-0.8932960448824803,-5.236220106335602,-0.7440154094140619,3.682506104540005,-0.3566758479831878
0.5416666666666666,-0.9349269238879718,-4.749218086998241,-0.7150529624708709,3.258316698224723,-0.35667584798298857
0.55,-0.972391167374305,-4.240738498212536,-0.6898036411932656,2.7997158323428617,-0.35667584798301355
0.5583333333333333,-1.0056057891413501,-3.7318705596109103,-0.6683756479758955,2.346015625702312,-0.3566758479829294
0.5666666666666667,-1.0346186265657429,-3.2334410348724716,-0.6506315178436657,1.9177689927381536,-0.3566758479829566
0.575,-1.0595369924479352,-2.7494762658857783,-0.6363195738642565,1.5228584499135613,-0.3566758479829861
0.5833333333333334,-1.0804841885214491,-2.2801971249772506,-0.6251560946263649,1.1618273172582976,-0.3566758479829678
0.5916666666666667,-1.0975765442366985,-1.82394911885935,-0.6168706924295653,0.8313713092722667,-0.35667584798297214
0.6,-1.1109127284089282,-1.3782727694875523,-0.6112292461444065,0.52632756466149,-0.356675847982974
0.6083333333333333,-1.1205695328599419,-0.9404348334986558,-0.6080445717396027,0.24071224176324327,-0.3566758479829735
0.6166666666666667,-1.1266006983385288,-0.5076583422913052,-0.6071809126972546,-0.031779455917213685,-0.3566758479829737
0.625,-1.1290369310153552,-0.07719620032207516,-0.6085555760014388,-0.2975565953588072,-0.3566758479829734
0.6333333333333333,-1.1278861803605071,0.35366957934233967,-0.6121394100452747,-0.5630531161336974,-0.3566758479829737
0.6416666666666666,-1.123133774540705,0.7876549368618506,-0.6179568787422657,-0.834698662848079,-0.3566758479829738
0.65,-1.114742342467938,1.2274923254169223,-0.6260858781337074,-1.1188756684661352,-0.3566758479829724
0.6583333333333333,-1.1026517437784653,1.6759028071512132,-0.6366569049093168,-1.4217932132004898,-0.35667584798297713
0.6666666666666666,-1.0867796158541276,2.135463381072414,-0.6498504830242977,-1.7491728315729833,-0.35667584798297863
0.675,-1.0670237929111615,2.6082685215828687,-0.6658906034821352,-2.1055674079222393,-0.3566758479829576
0.6833333333333333,-1.0432689683060667,3.0952144369725465,-0.685029968237073,-2.493012749658841,-0.3566758479830054
0.6916666666666667,-1.0154017615894826,3.594648884655893,-0.7075197072520581,-2.9085652100118433,-0.3566758479829984
0.7,-0.983340664322347,4.100116099060985,-0.7335522440507624,-3.3402618839359777,-0.35667584798295665
0.7083333333333334,-0.9470885747267591,4.59726913613883,-0.7631639370334975,-3.761647686935074,-0.3566758479828706
0.7166666666666667,-0.9068106949409491,5.061256170105394,-0.7960929338954449,-4.127177957529862,-0.3566758479828218
0.725,-0.8629207763627587,5.4580910923666845,-0.8316224822470458,-4.374659169921147,-0.3566758479833084
0.7333333333333333,-0.8161241880643499,5.754065372141557,-0.8685005154778824,-4.441857599564713,-0.356675847982983
0.7416666666666667,-0.7673528157031635,5.931010918226548,-0.9050503553586096,-4.293527527981857,-0.35667584798318946
0.75,-0.7175882391448569,5.995501094481862,-0.9394806823282648,-3.9381002883109955,-0.3566758479826605
0.7583333333333333,-0.6676696433429887,5.973063930670019,-0.9702279198051728,-3.4182915567336085,-0.356675847983171
0.7666666666666666,-0.6181938494038396,5.893995582833808,-0.9961429618936033,-2.7868166291787024,-0.3566758479830366
0.775,-0.5695248463935058,5.782761429247045,-1.0164891741642423,-2.0879903637481037,-0.35667584798308827
0.7833333333333333,-0.5218603128115665,5.654767622323713,-1.0308405237853542,-1.3519283896758292,-0.3566758479829595
0.7916666666666666,-0.47530372745857097,5.517592065834634,-1.038968138368706,-0.5964486870778641,-0.356675847982999
0.8,-0.42991967264639785,5.3733848652236516,-1.0407541681571841,0.16897178590036682,-0.3566758479830534
0.8083333333333333,-0.38577007308412337,5.220920074813051,-1.036137101272551,0.9398223558174726,-0.35667584798300084
0.8166666666666667,-0.3429360902082017,5.056988284785135,-1.0250804290849573,1.7143314293653669,-0.35667584798300966
0.825,-0.301530779798437,4.87725237234123,-1.0075556506208296,2.492201495821023,-0.3566758479830381
0.8333333333333334,-0.2617062028682259,4.676751041035646,-0.983532874669826,3.2740041008525687,-0.35667584798300556
0.8416666666666667,-0.22365730287594843,4.450189842527567,-0.9529745603204752,4.06100000276269,-0.3566758479830058
0.85,-0.1876239275708718,4.192106247443184,-0.9158295364144936,4.855232293431214,-0.3566758479830401
0.8583333333333333,-0.15389181603939522,3.8969595293040964,-0.8720254572880429,5.659795154302632,-0.3566758479830001
0.8666666666666667,-0.1227930216960658,3.559182650592623,-0.8214585526362816,6.479201414231041,-0.35667584798300006
0.875,-0.09470589317719096,3.1732486144144194,-0.763980227587459,7.3197492161523945,-0.3566758479830436
0.8833333333333333,-0.07005407134212398,2.733869868464063,-0.699381244545627,8.189686933285097,-0.3566758479830043
0.8916666666666666,-0.04930235278260175,2.2366240926000587,-0.6273768656175656,9.098699080028691,-0.3566758479830312
0.9,-0.03294333509468617,1.6797138740365214,-0.5476027379958175,10.055557467525464,-0.3566758479828879
0.9083333333333333,-0.02145959609471064,1.06845152993615,-0.45964643853397635,11.061283596592713,-0.35667584798343704
0.9166666666666666,-0.015227192403877583,0.4254731453609547,-0.363171738265331,12.092653696069926,-0.3566758479833502
0.9249999999999999,-0.01429856509171893,-0.19038218468876283,-0.25824186172163427,13.070514812372943,-0.35667584798303287
0.9333333333333333,-0.01801170578188646,-0.6648362475624149,-0.14594189311487135,13.825365161296105,-0.35667584798518304
0.9416666666666667,-0.024570909990293318,-0.850655283158013,-0.0290816836045519,14.129225923157762,-0.3566758479830987
0.95,-0.03115520584920841,-0.6699743112045766,0.08792632863230401,13.859435430421492,-0.3566758479845826
0.9583333333333334,-0.034904844924258153,-0.19231901862507983,0.20060839397781216,13.125508644887743,-0.3566758479839899
0.9666666666666667,-0.03394619286512733,0.4358951805469375,0.3060327054339424,12.15436064080732,-0.3566758479831436
0.975,-0.027554034319034252,1.097052785753162,0.40301685099056767,11.120794475431886,-0.35667584798275037
0.9833333333333333,-0.015745459623159593,1.7293886551215114,0.4914429193920602,10.108239509414725,-0.3566758479834621
0.9916666666666667,0.0011202295461549884,2.308694894032304,0.571617923525438,9.141846600867026,-0.3566758479832898
1.0,0.022568176132635984,2.8289691224642275,0.6439344895732443,8.221099198839108,-0.3566758479833205
1.0083333333333333,0.04810977936447442,3.291750524207438,0.7087384406563508,7.337122793573595,-0.3566758479832703
1.0166666666666666,0.07728304105767542,3.7014086265455806,0.7662941249129879,6.479932036197681,-0.3566758479833001
1.025,0.10966719346499358,4.063293317202375,0.8167876905087841,5.640947392124467,-0.3566758479833318
1.0333333333333332,0.14488764441851165,4.383078716042897,0.8603419758414794,4.813566232214566,-0.3566758479832748
1.0416666666666667,0.1826176404084841,4.666554092921838,0.8970326180802567,3.993010105108117,-0.3566758479832986
1.05,0.22257888123293543,4.919549424181093,0.9269017778043069,3.175958199984371,-0.3566758479833251
1.0583333333333333,0.2645415897366368,5.1478650398392265,0.9499687425398017,2.360190203266089,-0.35667584798327356
1.0666666666666667,0.3083237761836168,5.3571395704972256,0.9662380400779775,1.5443641046810241,-0.3566758479833001
1.075,0.3537889451683375,5.552596674467322,0.9757066624406211,0.7280473257419879,-0.35667584798333946
1.0833333333333333,0.4008408873896541,5.738578913884072,0.9783731648321123,-0.08782898977804648,-0.35667584798323526
1.0916666666666666,0.44941318367222116,5.917711631714197,0.9742532175361222,-0.899818867885664,-0.35667584798331703
1.1,0.49944938615331486,6.0894550892592125,0.9634090259499014,-1.6997070357775643,-0.35667584798340973
1.1083333333333334,0.5508676298204834,6.247780565004997,0.9460036973983263,-2.4707215016860653,-0.3566758479832174
1.1166666666666667,0.6035021474413618,6.378025024939073,0.9223935540312164,-3.1823495481550403,-0.35667584798326246
1.125,0.65701897438932,6.454243189778262,0.8932627021379843,-3.786078888906166,-0.3566758479827198
1.1333333333333333,0.7108241164988914,6.440922890129689,0.8597676838493135,-4.218743259227738,-0.3566758479839165
1.1416666666666666,0.7640227966502563,6.304147964060177,0.8235907824537926,-4.422136145394183,-0.3566758479832989
1.15,0.8155092563798851,6.030275438625884,0.7867661702525648,-4.375283459731326,-0.356675847983889
1.1583333333333332,0.8641931310713415,5.6368436496959005,0.7512723120686491,-4.112736834348598,-0.35667584798284
1.1666666666666667,0.9092337031763569,5.163172376898501,0.7186174193874159,-3.7073448086571488,-0.35667584798338103
1.175,0.9501386454396031,4.650431265521722,0.68966753456362,-3.2348450316789807,-0.35667584798330687
1.1833333333333333,0.9867170740428047,4.12865998252691,0.6647329990284497,-2.7508407153917154,-0.3566758479834161
1.1916666666666667,1.0189725392478914,3.6148098281323637,0.6437619294924017,-2.287220397356297,-0.35667584798333407
1.2,1.0470067552741185,3.1162031449610956,0.626515626661715,-1.85818592522594,-0.35667584798331475
1.2083333333333333,1.070956491255298,2.6345099838317316,0.6126857639177224,-1.4672752810059972,-0.3566758479833583
1.2166666666666666,1.0909590496225663,2.1685443186952176,0.6019607999499145,-1.112365049443453,-0.35667584798334506
1.225,1.1071358550578552,1.7158709435351742,0.5940597190822373,-0.7886042207058186,-0.3566758479833445
1.2333333333333334,1.119585855610141,1.2736206534829684,0.5887475975381371,-0.4899579139919537,-0.35667584798334656
1.2416666666666667,1.1283836516201966,0.8388556881508168,0.5858419631491509,-0.20995320385800748,-0.3566758479833459
1.25,1.1335795796310932,0.40869997031713023,0.5852148962542033,0.05799805551908744,-0.3566758479833462
1.2583333333333333,1.1352003400021602,-0.019646398554288805,0.586793429369944,0.3204884001265847,-0.3566758479833457
1.2666666666666666,1.1332494976680438,-0.44894438023421646,0.5905594862476646,0.5841010590760425,-0.3566758479833459
1.275,1.1277075887008912,-0.8819685146709204,0.5965498702308141,0.8554264712753751,-0.3566758479833465
1.2833333333333332,1.1185318205970385,-1.3215473186454374,0.6048563389832021,1.1410579375445657,-0.35667584798334434
1.2916666666666667,1.1056555959195902,-1.7705584904041083,0.6156253535669072,1.4475054197212336,-0.3566758479833469
1.3,1.0889884445864813,-2.2318233825373084,0.6290564422551009,1.7809273949161062,-0.35667584798335755
1.3083333333333333,1.0684175868617576,-2.7077985707051675,0.6453969832025731,2.146499720662415,-0.3566758479833243
1.3166666666666667,1.0438135109513882,-3.1998815430986105,0.6649291644220067,2.5471008193455895,-0.35667584798335616
1.325,1.0150439276518382,-3.707036092745221,0.6879414274289997,2.980801392740661,-0.35667584798341473
1.3333333333333333,0.9820032845325402,-4.223377620038673,0.714671822041351,3.4365396495633016,-0.3566758479833068
1.3416666666666666,0.9446672787779299,-4.734638978583111,0.7452068785493411,3.887863282708416,-0.3566758479833168
1.35,0.9031780467367749,-5.2147374787255965,0.7793263818576978,4.286899726689902,-0.3566758479829189
1.3583333333333334,0.8579448968439445,-5.626386574264437,0.8163210439227557,4.565474649765679,-0.3566758479838573
1.3666666666666667,0.8097035452315753,-5.931122914227483,0.8548835514331359,4.652799258288868,-0.3566758479833574
1.375,0.7594528102587358,-6.107315564541816,0.8932158800584944,4.507305767397835,-0.35667584798392465
1.3833333333333333,0.7082548767023377,-6.161918847650622,0.9293792384974175,4.137836809199357,-0.35667584798287794
1.3916666666666666,0.6570115691740047,-6.124000022065698,0.9616921853886772,3.59313138738102,-0.35667584798344226
1.4,0.6063493367219399,-6.027794475317282,0.988944687145556,2.93277364846944,-0.356675847983393
1.4083333333333332,0.5566341001729385,-5.900339981372484,1.0103880551409403,2.205696694100281,-0.35667584798350727
1.4166666666666667,0.5080505032570265,-5.758130915306692,1.0256118042883793,1.4441343235538013,-0.3566758479833817
1.425,0.46068421736843573,-5.608902071812598,1.034412993213429,0.6664468485876157,-0.35667584798333857
1.4333333333333333,0.41458276243413283,-5.4545338858447465,1.0367007563543027,-0.11806602152317502,-0.35667584798344276
1.4416666666666667,0.3697939497027827,-5.2933949492397065,1.0324379205286291,-0.9052959513979006,-0.3566758479833976
1.45,0.32638827720640967,-5.121866360024782,1.0216088594013473,-1.6938770102476974,-0.3566758479833768
1.4583333333333333,0.28447138381308834,-4.935245188865041,1.0042028514915502,-2.4838454219874824,-0.35667584798342034
1.4666666666666666,0.24419073690882476,-4.7282584429786425,0.9802053454653534,-3.2760261725659547,-0.35667584798339946
1.475,0.2057390708355397,-4.495349722300333,0.9495923007203769,-4.071872534657964,-0.35667584798337326
1.4833333333333334,0.16935603484860254,-4.2308337922555035,0.9123245911475427,-4.873590109501494,-0.35667584798342117
1.4916666666666667,0.13532891239754166,-3.928971357194956,0.8683405575243177,-5.6844436015595265,-0.3566758479833981
1.5,0.10399292939265982,-3.5839986022494874,0.8175455012435371,-6.509171928837218,-0.3566758479833639
1.5083333333333333,0.07573135695566117,-3.190157725948308,0.7597975641580327,-7.354420831490282,-0.35667584798342533
1.5166666666666666,0.050975021191121406,-2.7418359892389588,0.6948905057777353,-8.229010099480204,-0.35667584798339774
1.525,0.030199343893784578,-2.234088838585292,0.6225363328662716,-9.143589675176068,-0.3566758479834232
1.5333333333333332,0.013913273882101503,-1.664233021903686,0.5423568219917735,-10.108571464630154,-0.35667584798323987
1.5416666666666667,0.0026254077477610312,-1.0361095797557416,0.4539078506049184,-11.127683940226358,-0.35667584798352414
1.55,-0.0032470379950725516,-0.3702197967083942,0.3567935343293164,-12.18167659569994,-0.3566758479842328
1.5583333333333333,-0.0035923866066195557,0.27647673281050344,0.250982732576259,-13.195240628772124,-0.35667584798376606
1.5666666666666667,0.0009897934397074136,0.7877097137355867,0.13745318071962906,-13.996683425432046,-0.3566758479839953
1.575,0.008715522154251355,1.0057045713100743,0.018981169502673527,-14.341839720076877,-0.3566758479833762
1.5833333333333333,0.016666327834691862,0.8393192180493776,-0.09988308804871945,-14.087002826311343,-0.356675847986163
1.5916666666666666,0.021818779791171458,0.3572580607090975,-0.21442372988024117,-13.340617602897789,-0.356675847983793
1.6,0.02218251471491372,-0.2840412620291419,-0.32154398544051815,-12.345776493925532,-0.3566758479831318
1.6083333333333334,0.016998437659394676,-0.9586289555158839,-0.4200281203315422,-11.29024478885658,-0.356675847984251
1.6166666666666667,0.006297061279615687,-1.601524967038481,-0.5097960194708631,-10.261939264416798,-0.35667584798361657
1.625,-0.009535559296360737,-2.18810076401137,-0.5912083417901053,-9.286058018694918,-0.3566758479836881
1.6333333333333333,-0.029998724773372832,-2.7127840069456535,-0.6647051973071549,-8.36089517360251,-0.35667584798370355
1.6416666666666666,-0.05458216765696262,-3.1776213847212254,-0.730669502132352,-7.476369054010214,-0.3566758479837334
1.65,-0.08280597428216169,-3.5873639190794298,-0.7893937218890887,-6.6215604591073625,-0.3566758479837513
1.6583333333333332,-0.11423403849597269,-3.94760206987167,-0.8410855184249215,-5.7872304327874575,-0.3566758479836977
1.6666666666666667,-0.14847795375924608,-4.264141441656659,-0.8858846812983172,-4.966329625014543,-0.3566758479837303
1.675,-0.1851979244028854,-4.54283128201411,-0.9238807373251545,-4.153781333682195,-0.3566758479837444
1.6833333333333333,-0.22410293590948976,-4.7895263583354675,-0.9551276610536426,-3.3460547057805834,-0.35667584798370044
1.6916666666666667,-0.2649506911523959,-5.010056201609234,-0.9796549448389983,-2.540740666959033,-0.3566758479837288
1.7,-0.30754712036294485,-5.210146787681328,-0.9974755279090298,-1.7362363577455842,-0.3566758479837414
1.7083333333333333,-0.351744901063819,-5.395253626825636,-1.0085918435758425,-0.9316248243353707,-0.35667584798369023
1.7166666666666666,-0.39744001849488547,-5.5702449087163535,-1.0130020697452078,-0.12686906599075382,-0.3566758479837423
1.7249999999999999,-0.4445646973344678,-5.738823038661375,-1.0107099559770771,0.6764814148706768,-0.35667584798377533
1.7333333333333334,-0.4930737921604299,-5.902493765557096,-1.0017437471461597,1.4737479199437755,-0.356675847983618
1.7416666666666667,-0.5429197762835622,-6.058812159452635,-0.9861929839690251,2.2542954485912006,-0.3566758479837764
1.75,-0.5940092565263578,-6.198690672779519,-0.964275560739345,2.997083643275399,-0.3566758479837082
1.7583333333333333,-0.6461340413522769,-6.303151976718041,-0.9364469262856997,3.6652986707285176,-0.35667584798397733
1.7666666666666666,-0.6988795023998875,-6.341721931662108,-0.9035462264921007,4.203884435905742,-0.3566758479833874
1.775,-0.7515426882631681,-6.277337632633371,-0.8669228829990319,4.548348134935711,-0.35667584798330165
1.7833333333333332,-0.8031340802362023,-6.081534480629689,-0.828416457156578,4.651160438570714,-0.35667584798354607
1.7916666666666667,-0.8525286250327999,-5.752560117059544,-0.7900788809876138,4.512785197323437,-0.3566758479840687
1.8,-0.8987175512535016,-5.3187518192815455,-0.753726965254024,4.186742211547971,-0.3566758479840716
1.8083333333333333,-0.9410017897268739,-4.822557899276069,-0.7206034133616043,3.7510204960748794,-0.35667584798370316
1.8166666666666667,-0.9790261325846852,-4.301630128781212,-0.6913204797380229,3.2746532743089314,-0.3566758479837335
1.825,-1.0126962632603231,-3.7805201586731614,-0.6660106396569831,2.8030173018709377,-0.35667584798370927
1.8333333333333333,-1.042069700130879,-3.2717120223853335,-0.644523859047385,2.359577461369442,-0.35667584798380736
1.8416666666666666,-1.0672719262513237,-2.779730917764107,-0.6265809256512669,1.953102871005424,-0.35667584798375657
1.8499999999999999,-1.088445936660847,-2.3047446693426323,-0.6118678170926144,1.5840536454758025,-0.3566758479837592
1.8583333333333334,-1.1057263343415977,-1.8448521471922277,-0.6000862806758241,1.2486953574941941,-0.35667584798377067
1.8666666666666667,-1.1192278338413495,-1.3973233350296503,-0.590978261277016,0.9413820243698278,-0.35667584798376667
1.875,-1.1290411714578448,-0.9591970940972622,-0.5843364539195364,0.6557076725448262,-0.356675847983767
1.8833333333333333,-1.1352323826415918,-0.52752905102453,-0.5800081271790424,0.3850353650129195,-0.35667584798376745
1.8916666666666666,-1.1378433159659112,-0.09946119773612275,-0.5778960292627532,0.12270491005314114,-0.35667584798376717
1.9,-1.1368923241030802,0.32779431343059295,-0.577958298815841,-0.13791640450538686,-0.3566758479837672
1.9083333333333332,-1.1323746419488707,0.7570080978442392,-0.5802082820945039,-0.40345113833395346,-0.356675847983767
1.9166666666666667,-1.1242622748149784,1.1909941194046725,-0.5847145849294934,-0.6805430622674639,-0.35667584798376745
1.925,-1.112503434740789,1.632653043734074,-0.591601285051554,-0.9758558487016107,-0.3566758479837684
1.9333333333333333,-1.0970218011967132,2.0849635583424204,-0.6010477871570582,-1.29597504943606,-0.35667584798376206
1.9416666666666667,-1.0777162743247548,2.550858722792633,-0.6132870919664501,-1.647100323297563,-0.3566758479837741
1.95,-1.0544626239235528,3.0328680579895613,-0.6285999428568286,-2.0343170940568234,-0.35667584798379093
1.9583333333333333,-1.0271198055929087,3.5323086917840625,-0.6472999103498616,-2.4600687172533404,-0.35667584798371643
1.9666666666666666,-0.9955460659512686,4.047675552133363,-0.6697003832599291,-2.921222285792388,-0.3566758479838058
1.9749999999999999,-0.9596332848132286,4.571813129538646,-0.696048700353235,-3.404013222883195,-0.3566758479838007
1.9833333333333334,-0.9193704055164331,5.087844963435004,-0.7264086384658092,-3.8768564690618303,-0.3566758479839218
1.9916666666666667,-0.8749411302046949,5.56554789256148,-0.7604826932888532,-4.284014480216074,-0.3566758479834933
2.0,-0.8268337031709999,5.963190218520175,-0.7974137467664479,-4.548934016484251,-0.356675847983318
2.0083333333333333,-0.7758904529413252,6.2407228529870595,-0.8356936793013983,-4.5975832249348825,-0.3566758479837162
2.0166666666666666,-0.7232081390666973,6.380289281891061,-0.8733359972270136,-4.3948133678303805,-0.3566758479841543
2.025,-0.6698984915974232,6.395945625253616,-0.9082982659352579,-3.9621300189153987,-0.3566758479842813
2.033333333333333,-0.6168568663498575,6.32239134439218,-0.9388972653315126,-3.3588043111606223,-0.35667584798369567
2.0416666666666665,-0.5646716684403462,6.195773627626522,-0.9639834808106285,-2.648749812730042,-0.3566758479837917
2.05,-0.5136673002021711,6.042359025287328,-0.9828836693035866,-1.8806622709588707,-0.35667584798374896
2.058333333333333,-0.46399829399042863,5.876914219851092,-0.995252172862138,-1.0848675420483114,-0.35667584798392515
2.0666666666666664,-0.4157348692908738,5.705479678248013,-1.0009343029541067,-0.27781774063264036,-0.3566758479838027
2.075,-0.36892184860860416,5.528585693183218,-0.9998735743269955,0.5325841945672364,-0.3566758479837999
2.0833333333333335,-0.32361409774884686,5.343600638829913,-0.9920576975427792,1.3431352446327522,-0.3566758479838592
2.091666666666667,-0.2798963020410269,5.1461805237880505,-0.9774898544209748,2.153053223568564,-0.3566758479838225
2.1,-0.23789344417042232,4.931099266902805,-0.9561739849224027,2.9628132174602326,-0.35667584798381025
2.1083333333333334,-0.19777604876343813,4.692708221576354,-0.9281066176928431,3.7736832406640444,-0.3566758479838522
2.1166666666666667,-0.15976256254680754,4.425183857644882,-0.8932706547163176,4.587684533786287,-0.35667584798382174
2.125,-0.12412022500791801,4.122653208139787,-0.8516283166273062,5.407811667880377,-0.3566758479838036
2.1333333333333333,-0.09116521575203099,3.779249260256053,-0.8031115481805352,6.238406737692053,-0.3566758479838551
2.1416666666666666,-0.06126247348989118,3.389143946738548,-0.7476089900892275,7.085590835070353,-0.35667584798381785
2.15,-0.03482505545441338,2.946647128984363,-0.6849496162767127,7.9575963227462765,-0.3566758479838037
2.158333333333333,-0.01231172139210025,2.44658827009444,-0.6148851252845156,8.864645372087859,-0.35667584798382845
2.1666666666666665,0.005781529253958272,1.8855200810713217,-0.5370779658875608,9.817501031959893,-0.35667584798389174
2.175,0.01894741453516066,1.2650216612473077,-0.45111360646897974,10.822584661522763,-0.3566758479841562
2.183333333333333,0.026738313489137053,0.5997893727885124,-0.35658249941989656,11.869105131656818,-0.35667584798315677
2.1916666666666664,0.0289384904204054,-0.06554309520470303,-0.2533270761390439,12.901188919255429,-0.3566758479838263
2.2,0.025912792744290983,-0.6326394420164975,-0.14198732105007572,13.77675863292258,-0.3566758479861876
2.2083333333333335,0.01909027560149788,-0.9499775870349138,-0.02479674291478267,14.263596197825242,-0.35667584798461494
2.216666666666667,0.011125256969160684,-0.8966347047570732,0.0941068534091947,14.171727619964408,-0.356675847982948
2.225,0.005118457182605333,-0.4977951018899618,0.20988237712225885,13.540956800938119,-0.35667584798558716
2.2333333333333334,0.0033854860933707673,0.10211438540564415,0.31892327046330093,12.597110937919831,-0.3566758479842481
2.2416666666666667,0.00698461285953857,0.7634230967586635,0.41956237164324184,11.551645043884884,-0.35667584798320484
2.25,0.016053344387211975,1.4061854193667895,0.5114872584420187,10.516886902531027,-0.3566758479842964
2.2583333333333333,0.030275252276140793,1.9972113929242064,0.594983434963206,9.531312887564143,-0.3566758479841501
2.2666666666666666,0.04916947060396074,2.5270756562950725,0.6704904306583045,8.598650102059738,-0.3566758479841571
2.275,0.0722243890671394,2.996283514832114,0.7384181096773563,7.71051472375429,-0.35667584798413143
2.283333333333333,0.09895052493043895,3.4090037557459247,0.7990928051740313,6.856194248436147,-0.3566758479841353
2.2916666666666665,0.12889906208993088,3.7705920293557225,0.8527552598484252,6.026155307832585,-0.3566758479841833
2.3,0.16166743157657576,4.086715384643051,0.8995753053475997,5.212953043244848,-0.35667584798413415
2.308333333333333,0.19690056488950203,4.3630866889736,0.9396693652991869,4.411165379533773,-0.35667584798413593
2.3166666666666664,0.23429093958237707,4.605399314782057,0.9731158282093846,3.6170139674133215,-0.35667584798417346
2.325,0.2735783072979936,4.819300236127547,0.9999669530763756,2.827938577001831,-0.35667584798413354
2.3333333333333335,0.31454911671073604,5.010336745263382,1.0202574676972433,2.0422429032782987,-0.35667584798413665
2.341666666666667,0.35703525919469703,5.183841766570916,1.0340107721106897,1.2588857545721925,-0.3566758479841752
2.35,0.40091147180265546,5.344717907601608,1.0412442804050601,0.4774993485501082,-0.35667584798412255
2.3583333333333334,0.44609029319475285,5.497050842999088,1.0419762783030062,-0.30123830061888157,-0.3566758479841342
2.3666666666666667,0.4925126852733801,5.643429804288693,1.0362380501280208,-1.0746675201672213,-0.356675847984242
2.375,0.5401311342636651,5.783785281660686,1.0240972149665095,-1.836331913014619,-0.35667584798407814
2.3833333333333333,0.5888802740807916,5.9135247838666976,1.005701122215598,-2.5729288461084407,-0.35667584798413504
2.3916666666666666,0.6386287951452343,6.020943957166145,0.9813511334839282,-3.2600181711898415,-0.35667584798402063
2.4,0.6891091086903162,6.084741416656727,0.9516136747321734,-3.8579491529698755,-0.35667584798433905
2.408333333333333,0.7398353721077778,6.074359773134659,0.9174493918663266,-4.312704118763174,-0.3566758479842157
2.4166666666666665,0.7900513189541148,5.957469334060395,0.8802888203392043,-4.569027758223323,-0.35667584798380547
2.425,0.8387756554138283,5.715219273766385,0.8419386869155532,-4.596733310905486,-0.3566758479839589
2.433333333333333,0.8849752564444836,5.355118205830434,0.8042694273681281,-4.412501816319841,-0.3566758479841132
2.4416666666666664,0.9277858003578614,4.908190732118587,0.7688261102990465,-4.074175065880535,-0.3566758479845085
2.45,0.966644658662465,4.412823886211221,0.7365978856882,-3.652041656358881,-0.3566758479841694
2.4583333333333335,1.0012866221046968,3.900389548342369,0.7080300628478656,-3.203476245458512,-0.3566758479841887
2.466666666666667,1.0316590309126537,3.3904550824493827,0.6831783298363533,-2.7644797000622217,-0.3566758479841084
2.475,1.0578284146077208,2.8926262683845474,0.6618781679054616,-2.3528986395530227,-0.3566758479841978
2.4833333333333334,1.079912339676029,2.4101196205557045,0.6438699488548697,-1.9747285113668847,-0.35667584798418345
2.4916666666666667,1.09803904661923,1.9426705852153103,0.6288748060425216,-1.6292902082239924,-0.3566758479841718
2.5,1.1123267084604254,1.4883500691611309,0.6166353701777927,-1.3125100230693745,-0.3566758479841827
2.5083333333333333,1.1228741168599503,1.0445486671104391,0.6069356603305155,-1.0187425298061474,-0.35667584798418167
2.5166666666666666,1.1297572561588842,0.6084527110572551,0.5996098598591014,-0.7416973616554258,-0.3566758479841812
2.525,1.133028557180534,0.17724073919770378,0.5945456551605826,-0.47486886466628586,-0.3566758479841818
2.533333333333333,1.132717118129802,-0.251864355188158,0.591685194665696,-0.2117068627865044,-0.3566758479841818
2.5416666666666665,1.1288290331391426,-0.6816125440618568,0.5910252143629997,0.054337678405387696,-0.3566758479841815
2.55,1.1213474429670813,-1.114770570959383,0.5926170229412471,0.3298143842038195,-0.35667584798418156
2.558333333333333,1.1102322137669123,-1.5541625340988183,0.596566504024104,0.6212669640112534,-0.3566758479841817
2.5666666666666664,1.095419400813132,-2.002674425913074,0.6030338277273487,0.9351580891581986,-0.3566758479841865
2.575,1.0768209941217075,-2.463170561152562,0.6122319432209089,1.2776315826319269,-0.35667584798417673
2.5833333333333335,1.0543260355756394,-2.9382269399955403,0.6244218642544624,1.6539434153085009,-0.3566758479841792
2.591666666666667,1.027805283096692,-3.4295092786795154,0.6399008460329435,2.067259498300048,-0.3566758479842413
2.6,0.9971234897804772,-3.9365091300655504,0.6589762513695947,2.516322572772307,-0.35667584798414503
2.6083333333333334,0.962166214010518,-4.454256193813121,0.6819129848329969,2.991332563110142,-0.35667584798417407
2.6166666666666667,0.9228908744814442,-4.969802929397341,0.7088376394356896,3.4677105974994302,-0.3566758479840791
2.625,0.8794098274882596,-5.458378524947905,0.7395861798277171,3.8993583727081216,-0.3566758479844068
2.6333333333333333,0.8320956448776464,-5.88278458189302,0.7735131539341997,4.217708067571148,-0.35667584798425866
2.6416666666666666,0.7816572662052027,-6.201892287623005,0.8093533695378402,4.346848391830248,-0.3566758479839594
2.65,0.7291007093070174,-6.3888841290816965,0.8452884845564157,4.235896143008012,-0.3566758479839256
2.658333333333333,0.6755390261075168,-6.446047756535418,0.8792821759005031,3.8855810443282275,-0.35667584798415464
2.6666666666666665,0.6219509514628648,-6.401086054903124,0.9095115978582866,3.3426061664676645,-0.35667584798462787
2.675,0.5690377994372908,-6.289792999591854,0.9346329520427455,2.6698974878423924,-0.35667584798427177
2.683333333333333,0.5172223964286508,-6.14162895003789,0.9538012107435735,1.9214396126434805,-0.35667584798425767
2.6916666666666664,0.46672771949074743,-5.974995988705224,0.9665493547770933,1.133731475909136,-0.35667584798411045
2.7,0.4176653468410176,-5.79871144205394,0.9726475689300449,0.3279878323848593,-0.35667584798428975
2.7083333333333335,0.37010253386518055,-5.615099137761713,0.9719968052507348,-0.48479255767345236,-0.35667584798425395
2.716666666666667,0.3241048767688925,-5.422591572771924,0.9645624429451751,-1.2995655428577821,-0.3566758479842005
2.725,0.27976100429569195,-5.217448613568788,0.9503370481285227,-2.114512531757881,-0.3566758479842581
2.7333333333333334,0.2371960295108803,-4.994781054356449,0.9293204073222305,-2.929550689710646,-0.3566758479842518
2.7416666666666667,0.19657846903073228,-4.7491322622756735,0.901508304571635,-3.7456611013602448,-0.3566758479842097
2.75,0.1581234938868198,-4.474800678658578,0.8668846226503613,-4.564721133069973,-0.3566758479842544
2.7583333333333333,0.12209416831952895,-4.166014188355244,0.8254134663187285,-5.389640532814488,-0.35667584798425206
2.7666666666666666,0.08880160601846196,-3.817025383390487,0.7770293616378772,-6.224667540935411,-0.3566758479842008
2.775,0.05860444934410102,-3.4221911731693346,0.7216246123389176,-7.075742002222211,-0.3566758479842562
2.783333333333333,0.03190740449032816,-2.976145622054493,0.6590341309710055,-7.950704658678568,-0.35667584798425
2.7916666666666665,0.009157163014560262,-2.4743161085366747,0.5890204218750018,-8.858950761007026,-0.3566758479842566
2.8,-0.00916928057877137,-1.9143774500221007,0.5112668224898111,-9.809555831869586,-0.3566758479841805
2.808333333333333,-0.022596616438401062,-1.2999877398374164,0.4253998228777711,-10.805639325103758,-0.35667584798419627
2.8166666666666664,-0.030732468131286984,-0.6494307046629331,0.33108871278533086,-11.83047598669963,-0.35667584798514096
2.825,-0.03345272234026984,-0.012292415010375743,0.22831624956808688,-12.81963563678874,-0.35667584798426066
2.8333333333333335,-0.03125030146221519,0.5104141720381288,0.1179286876211406,-13.625579130443727,-0.3566758479857545
2.841666666666667,-0.025663439774353616,0.7761052341840381,0.0023462428343534267,-14.029150165167728,-0.3566758479847223
2.85,-0.019316939299274315,0.6865368693975556,-0.11432068339486061,-13.876070871936774,-0.35667584798439
2.8583333333333334,-0.015107413629886149,0.28146914284532193,-0.2275342057102613,-13.229048362032772,-0.35667584798455537
2.8666666666666667,-0.015119086443972859,-0.30197624533943024,-0.33403019080358165,-12.301665451282023,-0.35667584798461666
2.875,-0.020281054934184885,-0.9380995957550162,-0.4323180523110775,-11.28314193932851,-0.35667584798375807
2.8833333333333333,-0.030697733338867127,-1.5553169212696862,-0.5221126919196657,-10.273311576463923,-0.3566758479845502
2.8916666666666666,-0.04606461479609278,-2.1233849455637306,-0.6036636491603478,-9.307066063077833,-0.3566758479845079
2.9,-0.06592532980566158,-2.6333580368160763,-0.6773635599572292,-8.388411141035768,-0.35667584798451246
2.908333333333333,-0.08979287050637098,-3.085460997044643,-0.7435832441008686,-7.51028658734014,-0.35667584798448937
2.9166666666666665,-0.11719930525955972,-3.4834656353699653,-0.802621443324661,-6.663319636153277,-0.35667584798448204
2.925,-0.1477142725042833,-3.832392241807412,-0.854701476285917,-5.839062110432043,-0.3566758479845313
2.933333333333333,-0.1809512047536036,-4.137651832037516,-0.8999836334110468,-5.03088137367373,-0.3566758479844917
2.9416666666666664,-0.2165691420684536,-4.404753274884853,-0.938580596760061,-4.233945423287628,-0.35667584798448365
2.95,-0.2542730650849046,-4.639202776034145,-0.970571229774315,-3.4449089411459797,-0.3566758479845221
2.9583333333333335,-0.29381361920235255,-4.846442573162195,-0.9960114563842373,-2.661555979849509,-0.3566758479844898
2.966666666666667,-0.3349862467001204,-5.0317624485510954,-1.0149424244342065,-1.88252062624781,-0.3566758479844842
2.975,-0.37762932455149745,-5.200142857804189,-1.0273969560785532,-1.107168871063384,-0.3566758479845271
2.9833333333333334,-0.42162054796093507,-5.35598065299841,-1.0334060031139443,-0.33573671972661356,-0.35667584798448126
2.9916666666666667,-0.46687027581117485,-5.5026171635271695,-1.03300779282211,0.43013272934444813,-0.356675847984476
3.0,-0.5133096898703593,-5.641539307739523,-1.0262638417408751,1.1862345696186904,-0.3566758479845874
3.0083333333333333,-0.5608703346286071,-5.77107943635652,-1.0132881533426727,1.9237434878622917,-0.3566758479844589
3.0166666666666666,-0.6094502189223033,-5.884483923922106,-0.9942981441537591,2.6260512328369967,-0.3566758479844869
3.025,-0.6588617519700875,-5.9675858338679095,-0.96969545478624,3.2649359164687146,-0.35667584798427354
3.033333333333333,-0.7087625930079031,-5.997384676200792,-0.9401745579077718,3.7983320531084788,-0.35667584798460916
3.0416666666666665,-0.7585883556405669,-5.944531848981829,-0.9068262297720223,4.174853561978242,-0.3566758479846289
3.05,-0.8075340156662474,-5.78279292943108,-0.8711553116063484,4.350261618896566,-0.3566758479844589
3.058333333333333,-0.854637575860167,-5.502892669613591,-0.8349218812781581,4.311216526715699,-0.356675847984389
3.0666666666666664,-0.8989604651801325,-5.11975696320078,-0.7998183003101934,4.087239306506642,-0.35667584798441354
3.075,-0.9397685348044492,-4.66527088193967,-0.7671509666898871,3.737419785320418,-0.35667584798470986
3.0833333333333335,-0.9766122045142024,-4.173478625781791,-0.7377026602142118,3.32415283128082,-0.35667584798452956
3.091666666666667,-1.0092959016091785,-3.670303006888408,-0.7117907749628624,2.894977763292417,-0.35667584798454316
3.1,-1.0377961940716036,-3.1712712711402835,-0.6894162572142946,2.4785378971520866,-0.3566758479844777
3.1083333333333334,-1.0621828136075133,-2.683732861771788,-0.6704076707549402,2.0884742635353506,-0.35667584798453444
3.1166666666666667,-1.082563416763967,-2.2099082070368166,-0.6545233848377614,1.7288250583024323,-0.35667584798453217
3.125,-1.099051246107742,-1.7492276187649596,-0.6415130215879284,1.3982105318703932,-0.3566758479845228
3.1333333333333333,-1.1117484384724956,-1.2997717107822941,-0.6311507103646397,1.092453912581365,-0.35667584798452934
3.1416666666666666,-1.120738391258856,-0.8590523162101598,-0.6232516620296481,0.8060454676427046,-0.356675847984529
3.15,-1.1260828092050048,-0.42439183305813766,-0.6176797681114886,0.5328968455829965,-0.3566758479845288
3.158333333333333,-1.127820889275568,0.006919844459952147,-0.6143507345857113,0.2666990945747676,-0.3566758479845291
3.1666666666666665,-1.1259692795776663,0.4375830757807294,-0.6132331896640202,0.0010747645366689894,-0.3566758479845292
3.175,-1.1205221406901338,0.8702981306378598,-0.6143489734724936,-0.27036333544477814,-0.35667584798452917
3.183333333333333,-1.1114510547955974,1.3077861639126576,-0.6177730636282053,-0.5539726804621468,-0.35667584798452906
3.1916666666666664,-1.098704836125396,1.75278544725327,-0.6236330260523352,-0.8559946991948777,-0.3566758479845286
3.2,-1.0822096345542545,2.207974804425743,-0.6321072631377381,-1.1823345476853353,-0.356675847984538
3.2083333333333335,-1.0618702424624995,2.675744014323153,-0.643420401757745,-1.5380641644532838,-0.35667584798452495
3.216666666666667,-1.0375744094975496,3.1576716918706715,-0.6578325831532368,-1.9264035170254115,-0.35667584798452023
3.225,-1.0092034802791436,3.653484219358998,-0.6756167775010378,-2.346786169540995,-0.3566758479845952
3.2333333333333334,-0.9766549076745639,4.159195878763,-0.6970143753781105,-2.7914935985576363,-0.3566758479845164
3.2416666666666667,-0.9398844484858128,4.664248909456825,-0.7221554834612555,-3.240561343694451,-0.3566758479845378
3.25,-0.8989748423163841,5.148237250862327,-0.7509323364881474,-3.6560117371435283,-0.35667584798419194
3.2583333333333333,-0.854225682096004,5.579732183458518,-0.7828357077370222,-3.979858963716508,-0.35667584798468155
3.2666666666666666,-0.8062285264874854,5.921786939691971,-0.8168181581512247,-4.143930124305236,-0.35667584798462476
3.275,-0.7558587505482942,6.1460459865767305,-0.8513052261117713,-4.094913325071778,-0.3566758479849239
3.283333333333333,-0.7041388422564492,6.247194584145391,-0.8844354625675953,-3.820223358607058,-0.35667584798440843
3.2916666666666665,-0.6520289290250726,6.244306565678712,-0.9144334361147062,-3.3511009219142767,-0.3566758479844769
3.3,-0.6002699189373827,6.168283853213581,-0.93989656533214,-2.741249359186243,-0.35667584798466384
3.308333333333333,-0.5493465771828189,6.047883427375861,-0.9598756739256442,-2.0426071425752084,-0.35667584798462004
3.3166666666666664,-0.4995389223568579,5.903030371051634,-0.9738012112786936,-1.2935018432546226,-0.35667584798461116
3.3249999999999997,-0.45099986785083157,5.744586290174563,-0.9813615166681231,-0.5179371205898738,-0.3566758479844937
3.3333333333333335,-0.40382174303297114,5.576667961210504,-0.982397878368779,0.27066575490983197,-0.35667584798459956
3.341666666666667,-0.358082060492702,5.399069979620117,-0.9768334254009695,1.0655087515099995,-0.3566758479845962
3.35,-0.31387167171826,5.209031720784485,-0.9646305955245915,1.8635882278870828,-0.35667584798454866
3.3583333333333334,-0.2713110085942833,5.002357279739056,-0.9457672172472866,2.6640132827438805,-0.3566758479845875
3.3666666666666667,-0.23055901814814106,4.7740823532558805,-0.9202229104399343,3.467155713126772,-0.3566758479845932
3.375,-0.19181780656857997,4.518861082731858,-0.8879701516361087,4.2743392739806385,-0.356675847984549
3.3833333333333333,-0.15533480719634826,4.231188482855772,-0.8489664170945237,5.087864398872673,-0.35667584798458496
3.3916666666666666,-0.12140351462833472,3.9055324291574345,-0.8031452176341843,5.911229520396941,-0.35667584798459406
3.4,-0.09036328515565384,3.5364369175561268,-0.7504048783326948,6.749429863785159,-0.3566758479845396
3.408333333333333,-0.06259810251419255,3.1186879708470663,-0.6905950384380579,7.609169863707207,-0.3566758479845864
3.4166666666666665,-0.03853308200343257,2.6477382561742697,-0.6235027789107542,8.498661540941765,-0.3566758479845859
3.425,-0.01862492227471673,2.1208457714698516,-0.5488445111022118,9.426261473338563,-0.3566758479846806
3.433333333333333,-0.0033366345086292375,1.5399505600056587,-0.4662794568693641,10.396246970746724,-0.35667584798451046
3.4416666666666664,0.006925631618190476,0.9183410975894026,-0.3754815803444419,11.398241404049754,-0.356675847984424
3.4499999999999997,0.01195730707648612,0.29399195359473085,-0.27634415008587654,12.385137410677293,-0.3566758479848147
3.4583333333333335,0.012039267352177618,-0.25157925022046385,-0.1694195409197235,13.240502439724901,-0.35667584798322205
3.466666666666667,0.008338878397669952,-0.5904098488512588,-0.05657427397787576,13.769948091385464,-0.35667584798525265
3.475,0.0031075189543527076,-0.6063813206965909,0.05865236851555605,13.792132976053763,-0.3566758479842546
3.4833333333333334,-0.0008429006519727998,-0.2939252356128274,0.1718419106607201,13.298294943507276,-0.35667584798604735
3.4916666666666667,-0.001185073016409228,0.2363518117126816,0.27933656923797634,12.46141625835151,-0.3566758479847269
3.5,0.0033345628641151216,0.8541845563969062,0.3791391800154599,11.480070405506732,-0.35667584798467733
3.5083333333333333,0.013052214568321336,1.473879518384616,0.4706191960483543,10.477584913232327,-0.35667584798439805
3.5166666666666666,0.02778875972133022,2.05464661826927,0.5538535368568156,9.505512451558573,-0.356675847984818
3.525,0.047146359234473474,2.581802237765433,0.6291647420159034,8.576278981583346,-0.3566758479847479
3.533333333333333,0.07066239478562789,3.052805941086325,0.6969010724105701,7.68635465011974,-0.356675847984783
3.5416666666666665,0.0978772600633404,3.470156402285132,0.7573571046834577,6.82756168734223,-0.35667584798472296
3.55,0.12836158212686036,3.838296868609309,0.81075719007976,5.991653580723449,-0.3566758479847486
3.558333333333333,0.16172647685605437,4.162381490334977,0.8572625150421612,5.171830204789501,-0.3566758479847836
3.5666666666666664,0.19762723245189148,4.447813455608392,0.8969847532733851,4.362999142287959,-0.35667584798472846
3.5749999999999997,0.23576454470052893,4.700068269097448,0.9299996494244643,3.561581726838708,-0.35667584798474783
3.5833333333333335,0.27588468967999563,4.924593503026893,0.956358379047752,2.7652108300424367,-0.35667584798477703
3.591666666666667,0.3177788333476954,5.126690846641864,0.9760965487849868,1.9724874416273257,-0.3566758479847265
3.6,0.3612810810125945,5.311322478740907,0.9892418043424148,1.1829078554181403,-0.3566758479847496
3.6083333333333334,0.4062643853280662,5.482778030492005,0.995821949556926,0.39708255801943043,-0.356675847984796
3.6166666666666667,0.45263277559968207,5.644104435196227,0.9958766820668181,-0.38257950326684437,-0.3566758479846896
3.625,0.5003073478736013,5.79614943829622,0.9894778215431071,-1.150468198176065,-0.35667584798475827
3.6333333333333333,0.5492020366424296,5.936036987109492,0.9767652702988191,-1.8953533372462474,-0.35667584798482316
3.6416666666666666,0.5991839575855943,6.055003050582043,0.9580078883460529,-2.596853939340477,-0.35667584798475155
3.65,0.6500143621614956,6.136072375105048,0.9336960427501982,-3.221658535790679,-0.35667584798472063
3.658333333333333,0.7012753220975501,6.153420183306816,0.9046566818919687,-3.722698605684019,-0.35667584798420976
3.6666666666666665,0.752309948461851,6.076893608941441,0.8721426704164094,-4.047234011288708,-0.356675847985088
3.675,0.8022310218234725,5.883802415251042,0.8378021380985231,-4.157346940286215,-0.356675847984783
3.683333333333333,0.8500422006271642,5.572372253537676,0.803453656707191,-4.052952828222888,-0.3566758479852491
3.6916666666666664,0.8948353757063926,5.164710255658444,0.7707336041431321,-3.7762698460678568,-0.3566758479844936
3.6999999999999997,0.935950263839669,4.695586259057519,0.7408152915335123,-3.391582238489941,-0.35667584798479596
3.7083333333333335,0.9730163701921157,4.197744587230463,0.7143380287126276,-2.959158776912226,-0.35667584798474944
3.716666666666667,1.0058976453432855,3.6941438174692287,0.6915088315662856,-2.5214723980577447,-0.3566758479848304
3.725,1.0346057414882581,3.197611517910885,0.6722602020250498,-2.102520697930895,-0.35667584798478297
3.7333333333333334,1.0592265601951028,2.713678673971542,0.6563848683837997,-1.7128033209876699,-0.3566758479847655
3.7416666666666667,1.0798722130922171,2.243531239228689,0.6436256406496582,-1.354563205960881,-0.356675847984794
3.75,1.0966541087915658,1.7860808534359303,0.6337275292382787,-1.025513502583921,-0.35667584798478646
3.7583333333333333,1.109669570173782,1.3391811511305072,0.6264652919681921,-0.7210747852941846,-0.3566758479847857
3.7666666666666666,1.1189959797965836,0.9002646687402354,0.6216569188788588,-0.43559300289955083,-0.35667584798478685
3.775,1.1246886814797237,0.46664027341678777,0.619169718454355,-0.1629545080097696,-0.3566758479847868
3.783333333333333,1.1267805151151047,0.03560756348155007,0.6189227942827206,0.10312767570552284,-0.356675847984787
3.7916666666666665,1.1252818785377776,-0.3955195322851639,0.6208879103173965,0.368992817215501,-0.35667584798478685
3.8,1.1201808059207248,-0.8294251630271069,0.6250896794203074,0.6409779603814286,-0.356675847984787
3.808333333333333,1.111442928631124,-1.2688013379481595,0.6316053263963829,0.9253592755740196,-0.3566758479847884
3.8166666666666664,1.0990114987837754,-1.716315577685152,0.6405637012920989,1.2282171192566196,-0.3566758479847837
3.8249999999999997,1.082808047141664,-2.1744788815138807,0.6521425093244217,1.555121299922423,-0.3566758479847879
3.8333333333333335,1.0627348743548355,-2.6453169311268874,0.6665616053325654,1.9104646126173674,-0.3566758479848093
3.841666666666667,1.0386816382393185,-3.1296820507145515,0.6840683285560502,2.296160054682543,-0.3566758479847557
3.85,1.010539987259279,-3.6259645230474224,0.7049079125556572,2.7092828446087966,-0.35667584798479207
3.8583333333333334,0.9782323545253625,-4.127950609913134,0.729268273659698,3.138225459742264,-0.35667584798481183
3.8666666666666667,0.9417621931809127,-4.62189001979672,0.7571865636004004,3.557495001773362,-0.35667584798488355
3.875,0.9012884428359426,-5.083965752226832,0.7884129273042396,3.923267020514221,-0.35667584798474494
3.8833333333333333,0.8572088741180912,-5.481398914798714,0.8222588806355375,4.175379124323621,-0.35667584798434926
3.8916666666666666,0.8102047491051333,-5.781059457292064,0.8575143161761539,4.252570338423929,-0.35667584798485424
3.9,0.7611846342572436,-5.96394480081393,0.8925430928979212,4.118166950276817,-0.35667584798486485
3.908333333333333,0.7111191096569678,-6.03466577886814,0.925573454038033,3.7772709416149257,-0.35667584798532104
3.9166666666666665,0.6608531847227742,-6.0168867493231435,0.9550330341426292,3.2694882566641326,-0.3566758479846531
3.925,0.6110013679150643,-5.939976147820562,0.9797445489148382,2.6460852855034687,-0.35667584798483065
3.933333333333333,0.5619492258563422,-5.8283272803410435,0.9989378927615356,1.9514390138847078,-0.35667584798476165
3.9416666666666664,0.5139146331753035,-5.69767626057503,1.012157589753578,1.2164398301925572,-0.3566758479849095
3.9499999999999997,0.4670180892178408,-5.555995072113757,1.0191525369616554,0.4597935019945843,-0.3566758479848282
3.9583333333333335,0.4213381833092332,-5.405752250825861,1.0197895394226413,-0.30827951250734265,-0.3566758479847903
3.966666666666667,0.37694861134515845,-5.245941330059271,1.0139971020702594,-1.0827255919975216,-0.3566758479848599
3.975,0.3339408257180036,-5.073493235885961,1.0017324747882728,-1.8614129890896005,-0.3566758479848334
3.9833333333333334,0.2924372369103238,-4.884159616039736,0.9829632632679132,-2.643835976142293,-0.35667584798480684
3.9916666666666667,0.25259865200874876,-4.673039875798067,0.9576568722764678,-3.4304856634998337,-0.35667584798485197
4.0,0.21462830874983305,-4.434889818987849,0.9257732504026556,-4.222654779246438,-0.35667584798483376
4.008333333333333,0.1787739251543534,-4.164300653675735,0.88725802042262,-5.0225194153801205,-0.35667584798479923
4.016666666666667,0.1453285974122849,-3.855804144065538,0.8420341538074287,-5.83339132330495,-0.35667584798485485
4.025,0.11463096906952584,-3.5039510522220185,0.7899911505509052,-6.660047526795241,-0.356675847984832
4.033333333333333,0.08706462312643805,-3.1034362890359626,0.7309715815074511,-7.509004059963562,-0.35667584798479474
4.041666666666667,0.06305572146321636,-2.649434812083963,0.6647564487042488,-8.388459533206523,-0.3566758479848432
4.05,0.04306573799873141,-2.138539202775292,0.5910544006614995,-9.307269436084363,-0.35667584798484014
4.058333333333334,0.027571011937542658,-1.5712014127312766,0.5095082419267466,-10.271461750086967,-0.356675847985111
4.066666666666666,0.01700956755040294,-0.9575717986267662,0.41975101869936254,-11.27509672414817,-0.35667584798435414
4.075,0.011654725153923549,-0.3297625879217421,0.3215799718196181,-12.280150233901049,-0.3566758479848811
4.083333333333333,0.011354287329378064,0.23878268574267583,0.2153556025459724,-13.183450324163337,-0.3566758479853139
4.091666666666667,0.01512494477663108,0.6233640704763619,0.10265800837338121,-13.796857109424852,-0.35667584798533736
4.1,0.02086156765313844,0.6940288606677132,-0.013208513532149774,-13.917884083215274,-0.35667584798499835
4.108333333333333,0.0257202176406777,0.41985302342114,-0.1277815287634353,-13.497787472475189,-0.3566758479833641
4.116666666666666,0.027174202577645662,-0.09979522843518945,-0.23709712616113676,-12.692401773784859,-0.35667584798499413
4.125,0.0237615348644635,-0.7275169887615606,-0.3388448160988874,-11.712466823412973,-0.35667584798446356
4.133333333333333,0.01502105974576288,-1.3669796857269036,-0.43221737081655986,-10.698268004844811,-0.3566758479853732
4.141666666666667,0.0010802818423029214,-1.970777058547258,-0.5172286667940739,-9.711197157476835,-0.3566758479850115
4.15,-0.017675909882977795,-2.521256389131963,-0.5941925840897018,-8.767444311957112,-0.35667584798504093
4.158333333333333,-0.04078198273205938,-3.014789226060699,-0.6634658857573181,-7.8642613124649765,-0.35667584798502405
4.166666666666667,-0.06777012145276912,-3.453569597470509,-0.7253526351142613,-6.993129236518765,-0.35667584798505625
4.175,-0.09820162624558226,-3.842028106470089,-0.7800822223334949,-6.145156378729848,-0.35667584798508223
4.183333333333334,-0.13167869225405984,-4.185412219171493,-0.827815394001195,-5.312900435170553,-0.3566758479850247
4.191666666666666,-0.16784868163409153,-4.48926633271298,-0.8686584081170429,-4.490723213836088,-0.3566758479850537
4.2,-0.20640569727101396,-4.759244815594219,-0.9026774972814616,-3.6746069331549136,-0.35667584798507534
4.208333333333333,-0.24709108360174303,-5.001016145418713,-0.9299110458995341,-2.8618322313398368,-0.35667584798502605
4.216666666666667,-0.28969311033390427,-5.220150090472822,-0.950379202360048,-2.0507079578148075,-0.3566758479850544
4.225,-0.33404541481289435,-5.42192225801723,-0.964091897242544,-1.2404791232738213,-0.35667584798508095
4.233333333333333,-0.380023229438994,-5.610963316539525,-0.9710573023071757,-0.4315519042924831,-0.3566758479850017
4.241666666666666,-0.42753566226414047,-5.790638393652276,-0.9712941641319591,0.3737593181483184,-0.3566758479850718
4.25,-0.47651107699106715,-5.961975300142622,-0.9648535749536662,1.1696531466822613,-0.356675847985134
4.258333333333333,-0.5268708503162817,-6.121908408043623,-0.9518587121213153,1.9440452630020317,-0.3566758479849534
4.266666666666667,-0.5784851053415326,-6.260719488202824,-0.932573769306881,2.674382946290029,-0.3566758479850405
4.275,-0.6311052407142449,-6.359227259531769,-0.9075108747853537,3.3230650190337245,-0.35667584798474594
4.283333333333333,-0.6842791082541207,-6.388017752393846,-0.8775644216145603,3.8364528603486363,-0.35667584798559104
4.291666666666667,-0.7372832515904056,-6.313104210221323,-0.8441129369351656,4.155006301073559,-0.3566758479849268
4.3,-0.7891400101305249,-6.110400204427565,-0.8089718766285279,4.23847767577448,-0.356675847985273
4.308333333333334,-0.8387690140193633,-5.781136390189244,-0.7741143003029259,4.0923032158721995,-0.35667584798457563
4.316666666666666,-0.8852170527645967,-5.353181286002953,-0.7412603968171715,3.7691244372172448,-0.356675847985198
4.325,-0.9278250800019983,-4.866115283965621,-0.7115832112280145,3.342011985586772,-0.35667584798514185
4.333333333333333,-0.9662525957475905,-4.354722634895741,-0.6856684375291006,2.8751550096047223,-0.3566758479851439
4.341666666666667,-1.0004008006717913,-3.841878777745592,-0.6636540629335346,2.4111777432118915,-0.3566758479850739
4.35,-1.0303135745984533,-3.3394722189314363,-0.6454101642764479,1.9726613426896085,-0.3566758479850577
4.358333333333333,-1.0561006013210372,-2.8520279038210363,-0.630680220051805,1.5685043965653853,-0.3566758479851111
4.366666666666666,-1.0778902107614758,-2.379941277644221,-0.619169941515586,1.1996696244653489,-0.3566758479850913
4.375,-1.0958044843770272,-1.9215783376836346,-0.610596277168556,0.8629742869440402,-0.35667584798509117
4.383333333333333,-1.1099477211820048,-1.4744407903915773,-0.6047120482256225,0.5532481502355788,-0.3566758479850946
4.391666666666667,-1.1204019439151918,-1.035743321345032,-0.6013173004178158,0.2644549268873682,-0.35667584798509394
4.4,-1.1272257089752253,-0.6026632460550645,-0.6002639926241117,-0.009770590806558278,-0.3566758479850943
4.408333333333333,-1.1304542082657723,-0.1724203368166213,-0.6014576333137702,-0.2758928518845036,-0.35667584798509394
4.416666666666667,-1.1300996521479418,0.25772479772864254,-0.6048577100559474,-0.5403963045903855,-0.3566758479850942
4.425,-1.1261514815647187,0.6905036419854106,-0.6104777568128602,-0.8097659112006054,-0.35667584798509455
4.433333333333334,-1.118576294911985,1.128670095634244,-0.618385287792554,-1.0904649732472405,-0.356675847985093
4.441666666666666,-1.1073176483827558,1.574993971505005,-0.6287013228120094,-1.3888473073824978,-0.3566758479850956
4.45,-1.0922962306074018,2.0321667927510663,-0.6415986053667121,-1.7109118348468502,-0.35667584798510255
4.458333333333333,-1.073411476802715,2.502531166591963,-0.6572966046366943,-2.0617419695190913,-0.3566758479850775
4.466666666666667,-1.0505466814182935,2.9874787970027277,-0.6760496390676017,-2.444357744331743,-0.3566758479851064
4.475,-1.023581330781443,3.4862709192792534,-0.6981215537002518,-2.8575520313181477,-0.35667584798514446
4.483333333333333,-0.9924167384900658,3.9939777165115746,-0.7237362919514809,-3.29218784961022,-0.3566758479850577
4.491666666666666,-0.9570230671049306,4.498437506455716,-0.7529903004238083,-3.7257991035457714,-0.35667584798506635
4.5,-0.9175133129167398,4.977121780163743,-0.7857172530348275,-4.117067033315009,-0.356675847984809
4.508333333333333,-0.8742340953517964,5.396961823449555,-0.8213232923678679,-4.405538889603894,-0.35667584798553686
4.516666666666667,-0.8278290361512163,5.721784143627914,-0.8586707366487548,-4.524743113687531,-0.35667584798506025
4.525,-0.7792041398567678,5.927581030437782,-0.8961347013368826,-4.4291682461913116,-0.35667584798546054
4.533333333333333,-0.7293669442982693,6.015045075585249,-0.9318838082829314,-4.116721902491415,-0.3566758479846577
4.541666666666667,-0.679218733298065,6.007250440347901,-0.9642484644744213,-3.625417734080578,-0.35667584798522556
4.55,-0.6294229617697614,5.935605816834741,-0.9919618070390035,-3.009432294742297,-0.3566758479851827
4.558333333333334,-0.5803931875492229,5.8271927077617365,-1.0141953090396707,-2.3171976320110086,-0.35667584798522506
4.566666666666666,-0.5323548277946808,5.699860237385464,-1.0304656951971243,-1.5827162665419883,-0.3566758479851154
4.575,-0.4854217352165078,5.562887173378188,-1.0405143255910836,-0.8264703515768999,-0.3566758479850885
4.583333333333333,-0.4396576719111612,5.419442268259389,-1.044210849480475,-0.05947256589291171,-0.35667584798518637
4.591666666666667,-0.3951173335455788,5.2688554980289615,-1.0414906599404583,0.7129812195909392,-0.35667584798513596
4.6,-0.35187127266818524,5.108198328735698,-1.032318757340195,1.48875364855599,-0.35667584798512153
4.608333333333333,-0.31002029866719333,4.933261094629297,-1.0166702573720368,2.267378243335818,-0.3566758479851626
4.616666666666666,-0.2697035462260169,4.739126765677807,-0.994519970271797,3.049317795488604,-0.3566758479851393
4.625,-0.23110286859701926,4.520500605387502,-0.9658360102961608,3.8357024619342317,-0.356675847985119
4.633333333333333,-0.1944451346111676,4.271896125781042,-0.930574220407951,4.628373589081409,-0.3566758479851636
4.641666666666667,-0.16000336505378368,3.9877348250206706,-0.8886713472998411,5.430125570630197,-0.35667584798513724
4.65,-0.12809726823239373,3.6623962130913705,-0.8400356424858603,6.245069871684338,-0.35667584798511
4.658333333333333,-0.09909343165615833,3.2902593256512036,-0.7845341945860395,7.079038566847062,-0.35667584798516827
4.666666666666667,-0.07340493160212273,2.8658225977406877,-0.7219772142902303,7.93987589124937,-0.3566758479851361
4.675,-0.05148893986498808,2.3841193004190315,-0.6521014656692061,8.837263187276383,-0.3566758479851445
4.683333333333334,-0.03383795315573943,1.8419656838563299,-0.574559829327209,9.78120539259872,-0.35667584798503965
4.691666666666666,-0.020953167856650145,1.2412996475568139,-0.4889356163362411,10.777101084087036,-0.3566758479852826
4.7,-0.013272860756591365,0.597213838712066,-0.39482650471905006,11.81297568287972,-0.3566758479858326
4.708333333333333,-0.011001142528554348,-0.04562325511691889,-0.2920907075932632,12.832280957875884,-0.3566758479851393
4.716666666666667,-0.013766295691029848,-0.5902883069502661,-0.18138150134802544,13.694618931735539,-0.3566758479850145
4.725,-0.02015427271855968,-0.8890874216200589,-0.06491466489418404,14.173555376702724,-0.3566758479859518
4.733333333333333,-0.027560586775635398,-0.8247674226865322,0.053243885977666966,14.084928897734283,-0.35667584798698265
4.741666666666666,-0.03294570686985947,-0.42108639837414896,0.1683429208712903,13.466231948689531,-0.3566758479863431
4.75,-0.034025277279240686,0.18235618918361135,0.2768174824091899,12.535534125865807,-0.356675847985545
4.758333333333333,-0.029736907565065453,0.8490114730844867,0.37698551620614207,11.499352523655817,-0.3566758479845893
4.766666666666667,-0.019923912572013078,1.4996226735648683,0.46849613700870535,10.468957779168708,-0.35667584798552004
4.775,-0.004882919749063009,2.1006770910873245,0.5515953890133932,9.48329470154664,-0.35667584798546176
4.783333333333333,0.014921391064925061,2.6422839713302886,0.626688405755498,8.54671925315923,-0.3566758479854598
4.791666666666667,0.03899012465803892,3.124596185804874,0.6941551627081168,7.651285419494555,-0.3566758479854393
4.8,0.06684417882732183,3.551572886609119,0.7542949158407879,6.786526839538249,-0.35667584798543284
4.808333333333334,0.09804390047217824,3.928483197104791,0.8073227961369634,5.943025582462632,-0.3566758479854838
4.816666666666666,0.13219559831711541,4.261009002289851,0.8533836187706176,5.1133706878385885,-0.3566758479854417
4.825,0.1689535662989388,4.5549620094644565,0.8925688447223233,4.2921230462477835,-0.3566758479854339
4.833333333333333,0.20802076161558994,4.816201887616525,0.924931619406666,3.4754574130408593,-0.35667584798547625
4.841666666666667,0.24914900927951358,5.050587208884753,0.9504985258961403,2.6607620177294216,-0.35667584798543917
4.85,0.29213866142932987,5.263884612626383,0.9692783226904227,1.8463331855933258,-0.3566758479854337
4.858333333333333,0.33683714713686425,5.461584206614438,0.9812688948243126,1.0312704272862854,-0.35667584798548946
4.866666666666666,0.3831353618301851,5.648550521680249,0.9864646166341382,0.2157081903609663,-0.3566758479854253
4.875,0.43096005970051804,5.828385530146774,0.9848677712190165,-0.598395869126476,-0.3566758479854203
4.883333333333333,0.4802590542858008,6.002297442876722,0.9765100258201185,-1.4055649552892813,-0.35667584798559077
4.891666666666667,0.5309739626585865,6.167193711661775,0.9614934343749207,-2.193733165018035,-0.35667584798539165
4.9,0.582993059177978,6.312814937899803,0.9400639519404512,-2.9395209014885055,-0.35667584798544955
4.908333333333333,0.636077654965947,6.418462226220891,0.9127286258381769,-3.6028561470970564,-0.3566758479849446
4.916666666666667,0.689767523879419,6.451920925086418,0.8804063778833688,-4.125466247763073,-0.3566758479856692
4.925,0.7433042578542817,6.375802059101761,0.8445447142352468,-4.442204883414965,-0.3566758479855819
4.933333333333334,0.7956516624024127,6.164203915844606,0.8070662780825639,-4.510020053151319,-0.35667584798591395
4.941666666666666,0.8456699068364555,5.820075801198005,0.7700500651752471,-4.337657692739684,-0.35667584798525687
4.95,0.8923728785787732,5.375496854373309,0.7352737197701047,-3.9853040021710493,-0.3566758479853934
4.958333333333333,0.9351035132773119,4.873749539660165,0.7039057084930591,-3.5325759017754863,-0.35667584798552954
4.966666666666667,0.9735457167770499,4.3512403538728766,0.6764876403791653,-3.046503979370663,-0.3566758479855181
4.975,1.0076311051358537,3.8308266351418427,0.6531030391292124,-2.569648866245395,-0.35667584798551366
4.983333333333333,1.0374304129941303,3.3237004956799248,0.6335740957089299,-2.1233239361988856,-0.35667584798544
4.991666666666666,1.063073809606187,2.833618030104354,0.6176079919645956,-1.7150264309458163,-0.3566758479854999
5.0,1.0847042644358735,2.3603562236868805,0.6048848443872947,-1.3445801444068417,-0.3566758479854965
5.008333333333333,1.1024541092815545,1.9018433575080975,0.5951041528057384,-1.0079815673922583,-0.35667584798549007
5.016666666666667,1.1164348919482232,1.4552914327904665,0.5880069894371168,-0.6995009009278894,-0.35667584798549457
5.025,1.1267339405611807,1.0177319229488702,0.5833854839801932,-0.41272992281698495,-0.35667584798549423
5.033333333333333,1.1334139108504002,0.5862308992468399,0.5810862170743541,-0.14105728397419273,-0.3566758479854943
5.041666666666667,1.136513373421005,0.15794260270246796,0.5810110146819025,0.1221492249781252,-0.35667584798549423
5.05,1.1360474875790687,-0.2699132740845478,0.5831168875327196,0.3835016260900813,-0.35667584798549423
5.058333333333334,1.1320083350618118,-0.7001048432523359,0.5874159139497978,0.6496088056658621,-0.35667584798549473
5.066666666666666,1.1243647840279736,-1.1354433253865612,0.5939753186189127,0.9270986514113396,-0.3566758479854939
5.075,1.1130619740356673,-1.5788136628760603,0.602917587897719,1.222595332196299,-0.3566758479854935
5.083333333333333,1.0980207781972207,-2.0331407953352665,0.6144199716889372,1.5425792669718543,-0.3566758479855034
5.091666666666667,1.0791380477641295,-2.5012195071138392,0.628711911552238,1.8930008869185144,-0.3566758479854892
5.1,1.0562892789803708,-2.9852736866638927,0.646067454963005,2.278411706152134,-0.35667584798548513
5.108333333333333,1.0293368540957837,-3.486009687011498,0.6667870647460169,2.700201829961467,-0.3566758479855721
5.116666666666666,0.9981494801230363,-4.000808737939868,0.6911589355617955,3.153329039374146,-0.35667584798547164
5.125,0.9626415678333415,-4.520712218749736,0.7193845616135041,3.6209494112032963,-0.35667584798549157
5.133333333333333,0.9228423174177409,-5.026464720206184,0.7514516840239851,4.067439119217293,-0.3566758479851669
5.141666666666667,0.8789948450171255,-5.485903379617765,0.7869544854338019,4.433839624706362,-0.35667584798569296
5.15,0.8316536149058054,-5.858035372402104,0.824917206712445,4.6450915915419255,-0.3566758479856293
5.158333333333333,0.7817026986942156,-6.108014593436258,0.8637575956436284,4.636465293825989,-0.35667584798586405
5.166666666666667,0.7302239928244273,-6.225635369754342,0.9015156800237945,4.386388148587378,-0.3566758479853134
5.175,0.6782582690695516,-6.22996837620043,0.936275257590492,3.925322345336477,-0.35667584798541996
5.183333333333334,0.6266092742640732,-6.155692611725252,0.9665168277937507,3.312633979620954,-0.3566758479856711
5.191666666666666,0.5757887856489023,-6.03590312886808,0.9912290145832227,2.6069084746203197,-0.35667584798560226
5.2,0.5260725255155497,-5.893563433077903,1.0098273293118207,1.8509358415622819,-0.3566758479855845
5.208333333333333,0.4775900547618697,-5.741131055726351,1.0220118539281242,1.0707680438956004,-0.3566758479854466
5.216666666666667,0.43040136707422016,-5.583372985919814,1.0276456113634598,0.2803354811708574,-0.35667584798557445
5.225,0.38454849658867407,-5.420248901907256,1.0266742629095824,-0.5137704121306632,-0.35667584798556545
5.233333333333333,0.34008645560288314,-5.248950994041254,1.0190799466244582,-1.3089576267858578,-0.35667584798551955
5.241666666666666,0.2971006310837723,-5.065153209155312,1.0048569030705554,-2.1046816821910754,-0.35667584798555824
5.25,0.25571616392275553,-4.863728502325128,0.9839990504481078,-2.9014595746445537,-0.35667584798556173
5.258333333333333,0.21610279221603101,-4.639149094433955,0.9564930457244198,-3.700490311675127,-0.35667584798552227
5.266666666666667,0.17847718702976179,-4.38570467743841,0.9223128264330185,-4.503649465227132,-0.35667584798555524
5.275,0.14310395284951463,-4.097613679237301,0.8814131433241297,-5.313719198290765,-0.3566758479855628
5.283333333333333,0.11029599297910084,-3.7690702177135904,0.8337205094266316,-6.134765649884867,-0.3566758479855131
5.291666666666667,0.08041462526936946,-3.3942647075718266,0.7791206600014431,-6.972583777739962,-0.356675847985555
5.3,0.053869411121055574,-2.96744987407442,0.7174424368924592,-7.835080348490058,-0.3566758479855622
5.308333333333334,0.031116683780495934,-2.483232752037657,0.6484396642525199,-8.732299015287657,-0.35667584798554486
5.316666666666666,0.012653270744548261,-1.9375508513632551,0.5717766137555701,-9.6753479477204,-0.35667584798552227
5.325,-0.0010042625799561785,-1.33044134978805,0.48703268950072376,-10.672411841559724,-0.35667584798545976
5.333333333333333,-0.009378728114268448,-0.6730331279869226,0.3937655902550468,-11.717758985226954,-0.356675847986554
5.341666666666667,-0.012181087612981527,-0.0027891325664092803,0.29171925729223414,-12.766686864238265,-0.35667584798546326
5.35,-0.009627557341828944,0.592290362053686,0.18131418060265356,-13.694139245153334,-0.3566758479855191
5.358333333333333,-0.0029280214049552016,0.9645783809082296,0.06444385865101321,-14.275389071302063,-0.356675847985027
5.366666666666666,0.005428483947180588,0.974710115191723,-0.05501798355634554,-14.291975507788345,-0.3566758479862974
5.375,0.01228346162170634,0.618080195699069,-0.17214349061011397,-13.736616753490772,-0.3566758479883809
5.383333333333333,0.01508614366633336,0.029817900247167413,-0.2829620981527442,-12.821320187213484,-0.3566758479858102
5.391666666666667,0.012559682296522488,-0.6402170477865604,-0.3854781341850963,-11.774727425498176,-0.3566758479849105
5.4,0.004447367580255757,-1.3006680586579369,-0.47921311517383364,-10.727343000597733,-0.35667584798618457
5.408333333333333,-0.008979306748791481,-1.9120142141312995,-0.5644014562267924,-9.727019735388021,-0.35667584798588414
5.416666666666667,-0.027248634839120753,-2.4621906603040187,-0.6414815094721248,-8.780763233485946,-0.3566758479858885
5.425,-0.04984442712683424,-2.950794970398405,-0.7108761848568217,-7.880746909410799,-0.35667584798586405
5.433333333333334,-0.07626834120987522,-3.3817644916465635,-0.7729247599695506,-7.01586178175768,-0.35667584798588015
5.441666666666666,-0.10606192983526318,-3.760458439261846,-0.8278763773415186,-6.17594988647281,-0.3566758479859252
5.45,-0.13881339509444857,-4.092622814795137,-0.8759040978650167,-5.3529725055784105,-0.3566758479858668
5.458333333333333,-0.1741592280239711,-4.38407757797492,-0.9171230433499661,-4.5410184853120885,-0.35667584798588003
5.466666666666667,-0.21178444625265708,-4.640644774387274,-0.9516066894916397,-3.735929832995906,-0.3566758479859161
5.475,-0.25142252262588133,-4.8681274733045825,-0.9793996081373975,-2.934855764137563,-0.3566758479858678
5.483333333333333,-0.29285506863239436,-5.072263972543206,-1.0005266930635288,-2.135870450149302,-0.35667584798588076
5.491666666666666,-0.3359108938005032,-5.258617884947759,-1.0149997549852177,-1.3377368009882207,-0.35667584798591734
5.5,-0.3804637397993151,-5.432360918208069,-1.0228230549098283,-0.5399056920959352,-0.3566758479858525
5.508333333333333,-0.42642751204048224,-5.597872714450326,-1.0240002707376687,0.257109438381837,-0.35667584798588176
5.516666666666667,-0.47374696849877357,-5.758021542744314,-1.0185469233225457,1.050747409645713,-0.3566758479859874
5.525,-0.5223803552308915,-5.912907697373302,-1.006514779593355,1.8344385497034608,-0.35667584798578006
5.533333333333333,-0.5722683960792145,-6.057804502088624,-0.9880381938963171,2.5942353843697217,-0.3566758479858859
5.541666666666667,-0.6232823700169268,-6.180234469143553,-0.9634149814056424,3.3039633542832956,-0.35667584798575397
5.55,-0.6751467575093837,-6.257089337822333,-0.9332293523576246,3.9204978359856075,-0.3566758479862455
5.558333333333334,-0.727348057311827,-6.254953969132975,-0.8984963951297643,4.3846277966950815,-0.3566758479858938
5.566666666666666,-0.7790775784282957,-6.138725271921898,-0.8607454003934152,4.636205768029418,-0.3566758479855697
5.575,-0.8292865037983879,-5.889065845924063,-0.8219079826296585,4.644295387338219,-0.3566758479855239
5.583333333333333,-0.8768842546073818,-5.516312756195259,-0.7839605782329855,4.430720548633333,-0.3566758479859169
5.591666666666667,-0.9209806288378259,-5.055747765691407,-0.7484971684904638,4.061014997672732,-0.3566758479862305
5.6,-0.9610188331252547,-4.5487915980589175,-0.7164981922674506,3.6110389230170106,-0.35667584798593
5.608333333333333,-0.9967562533820803,-4.027848669710523,-0.6883687479111256,3.140226783186198,-0.3566758479859298
5.616666666666666,-1.028165454138791,-3.512248345557479,-0.6641177418496491,2.6843795195283295,-0.35667584798585283
5.625,-1.055333992181248,-3.0109367144608656,-0.6435396097684761,2.260358244990146,-0.35667584798595664
5.633333333333333,-1.0783948800982057,-2.5264924196646708,-0.6263422321965039,1.8731652055320995,-0.35667584798592905
5.641666666666667,-1.0974871085865405,-2.058168610257944,-0.6122216096656972,1.5213618308612553,-0.3566758479859201
5.65,-1.1127362492241055,-1.6037092353059594,-0.6009005332115627,1.2003562596932813,-0.356675847985931
5.658333333333333,-1.1242462898204395,-1.1602966258452034,-0.5921466897690928,0.9041687519237134,-0.3566758479859287
5.666666666666667,-1.132097039335536,-0.7249907350945558,-0.5857801611845896,0.626299013172546,-0.3566758479859286
5.675,-1.1363439402205566,-0.2948974125778872,-0.5816759280012739,0.36010988953582784,-0.356675847985929
5.683333333333334,-1.1370186483600788,0.13279951277408855,-0.5797643203626646,0.09896500117536024,-0.35667584798592855
5.691666666666666,-1.1341295777674218,0.5608702025928101,-0.5800308743410867,-0.1637506935322772,-0.3566758479859285
5.7,-1.1276620555629808,0.9920953691506655,-0.5825162427642933,-0.43465526501953455,-0.3566758479859282
5.708333333333333,-1.1175779960211303,1.429321034649418,-0.5873163228549242,-0.7203897705740065,-0.3566758479859285
5.716666666666667,-1.103815219067747,1.8754835796124445,-0.5945823576056825,-1.0275818019612215,-0.3566758479859323
5.725,-1.0862868292012076,2.333560328003154,-0.604520233230599,-1.3626712411455004,-0.3566758479859219
5.733333333333333,-1.0648815865238905,2.8063621173761697,-0.6173872684066665,-1.731449375531943,-0.3566758479859287
5.741666666666666,-1.039467172819105,3.296011490198314,-0.6334830741499192,-2.138036481118057,-0.35667584798598045
5.75,-1.009900014300303,3.8028337937973524,-0.6531279876665925,-2.5828229126390174,-0.3566758479858711
5.758333333333333,-0.9760481549904773,4.323260539345155,-0.6766176740361856,-3.0586824177088503,-0.3566758479859275
5.766666666666667,-0.93783704025554,4.84640287227682,-0.7041367321258033,-3.544881639708435,-0.3566758479858964
5.775,-0.8953282720603986,5.349797500400171,-0.7356140395349533,-3.999602113725613,-0.35667584798621393
5.783333333333333,-0.8488280412739034,5.797346537685114,-0.7705262805472622,-4.356402412405966,-0.3566758479859365
5.791666666666667,-0.7989824691613309,6.145647998898366,-0.807725459213661,-4.5354909388345215,-0.3566758479855015
5.8,-0.7467703409028467,6.361884198412023,-0.8454482467439234,-4.475392924692747,-0.35667584798559177
5.808333333333334,-0.6933317479930324,6.442134867088291,-0.8816165310713505,-4.165620920700935,-0.3566758479859713
5.816666666666666,-0.6397098225346728,6.41175642428364,-0.914296312043965,-3.648183232127886,-0.3566758479864775
5.825,-0.5866718191492454,6.308201312903404,-0.9420245067681321,-2.9882199280029567,-0.3566758479859907
5.833333333333333,-0.5346847304862369,6.164057220881244,-0.963869248388465,-2.2445351309488424,-0.35667584798599317
5.841666666666667,-0.4839907324793571,6.000402411193805,-0.9793153079801167,-1.4577532813819385,-0.3566758479858576
5.85,-0.4347023032909294,5.82776726936485,-0.9881124631540346,-0.6516308374766897,-0.3566758479860689
5.858333333333333,-0.3868767802164836,5.6494097671286685,-0.9901567897406452,0.16155924096634122,-0.3566758479859973
5.866666666666666,-0.3405642486090925,5.464215266064497,-0.9854159770164979,0.9762424755158535,-0.3566758479859502
5.875,-0.2958352682467314,5.26863250443413,-0.9738876498825795,1.7904190581278017,-0.35667584798601626
5.883333333333333,-0.2527959471514812,5.057823012317879,-0.955577593434203,2.6039316053133583,-0.35667584798599816
5.891666666666667,-0.2115957080387192,4.8263082308581735,-0.9304882755641292,3.4176541500133806,-0.3566758479859616
5.9,-0.17243099483803487,4.568323991407622,-0.898611577447704,4.233246141037692,-0.3566758479860117
5.908333333333333,-0.13554678538368706,4.278007925368202,-0.8599220303111363,5.053248597153918,-0.3566758479859984
5.916666666666667,-0.10123697989890465,3.9494909409516765,-0.8143683182502865,5.881385736341441,-0.3566758479859532
5.925,-0.06984425285649057,3.5769430452562863,-0.7618617680344966,6.72296934648506,-0.3566758479860145
5.933333333333334,-0.04175949182522701,3.1546424982517305,-0.702261461301744,7.585277142389944,-0.3566758479859969
5.941666666666666,-0.017420079985514845,2.6772226849690854,-0.6353571168346919,8.477646653405108,-0.3566758479859726
5.95,0.002695811097938247,2.1404777782595636,-0.5608543097418506,9.41066644538406,-0.3566758479859493
5.958333333333333,0.018086857428466517,1.543643465253887,-0.4783749061400116,10.392964232338933,-0.3566758479859913
5.966666666666667,0.02827786321487112,0.8951785227293693,-0.38750512375145774,11.422195053047453,-0.3566758479868002
5.975,0.03294381310178196,0.22560734097574453,-0.2879635934966947,12.464041520649662,-0.3566758479855591
5.983333333333333,0.032180090387113516,-0.39060874506875876,-0.18001329796733198,13.415074465581409,-0.35667584798412133
5.991666666666666,0.026949247367965116,-0.8203500867001345,-0.06518354917560966,14.074838967378565,-0.35667584798717034
6.0,0.019440190584178788,-0.9182949415653631,0.053111683053579016,14.216700151690317,-0.3566758479869616
6.008333333333333,0.012687775810891882,-0.646349468602941,0.17013053733404854,13.780533121757214,-0.3566758479857964
6.016666666666667,0.009394610620344737,-0.11388555118251889,0.281654865593873,12.93834632850826,-0.356675847986177
6.025,0.011088681553484895,0.5282301977262963,0.38529584982672743,11.922185557116729,-0.35667584798536456
6.033333333333333,0.0182123436523037,1.177240997442777,0.4802994489600499,10.881922395455307,-0.35667584798635116
6.041666666666667,0.03059126521094262,1.784750084242647,0.5667715031786491,9.879833413291047,-0.35667584798635227
6.05,0.04779506723468703,2.3339761559659764,0.6451106734945734,8.930211846685513,-0.3566758479862866
6.058333333333334,0.06932137248344437,2.8223503797880647,0.7157412375122228,8.028279397931476,-0.356675847986299
6.066666666666666,0.09467335608784322,3.252862893880477,0.779019858436888,7.163994497118053,-0.3566758479862846
6.075,0.12338867662144823,3.630443797430327,0.8352179975499461,6.327441790497412,-0.3566758479863359
6.083333333333333,0.15504902441902502,3.9606057554454757,0.8845315608297496,5.510521220644872,-0.35667584798630136
6.091666666666667,0.1892827282943042,4.248991553028107,0.9270975769692645,4.7071813042844814,-0.35667584798628676
6.1,0.22576518717319477,4.50124538478836,0.963010286996364,3.913140179387212,-0.35667584798632657
6.108333333333333,0.26421869666018355,4.722972947409161,0.9923342061714411,3.125476802800549,-0.3566758479862991
6.116666666666666,0.3044119642709019,4.919697088243055,1.0151138355756484,2.342253419040271,-0.3566758479862881
6.125,0.34615908227085773,5.096766441599321,1.03138066152323,1.562253997192702,-0.3566758479863258
6.133333333333333,0.3893174245630831,5.25918179748981,1.0411587101278552,0.7849127278807307,-0.35667584798629404
6.141666666666667,0.43378357665639367,5.411285814608776,1.0444706382556843,0.010535716705957265,-0.3566758479862802
6.15,0.47948579646801115,5.556220123464741,1.041347444521573,-0.7590168527939195,-0.35667584798637514
6.158333333333333,0.5263704632592736,5.694994105056414,1.0318466545472538,-1.5189272756069778,-0.3566758479862765
6.166666666666667,0.5743784418974645,5.8249614395378035,1.0160863659724648,-2.258962075017332,-0.35667584798626395
6.175,0.6234057623087855,5.937581741879565,0.9943049800325531,-2.9597751056946024,-0.35667584798628316
6.183333333333334,0.6732436968896566,6.015865889241779,0.9669550144787068,-3.5886910086366637,-0.35667584798632246
6.191666666666666,0.7235018070930629,6.033315357174489,0.934824532876399,-4.09810766683108,-0.35667584798650115
6.2,0.7735409258742384,5.958083685617547,0.899139434734658,-4.432908445313667,-0.3566758479857824
6.208333333333333,0.8224740597584773,5.765129322916203,0.861547079244657,-4.551521367919718,-0.35667584798627927
6.216666666666667,0.8692872403091187,5.451003569873672,0.8238934913253584,-4.451183220440337,-0.3566758479861368
6.225,0.9130478398823642,5.037898944675918,0.7878535059865792,-4.174264025488866,-0.35667584798675633
6.233333333333333,0.9530780511026379,4.561988851674892,0.7546275315006618,-3.78730510185559,-0.3566758479863197
6.241666666666666,0.9890026747818084,4.057504536261783,0.7248616940574868,-3.3528767788850398,-0.35667584798634994
6.25,1.0206909857671327,3.5482798885557205,0.6987548883375261,-2.9146684635786513,-0.35667584798626706
6.258333333333333,1.0481646128860103,3.047420431961218,0.6762258692452213,-2.4968802804877783,-0.35667584798634056
6.266666666666667,1.0715201627975308,2.5603975790795612,0.6570545191445136,-2.1096700543128923,-0.3566758479863444
6.275,1.0908793221850177,2.0882120713292593,0.6409745669672553,-1.754764334830352,-0.3566758479863243
6.283333333333333,1.1063614241249562,1.6295763181063023,0.6277262679940604,-1.4293735102979328,-0.35667584798633645
6.291666666666667,1.1180701644083524,1.1821744942694954,0.6170834951669425,-1.1284970823678064,-0.3566758479863369
6.3,1.1260880524472994,0.7433096921454516,0.6088664767965127,-0.84615154761007,-0.35667584798633584
6.308333333333334,1.1304746362936464,0.31019754630470725,0.6029471654555594,-0.5759721702486346,-0.35667584798633656
6.316666666666666,1.1312663021009763,-0.11992892481793309,0.5992511480895538,-0.3114776561591503,-0.35667584798633667
6.325,1.1284765056569543,-0.549808950047983,0.597758143769605,-0.04616504116877099,-0.3566758479863364
6.333333333333333,1.1220958909939027,-0.9821847062580492,0.5985020682151967,0.22646887211058642,-0.35667584798633667
6.341666666666667,1.112092104808024,-1.4198385127816433,0.6015710002157472,0.5129159443096476,-0.3566758479863366
6.35,1.0984093835411135,-1.8656041898912468,0.6071068900184343,0.8195953129102946,-0.3566758479863401
6.358333333333333,1.0809683047856886,-2.32230643688501,0.6153042732942654,1.1526584467961156,-0.3566758479863361
6.366666666666666,1.0596666067471787,-2.7925472923199104,0.6264063348490718,1.5175164888166066,-0.3566758479863305
6.375,1.0343829006497895,-3.2781936512636025,0.6406950382276896,1.9178332465982024,-0.35667584798638136
6.383333333333333,1.004986715350552,-3.779319149642207,0.6584692157037503,2.3535545463812197,-0.3566758479863284
6.391666666666667,0.971360824773737,-4.292252370135527,0.680000165994249,2.817374711569444,-0.3566758479863114
6.4,0.9334446260104536,-4.80646354002641,0.7054495082698952,3.2891940248962923,-0.3566758479863016
6.408333333333333,0.8913070853049695,-5.300797993854774,0.734734732313077,3.7294945021790964,-0.35667584798639357
6.416666666666667,0.8452455405345516,-5.7417414457495655,0.7673496392934603,4.076377392718943,-0.35667584798655777
6.425,0.7958723257433582,-6.089038029705807,0.8022072723043362,4.255609164869353,-0.35667584798595703
6.433333333333334,0.7441111436564876,-6.311415011167138,0.8376432813879695,4.208532194513676,-0.35667584798629587
6.441666666666666,0.691047562001773,-6.40319895744202,0.8716787847578327,3.921768314122088,-0.35667584798613405
6.45,0.6376954253721626,-6.385867439459219,0.9024364328911639,3.430729754623031,-0.3566758479868448
6.458333333333333,0.5848243775143879,-6.293532052053874,0.9284558182078596,2.794862455613138,-0.35667584798641333
6.466666666666667,0.5329243469135672,-6.157225627668715,0.9487728462612968,2.0703519149278087,-0.356675847986434
6.475,0.4822670485300508,-5.997864352395441,0.9628292100749694,1.2976090633017263,-0.3566758479862734
6.483333333333333,0.4329928073881074,-5.826434467313977,0.9703350714190391,0.5012391563041226,-0.3566758479864152
6.491666666666666,0.3851822672370524,-5.646774525019416,0.9711551819055542,-0.30543807519937827,-0.3566758479864218
6.5,0.33890421444999663,-5.458278865153564,0.9652341024040083,-1.115957699946205,-0.3566758479863548
6.508333333333333,0.29424413714869657,-5.25779261138392,0.9525527515608061,-1.9276715787973788,-0.3566758479864004
6.516666666666667,0.2513201904437925,-5.040776833554431,0.9331046364210323,-2.740002290675153,-0.3566758479864107
6.5249999999999995,0.2102916531612094,-4.801984019133556,0.906882627036339,-3.553594014802285,-0.3566758479863671
6.533333333333333,0.17136309150334278,-4.535839195052228,0.8738702636992524,-4.37002828975706,-0.3566758479863964
6.541666666666667,0.1347861203846982,-4.236651209125343,0.8340338791976966,-5.1918835327084825,-0.35667584798641117
6.55,0.10085983486785755,-3.8987312054575693,0.7873133150402195,-6.0229922341143425,-0.35667584798635943
6.558333333333334,0.06993042416203371,-3.516481929330994,0.7336100945183538,-6.868772161135097,-0.35667584798639596
6.566666666666666,0.042389854063318015,-3.084554213344796,0.6727730859175388,-7.736459427749139,-0.35667584798641017
6.575,0.01867230064064307,-2.598281978232556,0.6045837425267565,-8.634892120629598,-0.35667584798639396
6.583333333333333,-0.0007557682948234547,-2.054893303288245,0.5287475807953719,-9.573030166324948,-0.3566758479863877
6.591666666666667,-0.015422427688567896,-1.4566268063466854,0.4449091956803189,-10.555338812662292,-0.35667584798627505
6.6,-0.024918441051457973,-0.8180227835510113,0.3527313615875979,-11.570173503046766,-0.356675847987162
6.608333333333333,-0.029054671006254734,-0.18050207462832396,0.25211978681644204,-12.565583344041157,-0.3566758479864599
6.616666666666666,-0.028169862902073028,0.3676414007754329,0.14370281271538426,-13.414616876189204,-0.35667584798769003
6.625,-0.023552334646849693,0.6912126515607636,0.029523530520949977,-13.911067390019104,-0.3566758479869851
6.633333333333333,-0.017602980928033498,0.6762814552533333,-0.08665303864956775,-13.876611885623799,-0.3566758479865191
6.641666666666667,-0.01320830229811052,0.33180391840901524,-0.20029918176150066,-13.325392491578196,-0.35667584798837265
6.6499999999999995,-0.012647247970073295,-0.21947110529434583,-0.30784118330151805,-12.449261415858295,-0.3566758479863297
6.658333333333333,-0.01706980429503551,-0.845997383216146,-0.4074484748261017,-11.448081449096817,-0.35667584798693924
6.666666666666667,-0.02672479472575957,-1.4659757167932883,-0.49862585423777706,-10.43848860540961,-0.35667584798665636
6.675,-0.041379257758182686,-2.0422890055071576,-0.5815298611675771,-9.466108701027355,-0.35667584798651963
6.683333333333334,-0.06060615228813761,-2.5624980953295267,-0.6565239409557614,-8.539963283433174,-0.3566758479866189
6.691666666666666,-0.0839275768991419,-3.0252474987987465,-0.7239769525673534,-7.654891152231261,-0.35667584798661756
6.7,-0.1108757869970299,-3.433628894426561,-0.784194856964252,-6.802024488031621,-0.35667584798666796
6.708333333333333,-0.14101680117034415,-3.7923736950453635,-0.837409738640412,-5.9728725057720355,-0.35667584798661295
6.716666666666667,-0.1739588052320505,-4.106767558355025,-0.8837894103842288,-5.160585424067323,-0.35667584798661667
6.725,-0.2093548704991377,-4.3822617381039874,-0.9234521205032166,-4.360094399673606,-0.3566758479866578
6.733333333333333,-0.24690366802835836,-4.624334582094628,-0.9564804681105846,-3.567857077473395,-0.35667584798661434
6.741666666666666,-0.28634937302662716,-4.838416404988132,-0.9829327083259284,-2.781518584513423,-0.35667584798661744
6.75,-0.32748090823177683,-5.0297967753705715,-1.002851409017749,-1.9996324031713868,-0.35667584798665397
6.758333333333333,-0.3701301758001818,-5.203467217629878,-1.0162703564280142,-1.2215338037156949,-0.3566758479866087
6.766666666666667,-0.4141685409440837,-5.363848795916756,-1.0232213714410197,-0.4474639124101337,-0.3566758479866169
6.7749999999999995,-0.4595003053476998,-5.514325365990828,-1.023743674332262,0.32091366490233136,-0.3566758479866934
6.783333333333333,-0.5060510609897405,-5.656456153757425,-1.0178999072946775,1.0793890371451245,-0.3566758479865763
6.791666666666667,-0.5537475611403052,-5.7886976157396575,-1.0058050177362252,1.8191951681112433,-0.3566758479866151
6.8,-0.6024843901973324,-5.904506623177234,-0.987676387577195,2.5239128686263035,-0.35667584798664514
6.808333333333334,-0.6520727763005189,-5.990048236209828,-0.9639132574419902,3.165706900418104,-0.3566758479866944
6.816666666666666,-0.702172458731563,-6.022761689335798,-0.9352036534671119,3.70307866201548,-0.35667584798667085
6.825,-0.7522247782960683,-5.973692667239047,-0.9026272009650513,4.085135291137397,-0.3566758479860296
6.833333333333333,-0.8014324728802148,-5.816644425588605,-0.8676755572214225,4.26753922858477,-0.3566758479866584
6.841666666666667,-0.8488392739015048,-5.5418129881315545,-0.8321003027068492,4.2359239770116925,-0.3566758479866057
6.85,-0.8935062768249853,-5.16328088100562,-0.7975964315184996,4.0183112365614235,-0.3566758479871477
6.858333333333333,-0.9346925737768741,-4.712315748477367,-0.7654841249308051,3.6727523055956226,-0.35667584798656843
6.866666666666666,-0.9719386925228686,-4.222830374736243,-0.7365649023947086,3.2614916216126733,-0.3566758479866592
6.875,-1.0050396742633472,-3.720957997089827,-0.7111732827019592,2.832528907089563,-0.356675847986594
6.883333333333333,-1.0339650068722086,-3.222534661274302,-0.6893225377244513,2.4151371773765784,-0.35667584798667895
6.891666666666667,-1.058779795232839,-2.7351767522670274,-0.6708485591396972,2.0235036580362813,-0.3566758479866613
6.8999999999999995,-1.079588968603296,-2.2612930026588485,-0.6555131130815435,1.6620625713821342,-0.35667584798664337
6.908333333333333,-1.0965043129270473,-1.8004336438003736,-0.6430664921836226,1.3296983860825837,-0.35667584798666097
6.916666666666667,-1.1096272949839094,-1.3507515205989824,-0.6332817120430114,1.022404549311008,-0.3566758479866588
6.925,-1.1190411087534062,-0.9098007263216203,-0.6259717254445538,0.7347804254638584,-0.356675847986658
6.933333333333334,-1.1248075275975917,-0.4749283592463903,-0.6209974270425448,0.4608090530586273,-0.35667584798665875
6.941666666666666,-1.1269659794746947,-0.04343969949429399,-0.6182710314735502,0.19423089590195708,-0.35667584798665863
6.95,-1.1255334533816923,0.38735379292209904,-0.6177573164908139,-0.07129317604824995,-0.3566758479866585
6.958333333333333,-1.1205045507867015,0.8201394503815229,-0.6194739687913045,-0.3421146298465368,-0.3566758479866586
6.966666666666667,-1.1118514236214654,1.2576195718404157,-0.623491497608522,-0.624549641274006,-0.3566758479866587
6.975,-1.0995236578284553,1.702501657455923,-0.629932600280335,-0.9247830410925995,-0.35667584798666213
6.983333333333333,-1.0834485088045003,2.157413559869108,-0.6389702311223756,-1.248634927232559,-0.35667584798665514
6.991666666666666,-1.0635324221511322,2.6246623640881315,-0.6508226801932955,-1.6010454964848788,-0.35667584798665686
7.0,-1.0396656722423558,3.105697630759099,-0.6657423804950251,-1.9850332815065554,-0.3566758479867009
7.008333333333333,-1.0117334467357375,3.6000567866924973,-0.6839925491855662,-2.399740306304383,-0.3566758479866327
7.016666666666667,-0.9796388671217556,4.1035084537351665,-0.7058020294180952,-2.8370757237910667,-0.35667584798665314
7.0249999999999995,-0.9433454699455031,4.605251575969477,-0.7312852544446174,-3.2767285493950826,-0.35667584798659974
7.033333333333333,-0.9029452274068671,5.084817318767843,-0.7603169966732866,-3.6807125169783217,-0.35667584798681196
7.041666666666667,-0.8587456695696283,5.511207963941625,-0.7923737516467255,-3.9919133220099674,-0.3566758479867108
7.05,-0.8113397207943804,5.848628590014244,-0.8264062998590913,-4.144292973083956,-0.35667584798635643
7.058333333333334,-0.7615924083423634,6.070262858999105,-0.8608598345070622,-4.087335600578397,-0.3566758479865176
7.066666666666666,-0.7105046074823644,6.17179701549986,-0.8939129932995543,-3.8102745625140546,-0.35667584798663987
7.075,-0.6590111594781766,6.172166164761932,-0.9238372037516623,-3.344120481800269,-0.35667584798712637
7.083333333333333,-0.6078326182877287,6.10134648668012,-0.9492679445196917,-2.7409027586023287,-0.35667584798669394
7.091666666666667,-0.5574418092106836,5.98710530350122,-0.9692786549176635,-2.0507113139368447,-0.3566758479867157
7.1,-0.5081138027225262,5.84870717659153,-0.9833089921404748,-1.3105568203383717,-0.35667584798659946
7.108333333333333,-0.4600005498215823,5.696702821522311,-0.9910480785430433,-0.543715336948004,-0.356675847986753
7.116666666666666,-0.41319495545916646,5.535129269456672,-0.9923337342724989,0.23671966859758992,-0.35667584798671753
7.125,-0.3677752128457343,5.363820349367335,-0.9870838955119491,1.0240611191735494,-0.3566758479866654
7.133333333333333,-0.32383229081108117,5.180102815441637,-0.9752553704024102,1.8153125275158217,-0.35667584798672314
7.141666666666667,-0.2814859481842416,4.979878857513797,-0.956820524120764,2.609541618951909,-0.3566758479867157
7.1499999999999995,-0.24089366248954622,4.758275367937711,-0.9317539806971982,3.407050923038976,-0.3566758479866763
7.158333333333333,-0.2022553665871305,4.51002353854674,-0.9000239010114317,4.209069798340626,-0.35667584798671914
7.166666666666667,-0.16581574614468567,4.229679022613073,-0.8615843531368605,5.0177741851469975,-0.35667584798671603
7.175,-0.13186511344224933,3.9117532123073886,-0.8163666243900177,5.836501921193,-0.3566758479866669
7.183333333333334,-0.10073935932059062,3.550813578831905,-0.7642683098376175,6.6700513231641985,-0.35667584798672103
7.191666666666666,-0.0728189268052278,3.1416372466967,-0.7051400608053134,7.524911051996007,-0.3566758479867147
7.2,-0.04852571671188394,2.6795974972105188,-0.6387716587906608,8.409120023254669,-0.35667584798669316
7.208333333333333,-0.028314483837640955,2.161701400351639,-0.5648829609047328,9.331071095442546,-0.3566758479866784
7.216666666666667,-0.012649865699842831,1.5892249341549034,-0.48313418598300284,10.29569067522589,-0.3566758479866805
7.225,-0.0019485325156355978,0.9738735640504605,-0.3931895543537638,11.294724056888414,-0.356675847987444
7.233333333333333,0.00355471105632327,0.35034118888413474,-0.29490405653514146,12.286031136897117,-0.35667584798659613
7.241666666666666,0.004074842126564332,-0.20497644640413462,-0.18873581240113144,13.161432391822968,-0.35667584798609586
7.25,0.0006730079743106019,-0.5676103297659859,-0.07639025235615446,13.73260859980174,-0.35667584798606794
7.258333333333333,-0.004501248776158729,-0.6157881250521957,0.03875201453127454,13.809708280959562,-0.3566758479865202
7.266666666666667,-0.00864984539800168,-0.3301374631542863,0.15229392469432992,13.36222454953925,-0.3566758479868247
7.2749999999999995,-0.009358637631799617,0.1868867390513453,0.26044132724502433,12.550596228846693,-0.35667584798689805
7.283333333333333,-0.005264449983786897,0.8030325411825765,0.36102894676172015,11.577124735338906,-0.3566758479872578
7.291666666666667,0.004043894865490174,1.4275065681481711,0.45331673686393503,10.573471002950715,-0.35667584798657076
7.3,0.018424486800798195,2.0158588450271506,0.5373322767541059,9.596839579340017,-0.3566758479868453
7.308333333333334,0.03749407325272931,2.5515320930017262,0.6133824215034723,8.662279931453226,-0.35667584798688357
7.316666666666666,0.06079387714804094,3.031161493652874,0.6818136486872937,7.76718174647625,-0.35667584798691054
7.325,0.08786359553286106,3.4569145258435805,0.7429228158143955,6.903535439266189,-0.356675847986899
7.333333333333333,0.11827140771063487,3.833115087084814,0.7969365833148788,6.062983494320672,-0.3566758479868638
7.341666666666667,0.15162541071451163,4.16488714714042,0.8440171198062777,5.238538813174546,-0.3566758479869104
7.35,0.18757781007043517,4.457644058020928,0.8842755067642523,4.424925569519996,-0.356675847986897
7.358333333333333,0.2258264047726619,4.716894193385198,0.9177854854710819,3.618411872973911,-0.35667584798686697
7.366666666666666,0.266114920720244,4.948134917734212,0.9445950984792855,2.8165126579181705,-0.35667584798690644
7.375,0.30823245004323213,5.156732010464716,0.9647359767561039,2.017744103586843,-0.3566758479868941
7.383333333333333,0.3520116052312545,5.347722029572919,0.9782312148930863,1.2215493878537258,-0.3566758479868616
7.391666666666667,0.39732447975077245,5.52547010042661,0.9851037729038923,0.4285240571624233,-0.35667584798692703
7.3999999999999995,0.44407481452798236,5.693080114326155,0.9853886144463154,-0.3588753886597863,-0.3566758479868993
7.408333333333333,0.4921836893199999,5.851399525826795,0.9791536654856683,-1.1348713493910074,-0.35667584798682445
7.416666666666667,0.5415645540573616,5.9974255897340285,0.9665371896900706,-1.8878363207325455,-0.35667584798695784
7.425,0.5920821049967611,6.122037141089648,0.9478112488001992,-2.5965933929384044,-0.35667584798686547
7.433333333333334,0.6434908600073976,6.207568972591983,0.9234783084280554,-3.2264745490001627,-0.3566758479870545
7.441666666666666,0.6953590517149315,6.227210895585175,0.8943909318142972,-3.7285796999732908,-0.3566758479863943
7.45,0.7470077389345827,6.149928655275217,0.8618426279285679,-4.048577670116175,-0.3566758479867811
7.458333333333333,0.797523278910863,5.952986939299153,0.8275299669911548,-4.1484840864426245,-0.35667584798680513
7.466666666666667,0.8458876488074188,5.635776803068534,0.7933113465530476,-4.030314606722697,-0.35667584798735674
7.475,0.8911838851888254,5.22213890721954,0.7608398723678782,-3.7394138926086744,-0.35667584798700136
7.483333333333333,0.9327558936896917,4.748100782798941,0.7312819037450691,-3.342376703014859,-0.35667584798687146
7.491666666666666,0.9702442261315372,4.246803373663897,0.7052568726636653,-2.9002755145971766,-0.35667584798688634
7.5,1.0035244971383215,3.7410288686556497,0.6829499750468345,-2.4553699304447587,-0.35667584798690954
7.508333333333333,1.0326175749774034,3.2432460811403847,0.6642754681618137,-2.0311039951131042,-0.35667584798694896
7.516666666666667,1.0576156319039565,2.758657803261337,0.6490124603649889,-1.637456259911739,-0.3566758479869079
7.5249999999999995,1.0786346844201036,2.2882126211379687,0.6368939147952146,-1.2762897812855776,-0.3566758479869226
7.533333333333333,1.0957884317444502,1.830668637797471,0.6276575843443437,-0.9450706804311146,-0.3566758479869273
7.541666666666667,1.109175475773074,1.3837862374650052,0.6210726047566738,-0.6390675492260757,-0.3566758479869245
7.55,1.1188738756092247,0.9449435257478894,0.6169523389939671,-0.3525344999823394,-0.3566758479869253
7.558333333333334,1.1249393040304367,0.5114182837431027,0.6151600736140216,-0.07930109543444495,-0.35667584798692525
7.566666666666666,1.1274047310374962,0.08049211021445664,0.6156112773927374,0.18695795893155812,-0.3566758479869254
7.575,1.1262805650435523,-0.3505326451278198,0.6182743608702026,0.4526126149125633,-0.3566758479869253
7.583333333333333,1.1215547650287534,-0.784349757835775,0.6231708341728508,0.7240304729814044,-0.35667584798692503
7.591666666666667,1.1131928034191674,-1.223662203761482,0.6303750944094997,1.0075240950204436,-0.35667584798692664
7.6,1.1011376664581718,-1.6711526732851125,0.6400135111878635,1.3092217735104754,-0.3566758479869266
7.608333333333333,1.0853104648814424,-2.129354522787614,0.6522617787088784,1.6347592053467659,-0.3566758479869195
7.616666666666666,1.065612851328094,-2.6003264011174876,0.6673383907052983,1.9886206435128393,-0.3566758479869449
7.625,1.0419335039637534,-3.084967820238085,0.6854902229503523,2.372844385542894,-0.3566758479869358
7.633333333333333,1.014162630622852,-3.5817325308487593,0.7069632526192356,2.784670396764054,-0.356675847986893
7.641666666666667,0.9822206383741471,-4.084482111617698,0.7319476624236088,3.2126890026478625,-0.3566758479869446
7.6499999999999995,0.9461083396933944,-4.579533192846805,0.7604845473284623,3.6316023257435472,-0.3566758479869042
7.658333333333333,0.9059816558549559,-5.043083414183314,0.7923293406664023,3.997696531414389,-0.35667584798714747
7.666666666666667,0.862235619040458,-5.442265985291953,0.8267990555795234,4.250735303846568,-0.35667584798654367
7.675,0.8155499206686267,-5.743769115745996,0.8626876126250578,4.3291934997450054,-0.3566758479869131
7.683333333333334,0.7668330798299638,-5.928432837212056,0.8983604888750971,4.1961259600584615,-0.3566758479866922
7.691666666666666,0.7170563406239802,-6.000868187894261,0.9320460736962832,3.8565759557283377,-0.35667584798738966
7.7,0.6670646803342642,-5.9848920912235455,0.9621726276868647,3.3503008938791874,-0.3566758479870446
7.708333333333333,0.6174710639632456,-5.910063022300352,0.9875650062644804,2.7287473843270544,-0.3566758479869706
7.716666666666667,0.5686580972973155,-5.8009170685801115,1.007456370731554,2.0363726395539556,-0.35667584798690166
7.725,0.5208397586536834,-5.673274431128113,1.021394712401182,1.3040408030371504,-0.3566758479869592
7.733333333333333,0.4741321212834259,-5.5351542787537245,1.0291318941803473,0.5503720682471236,-0.3566758479870138
7.741666666666666,0.42860903398583333,-5.389056018733007,1.0305368842012215,-0.2145143730616529,-0.35667584798693597
7.75,0.3843392231950374,-5.233998247634442,1.0255395386735453,-0.9856552667195457,-0.35667584798696417
7.758333333333333,0.3414089752584812,-5.066934089677917,1.0140978045123328,-1.7609836832125756,-0.35667584798698915
7.766666666666667,0.29993536358221146,-4.883633759772603,0.9961795838261003,-2.540023886479667,-0.35667584798695284
7.7749999999999995,0.2600737253912866,-4.679209605304866,0.9717524994728051,-3.323254592011096,-0.35667584798696217
7.783333333333333,0.22202175158643211,-4.448422604037129,0.9407770220500676,-4.111906940214224,-0.3566758479869886
7.791666666666667,0.1860216107475526,-4.185858919306021,0.9032000328000037,-4.90804134814713,-0.3566758479869481
7.8,0.1523609486206708,-3.8860304645784307,0.8589469519155862,-5.714800497532586,-0.35667584798695745
7.808333333333334,0.12137322181322613,-3.543441579780427,0.8079113164775853,-6.536753649290291,-0.356675847986992
7.816666666666666,0.09343742014037669,-3.1526832579790844,0.7499414796268706,-7.380218226007424,-0.3566758479869421
7.825,0.06897646022344513,-2.708691665435212,0.6848254522243747,-8.253328305243144,-0.35667584798696234
7.833333333333333,0.048451702678334575,-2.207501755255901,0.6122779222061133,-9.165310248109192,-0.35667584798694846
7.841666666666667,0.0323466631034956,-1.6482760291217626,0.5319406491801028,-10.123684715842913,-0.3566758479871728
7.85,0.021123051315644018,-1.038307646390585,0.44342393036807726,-11.126544773182218,-0.3566758479871198
7.858333333333333,0.01511265434121202,-0.403995629023046,0.3464503066780649,-12.144707555208626,-0.3566758479866009
7.866666666666666,0.014283671354286404,0.1901477036635442,0.24120675867341526,-13.089592021122469,-0.3566758479867733
7.875,0.01784513741547892,0.6259631725264357,0.12897887195424604,-13.784606617662273,-0.3566758479852104
7.883333333333333,0.023880107026527046,0.7636012236549834,0.01277280609861613,-14.01263857711561,-0.35667584798708196
7.891666666666667,0.029566872645299266,0.5449205024994808,-0.10298946173017966,-13.68208610077188,-0.35667584798754653
7.8999999999999995,0.03219454365302634,0.05188685437134076,-0.21406011788844168,-12.921817458179609,-0.3566758479873828
7.908333333333333,0.030068144258531656,-0.5735418305936554,-0.31777540226473383,-11.950930193189981,-0.3566758479872857
7.916666666666667,0.022572964704674105,-1.2233623617936404,-0.4131081542373043,-10.928714729524508,-0.35667584798738755
7.925,0.009768268286479866,-1.8420728853669899,-0.4999879968006174,-9.929048561074401,-0.35667584798702334
7.933333333333334,-0.007980687572830594,-2.408170931404609,-0.5787166746962946,-8.973462386016438,-0.3566758479872091
7.941666666666666,-0.030206955551061124,-2.9165313852685535,-0.6496653615431203,-8.06074378120051,-0.3566758479872001
7.95,-0.056433691872837574,-3.3688629171638937,-0.7131578504789868,-7.182372294044441,-0.3566758479872513
7.958333333333333,-0.08621096117815413,-3.769486482412355,-0.7694407740000005,-6.3289675079093275,-0.35667584798721347
7.966666666666667,-0.11912941539749707,-4.123661274762669,-0.818687579775823,-5.492524818561791,-0.35667584798719754
7.975,-0.15482514239329537,-4.436977401720905,-0.861012772571451,-4.666910550664016,-0.35667584798724467
7.983333333333333,-0.19298141113171727,-4.715148776512622,-0.8964871066615294,-3.8477084901285763,-0.3566758479872124
7.991666666666666,-0.23332930338918373,-4.963923760546483,-0.925150526358964,-3.031881839333098,-0.35667584798719876
8.0,-0.2756476397905918,-5.18899155288127,-0.947022296434165,-2.2174617570793953,-0.3566758479872436
8.008333333333333,-0.3197618695813036,-5.395817190822184,-0.962109101031442,-1.4033908750662378,-0.35667584798720764
8.016666666666666,-0.36554106374657197,-5.589338107612874,-0.9704129230927862,-0.5896521699154957,-0.356675847987191
8.025,-0.41289146067817684,-5.773417959778793,-0.9719418133393944,0.22212714613446494,-0.3566758479872963
8.033333333333333,-0.46174388039820696,-5.949885926206424,-0.9667286555743745,1.0273005197115246,-0.3566758479871891
8.041666666666666,-0.5120305752934948,-6.11691837318436,-0.9548659947965539,1.8156501106025973,-0.356675847987167
8.05,-0.5636450735624196,-6.266561128263816,-0.9365682848639983,2.567339659264092,-0.3566758479872336
8.058333333333334,-0.6163784543269897,-6.381687702379201,-0.9122728044207539,3.247925334129469,-0.3566758479872334
8.066666666666666,-0.6698334836001871,-6.434234018151731,-0.8827763330417614,3.8056405032679796,-0.3566758479874467
8.075,-0.7233435575358453,-6.388989892858894,-0.8493604915739706,4.178325879667851,-0.3566758479865557
8.083333333333334,-0.7759618259289205,-6.216847527095777,-0.8137929706312248,4.31658651525189,-0.35667584798719376
8.091666666666667,-0.8265868031261395,-5.912257669423186,-0.778092145442049,4.213829057769132,-0.356675847987018
8.1,-0.8741959674566572,-5.498976900200412,-0.7441084366532448,3.9155174641834343,-0.35667584798776164
8.108333333333333,-0.9180461164996387,-5.0170697384844525,-0.7131703991378074,3.4957087960727886,-0.3566758479872426
8.116666666666667,-0.9577297095962511,-4.504456069420806,-0.6859878144345068,3.024285843831956,-0.35667584798727897
8.125,-0.9931087180015026,-3.987228990111177,-0.6627722286899871,2.549737677413812,-0.35667584798717433
8.133333333333333,-1.0242105933300982,-3.4794691907597266,-0.6434254239048178,2.098711730058078,-0.3566758479872649
8.141666666666666,-1.0511424613592573,-2.986887692826712,-0.6276964884892019,1.6823871637214165,-0.35667584798726876
8.15,-1.0740369980181428,-2.510410654903546,-0.6152830943832104,1.3028258482869066,-0.35667584798724683
8.158333333333333,-1.0930234241374144,-2.0485847298172235,-0.605887993450384,0.9572955035869825,-0.35667584798726004
8.166666666666666,-1.108213918032746,-1.5989315000493447,-0.5992475391251113,0.6407612124888427,-0.35667584798726
8.175,-1.1196982498067363,-1.1586256281209766,-0.5951448311553894,0.3471868897189234,-0.35667584798725926
8.183333333333334,-1.1275423211626534,-0.7247932055763757,-0.5934151151064911,0.07016097579169694,-0.3566758479872597
8.191666666666666,-1.1317882743116687,-0.29461240290111546,-0.5939476194134766,-0.19683478560347295,-0.35667584798725943
8.2,-1.1324549878212398,0.13468211799500135,-0.5966859816338564,-0.46033374092596135,-0.35667584798726004
8.208333333333334,-1.129538411718751,0.5658352762033122,-0.601628283472439,-0.7268694221300684,-0.35667584798725965
8.216666666666667,-1.1230115564279124,1.0016136330471939,-0.6088270549807874,-1.0029738756370075,-0.3566758479872594
8.225,-1.112824209975109,1.444823024857877,-0.6183891276020761,-1.2951328789054921,-0.35667584798726293
8.233333333333333,-1.0989027473722361,1.8982599919119998,-0.6304746835173577,-1.6096219242674912,-0.35667584798725893
8.241666666666667,-1.0811508555447853,2.364524748103295,-0.6452940208162147,-1.9520938745764067,-0.3566758479872541
8.25,-1.0594528171838402,2.845565898609429,-0.6630991005455623,-2.3266895354750834,-0.3566758479872982
8.258333333333333,-1.033682431683932,3.3417374729618294,-0.6841644262318917,-2.734287975208757,-0.3566758479872527
8.266666666666666,-1.003722895875123,3.850054894667666,-0.7087479039386094,-3.169353931565978,-0.3566758479872365
8.275,-0.9695055683074846,4.36138814848437,-0.7370178576928501,-3.6149377605914714,-0.35667584798724217
8.283333333333333,-0.9310757298468433,4.856960090642431,-0.7689321911043322,-4.036493002840252,-0.35667584798730545
8.291666666666666,-0.8886836617894934,5.306367111425958,-0.8040730057330313,-4.378412938522786,-0.35667584798745444
8.3,-0.8428700085210379,5.671822377849636,-0.8414915069104287,-4.5715274767774625,-0.3566758479868375
8.308333333333334,-0.7944762594699022,5.921813318363388,-0.8796849711671018,-4.557191170965148,-0.3566758479872323
8.316666666666666,-0.744521764393755,6.047244205696951,-0.9168097277298208,-4.315955623014588,-0.356675847987071
8.325,-0.6939885084338554,6.065287099762351,-0.9510603362287405,-3.8750187941889087,-0.35667584798778906
8.333333333333334,-0.6436442801742313,6.007434399826105,-0.9809879161985838,-3.288062189238903,-0.35667584798731994
8.341666666666667,-0.5939895389194614,5.904278891299541,-1.005607006236183,-2.609025897185567,-0.3566758479873373
8.35,-0.5453041451333908,5.77756957902823,-1.0243292730423121,-1.8781999898632997,-0.3566758479871982
8.358333333333333,-0.4977275948444047,5.639502556099711,-1.0368374296030762,-1.1207502248071057,-0.3566758479873302
8.366666666666667,-0.451329721609092,5.495061204763287,-1.0429736370164246,-0.3505410353696399,-0.3566758479873344
8.375,-0.4061597462322115,5.344589341663371,-1.0426636528843407,0.42560032771760087,-0.35667584798727087
8.383333333333333,-0.36227652723957476,5.185681376820223,-1.03587201895596,1.204787823626158,-0.35667584798731466
8.391666666666666,-0.3197660912769222,5.0143735118525115,-1.0225777490919117,1.9862080067384624,-0.35667584798732216
8.4,-0.27875143054184287,4.825844844970704,-1.002761630270337,2.770141731023332,-0.356675847987286
8.408333333333333,-0.23939781770886867,4.6148182919051495,-0.9763990955812769,3.5575611338833615,-0.35667584798731045
8.416666666666666,-0.20191557685227784,4.375785907423121,-0.9434548303055318,4.350089241623885,-0.35667584798732266
8.425,-0.16656144649342564,4.103130126916202,-0.9038766755263732,5.150192300457928,-0.3566758479872787
8.433333333333334,-0.13363921813052224,3.791181914543428,-0.8575872564189037,5.9615216749253905,-0.35667584798730784
8.441666666666666,-0.10350003690895582,3.4342504148207715,-0.8044723866219927,6.789332125382395,-0.3566758479873245
8.45,-0.07654238075144015,3.0266855291517754,-0.7443660304166492,7.6408636056496935,-0.35667584798727237
8.458333333333334,-0.05321090834248153,2.563125274904765,-0.6770330224139325,8.525435245834917,-0.3566758479873079
8.466666666666667,-0.033991276643085495,2.039311848975215,-0.6021541409093847,9.453630951454054,-0.35667584798728846
8.475,-0.019392859143877263,1.4544068553192748,-0.5193265318383872,10.434054337448504,-0.356675847987661
8.483333333333333,-0.009899300616454162,0.8168736395233974,-0.4281123649648048,11.464186566884079,-0.35667584798721513
8.491666666666667,-0.0058428794661556935,0.15757965202353846,-0.32820950129116305,12.509000287275436,-0.3566758479870866
8.5,-0.00712955651058251,-0.4478440657385348,-0.2198709147451917,13.463043100051404,-0.35667584798558094
8.508333333333333,-0.012783742830644831,-0.8640561925162071,-0.10464024858345473,14.122132744229608,-0.35667584798525326
8.516666666666666,-0.020585270844202752,-0.9440572633734065,0.014023543994023521,14.256778668613642,-0.35667584798721014
8.525,-0.027466236206341817,-0.6512306029317649,0.13132966522270573,13.809131716695626,-0.35667584798996976
8.533333333333333,-0.030713148476661848,-0.09814762109385304,0.24304574364992212,12.956185788231632,-0.3566758479876892
8.541666666666666,-0.028808120928209936,0.5628172726446861,0.3468003379792281,11.93205557641116,-0.3566758479876431
8.55,-0.021323208513247458,1.2291591029246431,0.44186022701678834,10.885752036561486,-0.3566758479878395
8.558333333333334,-0.00844253722761382,1.8531631054690594,0.5283408766266777,9.878017575001028,-0.356675847987481
8.566666666666666,0.009398868045069246,2.418565699263202,0.606638877034163,8.921932825312856,-0.3566758479876298
8.575,0.03169737648891492,2.923105436450376,0.6771680941701829,8.011914581988075,-0.3566758479876168
8.583333333333334,0.05795688866331874,3.369955106760024,0.7402693441495047,7.1373999803043375,-0.3566758479876685
8.591666666666667,0.08771707039549159,3.76418040845622,0.7961946816450189,6.288125869360307,-0.3566758479876376
8.6,0.12056273742195824,4.111433216257946,0.8451181733525249,5.455746943367387,-0.356675847987616
8.608333333333333,0.15612662762164758,4.417528742953227,0.8871532305612295,4.63402425963262,-0.3566758479876612
8.616666666666667,0.1940901798134237,4.688331564173094,0.9223690497927195,3.8185170748823305,-0.3566758479876353
8.625,0.23418377844828903,4.929718093706926,0.9508038350726341,3.006157733757013,-0.3566758479876175
8.633333333333333,0.27618665098951084,5.147520507661138,0.9724746044033901,2.1948764443009483,-0.3566758479876591
8.641666666666666,0.3199260424108273,5.347401834991927,0.9873844327307276,1.3833769469177875,-0.3566758479876312
8.65,0.3652748864246162,5.534609176322831,0.9955288132186227,0.571170432573884,-0.35667584798760904
8.658333333333333,0.4121466209714441,5.713515394712772,0.9969039199657688,-0.2409669387230614,-0.3566758479877056
8.666666666666666,0.4604847828179636,5.886790638394384,0.9915213533848206,-1.0498382897657947,-0.35667584798762036
8.675,0.5102433216218898,6.053955218855807,0.9794368286486074,-1.8475553784836956,-0.35667584798756996
8.683333333333334,0.5613512689369586,6.209033008185997,0.9608040816714142,-2.6176957693030025,-0.35667584798771285
8.691666666666666,0.6136539249337176,6.337330654802175,0.9359675175656933,-3.329973261887693,-0.3566758479876176
8.7,0.6668272957152667,6.412640061715682,0.9055988671168503,-3.9357044120631404,-0.35667584798789737
8.708333333333334,0.7202836293632761,6.398803044106667,0.8708464340735999,-4.370872960206774,-0.3566758479868165
8.716666666666667,0.7731276262334182,6.260982453445602,0.833393898973592,-4.575902206656078,-0.3566758479876281
8.725,0.8242459976983333,5.984889646831964,0.7952873974975543,-4.528846355071387,-0.3566758479873837
8.733333333333333,0.8725386047756003,5.588205628128552,0.7585204393316889,-4.264549137242818,-0.3566758479883095
8.741666666666667,0.9171589709905025,5.11097671940122,0.724609362283044,-3.8570677024940214,-0.3566758479876725
8.75,0.957615296234686,4.595062099615637,0.6944181440222246,-3.3832233860997585,-0.35667584798769797
8.758333333333333,0.9937215431695804,4.0708346232030275,0.6682486171943449,-2.8990639493341788,-0.35667584798758545
8.766666666666666,1.0254875389116316,3.555281729277018,0.6460390091929293,-2.4364130092010554,-0.3566758479876808
8.775,1.053020902298635,3.0556241873186867,0.6275423697179436,-2.009186687655457,-0.3566758479876952
8.783333333333333,1.0764632841219,2.5734001097056467,0.6124447210345241,-1.6206055129868329,-0.35667584798766416
8.791666666666666,1.0959558169468078,2.1073070445937923,0.600431350762412,-1.2682747673632948,-0.3566758479876803
8.8,1.1116228982091938,1.6548209033193446,0.5912200687193205,-0.9471357505600035,-0.3566758479876813
8.808333333333334,1.1235658203501198,1.2130098680903942,0.5845762595020835,-0.6510035820942806,-0.35667584798768
8.816666666666666,1.131861098841655,0.7788948660575384,0.5803188103094338,-0.37330100783152426,-0.3566758479876806
8.825,1.136560711224864,0.3495744731377405,0.5783218823001421,-0.1073691399748593,-0.35667584798768065
8.833333333333334,1.1376928362709668,-0.07776575191901185,0.5785150771486905,0.15343282551331933,-0.3566758479876808
8.841666666666667,1.1352624219629022,-0.5058961613891635,0.5808832349474412,0.41572517161255146,-0.3566758479876806
8.85,1.1292513054993965,-0.9376030883453215,0.5854663838869609,0.6861380327518672,-0.3566758479876805
8.858333333333333,1.1196178484859012,-1.375741028500623,0.5923599159114041,0.971327547305872,-0.35667584798768226
8.866666666666667,1.106296267081551,-1.8232476868752552,0.6017146571351939,1.2779234598904103,-0.35667584798768065
8.875,1.0891961511793042,-2.283072617944598,0.6137359259611289,1.6123189362699943,-0.3566758479876764
8.883333333333333,1.0682032378861268,-2.757926830050686,0.6286796489122678,1.980138003264591,-0.35667584798770785
8.891666666666666,1.0431835758726327,-3.249681940090782,0.6468417141194875,2.3850797071331766,-0.35667584798767976
8.9,1.0139951204056596,-3.7581278089695953,0.6685334175686629,2.8266324485535494,-0.35667584798764695
8.908333333333333,0.9805137376271533,-4.2786872624786065,0.694030766235361,3.2959663976382396,-0.35667584798775653
8.916666666666666,0.9426836723272632,-4.798834501050945,0.7234801519172118,3.76958237093879,-0.35667584798769
8.925,0.9006011382178133,-5.294039853470591,0.7567455793507116,4.202188519798747,-0.35667584798786817
8.933333333333334,0.8546224981605508,-5.726821741393217,0.7932129781557796,4.525099193228093,-0.35667584798695007
8.941666666666666,0.8054457693949937,-6.055085082128087,0.8316420910027198,4.660988100914726,-0.3566758479876909
8.95,0.7540754040776232,-6.250881597738126,0.8702245853217094,4.557045428373137,-0.35667584798746954
8.958333333333334,0.7016296965974536,-6.316121938245562,0.9069214265792549,4.213089990099863,-0.3566758479885039
8.966666666666667,0.6490914425403298,-6.279116853465545,0.9399058206653623,3.676359696710606,-0.35667584798775503
8.975,0.5971588757260046,-6.176640642266317,0.9678373050626179,3.0107935940350887,-0.35667584798774526
8.983333333333333,0.5462441719039816,-6.038933488431839,0.9898812355554559,2.2709700016383194,-0.35667584798761404
8.991666666666667,0.4965545501253728,-5.884851446372284,1.0055834543465734,1.4934114069968356,-0.3566758479877571
9.0,0.44818305046334667,-5.723447799205105,1.014725597030144,0.6990158534000727,-0.3566758479877815
9.008333333333333,0.4011769104916498,-5.557180537544577,1.0172168606060301,-0.1016389143107784,-0.3566758479876887
9.016666666666666,0.3555807815219702,-5.3845766406894775,1.013027453581589,-0.9038904668938924,-0.35667584798774343
9.025,0.31146164521809744,-5.201971183388789,1.002152032762768,-1.7061865600025947,-0.35667584798775653
9.033333333333333,0.26892241672767997,-5.00453118219352,0.9845908979116871,-2.508550372400979,-0.3566758479877167
9.041666666666666,0.2281090460224968,-4.786831141560741,0.96034025132501,-3.3118744860300486,-0.35667584798773894
9.05,0.1892140053422364,-4.543169038912607,0.9293860460292779,-4.1177238886969665,-0.35667584798775565
9.058333333333334,0.15247781962537033,-4.267733378948714,0.8916980682687927,-4.928452088207569,-0.3566758479877117
9.066666666666666,0.11818960403520558,-3.9546819185128594,0.847222172521702,-5.747512905460919,-0.35667584798773555
9.075,0.08668717463135761,-3.598171861459217,0.7958693979304692,-6.579883428014319,-0.35667584798775764
9.083333333333334,0.05835694276532509,-3.1923935584451786,0.7375014280217844,-7.432496971111549,-0.35667584798770413
9.091666666666667,0.0336331435794359,-2.731726664445475,0.6719130349026945,-8.314484595516747,-0.35667584798773666
9.1,0.012994310109452416,-2.2113213011268527,0.5988148348382092,-9.236735939081827,-0.3566758479877281
9.108333333333333,-0.0030492170047460663,-1.6288536787907664,0.5178263509499288,-10.209561240323,-0.3566758479879887
9.116666666666667,-0.013992813871664539,-0.9891898656643658,0.42850559748556416,-11.23557308116386,-0.3566758479877257
9.125,-0.01943724996059301,-0.3153471515001875,0.3304769596670472,-12.291976097901983,-0.3566758479873748
9.133333333333333,-0.019319802746995855,0.33067839850632896,0.223775995473288,-13.295623856743465,-0.356675847986952
9.141666666666666,-0.014339386749444146,0.8261974184213201,0.1095279816556442,-14.064253446638382,-0.3566758479904959
9.15,-0.006413746496329985,1.0134585035705668,-0.00928383885464934,-14.353084874908888,-0.3566758479879262
9.158333333333333,0.001462523209322299,0.8150027892506136,-0.12798983330842578,-14.039893122853616,-0.356675847987476
9.166666666666666,0.006323338636404542,0.314385006332987,-0.24196539835963804,-13.256492844563477,-0.35667584798745333
9.175,0.006307069381180026,-0.33026626950569515,-0.3483146124130249,-12.2480063162066,-0.35667584798743335
9.183333333333334,0.0007583761458594423,-0.9988616866513091,-0.44597775034673653,-11.192427880686557,-0.35667584798855084
9.191666666666666,-0.010237485095386871,-1.6315574725288666,-0.5349512516958885,-10.16958498884542,-0.3566758479879598
9.2,-0.02627216379774964,-2.206443383055918,-0.6156228955264739,-9.200746448391763,-0.35667584798802854
9.208333333333334,-0.046838159243686416,-2.719118328102631,-0.6884390121719922,-8.282819873550821,-0.3566758479880348
9.216666666666667,-0.07142472601289009,-3.1720757070655963,-0.753782571892084,-7.405459707879726,-0.356675847988066
9.225,-0.09955374862602755,-3.5702109517865037,-0.8119459160186187,-6.557892719971001,-0.3566758479880832
9.233333333333333,-0.13079153495709445,-3.9191356490812845,-0.863138384529487,-5.731137114633678,-0.3566758479880307
9.241666666666667,-0.16475201185955715,-4.224621217584875,-0.907503626322979,-4.918399633188535,-0.3566758479880626
9.25,-0.20109728892147435,-4.492450250118585,-0.9451370196240426,-4.114822997335323,-0.35667584798807594
9.258333333333333,-0.23953759152758328,-4.728385048372728,-0.976100040566372,-3.3170531473772593,-0.35667584798803365
9.266666666666666,-0.27983099492694136,-4.938140028214836,-1.0004309886722313,-2.5228181232315627,-0.35667584798806073
9.275,-0.3217827678637658,-5.127309779307388,-1.0181525912655778,-1.7306126003293114,-0.3566758479880723
9.283333333333333,-0.3652438131520156,-5.301217815226704,-1.0292776765280096,-0.9395633957495428,-0.3566758479880258
9.291666666666666,-0.4101073482380074,-5.464633965386233,-1.0338148157160105,-0.14957782643065784,-0.356675847988072
9.3,-0.4563023741976136,-5.6212653978325635,-1.0317769331999167,0.6380564641537544,-0.3566758479881
9.308333333333334,-0.5037814216468919,-5.7728582306270795,-1.0231977103086454,1.4193442942282242,-0.35667584798796337
9.316666666666666,-0.5524983851343547,-5.917674067496341,-1.0081634095081344,2.1851387932028836,-0.3566758479881047
9.325,-0.6023702610305742,-6.048131701155966,-0.9868709977904211,2.9172473746118235,-0.35667584798806007
9.333333333333334,-0.6532162217507275,-6.14784381807097,-0.9597238279106154,3.5835211067342283,-0.35667584798823226
9.341666666666667,-0.7046744427553094,-6.189705819986743,-0.9274638012608638,4.134813705795872,-0.3566758479877692
9.35,-0.7561207203101822,-6.139084060996086,-0.8912981343571401,4.510767537698735,-0.35667584798761154
9.358333333333333,-0.8066506923560222,-5.966192286234066,-0.8529143221918912,4.661343855088541,-0.3566758479880285
9.366666666666667,-0.8551935063411205,-5.663412192821653,-0.814268110200719,4.576537969412908,-0.3566758479883571
9.375,-0.9007381064915957,-5.252234153471268,-0.7771805761637639,4.297704949075413,-0.35667584798842633
9.383333333333333,-0.9425378088960583,-4.771522859632145,-0.7429794985706649,3.8963883143510953,-0.3566758479879812
9.391666666666666,-0.9801766472642242,-4.259128662412783,-0.7123866142845677,3.4418087980707,-0.35667584798807256
9.4,-1.013510059687,-3.7415576040931064,-0.6856266819885113,2.9826386332997914,-0.35667584798804064
9.408333333333333,-1.0425625947927604,-3.2332994050398236,-0.6626125739839052,2.545772027853242,-0.3566758479881365
9.416666666666666,-1.0674412680008132,-2.7403210260495876,-0.6431031129332235,2.142458308499358,-0.356675847988083
9.425,-1.0882801804070463,-2.2636695643547022,-0.6268057967411378,1.7746798948201616,-0.35667584798808555
9.433333333333334,-1.1052106082230997,-1.8019303548578163,-0.6134342122514478,1.4395538647295327,-0.35667584798809904
9.441666666666666,-1.1183469155290997,-1.3526230593573927,-0.6027368895567309,1.1318810373084651,-0.356675847988094
9.45,-1.1277809650043746,-0.9129049124247385,-0.5945104183814832,0.8454775696902238,-0.3566758479880945
9.458333333333334,-1.1335805893807562,-0.47988208063998494,-0.588604652429473,0.5738121285431856,-0.3566758479880951
9.466666666666667,-1.1357897056682325,-0.05071553500575761,-0.5849243050240283,0.31027527072543243,-0.35667584798809493
9.475,-1.1344288358357155,0.3773748771948142,-0.583429159262966,0.04826472069959245,-0.35667584798809504
9.483333333333333,-1.1294954422878285,0.8071521391766633,-0.5841339658303543,-0.2188125110380912,-0.35667584798809515
9.491666666666667,-1.120963843456183,1.241416602506498,-0.5871084516587924,-0.4975604026951437,-0.35667584798809543
9.5,-1.1087847132497928,1.6830466349023938,-0.592477419251354,-0.794586675039166,-0.35667584798809643
9.508333333333333,-1.092884415003336,2.13499030561979,-0.600420458208738,-1.1164035282416789,-0.3566758479880908
9.516666666666666,-1.0731648077475278,2.6001466486431175,-0.6111700876587446,-1.469125915991886,-0.35667584798810165
9.525,-1.049504875299002,3.0810213187586055,-0.6250058798203314,-1.8577637215828409,-0.35667584798811786
9.533333333333333,-1.0217668465993586,3.5789481763856084,-0.6422397995826972,-2.284743294595893,-0.35667584798804747
9.541666666666666,-0.9898117376887302,4.092539578118558,-0.6631840586578036,-2.747073932595569,-0.35667584798813345
9.55,-0.9535324670833931,4.614957409271017,-0.6880872330295762,-3.2314616316842537,-0.356675847988132
9.558333333333334,-0.9129151415239195,5.129951811970462,-0.7170203108117771,-3.7073088577673654,-0.356675847988232
9.566666666666666,-0.8681341036595225,5.608208571466427,-0.7497034173054744,-4.1203404404856885,-0.3566758479878346
9.575,-0.8196608161963805,6.008749960206196,-0.7853089701477562,-4.395196354609563,-0.3566758479876462
9.583333333333334,-0.7683181197511806,6.2912810993899,-0.8223622121971195,-4.457329992495203,-0.35667584798808905
9.591666666666667,-0.715191221328958,6.4363317940905445,-0.8588957291057652,-4.268762216970996,-0.3566758479884692
9.6,-0.661396520455147,6.455921625334238,-0.8928580810224104,-3.8475122227435996,-0.3566758479886142
9.608333333333333,-0.6078480176228016,6.383580582352607,-0.9225335214597622,-3.250947992778172,-0.35667584798800583
9.616666666666667,-0.5551576348821304,6.255401138313567,-0.9467328878912574,-2.543078622029361,-0.3566758479881248
9.625,-0.5036709608768052,6.098156626313472,-0.9647491120548054,-1.7737115812972009,-0.3566758479880793
9.633333333333333,-0.45355903541158554,5.927171542327901,-0.9762128562805792,-0.9743908138309385,-0.3566758479882547
9.641666666666666,-0.40490451445899,5.748892715427995,-0.9809548982289398,-0.1625196570660537,-0.3566758479881303
9.65,-0.35776197790763997,5.564092695171444,-0.978910833940051,0.6533558291730782,-0.3566758479881269
9.658333333333333,-0.31219455546913205,5.370264836685171,-0.9700647434134899,1.469634251484438,-0.35667584798818874
9.666666666666666,-0.26829447151387953,5.163121193519798,-0.9544187155145605,2.2853134272805313,-0.35667584798815033
9.675,-0.22619394104001384,4.937457955061154,-0.9319768477474913,3.100782956192797,-0.3566758479881375
9.683333333333334,-0.1860705944216786,4.687637475867078,-0.9027360639101657,3.917336786859477,-0.3566758479881817
9.691666666666666,-0.14814988916542146,4.407849861942424,-0.866679019712438,4.737122972309057,-0.3566758479881499
9.7,-0.11270591535869001,4.09224867751569,-0.8237662372771821,5.563356227321484,-0.35667584798813146
9.708333333333334,-0.08006138402478447,3.7350201426325538,-0.7739257914041267,6.40067510519741,-0.3566758479881848
9.716666666666667,-0.050587113460475785,3.3304472086791908,-0.717039814134343,7.255524929107502,-0.35667584798814617
9.725,-0.024700630781042718,2.873086631317935,-0.6529283501340841,8.136362715001237,-0.3566758479881368
9.733333333333333,-0.002861941710322088,2.3583418779077645,-0.5813336957154496,9.05322196714879,-0.35667584798814306
9.741666666666667,0.014439267735021208,1.7841137354769547,-0.5019145253143772,10.015524456469112,-0.35667584798824464
9.75,0.02671960128995952,1.1550749755173375,-0.4142737306790106,11.02556496762092,-0.3566758479885469
9.758333333333333,0.033594304040073616,0.49254716504351265,-0.3180753601994987,12.06255923090819,-0.35667584798755664
9.766666666666666,0.034987481042070494,-0.14684592717388498,-0.21335603217574467,13.051355934788658,-0.35667584798789304
9.775,0.031518120874171884,-0.6509357221927553,-0.10113853211501099,13.82641485572699,-0.3566758479876883
9.783333333333333,0.02493338654373899,-0.8709970852192138,0.015843287913468285,14.15790278323162,-0.35667584798834506
9.791666666666666,0.018041686999717442,-0.7224174931328513,0.13319874528867215,13.912624145859718,-0.35667584798691193
9.8,0.01374714322982955,-0.269296271687408,0.24638657749512813,13.191659670098604,-0.3566758479884265
9.808333333333334,0.013986584253199328,0.3410880947215298,0.3523802773271746,12.223745424165493,-0.3566758479876547
9.816666666666666,0.019526632772342664,0.9876301737964386,0.4499412827656508,11.189672373040343,-0.35667584798847474
9.825,0.030365389966681304,1.606039823279195,0.5389402269694745,10.177169377361551,-0.35667584798853796
9.833333333333334,0.0461436760986344,2.1709373936022707,0.6196985471073048,9.213438791329745,-0.35667584798840024
9.841666666666667,0.06638053800291387,2.6759013335683792,0.6926345347075706,8.298770219561975,-0.35667584798844565
9.85,0.09057924795887565,3.1223490995355374,0.7581238715527343,7.424571578905772,-0.35667584798842966
9.858333333333333,0.11826907241366508,3.5146021792296698,0.8164621878822211,6.580950728259084,-0.3566758479884817
9.866666666666667,0.14902005571270013,3.8579401475128,0.8678674046463657,5.75936576913354,-0.3566758479884494
9.875,0.18244759612010522,4.157906752434962,0.9124944076023277,4.953247336132567,-0.35667584798843155
9.883333333333333,0.21821355096076622,4.420090300958111,0.9504512117878698,4.1578645246321315,-0.3566758479884725
9.891666666666666,0.25602627868356936,4.650055582860026,0.9818128185632731,3.369958518975661,-0.35667584798844687
9.9,0.2956402590793851,4.853297562479265,1.006631862964902,2.587361863216702,-0.3566758479884332
9.908333333333333,0.3368552137786773,5.035161239337175,1.0249464077895758,1.808707663644907,-0.35667584798846996
9.916666666666666,0.37951429270130943,5.200691415980025,1.0367859498469396,1.0333041121505764,-0.3566758479884428
9.925,0.42350056201469616,5.354365313912479,1.0421773743472278,0.2612660347304039,-0.35667584798842655
9.933333333333334,0.4687305123768884,5.499627508346244,1.0411535475737856,-0.5059536193694535,-0.3566758479885094
9.941666666666666,0.5151424270497006,5.63809423858035,1.0337687520277794,-1.2644079192903839,-0.3566758479884311
9.95,0.5626761100169789,5.768242589996989,1.0201273965662803,-2.005572386405164,-0.35667584798840557
9.958333333333334,0.6112389584082627,5.883432728385501,1.0004348828373069,-2.713096511594165,-0.35667584798847113
9.966666666666667,0.6606532200442758,5.969465496107681,0.9750795221899363,-3.358769717638741,-0.35667584798844376
9.975,0.7105848544851859,6.002966934551186,0.9447445429165028,-3.8999515279358925,-0.35667584798863416
9.983333333333333,0.7604725992925584,5.953708459433731,0.9105178234280287,-4.283808484164854,-0.3566758479878779
9.991666666666667,0.809505501546666,5.794235836329941,0.8739163288101812,-4.464069519186126,-0.3566758479884463
10.0,0.8567062728079374,5.514383813052004,0.8367278132319251,-4.425930341283541,-0.35667584798829216
10.008333333333333,0.9011174338830595,5.129153008707318,0.8006779978301166,-4.1991017660301315,-0.35667584798894436
10.016666666666666,0.9419903391965839,4.671316455243988,0.7670986026868548,-3.8442456254342265,-0.3566758479884645
10.025,0.9788692611876569,4.17591797210344,0.7367830963022186,-3.4254963075689773,-0.356675847988484
10.033333333333333,1.0115594700016197,3.669521443489569,0.7100474675874827,-2.9914937058723603,-0.35667584798841767
10.041666666666666,1.04004201320406,3.167904960982862,0.6868850837787772,-2.571296642072557,-0.35667584798848284
10.05,1.0643920931767121,2.6784327360640665,0.6671153875725445,-2.1785495136275133,-0.3566758479884918
10.058333333333334,1.0847224817089725,2.2032430245357233,0.6504884303855027,-1.8171256572872592,-0.35667584798846713
10.066666666666666,1.101150734117509,1.7416639902975999,0.6367470919551151,-1.4854464501576432,-0.356675847988481
10.075,1.1137824860636432,1.2916858788688432,0.6256603498293355,-1.1791570695972016,-0.3566758479884818
10.083333333333334,1.1227039647692056,0.8507507240542783,0.6170396015439198,-0.8926051603229256,-0.35667584798848023
10.091666666666667,1.1279792078224662,0.4161309267715285,0.6107459704892535,-0.6195931228188059,-0.35667584798848095
10.1,1.1296493968230519,-0.01491803692151221,0.6066931925696769,-0.35372815662720974,-0.35667584798848084
10.108333333333333,1.1277329234970461,-0.4451209824694547,0.6048485537849941,-0.08856411707492673,-0.3566758479884806
10.116666666666667,1.1222255061269357,-0.8771996746932134,0.6052331035571692,0.18235220499629337,-0.35667584798848073
10.125,1.1131000856928062,-1.3139034494376627,0.6079216241536479,0.4654585296253927,-0.3566758479884807
10.133333333333333,1.1003065237282008,-1.758020240375838,0.6130422988957999,0.7671164417971628,-0.3566758479884834
10.141666666666666,1.083771434808732,-2.212324129245641,0.6207754522468051,1.0934328648000535,-0.3566758479884807
10.15,1.0633989612198034,-2.679385547903697,0.6313498807089274,1.449831799465232,-0.3566758479884747
10.158333333333333,1.0390741305183113,-3.161112705136232,0.6450338182285701,1.8401449864867336,-0.356675847988518
10.166666666666666,1.0106718875831666,-3.65780240845277,0.6621150405524086,2.264835007947223,-0.35667584798847723
10.175,0.978077165375148,-4.166382193038387,0.6828606743142634,2.717802408622666,-0.3566758479884537
10.183333333333334,0.9412240184330429,-4.677572029331493,0.7074427346655672,3.1813209670301394,-0.3566758479884692
10.191666666666666,0.900162146563601,-5.172316354645119,0.7358151086656066,3.6197491412587235,-0.35667584798851093
10.2,0.8551494774482888,-5.619694812130159,0.7675449341031256,3.9759251586262865,-0.3566758479887021
10.208333333333334,0.8067399544900838,-5.981076417418939,0.8016533271942227,4.178620650593626,-0.3566758479880536
10.216666666666667,0.755796447010658,-6.223903853696106,0.8365893473355822,4.16701521343511,-0.35667584798846996
10.225,0.7033677329560006,-6.338284253819571,0.8704456584626141,3.9203037634271554,-0.35667584798826324
10.233333333333333,0.6504692800577725,-6.34124627472276,0.9013482074261484,3.465908243738252,-0.3566758479890121
10.241666666666667,0.5979009796673418,-6.264697931157641,0.9277874888648475,2.8590812343758043,-0.35667584798855273
10.25,0.5461911025890256,-6.139772777034985,0.9487330476898818,2.155791749807273,-0.3566758479885701
10.258333333333333,0.4956435016004276,-5.9885645461888934,0.9635678104445072,1.3981288113566572,-0.35667584798842283
10.266666666666666,0.44641992512584255,-5.823345987833037,0.9719588900994209,0.6126062117072655,-0.3566758479885508
10.275,0.39861273105398093,-5.648973774385124,0.973742314085206,-0.1859716356156619,-0.3566758479885659
10.283333333333333,0.3522952488574425,-5.465552369916705,0.9688441843547416,-0.9901480721676386,-0.3566758479884954
10.291666666666666,0.3075526470030616,-5.270397404503595,0.9572335802779367,-1.7966532665498236,-0.3566758479885393
10.3,0.26449956875400865,-5.059276886659848,0.938896307130182,-2.6045169880437,-0.35667584798855256
10.308333333333334,0.22328969854483313,-4.827144023659588,0.9138202529437234,-3.41410768322349,-0.35667584798850926
10.316666666666666,0.18412063837864576,-4.568557085116289,0.8819860739567665,-4.226767956291495,-0.3566758479885356
10.325,0.14723611661193775,-4.277916561254344,0.8433592596593812,-5.044817541523056,-0.3566758479885531
10.333333333333334,0.11292668860748721,-3.9496009784210804,0.7978811867031129,-5.871771671022309,-0.35667584798850216
10.341666666666667,0.08152950871650733,-3.5780650658276905,0.7454578818665342,-6.712651337639011,-0.35667584798853447
10.35,0.053427155501096064,-3.157988698375513,0.6859463395732417,-7.57422541599748,-0.3566758479885529
10.358333333333333,0.029044416387202236,-2.6846630739568607,0.6191400961989443,-8.464872170869038,-0.3566758479885263
10.366666666666667,0.008839496517048354,-2.1550487816147945,0.544759788640929,-9.393347587995539,-0.356675847988536
10.375,-0.006719526243514258,-1.5704934049860308,0.4624637130750366,-10.36482518416125,-0.35667584798842417
10.383333333333333,-0.017214362861662974,-0.9431267215796738,0.37191382911035087,-11.370784623280443,-0.35667584798922086
10.391666666666666,-0.022415253000734207,-0.3089267366231326,0.27297005298504273,-12.367436848894641,-0.3566758479885793
10.4,-0.022558742900309025,0.2529698920477066,0.16611894226774399,-13.242487241326709,-0.35667584798738794
10.408333333333333,-0.018754822798687436,0.6146741956062698,0.05313681887113496,-13.80214789778528,-0.3566758479872662
10.416666666666666,-0.013220079962106692,0.6543081729484708,-0.062494825511560256,-13.856227424284269,-0.35667584798829116
10.425,-0.008795334470163209,0.35818340817481326,-0.1763156150927382,-13.383180727988002,-0.35667584798861424
10.433333333333334,-0.00788352188891293,-0.16527835888053916,-0.28455317823412163,-12.552800250093604,-0.35667584798872093
10.441666666666666,-0.011805190920483431,-0.7824089310588128,-0.3851121798064606,-11.569367324494676,-0.35667584798793156
10.45,-0.020931024853048177,-1.403797257346562,-0.4773170827391097,-10.5621641766123,-0.3566758479889165
10.458333333333334,-0.03509218725995714,-1.9865999151157707,-0.5612376972168867,-9.585849542213241,-0.35667584798875035
10.466666666666667,-0.053889682761126906,-2.515313790519949,-0.637205972538669,-8.653927267271978,-0.35667584798874086
10.475,-0.07685565596212283,-2.987152664272231,-0.7055841787925492,-7.763035977571585,-0.3566758479887276
10.483333333333333,-0.10352424497421128,-3.404577499848737,-0.7666807495128599,-6.9048555897752975,-0.35667584798873486
10.491666666666667,-0.13345979403526795,-3.772047847289855,-0.8207323331159908,-6.070930634762573,-0.35667584798878377
10.5,-0.16626728772213797,-4.094733256731539,-0.8679107153242761,-5.254269416972602,-0.3566758479887307
10.508333333333333,-0.2015959502192731,-4.3780370501479915,-0.9083367297231635,-4.449626483137072,-0.35667584798873486
10.516666666666666,-0.23914035451132734,-4.627421618659392,-0.9420941591518129,-3.653305223851448,-0.3566758479887739
10.525,-0.27864052279517515,-4.8483184990336685,-0.9692413278239257,-2.862839242065781,-0.3566758479887307
10.533333333333333,-0.3198812811814631,-5.046028651775359,-0.9898201433453098,-2.076718862382893,-0.35667584798873575
10.541666666666666,-0.3626905534554765,-5.225559574462289,-1.0038634119959065,-1.294266048060386,-0.3566758479887784
10.55,-0.40693585351781364,-5.391345277481546,-1.0114020822009666,-0.5157620874798604,-0.3566758479887182
10.558333333333334,-0.45251768679334875,-5.546767334277343,-1.0124750933953737,0.25702490235787473,-0.3566758479887342
10.566666666666666,-0.499357702615919,-5.693348213201002,-1.0071460208191554,1.019693138567556,-0.35667584798883833
10.575,-0.5473781684231915,-5.8294455528572415,-0.9955328346363442,1.7631585771312737,-0.35667584798868507
10.583333333333334,-0.5964679910660579,-5.94832440395365,-0.9778592578151583,2.4705163396468692,-0.3566758479887413
10.591666666666667,-0.6464306814197236,-6.035854565102354,-0.9545356781265165,3.113269594852886,-0.35667584798851304
10.6,-0.6969155601424446,-6.06914407606042,-0.9262671423940225,3.649211857767587,-0.35667584798897406
10.608333333333333,-0.7473513176641878,-6.019081362639527,-0.894155164572823,4.027073967052742,-0.35667584798878804
10.616666666666667,-0.7969284757160007,-5.8597708002849975,-0.8597132311552562,4.2029793871603776,-0.35667584798870283
10.625,-0.8446832788577773,-5.582209546726517,-0.8247068591474617,4.163938209199801,-0.3566758479885339
10.633333333333333,-0.8896767523428593,-5.201362279069273,-0.7908320324777502,3.939533428456204,-0.35667584798873775
10.641666666666666,-0.931173760360294,-4.748961017624207,-0.7593993897067984,3.5886835621265734,-0.3566758479889641
10.65,-0.9687223003204782,-4.258887784505863,-0.7311973823797951,3.173654457299206,-0.3566758479887794
10.658333333333333,-1.0021234175893001,-3.757003991146883,-0.706549378494515,2.7420476235384945,-0.35667584798878227
10.666666666666666,-1.0313502014514977,-3.258867673765201,-0.6854610926565811,2.322717554550728,-0.35667584798872454
10.675,-1.056469371508464,-2.7719014375236886,-0.6677638246523493,1.9295669181689847,-0.3566758479887893
10.683333333333334,-1.0775862209670861,-2.298403923198855,-0.6532165376715724,1.5668790002353752,-0.35667584798877855
10.691666666666666,-1.0948122385566554,-1.8378720816561038,-0.6415675764595866,1.2334762057007778,-0.3566758479887715
10.7,-1.1082482983505708,-1.388437717325885,-0.6325883011623238,0.9253383077808686,-0.3566758479887785
10.708333333333334,-1.1179769017114947,-0.9476499525036527,-0.6260900166928542,0.637073300682941,-0.35667584798877777
10.716666666666667,-1.1240591212518805,-0.5128578298779959,-0.6219318576323297,0.3626808932570746,-0.3566758479887776
10.725,-1.126533712312831,-0.08137096745894229,-0.6200241310831093,0.09591961992675067,-0.35667584798877777
10.733333333333333,-1.1254170312042389,0.3494939934898331,-0.6203295587613937,-0.16953209921249301,-0.3566758479887779
10.741666666666667,-1.1207030949188082,0.7824177178041828,-0.6228636233227268,-0.44000726075229596,-0.3566758479887781
10.75,-1.112363541578025,1.2200915376076547,-0.6276944570008499,-0.72179788654265,-0.35667584798877744
10.758333333333333,-1.1003475710520156,1.6652020137621477,-0.6349421249688091,-1.0210496839924568,-0.35667584798877777
10.766666666666666,-1.084582301532107,2.1203360656272348,-0.6447765073430642,-1.3435122690628822,-0.3566758479887879
10.775,-1.0649745209448351,2.5877231289636056,-0.6574120112476842,-1.6939964432229575,-0.3566758479887693
10.783333333333333,-1.0414157330399032,3.0686722873799086,-0.673095718700171,-2.0752890970184223,-0.35667584798877494
10.791666666666666,-1.0137939090165695,3.5624819907173837,-0.6920829369991116,-2.4861390563852446,-0.3566758479888418
10.8,-0.9820174798393032,4.06454975768091,-0.7145904456335092,-2.9178456811345876,-0.3566758479887573
10.808333333333334,-0.946058925018427,4.563583908588702,-0.7407146602871327,-3.3492974234862256,-0.35667584798878205
10.816666666666666,-0.9060232784147471,5.0386627832821755,-0.7703056950548793,-3.741793488531213,-0.35667584798841867
10.825,-0.8622334354108473,5.458775022156938,-0.8028120751649055,-4.038289014556952,-0.35667584798904073
10.833333333333334,-0.8152941792911573,5.789042741451469,-0.8371635485180786,-4.1744473810347555,-0.35667584798881014
10.841666666666667,-0.7660706678002418,6.0044597513633216,-0.8718055668882772,-4.103005677824745,-0.3566758479892016
10.85,-0.7155482339083089,6.102452568560457,-0.904945077605897,-3.8163055949151663,-0.35667584798853114
10.858333333333333,-0.6646358609155512,6.102586511538764,-0.934900262114358,-3.3464894570658386,-0.35667584798879237
10.866666666666667,-0.6140281150415093,6.0343223494760405,-0.9603536269133125,-2.7446649565001318,-0.3566758479888966
10.875,-0.5641785204556443,5.9244640912929745,-0.9804135442758375,-2.0591618583515556,-0.35667584798887886
10.883333333333333,-0.5153505934547117,5.791441528923969,-0.9945402272614643,-1.3254100935462643,-0.35667584798883517
10.891666666666666,-0.46769041297385056,5.645280908381184,-1.002432281502554,-0.5656199564829337,-0.3566758479887425
10.9,-0.42128821306498787,5.489759993309567,-1.003930120321716,0.20772732745563327,-0.3566758479888553
10.908333333333333,-0.37622091133725855,5.3246215138226844,-0.9989505171412847,0.9882588354502194,-0.3566758479888327
10.916666666666666,-0.3325785423442863,5.147190879719744,-0.9874472881450291,1.7731195116063503,-0.3566758479887925
10.925,-0.2904797481227341,4.953409282142673,-0.9693890693121744,2.5614216270634396,-0.35667584798883806
10.933333333333334,-0.25008049839317503,4.738455130559343,-0.9447466444713135,3.3534539775387087,-0.3566758479888324
10.941666666666666,-0.21157879102983265,4.497108898979076,-0.9134846300267178,4.15039017388269,-0.3566758479887916
10.95,-0.1752170036386285,4.223965549048931,-0.8755541698227726,4.954313392046357,-0.3566758479888368
10.958333333333334,-0.14128287218694413,3.913560690718183,-0.8308845481840892,5.768433598513288,-0.3566758479888325
10.966666666666667,-0.11010959501581258,3.560463768830736,-0.7793725485833848,6.597393215599146,-0.35667584798878094
10.975,-0.08207505209517893,3.1594145050042655,-0.7208693493409877,7.447522397578439,-0.35667584798883917
10.983333333333333,-0.05759919384243867,2.705665522198789,-0.6551663700015378,8.326769986695354,-0.35667584798882884
10.991666666666667,-0.03713651372917664,2.195912922134077,-0.5819850154195406,9.243684206663247,-0.35667584798889596
11.0,-0.021155547163797927,1.6306877450330481,-0.5009834392057475,10.204000473827339,-0.35667584798870144
11.008333333333333,-0.010086479306593708,1.0200244041736113,-0.4118116064207617,11.201766930205926,-0.3566758479887763
11.016666666666666,-0.00419795983192649,0.3952873543600946,-0.3142803561721082,12.199939382686111,-0.356675847989363
11.025,-0.0033445343804098964,-0.17219689897525806,-0.20874719333420735,13.09856746022941,-0.35667584798852536
11.033333333333333,-0.0065739971144947095,-0.5612904356287597,-0.09675099139702967,13.715212823648491,-0.356675847989417
11.041666666666666,-0.011839205213071744,-0.6441546411452389,0.018488945938105114,13.850925485976479,-0.3566758479892776
11.05,-0.016350846644318937,-0.3866943977632302,0.13259104452165568,13.452011967631533,-0.3566758479906093
11.058333333333334,-0.017595697141015963,0.11736415743253051,0.2416074563015758,12.665447819161148,-0.35667584798908025
11.066666666666666,-0.014088548250195856,0.7332775388243099,0.3431872419055345,11.698077104388522,-0.35667584798903385
11.075,-0.0053370024649854846,1.3643475220149976,0.4364731038583202,10.691152939758593,-0.35667584798852897
11.083333333333334,0.008555033981569307,1.9619950540626931,0.5214438376191531,9.70821328442844,-0.35667584798909124
11.091666666666667,0.02721719729401895,2.5076320585025,0.5983945092350861,8.767101494912161,-0.35667584798901303
11.1,0.050192239334847046,2.9970553075465154,0.6676740342419869,7.86607407790773,-0.3566758479890499
11.108333333333333,0.07701695310189832,3.4321298735595276,0.7295850216035129,6.997179049564887,-0.35667584798899377
11.116666666666667,0.10725513309294224,3.8170930904380707,0.7843589860127629,6.151841533250437,-0.35667584798900887
11.125,0.14051016924877505,4.157065144523285,0.8321608180030976,5.32280129843005,-0.3566758479890544
11.133333333333333,0.17642968793204833,4.45748956759612,0.8731021140109285,4.50453279264618,-0.3566758479889983
11.141666666666666,0.21470724608424296,4.723924555215868,0.9072552307464785,3.6930988730591285,-0.356675847989009
11.15,0.2550828179646824,4.961935647751426,0.9346652964373794,2.88585109238837,-0.35667584798904783
11.158333333333333,0.2973423984813602,5.176978132683805,0.9553598001037454,2.081171943191916,-0.35667584798899554
11.166666666666666,0.3413163506779766,5.3742030906249525,0.9693566506156625,1.27838516076238,-0.35667584798900975
11.175,0.38687558626721286,5.558117525586541,0.9766726349316097,0.4779667454465997,-0.35667584798907404
11.183333333333334,0.43392395620422514,5.731992482000999,0.9773355184304107,-0.3177532835954782,-0.35667584798895946
11.191666666666666,0.482384107856779,5.896854201187202,0.9714049822741625,-1.1031168234602324,-0.3566758479890103
11.2,0.5321724709891517,6.049849880728618,0.9590102663982983,-1.8665475601471682,-0.35667584798911833
11.208333333333334,0.5831575533241592,6.181886665847876,0.9404147520451518,-2.5866996783446075,-0.3566758479890111
11.216666666666667,0.6350968618563455,6.2750406677238235,0.9161154645994184,-3.2282416895721764,-0.35667584798902957
11.225,0.6875575897547805,6.301769447258127,0.8869682261460798,-3.74081151214605,-0.3566758479883062
11.233333333333333,0.7398516010690095,6.2298529902971955,0.8542853570126393,-4.067880717199212,-0.35667584798932195
11.241666666666667,0.7910459212455664,6.035440851045785,0.8198006736837578,-4.169470815092179,-0.35667584798902635
11.25,0.8400971059830976,5.717692317325542,0.7854204934665988,-4.0472284580088,-0.3566758479896792
11.258333333333333,0.8860656404698258,5.301317911592267,0.7528402500650534,-3.7481163369480783,-0.35667584798879526
11.266666666666666,0.9282825446289079,4.823645912823964,0.7232507619542483,-3.341134370718756,-0.35667584798905394
11.275,0.9663853770314365,4.318807502900708,0.6972774823011606,-2.889225687591351,-0.3566758479889974
11.283333333333333,1.000252816064814,3.810055496411002,0.6750999117128598,-2.435601253653554,-0.3566758479890979
11.291666666666666,1.0299110405825254,3.309963501695198,0.6566216971681862,-2.0039955884012697,-0.3566758479890583
11.3,1.0554575916193674,2.823670897193402,0.6416104414689218,-1.6043595761996303,-0.3566758479890314
11.308333333333334,1.0770130748976987,2.352016123888014,0.6297883670487178,-1.2384245209189615,-0.3566758479890627
11.316666666666666,1.0946948665767386,1.8936533743278947,0.6208836562146648,-0.9035166069323487,-0.35667584798905694
11.325,1.1086044687870196,1.4462614905002866,0.6146569518418141,-0.5947879210447599,-0.3566758479890557
11.333333333333334,1.1188222598829223,1.007160210560924,0.610913977553914,-0.3064038415095173,-0.35667584798905694
11.341666666666667,1.125405828046546,0.5735879080583164,0.6095110206203425,-0.03212789178994672,-0.35667584798905677
11.35,1.128389791031956,0.1428004690818176,0.6103570322652826,0.23441612313370683,-0.35667584798905694
11.358333333333333,1.127786029497018,-0.2879170472616341,0.6134142947795417,0.49964210701281997,-0.3566758479890566
11.366666666666667,1.1235838466396544,-0.7212728498183831,0.6186985589404284,0.7699639668579148,-0.35667584798905677
11.375,1.1157499274918579,-1.1599884222783805,0.626278899209643,1.0517552105811863,-0.35667584798905866
11.383333333333333,1.1042282660192182,-1.6067792280529094,0.636276992685256,1.3512382744327411,-0.3566758479890544
11.391666666666666,1.088940593994269,-2.0642421382305938,0.6488648628164481,1.6742062746284028,-0.35667584798905666
11.4,1.0697884381106062,-2.5345572774604066,0.6642590704449438,2.0254134240356954,-0.3566758479890825
11.408333333333333,1.0466589533773598,-3.018846746429173,0.6827075340407213,2.4073577530684833,-0.3566758479890311
11.416666666666666,1.01943834289749,-3.515948365265026,0.7044622592305726,2.8180355743560717,-0.35667584798905483
11.425,0.9880389179078428,-4.020328830622298,0.7297273764896948,3.2471940516702134,-0.35667584798909674
11.433333333333334,0.9524474198904048,-4.519118746039592,0.7585692471998582,3.671067870779587,-0.3566758479891282
11.441666666666666,0.9127987489249993,-4.989301813819445,0.7907816509071361,4.047428875933316,-0.35667584798906904
11.45,0.869462426826234,-5.398178947036726,0.8257286778958957,4.316430758865653,-0.3566758479885038
11.458333333333334,0.8230962468820038,-5.711331709871902,0.8622456645221215,4.414668059899626,-0.3566758479891517
11.466666666666667,0.7746012741998619,-5.907377015054804,0.8987143976932499,4.3012833345227035,-0.3566758479890703
11.475,0.7249601539008451,-5.9888853150346755,0.933345959961351,3.977619470940547,-0.35667584798971397
11.483333333333333,0.6750410261983254,-5.97899029683856,0.9645292162656137,3.482012085531012,-0.35667584798893404
11.491666666666667,0.6254799491882931,-5.907841420996839,0.9910476246036564,2.8666677141993215,-0.35667584798910024
11.5,0.5766751708836129,-5.801037323714752,1.0121036773270786,2.177629090440763,-0.356675847989016
11.508333333333333,0.5288477167051597,-5.675337975166976,1.027227551129434,1.4471561366698709,-0.35667584798917384
11.516666666666666,0.4821141092981721,-5.53940190022946,1.0361628963249674,0.6947704196258706,-0.35667584798910795
11.525,0.4365444579113816,-5.396108684627661,1.038776119487416,-0.06892898392415575,-0.3566758479890523
11.533333333333333,0.39220135115283805,-5.244686353623196,1.034997309414183,-0.8387627442161828,-0.3566758479891268
11.541666666666666,0.3491636492370178,-5.082197168065377,1.0247858155136051,-1.612581338107587,-0.356675847989108
11.55,0.3075403485091535,-4.90446378591854,1.0081113884408726,-2.389873277146226,-0.3566758479890758
11.558333333333334,0.26747842007336115,-4.706618318185573,0.9849437983903572,-3.1710743107915937,-0.3566758479891179
11.566666666666666,0.22916711431074827,-4.483421256322357,0.9552461736769252,-3.957331653524747,-0.35667584798910856
11.575,0.1928402257934904,-4.229443830385899,0.9189689989173087,-4.750560166670373,-0.3566758479890685
11.583333333333334,0.15877720708043508,-3.939169030797261,0.876042803530601,-5.553686308387447,-0.35667584798911933
11.591666666666667,0.1273036449993384,-3.607049943251833,0.8263683102323042,-6.3710007330214955,-0.35667584798910845
11.6,0.09879126802240815,-3.2275751503417554,0.7698035067625958,-7.208523775979963,-0.35667584798905916
11.608333333333333,0.07365704112369076,-2.795449143125559,0.7061482024587613,-8.074199163124856,-0.35667584798911783
11.616666666666667,0.052359449132108264,-2.306152716052233,0.6351290409375123,-8.977483647642995,-0.3566758479891043
11.625,0.035386514951607155,-1.7575228606868423,0.5563937272379211,-9.927288699642016,-0.3566758479893074
11.633333333333333,0.023221790902786428,-1.1538002463215178,0.46953692676026754,-10.92586435022735,-0.3566758479887704
11.641666666666666,0.016257110763131837,-0.5149461322520759,0.3742097839032527,-11.953822637775643,-0.3566758479890808
11.65,0.01459388046554828,0.10563955853109823,0.2704126433856082,-12.940520875941914,-0.35667584798905094
11.658333333333333,0.017674559801524308,0.6009633387537858,0.15907846235211667,-13.728443079699753,-0.3566758479874576
11.666666666666666,0.023851860363972327,0.8251223386452644,0.04278990864146043,-14.092463371985176,-0.35667584798877444
11.675,0.03040479390541096,0.6870447696669494,-0.07419573151108422,-13.889300104135163,-0.3566758479875234
11.683333333333334,0.034433889036596936,0.23943957662799162,-0.1873398783899362,-13.20201551478559,-0.35667584798923463
11.691666666666666,0.033934349869919556,-0.37524406001718885,-0.29350492443972953,-12.251984649259784,-0.35667584798888385
11.7,0.028063058470268444,-1.034009920468104,-0.39133033744616913,-11.223252437385032,-0.3566758479898576
11.708333333333334,0.016769444806494106,-1.6694030114461247,-0.4806035562313234,-10.208458647792154,-0.35667584798927876
11.716666666666667,0.00038279293245547814,-2.2538991646986775,-0.5615964112408205,-9.237815838936015,-0.3566758479893332
11.725,-0.020632457611467033,-2.7799417406676272,-0.6346950410266271,-8.312927517007298,-0.3566758479893544
11.733333333333333,-0.045789371969949914,-3.2484092178165715,-0.7002496507047737,-7.425602317942643,-0.3566758479893833
11.741666666666667,-0.07462397772819478,-3.663401886786794,-0.7585318026762273,-6.56594495910182,-0.3566758479894036
11.75,-0.10671205091675016,-4.030158712099707,-0.8097345745166182,-5.72525755795539,-0.3566758479893477
11.758333333333333,-0.14167490990520665,-4.354302884541172,-0.853986481541557,-4.896771338478026,-0.3566758479893807
11.766666666666666,-0.17918139288404925,-4.641594497480524,-0.8913674897023015,-4.075556283590079,-0.35667584798939767
11.775,-0.21894859002254877,-4.897843455110912,-0.9219229646109249,-3.2581748097030556,-0.3566758479893499
11.783333333333333,-0.26074197722090453,-5.128837482394696,-0.9456745782618775,-2.4423255442199476,-0.35667584798938007
11.791666666666666,-0.3043747566064707,-5.340214235915112,-0.9626286833893938,-1.6266106552566866,-0.3566758479893978
11.8,-0.3497056962984707,-5.5372177555421915,-0.9727836665544117,-0.8105453605016608,-0.3566758479893337
11.808333333333334,-0.39663416969415205,-5.724250979163514,-0.9761389331487815,0.0050258315648201435,-0.3566758479893976
11.816666666666666,-0.44509012179040386,-5.904073913959349,-0.9727099244546215,0.8168431792326613,-0.3566758479894432
11.825,-0.495015094158472,-6.076414368771412,-0.9625562985013549,1.6170831842198903,-0.35667584798925933
11.833333333333334,-0.5463282816812455,-6.235728256113226,-0.9458339894024971,2.3897187173906995,-0.35667584798940544
11.841666666666667,-0.5988701970734744,-6.368126673168376,-0.9228839938657911,3.1054584019491434,-0.356675847989246
11.85,-0.6523206494497708,-6.448650960413691,-0.8943632286082907,3.71734988025901,-0.356675847989822
11.858333333333333,-0.7061070814847707,-6.442521417458989,-0.8613891427828548,4.163316696627627,-0.35667584798907837
11.866666666666667,-0.7593582495440496,-6.315448937404501,-0.8256028644049556,4.384313156811386,-0.3566758479892479
11.875,-0.8109824039841382,-6.05192005877218,-0.7890154528806868,4.355955356715569,-0.3566758479889276
11.883333333333333,-0.8598844807860373,-5.667129371356927,-0.7536158317085482,4.108630857716468,-0.3566758479896526
11.891666666666666,-0.9052032055859355,-5.1991248706960365,-0.7209506651035344,3.7129628580055694,-0.35667584798958063
11.9,-0.9464212967608324,-4.689226507482427,-0.6919319623954222,3.244991676008579,-0.356675847989442
11.908333333333333,-0.9833276777676498,-4.168321056081165,-0.6669072706011466,2.7618636350573524,-0.35667584798938706
11.916666666666666,-1.0159131072142404,-3.6542108201400287,-0.6458484140627917,2.2970250127317713,-0.3566758479893726
11.925,-1.0442725971155276,-3.15481543321105,-0.6285291757522498,1.8657896968539434,-0.3566758479894483
11.933333333333334,-1.0685401206783933,-2.6721564889462432,-0.614646346407131,1.472370427969769,-0.3566758479894147
11.941666666666666,-1.0888523641511825,-2.2052330676904934,-0.6038892296323113,1.1150179162677212,-0.356675847989416
11.95,-1.1053312366508066,-1.7516986043207619,-0.5959753501277069,0.7890770046037865,-0.3566758479894226
11.958333333333334,-1.1180766733941907,-1.3087216609134238,-0.5906671419098485,0.48861102174152116,-0.3566758479894208
11.966666666666667,-1.1271644610277833,-0.8733776971780113,-0.5877789065340785,0.2071947824054788,-0.3566758479894211
11.975,-1.1326461830545065,-0.44279368757257737,-0.5871792145526439,-0.061736400684091926,-0.3566758479894208
11.983333333333333,-1.1345497980812662,-0.014170307570406285,-0.5887914420890218,-0.32476161920991914,-0.35667584798942104
11.991666666666667,-1.1328801389366723,0.41525116148212365,-0.5925937576426435,-0.5884528755753952,-0.35667584798942115
12.0,-1.1276190436510982,0.84823904532056,-0.5986191092750967,-0.8593873165571028,-0.3566758479894206
12.008333333333333,-1.1187250945914888,1.2876104466972564,-0.6069552720023709,-1.1441407716029701,-0.35667584798942187
12.016666666666666,-1.1061331871786284,1.7362262336411347,-0.6177445601712623,-1.4492015049322071,-0.35667584798942475
12.025,-1.0897545025779385,2.1968870629729835,-0.631182166748744,-1.780705411890749,-0.3566758479894117
12.033333333333333,-1.0694780842707485,2.6720303336011395,-0.6475109748427952,-2.14381521727097,-0.3566758479894316
12.041666666666666,-1.045176354380776,3.163049430192009,-0.6670086860606047,-2.541430500177607,-0.35667584798945795
12.05,-1.016718834814209,3.668948444283929,-0.6899597435119816,-2.97172985416617,-0.3566758479893638
12.058333333333334,-0.9840010846473871,4.183981834868138,-0.7165997745061816,-3.423941880653061,-0.35667584798943797
12.066666666666666,-0.9469980757696345,4.694197562019951,-0.7470165318614042,-3.8722217453138206,-0.356675847989337
12.075,-0.9058476550549575,5.174052870226115,-0.7809977555495043,-4.269703876863069,-0.35667584798978985
12.083333333333334,-0.8609497223200666,5.586906797963435,-0.8178515955700119,-4.549406341942134,-0.3566758479891926
12.091666666666667,-0.8130260764271915,5.894648180367655,-0.856296563057634,-4.641211458362926,-0.3566758479893621
12.1,-0.7630614697395782,6.07529246743363,-0.8945610995061021,-4.502966665050796,-0.3566758479889901
12.108333333333333,-0.712109682198531,6.134870483125152,-0.9307231113914913,-4.14189515126319,-0.35667584798970825
12.116666666666667,-0.6610720378863544,6.1015831446414746,-0.9631038020732843,-3.6051701342673343,-0.35667584798968377
12.125,-0.6105798553671264,6.009267808021618,-0.9904858022854779,-2.951591742234775,-0.35667584798950136
12.133333333333333,-0.5610053888937759,5.884973990761651,-1.0121097037364157,-2.230006868658612,-0.35667584798943064
12.141666666666666,-0.5125386089004339,5.74539068025945,-1.0275551484939844,-1.4728789263797548,-0.35667584798940766
12.15,-0.46526871288838545,5.5984731969064825,-1.0366115602117945,-0.6988467433697704,-0.3566758479895384
12.158333333333333,-0.41924503650672734,5.4462874352259565,-1.0391825635361487,0.08256594428913203,-0.3566758479894589
12.166666666666666,-0.37451585020573924,5.287342576056772,-1.0352270481139334,0.867096143802572,-0.3566758479894517
12.175,-0.3311511031318937,5.118122714927825,-1.024726501199684,1.6532769320824814,-0.3566758479894968
12.183333333333334,-0.2892551495374266,4.934000003004355,-1.007668006280527,2.4410762007262354,-0.35667584798946855
12.191666666666666,-0.24897363474647152,4.729756471794818,-0.984035316422457,3.231264584466445,-0.35667584798945423
12.2,-0.21049707551215519,4.499876440884372,-0.9538031442024417,4.025239711966518,-0.35667584798949487
12.208333333333334,-0.17406260836448842,4.23870543285282,-0.9169316298361264,4.825137801003661,-0.3566758479894668
12.216666666666667,-0.13995477679507104,3.9405284542573282,-0.8733590516798799,5.6341303640873805,-0.3566758479894464
12.225,-0.10850588184010915,3.5996020446964465,-0.8229915507190235,6.456832178496608,-0.35667584798949886
12.233333333333333,-0.08009611582208613,3.21018449649933,-0.7656892797865741,7.299732572522319,-0.356675847989463
12.241666666666667,-0.05515313484834505,2.7666661386389793,-0.701249410219234,8.171475821123119,-0.35667584798944985
12.25,-0.034149316476812186,2.2640605026336935,-0.6293887483707966,9.082568241228897,-0.35667584798945784
12.258333333333333,-0.017591384078368338,1.6995063656596614,-0.5497344778386724,10.04345774004391,-0.3566758479895529
12.266666666666666,-0.005988478394916594,1.076302203971175,-0.4618456491124622,11.05846596723144,-0.35667584798989527
12.275,0.00023401866984834835,0.4135553290538402,-0.36531962128904316,12.110316494703271,-0.356675847988894
12.283333333333333,0.0009386748022525095,-0.23469827133686974,-0.26009203747019966,13.128256855077616,-0.3566758479892151
12.291666666666666,-0.0033311165810371865,-0.7562596465646272,-0.1470586155439145,13.947281212821496,-0.35667584798703794
12.3,-0.010872879755895359,-0.9942543713273487,-0.028870506850136767,14.325067260025744,-0.3566758479895887
12.308333333333334,-0.01882337120006517,-0.8501355713441289,0.0900081844516398,14.106333162263368,-0.35667584799177143
12.316666666666666,-0.0241354199158337,-0.3831114170049548,0.20482315631292514,13.384557606074212,-0.3566758479910858
12.325,-0.024744333456868065,0.25237582723007757,0.3123610541237001,12.400072904322359,-0.35667584799038937
12.333333333333334,-0.019826223301651763,0.9271537497162531,0.41130825447244707,11.346127074440185,-0.35667584798956564
12.341666666666667,-0.009375803749328972,1.5730515059597368,0.5015345969057677,10.315766125774347,-0.3566758479895677
12.35,0.0062360035121154095,2.163664691731337,0.5833830523297788,9.33686275340701,-0.3566758479898268
12.358333333333333,0.026513343092972336,2.69262646139027,0.657290804910707,8.408756832766787,-0.35667584798979385
12.366666666666667,0.05094642065488554,3.161664911924723,0.7236429537914635,7.521655624856754,-0.3566758479898222
12.375,0.07905410262439116,3.5754133311310783,0.7827351174578275,6.66463347142437,-0.3566758479897639
12.383333333333333,0.11039846258211115,3.939423374121811,0.8347775784651603,5.828350524177877,-0.35667584798979624
12.391666666666666,0.14458909490187066,4.259491777363432,0.8799118134736191,5.0056419754321535,-0.35667584798981816
12.4,0.18128418761006618,4.541470918130549,0.9182281233749812,4.191329981545293,-0.35667584798976804
12.408333333333333,0.22019076452247965,4.7912251438395685,0.9497805056759843,3.3818049985452587,-0.3566758479897942
12.416666666666666,0.2610646692543779,5.014598973433931,0.9745979143903936,2.574601544069404,-0.35667584798981194
12.425,0.3037101208454207,5.217338980850224,0.9926923622264395,1.7680793433107946,-0.3566758479897654
12.433333333333334,0.3479782811379521,5.404926961826269,1.004065109340411,0.9612990293864081,-0.35667584798979857
12.441666666666666,0.39376386013351145,5.582262282490473,1.0087130249281084,0.15421314261531552,-0.35667584798983115
12.45,0.44099807950209635,5.753080865757456,1.0066385104080262,-0.6516274555811647,-0.35667584798971586
12.458333333333334,0.48963506088660114,5.918918341020329,0.9978685408994832,-1.4515248386112898,-0.35667584798982904
12.466666666666667,0.5396267383847916,6.077343558004161,0.9824916778507108,-2.234789237806805,-0.3566758479898796
12.475,0.5908791521824496,6.219243795551492,0.960725557821874,-2.980254225319872,-0.35667584798976465
12.483333333333333,0.6431830598293421,6.325545036881711,0.9330268984825242,-3.6508568027037733,-0.35667584798967156
12.491666666666667,0.6961215910787213,6.365584020034845,0.9002388325615295,-4.191139129551671,-0.35667584798916524
12.5,0.7489877178382048,6.302063787838716,0.863718500635007,-4.536145999561849,-0.3566758479902874
12.508333333333333,0.8007862184206131,6.10639510943368,0.8253163663461621,-4.638102790062273,-0.35667584798990415
12.516666666666666,0.8503863102561786,5.776954490890087,0.787095417883412,-4.497700120158788,-0.3566758479903921
12.525,0.8967754765807879,5.342395551637605,0.750879930938585,-4.169037743365878,-0.3566758479894571
12.533333333333333,0.9392535643718611,4.845455221306169,0.7179151201894853,-3.7306527144992856,-0.3566758479898565
12.541666666666666,0.9774660976932478,4.323927356162199,0.6888121840511249,-3.2518757187565837,-0.35667584798977364
12.55,1.0113201328772974,3.8023865209542627,0.663701020680089,-2.7781695433155953,-0.35667584798990304
12.558333333333334,1.0408744944250383,3.2932876529749753,0.6424287818974214,-2.3329867449720147,-0.3566758479898205
12.566666666666666,1.0662556715381617,2.801117547446719,0.6247136794469944,-1.9250595225639717,-0.3566758479898158
12.575,1.0876073685123337,2.3260123716437877,0.6102394143205564,-1.554815352415693,-0.35667584798984575
12.583333333333334,1.1050646737211247,1.866048846129314,0.5987056860578225,-1.2184976077783458,-0.3566758479898355
12.591666666666667,1.1187426370199414,1.4184826989663966,0.5898525376256172,-0.9104470301067542,-0.3566758479898358
12.6,1.1287322360175616,0.9803441249648486,0.5834708458216453,-0.624250366810079,-0.35667584798983715
12.608333333333333,1.1350996917526646,0.5486837762872872,0.5794061054745586,-0.3532669401648379,-0.35667584798983687
12.616666666666667,1.137887007531713,0.12064103745465873,0.5775593136161389,-0.09083465617368977,-0.356675847989837
12.625,1.137112675834498,-0.306573020282888,0.5778868698487021,0.16968034802948037,-0.3566758479898369
12.633333333333333,1.1327720669579433,-0.7357290433346888,0.5804003902963101,0.43490170828869246,-0.35667584798983687
12.641666666666666,1.1248373249252455,-1.1696401875705829,0.5851667608868596,0.7114746350895659,-0.3566758479898372
12.65,1.1132568105731255,-1.6112055000007077,0.5923083541529968,1.0060649474939403,-0.35667584798983515
12.658333333333333,1.0979543692404066,-2.0634011790783306,0.6020028917948843,1.3252614661126818,-0.35667584798983903
12.666666666666666,1.0788290913443719,-2.5291569376319023,0.6144817259020804,1.6752690102669698,-0.3566758479898494
12.675,1.0557569672128901,-3.0109985179138956,0.6300240075134595,2.0611817695485155,-0.3566758479898098
12.683333333333334,1.0285972014411027,-3.5102404186375846,0.6489418152852737,2.4854593929814484,-0.3566758479898582
12.691666666666666,0.9972082934412697,-4.0253803341958445,0.6715472408827732,2.9450014425243136,-0.3566758479899093
12.7,0.9614823000061035,-4.5492803400645805,0.6980867203665982,3.4261094108394423,-0.35667584798979907
12.708333333333334,0.9214080773838298,-5.065113124095449,0.7286239162320627,3.897327074120126,-0.3566758479897666
12.716666666666667,0.8771686303062666,-5.542755318493062,0.7628626583136756,4.303139266807567,-0.3566758479893582
12.725,0.8292504572378808,-5.940622557200357,0.7999493941111209,4.567296536271546,-0.3566758479903876
12.733333333333333,0.7784929026125345,-6.218800313701583,0.8383820750868519,4.616035740995721,-0.3566758479899074
12.741666666666667,0.725989011815571,-6.359459521998907,0.8761817377150468,4.414264725843373,-0.35667584799049357
12.75,0.6728471383010086,-6.376554852470407,0.9113128278672457,3.983288378632547,-0.3566758479893773
12.758333333333333,0.6199603652766862,-6.3046405996699235,0.9420967529188822,3.382070984395818,-0.35667584798994934
12.766666666666666,0.567915888559884,-6.17976329125056,0.9673862320630496,2.674276696052933,-0.356675847989855
12.775,0.5170374612830214,-6.028154216921106,0.9865086174247157,1.9084563886407668,-0.3566758479900227
12.783333333333333,0.46747905601140427,-5.86458933992592,0.999117984263295,1.1148670676300299,-0.35667584798986707
12.791666666666666,0.4193101564078473,-5.695138787482557,1.0050589870222353,0.3099309725252792,-0.3566758479898463
12.8,0.37257457175744624,-5.52036806387622,1.0042743149391085,-0.4984618811343088,-0.3566758479899409
12.808333333333334,0.32732586449168183,-5.33767922515998,0.9967507829372387,-1.307113018715345,-0.35667584798989294
12.816666666666666,0.2836471533785099,-5.1427574706985935,0.9824906692893979,-2.1152373768178316,-0.3566758479898773
12.825,0.2416616341613874,-4.93040032842812,0.961497073945163,-2.923297046431292,-0.35667584798992147
12.833333333333334,0.20153787199766526,-4.694976959750429,0.9337658505179557,-3.73253267110288,-0.35667584798989516
12.841666666666667,0.16349222917575426,-4.430676081701807,0.8992795301187609,-4.544919113102083,-0.35667584798987284
12.85,0.12778978061237348,-4.131631740629529,0.8580004423944464,-5.363381624604503,-0.3566758479899228
12.858333333333333,0.09474450572255454,-3.791978222969093,0.8098613210141201,-6.192168545874514,-0.3566758479898925
12.866666666666667,0.06471916658275988,-3.4058794175315996,0.7547524658790118,-7.037287517568474,-0.3566758479898655
12.875,0.03812478803089896,-2.9676152331566255,0.6925054768514223,-7.906857804124981,-0.35667584798992347
12.883333333333333,0.015418547686096422,-2.4719279814033563,0.6228754416290292,-8.81104624520297,-0.35667584798990204
12.891666666666666,-0.002903891799910826,-1.915136379292232,0.5455279588809251,-9.760765312670532,-0.3566758479899962
12.9,-0.016332357803865806,-1.2982287244599982,0.4600484439966738,-10.76313977284996,-0.3566758479895592
12.908333333333333,-0.024408529101205202,-0.6345238302894068,0.366016754613755,-11.809367106761275,-0.35667584799018653
12.916666666666666,-0.02688906504177234,0.034114439768291246,0.26323901733084515,-12.847924962482695,-0.35667584798984964
12.924999999999999,-0.024082270992845996,0.613287946879542,0.1522721498611713,-13.743251846388006,-0.35667584799153046
12.933333333333334,-0.01733442009824,0.9527916720331148,0.03522151744474998,-14.265725226136405,-0.3566758479909108
12.941666666666666,-0.009239214483212629,0.9245379064613776,-0.08387163495940934,-14.21428261209698,-0.35667584798913826
12.95,-0.002920910904538642,0.5427234106103381,-0.20013037324486554,-13.611370835895725,-0.35667584799006374
12.958333333333334,-0.0007824747537109159,-0.05137212964257377,-0.3098127723364405,-12.678195992977152,-0.3566758479902999
12.966666666666667,-0.003961836400195045,-0.7142544334039596,-0.4111321113432714,-11.63267782213519,-0.3566758479908607
12.975,-0.012639670804320394,-1.3618347240045836,-0.5037162664657306,-10.593771770248939,-0.3566758479900709
12.983333333333333,-0.02651582284580134,-1.9586313952270675,-0.5878329309175807,-9.60338121456813,-0.3566758479901385
12.991666666666667,-0.04511271221127567,-2.4942551289398005,-0.6639222308492303,-8.666466857472766,-0.35667584799020424
13.0,-0.06791695667176739,-2.9688718963825553,-0.7324001707975808,-7.77489244654047,-0.3566758479902212
13.008333333333333,-0.0944356642895315,-3.3865563995945336,-0.7935995366991075,-6.9178394355708965,-0.35667584799024266
13.016666666666666,-0.12421624325454657,-3.7526546327883077,-0.8477661543240455,-6.0855772304549705,-0.3566758479901875
13.025,-0.1568523936570524,-4.072848651320524,-0.895073278558262,-5.270468389207392,-0.3566758479902191
13.033333333333333,-0.19198547151884826,-4.352872256983539,-0.9356392841346199,-4.466932130610673,-0.35667584799023555
13.041666666666666,-0.22930456414778883,-4.598442426299398,-0.9695433468017195,-3.671069018152523,-0.3566758479901915
13.049999999999999,-0.2685462474739621,-4.815234594440164,-0.9968376408982984,-2.8802291576994183,-0.3566758479902171
13.058333333333334,-0.3094940658331855,-5.008833515016488,-1.0175561569276952,-2.092647186261179,-0.3566758479902301
13.066666666666666,-0.35197737430847054,-5.184624024949181,-1.0317210196784175,-1.3072191650507374,-0.3566758479901877
13.075,-0.39586889155573285,-5.347582613203668,-1.0393478086404506,-0.5235022588731184,-0.35667584799022334
13.083333333333334,-0.4410798820669556,-5.501901941802801,-1.040452214367393,0.2579378115010835,-0.3566758479902502
13.091666666666667,-0.487551117978075,-5.650327725949099,-1.0350617223745289,1.0346242539107993,-0.3566758479901385
13.1,-0.535236478973179,-5.793017640938124,-1.0232381952512315,1.8003945082489543,-0.35667584799025404
13.108333333333333,-0.5840742460107163,-5.925694267099189,-1.0051201934646252,2.542382513123837,-0.35667584799026186
13.116666666666667,-0.6339397105023811,-6.037038140010137,-0.9809961193978923,3.2366969710484117,-0.35667584799025576
13.125,-0.6845750148018579,-6.106080405393017,-0.9514150311075015,3.844138365252559,-0.35667584799004204
13.133333333333333,-0.7355056264486678,-6.102246347485017,-0.9173185194021728,4.310534128342804,-0.35667584798970475
13.141666666666666,-0.7859836663103588,-5.992476905087299,-0.8801241152952894,4.579256951436793,-0.356675847990494
13.15,-0.8350270783834167,-5.756526556684188,-0.8416421449668715,4.617635484713304,-0.3566758479903841
13.158333333333333,-0.8815901268704096,-5.400625715761811,-0.8037675087457494,4.4401248779273095,-0.3566758479906683
13.166666666666666,-0.9247888205601335,-4.955461043626021,-0.7680818321356999,4.1040233051428165,-0.35667584798999724
13.174999999999999,-0.964042139670881,-4.459983018139295,-0.7356081057385067,3.6806699992211107,-0.356675847990259
13.183333333333334,-0.999072782586024,-3.946405708784938,-0.7068138915930515,3.2289829372211263,-0.35667584799020013
13.191666666666666,-1.0298224581919613,-3.434962096849758,-0.681765250072974,2.7861950005786857,-0.3566758479903009
13.2,-1.0563564382731696,-2.9356458660939837,-0.6602998485612805,2.370891593456596,-0.3566758479902363
13.208333333333334,-1.0787933318199212,-2.4518537847667856,-0.6421557599016805,1.9894337351293818,-0.35667584799023616
13.216666666666667,-1.0972633797638867,-1.9833840083121934,-0.6270497677602254,1.6412918150306084,-0.3566758479902576
13.225,-1.1118870148433986,-1.5283147009965994,-0.614719409336171,1.3224348469016314,-0.3566758479902499
13.233333333333333,-1.1227652443183704,-1.0840225562297023,-0.6049434741587212,1.0272144151729543,-0.3566758479902502
13.241666666666667,-1.1299761261858117,-0.6476755449728964,-0.59755101918582,0.7493217014916089,-0.35667584799025137
13.25,-1.1335740205700673,-0.21643663515803183,-0.5924247720724312,0.48223062373395037,-0.3566758479902508
13.258333333333333,-1.1335898465892627,0.21248155366845414,-0.5895020821000333,0.21937348440749257,-0.3566758479902508
13.266666666666666,-1.1300314564419023,0.6418339500188304,-0.5887750180465245,-0.04581314830014774,-0.356675847990251
13.275,-1.1228837244192407,1.07438866633812,-0.5902903381388381,-0.3198933368157558,-0.35667584799025087
13.283333333333333,-1.112108241390609,1.5129714224963022,-0.5941495191003786,-0.6094324397372011,-0.3566758479902515
13.291666666666666,-1.0976427487417344,1.9604775262957927,-0.6005085791925153,-0.9209357654747886,-0.35667584799024804
13.299999999999999,-1.079400767227529,2.4198024199540717,-0.6095768418959278,-1.2606364848845741,-0.35667584799025465
13.308333333333334,-1.0572724338838484,2.8936013094330786,-0.6216127877736697,-1.6339737519903905,-0.3566758479902681
13.316666666666666,-1.0311285880694119,3.3837140575560167,-0.6369133283543125,-2.044473511512629,-0.35667584799021385
13.325,-1.0008319627199886,3.889977981766118,-0.655789667054202,-2.4915497903093793,-0.3566758479902806
13.333333333333334,-0.9662621436808709,4.40804344881495,-0.6785180578871776,-2.9665640763890027,-0.35667584799030727
13.341666666666667,-0.9273639657948182,4.925931481663834,-0.7052486631528818,-3.4467118582725194,-0.35667584799029495
13.35,-0.8842280292332809,5.420047171044294,-0.7358577137985339,-3.888026199249724,-0.3566758479900867
13.358333333333333,-0.8371964983775413,5.85393487738835,-0.7697557052312445,-4.223292891248861,-0.35667584798975505
13.366666666666667,-0.7869472310902415,6.185717151727145,-0.8057348785486264,-4.375306719456306,-0.35667584799051244
13.375,-0.734469422726158,6.38598915746583,-0.8420092665027354,-4.288610679983322,-0.3566758479904979
13.383333333333333,-0.6808839885041145,6.4540639585713615,-0.8765309922849435,-3.9585980011196984,-0.3566758479908533
13.391666666666666,-0.627196808757015,6.416211439039987,-0.9074304832398788,-3.4292574269461866,-0.35667584799001917
13.4,-0.5741401851768215,6.308628796664181,-0.9333086161267784,-2.763986921055069,-0.3566758479903129
13.408333333333333,-0.5221603456942724,6.162002454504597,-0.9532764325522223,-2.0187048044878955,-0.3566758479902405
13.416666666666666,-0.4714933133179589,5.995897876529193,-0.9668395104949111,-1.231776218247503,-0.3566758479904194
13.424999999999999,-0.4222554838004849,5.819931516223239,-0.9737537924776385,-0.42568565626830046,-0.35667584799028346
13.433333333333334,-0.37451372806057,5.636893567392595,-0.9739141668219283,0.38784615412978285,-0.3566758479902739
13.441666666666666,-0.3283303692114212,5.445461665221763,-0.9672843506949897,1.2034088329282169,-0.35667584799034746
13.45,-0.2837893078527483,5.242012204968245,-0.9538574059569241,2.0190098007879524,-0.3566758479903058
13.458333333333334,-0.24101028051933437,5.021702330419933,-0.9336346518431309,2.834477718564274,-0.356675847990291
13.466666666666667,-0.20015621257594815,4.779084553052303,-0.9066140177778593,3.650727243604616,-0.35667584799033647
13.475,-0.16143669757379428,4.508446942154063,-0.8727821262823126,4.469555084229658,-0.35667584799030627
13.483333333333333,-0.12510935712422802,4.203996293977183,-0.8321066254478618,5.293756667582976,-0.3566758479902854
13.491666666666667,-0.09148007308675994,3.8599554077297396,-0.7845267035273739,6.127426217665277,-0.3566758479903393
13.5,-0.06090256208084606,3.470635036063389,-0.7299407438337611,6.9763214304512715,-0.3566758479903026
13.508333333333333,-0.03377714414392402,3.0305783711601935,-0.668191232432582,7.8481189347298175,-0.35667584799028623
13.516666666666666,-0.010547306958943136,2.5350006215045733,-0.5990491503632603,8.752192828636996,-0.35667584799031404
13.525,0.00831029744662908,1.9810564071300905,-0.5222049287873758,9.698046964297669,-0.3566758479903628
13.533333333333333,0.022313747016111867,1.371156786420793,-0.43728448739250236,10.690376766413292,-0.35667584799062546
13.541666666666666,0.03104798170032622,0.7208058765107762,-0.3439341197730572,11.716557108228438,-0.35667584798973173
13.549999999999999,0.034333076823032924,0.07430283964605122,-0.24206251468304021,12.720545505893666,-0.35667584799031105
13.558333333333334,0.03255327094215057,-0.47418099026065946,-0.1323557444629904,13.566217209477907,-0.3566758479886895
13.566666666666666,0.027097610708481285,-0.7830759536545173,-0.017003021931595537,14.03693364762159,-0.35667584799033053
13.575,0.020493245340261014,-0.7402623440687519,0.10004069934682991,13.956876406604803,-0.3566758479917483
13.583333333333334,0.015689811608389632,-0.3668448779232487,0.21415610957950337,13.359362832059578,-0.3566758479909615
13.591666666666667,0.014928283191339205,0.20464591559920045,0.32183678638954194,12.451402385869727,-0.35667584799029317
13.6,0.01927714895527997,0.841758502805936,0.4213838821862365,11.433619864358821,-0.35667584799110846
13.608333333333333,0.02891705016855038,1.4657732961803147,0.5124076423823006,10.417267860138878,-0.35667584799042723
13.616666666666667,0.04357306573947838,2.0424238757953592,0.5951256849393121,9.443274025460186,-0.35667584799051644
13.625,0.06279528835649206,2.561011207008086,0.669931726195027,8.51792681956198,-0.3566758479905645
13.633333333333333,0.08609377694262335,3.0211068710435294,0.7372083605432511,7.634705473898511,-0.35667584799058716
13.641666666666666,0.11299438386297499,3.426276900358029,0.7972673823678785,6.784121419819147,-0.35667584799060237
13.65,0.14305960547633975,3.7814962310564346,0.8503432238707905,5.957423428986816,-0.3566758479905501
13.658333333333333,0.17589560165255685,4.092179481496054,0.8966046582842645,5.147667035503455,-0.3566758479905846
13.666666666666666,0.21115423055730978,4.3638507651964975,0.9361704401273556,4.349757999930686,-0.35667584799059593
13.674999999999999,0.24853343444200562,4.602035504117938,0.9691235706522251,3.560148404603589,-0.35667584799055435
13.683333333333334,0.28777700947718227,4.812203417475046,0.9955226386986606,2.776468465627621,-0.3566758479905819
13.691666666666666,0.328673846877095,4.999690593814905,1.0154103011929991,1.997223846471938,-0.35667584799059104
13.7,0.3710562930831152,5.169559648920906,1.0288198045077186,1.2216412088380484,-0.3566758479905499
13.708333333333334,0.41479693738510454,5.326352988257485,1.0357811340763838,0.4497507535375065,-0.35667584799058977
13.716666666666667,0.4598026590588502,5.473666225271999,1.036329273317633,-0.31716289216528937,-0.35667584799060814
13.725,0.5060039720441346,5.61342150322857,1.0305184349431828,-1.0755369137017203,-0.356675847990507
13.733333333333333,0.5533364818968541,5.744669975178179,1.0184481732325565,-1.8176518921264104,-0.3566758479906168
13.741666666666667,0.6017098153245701,5.861767016859048,1.0003096465165617,-2.5286515660077806,-0.3566758479905905
13.75,0.6509589442073704,5.952042511264749,0.9764608338636218,-3.1827012984149934,-0.3566758479906643
13.758333333333333,0.7007770891469867,5.994007337529654,0.9475319178673028,-3.740105717484161,-0.3566758479903683
13.766666666666666,0.7506447535251192,5.958816305340773,0.9145354496879541,-4.150068266516022,-0.356675847990213
13.775,0.799797067191048,5.818422062583424,0.8789086325324036,-4.364928881894959,-0.35667584799071167
13.783333333333333,0.8472864575212676,5.559380604059074,0.8423905971599746,-4.3639092385178335,-0.35667584799077573
13.791666666666666,0.8921515044728529,5.192344766981679,0.8067186755478666,-4.169027156947117,-0.35667584799089624
13.799999999999999,0.9336086035038245,4.7473554171911285,0.7732906444779649,-3.836199176774666,-0.3566758479904341
13.808333333333334,0.9711551450041883,4.259273807504289,0.7429862847015251,-3.4293424372778363,-0.35667584799061164
13.816666666666666,1.0045553393136986,3.756002008658393,0.716196718842404,-2.999569298886505,-0.35667584799057167
13.825,1.0337620495394204,3.2549077668321384,0.692966787068089,-2.578858038260648,-0.35667584799064556
13.833333333333334,1.058834246300222,2.764587689061097,0.6731453607095895,-2.183140970155637,-0.35667584799059493
13.841666666666667,1.0798768500380578,2.287968704342122,0.6564962152425665,-1.8177888550876382,-0.35667584799059815
13.85,1.0970046413809802,1.824830894558085,0.6427661634525073,-1.4821141169130154,-0.35667584799061336
13.858333333333333,1.1103232866283042,1.3734043064203143,0.6317224437002278,-1.1722646421529044,-0.3566758479906073
13.866666666666667,1.1199204889157588,0.9312501740012766,0.6231715598558963,-0.8828639592074571,-0.3566758479906078
13.875,1.1258624615628765,0.49569691472323757,0.6169680159833539,-0.6078657300291364,-0.3566758479906087
13.883333333333333,1.1281928884353067,0.06402654378682605,0.6130179668144933,-0.34096427607798574,-0.35667584799060836
13.891666666666666,1.1269328326655745,-0.3664692787889646,0.6112805308527443,-0.07577140081319887,-0.3566758479906085
13.9,1.122080820677669,-0.7984945271347346,0.6117681547571403,0.1941170440856842,-0.35667584799060875
13.908333333333333,1.113612780473898,-1.2347725012419852,0.6145466029789456,0.47508676376761083,-0.3566758479906091
13.916666666666666,1.1014818270059137,-1.6780527736054451,0.6197345719759804,0.7734381952342878,-0.35667584799061014
13.924999999999999,1.0856182043310874,-2.1310576997569943,0.6275023483970017,1.0952078069048612,-0.3566758479906042
13.933333333333334,1.0659301581942702,-2.596297168724325,0.6380680952053375,1.4457501226609693,-0.35667584799061613
13.941666666666666,1.0423073095886501,-3.0756266919403625,0.6516889376664796,1.828860476107242,-0.35667584799063
13.95,1.0146294705733567,-3.5693402096036304,0.6686416208305094,2.245074848816317,-0.3566758479905672
13.958333333333334,0.9827859708686234,-4.074501062545935,0.6891838217759141,2.6886352867269356,-0.35667584799063745
13.966666666666667,0.9467130346011479,-4.582259472370381,0.7134829785937439,3.142698454791339,-0.35667584799060914
13.975,0.9064570364579886,-5.074477079033511,0.7414991963510994,3.57337971807978,-0.3566758479907858
13.983333333333333,0.8622626353990812,-5.521678114683144,0.7728245493927937,3.9262069150536925,-0.35667584799036645
13.991666666666667,0.8146576926903322,-5.886721906363365,0.8065288318686404,4.132710297893063,-0.3566758479903429
14.0,0.7644700309211964,-6.13752098448565,0.8411265812071518,4.133002584002457,-0.3566758479904915
14.008333333333333,0.7127165573868688,-6.262943558820045,0.8747710179808446,3.904146365747942,-0.3566758479909338
14.016666666666666,0.660396205806943,-6.277808009433392,0.9056216800339926,3.4696262623205634,-0.3566758479909684
14.025,0.6083097442271442,-6.212252751285213,0.932171155685712,2.881423977746501,-0.356675847990569
14.033333333333333,0.556996672956924,-6.096706667940781,0.9533711934148931,2.194031452424187,-0.35667584799063135
14.041666666666666,0.5067742912305037,-5.9533551766677855,0.9685808730631962,1.4494274655873585,-0.35667584799060387
14.049999999999999,0.4578153789073158,-5.794892114886356,0.9774454280630771,0.6745947020332249,-0.3566758479907364
14.058333333333334,0.4102195244702503,-5.626634575512461,0.9797834903811323,-0.11510719799065071,-0.3566758479906368
14.066666666666666,0.364063712031722,-5.449076563053798,0.9755080382122728,-0.9117649247861569,-0.35667584799063523
14.075,0.3194338952653344,-5.259833494441003,0.9645783039397606,-1.7117764003033031,-0.35667584799068924
14.083333333333334,0.27644333913314073,-5.054895768458046,0.9469725950636537,-2.513933048315603,-0.35667584799065255
14.091666666666667,0.23524275650122095,-4.829379468540229,0.9226730425368338,-3.3184169937918795,-0.356675847990641
14.1,0.19602561291313467,-4.577961890072215,0.8916560175812959,-4.126397958715414,-0.35667584799068475
14.108333333333333,0.15903064705153994,-4.295131079328373,0.8538842228370427,-4.940004257934375,-0.3566758479906511
14.116666666666667,0.12454279255925242,-3.9753309718622725,0.8092980086323995,-5.76251663242464,-0.3566758479906349
14.125,0.0928931098494584,-3.613064457378358,0.7578045634348214,-6.59866427520657,-0.3566758479906886
14.133333333333333,0.06445776735671084,-3.203036661440002,0.6992647046287777,-7.4548728304821,-0.35667584799064783
14.141666666666666,0.03965512723448817,-2.7405075813221935,0.6334787085861407,-8.339179211630254,-0.35667584799064955
14.15,0.018937785734974687,-2.222245865488233,0.5601762658552818,-9.260170054752002,-0.35667584799062124
14.158333333333333,0.0027713310938115086,-1.6489752025946642,0.4790240200399506,-10.223469344363139,-0.35667584799078933
14.166666666666666,-0.008419474944959275,-1.0311568372605224,0.389682651732478,-11.22265657172986,-0.356675847991066
14.174999999999999,-0.014376532226037787,-0.40098653125103306,0.2919802131055144,-12.219541910504473,-0.3566758479903537
14.183333333333334,-0.015264660243475628,0.16896822740490006,0.18630435954697172,-13.112272765994561,-0.35667584799071494
14.191666666666666,-0.01206491060328874,0.5568029556295886,0.07423918733896091,-13.71712624154232,-0.35667584799178326
14.2,-0.00685083064043531,0.6363289493679551,-0.04095386984487423,-13.837679155089623,-0.3566758479908841
14.208333333333334,-0.0024132902501145742,0.3773332903486765,-0.1548900787756422,-13.426375053146007,-0.3566758479903888
14.216666666666667,-0.0012386071312673673,-0.12414685056580144,-0.2636633147498579,-12.633792789209814,-0.35667584799090907
14.225,-0.004778940308825503,-0.7340151512485306,-0.36497341172342473,-11.665672038299537,-0.3566758479908579
14.233333333333333,-0.013504315920728665,-1.3571181022431031,-0.4579967531847018,-10.660871663188052,-0.356675847990363
14.241666666666667,-0.02729971913618074,-1.9459468239798186,-0.5427290331461544,-9.68142467121143,-0.3566758479909136
14.25,-0.04579014636286375,-2.4824315441329157,-0.6194738466652038,-8.744600272050873,-0.3566758479908372
14.258333333333333,-0.06851657702794418,-2.962576092706204,-0.6885861573385248,-7.848567115323324,-0.35667584799087426
14.266666666666666,-0.09501507936291215,-3.3883089952569128,-0.7503748135128057,-6.98547308366613,-0.3566758479908185
14.275,-0.12484894256096062,-3.7638644709551317,-0.8050786670832831,-6.146892993632766,-0.3566758479908332
14.283333333333333,-0.1576208575700301,-4.094321910176645,-0.8528711999373617,-5.325713136052965,-0.3566758479908778
14.291666666666666,-0.19297728970016764,-4.385055506841211,-0.893873744489936,-4.516535020179341,-0.35667584799082314
14.299999999999999,-0.2306099499683394,-4.641528923263179,-0.9281693595206816,-3.715526220445802,-0.35667584799083335
14.308333333333334,-0.27025608826452624,-4.869192534568791,-0.9558146508970294,-2.920119058354303,-0.35667584799087004
14.316666666666666,-0.3116979638325446,-5.07337672399341,-0.9768491295128828,-2.128742966887668,-0.3566758479908214
14.325,-0.35476119878965573,-5.259121756034099,-0.9913028809341808,-1.3407041505844082,-0.356675847990834
14.333333333333334,-0.3993112540225898,-5.4308859876756745,-0.9992042250983479,-0.5563246653971643,-0.356675847990889
14.341666666666667,-0.44524668148268143,-5.5920459832510785,-1.000590133218077,0.22250341515496722,-0.3566758479907929
14.35,-0.49248689413682273,-5.744053664727422,-0.9955237637017508,0.9911183113244381,-0.3566758479908346
14.358333333333333,-0.5409508707145797,-5.885073197762266,-0.9841256998669783,1.7399506851539652,-0.3566758479909366
14.366666666666667,-0.5905218455657679,-6.0079781945668245,-0.9666276712794346,2.45126640771443,-0.3566758479908139
14.375,-0.6409933596579761,-6.097996315893067,-0.9434567335444616,3.095317994823932,-0.3566758479908496
14.383333333333333,-0.6919985811205629,-6.131429373570111,-0.9153463511239766,3.628394198007992,-0.35667584799026475
14.391666666666666,-0.7429438798313325,-6.07858664901246,-0.8834378519751392,3.9981627340990924,-0.35667584799116764
14.4,-0.7929957923250932,-5.9138527013106765,-0.8492876745690774,4.161231998736812,-0.3566758479908515
14.408333333333333,-0.8411736871459857,-5.629616513427199,-0.8146917388667537,4.107077328217292,-0.356675847991373
14.416666666666666,-0.8865357643103683,-5.242637015699427,-0.7813514814497307,3.8684778483730144,-0.35667584799058905
14.424999999999999,-0.9283568506578938,-4.785784608859113,-0.7505600570544774,3.5064204569761874,-0.3566758479908708
14.433333333333334,-0.9662001981668318,-4.293098422973357,-0.7230784943963162,3.0835299418776665,-0.3566758479908542
14.441666666666666,-0.9998806266486746,-3.7900181490837737,-0.6992046488293228,2.646746869429126,-0.35667584799091173
14.45,-1.029380780528919,-3.291570172178059,-0.6789255261129089,2.224056704121907,-0.3566758479908778
14.458333333333334,-1.0547729036436775,-2.8047587956334494,-0.6620603319495136,1.8286743878009017,-0.35667584799084706
14.466666666666667,-1.0761649601425751,-2.3316134650258538,-0.648360622107622,1.4644419739108514,-0.35667584799088314
14.475,-1.0936693761691012,-1.8714769118782597,-0.6375701665502851,1.1299309532957533,-0.3566758479908762
14.483333333333333,-1.1073870085471917,-1.422399765189769,-0.629457297319408,0.8209903034673154,-0.35667584799087415
14.491666666666667,-1.1173998561423102,-0.9818916834345451,-0.6238310697500223,0.532165014742002,-0.3566758479908763
14.5,-1.1237682619481015,-0.5472841671252083,-0.6205487308363767,0.25742681423404384,-0.35667584799087604
14.508333333333333,-1.1265301549690538,-0.11587978455582747,-0.6195188559184625,-0.009477419590284204,-0.356675847990876
14.516666666666666,-1.1257010278816222,0.31500738734632033,-0.6207025000667555,-0.27487430417903747,-0.35667584799087604
14.525,-1.1212740219852753,0.7480584995066111,-0.6241135087863988,-0.5450991333374988,-0.3566758479908761
14.533333333333333,-1.1132199048526579,1.1859628588463424,-0.6298183842271835,-0.8264428542473347,-0.3566758479908774
14.541666666666666,-1.1014870439194353,1.6313990294040932,-0.6379355215025702,-1.1250412618009014,-0.35667584799087393
14.549999999999999,-1.0860018411782526,2.0869323002118296,-0.6486329715311067,-1.4466128825336757,-0.35667584799087576
14.558333333333334,-1.0666706516612916,2.5547426770415593,-0.6621228893079434,-1.7958930463062324,-0.3566758479908985
14.566666666666666,-1.0433851528858145,3.036038108454982,-0.6786491600568485,-2.1755091164525355,-0.3566758479908533
14.575,-1.0160346685362078,3.5299284265160993,-0.6984620132520912,-2.5839065062362327,-0.35667584799087393
14.583333333333334,-0.9845310635367625,4.03149412289258,-0.7217697798416156,-3.0118689140183936,-0.356675847990921
14.591666666666667,-0.9488534926268746,4.528987035313955,-0.7486551434780984,-3.4375404764251836,-0.3566758479909282
14.6,-0.9091177456382422,5.000997025879258,-0.7789478663179661,-3.821435819720862,-0.3566758479908865
14.608333333333333,-0.8656606017202411,5.416326597176448,-0.8120712814018859,-4.106264426465869,-0.35667584799033786
14.616666666666667,-0.8190993433813492,5.740683971200094,-0.8469330304923354,-4.228791723053384,-0.35667584799101426
14.625,-0.7703029567699068,5.950504443792814,-0.8819721999518619,-4.144334983457373,-0.35667584799088975
14.633333333333333,-0.7202473416101641,6.044782200116007,-0.9154129495239591,-3.848009691307839,-0.35667584799152485
14.641666666666666,-0.6698218646913541,6.043850764818273,-0.9456086173574676,-3.373300838843107,-0.35667584799072893
14.65,-0.6196992986987533,5.976973151497238,-0.9712805047287842,-2.7709293938817603,-0.356675847990918
14.658333333333333,-0.5703153938831503,5.870285358521031,-0.9915682295735841,-2.0879735096864933,-0.3566758479908465
14.666666666666666,-0.5219216428800451,5.741561555360592,-1.0059523457158392,-1.3585982244183616,-0.3566758479909919
14.674999999999999,-0.4746567576443632,5.600376796156482,-1.0141425716411305,-0.6040853981219011,-0.3566758479909271
14.683333333333334,-0.42860648913668914,5.450259421190405,-1.0159841920249852,0.1636657934871246,-0.35667584799086793
14.691666666666666,-0.38384472419211335,5.290841964208391,-1.0113951148177593,0.938614561944317,-0.35667584799094704
14.7,-0.3404590155071717,5.119419961115554,-1.0003282356916012,1.7180796748549694,-0.3566758479909272
14.708333333333334,-0.2985655843615799,4.93194455485324,-0.9827502615947461,2.5012490789247943,-0.3566758479908929
14.716666666666667,-0.25831782056177327,4.723619328208575,-0.95862970450361,3.2884218729168153,-0.3566758479909375
14.725,-0.2199109206676456,4.489250957985855,-0.9279290387675883,4.080731753280687,-0.3566758479909278
14.733333333333333,-0.18358426870726205,4.2234532140971615,-0.8905977852204773,4.880177904208774,-0.3566758479908859
14.741666666666667,-0.14962250386801917,3.920766483937905,-0.8465644742001714,5.689846739492706,-0.35667584799093904
14.75,-0.11835577778460889,3.575741141401297,-0.7957262945967263,6.51422910721638,-0.3566758479909274
14.758333333333333,-0.09015925106135508,3.1830519522367315,-0.737936106906718,7.359508952083308,-0.3566758479908789
14.766666666666666,-0.0654510547605765,2.737787295474713,-0.6729879389292917,8.233580636275558,-0.35667584799093394
14.775,-0.044686042976485325,2.2362537277909955,-0.6006052214269696,9.14523731590818,-0.35667584799092156
14.783333333333333,-0.02833819295563108,1.6780860552771462,-0.5204433504481668,10.101229032794341,-0.3566758479911911
14.791666666666666,-0.016854548206624707,1.0713509583614709,-0.43213475094772913,11.09835079936622,-0.3566758479905634
14.799999999999999,-0.01054443858173219,0.4435173910785199,-0.335437416343922,12.10555249455012,-0.356675847990907
14.808333333333334,-0.009345073318753578,-0.14011127101034176,-0.23058929550326585,13.032692603053283,-0.35667584799120283
14.816666666666666,-0.012435109900019012,-0.5627360827418901,-0.11892885706464566,13.704981405480753,-0.35667584799161967
14.825,-0.01789497766715933,-0.6898347651929944,-0.0034734753776392378,13.913582299588569,-0.35667584799090085
14.833333333333334,-0.022951547620908244,-0.4690590993920875,0.11142429718174122,13.57607281344049,-0.3566758479900782
14.841666666666667,-0.024968681858003928,0.017722011741387524,0.22162714207652698,12.82104876701333,-0.35667584799115193
14.85,-0.02230346757063992,0.6329577867962175,0.3245447750190381,11.86054818385971,-0.35667584799153595
14.858333333333333,-0.01435776822390155,1.2721724145398243,0.4191677757365967,10.848475423922507,-0.3566758479911487
14.866666666666667,-0.0011872205546227,1.8812733973535296,0.5054140522877275,9.856851982991476,-0.35667584799093754
14.875,0.016852692214219006,2.4389989847085363,0.583567168022195,8.90721695057408,-0.35667584799113805
14.883333333333333,0.03930484944376477,2.9400821701753146,0.6539830753378074,7.998918652706546,-0.356675847991128
14.891666666666666,0.06570069166177628,3.3860313002424793,0.7169753192307626,7.124025257928364,-0.3566758479911765
14.9,0.09559700792566075,3.780998570496539,0.7727847568159772,6.273633522564783,-0.35667584799111407
14.908333333333333,0.12858993849027361,4.130113771095185,0.8215825240531016,5.440095805225107,-0.35667584799112617
14.916666666666666,0.16432009791636498,4.438862745265754,0.8634833716073587,4.6175402714041285,-0.35667584799116964
14.924999999999999,0.202474457779324,4.712863125055746,0.8985601904376992,3.8017476631520766,-0.35667584799111657
14.933333333333334,0.2427869784954759,4.957759339985388,0.926856535399119,2.9898428331957567,-0.3566758479911264
14.941666666666666,0.2850384113074069,5.179114619314256,0.9483965845943746,2.1800130626754273,-0.3566758479911676
14.95,0.3290549435011506,5.382231129180639,0.9631933245507797,1.3713839851528238,-0.3566758479911082
14.958333333333334,0.3747048144986551,5.571829344638116,0.9712568048385792,0.5641856397247419,-0.35667584799112684
14.966666666666667,0.42189132902951687,5.751481938710756,0.9726056121941624,-0.23960216108797264,-0.35667584799121976
14.975,0.4705395745165158,5.9226351795291245,0.9672866775743408,-1.034838348483214,-0.3566758479910559
14.983333333333333,0.5205724927357829,6.082993969237297,0.955411324249214,-1.8106713084497283,-0.35667584799112895
14.991666666666667,0.5718702221248894,6.224119624762644,0.9372182727979144,-2.546620972859625,-0.35667584799112656
15.0,0.6242071190069212,6.328630304264953,0.9131731692561424,-3.2080063281567943,-0.35667584799130103
15.008333333333333,0.6771696591004083,6.368918297193329,0.8840986939129944,-3.7440554512824256,-0.3566758479911588
15.016666666666666,0.7300836075710845,6.311448178154582,0.851285755551763,-4.095687157120004,-0.35667584799051955
15.025,0.7820131570026345,6.129769571458154,0.8164777629474078,-4.218218913846798,-0.35667584799104624
15.033333333333333,0.8318891804251433,5.820472351983862,0.7816313876051295,-4.10876966015794,-0.3566758479911435
15.041666666666666,0.8787314584702549,5.40742940806515,0.7485185050523333,-3.8129097097697895,-0.35667584799165497
15.049999999999999,0.921831876956074,4.92905514993563,0.7184027162020936,-3.401678220668221,-0.35667584799110724
15.058333333333334,0.9608018727471912,4.4212884448044445,0.6919581863411426,-2.94134977938672,-0.35667584799117835
15.066666666666666,0.9955081510359616,3.9088612744012283,0.6693869412231991,-2.477894583475278,-0.35667584799109386
15.075,1.0259746641574075,3.40520949487761,0.6505967298450095,-2.0367110286320895,-0.35667584799120494
15.083333333333334,1.0523017756865753,2.915858177263069,0.6353492314303308,-1.6285546608979693,-0.356675847991177
15.091666666666667,1.074614880573428,2.441762749178262,0.6233563374749543,-1.255463599577777,-0.3566758479911636
15.1,1.093036532134238,1.9815716529793277,0.6143344799423447,-0.9148300540044035,-0.3566758479911786
15.108333333333333,1.1076731443511447,1.5329147956383822,0.6080324793394939,-0.6017736528095596,-0.3566758479911762
15.116666666666667,1.1186095587461564,1.0930570381880076,0.6042446631684699,-0.31039721470023546,-0.3566758479911762
15.125,1.125907400958199,0.6591907844486197,0.6028164609746163,-0.03440032747769592,-0.35667584799117613
15.133333333333333,1.129604996119592,0.2285387632961703,0.6036464695419395,0.23264960905465681,-0.35667584799117613
15.141666666666666,1.1297177050774498,-0.2016359291290918,0.6066870578778143,0.4972168449292264,-0.3566758479911765
15.15,1.126238157533209,-0.6340576295279026,0.6119444855704309,0.7657683054353072,-0.35667584799117596
15.158333333333333,1.119136223106311,-1.07146785746023,0.6194788444952765,1.0447502931011963,-0.3566758479911762
15.166666666666666,1.1083588416011398,-1.516623030094499,0.6294036176154614,1.3405083096778745,-0.35667584799118035
15.174999999999999,1.0938301644045194,-1.9722118714417116,0.6418840447890988,1.6590625951250284,-0.35667584799117075
15.183333333333334,1.0754529888481006,-2.4406096627849068,0.6571325354481096,2.0055919549943697,-0.3566758479911756
15.191666666666666,1.0531133943350062,-2.923324717039046,0.6753977301354459,2.3833716555316706,-0.35667584799122054
15.2,1.0266920479029418,-3.419904831489044,0.6969410859623167,2.7917607108476235,-0.35667584799114005
15.208333333333334,0.9960879072457534,-3.926007061345355,0.7219909406529083,3.2227265820561257,-0.35667584799117386
15.216666666666667,0.9612621458836362,-4.430491494184123,0.7506604318512601,3.6556784180771156,-0.3566758479911064
15.225,0.9223084250112786,-4.912256157136099,0.782818777934586,4.051885098252076,-0.35667584799138996
15.233333333333333,0.8795420176517293,-5.339545499938651,0.817929437404499,4.3532797772761125,-0.3566758479911974
15.241666666666667,0.8335684795927027,-5.67628033176905,0.8549244888729077,4.493630210459368,-0.3566758479909051
15.25,0.7852632876080899,-5.896526340807507,0.8922361092652054,4.424092271571208,-0.35667584799096
15.258333333333333,0.7356256260944194,-5.997873037010322,0.9280512304589986,4.137111248480926,-0.35667584799119223
15.266666666666666,0.6855723156821871,-6.001061686276024,0.9606761175051184,3.6664957656515655,-0.35667584799162333
15.275,0.6357946202271952,-5.93690309849155,0.988796961577728,3.0651870967296744,-0.35667584799120755
15.283333333333333,0.586733139096345,-5.833109549655084,1.0115379455395153,2.38251271582871,-0.35667584799122554
15.291666666666666,0.5386330564679798,-5.70852457400249,1.0283795419924402,1.654021198678327,-0.35667584799111773
15.299999999999999,0.4916200464862232,-5.573294513480111,1.039039249956698,0.9015442967429642,-0.35667584799127916
15.308333333333334,0.44576350576764995,-5.431203362362131,1.0433723842140634,0.13702738085543018,-0.3566758479912284
15.316666666666666,0.4011195904475304,-5.281978391347823,1.041306200901001,-0.6336604211557338,-0.3566758479911849
15.325,0.35775767611933507,-5.122937506407346,1.0328012520412524,-1.4080506767867622,-0.3566758479912414
15.333333333333334,0.31577577077000457,-4.9500221380951555,1.017830313269836,-2.1854878391423207,-0.3566758479912283
15.341666666666667,0.2753092108084123,-4.75840828048341,0.9963670929891806,-2.9663170460570734,-0.35667584799119545
15.35,0.23653543353290898,-4.542859427735757,0.968379456653846,-3.751575004554319,-0.3566758479912374
15.358333333333333,0.19967649880048022,-4.297927123959052,0.9338237910518249,-4.543001887480483,-0.356675847991229
15.366666666666667,0.16500035082387882,-4.018060389665043,0.8926383420194797,-5.343260886806938,-0.35667584799118607
15.375,0.13282141214892043,-3.697662228673393,0.844734133854083,-6.156287064247288,-0.35667584799123947
15.383333333333333,0.10350079555928128,-3.3311333302962463,0.7899827130468663,-6.987684440552827,-0.3566758479912284
15.391666666666666,0.0774459521918185,-2.912983668700774,0.7282008341636315,-7.84502909393788,-0.3566758479911839
15.4,0.055108483700647665,-2.438211715567438,0.6591340365159588,-8.737750951936496,-0.356675847991222
15.408333333333333,0.03697613249009395,-1.90344474794839,0.5824454687886725,-9.675793284700642,-0.35667584799122054
15.416666666666666,0.02354842988825984,-1.3099993835427326,0.49772701053997853,-10.665137843347456,-0.3566758479917047
15.424999999999999,0.015270967130251074,-0.6712920079904635,0.4045740215397532,-11.69608106721599,-0.3566758479907213
15.433333333333334,0.012377054714816404,-0.028233516112828316,0.3028103689188964,-12.717814423186805,-0.3566758479912468
15.441666666666666,0.014566081500419454,0.528363646372497,0.19298878542942674,-13.599826220875592,-0.35667584799326013
15.45,0.020542944468056486,0.8548071574554202,0.07714507283162506,-14.122635196425932,-0.3566758479925176
15.458333333333334,0.027813643094530494,0.826626728745685,-0.0408261627375243,-14.091050320560711,-0.356675847992822
15.466666666666667,0.03334524363485225,0.4522082093294745,-0.1561820139771737,-13.518289874115817,-0.35667584799388463
15.475,0.03475659920583725,-0.1361374299210334,-0.26520409337168716,-12.611366384593419,-0.35667584799144514
15.483333333333333,0.03087592895095692,-0.7987550464245027,-0.3660423844506558,-11.582409872501607,-0.35667584799146007
15.491666666666667,0.021476828045043854,-1.4511694974363873,-0.45824525695977386,-10.551265227082835,-0.3566758479916842
15.5,0.0068228640679568716,-2.056472838893882,-0.5420168719444616,-9.562170069361107,-0.3566758479914284
15.508333333333333,-0.012633840362931893,-2.603115366021455,-0.6177513617993259,-8.621842959362313,-0.3566758479915154
15.516666666666666,-0.036397529438743415,-3.0905336209693828,-0.6858301778137115,-7.723166746121809,-0.356675847991498
15.525,-0.06398828950690028,-3.522395158123204,-0.7465578065090713,-6.855847068461831,-0.3566758479915505
15.533333333333333,-0.09496406599198684,-3.9038525733591385,-0.800154849004801,-6.010395063617418,-0.3566758479915239
15.541666666666666,-0.1289281232837067,-4.240539112328346,-0.8467706444696286,-5.179261374916687,-0.35667584799149865
15.549999999999999,-0.1655314278437837,-4.538243054029014,-0.8865000054776695,-4.356870616802542,-0.35667584799154317
15.558333333333334,-0.20447346103268466,-4.802810583552434,-0.9193983964655923,-3.5392880363787245,-0.35667584799152086
15.566666666666666,-0.24550248513350126,-5.040092747567475,-0.9454939409236576,-2.7238244522251414,-0.35667584799149954
15.575,-0.288415253440314,-5.255855432099125,-0.9647964149041771,-1.908726900446146,-0.3566758479915441
15.583333333333334,-0.3330556299820454,-5.45559847675994,-0.9773043937890685,-1.0930633989951422,-0.3566758479915173
15.591666666666667,-0.3793110936778578,-5.64421397380428,-0.9830126958951872,-0.2769370279108915,-0.356675847991485
15.6,-0.4271053309445082,-5.825363094695553,-0.9819236912512338,0.5377550725816808,-0.35667584799160335
15.608333333333333,-0.4763837941274117,-6.000369773069653,-0.9740683498224958,1.3456737861290569,-0.3566758479915112
15.616666666666667,-0.5270870725442791,-6.166353648760046,-0.9595463150612663,2.135040796412416,-0.3566758479914509
15.625,-0.5791047525294151,-6.313411841132737,-0.9385978106272685,2.8829984320617985,-0.3566758479914918
15.633333333333333,-0.6322030978993277,-6.421356144261684,-0.9117187088676525,3.550247735747217,-0.35667584799148233
15.641666666666666,-0.6859313201159425,-6.458492845731422,-0.8798099829507391,4.079291634026576,-0.3566758479918909
15.65,-0.7395435106719637,-6.387561966814059,-0.8442969834900876,4.405073056258187,-0.3566758479910101
15.658333333333333,-0.7920138114082056,-6.181975169816283,-0.8070850271636856,4.483229642900428,-0.35667584799152857
15.666666666666666,-0.8422039917334819,-5.843380881734262,-0.7702517715115875,4.3201739389029985,-0.3566758479912035
15.674999999999999,-0.8891191402891289,-5.402817196979382,-0.7355919672129179,3.9742660488607497,-0.3566758479919522
15.683333333333334,-0.9320880500339327,-4.903346415116906,-0.7043004126954189,3.5247689704844336,-0.3566758479915672
15.691666666666666,-0.9707814722836117,-4.3817537228208145,-0.6769429719505154,3.039425589184371,-0.35667584799160384
15.7,-1.0051218701841587,-3.8614139348391987,-0.6536199755083245,2.561757764783885,-0.35667584799148616
15.708333333333334,-1.0351747622718726,-3.353926348426908,-0.6341630714964052,2.1138452564243284,-0.3566758479915613
15.716666666666667,-1.0610678483274092,-2.863302021217469,-0.6182836677925854,1.7036790963619326,-0.35667584799157626
15.725,-1.0829432416368068,-2.389458184317055,-0.6056629191814349,1.331368277420886,-0.35667584799155533
15.733333333333333,-1.1009332674247487,-1.9303932890822468,-0.5959995784035611,0.9930640735713471,-0.35667584799156477
15.741666666666667,-1.1151498747521194,-1.4833511502381316,-0.5890330200183659,0.683117391094691,-0.3566758479915654
15.75,-1.12568096771878,-1.045375691280581,-0.5845531870497404,0.3951609207086003,-0.3566758479915647
15.758333333333333,-1.132589839774886,-0.613536617583668,-0.5824042271721889,0.12260387458046926,-0.35667584799156477
15.766666666666666,-1.1359157136951599,-0.1849886885060964,-0.5824854074255632,-0.14117497620001093,-0.35667584799156454
15.775,-1.1356744037638307,0.24304785527029657,-0.5847511059222901,-0.4027801876238492,-0.3566758479915648
15.783333333333333,-1.131858658284899,0.6733386298054307,-0.5892107075509181,-0.6688130249436379,-0.35667584799156477
15.791666666666666,-1.1244380459379744,1.1086889800857496,-0.595928670303641,-0.94589103678409,-0.3566758479915644
15.799999999999999,-1.1133584744655194,1.551973260508482,-0.6050246088847993,-1.2406232035955154,-0.3566758479915677
15.808333333333334,-1.0985416977310705,2.006099762879127,-0.6166727480750175,-1.5594680163822119,-0.35667584799156504
15.816666666666666,-1.0798856157514511,2.4738394739205254,-0.631099288925708,-1.9083460754484654,-0.35667584799155616
15.825,-1.057267001710831,2.957385580621597,-0.6485747602159041,-2.2917726129329172,-0.3566758479916023
15.833333333333334,-1.0305497865475692,3.4574112691077223,-0.6693958036555137,-2.7111040226341108,-0.3566758479915678
15.841666666666667,-0.9996044666161917,3.971277043950236,-0.6938466076879335,-3.1612943387285286,-0.35667584799152663
15.85,-0.9643472478918168,4.49005198451914,-0.7221249585418681,-3.625589695720594,-0.35667584799156155
15.858333333333333,-0.9248084760520139,4.994621800561711,-0.7542164095114696,-4.068663316424592,-0.35667584799156354
15.866666666666667,-0.881230509918335,5.453146808543306,-0.7897167280114432,-4.432177552917914,-0.35667584799186336
15.875,-0.8341636444805112,5.825108495858551,-0.8276581715265343,-4.641957042043431,-0.3566758479911082
15.883333333333333,-0.7844839763260337,6.076043199168704,-0.8664735766308339,-4.633984625065851,-0.3566758479915812
15.891666666666666,-0.7332637591101099,6.195727752977919,-0.9042212579721673,-4.386679032658585,-0.35667584799125385
15.9,-0.6815360738618642,6.202818508858829,-0.9389999416532191,-3.929767974856263,-0.35667584799210195
15.908333333333333,-0.630100987664962,6.13150591829596,-0.9692978127704995,-3.3217187462925613,-0.35667584799165314
15.916666666666666,-0.5794700037360687,6.014578272409584,-0.9941047340518506,-2.6205087778571516,-0.3566758479916677
15.924999999999999,-0.5299202226642462,5.874899443143975,-1.0128338986922145,-1.8686671525808976,-0.35667584799150437
15.933333333333334,-0.48158283382939476,5.7249513839294135,-1.0251818830313442,-1.092196565285114,-0.35667584799162494
15.941666666666666,-0.4345190133045816,5.569574175802307,-1.0310082184888862,-0.30506415583901697,-0.3566758479916545
15.95,-0.38877131623938094,5.408808907830067,-1.0302554903799244,0.4860824606197691,-0.3566758479915837
15.958333333333334,-0.34439462355833234,5.239921544063923,-1.0229032158880285,1.2786000571328033,-0.35667584799161994
15.966666666666667,-0.3014736251966179,5.058647792678437,-1.008943403891188,2.0719016558004033,-0.356675847991636
15.975,-0.26013230100521784,4.859910378326452,-0.9883680729842652,2.8664659724295203,-0.35667584799159857
15.983333333333333,-0.22053885858341618,4.638220701483255,-0.961162306751769,3.6634507107619827,-0.3566758479916162
15.991666666666667,-0.18290814997233437,4.387898833987742,-0.9272988531935364,4.464679341621128,-0.3566758479916363
16.0,-0.1475027375409945,4.103186678317141,-0.8867317784103107,5.2728638213533605,-0.3566758479915922
16.008333333333333,-0.1146333096824156,3.778296557320645,-0.8393875924430404,6.091976123311764,-0.35667584799161245
16.016666666666666,-0.08465883799018444,3.4074319767019836,-0.7851529221080402,6.927690804345809,-0.3566758479916387
16.025,-0.057986463420565335,2.9848488103072373,-0.7238585952963654,7.787774775927455,-0.35667584799158797
16.03333333333333,-0.035070171025772694,2.5051284250320536,-0.6552615780977965,8.682142470551792,-0.3566758479916162
16.041666666666668,-0.016404944329426047,1.9640987326098367,-0.5790300409323345,9.621872877175957,-0.35667584799158025
16.05,-0.0025072121697614458,1.3614615684848903,-0.49474638329362397,10.615454954630772,-0.3566758479920027
16.058333333333334,0.006141208433324727,0.7074629424287725,-0.4019656494677227,11.6583350811496,-0.3566758479916652
16.066666666666666,0.009235116723369971,0.037576171795887986,-0.3004124013435805,12.708832247509008,-0.35667584799144625
16.075,0.006951964814182822,-0.5635700960636374,-0.1904521562614741,13.647335561882263,-0.3566758479890613
16.083333333333332,0.00043508175620818584,-0.9509241877450411,-0.07387734943002762,14.253564270718805,-0.3566758479921141
16.091666666666665,-0.007892037833648915,-0.981461558103406,0.04554075728773679,14.303536380942848,-0.3566758479912273
16.1,-0.014877505592766075,-0.6413270657815491,0.16288449643546768,13.775346262616429,-0.3566758479901665
16.108333333333334,-0.017912039340721272,-0.060782229003792765,0.2740911758842056,12.873529315504108,-0.3566758479918945
16.116666666666667,-0.01565059137947801,0.608420922689775,0.37706058479505306,11.83011725465471,-0.3566758479924814
16.125,-0.007793597719978116,1.2715479014480313,0.4712523115024221,10.781126994084289,-0.35667584799197133
16.133333333333333,0.0054067028177490085,1.8869198105502367,0.556876439154764,9.777740470943424,-0.35667584799180696
16.141666666666666,0.02348506586235952,2.441465453162256,0.634365962797465,8.828358358298376,-0.35667584799195207
16.15,0.045926215926572145,2.9343794841276005,0.7041454508076203,7.925575762295963,-0.3566758479919474
16.15833333333333,0.07223060758484708,3.3694553848119666,0.7665574529124262,7.058313754067336,-0.35667584799199736
16.166666666666668,0.10193787929599553,3.752009275135102,0.8218539825449647,6.216314661043711,-0.3566758479919382
16.175,0.13463413907729876,4.0877809130506115,0.8702099925764307,5.391414565193045,-0.3566758479919464
16.183333333333334,0.1699537970615118,4.382597593580783,0.911741489796151,4.577589112097967,-0.35667584799198787
16.191666666666666,0.20757988030842445,4.64229521464551,0.9465219834789239,3.7705897789253577,-0.3566758479919396
16.2,0.24724400892504436,4.872696115257623,0.9745954213641119,2.9674980263449013,-0.35667584799194724
16.208333333333332,0.2887261271366354,5.079564003210769,0.9959855903260911,2.1663390849387487,-0.35667584799198326
16.216666666666665,0.3318536178318482,5.268494956280646,1.0107028465088888,1.36584046300044,-0.3566758479919341
16.225,0.3764990976212996,5.44470058632037,1.0187497398387275,0.565426129179962,-0.3566758479919476
16.233333333333334,0.42257570816030204,5.612607048614198,1.0201280361231242,-0.2344120672868506,-0.3566758479920263
16.241666666666667,0.47002784825338245,5.7751322756184855,1.0148511891888758,-1.0311276419193591,-0.35667584799188595
16.25,0.5188138028528546,5.932420154491275,1.002968841366897,-1.8181467147247767,-0.3566758479919469
16.258333333333333,0.5688746061445586,6.07976072633633,0.9846134389615068,-2.5814662613979484,-0.35667584799205976
16.266666666666666,0.6200817450974195,6.204626899034267,0.9600817774018803,-3.294740397877554,-0.35667584799199326
16.275,0.6721590280982466,6.283739764243208,0.9299592688302214,-3.914468117386656,-0.35667584799198
16.28333333333333,0.7245902356998264,6.283366677615756,0.8952663733774494,-4.380820768086146,-0.35667584799102203
16.291666666666668,0.7765609889777998,6.168041665040799,0.8575433678852031,-4.632978980251262,-0.3566758479921349
16.3,0.8270144398660428,5.918274859290724,0.8187371369544683,-4.639732529490724,-0.35667584799195395
16.308333333333334,0.8748522933357235,5.5446345889373285,0.7808387777506273,-4.42333014077946,-0.35667584799275964
16.316666666666666,0.9191797050735979,5.0828582863573475,0.7454512968741313,-4.050142883972063,-0.3566758479918196
16.325,0.9594388847049279,4.574744768628076,0.7135573963402205,-3.596742973994469,-0.35667584799199825
16.333333333333332,0.9953885330731767,4.052873656279423,0.6855599616404192,-3.1229229176836704,-0.3566758479918956
16.341666666666665,1.027003300607532,3.5365994317646727,0.6614639287516509,-2.66457339057644,-0.3566758479920381
16.35,1.0543727223272104,3.034829272513732,0.6410596046869846,-2.238524624390531,-0.3566758479919992
16.358333333333334,1.0776313914591287,2.5500907797026433,0.6240511636625349,-1.8497180768893342,-0.35667584799197505
16.366666666666667,1.0969194799016184,2.0815938462249277,0.6101313935113836,-1.4966604718379344,-0.3566758479920017
16.375,1.112363429293942,1.6270510155733253,0.5990202686347149,-1.1747198498283824,-0.35667584799199736
16.383333333333333,1.1240678807744788,1.1836235965273498,0.5904829357959483,-0.8778896894014977,-0.35667584799199625
16.391666666666666,1.1321131556575186,0.7483583028493838,0.5843371165710104,-0.5996526993432879,-0.3566758479919974
16.4,1.136555122627413,0.3183532160489269,0.5804555438096338,-0.3333612139299439,-0.35667584799199714
16.40833333333333,1.1374258156049808,-0.10921188222480532,0.5787663697278363,-0.0723722469134274,-0.35667584799199703
16.416666666666668,1.1347340038106657,-0.5371087732490721,0.5792529984074216,0.1899339716463232,-0.35667584799199703
16.425,1.1284653625038463,-0.9681184160300532,0.5819539886493194,0.460180213409812,-0.3566758479919972
16.433333333333334,1.118582154004699,-1.405086818172057,0.5869631900488029,0.7450143974335609,-0.35667584799199825
16.441666666666666,1.1050225422346942,-1.85095168632551,0.5944298749361763,1.0510764181658454,-0.35667584799199503
16.45,1.0876999499544224,-2.308695815854455,0.6045581023433357,1.384829513347923,-0.3566758479919968
16.458333333333332,1.0665033757608413,-2.781144877432162,0.6176036371222473,1.752109416908607,-0.3566758479920236
16.466666666666665,1.0413005461560274,-3.2704551745077994,0.6338650528766266,2.1571197311683337,-0.35667584799196966
16.475,1.011947517739891,-3.777021155832077,0.6536626041302803,2.6004027631834292,-0.3566758479919933
16.483333333333334,0.9783111596823952,-4.297403006699514,0.6772935717215783,3.0750958854061055,-0.35667584799210084
16.491666666666667,0.9403143342093079,-4.8209238768590055,0.7049469851866211,3.560882193031263,-0.35667584799201413
16.5,0.8980139589415439,-5.325404695727534,0.7365602300322032,4.016490539530822,-0.35667584799201274
16.508333333333333,0.8517092158328141,-5.774990279782169,0.771622982459211,4.375952833446132,-0.3566758479911389
16.516666666666666,0.8020381752340635,-6.126242518147262,0.8090024277093508,4.559451323533693,-0.3566758479922659
16.525,0.7499736840565016,-6.345873877613448,0.8469469317316503,4.5046998057465135,-0.3566758479920089
16.53333333333333,0.6966549398101721,-6.429297069991142,0.8833811781670069,4.200013848153312,-0.3566758479930114
16.541666666666668,0.6431289242838365,-6.401460293433438,0.91636523165444,3.686615211348863,-0.3566758479918051
16.55,0.5901683671722219,-6.299822916193383,0.9444264990699077,3.0295562863306267,-0.35667584799205554
16.558333333333334,0.5382445502424319,-6.15720852942647,0.9666248021168761,2.287946321805585,-0.3566758479919242
16.566666666666666,0.48760178440388646,-5.994951673149812,0.9824394869393227,1.5027553271344807,-0.356675847992154
16.575,0.43835279773258706,-5.823773661964767,0.9916173866000454,0.6979808168676416,-0.35667584799206814
16.583333333333332,0.39055388433383004,-5.647054543137233,0.9940531678575188,-0.11397185012729472,-0.35667584799199265
16.591666666666665,0.34425328654962367,-5.463753136541185,0.9897138901097797,-0.9274668735628259,-0.35667584799208724
16.6,0.2995192448637513,-5.27036156071939,0.9785968912696633,-1.7404783796388552,-0.35667584799206686
16.608333333333334,0.25645526846659866,-5.062066529764658,0.9607078307803242,-2.552832950210391,-0.356675847992029
16.616666666666667,0.21520802267352235,-4.833403162842092,0.9360492025992658,-3.3653820136530723,-0.35667584799207547
16.625,0.1759711145745757,-4.578613123844323,0.9046131695855529,-4.179744771033269,-0.3566758479920673
16.633333333333333,0.13898666191648926,-4.291834010724793,0.8663749801342527,-4.998397038147933,-0.3566758479920233
16.641666666666666,0.10454572722363252,-3.9671912954875697,0.8212846967273938,-5.824969356961271,-0.3566758479920754
16.65,0.07298822235688317,-3.598841524262304,0.769255917297671,-6.664654212949091,-0.3566758479920669
16.65833333333333,0.04470244985293864,-3.1810309090643303,0.7101510452940627,-7.52460115120962,-0.3566758479920165
16.666666666666668,0.020123646754359806,-2.7083116941531373,0.6437640727917873,-8.414060315072268,-0.3566758479920699
16.675,-0.0002710357908964349,-2.1762694828230114,0.569805006350862,-9.343701732045508,-0.3566758479920602
16.683333333333334,-0.015978435979411648,-1.5836174669100025,0.48789778912419646,-10.322711741117324,-0.35667584799238927
16.691666666666666,-0.026514566679879413,-0.9375768562200933,0.3976219027624651,-11.350457218092126,-0.35667584799165275
16.7,-0.03153003350447888,-0.26604268556351895,0.29866619982937126,-12.396663854677183,-0.3566758479920342
16.708333333333332,-0.03106636291334051,0.36090585684130727,0.1912170418804518,-13.365034406804645,-0.35667584799270335
16.716666666666665,-0.025995363045250512,0.8137513083537923,0.07666543071275539,-14.061387450731694,-0.356675847989552
16.725,-0.018413126796349294,0.9428011236688192,-0.04172116660050401,-14.252664731982456,-0.3566758479923353
16.733333333333334,-0.011340541150629551,0.6967480075909678,-0.15922479451221477,-13.857892518434383,-0.356675847994692
16.741666666666667,-0.007566394136144628,0.17662795596899203,-0.27149354069904164,-13.036143843725108,-0.35667584799260693
16.75,-0.008726976706425913,-0.4643122893376279,-0.37597355876970867,-12.023786968051672,-0.35667584799248203
16.758333333333333,-0.015334300368930036,-1.117799346022481,-0.47181065375851794,-10.979685765012984,-0.3566758479925613
16.766666666666666,-0.027244178363554573,-1.7317650350196943,-0.5590734417340057,-9.971787888683036,-0.3566758479921852
16.775,-0.04403465383479128,-2.2877379621724923,-0.6381556498905182,-9.016735204245343,-0.3566758479923736
16.78333333333333,-0.06520264771841086,-2.782511870342678,-0.709488149290042,-8.110401970376033,-0.3566758479923615
16.791666666666668,-0.09024744047353936,-3.2188790044890685,-0.7734363892499291,-7.242734676961154,-0.356675847992412
16.8,-0.11870192772008663,-3.601730553922343,-0.8302794767113644,-6.403602278944372,-0.35667584799237545
16.808333333333334,-0.15014295987445903,-3.936589287592808,-0.8802189860669041,-5.584662323041169,-0.35667584799235974
16.816666666666666,-0.18419417058824716,-4.229119533171809,-0.9233957102887236,-4.779653500929685,-0.3566758479924035
16.825,-0.2205264534814103,-4.484989131885324,-0.9599060970191773,-3.9841302387391915,-0.35667584799237406
16.833333333333332,-0.2588578066018913,-4.709830594729798,-0.9898156848910025,-3.195049730864761,-0.35667584799236174
16.841666666666665,-0.2989528929183035,-4.909201693429153,-1.0131691187234424,-2.4103824155593836,-0.35667584799239754
16.85,-0.34062210917685093,-5.08850131526602,-1.029997329880367,-1.6288330113962703,-0.3566758479923704
16.858333333333334,-0.3837196508151672,-5.2528061875525065,-1.040323101150129,-0.8497450541653089,-0.35667584799235924
16.866666666666667,-0.4281397174909482,-5.406576573387727,-1.044166929349656,-0.07328849679921096,-0.3566758479924219
16.875,-0.47380941852710995,-5.5531386278110535,-1.0415561632584578,0.6989077410312857,-0.3566758479923585
16.883333333333333,-0.5206759275974839,-5.69379087299307,-1.0325421201721143,1.4624220094407352,-0.356675847992337
16.891666666666666,-0.5686839118692193,-5.826327450152038,-1.0172324126594108,2.2076646852995023,-0.3566758479924784
16.9,-0.6177376228638041,-5.942828121360149,-0.9958483545888419,2.9162300525582547,-0.35667584799235386
16.90833333333333,-0.6676422822281025,-6.027030162092682,-0.9688166362446144,3.556551144952464,-0.3566758479924561
16.916666666666668,-0.7180268894274126,-6.052943422390047,-0.9368912975302439,4.081742619221282,-0.35667584799173296
16.925,-0.7682729157841522,-5.98838402039315,-0.9012635175010387,4.435938964728497,-0.35667584799244084
16.933333333333334,-0.8175057652565968,-5.806654275802445,-0.8635614857251664,4.574563501814587,-0.3566758479923671
16.941666666666666,-0.8647060989816281,-5.5019050282600235,-0.8256437288942842,4.490621112846199,-0.35667584799299046
16.95,-0.9089180474907206,-5.094689243777001,-0.7892288348726401,4.223644884772472,-0.356675847992341
16.958333333333332,-0.9494335191812668,-4.621142293691376,-0.7555728606392045,3.840175431931317,-0.3566758479923631
16.966666666666665,-0.9858518311523595,-4.116524455629218,-0.7253685684852563,3.4046625453070383,-0.3566758479923672
16.975,-1.018026484521661,-3.6058452261122254,-0.6988438245446305,2.962934359800007,-0.35667584799241775
16.983333333333334,-1.0459719225307516,-3.1030616326234894,-0.6759306597011118,2.5407586116031053,-0.356675847992427
16.991666666666667,-1.0697830816578084,-2.6141302687375307,-0.6564119691567453,2.1492107576579627,-0.3566758479923831
17.0,-1.0895828738558164,-2.1402826647087703,-0.6400189032016759,1.7904782959149217,-0.3566758479924115
17.008333333333333,-1.1054931219767161,-1.680319529558215,-0.6264865002495815,1.4619711898278485,-0.3566758479924122
17.016666666666666,-1.1176204225285031,-1.2319445259517376,-0.6155823699282013,1.1587566978727533,-0.3566758479924085
17.025,-1.1260502120001477,-0.792452365685646,-0.6071201947326791,0.8748598947408274,-0.35667584799241064
17.03333333333333,-1.1308448558312933,-0.35904302280215816,-0.6009654197678961,0.6039023960183024,-0.3566758479924106
17.041666666666668,-1.1320434318147816,0.07106405185604077,-0.5970372670540374,0.3393840941675891,-0.35667584799241037
17.05,-1.1296619960675132,0.5006162222490306,-0.5953092449828686,0.07478421416251213,-0.3566758479924106
17.058333333333334,-1.1236937477091253,0.9323587031265446,-0.595809202982765,-0.19641787071542852,-0.3566758479924107
17.066666666666666,-1.1141088732497018,1.369075354028961,-0.5986193180468483,-0.48073776286204983,-0.35667584799241103
17.075,-1.100854116214528,1.8136081856226103,-0.6038759109838465,-0.7846396576863842,-0.35667584799241
17.083333333333332,-1.0838524135125749,2.268812780577753,-0.6117684465590809,-1.1143705282219765,-0.35667584799240815
17.091666666666665,-1.0630034125884436,2.7373750215268005,-0.6225362208188842,-1.4755416795296206,-0.3566758479924301
17.1,-1.0381865357262319,3.221353378832256,-0.6364597296035673,-1.8722187061117135,-0.3566758479924058
17.108333333333334,-1.009269773069212,3.721212861496454,-0.6538410601307432,-2.305112261538499,-0.3566758479923879
17.116666666666667,-0.9761298151095318,4.234005752238236,-0.6749634359770508,-2.7682746434759515,-0.35667584799249435
17.125,-0.9386920974427176,4.750382374371372,-0.7000149801065871,-3.243768553645943,-0.3566758479924148
17.133333333333333,-0.897000003975509,5.250750031085816,-0.728960819416451,-3.6949010674006106,-0.3566758479925038
17.141666666666666,-0.8513126335454063,5.702896925733972,-0.7613652255113654,-4.06212230492161,-0.3566758479917395
17.15,-0.8021988417449946,6.066273757912783,-0.7962213000368298,-4.270712599656572,-0.3566758479924814
17.15833333333333,-0.7505518222465498,6.306774092169235,-0.8319220188686705,-4.25701408462625,-0.35667584799234486
17.166666666666668,-0.6974574013114583,6.414585854878467,-0.8664912437126933,-4.0002657689750665,-0.3566758479932443
17.175,-0.6439600066659735,6.408452191195267,-0.8979996937023449,-3.5308533882661988,-0.3566758479924181
17.183333333333334,-0.5908718077289953,6.322326312781767,-0.9249118615056126,-2.9076541129557025,-0.3566758479924339
17.191666666666666,-0.5387189540029363,6.188658341580131,-0.9461971869451532,-2.189058971615552,-0.3566758479923734
17.2,-0.48779591474290573,6.030006389426023,-0.9612523856126128,-1.4181309073923747,-0.35667584799250046
17.208333333333332,-0.43825360024989213,5.858590361095871,-0.9697623331333588,-0.6214692097396185,-0.3566758479925083
17.216666666666665,-0.39017498797211086,5.679009914947711,-0.9715797645086501,0.18639218266499966,-0.3566758479924052
17.225,-0.34362638846893184,5.491077421224191,-0.9666448288779143,0.9983345952675206,-0.3566758479924777
17.233333333333334,-0.2986882806528872,5.291847048391032,-0.9549379781578538,1.8113832234044596,-0.3566758479924863
17.241666666666667,-0.2554726053692319,5.076871800537545,-0.9364542070904605,2.624796814438712,-0.35667584799244145
17.25,-0.21413195069521482,4.840933219644667,-0.9111889271248259,3.4391178409411562,-0.3566758479924717
17.258333333333333,-0.17486410201813143,4.578452475344498,-0.8791290223377308,4.255829765948999,-0.356675847992485
17.266666666666666,-0.13791400456485672,4.283717365005332,-0.8402450907746243,5.077384169866359,-0.35667584799243746
17.275,-0.10357430621779788,3.951006954142287,-0.794482470607834,5.907443960419612,-0.35667584799246965
17.28333333333333,-0.07218507290407987,3.574676354878798,-0.7417497619425176,6.751220352027492,-0.35667584799248614
17.291666666666668,-0.044132683843631844,3.1492883994609073,-0.6819046642508149,7.615746076395043,-0.3566758479924337
17.3,-0.01984685025591424,2.6699777533589417,-0.6147387849666508,8.509774499487284,-0.3566758479924709
17.308333333333334,0.00020774695300859887,2.1334856984064317,-0.5399671005400473,9.44258811785722,-0.35667584799244617
17.316666666666666,0.015554434212058403,1.5408738391655665,-0.45723715997995734,10.420050452198796,-0.35667584799282626
17.325,0.02576391040537401,0.9040083576740494,-0.3661941063585501,11.434360419257034,-0.3566758479924008
17.333333333333332,0.030594436336545468,0.2590007106778578,-0.26667674493145055,12.441873696411335,-0.3566758479923576
17.341666666666665,0.030276311877480578,-0.3135776706227812,-0.15915663852615602,13.328356826960162,-0.35667584799328045
17.35,0.02593401906125868,-0.6822889389697218,-0.04542582699035681,13.894552865934306,-0.3566758479938648
17.358333333333334,0.01983157437405752,-0.721608617226186,0.070966609239755,13.944439349040774,-0.3566758479926215
17.366666666666667,0.014871217534764941,-0.41871260392898657,0.18547008291803574,13.457824339186125,-0.35667584799465546
17.375,0.013490891728247441,0.11327866521155992,0.29426403398771506,12.61196405471896,-0.3566758479926641
17.383333333333333,0.017009465614111957,0.7372556463252906,0.3952625346981699,11.61642912743058,-0.35667584799307234
17.391666666666666,0.025778790153212695,1.3629891937550767,0.48782467809899094,10.6015233384166,-0.35667584799234925
17.4,0.03961047473717307,1.9480330080059243,0.5720538765911568,9.621046241460293,-0.3566758479926798
17.40833333333333,0.05809043771322108,2.4774602957824587,0.6483070414328519,8.687442407283859,-0.35667584799270313
17.416666666666668,0.08074004914565544,2.9489262335967155,0.7169636257828156,7.796564561545042,-0.35667584799273283
17.425,0.1070856774614973,3.365176858933892,0.7783439104512281,6.939585640777462,-0.3566758479927148
17.433333333333334,0.13668576565785331,3.730842673962052,0.8326930350026441,6.107737559663784,-0.3566758479926856
17.441666666666666,0.16914049061418776,4.051190474327901,0.880189219354082,5.293837520692742,-0.35667584799273166
17.45,0.2040948756950998,4.331675935376889,0.9209584668581394,4.492521093356781,-0.35667584799271324
17.458333333333332,0.2412396147087825,4.577789220514798,0.9550889192881458,3.7000112723031755,-0.35667584799268903
17.466666666666665,0.2803110376235848,4.794981674101272,0.9826426565247887,2.91377286140577,-0.3566758479927259
17.475,0.32109047029983506,4.988583847419714,1.0036647183322764,2.1322098255842006,-0.35667584799270957
17.483333333333334,0.36340270469163855,5.163667059481563,1.0181901146011185,1.3544992030454832,-0.35667584799268726
17.491666666666667,0.40711292487035183,5.324802159580619,1.0262503293831091,0.5806529813210302,-0.35667584799273866
17.5,0.4521209616556658,5.4756446188848065,1.0278817171100239,-0.1880632777319456,-0.35667584799270874
17.508333333333333,0.4983509838777348,5.61823058132069,1.0231395307470004,-0.9481576594063807,-0.35667584799266094
17.516666666666666,0.5457335602876078,5.751819682729181,1.0121232930922452,-1.6921131997351984,-0.35667584799278707
17.525,0.5941756163027453,5.871130607212241,0.9950215158927509,-2.405519245323767,-0.3566758479926972
17.53333333333333,0.643513314028095,5.964070642618714,0.9721844106072617,-3.063336821565233,-0.3566758479927596
17.541666666666668,0.6934467434772164,6.009917406928649,0.9442263342494492,-3.6269769109565027,-0.35667584799232194
17.55,0.7434696515299697,5.9805167689710785,0.9121348650047236,-4.046609603003744,-0.3566758479926314
17.558333333333334,0.7928339676707582,5.84787961429714,0.8773179591697255,-4.274458494687129,-0.3566758479928196
17.566666666666666,0.8406050804261782,5.597566047637515,0.8414937824608721,-4.287852088084274,-0.35667584799304763
17.575,0.8858229231911071,5.238587450236463,0.8063998814439284,-4.105879511948016,-0.3566758479927817
17.583333333333332,0.9276924862804226,4.799728405988033,0.7734566763339421,-3.7822861363525453,-0.35667584799261304
17.591666666666665,0.9656931752218841,4.315543279831182,0.7435776423380592,-3.380530217527281,-0.3566758479927549
17.6,0.9995719121463054,3.8143253468153384,0.717185621550677,-2.952507889705481,-0.3566758479927312
17.608333333333334,1.0292686890563785,3.3140405735950615,0.6943485989752617,-2.531345563724112,-0.35667584799276475
17.616666666666667,1.0548343526417485,2.8237995125353095,0.6749294683049673,-2.133968159917099,-0.3566758479927118
17.625,1.0763693209706866,2.3468833125939694,0.6586989631704473,-1.7664471024139305,-0.35667584799273666
17.633333333333333,1.093986225956552,1.8832897560674633,0.6454061179883153,-1.4285432967330685,-0.356675847992743
17.641666666666666,1.1077899839606942,1.4313739306791526,0.6348174345305049,-1.1166786840293916,-0.3566758479927372
17.65,1.1178683347420078,0.9887658448430074,0.626736888618993,-0.825641810323306,-0.3566758479927395
17.65833333333333,1.124287955807158,0.5528309732325141,0.6210153737912136,-0.5494870126036663,-0.35667584799273966
17.666666666666668,1.1270932276883443,0.12087206280126443,0.6175547606217795,-0.28197329806722177,-0.3566758479927395
17.675,1.126306049897081,-0.3098051331713652,0.6163094296977586,-0.01675906545671689,-0.3566758479927396
17.683333333333334,1.1219258987157354,-0.741890484352919,0.6172867337546417,0.25251927987920686,-0.35667584799273966
17.691666666666666,1.1139297886358126,-1.1780877203519726,0.6205469975248892,0.5322035313162167,-0.35667584799274016
17.7,1.1022721259381478,-1.6211158406387092,0.6262030668956236,0.8285378824933033,-0.35667584799274005
17.708333333333332,1.0868847687162442,-2.073649132967279,0.6344188235284921,1.1474801680976883,-0.35667584799273655
17.716666666666665,1.06767807680593,-2.5381241651112125,0.6454052367242414,1.4942722290110069,-0.3566758479927537
17.725,1.0445445295905487,-3.0162899815410102,0.6594111167629886,1.8725514235186886,-0.35667584799274415
17.733333333333334,1.0173678371563577,-3.5082979364530535,0.6767033744003195,2.282648456057639,-0.3566758479927127
17.741666666666667,0.9860425217716774,-4.011048902070037,0.6975280343729314,2.718584760323565,-0.3566758479927925
17.75,0.9505112339092907,-4.515576984684223,0.7220393462225912,3.1633999585660266,-0.35667584799274266
17.758333333333333,0.9108270358666111,-5.003833007140011,0.7501845834252445,3.583474382319335,-0.35667584799285623
17.766666666666666,0.867238826912505,-5.446881368887007,0.7815482566373776,3.9254070716070784,-0.3566758479922871
17.775,0.820271738089216,-5.808706535048899,0.815205869066001,4.1228262096465125,-0.35667584799269747
17.78333333333333,0.770740076388082,-6.058569563194288,0.8496975594089137,4.118316096608028,-0.356675847992672
17.791666666666668,0.7196379776427061,-6.186068157067895,0.8832191275433471,3.8902877233479742,-0.3566758479933102
17.8,0.6679401169360414,-6.2056455823597,0.9139756478119192,3.4615793160046486,-0.35667584799285434
17.808333333333334,0.6164294877526499,-6.146385367992525,0.9404936742949752,2.8822621262431434,-0.3566758479927244
17.816666666666666,0.5656368034168522,-6.037714830030414,0.961742361792655,2.2049430170255353,-0.3566758479927391
17.825,0.5158773104256931,-5.901223504068,0.977085099601541,1.4703796720182791,-0.3566758479927896
17.833333333333332,0.467325048891741,-5.749383669792818,0.9861640408897898,0.7049669250761307,-0.3566758479928391
17.841666666666665,0.4200816797835404,-5.58751413124717,0.9887916240409662,-0.07613596026114765,-0.35667584799273855
17.85,0.37422576258914525,-5.416210627378302,0.9848738421025375,-0.865031152950257,-0.3566758479927859
17.858333333333334,0.3298438210821039,-5.23322011731621,0.9743631666574497,-1.6580595770140514,-0.35667584799281016
17.866666666666667,0.2870485934433947,-5.034661279167323,0.9572317397627598,-2.4539310910226186,-0.3566758479927672
17.875,0.24598926033420257,-4.815762028105335,0.9334562570339598,-3.2527345155137253,-0.35667584799278396
17.883333333333333,0.2068569066687439,-4.571291273753358,0.9030084903641573,-4.055530871630818,-0.3566758479928078
17.891666666666666,0.16988721079997365,-4.295808810877011,0.8658475472263717,-4.86431430478649,-0.35667584799276364
17.9,0.13536152533950926,-3.983812022422511,0.8219114445267041,-5.682195380309211,-0.3566758479927802
17.90833333333333,0.10360695965453323,-3.6298387384149593,0.7711066275334405,-6.513691753395493,-0.3566758479928105
17.916666666666668,0.07499553960594445,-3.2286026022854717,0.7132950808337108,-7.364985854335229,-0.35667584799275825
17.925,0.04994161393511421,-2.7753160355842326,0.6482802644458482,-8.243886970269694,-0.3566758479927856
17.933333333333334,0.028894657097499377,-2.2665597148737553,0.5757964559403671,-9.158908119049299,-0.35667584799276875
17.941666666666666,0.012319949411009057,-1.7025184158686324,0.49551375904699463,-10.11610346097769,-0.356675847993014
17.95,0.0006493880921173632,-1.0922996360116521,0.4070881209686164,-11.110769780390207,-0.3566758479928788
17.958333333333332,-0.005834416997862993,-0.4651320098428243,0.310318522005294,-12.109109807756578,-0.3566758479925357
17.966666666666665,-0.007238018613327971,0.11151075329489178,0.20551139521829848,-13.01736937002308,-0.35667584799251184
17.975,-0.004439585833683948,0.5204564135652857,0.09409676201702927,-13.659799527366877,-0.3566758479928672
17.983333333333334,0.0006024065448000456,0.6323102067498514,-0.020841947536645634,-13.835419568376556,-0.3566758479930512
17.991666666666667,0.005138637911574708,0.4034582457369599,-0.13498431709471093,-13.475600116468641,-0.3566758479939413
18.0,0.0066131344565143226,-0.08072848687289183,-0.24431378001970885,-12.71432010371543,-0.35667584799298613
18.008333333333333,0.0034609501828823685,-0.6860015364488028,-0.3463554729156123,-11.758173776457456,-0.356675847992185
18.016666666666666,-0.004873617994476329,-1.3122179308841633,-0.44015849329371415,-10.754299316947856,-0.3566758479931492
18.025,-0.018321299311548325,-1.9077575930126256,-0.5256557910560642,-9.771188925334982,-0.35667584799297924
18.03333333333333,-0.036526621643862243,-2.4523103786917693,-0.6031281074128229,-8.82935865837144,-0.3566758479929456
18.041666666666668,-0.059036996686163905,-2.9408508318759945,-0.6729253968768532,-7.9282339333061875,-0.3566758479929506
18.05,-0.08538915153983957,-3.3748741937291555,-0.7353575612058967,-7.060291637633085,-0.3566758479929558
18.058333333333334,-0.11514467600633034,-3.758445358160073,-0.7906654600039764,-6.217067800128771,-0.3566758479930064
18.066666666666666,-0.1479036880928198,-4.096587723991046,-0.8390236627024401,-5.391292514706136,-0.3566758479929532
18.075,-0.1833098512008066,-4.394670298343563,-0.8805531834965824,-4.577396146133636,-0.3566758479929557
18.083333333333332,-0.2210521517792397,-4.658178179406337,-0.9153354179812866,-3.7713979466766765,-0.35667584799299723
18.091666666666665,-0.26086537101096224,-4.892600813383068,-0.943424210604554,-2.9706156478678807,-0.35667584799295327
18.1,-0.30252968312266454,-5.103320935802864,-0.9648555020399878,-2.1733991184310195,-0.3566758479929565
18.108333333333334,-0.345869100207567,-5.295439330354941,-0.9796552923406463,-1.3790109737624658,-0.3566758479930033
18.116666666666667,-0.390747979642177,-5.473473104571726,-0.9878476265038383,-0.5877737972378494,-0.35667584799294016
18.125,-0.4370641880984061,-5.640835952614084,-0.9894654666832442,0.1983508743215942,-0.3566758479929536
18.133333333333333,-0.48473655065299237,-5.798957794447626,-0.9845690060690456,0.9745075315003289,-0.3566758479930695
18.141666666666666,-0.5336828139423423,-5.945856596866914,-0.9732783322895255,1.730706054227798,-0.3566758479929074
18.15,-0.5837829184866413,-6.074039467867809,-0.9558296579597602,2.4484093144245085,-0.3566758479929635
18.15833333333333,-0.6348227912519179,-6.168052771416672,-0.9326633594749325,3.096535623918459,-0.35667584799268565
18.166666666666668,-0.6864210161184926,-6.203233639087214,-0.9045394547489163,3.629582315864478,-0.3566758479932051
18.175,-0.737961293101448,-6.149014479402273,-0.8726406163446583,3.9936336603823803,-0.3566758479930243
18.183333333333334,-0.7885830404365473,-5.9797171497583905,-0.8385725790538323,4.145196163217555,-0.35667584799302043
18.191666666666666,-0.8372832541216302,-5.688931611420465,-0.8041719913451294,4.075899421044208,-0.3566758479927455
18.2,-0.8831113459924852,-5.295293069061479,-0.7711566750258283,3.8218882492354167,-0.3566758479929527
18.208333333333332,-0.9253477243594073,-4.833079573407928,-0.7408102570994637,3.4467124857105236,-0.3566758479931559
18.216666666666665,-0.9635689066900394,-4.336765340438666,-0.7138699385579941,3.0138608375464755,-0.35667584799301283
18.225,-0.9976034459661874,-3.8315499454752375,-0.6906081141727249,2.5699445786118558,-0.35667584799300917
18.233333333333334,-1.0274445710036346,-3.332007962059952,-0.6709911611788023,2.1422297352453374,-0.3566758479929493
18.241666666666667,-1.0531714457007704,-2.8447402948256237,-0.6548235620314108,1.7432761413176108,-0.35667584799301283
18.25,-1.0748960809797565,-2.3714921967940277,-0.6418468284886332,1.3764620935969643,-0.35667584799300367
18.258333333333333,-1.0927330443924574,-1.9114283440701494,-0.6317977991012229,1.0400677767320041,-0.356675847992997
18.266666666666666,-1.1067841807016308,-1.4624952767888877,-0.6244397669269711,0.7297705179723153,-0.35667584799300317
18.275,-1.1171318175210398,-1.0221446014074473,-0.6195778453388177,0.44001718135265117,-0.3566758479930026
18.28333333333333,-1.1238362646296014,-0.5876764343919754,-0.6170659659715835,0.16472303307980166,-0.35667584799300267
18.291666666666668,-1.1269352228339422,-0.15637635202550437,-0.6168097585425913,-0.10239989765704939,-0.3566758479930026
18.3,-1.1264438478528216,0.2744516224255751,-0.6187675770621692,-0.3677036189048183,-0.35667584799300267
18.308333333333334,-1.1223548731670518,0.7074961319455656,-0.6229507646173239,-0.637546627667041,-0.35667584799300295
18.316666666666666,-1.1146385979797122,1.1454537861499494,-0.6294235207515373,-0.9182451395684971,-0.3566758479930019
18.325,-1.1032428577937945,1.59101112657253,-0.6383021651344135,-1.2159643819687471,-0.35667584799300206
18.333333333333332,-1.0880934550916308,2.0467414199429688,-0.6497529364088743,-1.5364563663054118,-0.35667584799301316
18.341666666666665,-1.0690960877830364,2.5148298063689998,-0.6639864628884515,-1.8844905236263454,-0.35667584799299373
18.35,-1.0461417658402683,2.996480141628943,-0.6812453606616462,-2.262719731189438,-0.35667584799299823
18.358333333333334,-1.0191192569107572,3.490777054061582,-0.7017787065245241,-2.6695877872516527,-0.35667584799306573
18.366666666666667,-0.9879402294766638,3.992736507524623,-0.7257934520669811,-3.09581990642716,-0.35667584799298613
18.375,-0.9525844101345146,4.490488440183222,-0.7533700646737139,-3.519414258737621,-0.35667584799300933
18.383333333333333,-0.913169405819222,4.962451780270648,-0.7843345197464724,-3.900664217739872,-0.3566758479926203
18.391666666666666,-0.8700351884434352,5.377292115218807,-0.8181046206170435,-4.182119028420833,-0.35667584799324037
18.4,-0.8238026601352398,5.700782429657271,-0.8535823417622852,-4.300720869223382,-0.356675847993036
18.40833333333333,-0.7753425914848291,5.909734061485713,-0.8892047023247204,-4.21247174442722,-0.3566758479934624
18.416666666666668,-0.7256286604740246,6.003678573142334,-0.9232008248768643,-3.913404520520968,-0.3566758479927856
18.425,-0.675543966920298,6.0033363751302335,-0.9539356898884854,-3.4376095153240493,-0.35667584799300966
18.433333333333334,-0.6257530208000893,5.938062366855127,-0.9801449660631781,-2.8358580174495915,-0.3566758479931017
18.441666666666666,-0.5766834886037829,5.833884292258799,-1.0009812854690636,-2.154901578989723,-0.3566758479930989
18.45,-0.528579974573967,5.70841857186187,-1.0159349104444586,-1.4284768814663273,-0.3566758479930592
18.458333333333332,-0.48157550425058565,5.571116994644779,-1.0247218693025242,-0.6774931959640963,-0.3566758479929687
18.466666666666665,-0.43575094639533557,5.425437847306961,-1.027191056981903,0.08642454672560748,-0.3566758479930742
18.475,-0.3911757000975843,5.270986378943197,-1.0232620927514935,0.8574201084525892,-0.35667584799305513
18.483333333333334,-0.3479329368125776,5.105057220117747,-1.0128883535965911,1.632925794155069,-0.35667584799301716
18.491666666666667,-0.30613444369695103,4.923613147549921,-0.9960363273758713,2.4121857526589836,-0.35667584799305846
18.5,-0.26592906253916837,4.721872123500371,-0.9726740532256487,3.1955043080024796,-0.35667584799305485
18.508333333333333,-0.2275073340542119,4.494651445604259,-0.9427636967902276,3.9839704244973047,-0.3566758479930157
18.516666666666666,-0.19110392999269513,4.236567082779465,-0.9062550548559632,4.779487568592278,-0.3566758479930572
18.525,-0.15699881089186168,3.9421480761786225,-0.8630779409378571,5.584996920122259,-0.3566758479930553
18.53333333333333,-0.12551763243122013,3.6059098053672454,-0.8131322092522537,6.404806296066889,-0.3566758479930047
18.541666666666668,-0.09703152722030302,3.2224434426439355,-0.7562749517657664,7.244916705218506,-0.35667584799305935
18.55,-0.07195569113268178,2.7866433480663657,-0.6923056408912721,8.113139215428978,-0.35667584799305274
18.558333333333334,-0.05074458366926166,2.294364523004921,-0.6209526728441256,9.018524259868846,-0.3566758479930816
18.566666666666666,-0.033877679076891806,1.7442005973493815,-0.5418710967209379,9.968971241829726,-0.3566758479929629
18.575,-0.02182086208987943,1.1419041099651266,-0.45467596348733746,10.964473524574759,-0.3566758479929919
18.583333333333332,-0.014930679517877953,0.5102432146121098,-0.3590661160702502,11.981176868534,-0.3566758479938689
18.591666666666665,-0.013243602145614389,-0.09318099787856948,-0.25513799723727615,12.941428898511818,-0.3566758479931677
18.6,-0.016103707706225285,-0.5583900150687766,-0.1439783382079877,13.682235383697781,-0.35667584799415875
18.608333333333334,-0.02176959598800314,-0.7447994697866639,-0.02832336526293534,13.98619131306403,-0.3566758479930235
18.616666666666667,-0.027517302403795442,-0.5767285932216565,0.08755676690718867,13.734218200927877,-0.35667584799308594
18.625,-0.030565789550313055,-0.11755911362535017,0.19930186053577972,13.026056686032456,-0.35667584799306806
18.633333333333333,-0.029058237361980925,0.49344503808626466,0.30399586043728927,12.077467099971313,-0.35667584799255114
18.641666666666666,-0.022244525859819078,1.141359017631462,0.4004089589507775,11.059485861850094,-0.3566758479936668
18.65,-0.01010883012328424,1.7641195737388966,0.48836759752140246,10.0565375690887,-0.3566758479932806
18.65833333333333,0.007015946406472699,2.3365081062983215,0.5681373058651811,9.095764596727184,-0.35667584799323904
18.666666666666668,0.028673359885604963,2.8516749574746947,0.6400845700200338,8.178255211990525,-0.35667584799326146
18.675,0.05438737673438446,3.3105980631177414,0.704540134448289,7.2961997202097475,-0.3566758479932753
18.683333333333334,0.08370484398005724,3.7172998018797077,0.7617603717100403,6.440279994884626,-0.35667584799332175
18.691666666666666,0.11621154279655271,4.076914083388669,0.8119278782298109,5.602331546377861,-0.35667584799325924
18.7,0.1515379612533849,4.394970504440047,0.8551647137685451,4.776015723359824,-0.35667584799327445
18.708333333333332,0.18936137728117708,4.677145826122714,0.8915475471941154,3.956733697585223,-0.35667584799331375
18.716666666666665,0.22940662061784012,4.929162241041969,0.9211208861918935,3.141307860403351,-0.35667584799326035
18.725,0.2714460879096127,5.156694775154275,0.9439075510774498,2.327666176264582,-0.3566758479932749
18.733333333333334,0.3152987668966975,5.365215978177613,0.9599170117476271,1.5146648191520453,-0.35667584799331875
18.741666666666667,0.36082748482695776,5.559712522097315,0.9691532541851404,0.702176521770202,-0.3566758479932417
18.75,0.40793294162626104,5.744176287545406,0.9716250813453577,-0.10837677542033444,-0.35667584799327634
18.758333333333333,0.45654203283085776,5.920709702530761,0.9673636261232597,-0.912769328065091,-0.3566758479933924
18.766666666666666,0.5065863221061538,6.088013700579078,0.9564546502235913,-1.7016072925911634,-0.3566758479931784
18.775,0.5579645408436146,6.239045839038699,0.9390964599733879,-2.456515640166589,-0.3566758479932817
18.78333333333333,0.610482494390108,6.358048458343064,0.9156948370786404,-3.145262912752468,-0.35667584799301744
18.791666666666668,0.6637702626692173,6.418515751745004,0.8869947875353565,-3.718572355211394,-0.35667584799372676
18.8,0.7171992799520066,6.386033170167471,0.854209546814154,-4.115402489091706,-0.3566758479932888
18.808333333333334,0.7698594098655855,6.230198105014704,0.8190430111231742,-4.283832461091036,-0.35667584799330493
18.816666666666666,0.8206652375497716,5.941985602728176,0.7834877660343246,-4.211003813898104,-0.3566758479928494
18.825,0.8685791234763564,5.541601660597779,0.7494241210780397,-3.9360853230692205,-0.35667584799331903
18.833333333333332,0.9128210279103641,5.067649729293544,0.7182488535626416,-3.530575777363377,-0.3566758479934863
18.841666666666665,0.9529438402799024,4.5586869636721,0.690744530453209,-3.065522950279882,-0.3566758479933567
18.85,0.9887795767948134,4.042258641145743,0.667178106627961,-2.5920364775334948,-0.35667584799332636
18.858333333333334,1.0203376375394428,3.533752912567654,0.6474852196732694,-2.1391432671640147,-0.35667584799326507
18.866666666666667,1.0477162253840777,3.0397563790953352,0.631432073895787,-1.7196450542979245,-0.3566758479933462
18.875,1.0710447424309277,2.5616962932247045,0.6187228525434427,-1.3365619241790672,-0.3566758479933255
18.883333333333333,1.090452210096248,2.098376956488207,0.6090608110995963,-0.9876815217244725,-0.35667584799331997
18.891666666666666,1.1060521209834027,1.6474397728635217,0.6021796355028961,-0.6682349619401734,-0.35667584799332674
18.9,1.1179362271032236,1.2061081568712146,0.5978581702951703,-0.3723159722289728,-0.3566758479933257
18.90833333333333,1.1261726615145151,0.7715239022437356,0.5959266436449201,-0.09357433846271528,-0.35667584799332597
18.916666666666668,1.1308058664068188,0.3408683762751318,0.5962689045207372,0.1744782201830039,-0.3566758479933258
18.925,1.131857034419038,-0.08862232894234821,0.5988230195121221,0.4383567654883854,-0.35667584799332575
18.933333333333334,1.1293244539902945,-0.519688145789697,0.6035813590075466,0.7045783587871822,-0.3566758479933261
18.941666666666666,1.1231835383269577,-0.9550850603872889,0.610590597179731,0.9796566175295139,-0.3566758479933249
18.95,1.113386588092807,-1.3976035082557052,0.6199515509215916,1.2700583988937144,-0.35667584799332575
18.958333333333332,1.0998626252483796,-1.8500244069027751,0.6318182544164409,1.5820483140541333,-0.35667584799333346
18.966666666666665,1.0825180782608093,-2.3149436570656734,0.6463948671196214,1.921297348330662,-0.3566758479933143
18.975,1.0612398812021484,-2.7943414857713953,0.6639276249456544,2.2920375207957844,-0.3566758479933253
18.983333333333334,1.0359039163122208,-3.2886873103910794,0.6846866460950203,2.6953968519694906,-0.35667584799338703
18.991666666666667,1.0063938799845296,-3.7952780802383437,0.7089286619878561,3.1263912819556445,-0.3566758479932792
19.0,0.9726382033557622,-4.305544028597857,0.7368273519240213,3.569120571117438,-0.3566758479933245
19.008333333333333,0.934673106158961,-4.8016205803300105,0.768357316384371,3.990711353021403,-0.35667584799307184
19.016666666666666,0.8927311621135235,-5.25420456023901,0.8031331304442149,4.337560404062777,-0.35667584799372215
19.025,0.8473273798719223,-5.626168005925718,0.8402529773196052,4.541722665988092,-0.35667584799333657
19.03333333333333,0.7992769714703507,-5.885388072255737,0.8782627690000288,4.543537952170037,-0.35667584799355523
19.041666666666668,0.749583915898973,-6.020875920084969,0.9153486670319972,4.320254857116402,-0.3566758479928985
19.05,0.6992320422237852,-6.047808962480327,0.9497047498583311,3.895523299923595,-0.3566758479933656
19.058333333333334,0.6490038076121359,-5.996697400410822,0.9798584523720935,3.321184316573967,-0.35667584799352836
19.066666666666666,0.5994178357048806,-5.898205909661154,1.0047933316296733,2.6511483203174,-0.35667584799343743
19.075,0.5507690879256365,-5.774649176800621,1.0238941084651767,1.926536706649228,-0.35667584799337604
19.083333333333332,0.5032070585546738,-5.638832037844648,1.0368242036063922,1.173434194862334,-0.3566758479932855
19.091666666666665,0.456807009954469,-5.496214184982772,1.043413328477936,0.4064082020083559,-0.356675847993424
19.1,0.41162025595050283,-5.347467610899218,1.0435796050834378,-0.3672548858275171,-0.3566758479933787
19.108333333333334,0.36770551334393103,-5.190401643591766,1.0372829554370233,-1.1443922896991408,-0.35667584799334473
19.116666666666667,0.325147215031508,-5.0211915497151445,1.024499560817273,-1.924028144930175,-0.35667584799339347
19.125,0.2840658174733011,-4.8351071403644,1.0052084417209357,-2.7063424960252824,-0.35667584799337965
19.133333333333333,0.24462343819680574,-4.62693163211321,0.9793839814824322,-3.492231152341992,-0.35667584799334656
19.141666666666666,0.20702682882899195,-4.391198472535104,0.9469904430760601,-4.283239224764461,-0.35667584799339214
19.15,0.17152886131789302,-4.122320391265209,0.9079759688353061,-5.081734515463175,-0.35667584799337976
19.15833333333333,0.13842923409822658,-3.814653203137517,0.8622644410300031,-5.8912355022199066,-0.3566758479933364
19.166666666666668,0.10807480206704448,-3.4625287837201233,0.8097442133484964,-6.716821110509043,-0.3566758479933957
19.175,0.08085957662680024,-3.060315404651884,0.7502534340906034,-7.565514283758366,-0.3566758479933787
19.183333333333334,0.05722366721221481,-2.6026473273942163,0.6835630221569654,-8.446403345832145,-0.3566758479933534
19.191666666666666,0.03764848568087608,-2.0851817803715478,0.6093615336289643,-9.369921829741362,-0.35667584799333263
19.2,0.022640710456743183,-1.506752341215346,0.5272539942431786,-10.344866341928299,-0.35667584799337515
19.208333333333332,0.012686273117495844,-0.8748617697623304,0.4368053703590584,-11.36990083040768,-0.3566758479941633
19.216666666666665,0.008132886834797827,-0.21802685682652714,0.33769807857416967,-12.413463384035785,-0.3566758479928792
19.225,0.008930242136777537,0.39259952844886326,0.2301259993775551,-13.377210013873777,-0.35667584799177715
19.233333333333334,0.014188386362754995,0.8265211771490947,0.11550546173619633,-14.06505285114226,-0.3566758479937332
19.241666666666667,0.02179099491938645,0.9348268467365494,-0.002864859941057924,-14.244936818589823,-0.35667584799359153
19.25,0.028713371656054868,0.6690889474201598,-0.12026067285214045,-13.84039170534337,-0.35667584799370233
19.258333333333333,0.03218516335092484,0.13221526639789158,-0.23235842317068842,-13.013337530800474,-0.35667584799349666
19.266666666666666,0.030593216090793834,-0.5231607589642698,-0.3366383252727679,-11.9988818981488,-0.35667584799282587
19.275,0.023439026896656587,-1.190135538270951,-0.432262331310031,-10.953391889530788,-0.3566758479936586
19.28333333333333,0.010870450737709656,-1.8175575368166472,-0.5192970255610625,-9.943071054612645,-0.356675847993767
19.291666666666668,-0.006692298705987382,-2.3873733702082087,-0.598123249525429,-8.983642910436805,-0.356675847993678
19.3,-0.028750119285382472,-2.8965311069978545,-0.6691534755854209,-8.070521767352375,-0.3566758479936961
19.308333333333334,-0.054807071034033435,-3.347881356739187,-0.7327319171845659,-7.193404828986891,-0.35667584799367374
19.316666666666666,-0.08440123637696127,-3.746364419165577,-0.7891148071953664,-6.342004639536313,-0.3566758479937258
19.325,-0.1171151772340737,-4.097584480417884,-0.8384797352656717,-5.50786284378451,-0.35667584799369956
19.333333333333332,-0.1525791230704031,-4.407338631214657,-0.8809426189359908,-4.684617198033903,-0.35667584799367635
19.341666666666665,-0.19047190880007625,-4.681485038292447,-0.9165742004018637,-3.867722276553684,-0.356675847993719
19.35,-0.2305212888024497,-4.925899844264849,-0.9454134670220885,-3.0540325649465663,-0.35667584799369617
19.358333333333334,-0.27250387990478186,-5.1464202058166215,-0.9674776828153591,-2.241426654448275,-0.3566758479936766
19.366666666666667,-0.316244382431506,-5.3487202293250435,-0.9827698326027583,-1.4285782120085335,-0.3566758479937241
19.375,-0.3616133089549778,-5.53806595630721,-0.9912851340563439,-0.6149825897376218,-0.35667584799369223
19.383333333333333,-0.4085218767561078,-5.718860082126773,-0.9930193793185987,0.1985957272070208,-0.35667584799365626
19.391666666666666,-0.45691171340522463,-5.89381883199474,-0.9879836597335876,1.0089814740711136,-0.35667584799380087
19.4,-0.5067353405875586,-6.062533745750847,-0.9762328935260484,1.8083376706756087,-0.3566758479936824
19.40833333333333,-0.557921101362666,-6.21913692667734,-0.9579193856245813,2.5803467138944716,-0.3566758479936468
19.416666666666668,-0.610314691972559,-6.349086666486583,-0.9333849547599645,3.294894554726628,-0.3566758479935079
19.425,-0.6635938910038527,-6.426344414202545,-0.9032971383623167,3.903496078391159,-0.3566758479936653
19.433333333333334,-0.7171738975962861,-6.414841919276274,-0.8687988009836757,4.342196622811354,-0.3566758479940674
19.441666666666666,-0.7701622455035759,-6.279601102798011,-0.8315691292866347,4.551094051498782,-0.35667584799359936
19.45,-0.8214461431472524,-6.005930991552169,-0.7936543810434046,4.507493008266867,-0.35667584799371566
19.458333333333332,-0.8699222715632027,-5.611088891290235,-0.7570548346169561,4.245490205506112,-0.356675847993437
19.466666666666665,-0.9147384134290566,-5.134959237106273,-0.7232979816248906,3.838885959581716,-0.35667584799393803
19.475,-0.9553969166099875,-4.619515212588944,-0.6932588443919321,3.3647451323161732,-0.3566758479937407
19.483333333333334,-0.9917074011236795,-4.0953478646966825,-0.6672472635336266,2.879546478874384,-0.35667584799378377
19.491666666666667,-1.0236771072544288,-3.579634551911019,-0.6452059992306773,2.4154924995039737,-0.35667584799367624
19.5,-1.0514123780825053,-3.079720231542525,-0.6268899769612364,1.9867567940449118,-0.3566758479937395
19.508333333333333,-1.0750543816585,-2.5972124932511296,-0.6119854032753853,1.5967141954538269,-0.3566758479937489
19.516666666666666,-1.0947441898187358,-2.1308438070095517,-0.6001767687924764,1.2430567762607498,-0.3566758479937352
19.525,-1.1106063422939567,-1.6781059221593466,-0.5911805431005871,0.9207731623321673,-0.3566758479937414
19.53333333333333,-1.1227423607560272,-1.2360732031052581,-0.5847604764868246,0.6237039264134543,-0.35667584799374163
19.541666666666668,-1.131229020266454,-0.8017682971072834,-0.5807336639843693,0.34528547619004846,-0.3566758479937414
19.55,-1.1361185637888505,-0.3722897853188002,-0.5789723893423688,0.07886640635966764,-0.3566758479937417
19.558333333333334,-1.1374394338439915,0.055176994148146544,-0.579404328607375,-0.18218959286204756,-0.3566758479937417
19.566666666666666,-1.1351968427301034,0.4834019012800488,-0.5820123640691099,-0.44449929875279787,-0.35667584799374175
19.575,-1.1293729018343956,0.9151692504557988,-0.5868345356031054,-0.7146887793996427,-0.35667584799374163
19.583333333333332,-1.1199262734075655,1.3533290180216386,-0.5939642051780761,-0.9994079488016071,-0.356675847993741
19.591666666666665,-1.106791526901263,1.800810520551001,-0.6035501011950425,-1.3052761197978497,-0.3566758479937462
19.6,-1.0898786981218762,2.2605490844712457,-0.6157953303063798,-1.6386689629716293,-0.35667584799374213
19.608333333333334,-1.0690741220621232,2.735232973191724,-0.630953419051099,-2.005182114612368,-0.3566758479937302
19.616666666666667,-1.0442446809671289,3.226699505233237,-0.6493175587418956,-2.4084711438119233,-0.3566758479937927
19.625,-1.0152495044747558,3.7346911171001724,-0.6711959160622699,-2.8479644910730886,-0.356675847993744
19.633333333333333,-0.9819660685184967,4.254575614416284,-0.6968608305924304,-3.314766957067022,-0.356675847993707
19.641666666666666,-0.9443406406119845,4.7737899692417125,-0.7264545979635523,-3.785353862200774,-0.35667584799365615
19.65,-0.9024714915249598,5.267847445307771,-0.7598374312861348,-4.214555957206849,-0.3566758479937452
19.65833333333333,-0.8567160314615963,5.6994798999421805,-0.7963936499575193,-4.534112022104068,-0.3566758479940738
19.666666666666668,-0.8077706991880297,6.026998323045752,-0.8348863927582288,-4.667452543444615,-0.35667584799354274
19.675,-0.7566347431768362,6.222869802693372,-0.8735173978213486,-4.562526180205933,-0.3566758479937697
19.683333333333334,-0.7044188060954074,6.289138357646026,-0.910262157917408,-4.2193937830503065,-0.35667584799344354
19.691666666666666,-0.6520984313791258,6.253905051053373,-0.9433076637665867,-3.684906813523072,-0.3566758479941293
19.7,-0.6003670612106359,6.153607466216596,-0.9713226511716565,-3.022367874599214,-0.3566758479938287
19.708333333333332,-0.5496346459219912,6.018228056596441,-0.9934766966576836,-2.2858361324266916,-0.3566758479938632
19.716666666666665,-0.5001077706446981,5.866496945610007,-1.0093164554365988,-1.5115338934058429,-0.35667584799368635
19.725,-0.4518794555254992,5.707437646807202,-1.0186226160586744,-0.7202234744051732,-0.35667584799380536
19.733333333333334,-0.40499693072590337,5.543528338855402,-1.0213027137489092,0.07756391293328764,-0.3566758479938299
19.741666666666667,-0.3595045755854368,5.373335637431714,-1.0173250985498132,0.8771722609121492,-0.35667584799376795
19.75,-0.3154687469042103,5.193237944352371,-1.0066825941788544,1.6770391506833686,-0.3566758479938001
19.758333333333333,-0.2729913849409109,4.998442237650339,-0.9893737898861029,2.4771690268913606,-0.35667584799381596
19.766666666666666,-0.23221715610526994,4.783556908657213,-0.9653933670201007,3.2784273479715216,-0.35667584799377716
19.775,-0.19333699463096904,4.542907115390048,-0.934726029854341,4.082340168728775,-0.35667584799379615
19.78333333333333,-0.15658968778796103,4.270702211230946,-0.8973407057715401,4.891205550424925,-0.3566758479938168
19.791666666666668,-0.12226246326377231,3.961115154760122,-0.8531829369757891,5.708400961800207,-0.3566758479937702
19.8,-0.09069114610640952,3.6083126199463695,-0.8021641823689128,6.538804167102339,-0.3566758479937929
19.808333333333334,-0.06226011135253553,3.2064852634121386,-0.7441474571986759,7.38923059129922,-0.3566758479938186
19.816666666666666,-0.037401633289703376,2.7499907173264466,-0.6789298621879262,8.268695745486843,-0.35667584799377605
19.825,-0.01659267908045912,2.2338964200373574,-0.6062251033397315,9.18803830236864,-0.3566758479937994
19.833333333333332,-0.00034327518642860593,1.655636161448781,-0.5256554411328832,10.157744817520369,-0.3566758479937063
19.841666666666665,0.0108388465813932,1.0194421367074964,-0.4367779844837459,11.181218417369497,-0.3566758479944425
19.85,0.016542942717129028,0.3468536700112939,-0.3392045217377796,12.237843823201692,-0.35667584799384683
19.858333333333334,0.016677052978720786,-0.302952801012609,-0.2329306515405132,13.2489560998689,-0.35667584799425534
19.866666666666667,0.011883647485349555,-0.8105946823390247,-0.1189972871410296,14.037832413626672,-0.35667584799041574
19.875,0.0040089664207478455,-1.017611592116647,-0.00027628124103075153,14.358957684829083,-0.35667584799401153
19.883333333333333,-0.003986148930032951,-0.8384450664293083,0.11861645411785834,14.077376891047182,-0.3566758479941707
19.891666666666666,-0.009094992602606109,-0.34885872130703327,0.23299266636904647,13.312667190986252,-0.3566758479933944
19.9,-0.009381488911832145,0.2932011369851121,0.33984133650845705,12.310041164264355,-0.3566758479932623
19.90833333333333,-0.004134428694339287,0.9640549028273918,0.4380200542040439,11.25344869921688,-0.3566758479940556
19.916666666666668,0.006588314490153716,1.6009903742826028,0.5274886841078337,10.227235618937868,-0.3566758479942422
19.925,0.022388089965191607,2.1806582905063245,0.6086254135030277,9.254755669599891,-0.35667584799408686
19.933333333333334,0.042759085826738666,2.6980724310046447,0.68187780840668,8.333605456251881,-0.3566758479941286
19.941666666666666,0.06718918615601915,3.155521020884103,0.7476329710266169,7.453539471434359,-0.356675847994105
19.95,0.0951979100642692,3.557841651260978,0.8061871986517247,6.603681985851454,-0.3566758479941564
19.958333333333332,0.1263489723751872,3.9106398324782927,0.8577526763477366,5.774902112649979,-0.3566758479941332
19.966666666666665,0.16025373933022563,4.219697731085446,0.9024746751510098,4.960267129260348,-0.35667584799410756
19.975,0.19657187830420345,4.490814862204363,0.940449137750237,4.154806414180419,-0.35667584799414853
19.983333333333334,0.2350113321389272,4.729775013596367,0.9717372756514783,3.355079788994202,-0.35667584799412927
19.991666666666667,0.2753280960473302,4.9423200534846154,0.9963765035874507,2.5587514839227703,-0.35667584799410906
20.0,0.3173256200153667,5.134080221780649,1.014388199958205,1.7642672217659952,-0.3566758479941473
20.008333333333333,0.36085332779999063,5.310425331677557,1.0257834679772613,0.9707109910607926,-0.3566758479941259
20.016666666666666,0.40580339702049495,5.476184776069111,1.0305687898576914,0.1779439565631382,-0.35667584799409746
20.025,0.4521043496944185,5.635141132612195,1.028754569800977,-0.61280499426983,-0.35667584799419416
20.03333333333333,0.49970893724756715,5.789133015105105,1.0203714024399884,-1.397618422432475,-0.3566758479941228
20.041666666666668,0.5485721053247512,5.936527149131905,1.0055017446232752,-2.1674419075485263,-0.35667584799405866
20.05,0.5986127671374356,6.06983926017379,0.9843380248345549,-2.904156869667634,-0.3566758479941541
20.058333333333334,0.6496526086420767,6.172715044049987,0.9572788127513177,-3.575576784513748,-0.3566758479940867
20.066666666666666,0.7013319840770619,6.217916560399702,0.9250625810308398,-4.132234600197177,-0.3566758479944424
20.075,0.7530266917902766,6.1704124896136605,0.888897581176249,-4.513009384556949,-0.3566758479935038
20.083333333333332,0.8038281047840771,5.9998264739972855,0.8504802426114348,-4.666795062000361,-0.3566758479941215
20.091666666666665,0.8526565300692754,5.698104057148758,0.8117833848503093,-4.582826202123565,-0.3566758479938341
20.1,0.8984903367462492,5.28678129528382,0.7746480417404311,-4.302570283726516,-0.3566758479946424
20.108333333333334,0.9405745002753729,4.805163475950166,0.7404176845269218,-3.8983921091085434,-0.35667584799417595
20.116666666666667,0.9784888090168011,4.291587820743427,0.70982212176754,-3.440421637287369,-0.35667584799419033
20.125,1.0120878732317633,3.7728781803480684,0.6830877272486527,-2.97794312613991,-0.35667584799408975
20.133333333333333,1.0413972858478149,3.263665000156383,0.6601252720447254,-2.5381461923231337,-0.3566758479941605
20.141666666666666,1.0665257818049216,2.769948711548313,0.6406899232745392,-2.1323788839299387,-0.3566758479941807
20.15,1.087609232456095,2.292762797124082,0.6244851380673502,-1.7626309059408873,-0.35667584799415386
20.15833333333333,1.1047804979791878,1.8306651357360721,0.6112205635382028,-1.4259943759915212,-0.3566758479941658
20.166666666666668,1.1181552943020405,1.381148520483587,0.6006410328428804,-1.117239434926953,-0.3566758479941673
20.175,1.1278266333400562,0.9413487907069757,0.592539681146859,-0.8301555574050494,-0.3566758479941658
20.183333333333334,1.1338633451595654,0.5083570180937008,0.5867631037563562,-0.5581910837278374,-0.3566758479941664
20.191666666666666,1.136310242518445,0.07932472347701276,0.5832128997895863,-0.29472208530616273,-0.3566758479941665
20.2,1.135188684075374,-0.3485331754367167,0.5818458398897778,-0.03313602775648641,-0.3566758479941663
20.208333333333332,1.1304969420979045,-0.7779814184332581,0.5826737378101322,0.23316838744211135,-0.3566758479941663
20.216666666666665,1.1222101375923919,-1.2118207012160347,0.5857634554919063,0.5108047627514407,-0.3566758479941663
20.225,1.1102797410559724,-1.652931073335187,0.5912370333422159,0.806397016247411,-0.3566758479941681
20.233333333333334,1.0946328770417773,-2.104268486102368,0.599271491182501,1.1264893242561753,-0.35667584799416663
20.241666666666667,1.0751720451242135,-2.5687550512356934,0.6100971647193507,1.4772610544750702,-0.3566758479941597
20.25,1.0517765602737192,-3.048951222770148,0.6239922124104612,1.8638489136400485,-0.35667584799419744
20.258333333333333,1.024308298703219,-3.546306337513384,0.6412686721113505,2.288920131511399,-0.35667584799417135
20.266666666666666,0.9926265561077011,-4.059654464304785,0.662241579827163,2.74991911974871,-0.3566758479941224
20.275,0.9566200459795374,-4.582540639571891,0.6871671089810435,3.2342769474128965,-0.3566758479942186
20.28333333333333,0.9162667063540463,-5.0992779204370775,0.7161312568248684,3.7124398738946804,-0.35667584799416285
20.291666666666668,0.871727669595129,-5.581153196245008,0.7488784650622344,4.131240838086972,-0.35667584799445
20.3,0.8234574356710981,-5.98739199225096,0.784612457509896,4.415718768465529,-0.3566758479935173
20.308333333333334,0.7722638000017731,-6.276975203139795,0.82188668339816,4.490074773306325,-0.35667584799416885
20.316666666666666,0.7192268043931948,-6.428893776081736,0.8587445841433891,4.313603713355391,-0.35667584799383967
20.325,0.665470543011883,-6.4538143221445985,0.8931225449929244,3.9018636369996895,-0.35667584799486884
20.333333333333332,0.611924091604771,-6.384899544806158,0.923278736304153,3.3114397725936047,-0.356675847994276
20.341666666666665,0.5592137520113333,-6.258684706016998,0.9479978830334,2.606962591194784,-0.35667584799426755
20.35,0.5076944938531753,-6.102612796430517,0.9665543137978687,1.8392705968045748,-0.35667584799410257
20.358333333333334,0.45754155054713314,-5.932553069770773,0.9785680812483794,1.040742097441725,-0.35667584799423147
20.366666666666667,0.4088380604889548,-5.755300664609647,0.9838649485265533,0.22929278722586557,-0.3566758479942737
20.375,0.36163685921770355,-5.5718244868797155,0.9823786701439161,-0.5862642315763515,-0.3566758479941865
20.383333333333333,0.3159981238376239,-5.379719970168683,0.9740930496590456,-1.402203785266342,-0.35667584799422825
20.391666666666666,0.27201051955353467,-5.17474791053503,0.959010605909095,-2.21746801285441,-0.3566758479942489
20.4,0.22980243026557357,-4.9517239249027005,0.9371362173836632,-3.0324119889676027,-0.3566758479942066
20.40833333333333,0.18954756767337919,-4.705013501047101,0.9084678902688957,-3.8482883178539495,-0.35667584799422497
20.416666666666668,0.1514674872233083,-4.428800412053289,0.8729897957577994,-4.667180413921023,-0.3566758479942485
20.425,0.11583245734476223,-4.117225493088216,0.8306646397466766,-5.492206396310324,-0.3566758479942015
20.433333333333334,0.08296150116383759,-3.764455000722292,0.7814236245391601,-6.327875685019183,-0.35667584799422164
20.441666666666666,0.053221970779351674,-3.364736178192682,0.7251531827574608,-7.180485185225515,-0.35667584799425023
20.45,0.027028372840227563,-2.912547518421783,0.6616788423735835,-8.058367885156203,-0.3566758479942038
20.458333333333332,0.004838742170823333,-2.403101165769855,0.5907489559250063,-8.971572730895879,-0.3566758479942311
20.466666666666665,-0.012856603148513017,-1.8338229317931893,0.51202666150097,-9.929957049942987,-0.3566758479941543
20.475,-0.02556728274684589,-1.2082478343735794,0.42511191248438657,-10.93730547004393,-0.3566758479947365
20.483333333333334,-0.03288696930147295,-0.5451890565705603,0.3296450000379305,-11.976593611223652,-0.3566758479943214
20.491666666666667,-0.03468875562412812,0.10334511638162107,0.2255928706017491,-12.980062106026894,-0.3566758479943254
20.5,-0.03149645553257929,0.6305428026092912,0.11383607036285173,-13.791209053862739,-0.35667584799705343
20.508333333333333,-0.02493700542024518,0.8867102949368092,-0.0030792513803606005,-14.179389926084125,-0.3566758479943777
20.516666666666666,-0.017758907298608895,0.7739218424208747,-0.12085885040553727,-13.990570300417009,-0.35667584799695357
20.525,-0.012933540430785092,0.34231111964879735,-0.23485753384304311,-13.303872800366735,-0.3566758479958687
20.53333333333333,-0.01253038732396675,-0.2619793320207058,-0.3418446396181032,-12.34685604293219,-0.35667584799454194
20.541666666666668,-0.01741970144639153,-0.9115458830184503,-0.44042858039519767,-11.31077861861649,-0.3566758479937294
20.55,-0.02765117714450083,-1.5366951330931204,-0.5304113651462282,-10.2919121171692,-0.35667584799468355
20.558333333333334,-0.042883432693208365,-2.1092614090389334,-0.6120976887806404,-9.321538626098006,-0.35667584799452545
20.566666666666666,-0.06263774970911455,-2.6216857232587665,-0.6859104924891238,-8.401327754237826,-0.3566758479945468
20.575,-0.08641372072369959,-3.0749939144873473,-0.7522359977136079,-7.522904241580049,-0.3566758479945075
20.583333333333332,-0.1137350666863577,-3.4734030250494166,-0.8113801706800201,-6.67618912000811,-0.35667584799451924
20.591666666666665,-0.14416589412761885,-3.8221842735747114,-0.8635691956159022,-5.852359738732364,-0.356675847994565
20.6,-0.17731572763100567,-4.126898898130551,-0.9089639151906329,-5.044583775154999,-0.35667584799451146
20.608333333333334,-0.21284072185268507,-4.393157334108253,-0.9476763114554733,-4.247917707020133,-0.35667584799451957
20.616666666666667,-0.250443724665037,-4.626548736072834,-0.9797838020146774,-3.45894203499993,-0.3566758479945547
20.625,-0.2898739329017286,-4.83259947539483,-1.0053402782812202,-2.6753689743549613,-0.3566758479945117
20.633333333333333,-0.33092610471332784,-5.016701533864817,-1.0243841594292054,-1.8957320474158583,-0.3566758479945201
20.641666666666666,-0.373438925187646,-5.183975004938254,-1.0369444605356177,-1.1192322394413197,-0.356675847994558
20.65,-0.4172918068341082,-5.339020674302259,-1.0430465214127214,-0.34582788209743487,-0.3566758479944979
20.65833333333333,-0.46239892409656774,-5.485487290924789,-1.0427199448455955,0.4232966650009641,-0.35667584799452023
20.666666666666668,-0.5086984501527841,-5.625326629810812,-1.0360127329657176,1.1846683541116598,-0.3566758479946207
20.675,-0.5561336624204557,-5.757553177686905,-1.0230177839414185,1.9305665810398498,-0.3566758479944517
20.683333333333334,-0.6046210025770484,-5.876335017228658,-1.003920480882416,2.645892691135551,-0.3566758479945247
20.691666666666666,-0.6539996229907212,-5.968532514917491,-0.9790768300750611,3.3040994771517003,-0.3566758479943408
20.7,-0.7039613805897543,-6.011784316279181,-0.9491237214024801,3.864102067603295,-0.3566758479948014
20.708333333333332,-0.7539766430495065,-5.976060587369866,-0.9150945039990188,4.273195306208494,-0.35667584799455043
20.716666666666665,-0.8032609824320543,-5.83237053498368,-0.8784622330240675,4.482243089037127,-0.3566758479943658
20.725,-0.8508433259274175,-5.567380873393616,-0.841007414641423,4.470809030801575,-0.3566758479942712
20.733333333333334,-0.8957450483899109,-5.1930727042306,-0.8044967429839588,4.26332299571383,-0.35667584799453655
20.741666666666667,-0.9371786100654734,-4.741148321441776,-0.770333678555482,3.918633262850041,-0.3566758479947997
20.75,-0.9746491394590144,-4.247507604686792,-0.7393832461883384,3.5024573207839693,-0.35667584799455715
20.758333333333333,-1.00793376316343,-3.7402889402841746,-0.7120129874562087,3.066284450363742,-0.3566758479945634
20.766666666666666,-1.0369980120825006,-3.2366312771466292,-0.6882449352726574,2.641649236565215,-0.3566758479944998
20.775,-1.061910908220123,-2.7447741813371778,-0.6679100984789788,2.243815289425719,-0.3566758479945783
20.78333333333333,-1.082784545322627,-2.267325960119093,-0.65075978441719,1.877554100885365,-0.35667584799456115
20.791666666666668,-1.099738562153656,-1.803831149204995,-0.6365327235187164,1.5417274154257206,-0.3566758479945528
20.8,-1.1128818506050002,-1.3523606457755184,-0.624991235897447,1.2321692990533297,-0.356675847994562
20.808333333333334,-1.1223042640186673,-0.9103733841900866,-0.6159390720574406,0.9432915364405545,-0.3566758479945605
20.816666666666666,-1.1280734849962128,-0.47513393156541867,-0.6092294387730368,0.6689051754688456,-0.3566758479945602
20.825,-1.1302342439300224,-0.04388464455273239,-0.6047681853891139,0.4026054079847974,-0.3566758479945606
20.833333333333332,-1.1288083822128723,0.3861091608701208,-0.6025148393141707,0.1379288354791241,-0.3566758479945605
20.841666666666665,-1.1237950082069785,0.8175737437257403,-0.6024828406610799,-0.13159645337559298,-0.35667584799456037
20.85,-1.1151704300770813,1.2532603155992608,-0.6047395389667198,-0.41243347409004827,-0.3566758479945602
20.858333333333334,-1.1028878449026778,1.6959645563019587,-0.6094059725614263,-0.7109912754460139,-0.3566758479945604
20.866666666666667,-1.086877056879212,2.1484918381010747,-0.6166559120519,-1.0334784190657214,-0.3566758479945674
20.875,-1.0670449293676034,2.613501284441923,-0.6267128692635443,-1.385535274896912,-0.3566758479945518
20.883333333333333,-1.0432780313137344,3.0931089584640215,-0.6398424314224512,-1.771433973567783,-0.35667584799455926
20.891666666666666,-1.0154502736257165,3.588043771904144,-0.6563349394882426,-2.1924857761067926,-0.35667584799462715
20.9,-0.9834404932171309,4.096045398124121,-0.6764697754542088,-2.6441189283538113,-0.356675847994516
20.90833333333333,-0.9471677078299454,4.609188218991916,-0.7004477817643965,-3.1110915897193983,-0.35667584799455887
20.916666666666668,-0.9066529780448661,5.110287545214346,-0.7282764191987005,-3.56114555756671,-0.3566758479943213
20.925,-0.86210972641274,5.5701792596232975,-0.759604992508729,-3.9402784144710874,-0.3566758479949058
20.933333333333334,-0.8140382551783056,5.950367448634239,-0.7935533155172884,-4.17753841702176,-0.35667584799458885
20.941666666666666,-0.7632587903006219,6.215419528274734,-0.8286499487544647,-4.207039498978548,-0.35667584799473273
20.95,-0.7108118476951225,6.35047983876037,-0.8630061727945879,-3.9991480164837077,-0.3566758479941844
20.958333333333332,-0.6577437822061826,6.368686381324417,-0.8946963251390391,-3.574212027897807,-0.3566758479945878
20.966666666666665,-0.6049054272659041,6.30110019676779,-0.9221216279433682,-2.98566384195361,-0.3566758479948114
20.975,-0.5528724698991111,6.180267604924336,-0.9441656859025351,-2.2916141280685074,-0.35667584799467555
20.983333333333334,-0.5019809698065582,6.030279871100017,-0.960149573269614,-1.537376172357251,-0.3566758479946236
20.991666666666667,-0.45240945024638507,5.865032914728904,-0.9697035859399822,-0.7521018475698819,-0.35667584799450947
21.0,-0.40425592270944355,5.690435227477298,-0.9726449623726247,0.04770757721825046,-0.3566758479946639
21.008333333333333,-0.3575926012621432,5.507192448813475,-0.9688918684701363,0.8536390920530721,-0.35667584799462404
21.016666666666666,-0.31249982746165783,5.312934338781602,-0.9584113297837088,1.661924594894061,-0.3566758479945793
21.025,-0.2690855565450142,5.103577430999524,-0.9411901164688015,2.4713389147616924,-0.35667584799463536
21.03333333333333,-0.22749596430417146,4.874132669406779,-0.9172186888302964,3.2821022732248113,-0.3566758479946244
21.041666666666668,-0.1879208854452779,4.619167826306053,-0.8864813616293897,4.0954346998083855,-0.3566758479945826
21.05,-0.1505963177860826,4.33306776216616,-0.848948366579687,4.913512888045583,-0.3566758479946335
21.058333333333334,-0.11580528027018634,4.0101809292218915,-0.804567185613303,5.739665918336635,-0.35667584799462404
21.066666666666666,-0.08387770052727504,3.64491636050589,-0.7532516927735405,6.578684983990913,-0.3566758479945732
21.075,-0.05518943929214366,3.2318713536612775,-0.6948687268373035,7.437099406088401,-0.3566758479946362
21.083333333333332,-0.03015961061997723,2.7661521315086146,-0.6292233762807615,8.323144608935154,-0.356675847994621
21.091666666666665,-0.009243237164039672,2.2442651997188285,-0.5560477646054266,9.245802754186528,-0.3566758479946839
21.1,0.007088652658291796,1.6664479866186694,-0.4750062257263334,10.211482705137943,-0.3566758479944705
21.108333333333334,0.018400247446758725,1.0422663688353182,-0.38574790254583435,11.215255921819443,-0.35667584799459384
21.116666666666667,0.02441259139207837,0.4024494325108966,-0.2880727486380011,12.221439364616183,-0.35667584799520236
21.125,0.025255943622100836,-0.18209308926215056,-0.18231642510189208,13.131151492633672,-0.3566758479940197
21.133333333333333,0.02186845872877113,-0.5892942621428258,-0.06999445523566866,13.760844283335189,-0.35667584799244856
21.141666666666666,0.01630014947092202,-0.6882472767283967,0.045672670157536115,13.90687415017745,-0.35667584799493524
21.15,0.011370578215117446,-0.44203402509295736,0.16025953245007973,13.51111970834598,-0.35667584799651025
21.15833333333333,0.009633344322969969,0.05503368046425586,0.26975906600806343,12.721616824867953,-0.3566758479948257
21.166666666666668,0.012598614982125247,0.6656407278510835,0.37178686491165286,11.74944162645908,-0.3566758479948569
21.175,0.0207641070308319,1.2912110287547802,0.4654842666048011,10.738898143254277,-0.3566758479943065
21.183333333333334,0.03402064308432123,1.882437454852236,0.5508458812147642,9.754709383703263,-0.35667584799489804
21.191666666666666,0.051989438147769865,2.4206117541415804,0.6281878370852871,8.814942762380092,-0.35667584799482466
21.2,0.07420482429601781,2.9016056265554253,0.6978804132297335,7.917772786897525,-0.35667584799486063
21.208333333333332,0.10019594446695997,3.3273776194378044,0.7602466151204498,7.055119694831067,-0.3566758479948089
21.216666666666665,0.129519576523707,3.7022190098042915,0.8155373828808675,6.218307960156354,-0.3566758479948198
21.225,0.16177232351329254,4.0312506179000405,0.8639363495577498,5.4000136521401245,-0.3566758479948649
21.233333333333334,0.19659481084770022,4.31986490921351,0.9055734551522435,4.5946775114346385,-0.35667584799481317
21.241666666666667,0.2336729815280667,4.573525989465031,0.9405392037554943,3.7983465724800585,-0.35667584799482016
21.25,0.2727382843368632,4.797678160778009,0.9688967494790952,3.0083546662153124,-0.3566758479948562
21.258333333333333,0.31356715685151265,4.997656479398495,0.990691328866135,2.223026391227118,-0.3566758479948118
21.266666666666666,0.3559795733248113,5.178544036672647,1.0059577008484155,1.441510345057104,-0.3566758479948208
21.275,0.399836013441076,5.344926237903067,1.0147270666235062,0.663839091530008,-0.35667584799487084
21.28333333333333,0.4450317153412724,5.500469536673418,1.0170358736423062,-0.10865176082758043,-0.35667584799478996
21.291666666666668,0.4914863012504249,5.647208391976283,1.012940273624839,-0.8723456583525487,-0.3566758479948202
21.3,0.5391256865798314,5.784376448545282,1.0025419880892228,-1.6195363364716506,-0.3566758479949279
21.308333333333334,0.5878517856458892,5.906631157944594,0.9860336107193015,-2.335549637152698,-0.35667584799478425
21.316666666666666,0.6374950862441698,6.001783961393476,0.9637719187134982,-2.9950191717382673,-0.3566758479948351
21.325,0.6877491637790429,6.0490167638329435,0.9363806170405709,-3.5590349803133323,-0.35667584799433816
21.333333333333332,0.7381007474624989,6.020169647466467,0.9048587276408282,-3.977620743245853,-0.3566758479951353
21.341666666666665,0.787795472297937,5.8874465678398975,0.8706254049500395,-4.203231734394396,-0.35667584799484414
21.35,0.8358949249718662,5.636794839317937,0.8354063618017143,-4.213811771107355,-0.3566758479952502
21.358333333333334,0.8814386290407648,5.277609544672624,0.8009410568538242,-4.029112181117328,-0.356675847994578
21.366666666666667,0.9236335566059655,4.838844535451685,0.7686475014068487,-3.703214403916373,-0.35667584799484886
21.375,0.9619615161570515,4.355002708377603,0.7394355466162902,-3.299557855638257,-0.35667584799488034
21.383333333333333,0.996170950566233,3.8542411041566798,0.7137253056579678,-2.869881518935141,-0.35667584799488916
21.391666666666666,1.0262022838841487,3.3544113724631046,0.6915832759872008,-2.447188063682705,-0.35667584799486424
21.4,1.0521060551100827,2.864560964356088,0.6728715683847978,-2.0483567048832394,-0.3566758479948262
21.40833333333333,1.0739820285286283,2.387948003371076,0.6573602533161441,-1.6794705633351152,-0.3566758479948692
21.416666666666668,1.0919420940433495,1.9245694542311278,0.6447974718230084,-1.3403297588127787,-0.3566758479948618
21.425,1.1060904651432943,1.4727890186446688,0.6349484649262407,-1.0274027680288027,-0.35667584799485863
21.433333333333334,1.1165142639366086,1.030247762556775,0.627615567103683,-0.7355219117282356,-0.35667584799486174
21.441666666666666,1.1232796408278176,0.5943215393262422,0.6226476914139679,-0.4587788958559786,-0.3566758479948616
21.45,1.1264305293413381,0.16232192783487442,0.6199444445217133,-0.1909635519972351,-0.35667584799486163
21.458333333333332,1.1259884506125923,-0.2684374904382486,0.6194577076096436,0.07423958657478054,-0.35667584799486163
21.466666666666665,1.121952569175163,-0.7006380278615593,0.6211921243852845,0.34316921926564825,-0.35667584799486163
21.475,1.114299672546853,-1.136970942581138,0.6252050900889558,0.6221379815471589,-0.3566758479948621
21.483333333333334,1.1029840779141429,-1.580133479127941,0.6316062312984593,0.9173478188661112,-0.35667584799486013
21.491666666666667,1.0879378033599538,-2.032760045527152,0.6405557563903267,1.2346868401873963,-0.3566758479948612
21.5,1.0690718235486136,-2.4972149947910975,0.6522601891216047,1.5792764621577993,-0.3566758479948799
21.508333333333333,1.046280041525636,-2.9751211617608906,0.666962560604449,1.9545473056296054,-0.3566758479948442
21.516666666666666,1.019448967323118,-3.466420553335292,0.6849217559956754,2.360489052726335,-0.3566758479948585
21.525,0.9884781151104728,-3.9676941354736637,0.7063722091329003,2.790603581846592,-0.35667584799492374
21.53333333333333,0.953318248779058,-4.4695548667965,0.7314515276912652,3.22725262108955,-0.35667584799487784
21.541666666666668,0.9140340999380188,-4.95355812845216,0.7600847004090391,3.6362046031707096,-0.3566758479948732
21.55,0.8708883256900225,-5.390737713416245,0.7918310456500706,3.9641031076931657,-0.35667584799430824
21.558333333333334,0.8244169098142887,-5.7458710310451355,0.8257468153207684,4.146069148654066,-0.3566758479950736
21.566666666666666,0.7754344824101993,-5.989892048395214,0.8603721755863049,4.1277113258256515,-0.35667584799487384
21.575,0.7249205037334001,-6.114127602371887,0.8939299232630069,3.8905410461691434,-0.356675847995547
21.583333333333332,0.673824262225968,-6.133735809534207,0.9246713556002685,3.4586861295823073,-0.3566758479946796
21.591666666666665,0.6229026183703384,-6.077330766524949,0.9511706730822733,2.8813835387032225,-0.35667584799490126
21.6,0.5726667750825407,-5.973351100387357,0.9724327356499316,2.2094384051229423,-0.3566758479948522
21.608333333333334,0.523420548312851,-5.842506335496698,0.9878416822965285,1.4819467309863812,-0.3566758479949773
21.616666666666667,0.4753325464906963,-5.696716473948292,0.9970487576645165,0.7241833645443572,-0.3566758479949169
21.625,0.4285023372163222,-5.541034979437121,0.9998683033812533,-0.04932352980585672,-0.35667584799484653
21.633333333333333,0.3830077705881803,-5.375973720715903,0.9962044025146454,-0.8309878250399785,-0.3566758479949351
21.641666666666666,0.338934915213759,-5.199290967464222,0.9860058476804738,-1.6172816454326628,-0.35667584799491614
21.65,0.2963957599294491,-5.007158064638767,0.969240453904158,-2.406949055848855,-0.35667584799487906
21.65833333333333,0.2555382338988807,-4.794867295347226,0.9458805534473974,-3.2000578121644287,-0.35667584799492397
21.666666666666668,0.21655164140234584,-4.557248476019487,0.9158938967727226,-3.99760937076015,-0.3566758479949164
21.675,0.17966941427760982,-4.288911471720338,0.8792362103801862,-4.801503811548409,-0.3566758479948733
21.683333333333334,0.14517030088483615,-3.984388851669984,0.8358430592204188,-5.614722751148711,-0.35667584799492463
21.691666666666666,0.1133785905885247,-3.638233884686973,0.7856196499615711,-6.44162278907959,-0.35667584799491614
21.7,0.08466348050356337,-3.245143667802792,0.728428154361221,-7.288210126319444,-0.35667584799486607
21.708333333333332,0.05943686516805388,-2.8002487377556253,0.6640735868819103,-8.162156069754074,-0.3566758479949214
21.716666666666665,0.038146984979861825,-2.2998977371584584,0.5922923330821943,-9.072013704979193,-0.3566758479949093
21.725,0.02126107763829153,-1.7436935282064843,0.5127544753827694,-10.024388731936796,-0.3566758479951638
21.733333333333334,0.009220667780569482,-1.139389490953807,0.42510690532855294,-11.016357775659182,-0.3566758479946174
21.741666666666667,0.0023348722068345183,-0.5133876392298174,0.3291154602011454,-12.018357406505123,-0.3566758479948845
21.75,0.0005552153297573081,0.07153781584975943,0.22500425950906808,-12.944156470205078,-0.3566758479947616
21.758333333333333,0.003102190044867979,0.502436755257939,0.1140542353614953,-13.625198250514124,-0.3566758479936541
21.766666666666666,0.008125154638680875,0.6465626538189871,-0.0008196190684898429,-13.85573954245112,-0.35667584799496255
21.775,0.012909468574882458,0.44704555865966467,-0.11535241953684346,-13.546320682010936,-0.356675847996961
21.78333333333333,0.014823507591784016,-0.021335311457393223,-0.22540968730388755,-12.814410376622735,-0.3566758479951211
21.791666666666668,0.012184942597358823,-0.6238735334956579,-0.32833632218787245,-11.867907239186042,-0.35667584799451063
21.8,0.004351111473987661,-1.2550144484009658,-0.4230535471798122,-10.862857105224863,-0.35667584799545743
21.808333333333334,-0.00865293599549941,-1.8587995141258582,-0.5094350155750376,-9.874514812724428,-0.3566758479950536
21.816666666666666,-0.026488700556348704,-2.4126389159733987,-0.5877432042495321,-8.92664496280769,-0.3566758479950652
21.825,-0.0487075305530769,-2.9105166440174077,-0.6583270671499435,-8.019814431065337,-0.35667584799506663
21.833333333333332,-0.07484472017985981,-3.353546458980339,-0.7215005169858034,-7.146702328007799,-0.35667584799509305
21.841666666666665,-0.10445846944968637,-3.745666984819299,-0.7775084067857423,-6.298701605122578,-0.35667584799512475
21.85,-0.13714494252268633,-4.091877107982865,-0.8265276211415011,-5.468307988785858,-0.35667584799506485
21.858333333333334,-0.17254384417953303,-4.397563665232871,-0.8686795233031022,-4.649723240950529,-0.356675847995091
21.866666666666667,-0.2103404511259,-4.668252079122865,-0.904044095596691,-3.83877435901262,-0.3566758479951172
21.875,-0.25026624619939025,-4.909490053351129,-0.9326723353326145,-3.032626572793962,-0.3566758479950668
21.883333333333333,-0.2920986663153429,-5.126736907050638,-0.9545962077902446,-2.2295098860930183,-0.35667584799509117
21.891666666666666,-0.3356597040370371,-5.325189120623795,-0.9698368404716411,-1.4285898980145944,-0.3566758479951203
21.9,-0.3808125701156266,-5.509476965865564,-0.9784126662554574,-0.6301081282474483,-0.35667584799504837
21.90833333333333,-0.4274549768945949,-5.683137034901006,-0.9803504315893129,0.16403574173622107,-0.3566758479951015
21.916666666666668,-0.47550659456477107,-5.847711096593852,-0.9757037574124616,0.949002628705595,-0.3566758479951697
21.925,-0.5248867520487488,-6.001271374889886,-0.9645864371188018,1.714702060101238,-0.3566758479949985
21.933333333333334,-0.5754768913025118,-6.136232016951025,-0.9472301863886233,2.4422342367235634,-0.3566758479950928
21.941666666666666,-0.627062587091194,-6.236762350297184,-0.9240757645220588,3.0996679635064917,-0.3566758479948676
21.95,-0.6792572927241328,-6.277420211602466,-0.895893402191791,3.639978178530216,-0.35667584799552937
21.958333333333332,-0.7314316366268707,-6.226562926799378,-0.8638909901086517,4.0072641049228155,-0.3566758479949853
21.966666666666665,-0.78270352839657,-6.0576879219539395,-0.8297148184032995,4.156557142732219,-0.3566758479951359
21.975,-0.8320452107672395,-5.764518555785227,-0.7952477419293593,4.079757216663486,-0.3566758479946906
21.983333333333334,-0.8784869650699046,-5.36682872578205,-0.7622434108761461,3.8150906083784615,-0.35667584799521523
21.991666666666667,-0.9213011653453422,-4.9002651234328125,-0.7320009817732616,3.4286211908373487,-0.35667584799524366
22.0,-0.9600659684028218,-4.400185871819577,-0.7052552145004178,2.9855121989242313,-0.3566758479951543
22.008333333333333,-0.9946163714166728,-3.8920853006695757,-0.6822666187180236,2.5330090637797222,-0.35667584799511665
22.016666666666666,-1.0249528590457415,-3.3904840395910885,-0.6629873591186687,2.0983816945581077,-0.35667584799508784
22.025,-1.051160785718446,-2.901810149354733,-0.6472088466635939,1.693962757399143,-0.3566758479951496
22.03333333333333,-1.0733568604416661,-2.4276349857052684,-0.6346615962983263,1.3228803285490558,-0.35667584799512786
22.041666666666668,-1.0916590456056126,-1.9669867473088436,-0.6250733561675366,0.9832120918066325,-0.356675847995126
22.05,-1.1061716156630992,-1.5177159368667155,-0.6181997768535007,0.6704893805800313,-0.3566758479951313
22.058333333333334,-1.116978669347239,-1.0772105399647252,-0.6138393467124044,0.3790585008780567,-0.35667584799513014
22.066666666666666,-1.1241418595597246,-0.6427301065897381,-0.6118400703341704,0.10276552534230807,-0.3566758479951304
22.075,-1.127699960132495,-0.2115347857479252,-0.612102139473773,-0.16472752309982397,-0.35667584799513014
22.083333333333332,-1.1276690287087983,0.2190879796848331,-0.6145788420166712,-0.4298134072624903,-0.3566758479951302
22.091666666666665,-1.1240425806692378,0.6518399232609591,-0.6192767868111393,-0.6988909987891273,-0.3566758479951306
22.1,-1.1167915839434899,1.0894327079193997,-0.6262558066279024,-0.9783261046929446,-0.35667584799512947
22.108333333333334,-1.1058643860034967,1.5345768092365075,-0.6356283484152533,-1.2743554674172761,-0.3566758479951312
22.116666666666667,-1.091187030799736,1.9898886064232255,-0.6475575286933991,-1.5928436738319398,-0.35667584799513824
22.125,-1.0726649646160433,2.4576318585339743,-0.6622520624753706,-1.9387439138845766,-0.35667584799511554
22.133333333333333,-1.0501880582142666,2.9391499376818193,-0.6799546345119478,-2.3150102287311562,-0.3566758479951379
22.141666666666666,-1.0236424033672815,3.43376327725464,-0.7009176054486921,-2.720568530217916,-0.35667584799517915
22.15,-0.9929344961842442,3.936855869576139,-0.7253562130590565,-3.1468706253017342,-0.35667584799509633
22.15833333333333,-0.9580352510566306,4.437055828005754,-0.7533663185082924,-3.5728804897272948,-0.3566758479951135
22.166666666666668,-0.9190491415494199,4.913283482604068,-0.7847976659073269,-3.959868608225852,-0.35667584799485963
22.175,-0.8762999207617417,5.33437007475134,-0.8190980404203052,-4.250766911556622,-0.35667584799553553
22.183333333333334,-0.8303938179647282,5.665498290277744,-0.8551973639687049,-4.381548161733046,-0.3566758479951014
22.191666666666666,-0.7821952349706138,5.8821444178582,-0.8915463709260605,-4.3058808245990425,-0.3566758479954566
22.2,-0.732683269668668,5.982509823115597,-0.9263669389128414,-4.017385280306563,-0.356675847994721
22.208333333333332,-0.6827544892566529,5.986795503392031,-0.9580016459931068,-3.5490732017870896,-0.3566758479952369
22.216666666666665,-0.6330873902256842,5.924692095596464,-0.9851611934679991,-2.9520825523771457,-0.35667584799523716
22.225,-0.584118961999014,5.822920690730738,-1.0069794930715477,-2.274145169993178,-0.356675847995247
22.233333333333334,-0.5360974051698293,5.699734122464318,-1.022936202933229,-1.549889668824699,-0.35667584799515806
22.241666666666667,-0.48915483068789145,5.565025379806298,-1.0327428739129052,-0.8007958047102556,-0.3566758479951173
22.25,-0.4433682814522988,5.422519349536299,-1.0362474346335082,-0.03877716568889926,-0.35667584799522034
22.258333333333333,-0.3988016318529649,5.27197187086271,-1.0333701420004737,0.7301961696164639,-0.3566758479951724
22.266666666666666,-0.3555315848823586,5.110759813565217,-1.0240655570220638,1.5035266574114259,-0.35667584799515273
22.275,-0.31366295184661624,4.9348890237220635,-1.0083014716153618,2.2804514581992823,-0.3566758479951964
22.28333333333333,-0.2733373455052543,4.739596947342052,-0.9860473323678686,3.0612519679484564,-0.35667584799517504
22.291666666666668,-0.23473798509167437,4.519704421441222,-0.9572670600000811,3.846953325247445,-0.3566758479951505
22.3,-0.19809224561745437,4.269818175115753,-0.9219129666351797,4.639338372372243,-0.3566758479951971
22.308333333333334,-0.16367292162531044,3.984444602183566,-0.8799186517847929,5.441163639427436,-0.3566758479951736
22.316666666666666,-0.13179876948730646,3.658055536729456,-0.8311895452036921,6.256494965661871,-0.35667584799514124
22.325,-0.10283454654120135,3.285153587493044,-0.7755904608312023,7.091070125522378,-0.3566758479952019
22.333333333333332,-0.07719020000709947,2.860434997601031,-0.7129305546839424,7.9525189212316345,-0.3566758479951726
22.341666666666665,-0.05531754784000023,2.379287977411558,-0.6429482646411633,8.850051143070473,-0.35667584799518415
22.35,-0.03769960271035766,1.8392008956809587,-0.5653040098396551,9.792675358684212,-0.356675847995066
22.358333333333334,-0.02482020628889908,1.243389361936374,-0.47960074763371546,10.783774917916887,-0.3566758479952774
22.366666666666667,-0.01708570079440178,0.6092342261731511,-0.38547934578555176,11.807614861323739,-0.3566758479958712
22.375,-0.01464435946335022,-0.015229533603507114,-0.28288128159210707,12.801894808364104,-0.35667584799513097
22.383333333333333,-0.01704175550488795,-0.5306576599014645,-0.17259064106374927,13.621621527128083,-0.35667584799728985
22.391666666666666,-0.022784757075116013,-0.7938275971861635,-0.056954942079948695,14.046707590977393,-0.3566758479959095
22.4,-0.029269655055393674,-0.7014154304687693,0.059950651553116144,13.914854271624023,-0.3566758479969289
22.40833333333333,-0.033572153924636805,-0.2877312992378513,0.17354620276641536,13.280138400741839,-0.3566758479958253
22.416666666666668,-0.03355383067740132,0.31072624147052885,0.28048393773019276,12.355235352180115,-0.3566758479954431
22.425,-0.02824163408016127,0.9658612509676974,0.3792060077282614,11.333069715412542,-0.3566758479946565
22.433333333333334,-0.017507355044642462,1.6039764257418538,0.46938998371723467,10.316441645460294,-0.35667584799559654
22.441666666666666,-0.0016449071099094328,2.1937465521459814,0.5512650231129466,9.341415046047489,-0.3566758479954336
22.45,0.01889395549873841,2.7257984051466773,0.6252081972444896,8.412117472220446,-0.3566758479954522
22.458333333333332,0.04362470574171032,3.2002305937391378,0.6915737736672172,7.5212058173311,-0.3566758479954134
22.466666666666665,0.07208147192977803,3.62082407824529,0.7506410556924856,6.65892833772455,-0.35667584799542706
22.475,0.10383637256629245,3.9926863403527753,0.8026108025676969,5.8164766531856875,-0.3566758479954746
22.483333333333334,0.13850632010999597,4.32138069699846,0.847617943860754,4.986907455187341,-0.35667584799541735
22.491666666666667,0.1757553738093219,4.612633260709335,0.8857474198299863,4.16512672967536,-0.35667584799542684
22.5,0.21529561012300236,4.872230398143029,0.9170483438378628,3.3475682956091726,-0.356675847995467
22.508333333333333,0.25688732774391787,5.105944400923681,0.941545224139851,2.5318397541114015,-0.3566758479954157
22.516666666666666,0.30033847054088214,5.319410149691611,0.9592466132647879,1.716478720256343,-0.3566758479954275
22.525,0.3455026133612972,5.5178925601636495,0.9701525924018016,0.9009384686072724,-0.35667584799548424
22.53333333333333,0.3922742771905097,5.705860201363425,0.9742636174623123,0.0859616899426553,-0.3566758479953871
22.541666666666668,0.4405794142623032,5.886222222483081,0.9715949258599549,-0.7254066926148283,-0.3566758479954274
22.55,0.49035738306618115,6.059005394079423,0.9622033147681415,-1.5257904767023973,-0.3566758479955778
22.558333333333334,0.5415286387499958,6.219210734380687,0.9462365867051579,-2.300010739322232,-0.35667584799535634
22.566666666666666,0.5939408518938277,6.353827991234032,0.9240183051612936,-3.0201739010450157,-0.3566758479954417
22.575,0.6472895672930475,6.439039588084156,0.8961742681446392,-3.6411458430155013,-0.35667584799478946
22.583333333333332,0.7010270168187773,6.4409648589849064,0.8637765976706098,-4.102212550279107,-0.3566758479959198
22.591666666666665,0.7543098814435216,6.32499685706715,0.8284173971487032,-4.343561180721121,-0.3566758479954533
22.6,0.8060642502716122,6.073545687724417,0.7920779340094674,-4.337013247710046,-0.35667584799608576
22.608333333333334,0.8551914391441544,5.699041721288227,0.7567559045034143,-4.1080384801459235,-0.35667584799505536
22.616666666666667,0.9008072738952715,5.237912187284456,0.724040842915152,-3.7244143981942974,-0.35667584799547125
22.625,0.9423653345548311,4.731542606613152,0.6948984156734094,-3.2623327188693216,-0.35667584799545954
22.633333333333333,0.9796303832287989,4.211777985328283,0.6697206923973716,-2.7806791625339367,-0.356675847995534
22.641666666666666,1.0125776288380641,3.6974303497252,0.6485083738088555,-2.314740552445346,-0.3566758479954837
22.65,1.041293836334091,3.197142494884421,0.6310507209803845,-1.881169752125078,-0.3566758479954378
22.65833333333333,1.0659094877769089,2.7133664199663907,0.6170510934818212,-1.4849992288863345,-0.35667584799549157
22.666666666666668,1.0865604562365585,2.2453294956348735,0.6062001631318826,-1.1249358491915118,-0.3566758479954814
22.675,1.1033691987459617,1.7907951611301,0.5982140120881085,-0.7965632941115822,-0.3566758479954785
22.683333333333334,1.116436824311579,1.346979226540224,0.5928521910789054,-0.49406433027078434,-0.35667584799548163
22.691666666666666,1.1258405438680044,0.910973952132824,0.5899254097656372,-0.21107146668341586,-0.35667584799548113
22.7,1.1316334432798592,0.4799103588530111,0.5892983058360074,0.05895198804159438,-0.3566758479954815
22.708333333333332,1.1338449987427106,0.05098984780083573,0.5908901492448284,0.32256944961208955,-0.3566758479954811
22.716666666666665,1.132481571238619,-0.37854389767854685,0.5946748887407582,0.5863402263265881,-0.3566758479954811
22.725,1.1275265636032192,-0.8114525101550323,0.6006811412595435,0.8568268825306669,-0.3566758479954818
22.733333333333334,1.1189402010401368,-1.2505409808819437,0.6089922135773299,1.1405868151922012,-0.35667584799548
22.741666666666667,1.1066591446998442,-1.698653016732328,0.6197457842275377,1.4440869702009305,-0.35667584799548097
22.75,1.0905964967661144,-2.158569969225075,0.6331322380854705,1.7734447483301619,-0.35667584799549507
22.758333333333333,1.0706433662076675,-2.6327158779120894,0.6493895552217234,2.133822266905231,-0.35667584799546537
22.766666666666666,1.0466742681207055,-3.122495261479339,0.668790710813248,2.528169935667355,-0.3566758479954792
22.775,1.01856050070554,-3.6269855005171854,0.6916162763631519,2.9548355540744735,-0.3566758479955633
22.78333333333333,0.9861983116123582,-4.140642265011325,0.7181002942333224,3.4034508295578387,-0.3566758479954516
22.791666666666668,0.949560851203283,-4.6499285247397495,0.7483337888755774,3.848957206021514,-0.3566758479954841
22.8,0.9087796214004742,-5.129966312556973,0.7821162151010497,4.245718258974493,-0.3566758479949707
22.808333333333334,0.8642421077801067,-5.544848231455557,0.8187786121487122,4.528101646422982,-0.3566758479958739
22.816666666666666,0.8166529640718433,-5.856764362225029,0.8570711807231437,4.626574357412716,-0.3566758479955018
22.825,0.7669808422879463,-6.043147167997833,0.8952526212853191,4.497998580105611,-0.3566758479961538
22.833333333333332,0.7162713658583862,-6.108816795931102,0.931417327589797,4.147471985615346,-0.35667584799512697
22.841666666666665,0.66542760257623,-6.080937948931719,0.9638853912092377,3.620295587074241,-0.35667584799551816
22.85,0.6150886908653023,-5.9929448265405165,0.9914270226323487,2.9744641056406644,-0.3566758479955314
22.858333333333334,0.565635763467547,-5.8719854390437085,1.0132676142338333,2.2588779294288277,-0.3566758479956187
22.866666666666667,0.5172658454946776,-5.735043053965538,1.0289737935807397,1.5063947127990243,-0.35667584799553803
22.875,0.4700726411693269,-5.590370629475842,1.038325444670081,0.7360594505248496,-0.35667584799545177
22.883333333333333,0.42410775468612416,-5.440269732650901,1.0412196488628382,-0.04229762896038869,-0.3566758479955675
22.891666666666666,0.37942004036444327,-5.283419996757171,1.0376108600075795,-0.8242107487225381,-0.35667584799553775
22.9,0.3360788329653701,-5.116425370751752,1.027477482620653,-1.6080857159981687,-0.35667584799550345
22.90833333333333,0.29418703101910954,-4.934742285157571,1.010804370184031,-2.393808400249097,-0.35667584799554763
22.916666666666668,0.25388822970138814,-4.733212698504691,0.9875736284606111,-3.182088019345564,-0.3566758479955382
22.925,0.21537046988405925,-4.506364246184035,0.9577588160994084,-3.974262447820082,-0.35667584799550117
22.933333333333334,0.1788681007800178,-4.248574675157725,0.9213194627373187,-4.772395077873495,-0.35667584799554686
22.941666666666666,0.1446626411060037,-3.954154386130621,0.8781939387931014,-5.5795599226896115,-0.3566758479955384
22.95,0.11308317263333921,-3.617381571190618,0.8282894229903729,-6.400241263885609,-0.3566758479954902
22.958333333333332,0.08450650084477657,-3.232532696895037,0.7714683425972274,-7.240762508197748,-0.3566758479955499
22.966666666666665,0.05935678087727658,-2.794004712726857,0.7075316408879013,-8.109578494702086,-0.35667584799553687
22.975,0.038102976386394496,-2.296775127004301,0.6362014237053619,-9.017031987105346,-0.3566758479955514
22.983333333333334,0.021249153601592803,-1.737813852207004,0.5571109791451948,-9.97357912222662,-0.3566758479954255
22.991666666666667,0.009304477105726103,-1.119888509436816,0.46982349425686915,-10.98409916114154,-0.3566758479955149
23.0,0.0027018931518867097,-0.46071650809254394,0.37393082461693755,-12.033261374433097,-0.3566758479965895
23.008333333333333,0.0016041399076327132,0.18864584428099604,0.2693366112194476,-13.054933072354402,-0.35667584799565794
23.016666666666666,0.005524768690582143,0.7203418344563516,0.15685401900947002,-13.891210301381058,-0.3566758479959932
23.025,0.012847191089152733,0.9789651795199694,0.03900277088455761,-14.302537252297277,-0.3566758479955251
23.03333333333333,0.020771703966502787,0.858755535966597,-0.07985194012325382,-14.122393460657236,-0.35667584799831925
23.041666666666668,0.026232928401515164,0.4086040490250585,-0.19492587021944646,-13.427982035517239,-0.356675847996981
23.05,0.027089710806910167,-0.21982379117762274,-0.30288537469169596,-12.455644718513707,-0.3566758479961432
23.058333333333334,0.02244787388248291,-0.8941773729542517,-0.40231015124214686,-11.404086602423185,-0.35667584799590574
23.066666666666666,0.012262065604499472,-1.542846358919366,-0.493013505819713,-10.371911790988491,-0.3566758479955119
23.075,-0.0031142261707686122,-2.137451430306934,-0.575317538542668,-9.389994089629138,-0.35667584799587954
23.083333333333332,-0.02319103589763186,-2.670724985322643,-0.6496553399709679,-8.458884774576244,-0.3566758479958497
23.091666666666665,-0.04745946584912877,-3.1440271536068667,-0.7164139623862618,-7.569150329964401,-0.35667584799589763
23.1,-0.07543730342231164,-3.5618514499657743,-0.7758923213479252,-6.709884197144862,-0.35667584799584096
23.108333333333334,-0.10668481578203495,-3.9297005725015968,-0.8283035867101679,-5.871652266489521,-0.35667584799584706
23.116666666666667,-0.14080955060298553,-4.253357037638764,-0.8737912087014511,-5.047173650727482,-0.3566758479958918
23.125,-0.17746759589174138,-4.538672719281785,-0.9124465323835348,-4.231166597860336,-0.356675847995843
23.133333333333333,-0.21636390214557802,-4.7915183437607745,-0.9443238246439558,-3.419940195675972,-0.3566758479958479
23.141666666666666,-0.2572523153104094,-5.017750151801685,-0.9694517292663638,-2.6109709354361454,-0.35667584799588564
23.15,-0.29993517678884934,-5.22313185132574,-0.9878415528384198,-1.8025809148120377,-0.35667584799583896
23.15833333333333,-0.34426193685864254,-5.413167957758723,-0.9994936066780088,-0.9938094511701545,-0.35667584799584784
23.166666666666668,-0.39012580545384795,-5.592785731406987,-1.0044036881524676,-0.18460036773603766,-0.35667584799591856
23.175,-0.43745675321756644,-5.765752557590085,-1.0025730992742854,0.6234934196899762,-0.35667584799580176
23.183333333333334,-0.4862079154162592,-5.933635179102073,-0.9940277838830499,1.4257587559507519,-0.35667584799584384
23.191666666666666,-0.5363304706344897,-6.0940247985184035,-0.9788554867768836,2.211466853513956,-0.35667584799600294
23.2,-0.5877298006630416,-6.237806164257317,-0.9572735304794895,2.9593642704710827,-0.3566758479958272
23.208333333333332,-0.6401957952432408,-6.345852924434171,-0.9297393759300286,3.632214120010919,-0.3566758479958837
23.216666666666665,-0.6933099897369783,-6.387378098252394,-0.8970988331509594,4.174266668517753,-0.3566758479949131
23.225,-0.7463624797574103,-6.324910661922401,-0.8607145322432456,4.5202025606961405,-0.3566758479961819
23.233333333333334,-0.7983538347979349,-6.129738174777343,-0.8224451557987867,4.6219970015822085,-0.356675847995855
23.241666666666667,-0.8481486859730738,-5.800282093303232,-0.784362735961922,4.480414626918811,-0.3566758479967623
23.25,-0.8947310168471962,-5.365394910081375,-0.7482986106405992,4.149926047054048,-0.3566758479956451
23.258333333333333,-0.9373989977993943,-4.868027681690349,-0.7155015916069032,3.7094842706567883,-0.3566758479958961
23.266666666666666,-0.9757979411420421,-4.346104362158128,-0.6865835308695819,3.2286957915934487,-0.35667584799580504
23.275,-1.0098354015677875,-3.8242452817053736,-0.6616733406489791,2.753149437855917,-0.3566758479959455
23.28333333333333,-1.0395708673087514,-3.314905767050443,-0.6406165412678049,2.306337542328792,-0.35667584799590546
23.291666666666668,-1.0651314167868513,-2.8225578928941992,-0.6231295510414578,1.8969976069238235,-0.35667584799587065
23.3,-1.08666121099605,-2.3473220574344693,-0.6088942822197932,1.5255531606839037,-0.3566758479959069
23.308333333333334,-1.104295676416995,-1.8872625689461702,-0.5976086827790299,1.1882433093303177,-0.3566758479959016
23.316666666666666,-1.1181501137294445,-1.439626545573776,-0.5890110727993724,0.87940624903894,-0.35667584799589974
23.325,-1.128315693022747,-1.001438639571789,-0.5828906206100563,0.5926277143474102,-0.3566758479959016
23.333333333333332,-1.1348587913530237,-0.5697461616814318,-0.5790911168668872,0.32126690280580356,-0.35667584799590113
23.341666666666665,-1.1378215469283883,-0.14168667783950736,-0.5775118537439539,0.05866193524883593,-0.35667584799590113
23.35,-1.1372225767602122,0.28552946006200763,-0.5781075240134175,-0.20182082939042945,-0.3566758479959011
23.358333333333334,-1.133057373589542,0.7146726872595818,-0.580888035556686,-0.46680491057533136,-0.3566758479959011
23.366666666666667,-1.1252982097229594,1.1485549338115164,-0.5859185652401805,-0.7429354019908602,-0.35667584799590185
23.375,-1.1138935898455002,1.5900726545121018,-0.5933197744415816,-1.0368776559737285,-0.35667584799589985
23.383333333333333,-1.0987675325879174,2.042197438370365,-0.6032676662332739,-1.3552190313265757,-0.35667584799590096
23.391666666666666,-1.0798193517439099,2.5078513999327687,-0.6159918544721636,-1.7041609167460425,-0.3566758479959205
23.4,-1.0569253409617851,2.9895484871807256,-0.6317697111330658,-2.088790952142044,-0.35667584799588314
23.40833333333333,-1.0299451275803686,3.4885862503163656,-0.6509114658704489,-2.5115586209356553,-0.3566758479958966
23.416666666666668,-0.9987377946241474,4.003441200199492,-0.6737272693232211,-2.969352614508435,-0.3566758479960081
23.425,-0.9631961559619789,4.526957011417011,-0.7004615633038224,-3.4484762431276645,-0.3566758479958789
23.433333333333334,-0.9233099005223796,5.042311790699809,-0.7311762009259638,-3.9175247437906426,-0.35667584799591434
23.441666666666666,-0.8792625844266955,5.519452428296363,-0.7655740711583535,-4.3211535442645586,-0.35667584799516955
23.45,-0.8315402483594194,5.9169700567251065,-0.8028028467713453,-4.583467247320045,-0.35667584799626745
23.458333333333332,-0.7809799419776319,6.195200218390691,-0.8413652722134577,-4.631176183927916,-0.3566758479959187
23.466666666666665,-0.7286704963450384,6.336495353637942,-0.8792907497750269,-4.42951964724744,-0.35667584799686936
23.475,-0.6757153168598484,6.354796036664117,-0.9145533727731379,-3.9997628915697803,-0.35667584799562496
23.483333333333334,-0.623003375152677,6.284490846198039,-0.9454824859527138,-3.4005367152178168,-0.3566758479959447
23.491666666666667,-0.5711192773329612,6.161448082534602,-0.9709356228265573,-2.6951279702505317,-0.3566758479958756
23.5,-0.5203854095036915,6.011789452606839,-0.9902422059392766,-1.9318176832640805,-0.35667584799605334
23.508333333333333,-0.47095498069855274,5.85025211614343,-1.0030566504686858,-1.1407123437520883,-0.3566758479959735
23.516666666666666,-0.42289683143829987,5.682911431258015,-1.0092230538920073,-0.33816208728304076,-0.3566758479958814
23.525,-0.3762539865021644,5.510358471092396,-1.008683139913195,0.46797382094577405,-0.35667584799599095
23.53333333333333,-0.33107897797755254,5.330027063387818,-1.0014225969431128,1.2745070182695188,-0.3566758479959697
23.541666666666668,-0.28745363008108643,5.137633260043278,-0.9874425468670236,2.080650137622621,-0.3566758479959317
23.55,-0.24549960280890437,4.928001291233769,-0.9667449987731513,2.88685165455548,-0.35667584799597574
23.558333333333334,-0.20538372507462743,4.695521636660938,-0.9393248837848664,3.694324841349171,-0.3566758479959698
23.566666666666666,-0.16732046860176386,4.4343987539318785,-0.9051641092803133,4.504999541091497,-0.3566758479959279
23.575,-0.13157290901420013,4.13877707958944,-0.8642248435640925,5.321734495784915,-0.3566758479959745
23.583333333333332,-0.09845296252574719,3.8027956845345106,-0.8164403109242582,6.148688043408948,-0.3566758479959699
23.591666666666665,-0.0683213196083362,3.4206148065387394,-0.7617021415124255,6.991757612863999,-0.356675847995918
23.6,-0.04158703087732888,2.986491768774427,-0.6998442182873207,7.858948616799388,-0.3566758479959757
23.608333333333334,-0.018705660662576333,2.4950970090105167,-0.6306247237643895,8.76035969826587,-0.35667584799596586
23.616666666666667,-0.00017230773018222774,1.9425496783244687,-0.5537123286521983,9.707009201792172,-0.35667584799609586
23.625,0.013500634626176568,1.3293245038769328,-0.46869293626009667,10.70661121795147,-0.3566758479957467
23.633333333333333,0.021845772714301267,0.667523004800306,-0.37513783019348573,11.752097161080197,-0.35667584799590274
23.641666666666666,0.02459558371695692,-0.003493261449945294,-0.2728217808522966,12.795850468176209,-0.3566758479959469
23.65,0.022007506078837672,-0.5930488445079438,-0.1622274483044893,13.708437224650556,-0.35667584799639546
23.65833333333333,0.015350496825245334,-0.9526256170981106,-0.04534092086026853,14.263379785673948,-0.3566758479968635
23.666666666666668,0.007156687476122309,-0.9480305605054049,0.07389431804793353,14.250215312201934,-0.3566758479959473
23.675,0.0005655598714102508,-0.582938800450125,0.19057840280801774,13.674761114438247,-0.3566758479967437
23.683333333333334,-0.001940173539382901,0.005026281164900823,0.3008455718233963,12.752752964395034,-0.3566758479961866
23.691666666666666,0.0008542010289357333,0.6690356657255606,0.40279334704705955,11.707793315153001,-0.3566758479954605
23.7,0.009172311575506242,1.3210264100950584,0.49598957065037624,10.665219846449515,-0.3566758479965776
23.708333333333332,0.022730760937308598,1.923252697003826,0.580682895126673,9.670345085180433,-0.3566758479962558
23.716666666666665,0.04105579323168297,2.4643560053384546,0.6573129230381082,8.729392645377985,-0.3566758479962732
23.725,0.06363272798553153,2.944154472855649,0.7263009381499753,7.834503930269816,-0.3566758479962442
23.733333333333334,0.0899656745547454,3.3666222758026834,0.7879855423003628,6.97477788358525,-0.3566758479962672
23.741666666666667,0.11959863210920232,3.737091600933517,0.8426171765831177,6.140303940693699,-0.3566758479963047
23.75,0.1521219093657048,4.061257041016174,0.8903721734157248,5.323264322637322,-0.35667584799624735
23.758333333333333,0.18717361061308177,4.3448719025710565,0.9313705983103416,4.5179279734629105,-0.35667584799626606
23.766666666666666,0.22443974706346181,4.593675801751549,0.9656922120600613,3.7202800661571156,-0.3566758479962953
23.775,0.2636540250673523,4.813371578281874,0.9933889420307214,2.9275851159623203,-0.35667584799624896
23.78333333333333,0.3045973793359887,5.0095796342711285,1.0144939108825415,2.138012514612609,-0.3566758479962663
23.791666666666668,0.34709690190144815,5.187733174977055,1.0290278747353476,1.3504010711011916,-0.3566758479962948
23.8,0.39102352423323683,5.352875682499288,1.0370045479080865,0.5642431238649865,-0.35667584799623564
23.808333333333334,0.43628738751023066,5.509293822006547,1.0384371165120747,-0.21998797069357634,-0.35667584799627094
23.816666666666666,0.4828290763098485,5.659866155308421,1.0333495909040507,-0.9999606892767118,-0.35667584799634755
23.825,0.5306036015455077,5.804936383487623,1.0217988276143133,-1.7697392238571552,-0.3566758479961676
23.833333333333332,0.5795521841483515,5.940475266128849,1.003916079203573,-2.5167836827087373,-0.3566758479962783
23.841666666666665,0.6295553279281835,6.055451998448345,0.9799793973774055,-3.2175923081248112,-0.3566758479961866
23.85,0.6803626405356503,6.1291218071993985,0.9505245284384596,-3.8332389220429515,-0.35667584799658225
23.858333333333334,0.7315078708578389,6.130832196465434,0.9164792912925973,-4.309303971581145,-0.3566758479961961
23.866666666666667,0.7822485222578373,6.026875545771932,0.8792533424785508,-4.587941890238121,-0.3566758479959021
23.875,0.8316001944730111,5.795865268559132,0.8406631643500052,-4.634447813191149,-0.3566758479959926
23.883333333333333,0.8785054024290129,5.443053891241328,0.8026263677075132,-4.461577852795728,-0.35667584799636365
23.891666666666666,0.9220633747583661,4.9989531807244765,0.7667558376777713,-4.126369757505948,-0.35667584799661883
23.9,0.9616781480253842,4.503054992610969,0.7341021545646423,-3.7011715585451657,-0.3566758479962781
23.90833333333333,0.9970631089537683,3.9882962988400674,0.7051500780525852,-3.2462321453624186,-0.35667584799630053
23.916666666666668,1.0281560597432535,3.4754527767906995,0.6799728660339583,-2.799797244881666,-0.3566758479962414
23.925,1.0550218526531485,2.974818555402482,0.658408783232019,-2.3810337742295573,-0.3566758479963389
23.933333333333334,1.0777804057609817,2.4899194531940054,0.6401930496294274,-1.9965747078076528,-0.35667584799630586
23.941666666666666,1.0965639130747835,2.020590193207106,0.6250381261842832,-1.6459906708997698,-0.35667584799629887
23.95,1.1114948683938646,1.564904550871479,0.6126767749712316,-1.3252701562651517,-0.35667584799631036
23.958333333333332,1.12267623360244,1.1202211135291271,0.6028830043155728,-1.0287522529746524,-0.3566758479963076
23.966666666666665,1.1301878603969282,0.6836886497880927,0.5954812411903753,-0.7501068004394047,-0.3566758479963075
23.975,1.134085757257402,0.2524549115877397,0.5903497614231269,-0.4827872228711964,-0.3566758479963082
23.983333333333334,1.1344023872775955,-0.17627725898330635,0.5874216176816061,-0.22020922518642266,-0.35667584799630797
23.991666666666667,1.1311470869700635,-0.6052675029053965,0.5866847048827372,0.04420377900877964,-0.35667584799630786
24.0,1.1243061914944141,-1.0372852351425095,0.5881817121610236,0.3170285634202821,-0.356675847996308
24.008333333333333,1.1138427453330273,-1.4751573456072367,0.5920101710912095,0.6048488935225119,-0.35667584799630825
24.016666666666666,1.0996959143761007,-1.921786332556536,0.5983223690632756,0.914205641352771,-0.3566758479963112
24.025,1.0817805213954468,-2.3800924293051997,0.6073243353601954,1.2514059154768589,-0.35667584799630087
24.03333333333333,1.0599876555374437,-2.852794789259031,0.6192721587047729,1.6220400201041816,-0.3566758479963104
24.041666666666668,1.0341882858193254,-3.3418750493011404,0.6344621650287691,2.029930976445164,-0.3566758479963532
24.05,1.0042435567628096,-3.847454168107184,0.653208429338545,2.47504832587672,-0.3566758479962479
24.058333333333334,0.9700282068687661,-4.3656967558954465,0.6757963124965285,2.949721660698749,-0.3566758479963156
24.066666666666666,0.9314767021328461,-4.885439469776797,0.7023953391724066,3.432646937443808,-0.3566758479962727
24.075,0.8886614377565112,-5.384109716426667,0.7329154185881146,3.881716076863408,-0.35667584799661073
24.083333333333332,0.8418985829624153,-5.825969032158836,0.7668148838789368,4.231024182500907,-0.35667584799623686
24.091666666666665,0.7918384765915417,-6.168634132701271,0.8029368137488694,4.402503392146084,-0.35667584799595925
24.1,0.7394540381300584,-6.380556108439535,0.8395263833176309,4.336912983927563,-0.3566758479959558
24.108333333333334,0.6858711171224314,-6.458410290509605,0.8745291679698833,4.024921908851518,-0.3566758479964367
24.116666666666667,0.6321182067108069,-6.427078002460234,0.9060368889175773,3.5079084269510954,-0.3566758479967888
24.125,0.5789546140597728,-6.323013657964918,0.93260236112807,2.8495092787550282,-0.356675847996363
24.133333333333333,0.5268474000450318,-6.1779571085058675,0.9532976417317202,2.107289601806229,-0.356675847996358
24.141666666666666,0.4760443329442647,-6.012510065777582,0.9676037320679272,1.3212670502792607,-0.3566758479962556
24.15,0.42666616880407165,-5.837010929442081,0.9752637353980983,0.5150649576637855,-0.35667584799645013
24.15833333333333,0.378779422491313,-5.654674228664187,0.9761670496207823,-0.29894670604608836,-0.35667584799636887
24.166666666666668,0.3324434262617941,-5.464401910510686,0.9702758541196405,-1.1150297322083418,-0.3566758479963321
24.175,0.28773775384554345,-5.262677963919751,0.9575835949033158,-1.9310378574523013,-0.3566758479963968
24.183333333333334,0.24477721163770588,-5.044703304869076,0.9380928826998827,-2.7467232718734156,-0.35667584799637275
24.191666666666666,0.20371958659004574,-4.805040238008919,0.911803464631218,-3.562943610879928,-0.3566758479963409
24.2,0.16476933504939045,-4.537968627543439,0.8787042965521449,-4.381424767101366,-0.35667584799639257
24.208333333333332,0.12817905488445547,-4.237677086153378,0.8387660744661471,-5.204859461782579,-0.3566758479963722
24.216666666666665,0.09424978767834954,-3.898362391419974,0.7919320495453841,-6.037201003626191,-0.35667584799633256
24.225,0.06333067593586698,-3.51429541656107,0.7381059784112473,-6.8840367453088325,-0.35667584799639585
24.233333333333334,0.0358179272356902,-3.0799421565050245,0.6771371462807984,-7.752881704633735,-0.35667584799637025
24.241666666666667,0.012151915888149267,-2.5903389544677538,0.6088043170390295,-8.653062072136471,-0.35667584799636376
24.25,-0.00719140685815721,-2.042201364332168,0.5328048141143668,-9.59440740816411,-0.3566758479962976
24.258333333333333,-0.021724929291307846,-1.4368806708556552,0.4487652749356402,-10.582912020860975,-0.35667584799641094
24.266666666666666,-0.031014646430586434,-0.7874856079905918,0.3563138684176088,-11.609439505435034,-0.3566758479971263
24.275,-0.03483272629825908,-0.1336228257906659,0.25529689058229327,-12.625342690596963,-0.3566758479962267
24.28333333333333,-0.03346702769093531,0.4370777968795605,0.14625951964143405,-13.505339914522295,-0.35667584799735164
24.291666666666668,-0.028166620495834967,0.7853000782539182,0.031175017936440827,-14.037232614562196,-0.35667584799506785
24.3,-0.021353504555765387,0.7874096168154805,-0.08616865697427391,-14.02745780933107,-0.35667584799540425
24.308333333333334,-0.016010152795103035,0.44608750669248565,-0.20110261410550115,-13.480271432643967,-0.3566758479962904
24.316666666666666,-0.014522047842184194,-0.11238346747994085,-0.3098966831560964,-12.593389079986322,-0.3566758479966909
24.325,-0.018096511143771983,-0.7497001071872071,-0.410643394666229,-11.57742251748465,-0.3566758479957469
24.333333333333332,-0.026993194884598854,-1.3800414300258583,-0.5028430254173241,-10.555047053522298,-0.3566758479968174
24.341666666666665,-0.04096879480624302,-1.9649790702381065,-0.5866775955048072,-9.573490366653006,-0.35667584799664637
24.35,-0.05958091976273107,-2.491973460578556,-0.6625400605866743,-8.641487891878816,-0.3566758479966453
24.358333333333334,-0.08233725569554784,-2.9599068208490156,-0.7308239062152989,-7.753132665189794,-0.35667584799662605
24.366666666666667,-0.10875781549849703,-3.372127930554125,-0.7918535096986886,-6.898851294128759,-0.35667584799663277
24.375,-0.1383982811798234,-3.7335645243224476,-0.845874119020246,-6.069602454682673,-0.35667584799668056
24.383333333333333,-0.1708578681502911,-4.049636126109203,-0.8930627650037527,-5.258135360145635,-0.3566758479966291
24.391666666666666,-0.20578159502358506,-4.3258839147546615,-0.9335440801491525,-4.459095856644826,-0.3566758479966331
24.4,-0.24286072086658358,-4.567853634723308,-0.9674050228266771,-3.668734712249393,-0.35667584799667046
24.40833333333333,-0.28183255081482517,-4.781041927645086,-0.9947066788721661,-2.8845304374869154,-0.3566758479966292
24.416666666666668,-0.32247976730864547,-4.970827652206885,-1.015493076326308,-2.104865874141399,-0.35667584799663404
24.425,-0.3646289792708267,-5.142346797118544,-1.0297978230740719,-1.3288417332486389,-0.35667584799667185
24.433333333333334,-0.40814785483910077,-5.3002692610328745,-1.0376500431456606,-0.5563108066760687,-0.3566758479966191
24.441666666666666,-0.4529397669469499,-5.448410827422761,-1.039081919322865,0.21174552293149332,-0.35667584799663293
24.45,-0.49893414914187467,-5.589068369657028,-1.034141434984232,0.9723068529015669,-0.35667584799672897
24.458333333333332,-0.5460695976997582,-5.721912496122964,-1.022915859035738,1.718594642977002,-0.35667584799658014
24.466666666666665,-0.5942652711605213,-5.842263866487569,-1.0055739436791353,2.437265900566103,-0.35667584799663576
24.475,-0.6433753111356132,-5.938788886564967,-0.9824360193685392,3.1046102212528566,-0.3566758479965184
24.483333333333334,-0.693124027848467,-5.991436396982714,-0.9540757185676526,3.683194371206179,-0.35667584799682794
24.491666666666667,-0.7430326992943043,-5.972052390483062,-0.9214343199423899,4.123157264983033,-0.35667584799668867
24.5,-0.7923754696880903,-5.851286867583649,-0.8858830310684137,4.374316989089244,-0.356675847996344
24.508333333333333,-0.8402227125630958,-5.612054847635038,-0.8491335201649736,4.409374755208721,-0.35667584799648144
24.516666666666666,-0.8855965206298209,-5.260841543575244,-0.8129566718462807,4.243020392363805,-0.35667584799662805
24.525,-0.9276691617327502,-4.825539522334113,-0.7788321023668741,3.927457926566057,-0.35667584799697816
24.53333333333333,-0.9658873911352919,-4.341486863381696,-0.7477322390383685,3.5275258979148383,-0.35667584799665436
24.541666666666668,-0.9999754335591235,-3.838394594430602,-0.7201214085196788,3.097606343356337,-0.35667584799667945
24.55,-1.0298618799325698,-3.3354344374099076,-0.6960892610833156,2.6729436979670442,-0.35667584799661173
24.558333333333334,-1.0555943218077108,-2.8424633576236547,-0.6755060172094324,2.2717807770777636,-0.3566758479966905
24.566666666666666,-1.0772744758062363,-2.3631337434763053,-0.6581416649475885,1.9008512866401057,-0.3566758479966761
24.575,-1.0950183276100354,-1.8975882826103476,-0.6437407977887777,1.5601803854002776,-0.3566758479966656
24.583333333333332,-1.1089348199255984,-1.4442131343166873,-0.632064225969927,1.246251128141054,-0.35667584799667607
24.591666666666665,-1.1191157461637264,-1.0006216264132426,-0.6229101506311938,0.9538244620402018,-0.35667584799667484
24.6,-1.1256316248219325,-0.5641486198529023,-0.6161240736830055,0.6768968424972247,-0.3566758479966742
24.608333333333334,-1.1285304211544707,-0.1320674546381292,-0.6116029848082344,0.40916511102391584,-0.35667584799667473
24.616666666666667,-1.127837398545031,0.2983395106078503,-0.6092968872444972,0.1442292911588548,-0.3566758479966746
24.625,-1.1235552236628625,0.7297810937989373,-0.6092092340809493,-0.12433174686602474,-0.3566758479966745
24.633333333333333,-1.1156639395941879,1.1649825906026594,-0.6113969659574386,-0.4029289470204155,-0.35667584799667457
24.641666666666666,-1.104120744504867,1.6067013913427655,-0.6159702498932325,-0.6979120936520512,-0.3566758479966746
24.65,-1.0888598144731094,2.057692734158336,-0.6230914665199521,-1.015425860938002,-0.35667584799668095
24.65833333333333,-1.0697928277011235,2.520561863040805,-0.6329722362848834,-1.3610586374427234,-0.3566758479966681
24.666666666666668,-1.0468115593376996,2.997390630242202,-0.6458660097940924,-1.7390864267416395,-0.3566758479966722
24.675,-1.0197951581215465,3.488947207630004,-0.662051567919525,-2.1509776404813596,-0.3566758479967356
24.683333333333334,-0.9886267160631251,3.9931916839310317,-0.6817993022366886,-2.592662104219236,-0.35667584799664076
24.691666666666666,-0.9532263095859747,4.502781211632267,-0.7053077406428394,-3.050061398225051,-0.35667584799667196
24.7,-0.9136089266248347,5.001690645909905,-0.7325958062856539,-3.493112795804167,-0.356675847996469
24.708333333333332,-0.8699696099248251,5.462516132519539,-0.7633472411119884,-3.8710700325726695,-0.35667584799693774
24.716666666666665,-0.8227749103172486,5.848516785105702,-0.7967446254770518,-4.116215543919531,-0.3566758479967235
24.725,-0.7728012309384467,6.124681758455907,-0.8313981124062121,-4.163520811721106,-0.356675847996763
24.733333333333334,-0.721050905472142,6.2743711867534495,-0.8654913838384876,-3.9802663464691492,-0.35667584799639407
24.741666666666667,-0.668553366086062,6.30771661884416,-0.8971337968033589,-3.581455496398688,-0.3566758479966762
24.75,-0.6161658027630194,6.253470176140309,-0.9247196347867778,-3.016274591569651,-0.3566758479969553
24.758333333333333,-0.5644831607040689,6.1433956279297,-0.947100904822004,-2.341180099589889,-0.3566758479967698
24.766666666666666,-0.5138622379509467,6.001888000003231,-0.9635619819045946,-1.6017068247186999,-0.3566758479967392
24.775,-0.4644977294431245,5.843539048941039,-0.9737018963238177,-0.8279244383050981,-0.3566758479966212
24.78333333333333,-0.41649790200363257,5.674941306329101,-0.9773145751376203,-0.03725677021064149,-0.35667584799676877
24.791666666666668,-0.3699400917627056,5.497340886043718,-0.9743016963832004,0.7611803728057127,-0.3566758479967372
24.8,-0.32490589188316865,5.308760006942985,-0.9646186947783252,1.5631382888686196,-0.35667584799669
24.808333333333334,-0.2815017469880167,5.105391609520997,-0.948244045001857,2.367069583345046,-0.3566758479967434
24.816666666666666,-0.23987038524914633,4.88244005389493,-0.9251621777879362,3.172962350160743,-0.3566758479967363
24.825,-0.20019683617525977,4.634609130961053,-0.8953531377740508,3.9818382161450234,-0.35667584799669416
24.833333333333332,-0.1627113316737853,4.356380867224563,-0.8587845543131983,4.795665743162484,-0.35667584799674096
24.841666666666665,-0.12769042904000705,4.042175363616757,-0.8154031977244358,5.617523886462259,-0.35667584799673635
24.85,-0.09545707296428872,3.6864558811619426,-0.7651245655735119,6.451891379431512,-0.3566758479966845
24.858333333333334,-0.06637976302619988,3.2838545062499573,-0.7078199964998262,7.3049221100042345,-0.3566758479967434
24.866666666666667,-0.04087012438676601,2.829464989998052,-0.6433023441161206,8.184456677313406,-0.35667584799673313
24.875,-0.01937627910760982,2.319640209501052,-0.5713144021145197,9.099215480832235,-0.3566758479967769
24.883333333333333,-0.0023650134205780897,1.7540696844446366,-0.4915315055840507,10.055894677430855,-0.3566758479966266
24.891666666666666,0.00972400547845322,1.140783939279,-0.4036059679593823,11.051393350789594,-0.3566758479966849
24.9,0.016587348829891442,0.5068740171534504,-0.30731293220560657,12.055309522079883,-0.35667584799740204
24.90833333333333,0.018287585668999316,-0.08353378658602287,-0.2028973239179521,12.979437313224917,-0.35667584799690466
24.916666666666668,0.015631569852241345,-0.5158380405637779,-0.09168112934959743,13.65261030841981,-0.35667584799556534
24.925,0.010505957962459586,-0.6573037691860508,0.02336539766430541,13.869010390168592,-0.3566758479969749
24.933333333333334,0.00564757480298659,-0.4543131840527438,0.13794343521829427,13.5442972555965,-0.35667584799578284
24.941666666666666,0.0036782454576512816,0.01469633494551548,0.24793508178015228,12.801702654506913,-0.3566758479969629
24.95,0.00625103106402821,0.6141749365035197,0.35073202655821895,11.85035244323438,-0.35667584799739704
24.958333333333332,0.013981654972992771,1.2396094046542332,0.4452978362687493,10.8445963488058,-0.35667584799688024
24.966666666666665,0.02682802664783761,1.8361837336749742,0.5315330219481199,9.857970640849304,-0.3566758479967399
24.975,0.04444234871674744,2.3820128966399015,0.6097158272348685,8.9133015234105,-0.3566758479969293
24.983333333333334,0.06637097320309654,2.8714370116801686,0.680205762769506,8.01078950229195,-0.356675847996917
24.991666666666667,0.09214626550911557,3.3057307517607346,0.7433255986703124,7.143034224812786,-0.35667584799695706
25.0,0.12132436554514638,3.688890804051409,0.799328957374068,6.301467866621055,-0.35667584799689367
25.008333333333333,0.1534995953199264,4.025914922022207,0.8484020174242877,5.478664401817519,-0.3566758479969159
25.016666666666666,0.1883096321514842,4.322148644600334,0.8906761239277381,4.66890903209298,-0.3566758479969508
25.025,0.22543724779843718,4.583045376372703,0.9262419065470838,3.8681035047998122,-0.3566758479968981
25.03333333333333,0.2646107198489016,4.814058375733072,0.9551615671241319,3.0734704240549067,-0.35667584799691554
25.041666666666668,0.3056034421481863,5.020543256353637,0.9774786351523983,2.283265209181333,-0.3566758479969455
25.05,0.3482325420393919,5.207608530887041,0.9932257750775172,1.4966134475220556,-0.3566758479968931
25.058333333333334,0.3923558524294565,5.379860139030059,1.0024321190927061,0.713578858965935,-0.35667584799691776
25.066666666666666,0.4378660607957736,5.540963463510875,1.0051325921806533,-0.06439833901444876,-0.3566758479969742
25.075,0.4846800461557368,5.692901814934097,1.0013831290348942,-0.833484151036151,-0.3566758479968487
25.083333333333332,0.5327201955864318,5.83476251445459,0.9912877416536878,-1.5855739974534104,-0.35667584799692464
25.091666666666665,0.581883071659435,5.960901121103357,0.9750457097632347,-2.3053206359500114,-0.3566758479969515
25.1,0.6319904586129645,6.058622643961213,0.9530275334420598,-2.9663374790877146,-0.3566758479970088
25.108333333333334,0.6827222574135132,6.106445741721046,0.9258803604576954,-3.5284451737170164,-0.3566758479968849
25.116666666666667,0.7335462213877854,6.075673868411603,0.8946366904681169,-3.9406566976635773,-0.3566758479963753
25.125,0.7836868669280499,5.938625317765115,0.860753330675073,-4.155596750237601,-0.35667584799704555
25.133333333333333,0.8321896708629916,5.682332663599924,0.8259849804414368,-4.153114178394147,-0.3566758479969704
25.141666666666666,0.8780897796522432,5.317773757846346,0.7920793714435823,-3.9557671453736525,-0.35667584799739704
25.15,0.9206016827714372,4.875033958430867,0.7604415497797842,-3.619680564614067,-0.35667584799678176
25.15833333333333,0.9592204610335354,4.388866719951806,0.7319577290517548,-3.2088107381918545,-0.35667584799695445
25.166666666666668,0.9937071240477127,3.887088863116108,0.7070249593572622,-2.7743788074259266,-0.3566758479968988
25.175,1.02401096474182,3.387065081612884,0.6856925461192566,-2.348600566794889,-0.3566758479969904
25.183333333333334,1.050187626960844,2.897446698296493,0.667811516532582,-1.9477115232009239,-0.35667584799695207
25.191666666666666,1.0723392654578154,2.421235260968756,0.6531452566395622,-1.5773809686346993,-0.3566758479969393
25.2,1.090578513429708,1.9582821154887908,0.6414378615405104,-1.237178131941887,-0.3566758479969584
25.208333333333332,1.1050094346985533,1.5068761517437865,0.6324519254481513,-0.9234563518909402,-0.3566758479969538
25.216666666666665,1.1157185625254025,1.0646237403745435,0.6259877980459604,-0.6309973943074582,-0.3566758479969535
25.225,1.122771265883133,0.6288867771083293,0.62189267641899,-0.3538750223622195,-0.3566758479969541
25.233333333333334,1.1262106263966805,0.1969725677222157,0.6200645308544005,-0.08587579007434491,-0.3566758479969539
25.241666666666667,1.1260572970180778,-0.2338055472330051,0.6204536058794765,0.17931337553097892,-0.356675847996954
25.25,1.1223095806577115,-0.6661271685780803,0.6230628777354361,0.448026322278814,-0.3566758479969537
25.258333333333333,1.1149434271949457,-1.1026791575705137,0.6279480207125724,0.7265671292735812,-0.356675847996954
25.266666666666666,1.1039123757252804,-1.5461479486636136,0.6352168347620303,1.0211194560210133,-0.35667584799695673
25.275,1.089147808519047,-1.999142854827197,0.6450274673578733,1.3375305988350452,-0.3566758479969489
25.28333333333333,1.070560379721912,-2.463974581072387,0.657583870760831,1.6808351638381342,-0.3566758479969554
25.291666666666668,1.0480443167594158,-2.942159874880634,0.6731254585310633,2.054291252268609,-0.3566758479969866
25.3,1.02148767746626,-3.4334462481608585,0.6919055013486519,2.4575701435446695,-0.35667584799691565
25.308333333333334,0.9907936635888493,-3.9340888832882652,0.7141493055219902,2.883637814952909,-0.3566758479969572
25.316666666666666,0.9559200765045033,-4.434224863227728,0.739979837624865,3.314073225093883,-0.35667584799692176
25.325,0.9169430303471204,-4.914873463457168,0.7693003315766574,3.7137742161510605,-0.3566758479971552
25.333333333333332,0.8741402653525664,-5.3467929239573015,0.8016425019538873,4.028983835417929,-0.3566758479969177
25.341666666666665,0.8280622587133157,-5.695261639134869,0.8360367314836501,4.195784318534251,-0.3566758479966592
25.35,0.7795297012182235,-5.932707110713105,0.8710127380244443,4.162470472288489,-0.3566758479967863
25.358333333333334,0.7295135589251518,-6.052272703750228,0.9048088587393416,3.9137832055003487,-0.3566758479970319
25.366666666666667,0.6789420964552081,-6.070156435037684,0.9357141655122091,3.4756920037178913,-0.3566758479973821
25.375,0.6285473841723805,-6.014865779330537,0.9623472515486228,2.8972300063210232,-0.3566758479969376
25.383333333333333,0.5788199006341285,-5.9140857426853515,0.9837499177791469,2.227819544388394,-0.3566758479969949
25.391666666666666,0.5300495169337958,-5.787728474961984,0.9993306628938757,1.5050548054014536,-0.3566758479969162
25.4,0.48239665614065785,-5.647147538905874,1.0087539952302855,0.7530844257697886,-0.35667584799706703
25.40833333333333,0.43595635245004255,-5.497077605665243,1.0118399420849682,-0.014268700804855702,-0.3566758479969993
25.416666666666668,0.3908037925084765,-5.3378870424045735,1.0084937700569285,-0.7898151519456771,-0.35667584799696345
25.425,0.3470231076495447,-5.1672928960872095,0.9986630214381435,-1.57023085933414,-0.35667584799702434
25.433333333333334,0.3047244510453574,-4.981476759319895,0.982313081831592,-2.354348841734313,-0.3566758479970027
25.441666666666666,0.2640537283318127,-4.775761954448227,0.9594134312285849,-3.142254359834878,-0.356675847996973
25.45,0.2251979384800502,-4.545012775256231,0.9299290425686377,-3.934915560337341,-0.3566758479970203
25.458333333333332,0.18838794190081054,-4.283867241406298,0.8938133229568239,-4.734156685037175,-0.3566758479970026
25.466666666666665,0.15389973025761608,-3.9868731828535022,0.8510003130790992,-5.542845096368577,-0.35667584799696433
25.475,0.12205478864331723,-3.6485782642633175,0.8013947829879701,-6.365192832185983,-0.3566758479970242
25.483333333333334,0.09321969633622851,-3.263636274178009,0.7448597235486821,-7.207055749371875,-0.3566758479970007
25.491666666666667,0.06780437659533912,-2.8270556757105956,0.6812020399395918,-8.076014950237756,-0.3566758479969727
25.5,0.04625675387133173,-2.3348858511567294,0.6101600005070776,-8.980755436519043,-0.35667584799698215
25.508333333333333,0.029047692930804885,-1.7860293885758354,0.5314023618901762,-9.928610355144034,-0.3566758479970161
25.516666666666666,0.016631349661820033,-1.1866751661707746,0.4445636106809549,-10.918765793742809,-0.3566758479975166
25.525,0.00934869583640657,-0.5600347596439237,0.34936933901767425,-11.926484336786732,-0.35667584799652335
25.53333333333333,0.007218564967196414,0.03638831893016286,0.24594780961377863,-12.874020942659689,-0.35667584799713514
25.541666666666668,0.009574593888652613,0.49448257551517144,0.13540824747110414,-13.601113341606087,-0.35667584799569735
25.55,0.014690830459074777,0.6778575209439145,0.020469596773421177,-13.896946021021053,-0.35667584799701757
25.558333333333334,0.019893343605121905,0.5140540249494755,-0.09467019506067431,-13.647591462198756,-0.35667584799623475
25.566666666666666,0.022458202786779055,0.0647405808597158,-0.20573438449012382,-12.950032238488745,-0.3566758479970531
25.575,0.0205578526103816,-0.5349340468470967,-0.30984601332734685,-12.013541414266953,-0.3566758479968639
25.583333333333332,0.01344244046213915,-1.1725369058855493,-0.40576965788219854,-11.005465257991315,-0.3566758479975811
25.591666666666665,0.0010842928742506928,-1.7865904067990506,-0.4933096238800392,-10.009655891446261,-0.3566758479970875
25.6,-0.016196431870250067,-2.3516681500490644,-0.572710769946503,-9.053909393465227,-0.35667584799718
25.608333333333334,-0.03795347804314866,-2.8605757508678176,-0.644325393190466,-8.14011825014369,-0.35667584799718477
25.616666666666667,-0.06371833742795406,-3.31400881781012,-0.7084761531541637,-7.261116097931046,-0.3566758479972227
25.625,-0.09304338537764772,-3.715790315280511,-0.7654159078880893,-6.408043424462271,-0.3566758479972282
25.633333333333333,-0.1255185349412179,-4.070913633129396,-0.8153269371527045,-5.573052772125696,-0.35667584799717983
25.641666666666666,-0.16077738487682303,-4.384799725213065,-0.8583331975563034,-4.750026580226064,-0.3566758479972189
25.65,-0.19849947537654467,-4.66302735635319,-0.8945148273761212,-3.934527699144647,-0.3566758479972235
25.65833333333333,-0.238411070516755,-4.911215793835289,-0.9239210059257714,-3.1235097516482604,-0.3566758479971823
25.666666666666668,-0.2802850812548876,-5.134920443470138,-0.9465802783353614,-2.3150261165335584,-0.3566758479972185
25.675,-0.32393990954501845,-5.339467995593072,-0.9625089385465823,-1.508074950888376,-0.35667584799722357
25.683333333333334,-0.3692364441557922,-5.529665231647387,-0.9717191196170675,-0.7027075231607994,-0.3566758479971666
25.691666666666666,-0.41607178928020294,-5.709286103914962,-0.9742294616652453,0.09942605451034534,-0.3566758479972445
25.7,-0.4643672887549462,-5.880184489384848,-0.9700830289167899,0.893829979871846,-0.3566758479972513
25.708333333333332,-0.5140468700815092,-6.040820157141639,-0.9593797552895716,1.6708603416346417,-0.3566758479971167
25.716666666666665,-0.5649999836563288,-6.184023163805844,-0.9423335542771648,2.412092225355875,-0.35667584799722074
25.724999999999998,-0.617023290744594,-6.294244435881108,-0.9193641605665857,3.0858230041869152,-0.35667584799707314
25.733333333333334,-0.6697419836068897,-6.345844828288772,-0.891221824662336,3.6444268667246735,-0.3566758479976192
25.741666666666667,-0.7225332928193179,-6.3060918872597505,-0.8591054312878569,4.0298824847126316,-0.3566758479968676
25.75,-0.774508725024985,-6.146531504578043,-0.824676478783642,4.193676443378406,-0.3566758479972095
25.758333333333333,-0.8246173809035944,-5.859051545682464,-0.7898629652690419,4.124472935328954,-0.35667584799682694
25.766666666666666,-0.8718561756534212,-5.462952678165549,-0.7564813671691513,3.8597391835611226,-0.35667584799751545
25.775,-0.915466762895911,-4.994885988021505,-0.7258881901442689,3.4674250648517564,-0.35667584799732355
25.78333333333333,-0.9550078513402748,-4.4917266287823185,-0.6988546156350175,3.0155037140908565,-0.3566758479972711
25.791666666666668,-0.9903066301358312,-3.980160273534981,-0.6756558910187425,2.553462035787294,-0.35667584799720636
25.8,-1.0213634456154164,-3.4753634996029166,-0.6562442477508182,2.109858862889663,-0.3566758479972195
25.808333333333334,-1.0482671958475192,-2.9840251109103395,-0.6404036422413688,1.6976000730269056,-0.3566758479972673
25.816666666666666,-1.0711393170833414,-2.50776621956044,-0.6278541975486243,1.319991850537324,-0.3566758479972407
25.825,-1.0901024855449055,-2.0455769079534605,-0.618312636762827,0.9751122078230644,-0.35667584799724517
25.833333333333332,-1.105265241703759,-1.5952452147918887,-0.6115238996395663,0.658429353968613,-0.3566758479972489
25.841666666666665,-1.1167154317145205,-1.1540997887083055,-0.6072763620068315,0.36421428602763717,-0.35667584799724783
25.849999999999998,-1.124518010775619,-0.7193533658052861,-0.6054085211113367,0.08624472805329882,-0.3566758479972482
25.858333333333334,-1.1287147227073964,-0.28823295027756923,-0.6058115847169078,-0.18187462513901953,-0.35667584799724783
25.866666666666667,-1.1293243675189162,0.1419961553161032,-0.608430298165832,-0.446586130121975,-0.356675847997248
25.875,-1.1263430474740983,0.5740519145202145,-0.613263135596696,-0.7143387282851549,-0.3566758479972483
25.883333333333333,-1.1197441802134815,1.0106643569209501,-0.6203622603856311,-0.9915628113088696,-0.35667584799724733
25.891666666666666,-1.1094783577401737,1.4545776463126658,-0.6298331262684006,-1.2845978920555072,-0.3566758479972501
25.9,-1.0954734502199754,1.9084797319565023,-0.641833005047117,-1.599490174475269,-0.35667584799725255
25.90833333333333,-1.077635848457482,2.374782742675192,-0.6565668375382564,-1.9415230296364154,-0.3566758479972359
25.916666666666668,-1.055854597099813,2.855120167005925,-0.6742772856691864,-2.314244587790117,-0.35667584799726887
25.925,-1.0300116217478306,3.3493432307190645,-0.6952233223737397,-2.717612929120372,-0.35667584799727814
25.933333333333334,-1.000003404182736,3.8537280268444136,-0.7196379612149741,-3.1447603945852003,-0.3566758479972097
25.941666666666666,-0.965781635599577,4.35821658460917,-0.7476520029235632,-3.5770814442898757,-0.35667584799722224
25.95,-0.927419464161833,4.843241042710839,-0.7791724217941657,-3.9786259216834954,-0.3566758479971113
25.958333333333332,-0.8851985007345968,5.278522412115745,-0.8137242367501065,-4.294003741156649,-0.35667584799762686
25.966666666666665,-0.8396825068070068,5.6282303601157295,-0.8503160429690871,-4.4574970907479115,-0.35667584799708535
25.974999999999998,-0.7917120441123544,5.864474550949243,-0.8874450267467617,-4.416882263328511,-0.3566758479974075
25.983333333333334,-0.7422750280904846,5.981422668803172,-0.9233218345302378,-4.158586892880484,-0.3566758479968558
25.991666666666667,-0.6923041890343228,5.9970651893175955,-0.9562282337023803,-3.711478613513653,-0.3566758479975104
26.0,-0.6425218222975748,5.941382060116245,-0.9847980489622146,-3.126841926852887,-0.35667584799736013
26.008333333333333,-0.5933996771641521,5.842724902075566,-1.0081010631243135,-2.4548961715035733,-0.3566758479973531
26.016666666666666,-0.5452061390285788,5.721061502394051,-1.0255754129271064,-1.7329456424055718,-0.35667584799724017
26.025,-0.49808096176331224,5.5875453610225945,-1.036910579254218,-0.9844022324283133,-0.35667584799726065
26.03333333333333,-0.45210040483665836,5.446680454688113,-1.0419450901202814,-0.222317470795502,-0.356675847997339
26.041666666666668,-0.40732260316756846,5.298658207993351,-1.040596786012781,0.5467561456722377,-0.35667584799727714
26.05,-0.3638158405083595,5.141081957619817,-1.0328212015795766,1.3199557232441346,-0.3566758479972812
26.058333333333334,-0.3216751632118624,4.97006560316109,-1.0185885989418626,2.0964025522711736,-0.356675847997315
26.066666666666666,-0.2810318181355973,4.780889198064418,-0.9978716188222717,2.8763067051773437,-0.3566758479972846
26.075,-0.24205847002090589,4.568379678554666,-0.9706380167564208,3.660602685051681,-0.35667584799727914
26.083333333333332,-0.2049719843794213,4.327128639466039,-0.936844916827429,4.45092452381997,-0.3566758479973158
26.091666666666665,-0.17003483446242768,4.051612957568905,-0.8964322938051986,5.249800081674606,-0.3566758479972808
26.099999999999998,-0.1375557636415783,3.7362586819440238,-0.849314212178462,6.060982869512738,-0.35667584799727226
26.108333333333334,-0.1078900213125467,3.375487563184737,-0.7953669954634718,6.889841388970242,-0.35667584799732027
26.116666666666667,-0.08143904814352734,2.9638210343930966,-0.7344143372223406,7.743672572170748,-0.356675847997278
26.125,-0.05864848542912902,2.496224266083377,-0.6662110592111155,8.631638609746576,-0.3566758479972891
26.133333333333333,-0.040000904831910204,1.9691408929852758,-0.5904312558470766,9.56359558204673,-0.3566758479972304
26.141666666666666,-0.025993680958323166,1.3832799224519234,-0.506676330434929,10.546065537478354,-0.3566758479975181
26.15,-0.01707906327357275,0.7504069245019829,-0.41454074274125147,11.571547716141923,-0.35667584799770974
26.15833333333333,-0.013518727287066502,0.10767875190537612,-0.31381598613198913,12.594930525575577,-0.35667584799704727
26.166666666666668,-0.015083007713522152,-0.4604274387438436,-0.20495547013371745,13.495910307088577,-0.35667584799872637
26.175,-0.020599853171106977,-0.815066089630029,-0.08980957706459382,14.06331823656605,-0.3566758479968414
26.183333333333334,-0.027698234466379507,-0.8254466652703406,0.027917581644435707,14.092433250011732,-0.35667584799691915
26.191666666666666,-0.03336522750249732,-0.48370652442564405,0.14351251834160095,13.570820513180287,-0.3566758479976393
26.2,-0.035123387594761815,0.08691152272932079,0.2531038787473339,12.691594499480404,-0.356675847997595
26.208333333333332,-0.031681800405946134,0.7441676661336164,0.3546580827425326,11.671731002008373,-0.3566758479966484
26.216666666666665,-0.022734913902769244,1.3979558323416164,0.4476082657619935,10.64037402305108,-0.35667584799775065
26.224999999999998,-0.008507803706387415,2.007516492513831,0.5321089642256813,9.647804160935417,-0.3566758479975888
26.233333333333334,0.010562387850524263,2.559376936634941,0.6085404067814457,8.703514726034658,-0.35667584799758256
26.241666666666667,0.03398390848149682,3.0521337096097825,0.6772849693441306,7.801393666172205,-0.3566758479975658
26.25,0.06127619864871727,3.489109683090637,0.7386527429603472,6.931379858063944,-0.356675847997571
26.258333333333333,0.09199467243825166,3.8753186535442525,0.7928704514208251,6.083926503336904,-0.35667584799762103
26.266666666666666,0.12573929392353472,4.216335280575456,0.8400926312622745,5.251341041548738,-0.3566758479975689
26.275,0.16215738511156413,4.517918927195214,0.8804180539115669,4.42790205470765,-0.3566758479975711
26.28333333333333,0.20094459577900706,4.785898194405127,0.9139050273842833,3.6095556727189098,-0.35667584799761287
26.291666666666668,0.2418452376634672,5.02611295779349,0.9405836671260495,2.793527485720439,-0.35667584799756724
26.3,0.28465204910002817,5.244325292152883,0.960465160534394,1.9780090545389115,-0.35667584799757146
26.308333333333334,0.3292048928468451,5.446043226175545,0.9735491173420244,1.1620307386548918,-0.3566758479976242
26.316666666666666,0.375387394886806,5.636188353897033,0.9798310811976906,0.3456545804060712,-0.35667584799754853
26.325,0.42311978025396907,5.818490212593669,0.9793136735455268,-0.4693026453984294,-0.356675847997567
26.333333333333332,0.47234487507388434,5.994411606619765,0.9720270848800854,-1.277681392313183,-0.35667584799772356
26.341666666666665,0.5230022638785172,6.161332568611162,0.9580679612824127,-2.0680739972990945,-0.3566758479975003
26.349999999999998,0.5749834244677244,6.309794522796657,0.9376692585520298,-2.818293614487934,-0.356675847997581
26.358333333333334,0.6280610850270117,6.420255580988855,0.9113125644142445,-3.490042226210753,-0.35667584799711916
26.366666666666667,0.6817966648351348,6.4616997719267095,0.879875694399518,-4.026857372009985,-0.3566758479979492
26.375,0.7354606048086186,6.397075654303751,0.8447548961910556,-4.36388997455894,-0.35667584799764634
26.383333333333333,0.7880410847431895,6.1989753363787425,0.8078316497487706,-4.455213441530474,-0.3566758479979584
26.391666666666666,0.8384030961918301,5.867401072728948,0.7711795639879053,-4.30428613536568,-0.35667584799724616
26.4,0.8855415157648372,5.432012583599168,0.7366132061281384,-3.967042160380015,-0.35667584799757973
26.40833333333333,0.9287675808325715,4.935525695456936,0.7053599704339315,-3.5221657418526338,-0.3566758479976928
26.416666666666668,0.9677353065024767,4.415171766859164,0.678016548643884,-3.0382305355384926,-0.35667584799766555
26.425,1.0023553468458728,3.894977581975372,0.6547050148782578,-2.5599583387274865,-0.35667584799763613
26.433333333333334,1.0326864276189294,3.3870661460662834,0.6352694862713953,-2.1104042449460576,-0.35667584799756874
26.441666666666666,1.0588530073724989,2.895779904028545,0.619427155125623,-1.698192383853042,-0.3566758479976385
26.45,1.0809960615891634,2.421219548297159,0.6068608694028305,-1.3237979058067282,-0.3566758479976286
26.458333333333332,1.0992478915229105,1.9614757623219505,0.597268785194339,-0.9835701976975123,-0.3566758479976231
26.466666666666665,1.113720959411172,1.5138343822590505,0.5903884672337489,-0.6719627172737996,-0.3566758479976282
26.474999999999998,1.1245039139980915,1.0753559116733893,0.5860074303313239,-0.38265953219072285,-0.3566758479976276
26.483333333333334,1.1316608761833904,0.6431150075762934,0.5839670868035285,-0.10909525346699052,-0.3566758479976279
26.491666666666667,1.135231916368286,0.21426721266719756,0.5841638140058536,0.15533802392619644,-0.3566758479976277
26.5,1.1352337004748212,-0.21396655489209362,0.5865490114498502,0.41723588778672166,-0.3566758479976277
26.508333333333333,1.1316598422122748,-0.6443489746524965,0.5911290125405867,0.6831905010539494,-0.3566758479976281
26.516666666666666,1.124480815201627,-1.0796786121086157,0.5979651370928034,0.9598073183464377,-0.35667584799762725
26.525,1.1136435089824785,-1.5228179741960872,0.6071737413220928,1.2536782752672992,-0.35667584799762764
26.53333333333333,1.0990707822958274,-1.9766575618541145,0.6189256246947139,1.5712387965700036,-0.3566758479976371
26.541666666666668,1.0806618135136088,-2.443944662589874,0.6334433473283759,1.9183812008480274,-0.3566758479976194
26.55,1.058294868818602,-2.9268454467873757,0.6509935561767595,2.2995927762767923,-0.3566758479976238
26.558333333333334,1.0318355836864348,-3.4260116798539704,0.6718688318759535,2.716219135759849,-0.3566758479977045
26.566666666666666,1.0011562431051093,-3.93881050161825,0.6963494121937259,3.1632612152972723,-0.35667584799759094
26.575,0.9661745200062936,-4.456391571216297,0.7246300281605447,3.6241507043043275,-0.35667584799762636
26.583333333333332,0.9269210076370064,-4.959865163418042,0.7566957193340217,4.06400674885878,-0.35667584799730667
26.591666666666665,0.8836356395753064,-5.417809498455443,0.7921468818224986,4.425280852526649,-0.35667584799793917
26.599999999999998,0.836862242635978,-5.790223274482053,0.8300279571816532,4.634758869357089,-0.3566758479976887
26.608333333333334,0.7874667716649676,-6.0429426168401275,0.8687908235409155,4.628993285295784,-0.3566758479979709
26.616666666666667,0.7365108759094026,-6.16553438053171,0.9065139347221248,4.38605729060987,-0.3566758479973095
26.625,0.6850206266725254,-6.176062148103791,0.9413099093239148,3.9346283922867387,-0.3566758479976231
26.633333333333333,0.6337941499901796,-6.108158882510433,0.9716716879800229,3.3321477415384333,-0.3566758479978193
26.641666666666666,0.5833445515184245,-5.994332943835289,0.996587138943302,2.636023936380106,-0.3566758479977468
26.65,0.5339517749046333,-5.857411198742702,1.0154645620994587,1.8886277678506354,-0.3566758479976966
26.65833333333333,0.4857495822762723,-5.709958313446698,1.0279953118920684,1.116009161701733,-0.3566758479975768
26.666666666666668,0.4388008578126383,-5.556929151728589,1.0340344038464953,0.33224066170461847,-0.35667584799771807
26.675,0.3931489223299602,-5.398472677655942,1.033520782481194,-0.45593115108612825,-0.3566758479976907
26.683333333333334,0.3488485968245393,-5.231944507881083,1.0264310549953803,-1.2457871337842212,-0.35667584799764956
26.691666666666666,0.30598384294928394,-5.053151441998187,1.0127548646818967,-2.036684286417719,-0.3566758479976946
26.7,0.26467738791164097,-4.857071483685677,0.9924822800496546,-2.8290559167663067,-0.3566758479976896
26.708333333333332,0.22509578112063047,-4.638258578033265,0.9655968045736304,-3.6240146550400385,-0.3566758479976521
26.716666666666665,0.18745190513066076,-4.391065406458524,0.9320700143869087,-4.423329527988501,-0.3566758479976919
26.724999999999998,0.1520061135534147,-4.109759090746239,0.8918553268996966,-5.229640048212417,-0.35667584799769003
26.733333333333334,0.1190666989027637,-3.788571938786116,0.8448793070689944,-6.046820819498122,-0.3566758479976418
26.741666666666667,0.0889900885962843,-3.4217229496520805,0.7910295657404037,-6.880420693455462,-0.35667584799769314
26.75,0.06218077971214527,-3.0034750552289955,0.7301390674777363,-7.738057747921008,-0.3566758479976892
26.758333333333333,0.03909014180404205,-2.528390912719767,0.661968169656412,-8.629501901828862,-0.35667584799766827
26.766666666666666,0.020210967347676762,-1.9922016307500872,0.5861893601354383,-9.565776556163373,-0.3566758479976418
26.775,0.006059055081263627,-1.394296981882369,0.5023887463310525,-10.555629128005407,-0.3566758479976482
26.78333333333333,-0.0028798981383596225,-0.744078496349055,0.4101199278991506,-11.595609566782127,-0.35667584799866464
26.791666666666668,-0.006285633213698371,-0.07507079206076847,0.3090900032898073,-12.64697244894585,-0.356675847997423
26.8,-0.004298020187422126,0.5315188868898728,0.19961175712202153,-13.595605816738738,-0.35667584799605806
26.808333333333334,0.002006523837169943,0.9335680807459231,0.08337652056448294,-14.226228591124473,-0.35667584799858937
26.816666666666666,0.0102745191406596,0.9849318507012066,-0.03595355208341695,-14.310215992585098,-0.35667584799863267
26.825,0.01736748613681624,0.6623923574420104,-0.15348147299926232,-13.810864626237253,-0.35667584799934215
26.833333333333332,0.020620374182460426,0.09063672733552391,-0.2650564099394862,-12.924103910179262,-0.35667584799801005
26.841666666666665,0.018617846765489877,-0.5770419306684492,-0.36846994597185134,-11.884818029728253,-0.3566758479980513
26.849999999999998,0.011014421027225304,-1.2424726450487762,-0.46311477275719,-10.834662339153397,-0.3566758479974547
26.858333333333334,-0.0019590097085428718,-1.8616831524329984,-0.5491734484430746,-9.828383064355824,-0.3566758479980796
26.866666666666667,-0.01984479224776877,-2.4205057056656196,-0.6270720547773309,-8.875926706929253,-0.3566758479980069
26.875,-0.04212913833258457,-2.917685388728947,-0.6972361784517583,-7.970385275857997,-0.3566758479980479
26.883333333333333,-0.0683115965666378,-3.356849425096208,-0.7600114364236914,-7.100743939166885,-0.3566758479979936
26.891666666666666,-0.09793005615266914,-3.743260057065315,-0.8156526998165314,-6.256659783441031,-0.3566758479980029
26.9,-0.13056863088775533,-4.0826452268107225,-0.8643368788928503,-5.429849274322588,-0.3566758479980479
26.90833333333333,-0.16585971395068413,-4.380836188839054,-0.9061809589315233,-4.614176572189927,-0.3566758479979967
26.916666666666668,-0.20348438158893567,-4.643680106047744,-0.9412585833678704,-3.805302884774101,-0.3566758479980032
26.925,-0.24317242012246665,-4.877016099571338,-0.9696131771945657,-3.000242007203757,-0.3566758479980401
26.933333333333334,-0.2847021037217923,-5.086630500820829,-0.9912675247360436,-2.1969709792012524,-0.35667584799799457
26.941666666666666,-0.3278993602428851,-5.278148437363182,-1.0062306433948407,-1.394184032897105,-0.3566758479980037
26.95,-0.3726356204429472,-5.456816987871434,-1.0145035139788614,-0.591282522579392,-0.35667584799805757
26.958333333333332,-0.41882315837085315,-5.627102819797384,-1.0160861803313244,0.21125583771494702,-0.35667584799796714
26.966666666666665,-0.46640585087605835,-5.791965258941481,-1.0109902988460862,1.0108874284820895,-0.3566758479980022
26.974999999999998,-0.5153417781606423,-5.951580561555109,-0.9992637777844862,1.8010168338390804,-0.3566758479981582
26.983333333333334,-0.5655719349488108,-6.101241386402123,-0.981037713398931,2.5675629068597092,-0.35667584799793
26.991666666666667,-0.6169675449751225,-6.228356852468576,-0.9566086348957975,3.283985589748753,-0.356675847998018
27.0,-0.6692511827922153,-6.309472033819008,-0.9265640525506611,3.9063998549050796,-0.356675847997363
27.008333333333333,-0.7219033966282399,-6.310556678393965,-0.8919305986296201,4.3743953934685225,-0.3566758479984737
27.016666666666666,-0.7741039279758348,-6.195839868140271,-0.8542597674168971,4.626582247346479,-0.3566758479980342
27.025,-0.8247883005509746,-5.945757351182896,-0.8155129112540981,4.631611517437903,-0.35667584799866625
27.03333333333333,-0.8728514640123728,-5.571155611578762,-0.7776940245017573,4.412236732098234,-0.35667584799763963
27.041666666666668,-0.9173950271411696,-5.108212919866286,-0.742413156915806,4.035638484608169,-0.3566758479980393
27.05,-0.9578609896436004,-4.599054230344794,-0.7106538447366538,3.579008610729923,-0.35667584799803886
27.058333333333334,-0.9940097120444166,-4.076385351811627,-0.6828161175892755,3.102410495611327,-0.35667584799810514
27.066666666666666,-1.0258179471555167,-3.5595567953909764,-0.6589008840814092,2.6417722519587716,-0.35667584799805846
27.075,-1.0533770590069762,-3.0574249328160024,-0.6386945669016785,2.2138711200669565,-0.35667584799800767
27.083333333333332,-1.0768230181155867,-2.5724640546876727,-0.6218979830411528,1.8235827026829226,-0.35667584799806495
27.091666666666665,-1.0962969750282803,-2.103842570484219,-0.6082010634653605,1.469361267985526,-0.3566758479980551
27.099999999999998,-1.1119260595879563,-1.6492444935967916,-0.5973212916011416,1.1465391912820913,-0.35667584799805135
27.108333333333334,-1.123815408198249,-1.2058128236097359,-0.5890215620180188,0.8490875661234425,-0.3566758479980554
27.116666666666667,-1.132045716719609,-0.7705831500642374,-0.583117490462707,0.5704756990338348,-0.3566758479980547
27.125,-1.1366731570720174,-0.34064722957991095,-0.5794797904781112,0.3040480789421269,-0.35667584799805463
27.133333333333333,-1.1377300276689348,0.08681835818177414,-0.5780346459485423,0.043156993184139486,-0.35667584799805474
27.141666666666666,-1.1352253444432345,0.5145866172165898,-0.5787635252401815,-0.2188206823805346,-0.35667584799805474
27.15,-1.1291450244948587,0.9454385759417817,-0.5817030786472669,-0.48851112627468996,-0.35667584799805485
27.15833333333333,-1.1194515736702255,1.3822198981609235,-0.5869452809664603,-0.7725672226757629,-0.35667584799805396
27.166666666666668,-1.1060834008585758,1.827868485314672,-0.5946375845504265,-1.0776374949573249,-0.35667584799805474
27.175,-1.0889541646538594,2.2853694920941416,-0.6049823270796867,-1.4102009848320576,-0.35667584799806606
27.183333333333334,-1.0679530608540195,2.757556195686592,-0.6182337340495997,-1.7761226782075472,-0.3566758479980424
27.191666666666666,-1.042947908999957,3.2466035831839513,-0.6346891761993694,-2.1796601274704486,-0.35667584799805274
27.2,-1.0137946228234198,3.752946244031831,-0.6546683211216096,-2.621453551193148,-0.3566758479981483
27.208333333333332,-0.9803594503359984,4.273222146190307,-0.6784689601782352,-3.0948113829544446,-0.35667584799800356
27.216666666666665,-0.9425637622957579,4.796888071482408,-0.7062824785846735,-3.5796928308402514,-0.3566758479980551
27.224999999999998,-0.9004616218809938,5.301955059911557,-0.7380513800069584,-4.035207205342397,-0.35667584799761837
27.233333333333334,-0.8543477145453807,5.752754240019232,-0.7732737373397294,-4.39576069982492,-0.3566758479985006
27.241666666666667,-0.8048545659362227,6.105884176065141,-0.8108273395951212,-4.581638978999004,-0.3566758479980914
27.25,-0.7529502764160967,6.327823186362644,-0.8489700026899014,-4.530162702619821,-0.35667584799864355
27.258333333333333,-0.6997720989076567,6.413586115283796,-0.8856309541363201,-4.22893231854287,-0.356675847997619
27.266666666666666,-0.6463680970004377,6.387834954751727,-0.918869186777288,-3.7186116956198183,-0.35667584799808755
27.275,-0.5935134606229193,6.287984110010052,-0.9472080238790008,-3.0640903001380924,-0.35667584799817553
27.28333333333333,-0.541681560381462,6.146968416834106,-0.9697030943019644,-2.3245765508592418,-0.3566758479982124
27.291666666666668,-0.49111766262197354,5.986267357166445,-0.9858307341761717,-1.5411988323894577,-0.3566758479981268
27.3,-0.44193433106311875,5.816721456900481,-0.9953359545872016,-0.7380739991024284,-0.3566758479980118
27.308333333333334,-0.39418685175495816,5.641794648181174,-0.9981123685845926,0.07232604277121105,-0.3566758479981582
27.316666666666666,-0.34792188178047007,5.46050202827776,-0.9941263704367036,0.8843353960081264,-0.3566758479981248
27.325,-0.30320569049416346,5.269373325837768,-0.9833747999825276,1.695915273537694,-0.3566758479980836
27.333333333333332,-0.2601395580194717,5.063620329444622,-0.9658629087904069,2.5068813730856108,-0.35667584799813346
27.341666666666665,-0.21886775074099613,4.837794296486671,-0.9415929048537465,3.3180651670896113,-0.3566758479981247
27.349999999999998,-0.17958137195760981,4.5861461875824405,-0.9105568986683609,4.131048558251692,-0.35667584799808383
27.358333333333334,-0.14251998204403024,4.302817312745594,-0.872730491188292,4.948246658295905,-0.3566758479981315
27.366666666666667,-0.10797207688291693,3.981931581360999,-0.8280647137333335,5.7732025659382655,-0.35667584799812474
27.375,-0.07627504248873013,3.6176365995940922,-0.7764749695638961,6.61099644788028,-0.35667584799807406
27.383333333333333,-0.04781478718618036,3.2041535083298,-0.7178264663189469,7.468654340529444,-0.3566758479981337
27.391666666666666,-0.023024509660219884,2.7359675298116217,-0.6519169467227196,8.355333638097582,-0.3566758479981222
27.4,-0.002380265830426838,2.2084881075449343,-0.5784604702732944,9.281752140574339,-0.35667584799817165
27.40833333333333,0.013613444729672566,1.6199813617033652,-0.4970832086222804,10.257551587640021,-0.35667584799797725
27.416666666666668,0.02446530760008743,0.9765968828818021,-0.4073594749496884,11.283556649795747,-0.3566758479980849
27.425,0.029804983985822753,0.30391384353650747,-0.3089530338953132,12.333027465042479,-0.3566758479990573
27.433333333333334,0.029626672336090076,-0.3319809883280461,-0.20198346180476748,13.316133740298424,-0.3566758479984884
27.441666666666666,0.024719884574847743,-0.8052382871596601,-0.08771681798204153,14.045011123433849,-0.35667584799571384
27.45,0.017091340359774495,-0.962944167599728,0.030720181805636695,14.28199204002922,-0.3566758479981493
27.458333333333332,0.009740391755743691,-0.7417242717143866,0.14864526526570168,13.927079256907474,-0.35667584799659624
27.466666666666665,0.005530708755952406,-0.23399996699682196,0.2615902559626876,13.125915598369131,-0.3566758479981111
27.474999999999998,0.006200894282648697,0.4053458561175356,0.36684493237041904,12.11797706653177,-0.3566758479980585
27.483333333333334,0.012331267313992578,1.0628656575873998,0.4634561745181703,11.070592819142558,-0.35667584799801233
27.491666666666667,0.023807998772329766,1.6828974073394132,0.5514543440447429,10.057289274527319,-0.356675847998584
27.5,0.04021804029683285,2.2452861625152565,0.6312270149920938,9.09707359863994,-0.3566758479984213
27.508333333333333,0.06105808937192679,2.7461836915073814,0.7032106477943139,8.186501575286512,-0.356675847998454
27.516666666666666,0.08582397058954071,3.188179964930273,0.7677787002349621,7.315532428630896,-0.3566758479984064
27.525,0.11404422513568312,3.5761243872888873,0.8252173293776682,6.4738385259680555,-0.35667584799844354
27.53333333333333,0.1452912537061671,3.9155482435132045,0.8757333208684868,5.65284926723556,-0.3566758479984601
27.541666666666668,0.17918437563356468,4.212136670786385,0.9194708762903693,4.846103771798295,-0.3566758479984116
27.55,0.21539035591383554,4.47158081064693,0.956528366098856,4.048999906992716,-0.3566758479984401
27.558333333333334,0.25362326867028884,4.699539507368328,0.9869721187430309,3.2583782067037883,-0.35667584799845264
27.566666666666666,0.29364409913442274,4.901604167231157,1.010846727849341,2.472121745752467,-0.35667584799841345
27.575,0.3352598978563698,5.0832208086355,1.0281824159877253,1.6888618329601293,-0.3566758479984402
27.583333333333332,0.37832199188153814,5.249535430212871,1.039000634029092,0.9078618544429673,-0.3566758479984543
27.591666666666665,0.42272242513892033,5.405112747168708,1.0433197547338289,0.12917613224913926,-0.35667584799839464
27.599999999999998,0.4683872356186591,5.553438875198275,1.0411637544337098,-0.6457584738827037,-0.35667584799845986
27.608333333333334,0.5152641910040935,5.696057903099163,1.0325784678745193,-1.4128453998245085,-0.3566758479984937
27.616666666666667,0.563301084495707,5.831132177469714,1.0176625289587906,-2.163019776799441,-0.3566758479983403
27.625,0.6124089654626865,5.951254325953305,0.9966229059888592,-2.8786388192627146,-0.3566758479984418
27.633333333333333,0.6624045745279501,6.0407589715128855,0.969864865182552,-3.529031855873752,-0.35667584799825697
27.641666666666666,0.7129329388773582,6.0740730917943475,0.9381144141709901,-4.067887047084982,-0.35667584799887564
27.65,0.7633925236750472,6.0187291165537635,0.9025342759608495,-4.438699701625728,-0.3566758479982006
27.65833333333333,0.8129188022122157,5.84663331979578,0.8647373206990712,-4.594353740609843,-0.35667584799844776
27.666666666666668,0.8604874252784959,5.549886201056011,0.826593669265825,-4.524237642394618,-0.35667584799802277
27.675,0.9051221533874608,5.147622817167584,0.7898603587521028,-4.265433392358895,-0.3566758479986559
27.683333333333334,0.9460884335683679,4.675951071619579,0.7558421524068073,-3.884495667202212,-0.3566758479985705
27.691666666666666,0.9829634022605485,4.171045322919072,0.7252724492854589,-3.4475483103350246,-0.3566758479984953
27.7,1.0155869961574608,3.6589566136128244,0.6984040386521507,-3.002318973624079,-0.35667584799844276
27.708333333333332,1.0439676790186652,3.1543905625872934,0.6751799738051364,-2.575958170393687,-0.3566758479984347
27.716666666666665,1.06819922741912,2.663723995770194,0.6553851657175026,-2.18034081249662,-0.3566758479984918
27.724999999999998,1.0884058752756238,2.1883830107136943,0.6387479484058322,-1.818047955191846,-0.3566758479984657
27.733333333333334,1.1047118115636654,1.727238354901045,0.624998321967801,-1.4866538642999958,-0.35667584799846686
27.741666666666667,1.1172263037850354,1.2780049288565303,0.6138980213651015,-1.1812765677110701,-0.3566758479984724
27.75,1.1260374406612277,0.8379658636961593,0.6052546688421153,-0.8959423612148802,-0.3566758479984705
27.758333333333333,1.131210114181984,0.40430449512164257,0.5989277268887142,-0.6242565466634739,-0.35667584799847063
27.766666666666666,1.1327857985497416,-0.025773537714272293,0.5948305897083501,-0.3596996356420728,-0.3566758479984709
27.775,1.1307828534955566,-0.4550239034133273,0.5929310924310582,-0.09573344032713722,-0.3566758479984707
27.78333333333333,1.1251967349764584,-0.8861950201526941,0.5932515489099979,0.17417881936493662,-0.3566758479984707
27.791666666666668,1.115999871231224,-1.3220719418333173,0.5958687479186455,0.45657339392092466,-0.3566758479984705
27.8,1.1031412239883351,-1.7655026966675706,0.6009138534898457,0.7579522575945086,-0.3566758479984718
27.808333333333334,1.0865458349242887,-2.2193670826671967,0.608571638731935,1.0846416838815836,-0.35667584799847535
27.816666666666666,1.0661150967184807,-2.6864186673230357,0.6190776893429147,1.4424192197539485,-0.3566758479984584
27.825,1.0417292816110564,-3.168873113294483,0.6327108052260305,1.8356853587027457,-0.3566758479984859
27.833333333333332,1.013255287943466,-3.667520609981595,0.6497753265075328,2.265792179587952,-0.3566758479985158
27.841666666666665,0.9805649106346892,-4.180023093884448,0.6705640383093604,2.727942574696017,-0.356675847998407
27.849999999999998,0.9435719856859267,-4.6980452822403835,0.6952870874304434,3.206064836216906,-0.35667584799847596
27.858333333333334,0.9022981377828496,-5.203386571582887,0.7239501534730026,3.665989615424491,-0.3566758479983132
27.866666666666667,0.8569690176559448,-5.6651069572061425,0.7561791826256322,4.050462398603684,-0.35667584799895075
27.875,0.80811382985895,-6.042644256061671,0.7910402514519813,4.284774719323314,-0.356675847998262
27.883333333333333,0.7565955443143799,-6.299583030967949,0.8269828637900755,4.301201668355754,-0.35667584799861807
27.891666666666666,0.7034964703157884,-6.422350561981061,0.8620400993949707,4.07228550621326,-0.3566758479979336
27.9,0.6498863112938094,-6.426943902535349,0.8942401290430809,3.623393553364119,-0.3566758479987453
27.90833333333333,0.5966156501428783,-6.34693087762058,0.921979857893792,3.0124602233250277,-0.3566758479986495
27.916666666666668,0.5442446516200314,-6.215973933501408,0.9441665926573685,2.2997377074232355,-0.35667584799860974
27.925,0.4930896732135165,-6.058155781551842,0.960154147666724,1.5307429690798724,-0.3566758479984816
27.933333333333334,0.44331204310443034,-5.886873490621605,0.9696030080018545,0.7339736008412645,-0.3566758479984682
27.941666666666666,0.39499723398457215,-5.707461555120012,0.9723542263656576,-0.07486778742785041,-0.3566758479985903
27.95,0.3482093951927451,-5.520138181830329,0.9683436004762774,-0.8880320320982703,-0.3566758479985175
27.958333333333332,0.30302438057444303,-5.322161323217805,0.9575510279064484,-1.7022312911451059,-0.3566758479985083
27.966666666666665,0.25954832788236654,-5.109174316506218,0.9399728078618832,-2.5165705046198594,-0.3566758479985568
27.974999999999998,0.21792754993389407,-4.875988114051042,0.9156066296708398,-3.3315000792193574,-0.35667584799852464
27.983333333333334,0.17835345921850349,-4.617021370921508,0.8844423723030743,-4.148416463998005,-0.35667584799850816
27.991666666666667,0.14106472568419515,-4.326542700963157,0.8464544489996961,-4.969657665466734,-0.35667584799855623
28.0,0.10634792632015586,-3.998801688573729,0.8015931257988902,-5.7987320314024595,-0.3566758479985219
28.008333333333333,0.07453735069819453,-3.628110702862062,0.749773386371722,-6.640658333812807,-0.35667584799850155
28.016666666666666,0.046014073652090925,-3.2089564174304535,0.6908609780218989,-7.502271495966427,-0.35667584799855867
28.025,0.021203459165168987,-2.736304812091686,0.6246569280947157,-8.392218050272696,-0.3566758479985273
28.03333333333333,0.0005680990327358052,-2.206487154190502,0.5508853814140351,-9.320008006122446,-0.35667584799857627
28.041666666666668,-0.015411906891478325,-1.6195692224430625,0.4691979602709869,-10.29263718901058,-0.3566758479983266
28.05,-0.02629079039381412,-0.9851260501785671,0.3792267968217808,-11.305541252178589,-0.3566758479988062
28.058333333333334,-0.031782088998977547,-0.3345935178289772,0.28075538027924624,-12.322329035015242,-0.35667584799893237
28.066666666666666,-0.032020711210814214,0.2587213717846103,0.17411895121492887,-13.240652891062634,-0.35667584799829866
28.075,-0.027978821987031575,0.6682312365607719,0.060877349819776924,-13.869872186688177,-0.3566758479995648
28.083333333333332,-0.021777379381177867,0.7596475222734201,-0.055645520632045906,-14.000818846061144,-0.356675847998884
28.091666666666665,-0.016310005269104467,0.49919085304051974,-0.1709147116304563,-13.580272012218458,-0.35667584799891555
28.099999999999998,-0.01415649700938405,-0.011741626962320395,-0.28088923733878185,-12.767452121892633,-0.35667584799877206
28.108333333333334,-0.016804219677275585,-0.6319302258648931,-0.38322705762673376,-11.779327521099136,-0.3566758479984455
28.116666666666667,-0.02471340557394219,-1.2627914454415945,-0.47713209311744836,-10.759826667386939,-0.35667584799846014
28.125,-0.03774418716986693,-1.8562749525133972,-0.5626479871647505,-9.771418226673694,-0.35667584799888497
28.133333333333333,-0.05549738222328097,-2.394779570337645,-0.6401220285788092,-8.830295450169114,-0.35667584799877344
28.141666666666666,-0.07749448286266104,-2.874888177490075,-0.7099430769665803,-7.933470825949625,-0.35667584799880114
28.15,-0.10325638330040224,-3.2989718421785925,-0.7724453300930689,-7.072212934061419,-0.3566758479987521
28.15833333333333,-0.1323342255987958,-3.6715528298343547,-0.8278868563935003,-6.237493714358201,-0.3566758479987906
28.166666666666668,-0.16432042960564597,-3.997879480439517,-0.8764562320721089,-5.421800462529447,-0.356675847998805
28.175,-0.19885223646303926,-4.283414217404227,-0.9182871662980866,-4.619471381104756,-0.3566758479987576
28.183333333333334,-0.23561264686717656,-4.533660840472866,-0.9534732738132846,-3.826492155236405,-0.35667584799878693
28.191666666666666,-0.27433043790843187,-4.754091665508754,-0.9820803726287619,-3.04014627374,-0.3566758479987979
28.2,-0.3147796176734599,-4.950074799950471,-1.004155896209199,-2.2586917908504,-0.3566758479987587
28.208333333333332,-0.3567780964277469,-5.126752105995929,-1.019736064314091,-1.481160352808421,-0.35667584799878793
28.216666666666665,-0.40018498999585966,-5.2888247753565665,-1.0288521815466916,-0.7073647137549273,-0.35667584799880214
28.224999999999998,-0.44489554228496114,-5.440182839005449,-1.0315382567491396,0.06176776063237496,-0.3566758479987361
28.233333333333334,-0.4908319627168473,-5.5832733618688,-1.0278433621618848,0.8233540882832471,-0.35667584799881
28.241666666666667,-0.5379273811100823,-5.71805069710325,-1.0178539976751912,1.5709466105789234,-0.35667584799883256
28.25,-0.586098703241958,-5.840339401690714,-1.0017340510396295,2.2918834764944447,-0.3566758479987176
28.258333333333333,-0.635203262305729,-5.939620079826378,-0.9797912739276537,2.9636445788170205,-0.35667584799874485
28.266666666666666,-0.6849766664115821,-5.996951064784741,-0.952574628480323,3.5504707446817014,-0.356675847998534
28.275,-0.7349609425487065,-5.985239784014392,-0.9209865181746453,4.004069236729836,-0.3566758479992022
28.28333333333333,-0.7844569572804427,-5.875350387086745,-0.8863512079328832,4.274357715004527,-0.35667584799865926
28.291666666666668,-0.8325572565617968,-5.648837634786494,-0.8503434267278493,4.331451783023576,-0.3566758479989547
28.3,-0.8782891803821697,-5.3096853706366565,-0.8147280006339258,4.185569373796989,-0.3566758479984239
28.308333333333334,-0.9208099764045614,-4.883693659764688,-0.7810142889455121,3.8852622226861264,-0.3566758479989329
28.316666666666666,-0.9595397395697787,-4.405555327974002,-0.7502244482096876,3.494315343272373,-0.35667584799884633
28.325,-0.9941760617599777,-3.9055110286493826,-0.7228717095674502,3.0681435035023155,-0.3566758479988466
28.333333333333332,-1.0246274586273612,-3.4036579694486777,-0.6990822261939443,2.6437242443581908,-0.3566758479987904
28.341666666666665,-1.0509289125147394,-2.9106702491208676,-0.6787487253998099,2.240838611434303,-0.3566758479987887
28.349999999999998,-1.0731753038383343,-2.430764928947819,-0.6616527439649543,1.8673048232630287,-0.35667584799882657
28.358333333333334,-1.0914795194183566,-1.9644281041681462,-0.6475431399921718,1.5238310381175688,-0.35667584799880975
28.366666666666667,-1.1059495905996657,-1.5102390864341442,-0.6361805359825307,1.2073062767624907,-0.35667584799881075
28.375,-1.1166775980463122,-1.0659140127247408,-0.6273603354432229,0.9127266942591492,-0.35667584799881374
28.383333333333333,-1.1237349734948576,-0.6288403898948988,-0.6209237331159564,0.6342252407961715,-0.3566758479988127
28.391666666666666,-1.1271709148313225,-0.1963186989550432,-0.6167625229730768,0.3655812168440909,-0.3566758479988129
28.4,-1.1270120917961863,0.23435224660451603,-0.6148209524207751,0.1004500800038571,-0.3566758479988133
28.40833333333333,-1.12326270343492,0.6658662268780373,-0.6150963088443255,-0.1675441401895706,-0.3566758479988131
28.416666666666668,-1.1159044676854726,1.1009284319648849,-0.6176389932927014,-0.44476621231643587,-0.3566758479988133
28.425,-1.1048964649447452,1.5422657384961724,-0.6225522134886641,-0.7375100430661554,-0.3566758479988119
28.433333333333334,-1.0901750685094762,1.9925874982940492,-0.6299908585592304,-1.051847313820863,-0.3566758479988152
28.441666666666666,-1.0716546157972142,2.4544333639183065,-0.6401583570400602,-1.3932706330307512,-0.35667584799882174
28.45,-1.0492301771655566,2.929798355594164,-0.6532990703979459,-1.7659373042732156,-0.3566758479987926
28.458333333333332,-1.0227849881441577,3.4193500941812998,-0.6696816523369012,-2.1711904170654783,-0.3566758479988343
28.466666666666665,-0.9922070284764569,3.9209652734138265,-0.68956547192626,-2.604885280047511,-0.35667584799885593
28.474999999999998,-0.9574216322274897,4.427314755769708,-0.7131380790328679,-3.053062383972223,-0.3566758479987987
28.483333333333334,-0.9184480137638877,4.922639472020884,-0.7404101137569524,-3.486243012440412,-0.3566758479987349
28.491666666666667,-0.8754814724978175,5.380251131687448,-0.7710650485487162,-3.8550690708934883,-0.35667584799851837
28.5,-0.8289807363032989,5.7646047838548595,-0.8043004931773311,-4.094055173772991,-0.3566758479991957
28.508333333333333,-0.7797038212799444,6.041903153544473,-0.8387612186291739,-4.1404175140401955,-0.3566758479988616
28.516666666666666,-0.7286274386702177,6.195899485171255,-0.8726790282606607,-3.9622009498535102,-0.3566758479992095
28.525,-0.6767570773622096,6.235959676769893,-0.904208819716359,-3.5730745164821283,-0.35667584799846086
28.53333333333333,-0.6249352738489543,6.189523382707046,-0.9317738545905858,-3.0198483806286314,-0.3566758479989408
28.541666666666668,-0.5737525908712999,6.087300953609801,-0.9542361552670702,-2.356981277743916,-0.3566758479988601
28.55,-0.5235679459388332,5.953182355696495,-0.9708772293984657,-1.6289224376085236,-0.356675847998951
28.558333333333334,-0.4745804618342624,5.801674128101408,-0.9812874206269743,-0.8653710224070547,-0.3566758479988271
28.566666666666666,-0.426902541639105,5.639493209228066,-0.9852506237569583,-0.0837470972950217,-0.35667584799882357
28.575,-0.3806142679149775,5.468078287482729,-0.9826591159032515,0.7067055192126092,-0.35667584799890295
28.583333333333332,-0.33579834597115465,5.285644395787822,-0.973460135031477,1.5015875672457972,-0.35667584799885366
28.591666666666665,-0.2925608209796254,5.088552382075773,-0.9576251719443252,2.2992130957998915,-0.35667584799884405
28.599999999999998,-0.25104274981936325,4.872143825732931,-0.9351327719399578,3.099443578719195,-0.35667584799888685
28.608333333333334,-0.21142647051203037,4.631230715167858,-0.9059581444017605,3.903172473440802,-0.35667584799885577
28.616666666666667,-0.17393872880667643,4.3603783570363195,-0.8700652175494589,4.712221435596508,-0.35667584799883967
28.625,-0.13885199019292377,4.054069588329557,-0.827398419852394,5.529487717858016,-0.35667584799888885
28.633333333333333,-0.10648466016787263,3.7068123951325473,-0.7778726063002326,6.359222930978819,-0.35667584799885166
28.641666666666666,-0.07720041145463075,3.313261476310087,-0.7213605527387364,7.207311281640249,-0.3566758479988353
28.65,-0.051406014261212565,2.8684881748814086,-0.6576788696194547,8.081316881907194,-0.35667584799888385
28.65833333333333,-0.029545329294246594,2.3687067098954935,-0.5865760824722575,8.98979316006305,-0.3566758479988785
28.666666666666668,-0.012083104159911515,1.8131654624979336,-0.5077332314743117,9.93968663471377,-0.356675847998998
28.675,0.0005367268743362185,1.2087220118601336,-0.42080221818777097,10.929284449330588,-0.35667584799849195
28.683333333333334,0.007990970641249614,0.5797574769836648,-0.3255368870262806,11.9320953783387,-0.356675847999127
28.691666666666666,0.010290355071235841,-0.01464130223514964,-0.22211214405836868,12.86781983437615,-0.3566758479988831
28.7,0.008142001692085496,-0.46562651441250363,-0.11170272023472252,13.574816025605468,-0.3566758479989277
28.708333333333332,0.0033057188901981253,-0.6396349099259947,0.002915952446344962,13.846544488537097,-0.3566758479989391
28.716666666666665,-0.0015511006606870137,-0.4704588849176046,0.11755245245619668,13.578942907960121,-0.3566758479985093
28.724999999999998,-0.0037568259702188403,-0.023393616271617262,0.22800873560410043,12.874656325971747,-0.35667584799880014
28.733333333333334,-0.001543131115319436,0.5680811516450212,0.3314963816800668,11.940162104621486,-0.35667584799833907
28.741666666666667,0.005803842946558771,1.1947175037362427,0.4268311340352041,10.937811773683356,-0.35667584799917107
28.75,0.018298161459763984,1.7970641631905728,0.5138344879623302,9.948534795794851,-0.3566758479990762
28.758333333333333,0.03561761332977753,2.350537166958583,0.5927530798278803,8.999176403721135,-0.35667584799900076
28.766666666666666,0.05731806463447247,2.8481867939443757,0.6639375794884763,8.091616045638716,-0.3566758479990282
28.775,0.08293405105032425,3.2907251080485365,0.7277104680769546,7.218980595663063,-0.3566758479990248
28.78333333333333,0.11202076038905148,3.6819172478805227,0.7843271577821749,6.372748979604242,-0.35667584799907726
28.791666666666668,0.1441703171958599,4.026673843672164,0.8339751645658253,5.545372599039982,-0.3566758479990309
28.8,0.17901777734876728,4.330317637201616,0.8767859376743425,4.730976519760527,-0.3566758479990254
28.808333333333334,0.2162432477066309,4.598311193204769,0.9128489145093125,3.9253163501888038,-0.35667584799906826
28.816666666666666,0.25557250277958443,4.83613613802821,0.9422240123958231,3.125500117498551,-0.3566758479990302
28.825,0.29677672802080485,5.0491895982685175,0.964951670917778,2.3297048687625357,-0.3566758479990263
28.833333333333332,0.3396712238493883,5.242628947338335,0.981060970190846,1.5370165719548723,-0.35667584799907187
28.841666666666665,0.38411240214535325,5.42110646743319,0.9905773144963139,0.7475064026470614,-0.3566758479990216
28.849999999999998,0.42999184445040534,5.588312639395531,0.9935322314996473,-0.03730789055168657,-0.3566758479990201
28.858333333333334,0.47722533224497277,5.746200185881697,0.9899793576067355,-0.8133946923222005,-0.3566758479991325
28.866666666666667,0.525733474026446,5.893711320521466,0.9800228557979437,-1.5722397120549356,-0.3566758479989949
28.875,0.5754090732720701,6.024855110628926,0.9638669266224895,-2.2977344779138225,-0.3566758479990263
28.883333333333333,0.626066104701853,6.1262998073273955,0.9418953135826935,-2.9622395394891665,-0.35667584799884683
28.891666666666666,0.6773701166405504,6.17565128294962,0.9147808827586348,-3.523873857632682,-0.35667584799917246
28.9,0.7287667046018049,6.143340284753893,0.8835961817345553,-3.9300684028357495,-0.35667584799915913
28.90833333333333,0.7794534409927364,6.0015381563493975,0.8498466731642239,-4.133189141774259,-0.3566758479989221
28.916666666666668,0.8284527735329594,5.7383887109628855,0.8153286858119763,-4.1150706833728306,-0.3566758479989116
28.925,0.8747901552093603,5.36679008138695,0.7818077729795365,-3.9017015430135498,-0.3566758479989681
28.933333333333334,0.917685637519418,4.918380913401185,0.7506794382056106,-3.5520135226921297,-0.35667584799929075
28.941666666666666,0.9566486398898171,4.428445044671381,0.7228042165609108,-3.130986511800393,-0.3566758479990725
28.95,0.9914553308041039,3.924551664719774,0.6985512723839724,-2.68949586030101,-0.3566758479990866
28.958333333333332,1.022066687731361,3.4235539934264048,0.6779474450142067,-2.258932283656788,-0.3566758479990179
28.966666666666665,1.04854585384181,2.933640485298582,0.6608281186446633,-1.8547716982716331,-0.3566758479990817
28.974999999999998,1.0709991911769419,2.4574883997702983,0.646946450281052,-1.4821493889322677,-0.356675847999077
28.983333333333334,1.0895413811887809,1.99474932393782,0.6360398620823612,-1.1403054901243854,-0.35667584799906743
28.991666666666667,1.1042772563342869,1.543598417189338,0.6278663855054766,-0.8254053609252219,-0.35667584799907454
29.0,1.1152934094367222,1.1015809219186388,0.6222229855122934,-0.5321282342379692,-0.35667584799907415
29.008333333333333,1.1226548960588405,0.6660273578056173,0.6189541101459495,-0.25449290574335176,-0.35667584799907415
29.016666666666666,1.1264042954817532,0.23422927790094136,0.6179553251577697,0.013744705131205539,-0.35667584799907415
29.025,1.1265616620389465,-0.19650833525723066,0.6191746736088116,0.2789174138032481,-0.35667584799907404
29.03333333333333,1.1231246448185002,-0.628870468850868,0.6226130762608196,0.54737519156993,-0.3566758479990745
29.041666666666668,1.1160685003366022,-1.06554820147809,0.6283242833868607,0.8254377850369653,-0.356675847999074
29.05,1.105346044739349,-1.509230585743211,0.6364142998852488,1.119303793181668,-0.35667584799907365
29.058333333333334,1.0908879316113236,-1.962524920652473,0.6470395863138395,1.4348303733670984,-0.35667584799908303
29.066666666666666,1.0726041445653824,-2.427728405579555,0.6604024352493418,1.7770463526966014,-0.3566758479990699
29.075,1.0503884428610368,-2.906319943895434,0.6767404203955271,2.1491678644931826,-0.35667584799906776
29.083333333333332,1.0241289037160026,-3.3979635399347057,0.6963043563582821,2.550753097494575,-0.3566758479991335
29.091666666666665,0.9937297348660945,-3.898755931831552,0.719315687942642,2.9745352044726943,-0.35667584799906177
29.099999999999998,0.959151466765859,-4.398577471547482,0.7458909305502066,3.401701816192212,-0.3566758479990818
29.108333333333334,0.9204754271087284,-4.878121053560848,0.7759230585703788,3.7966507113257753,-0.3566758479987683
29.116666666666667,0.8779870856170701,-5.307908442334216,0.8089297531044433,4.105289261902838,-0.35667584799923635
29.125,0.8322452147588106,-5.65337231054528,0.8439270070297089,4.264040647343176,-0.35667584799914975
29.133333333333333,0.784075091767672,-5.8876749982498895,0.8794371351992336,4.222530912768802,-0.3566758479994048
29.141666666666666,0.7344445524520735,-6.0049846609043405,0.9137047985719782,3.967301307939464,-0.3566758479989346
29.15,0.6842711304941563,-6.02220657866057,0.9450385811598658,3.5255251717143525,-0.3566758479990355
29.15833333333333,0.6342727882067664,-5.967951782953826,0.9720820537880274,2.946344610634495,-0.35667584799922175
29.166666666666668,0.5849269418728091,-5.869606946803695,0.9938994176051008,2.2785538206103872,-0.3566758479991571
29.175,0.5365134203827596,-5.746701352406954,1.0099152893171288,1.5589454293506342,-0.3566758479991424
29.183333333333334,0.4891854920488676,-5.610292924174371,1.019804078536774,0.8110049454717673,-0.3566758479990378
29.191666666666666,0.4430329955780751,-5.46494000709083,1.0233910524167873,0.04809853110464183,-0.3566758479991411
29.2,0.3981269799704746,-5.310927367767771,1.0205836605845982,-0.7228700677617288,-0.3566758479991321
29.208333333333332,0.3545478737374939,-5.1459458863682865,1.0113297797667984,-1.4987424681731314,-0.35667584799908947
29.216666666666665,0.3124022049569259,-4.966180916785079,0.9955941128995243,-2.278434897618854,-0.35667584799912755
29.224999999999998,0.27183216385387465,-4.766971342500706,0.9733450294182527,-3.06205446818967,-0.35667584799912994
29.233333333333334,0.23302089573252063,-4.5431976436426105,0.9445464299787848,-3.8505391605616595,-0.35667584799909025
29.241666666666667,0.19619529510749079,-4.289507615717847,0.9091511057854004,-4.645634134514296,-0.3566758479991253
29.25,0.16162735281820828,-4.0004466449274,0.8670933369936671,-5.450081247165112,-0.356675847999131
29.258333333333333,0.12963465252063505,-3.6705389370433643,0.8182793448338116,-6.267929904533388,-0.35667584799908
29.266666666666666,0.10058021759806404,-3.2943738376435077,0.7625749906914674,-7.104865697794135,-0.35667584799912644
29.275,0.07487127629059889,-2.866805521841137,0.6997912567173528,-7.968370111005778,-0.3566758479991289
29.28333333333333,0.052955085140210544,-2.383522715754649,0.6296704242472024,-8.867289922088121,-0.35667584799913854
29.291666666666668,0.03530654717967047,-1.842596095546269,0.5518814329936158,-9.809821022530544,-0.3566758479990765
29.3,0.022394539889048277,-1.2483570913016888,0.46604583170083247,-10.797649563431207,-0.35667584799902463
29.308333333333334,0.014597703421901474,-0.6201838561935032,0.3718430897133116,-11.811828815003269,-0.3566758479999429
29.316666666666666,0.012015845170561423,-0.009016466007537867,0.2692874981900099,-12.785165913468425,-0.3566758479991787
29.325,0.01412325079605105,0.4838103206118202,0.15927579490522298,-13.568934248898296,-0.3566758480003628
29.333333333333332,0.01935961528956059,0.7190061160170255,0.0442667489235913,-13.948712994841348,-0.3566758479992687
29.341666666666665,0.025121572545561077,0.6047836058876257,-0.07165713243294715,-13.780323158383732,-0.3566758480014765
29.349999999999998,0.02857830501466772,0.1838964477808631,-0.18405536834846667,-13.131082098759356,-0.35667584800014074
29.358333333333334,0.02770935788460454,-0.4095775002955792,-0.28975604474621935,-12.209435201750136,-0.3566758479986915
29.366666666666667,0.021615475117018283,-1.0541520163545963,-0.3873045930529433,-11.197694143846586,-0.35667584799969737
29.375,0.010194283612701195,-1.6805670398883559,-0.47640663051587084,-10.191928295045525,-0.3566758479993566
29.383333333333333,-0.006259805525088187,-2.2593309113169093,-0.5572827547892922,-9.22580267299006,-0.3566758479992854
29.391666666666666,-0.02730345263217744,-2.781569400913707,-0.6302917078057173,-8.303171516184173,-0.3566758479993337
29.4,-0.05246229509041747,-3.2473945251555536,-0.6957707310337308,-7.41712595264939,-0.3566758479993415
29.40833333333333,-0.08128007164699971,-3.660474346409234,-0.7539864566776134,-6.558471648125974,-0.35667584799939134
29.416666666666668,-0.11333749988230828,-4.025795706624389,-0.8051314082594109,-5.7188930677113055,-0.3566758479993306
29.425,-0.14825915832689904,-4.348819268891126,-0.8493359590332575,-4.891836471429519,-0.35667584799934055
29.433333333333334,-0.18571597736566423,-4.635180985258631,-0.88668334007595,-4.072505315509012,-0.3566758479993827
29.441666666666666,-0.2254261551771905,-4.890574717760449,-0.9172231438554177,-3.257566496327875,-0.3566758479993315
29.45,-0.2671552692972453,-5.120659679952042,-0.9409821537335219,-2.4448322398752835,-0.3566758479993412
29.458333333333332,-0.31071543926671613,-5.330914855708873,-0.9579729376784312,-1.633061870820766,-0.3566758479993869
29.466666666666665,-0.3559628370680334,-5.526376203741518,-0.9682017162328808,-0.8220086361897826,-0.35667584799931673
29.474999999999998,-0.4027922211165853,-5.711166039409715,-0.9716781974353587,-0.012879136775814246,-0.35667584799934127
29.483333333333334,-0.4511261928679115,-5.887666281469072,-0.968431817285437,0.7905361409490872,-0.3566758479994617
29.491666666666667,-0.5008953388971046,-6.055116642172672,-0.9585414467433548,1.579693371084283,-0.35667584799926083
29.5,-0.5520034865700689,-6.20741801968548,-0.9421888200529503,2.337732915371319,-0.3566758479993468
29.508333333333333,-0.60427146592984,-6.330252431561082,-0.9197471086452954,3.0347555436363933,-0.3566758479991292
29.516666666666666,-0.6573578502284358,-6.398819498902234,-0.891906943250047,3.624222763870084,-0.35667584799968677
29.525,-0.7106749099155609,-6.379736176847094,-0.8598078476072359,4.046606429021516,-0.35667584799937896
29.53333333333333,-0.7633539825824298,-6.241501266427759,-0.8250813453785143,4.2477771828149935,-0.35667584799924634
29.541666666666668,-0.8143309895103333,-5.971496483310018,-0.78968500343631,4.208377220334957,-0.35667584799901664
29.55,-0.8625557985639406,-5.585893497595753,-0.7555246246132027,3.960411986991984,-0.35667584799936647
29.558333333333334,-0.9072098199264882,-5.121353643490285,-0.7240685429319726,3.5719684377204888,-0.3566758479996124
29.566666666666666,-0.9478018859498722,-4.616906902657699,-0.6961803640328894,3.114967522737313,-0.3566758479994079
29.575,-0.9841294317249104,-4.101651963911184,-0.6721909572895917,2.643318083415034,-0.3566758479993961
29.583333333333332,-1.0161804672831465,-3.5924649400854625,-0.652076038819565,2.188747707863243,-0.35667584799932517
29.591666666666665,-1.0440423527367904,-3.0969584433017356,-0.6356226149783692,1.765951321573355,-0.3566758479994114
29.599999999999998,-1.067840324158027,-2.6171573215595685,-0.6225432038684113,1.3790839392047678,-0.35667584799939345
29.608333333333334,-1.0877029256390804,-2.152177226901494,-0.6125422494487673,1.0265544414128864,-0.3566758479993863
29.616666666666667,-1.1037450122123391,-1.6998063542545836,-0.6053508271502839,0.7039135423498106,-0.35667584799939417
29.625,-1.1160605225661622,-1.2573290608697454,-0.6007432606841496,0.4054113811505289,-0.3566758479993929
29.633333333333333,-1.124720092588049,-0.8219075630941876,-0.598544339198238,0.12477151634520683,-0.3566758479993932
29.641666666666666,-1.1297707590785215,-0.3907277470881069,-0.5986320396934085,-0.14445891493759114,-0.356675847999393
29.65,-1.1312363280823998,0.03897281668546535,-0.6009383350649231,-0.4087744438133621,-0.35667584799939295
29.65833333333333,-1.1291177246129072,0.4699293042691964,-0.6054493495073927,-0.6746748081044662,-0.3566758479993933
29.666666666666668,-1.1233930609523544,0.9048873435391823,-0.6122053628467585,-0.9486551788513279,-0.35667584799939245
29.675,-1.1140174442114243,1.3466224408674523,-0.6213006434611792,-1.2371647491861824,-0.356675847999393
29.683333333333334,-1.1009228292199382,1.7979015321411493,-0.632882564353165,-1.5464613625648778,-0.3566758479994007
29.691666666666666,-1.0840186472610707,2.2613209013653175,-0.647148689981708,-1.8822443883510074,-0.35667584799938434
29.7,-1.0631946819091735,2.7389036077958067,-0.6643392056078267,-2.248859508402977,-0.3566758479993919
29.708333333333332,-1.0383289564271163,3.231258061543162,-0.6847197902418762,-2.6477285836141604,-0.356675847999455
29.716666666666665,-1.0093054464651992,3.7360077220069896,-0.7085464667617593,-3.0745017024157946,-0.3566758479993549
29.724999999999998,-0.9760489330038628,4.2452204607172215,-0.7359996522935742,-3.5144681176041974,-0.35667584799939217
29.733333333333334,-0.9385850455903029,4.742060252119665,-0.767073477284322,-3.936635285359089,-0.3566758479991542
29.741666666666667,-0.8971260409874899,5.198461105149733,-0.8014197529197921,-4.289647324227352,-0.3566758479997136
29.75,-0.8521576800331938,5.578040632367539,-0.8381901938142715,-4.506940078509251,-0.3566758479994184
29.758333333333333,-0.8044651776064741,5.847986140624491,-0.8759861213907646,-4.527702781052083,-0.35667584799956514
29.766666666666666,-0.7550349920658479,5.995126601241278,-0.9130275759140577,-4.3253759480081975,-0.3566758479990495
29.775,-0.7048534590103233,6.032297714241804,-0.947507262828557,-3.9194487882994467,-0.35667584799941543
29.78333333333333,-0.6547207209721962,5.98883521251679,-0.9779238449576966,-3.3595727084409055,-0.35667584799963037
29.791666666666668,-0.6051773055286844,5.895485825971037,-1.0032234196876864,-2.6996295711078955,-0.3566758479994911
29.8,-0.5565364060178726,5.775246267623794,-1.022758210622606,-1.9817598099715714,-0.3566758479994461
29.808333333333334,-0.5089595867987967,5.641656545229742,-1.0361685287946232,-1.233175735439112,-0.3566758479993444
29.816666666666666,-0.4625286734442099,5.500748445681965,-1.0432693684690098,-0.4693061682655903,-0.3566758479994852
29.825,-0.41729755571760846,5.35358370218896,-1.043970023520233,0.3020022125587942,-0.3566758479994467
29.833333333333332,-0.3733248916276324,5.19822268252845,-1.038225256973509,1.077251407349832,-0.35667584799940877
29.841666666666665,-0.33069337518591835,5.030999684609364,-1.026008244032108,1.8552715104338249,-0.3566758479994572
29.849999999999998,-0.28952065877462474,4.847285716425503,-1.007296258567385,2.6361254292884015,-0.3566758479994468
29.858333333333334,-0.24996537340723696,4.6419294649491984,-0.982062753238541,3.420624204053391,-0.3566758479994122
29.866666666666667,-0.2122303370170676,4.409508077846686,-0.9502717417335582,4.210229945262027,-0.356675847999455
29.875,-0.1765641812298649,4.144465453135535,-0.9118718791183072,5.007207502640089,-0.3566758479994471
29.883333333333333,-0.1432621331998711,3.841182571181043,-0.8667885578300936,5.814936752069571,-0.35667584799940166
29.891666666666666,-0.1126663769165735,3.4940143979592797,-0.8149129817721219,6.6383126183835355,-0.3566758479994573
29.9,-0.08516607168822489,3.097348474076959,-0.7560878751269929,7.484129442423624,-0.3566758479994462
29.90833333333333,-0.061196380772365444,2.6458172077996216,-0.6900907468922132,8.361228840919148,-0.3566758479994157
29.916666666666668,-0.041234052416288455,2.1349961989440684,-0.6166185903313325,9.279872861034944,-0.35667584799941143
29.925,-0.025782617026786088,1.5633958477649148,-0.5352851706501943,10.249024144036593,-0.3566758479994323
29.933333333333334,-0.015329800731047324,0.9375617527325378,-0.44565935136584783,11.268500166526843,-0.3566758480002298
29.941666666666666,-0.010238296615482216,0.2836402820959149,-0.3474093678404929,12.31020636706723,-0.35667584799899743
29.95,-0.010501634907588906,-0.3318392393207792,-0.24067062942796405,13.28310831198856,-0.3566758479981571
29.958333333333332,-0.015318181988558454,-0.7837410480582514,-0.1267288468486603,14.000029377737848,-0.3566758479997727
29.966666666666665,-0.022683955310586233,-0.9220046032518838,-0.008709655867685876,14.227612927030435,-0.3566758479994261
29.974999999999998,-0.02962905977286539,-0.6861308217273633,0.10874726197228042,13.870387779265904,-0.35667584799921925
29.983333333333334,-0.0333298670564344,-0.1679380343812167,0.22123260010518972,13.0729228918426,-0.35667584799941204
29.991666666666667,-0.03207139869308169,0.4804398773753583,0.3260676003249534,12.070149813922052,-0.3566758479994504
30.0,-0.02527622556569891,1.1474923404767525,0.4222963504894901,11.026185943142332,-0.3566758479997689
