t,th1,w1,th2,w2,energy
0.0,-1.2000698516128494,0.0,1.4510943096590374,0.0,-0.18892317260744354
0.008333333333333333,-1.1988497805067992,0.29266856703943794,1.450701192409414,-0.0946628966110745,-0.18892317260744357
0.016666666666666666,-1.1951969745371875,0.5835628982189387,1.449506124718489,-0.1930932209627178,-0.18892317260744357
0.025,-1.1891334778257987,0.8709517635053251,1.447462180932476,-0.29900463379068437,-0.18892317260744368
0.03333333333333333,-1.1806954226121171,1.153193452606615,1.4444919138676104,-0.4159981853561674,-0.18892317260744387
0.041666666666666664,-1.1699320683960355,1.4287885458738876,1.440488567888833,-0.5474947752039353,-0.1889231726074434
0.05,-1.1569043701315418,1.6964402321295917,1.4353178951651435,-0.6966580858692148,-0.18892317260744382
0.058333333333333334,-1.1416830140485235,1.9551214521483147,1.4288206448865295,-0.8663109969902405,-0.18892317260744418
0.06666666666666667,-1.1243458751543114,2.2041458608578086,1.4208157521455353,-1.0588528415299774,-0.18892317260744274
0.075,-1.104974884676992,2.4432374752869683,1.4111041743049682,-1.2761889507206114,-0.18892317260744412
0.08333333333333333,-1.0836523450457727,2.6725924724031733,1.3994732142573136,-1.519686767099396,-0.18892317260744446
0.09166666666666666,-1.0604567859499714,2.8929265076120405,1.3857010465689077,-1.790173432086524,-0.18892317260744107
0.1,-1.035458504697265,3.105502569267829,1.3695610452683378,-2.087987601299956,-0.18892317260744484
0.10833333333333334,-1.0087149624102982,3.312137841695705,1.3508254240523663,-2.4130934807045272,-0.1889231726074452
0.11666666666666667,-0.9802662007430206,3.515192932108074,1.3292676586389782,-2.7652588380441703,-0.1889231726074344
0.125,-0.9501303928940215,3.717552358186418,1.3046631714782182,-3.144292995101386,-0.1889231726074486
0.13333333333333333,-0.9182995458741954,3.922610546717152,1.2767878071847667,-3.5503379089119558,-0.1889231726074472
0.14166666666666666,-0.8847352322323336,4.134282279270156,1.2454136797175936,-3.9842075915815274,-0.1889231726074056
0.15,-0.8493640536366208,4.357060870820838,1.2103019801187649,-4.447779990412467,-0.1889231726074655
0.15833333333333333,-0.8120723233233134,4.596152880171471,1.1711922343851537,-4.944462542279943,-0.18892317260745584
0.16666666666666666,-0.7726991784255492,4.857727839773436,1.1277872173346968,-5.479780390856654,-0.18892317260728186
0.175,-0.7310269419356388,5.149340594375329,1.0797321505201096,-6.062180483498211,-0.1889231726075432
0.18333333333333332,-0.686766934219954,5.480621661740114,1.0265857550280133,-6.7042187998383485,-0.18892317260749752
0.19166666666666665,-0.639537863522115,5.864405475951147,0.9677788381730614,-7.424431208007405,-0.1889231726066145
0.2,-0.5888319636321818,6.318614399012409,0.9025526414852743,-8.250444682238907,-0.18892317260797703
0.20833333333333334,-0.5339602934716011,6.869517213819718,0.8298626366009499,-9.22440375644186,-0.18892317260776864
0.21666666666666667,-0.47396118103329116,7.557601087241314,0.7482205578466495,-10.412862889947542,-0.1889231726022923
0.225,-0.4074408953538459,8.448517902997917,0.6554215123564153,-11.925448152682181,-0.18892317260847885
0.23333333333333334,-0.33228806572126557,9.653165602747992,0.5480542684755169,-13.949577066084364,-0.18892317260730435
0.24166666666666667,-0.24518160192708716,11.354337094075975,0.42064955450110963,-16.79816487811709,-0.18892317285262333
0.25,-0.14111968327488963,13.728793387290377,0.2648253533105355,-20.784786574077195,-0.18892317259302183
0.2583333333333333,-0.016465206923376084,15.935366600188134,0.07432791426809257,-24.5118705740734,-0.1889231726329038
0.26666666666666666,0.11530685680872949,15.092285403448379,-0.12825898708202296,-23.100934580695036,-0.18892317260658453
0.275,0.23036732062457105,12.521616076748234,-0.30281113098239104,-18.79561556231405,-0.18892317261610414
0.2833333333333333,0.3256056033870065,10.454457531537768,-0.44427889236595347,-15.3580697594943,-0.18892317263405467
0.2916666666666667,0.40632291325682407,9.00100524291909,-0.5616605635996339,-12.952429043471506,-0.1889231726070441
0.3,0.476727334345674,7.948268378345599,-0.6619821213753362,-11.210526844506166,-0.18892317261258962
0.30833333333333335,0.539493138115127,7.14919114127754,-0.7496432593999098,-9.882662222354444,-0.18892317260635183
0.31666666666666665,0.5963410732876893,6.517016577613096,-0.8274339890769,-8.823384317795556,-0.18892317260595037
0.325,0.6484269488450544,5.999528902630897,-0.8972031489864315,-7.946410282984182,-0.18892317260755082
0.3333333333333333,0.6965592258350528,5.563758145395344,-0.9602305552157212,-7.198348488722561,-0.18892317260646113
0.3416666666666667,0.7413218331433917,5.1878110619735,-1.0174371838913814,-6.544821158623659,-0.1889231726064195
0.35,0.7831461795304504,4.856434917429825,-1.0695094253104906,-5.9629990699490305,-0.18892317260671293
0.35833333333333334,0.8223551004956914,4.558512128544031,-1.1169762732895767,-5.437414585401773,-0.18892317260650862
0.36666666666666664,0.8591906646933932,4.285589037040179,-1.1602595580468031,-4.957501097675204,-0.1889231726064985
0.375,0.8938323603076507,4.030985294473729,-1.199707978424986,-4.51607337340067,-0.18892317260656585
0.3833333333333333,0.9264094068246352,3.7892461043223205,-1.2356208748906536,-4.108335439455504,-0.18892317260651895
0.39166666666666666,0.9570094549344257,3.555807088510657,-1.2682651071645925,-3.7311902983579777,-0.1889231726065154
0.4,0.9856851056819413,3.326796400740034,-1.2978869763896448,-3.382725522374019,-0.18892317260653302
0.4083333333333333,1.0124591828950706,3.098927086703701,-1.3247203381508255,-3.061805187427068,-0.18892317260652125
0.4166666666666667,1.0373293695791055,2.869447524391188,-1.3489916253034093,-2.767732362964078,-0.1889231726065197
0.425,1.0602725877814778,2.6361258891333024,-1.370922294560491,-2.499967018717833,-0.18892317260652458
0.43333333333333335,1.0812493237474536,2.3972497840853495,-1.3907291393265042,-2.2578960917415016,-0.18892317260652153
0.44166666666666665,1.1002079613536309,2.1516265444388414,-1.4086229101728793,-2.040657742673546,-0.18892317260652058
0.45,1.1170890844530783,1.8985741865257508,-1.4248057052626235,-1.847022083276966,-0.18892317260652192
0.4583333333333333,1.1318296445298315,1.6378976192749424,-1.4394676007870533,-1.6753275462246786,-0.18892317260652136
0.4666666666666667,1.144366863923651,1.3698491371221881,-1.4527829657402114,-1.5234674555421341,-0.18892317260652103
0.475,1.1546417523129315,1.0950757699202855,-1.464906841214438,-1.38891702040391,-0.18892317260652117
0.48333333333333334,1.1626021459495843,0.8145583030081438,-1.4759716700949634,-1.2687882378273276,-0.18892317260652125
0.49166666666666664,1.1682052233814284,0.5295475276360554,-1.4860845550114665,-1.1598996782002642,-0.18892317260652106
0.5,1.1714194960854185,0.24150269036014493,-1.4953251193595374,-1.0588497718408705,-0.1889231726065207
0.5083333333333333,1.1722263078892294,-0.047964439342902024,-1.5037439639777201,-0.9620854446195346,-0.1889231726065211
0.5166666666666666,1.1706208972404701,-0.33713850119060146,-1.5113616606204625,-0.8659619711334442,-0.1889231726065212
0.525,1.1666130791108127,-0.6242431791823162,-1.5181682059666082,-0.7667939442622076,-0.18892317260652078
0.5333333333333333,1.1602275897096088,-0.9074800308382076,-1.524122873877025,-0.6609006700458311,-0.18892317260652097
0.5416666666666666,1.1515041107815396,-1.185067249827772,-1.5291544418081995,-0.5446516384071957,-0.18892317260652133
0.55,1.1404969563040086,-1.4552826445150988,-1.5331618194551246,-0.41451869129196817,-0.18892317260652064
0.5583333333333333,1.1272743692710248,-1.7165148358055002,-1.5360151615084876,-0.26714090612659647,-0.1889231726065212
0.5666666666666667,1.1119173471672237,-1.9673254966287754,-1.537557588181147,-0.099405915128267,-0.18892317260652147
0.575,1.0945178993300386,-2.2065233608417922,-1.5376076527262001,0.09145258947680657,-0.18892317260651975
0.5833333333333334,1.0751766448800393,-2.433247848347402,-1.5359626715354515,0.3077467749513552,-0.18892317260652106
0.5916666666666667,1.0539996915243917,-2.6470568430811525,-1.5324029605520082,0.551227678409859,-0.1889231726065219
0.6,1.0310947943786006,-2.848010072441547,-1.5266969004972657,0.8229965300869372,-0.1889231726065197
0.6083333333333333,1.006566874498366,-3.036737580656217,-1.5186065934152158,1.123455077068374,-0.18892317260652086
0.6166666666666667,0.980513065519486,-3.2144829369662116,-1.5078936985376892,1.4523153756531588,-0.18892317260652197
0.625,0.9530175329461755,-3.383113753824792,-1.494324881814545,1.8086846754551003,-0.18892317260651853
0.6333333333333333,0.9241463504140034,-3.545097807583285,-1.4776762186072367,2.191231955986077,-0.18892317260652092
0.6416666666666666,0.8939427006215656,-3.703450655457711,-1.4577358805648737,2.59843149413471,-0.18892317260652347
0.65,0.8624225862615008,-3.8616685155055337,-1.4343045195981243,3.0288689683986463,-0.1889231726065091
0.6583333333333333,0.8295710932715256,-4.023666607882241,-1.4071929074849823,3.4815907583713317,-0.18892317260652228
0.6666666666666666,0.7953390619955931,-4.193747151720868,-1.3762165446117525,3.956480027718031,-0.18892317260653116
0.675,0.759639811205096,-4.376623150867917,-1.3411870451427552,4.4546549800809805,-0.1889231726064692
0.6833333333333333,0.7223453353416416,-4.577525974473281,-1.3019000647097974,4.978905220937251,-0.18892317260653063
0.6916666666666667,0.6832811436494417,-4.802430089673551,-1.2581192875051326,5.534211751456768,-0.1889231726065631
0.7,0.6422185815831001,-5.0584423924895585,-1.2095554460253184,6.128438208571047,-0.188923172606295
0.7083333333333334,0.5988629658623857,-5.354434624174467,-1.155838367301862,6.773346106226856,-0.18892317260656966
0.7166666666666667,0.5528349784650153,-5.702060182556966,-1.0964783430450793,7.486199628149536,-0.18892317260672598
0.725,0.5036411267920399,-6.117421366528051,-1.0308101165639745,8.292439283903875,-0.18892317260529773
0.7333333333333333,0.45062593598504114,-6.6239045111315695,-0.9579072063774842,9.230333741986712,-0.188923172606754
0.7416666666666667,0.39289233011717783,-7.257217874502944,-0.8764434363193996,10.359413888695807,-0.18892317260776903
0.75,0.3291641553515222,-8.074714301384445,-0.7844567128041239,11.776334131472135,-0.18892317260005065
0.7583333333333333,0.25754059405821705,-9.172780992816465,-0.6789273449499605,13.644913052244663,-0.18892317260145736
0.7666666666666666,0.17506076504894263,-10.714247838929142,-0.5550245381933943,16.244745277951193,-0.18892317257117008
0.775,0.0771259201663002,-12.910505714834073,-0.4050773544080061,19.947632172554126,-0.1889231725012508
0.7833333333333333,-0.04122300741679981,-15.401202628691655,-0.22060962247316135,24.176750793485464,-0.18892317282201665
0.7916666666666666,-0.1725963711714249,-15.472077351624527,-0.013779567374261323,24.35944352961723,-0.18892317257003133
0.8,-0.291555150971177,-12.955455253930536,0.17278235079602058,20.21800649950916,-0.1889231725195969
0.8083333333333333,-0.3894379077944181,-10.656055678232882,0.3248650685173486,16.488828152297152,-0.1889231727140508
0.8166666666666667,-0.4710256630860393,-9.018695941987728,0.45079951979980687,13.894988423558399,-0.1889231725982804
0.825,-0.5409941383029704,-7.832242791338958,0.5585613230642426,12.066985131318477,-0.18892317260532432
0.8333333333333334,-0.6023392661708822,-6.927548228926419,0.6532316559301488,10.716660731575741,-0.18892317259579544
0.8416666666666667,-0.6569531353824065,-6.204105666619101,0.7380247712635927,9.675446229117334,-0.1889231725979107
0.85,-0.7060763046756707,-5.602082832678144,0.8150701352622336,8.84463258989136,-0.18892317259925595
0.8583333333333333,-0.7505538078840626,-5.084218026032828,0.8858504864525198,8.163980356737817,-0.188923172597584
0.8666666666666667,-0.7909786473338917,-4.626136423279239,0.9514457737131706,7.595093720699885,-0.18892317259796138
0.875,-0.8277753829567339,-4.211159173861078,1.0126744987781204,7.112549523328407,-0.1889231725982059
0.8833333333333333,-0.8612511201588233,-3.8274194585034196,1.0701793494501526,6.698963227573665,-0.1889231725978969
0.8916666666666666,-0.8916280595182106,-3.466196828284166,1.1244811666446017,6.342108717606449,-0.18892317259797142
0.9,-0.9190652286424414,-3.120922869746162,1.176014007543097,6.0331526374451805,-0.18892317259802882
0.9083333333333333,-0.9436736792496997,-2.7865731439269803,1.2251483578870666,5.765518421530304,-0.18892317259795643
0.9166666666666666,-0.9655276581967778,-2.4592898849644773,1.272206551849998,5.534120866139398,-0.1889231725979737
0.9249999999999999,-0.9846732706027952,-2.13614605859589,1.3174728372372173,5.3348291809814254,-0.1889231725979892
0.9333333333333333,-1.0011355682725969,-1.8149961920958013,1.3611996306011074,5.164080020825287,-0.18892317259797053
0.9416666666666667,-1.0149246284717357,-1.4943783779845687,1.4036110156104626,5.0185977526954275,-0.18892317259797428
0.95,-1.026040941137225,-1.1734428738440086,1.4449042741834357,4.895199412237455,-0.18892317259797783
0.9583333333333334,-1.0344802496128571,-0.8518899590577704,1.4852501015221176,4.790672397556278,-0.1889231725979746
0.9666666666666667,-1.0402378699089931,-0.5299054349721108,1.5247920773822683,4.701717036697632,-0.18892317259797453
0.975,-1.0433124389346387,-0.20808746369408154,1.5636459011183368,4.624945735312483,-0.18892317259797448
0.9833333333333333,-1.0437090112503586,0.11263640478856016,1.601898816959471,4.5569272311834945,-0.18892317259797548
0.9916666666666667,-1.04144143428212,0.4310985051729343,1.6396095433804714,4.494260420112266,-0.18892317259797475
1.0,-1.036533976855588,0.745979614497358,1.676808876872136,4.433659141918744,-0.1889231725979743
1.0083333333333333,-1.0290222528075055,1.0558880998915128,1.7135009807667396,4.372028724959458,-0.18892317259797495
1.0166666666666666,-1.0189535534125747,1.3594214362431594,1.749665218373909,4.306517694056713,-0.18892317259797525
1.025,-1.006386761876413,1.6552043141671648,1.7852582726441728,4.234533555602986,-0.18892317259797586
1.0333333333333332,-0.9913920563799233,1.941901278907069,1.8202162317078767,4.15371881874559,-0.18892317259797461
1.0416666666666667,-0.9740506083340351,2.218205892760472,1.8544563189045178,4.061890812543112,-0.18892317259797548
1.05,-0.9544544506800043,2.4828119159390596,1.8878780024156923,3.956954997550431,-0.18892317259797603
1.0583333333333333,-0.932706634402345,2.7343744058563413,1.9203633189045612,3.8368055273023343,-0.18892317259797498
1.0666666666666667,-0.9089217198268063,2.9714698266172257,1.9517763694504981,3.69922870176411,-0.18892317259797553
1.075,-0.8832265720831559,3.1925644700674045,1.981962078127336,3.541825136074615,-0.18892317259797473
1.0833333333333333,-0.855761353946755,3.3960000977772635,2.010744432364591,3.361965609468591,-0.1889231725979766
1.0916666666666666,-0.8266805377284687,3.5800050325830366,2.037924543392716,3.1567941593345354,-0.18892317259797595
1.1,-0.7961536928399631,3.742738035964632,2.063278970718927,2.9232901071355286,-0.18892317259797195
1.1083333333333334,-0.7643657496724935,3.882370957841995,2.0865588410730025,2.658397856661858,-0.18892317259797917
1.1166666666666667,-0.7315163994581378,3.997213773720562,2.10749034768855,2.3592284973381084,-0.18892317259797628
1.125,-0.6978182754705118,4.085881465974347,2.1257772186489134,2.0233292336725546,-0.1889231725979697
1.1333333333333333,-0.6634935911977826,4.14749557836165,2.141105662181992,1.6490044874868697,-0.18892317259798064
1.1416666666666666,-0.6287690076517332,4.181904060657888,2.1531520971431743,1.2356563625372525,-0.18892317259797684
1.15,-0.593868682806236,4.189892317443137,2.161593633281697,0.7840943841962369,-0.18892317259797312
1.1583333333333332,-0.5590057232198631,4.173349005252949,2.166120784601309,0.2967502866349153,-0.18892317259797697
1.1666666666666667,-0.5243725825064334,4.135346498515664,2.1664513411764994,-0.22226928156049114,-0.18892317259797722
1.175,-0.4901312656846554,4.080102687372176,2.1623438157589807,-0.7673436654890499,-0.1889231725979817
1.1833333333333333,-0.4564044042988867,4.012810072690869,2.153608590384811,-1.331727845365765,-0.18892317259797098
1.1916666666666667,-0.423268267909178,3.939347064704147,2.14011496709358,-1.9081355370491186,-0.18892317259797764
1.2,-0.39074852519840153,3.865916390225022,2.1217928304076623,-2.4894321687213896,-0.18892317259798064
1.2083333333333333,-0.35881910008570744,3.7986754688540465,2.0986284593456106,-3.0693269741351594,-0.18892317259797203
1.2166666666666666,-0.3274039056693566,3.7434256456652073,2.0706549491677184,-3.6429593963013147,-0.1889231725979781
1.225,-0.29638073739083504,3.7054111904197318,2.0379384400069913,-4.207311950176871,-0.18892317259796448
1.2333333333333334,-0.2655862885411034,3.689252743444306,2.000561698329809,-4.76143475372787,-0.18892317259798383
1.2416666666666667,-0.23482115563339992,3.699014483751958,1.9586065029784958,-5.306517308080131,-0.18892317259797947
1.25,-0.20385378138963345,3.7383885852438112,1.9121358329430436,-5.845877946606498,-0.18892317259792565
1.2583333333333333,-0.17242243891471765,3.810978293443889,1.861176184899869,-6.384958553194095,-0.188923172598019
1.2666666666666666,-0.1402344796878725,3.9206717316302115,1.8056995869861436,-6.931418947638151,-0.18892317259798266
1.275,-0.10696204892842383,4.0721207600068245,1.7456040572453997,-7.495434492088587,-0.18892317259778635
1.2833333333333332,-0.07223321835717131,4.2713738258861325,1.6806902968704005,-8.090327947901747,-0.18892317259815442
1.2916666666666667,-0.03561687088921191,4.526765939626837,1.6106310733082665,-8.733733982313192,-0.1889231725979973
1.3,0.003401535847574033,4.850261303537185,1.5349275674523093,-9.449638532966022,-0.18892317259707647
1.3083333333333333,0.04545846514609169,5.259614748441977,1.4528430307989098,-10.271927468665798,-0.188923172598832
1.3166666666666667,0.09137446413891442,5.782046434057039,1.3632966495419852,-11.25066441621835,-0.18892317259810637
1.325,0.14225750058411038,6.460737052232572,1.2646861271120742,-12.463443732110667,-0.18892317259378322
1.3333333333333333,0.199679454176623,7.366298669508416,1.1545810185658913,-14.035851546062563,-0.18892317259527497
1.3416666666666666,0.26597386347202584,8.613847687781757,1.0291958385319602,-16.17321194700893,-0.1889231725986149
1.35,0.3446299662390719,10.356715569602867,0.8826594106101286,-19.157622771917335,-0.18892317294963756
1.3583333333333334,0.43981234085393417,12.48885427838266,0.7076644992811517,-22.860438155579807,-0.1889231726019589
1.3666666666666667,0.5493936470090298,13.354835530942058,0.5069950814805181,-24.55701384098901,-0.18892317257882218
1.375,0.6542159807989665,11.49854545968411,0.311711015126181,-21.827400975505988,-0.18892317260353975
1.3833333333333333,0.7398229360196218,9.108560215417121,0.14481077056400343,-18.3542767904776,-0.1889231724144732
1.3916666666666666,0.8075080347590341,7.223208481360742,0.0030107583387893244,-15.839431957042505,-0.18892317260049019
1.4,0.8614228081078175,5.774450693137421,-0.1214333098714974,-14.136322201826095,-0.18892317260392993
1.4083333333333332,0.9045165381662383,4.6040893335696635,-0.23406397937875342,-12.96585779170767,-0.18892317259888625
1.4166666666666667,0.938634567536898,3.606781557822183,-0.3384981543526926,-12.145936637900343,-0.18892317260033287
1.425,0.9649301811819326,2.7184885195413315,-0.4371598227584865,-11.566217865557961,-0.18892317260154246
1.4333333333333333,0.9841348314870318,1.8998332415692376,-0.5317414839438082,-11.15752972296886,-0.18892317260007563
1.4416666666666667,0.9967182146065692,1.126172142388826,-0.6234645732409866,-10.873793091639943,-0.1889231726003832
1.45,1.0029862191044883,0.3821853835385109,-0.7132261197978623,-10.682005052243944,-0.18892317260059605
1.4583333333333333,1.00314512322496,-0.3410714797890814,-0.8016819488058101,-10.55657361508892,-0.18892317260035218
1.4666666666666666,0.997347222309326,-1.0478142784068747,-0.8892934592884238,-10.476011280446095,-0.18892317260039457
1.475,0.9857258625681357,-1.7385021183125966,-0.9763529807577563,-10.420985922134541,-0.18892317260040692
1.4833333333333334,0.9684238963663383,-2.4104891438054588,-1.0629967037067996,-10.373230616158567,-0.18892317260041802
1.4916666666666667,0.9456172635779042,-3.058570253267015,-1.1492111821304953,-10.315061690378071,-0.1889231726003991
1.5,0.9175339891163661,-3.675551873882849,-1.2348378552524386,-10.229367092422432,-0.1889231726003337
1.5083333333333333,0.8844680604900618,-4.25291663250496,-1.3195790787575428,-10.099963784740488,-0.18892317260043595
1.5166666666666666,0.8467873149942543,-4.781593722759733,-1.4030083049417263,-9.912216242518246,-0.1889231726004007
1.525,0.8049345927502619,-5.252794006927105,-1.4845860544956233,-9.653783897709143,-0.18892317260035063
1.5333333333333332,0.7594219325182788,-5.658828967021663,-1.5636821351177985,-9.315347620830277,-0.18892317260041136
1.5416666666666667,0.7108183468801113,-5.993816878456863,-1.6396033239056795,-8.89117333262647,-0.18892317260040004
1.55,0.6597324795354463,-6.254193895463644,-1.7116246962093242,-8.379411579394036,-0.18892317260041944
1.5583333333333333,0.6067919839310968,-6.4389865864183395,-1.7790221963989592,-7.782095436633482,-0.188923172600389
1.5666666666666667,0.5526216268125408,-6.5498496702969,-1.8411040059030461,-7.104862590769343,-0.18892317260040045
1.575,0.4978219234924207,-6.5909093500411196,-1.897238668733842,-6.356467620853641,-0.18892317260045272
1.5833333333333333,0.4429496980519602,-6.568467104425207,-1.9468785350040374,-5.548157054368559,-0.1889231726003863
1.5916666666666666,0.3885015202278846,-6.4906122801243695,-1.9895776197518484,-4.692960669762006,-0.18892317260040214
1.6,0.3349006330028799,-6.366775840470697,-2.025003313498114,-3.8049278767540073,-0.18892317260045507
1.6083333333333334,0.28248777097196676,-6.207245884478334,-2.052941561701871,-2.8983270778374925,-0.1889231726003828
1.6166666666666667,0.23151610594545524,-6.022665698901037,-2.073295307052749,-1.9868357193746493,-0.18892317260040367
1.625,0.18215034552871653,-5.823545187700587,-2.086076308940897,-1.0827709567995083,-0.18892317260043054
1.6333333333333333,0.13446970438596356,-5.6198275533583235,-2.09139095227096,-0.19642817745167163,-0.18892317260039007
1.6416666666666666,0.08847410043738668,-5.420555545113017,-2.0894212243082326,0.6644079423506546,-0.18892317260040412
1.65,0.044092593049413445,-5.2336713586956805,-2.08040248278936,1.4947413660039832,-0.18892317260039276
1.6583333333333332,0.0011928738942124364,-5.065964664859226,-2.0645997931760625,2.292434287126822,-0.1889231726004057
1.6666666666666667,-0.040409409846374644,-4.9231622225349225,-2.0422844133127493,3.0581124517973985,-0.1889231726004043
1.675,-0.08094259853835563,-4.81013798767344,-2.0137115025059433,3.7949798627299196,-0.18892317260035635
1.6833333333333333,-0.12067312888876319,-4.731218971303859,-1.979099450271199,4.508630371973602,-0.18892317260043157
1.6916666666666667,-0.15990252644188738,-4.690569822916172,-1.9386104750754043,5.206946271542992,-0.1889231726004056
1.7,-0.19896792493105842,-4.6926567331085645,-1.892331390638111,5.900175176420638,-0.18892317260026903
1.7083333333333333,-0.23824686559752628,-4.7428180689672015,-1.8402526383660651,6.601288603524434,-0.18892317260051233
1.7166666666666666,-0.2781675089564343,-4.848007839868392,-1.7822426896880026,7.326763272884828,-0.18892317260041305
1.7249999999999999,-0.3192261690328243,-5.017836936622232,-1.7180134410769812,8.098009275586865,-0.18892317259990402
1.7333333333333334,-0.36201548390943755,-5.2661317692049225,-1.6470697594151946,8.943828539954028,-0.18892317260079644
1.7416666666666667,-0.40726894642666417,-5.6133789478054155,-1.5686320879153222,9.90456114978512,-0.18892317260045877
1.75,-0.4559313471012167,-6.090599148544561,-1.4815140338951929,11.038937815325907,-0.18892317259948618
1.7583333333333333,-0.5092690034923225,-6.744989131958745,-1.3839281323575332,12.434476903081395,-0.18892317259662386
1.7666666666666666,-0.5690271997087983,-7.644345204158371,-1.2732002560877558,14.217035009825922,-0.18892317260045172
1.775,-0.6375501582331047,-8.854712178779428,-1.1455205692947985,16.51765592265366,-0.18892317271329778
1.7833333333333332,-0.7172060036649909,-10.254843272414163,-0.9968170485261786,19.16640262217866,-0.18892317261076869
1.7916666666666667,-0.8066163600132786,-10.96242926537216,-0.8289923996273502,20.72013278817198,-0.1889231725875079
1.8,-0.8948215366957256,-9.942960991405695,-0.6597739598699576,19.466873941117765,-0.1889231726943642
1.8083333333333333,-0.9701183012236299,-8.10829861709982,-0.5079475204117792,16.956422736834146,-0.18892317268967096
1.8166666666666667,-1.0304874272124203,-6.433210536200022,-0.3760075082568325,14.812198544970403,-0.18892317258788519
1.825,-1.0782074980757497,-5.065971496605329,-0.2594134983123942,13.259003272439905,-0.18892317260334637
1.8333333333333333,-1.11556712603259,-3.932045583569588,-0.1537758687003312,12.156140082877549,-0.18892317260399877
1.8416666666666666,-1.14417232961149,-2.954054470014305,-0.0559510891542586,11.364427514547264,-0.1889231726046248
1.8499999999999999,-1.1650846178521368,-2.078661529389689,0.03622423130362168,10.787229523328348,-0.18892317260451968
1.8583333333333334,-1.1790050887578982,-1.2715032960226123,0.12424967278581431,10.359565941457138,-0.18892317260394995
1.8666666666666667,-1.1864046875876135,-0.510823039579949,0.2091720916633949,10.036117129851968,-0.18892317260426467
1.875,-1.1876102160218134,0.21675956572633462,0.29171399757277683,9.78334940281502,-0.18892317260423205
1.8833333333333333,-1.1828625677023672,0.9188080550734415,0.3723502533418051,9.574759432193904,-0.18892317260414432
1.8916666666666666,-1.172358197658484,1.5986275935921,0.45135389640219126,9.388060235993848,-0.18892317260416747
1.9,-1.156280128866961,2.2562764670569466,0.5288238973403623,9.203568446165992,-0.18892317260415678
1.9083333333333332,-1.134821794001336,2.8893098872796426,0.604702949923601,9.003373142137917,-0.18892317260420424
1.9166666666666667,-1.1082051805312743,3.493424643585889,0.6787907176095672,8.77104590035754,-0.18892317260413186
1.925,-1.0766936625966599,4.06310082987164,0.7507563696446384,8.491738583777732,-0.18892317260412783
1.9333333333333333,-1.040599332739084,4.592283390781311,0.8201531237157339,8.15254780470439,-0.18892317260421845
1.9416666666666667,-1.0002844782277633,5.075102469446752,0.8864365306167505,7.743028438880355,-0.18892317260413793
1.95,-0.9561570091359298,5.506596162630458,0.9489872291764774,7.2557316777249286,-0.18892317260415176
1.9583333333333333,-0.9086600578984334,5.8833753089771905,1.0071378432897613,6.686640241145581,-0.18892317260417987
1.9666666666666666,-0.8582565209386128,6.204161294724472,1.0602026653127248,6.035384342706125,-0.18892317260418445
1.9749999999999999,-0.8054098639364006,6.470136525277629,1.1075079076825134,5.305150809465005,-0.18892317260420527
1.9833333333333334,-0.7505629232052596,6.685071587151294,1.1484197508469596,4.502242150439023,-0.18892317260413158
1.9916666666666667,-0.6941165945098192,6.855228169750033,1.1823672718637426,3.6352947838147016,-0.18892317260421376
2.0,-0.6364101474316958,6.9890754070139005,1.2088576273535798,2.714215166424566,-0.18892317260421082
2.0083333333333333,-0.5777044396865214,7.096892077828095,1.2274815126562837,1.7489271732347247,-0.18892317260414554
2.0166666666666666,-0.5181685889364119,7.1903523729445835,1.237907754504983,0.7480328123560901,-0.18892317260417296
2.025,-0.45786978077510343,7.282206606970431,1.2398666668581653,-0.28253645692766244,-0.18892317260413127
2.033333333333333,-0.3967649373555146,7.386173801058837,1.233122211827936,-1.3408624138244558,-0.18892317260427022
2.0416666666666665,-0.3346919702898322,7.5171711583716,1.2174327444285642,-2.430462111049845,-0.18892317260401337
2.05,-0.2713571986309109,7.692035516104038,1.192498832222122,-3.5620222819380687,-0.1889231726038752
2.058333333333333,-0.20631392444266458,7.930975246966259,1.1578938368992175,-4.75590309203362,-0.18892317260476477
2.0666666666666664,-0.13892448633943608,8.260178325591292,1.112967727370288,-6.046240179287017,-0.18892317260334351
2.075,-0.06829319535891139,8.716366327587378,1.0567052346712165,-7.488119455488769,-0.18892317260268976
2.0833333333333335,0.006851233736302099,9.354624663970958,0.9875033331136146,-9.170240463160006,-0.18892317260451363
2.091666666666667,0.08835670532599611,10.260555229888979,0.902811831987427,-11.235081137821846,-0.1889231726211411
2.1,0.1789468569091832,11.557522079745171,0.7986091245185075,-13.891367778050526,-0.18892317258797098
2.1083333333333334,0.2823086422860101,13.31416073055252,0.66923112567734,-17.258225909169074,-0.18892317263085445
2.1166666666666667,0.40054747538544444,14.888452391411326,0.5116701071574412,-20.248098248292937,-0.18892317243764
2.125,0.5243882227076084,14.401520927530822,0.342264135132376,-19.66443915295274,-0.1889231727785169
2.1333333333333333,0.6361654513955893,12.358172952731206,0.19154285248300956,-16.391083480259162,-0.1889231726341174
2.1416666666666666,0.730981619193513,10.478245276622932,0.06805959082804691,-13.380142061793078,-0.18892317260629077
2.15,0.8121324493353209,9.068002168621385,-0.03369950988610234,-11.160369218438815,-0.18892317260486546
2.158333333333333,0.8830786121680025,8.005774570997684,-0.11958054079122638,-9.530730546179273,-0.18892317260789532
2.1666666666666665,0.9461937696136018,7.172441433037264,-0.1936319662850702,-8.294872527554615,-0.18892317260910374
2.175,1.0030368079764846,6.490347934345149,-0.2585673454658045,-7.32660371164978,-0.18892317260970287
2.183333333333333,1.054648899383505,5.910570038848837,-0.3162663364664735,-6.548013285336339,-0.1889231726081726
2.1916666666666664,1.1017416524849444,5.401450714613958,-0.36808982139579705,-5.90998629571623,-0.18892317260874558
2.2,1.1448096727338704,4.9417140784897375,-0.41506676208530363,-5.380532237361249,-0.1889231726088506
2.2083333333333335,1.1841991521556696,4.516528177096622,-0.45800649251213243,-4.938098334305708,-0.1889231726085655
2.216666666666667,1.220151228668565,4.115224949253464,-0.4975680250778016,-4.5676648062041645,-0.1889231726086784
2.225,1.2528305609646635,3.729943954717909,-0.5343038596715821,-4.258382123579772,-0.1889231726087034
2.2333333333333334,1.2823449941112248,3.354802652956233,-0.5686880862138943,-4.002084617653219,-0.1889231726086409
2.2416666666666667,1.3087597088848546,2.9853756727775616,-0.6011344322696041,-3.7923200734233777,-0.18892317260866526
2.25,1.332107871863032,2.618360487611776,-0.6320076437749212,-3.6236955371491946,-0.18892317260867228
2.2583333333333333,1.3523990163322588,2.251358089562005,-0.6616303168307955,-3.4914255700461294,-0.18892317260865793
2.2666666666666666,1.3696259184948223,1.8827256332580302,-0.6902865662429626,-3.391016382244818,-0.18892317260866223
2.275,1.3837704485785793,1.5114742462895117,-0.7182234827038254,-3.318045822638742,-0.18892317260866365
2.283333333333333,1.3948086963096429,1.1371947583359159,-0.7456510662115432,-3.268014438896571,-0.18892317260866243
2.2916666666666665,1.4027155525163228,0.7599998814324201,-0.7727411571041474,-3.2362517174672862,-0.18892317260866157
2.3,1.4074688491608016,0.38047495916699714,-0.7996257774608908,-3.2178668685367526,-0.18892317260866076
2.308333333333333,1.4090531046221602,-0.0003683108140960234,-0.826395221134623,-3.207736644549111,-0.18892317260866354
2.3166666666666664,1.4074628811460614,-0.3811392600966356,-0.8530961764788529,-3.200524533611251,-0.18892317260866104
2.325,1.4027057320604304,-0.7601197513349612,-0.8797301236091588,-3.190726754905423,-0.1889231726086592
2.3333333333333335,1.3948046947488886,-1.1353220039421528,-0.9062522127837482,-3.1727411104745555,-0.18892317260866368
2.341666666666667,1.3838002698082503,-1.5045542936439191,-0.93257079926343,-3.1409551137763185,-0.18892317260866073
2.35,1.3697518162782798,-1.8654955184573134,-0.9585477811927795,-3.0898500410445884,-0.18892317260865843
2.3583333333333334,1.3527382866483084,-2.215779130295139,-0.983999859702626,-3.0141176800332965,-0.18892317260866423
2.3666666666666667,1.3328582231566308,-2.5530864553970343,-1.0087008136107884,-2.908786528619205,-0.18892317260866093
2.375,1.3102289388889383,-2.8752488812831754,-1.032384852931395,-2.769353859328513,-0.18892317260865796
2.3833333333333333,1.2849848144575478,-3.1803576398773785,-1.05475108226546,-2.5919191629414473,-0.18892317260866465
2.3916666666666666,1.257274655917125,-3.466878818700628,-1.0754690612006066,-2.373312757536598,-0.18892317260866107
2.4,1.2272580853842572,-3.733769702091865,-1.0941853866049078,-2.1112106883732857,-0.18892317260865849
2.408333333333333,1.1951009759466231,-3.980590677543808,-1.110531134021654,-1.804223675589094,-0.18892317260866376
2.4166666666666665,1.160969998324255,-4.207605117718355,-1.1241298789628724,-1.4519445018660675,-0.1889231726086617
2.425,1.1250264153344673,-4.415858560675072,-1.134605878444216,-1.0549360508827472,-0.1889231726086606
2.433333333333333,1.087419331711276,-4.607229053203085,-1.1415918441719795,-0.6146425687176794,-0.18892317260866184
2.4416666666666664,1.048278664092891,-4.7844435053132655,-1.144735607094569,-0.133210584251772,-0.18892317260866193
2.45,1.0077081167622848,-4.9510606809080295,-1.14370488813435,0.38678685806022334,-0.1889231726086574
2.4583333333333335,0.965778410761905,-5.1114296409265565,-1.1381893735900268,0.9427201987751427,-0.1889231726086683
2.466666666666667,0.9225209012376256,-5.270642004731659,-1.127899346077223,1.5323581217412454,-0.18892317260865815
2.475,0.8779215242033489,-5.4345060897889,-1.1125602105161163,2.1543966600701574,-0.18892317260862698
2.4833333333333334,0.8319147409565946,-5.609580369440777,-1.0919023104634231,2.8090617557973006,-0.18892317260871258
2.4916666666666667,0.7843767946692691,-5.803314127520756,-1.065645348838923,3.498808446556817,-0.18892317260863603
2.5,0.7351171348097492,-6.024359027283066,-1.033476368017285,4.22918354190554,-0.1889231726084879
2.5083333333333333,0.683866222971437,-6.283145433047124,-0.995019408204457,5.009991808463942,-0.18892317260892622
2.5166666666666666,0.6302569269163412,-6.5928784902054405,-0.9497933232414885,5.857030920990717,-0.1889231726085226
2.525,0.5737949589732031,-6.971233843891065,-0.8971511696043969,6.794889204399131,-0.18892317260770303
2.533333333333333,0.5138105447727614,-7.443288202842535,-0.8361888228224491,7.861745798190267,-0.188923172610168
2.5416666666666665,0.4493771304503531,-8.046740956825376,-0.7655993347149971,9.11801222916747,-0.18892317260788094
2.55,0.37917035615240785,-8.841487887485474,-0.6834276617313527,10.662403531654071,-0.18892317260384617
2.558333333333333,0.3012176683299496,-9.926891102916409,-0.5866403364747568,12.661360860403162,-0.188923172598908
2.5666666666666664,0.21247014226904432,-11.465118799944825,-0.4703889343170279,15.389826751523083,-0.18892317265291098
2.575,0.10835054348992822,-13.630264699728443,-0.3272132868447023,19.148806242631185,-0.18892317260206615
2.5833333333333335,-0.015171875932891925,-15.85633400581643,-0.1504978780717736,22.99058998769091,-0.18892317253696356
2.591666666666667,-0.14841180585569572,-15.529485775752526,0.043144850543752465,22.474158912202494,-0.18892317273394355
2.6,-0.2681021247961481,-13.129220063577804,0.214017233373262,18.42012481026438,-0.18892317260623825
2.6083333333333334,-0.3683390254211153,-11.039253213804031,0.3519905512827302,14.879708055978782,-0.18892317259600178
2.6166666666666667,-0.45380181449946255,-9.55765980349016,0.46485277166180083,12.348623834146144,-0.18892317260638242
2.625,-0.5287836569105142,-8.492644447272687,0.5596815343261886,10.498876715580595,-0.18892317260340025
2.6333333333333333,-0.5960787051777275,-7.693458454316345,0.6410121343976066,9.076695614092372,-0.18892317260638009
2.6416666666666666,-0.6574901964145047,-7.069029621165074,0.7117220854024312,7.930907594040086,-0.18892317260781494
2.65,-0.7142263150817503,-6.564209024973081,0.7737091273109536,6.971696677055427,-0.18892317260530767
2.658333333333333,-0.7671278672768451,-6.144069107588104,0.8282800813863074,6.143829170793375,-0.18892317260607833
2.6666666666666665,-0.8167973679006248,-5.78531763695166,0.8763723975545951,5.412158931831582,-0.18892317260632574
2.675,-0.8636745693256258,-5.471612718729487,0.9186855891736357,4.75377147478173,-0.18892317260589114
2.683333333333333,-0.9080823772826108,-5.1909251290438085,0.9557630550112425,4.153561334205612,-0.18892317260603453
2.6916666666666664,-0.9502558363662459,-4.934003647914034,0.9880453608322939,3.6016176172749295,-0.18892317260608887
2.7,-0.9903611490935843,-4.693461137304182,1.0159062234460268,3.091590101706025,-0.18892317260599673
2.7083333333333335,-1.02850873082244,-4.463226320447516,1.0396773725149089,2.61960214508579,-0.1889231726060265
2.716666666666667,-1.0647627027231543,-4.2382194578388095,1.0596657771202056,2.183477333127551,-0.1889231726060402
2.725,-1.0991483103075317,-4.014167903409439,1.076165272636757,1.7821539122719128,-0.1889231726060191
2.7333333333333334,-1.131658194690772,-3.7875079653798593,1.089463846301496,1.4152208332358513,-0.18892317260602504
2.7416666666666667,-1.1622580744468354,-3.5553365058212902,1.0998474434977277,1.0825432353154059,-0.18892317260602925
2.75,-1.190892138475336,-3.3153863729030926,1.1076009745525726,0.783963782629818,-0.18892317260602315
2.7583333333333333,-1.2174882683193695,-3.066007600111981,1.1130071300682245,0.5190748782206616,-0.18892317260602454
2.7666666666666666,-1.2419630857737358,-2.8061428561985413,1.1163435837448459,0.2870589172209848,-0.1889231726060268
2.775,-1.2642267498368884,-2.5352912796230433,1.1178791330317353,0.08659212860048845,-0.18892317260602393
2.783333333333333,-1.2841873981530307,-2.2534594259337672,1.1178692783735469,-0.08419552048126293,-0.18892317260602476
2.7916666666666665,-1.3017551320936498,-1.9611013208353119,1.1165516667902662,-0.22771468240732637,-0.18892317260602598
2.8,-1.3168454697601433,-1.6590514165908496,1.1141417322291114,-0.3468770466945619,-0.18892317260602431
2.808333333333333,-1.329382225592503,-1.3484547084567426,1.1108287664734675,-0.44503342420903597,-0.1889231726060247
2.8166666666666664,-1.3392998089488273,-1.030697700047353,1.1067725636256587,-0.5258994757457522,-0.18892317260602537
2.825,-1.3465449601331065,-0.7073427299348911,1.1021007081290999,-0.5934765445326114,-0.1889231726060245
2.8333333333333335,-1.3510779575542602,-0.3800667929057254,1.0969065257283142,-0.6519722759847457,-0.18892317260602476
2.841666666666667,-1.3528733337230965,-0.050604728507780104,1.0912476884712279,-0.7057232159862111,-0.18892317260602512
2.85,-1.3519201325589822,0.27930428678687885,1.0851454547897035,-0.7591197435527401,-0.1889231726060244
2.8583333333333334,-1.348221729170759,0.6079685196333472,1.078584527456428,-0.8165327084723624,-0.18892317260602481
2.8666666666666667,-1.3417952195496552,0.9337953792901725,1.0715135184511388,-0.8822410530423471,-0.18892317260602468
2.875,-1.3326703749947006,1.2553443571459815,1.063846013251502,-0.9603604298046452,-0.1889231726060242
2.8833333333333333,-1.3208881475633558,1.5713818901153547,1.0554622215200657,-1.0547742283481625,-0.18892317260602465
2.8916666666666666,-1.3064987104798165,1.8809380131578244,1.0462111819228184,-1.1690702655522975,-0.18892317260602365
2.9,-1.2895590220759485,2.183363835744819,1.035913453390173,-1.3064883851898403,-0.18892317260602504
2.908333333333333,-1.2701299127392143,2.4783882435320215,1.024364173620295,-1.469886025910663,-0.1889231726060247
2.9166666666666665,-1.2482727088923433,2.766172023505261,1.0113363008699596,-1.661730134212568,-0.18892317260602118
2.925,-1.2240454216675225,3.0473580689550475,0.9965837822311089,-1.884124400648144,-0.18892317260602756
2.933333333333333,-1.1974985343192508,3.3231176313553985,0.9798443168540104,-2.1388806708489287,-0.1889231726060243
2.9416666666666664,-1.168670413859247,3.5951948772748574,0.9608413109866281,-2.4276428389965363,-0.18892317260601332
2.95,-1.1375823403852328,3.865955357277035,0.9392845540140843,-2.752071297500492,-0.1889231726060368
2.9583333333333335,-1.1042330829095897,4.138448511527004,0.9148690736402701,-3.114097300192019,-0.1889231726060228
2.966666666666667,-1.0685928422988449,4.416500353746004,0.8872715343852977,-3.5162611644670663,-0.1889231726059818
2.975,-1.0305962146030374,4.704860866610477,0.8561433893577802,-3.9621586431447677,-0.18892317260607755
2.9833333333333334,-0.9901335746131874,5.0094433788822865,0.8210997169751953,-4.457040008801335,-0.1889231726060146
2.9916666666666667,-0.947039888763892,5.337714335765479,0.781702164322499,-5.008643322692732,-0.18892317260583236
3.0,-0.9010793385420437,5.6993295251888645,0.737433488920478,-5.628410245783078,-0.18892317260628072
3.0083333333333333,-0.8519230728083192,6.107183289241471,0.6876594925608744,-6.333356500166388,-0.1889231726059693
3.0166666666666666,-0.7991155136108007,6.579174049158097,0.6315709945324132,-7.149106170269498,-0.18892317260495173
3.025,-0.7420211071334732,7.141262204620595,0.5680925162737652,-8.115068758552773,-0.18892317260747105
3.033333333333333,-0.6797365931322417,7.832942293078201,0.4957327145378505,-9.293679425303033,-0.1889231726057612
3.0416666666666665,-0.610940681434108,8.717257091379757,0.4123289299661679,-10.787376541915007,-0.1889231726015933
3.05,-0.5336304987531311,9.898416099814883,0.31459893994761684,-12.768733050377627,-0.1889231725905025
3.058333333333333,-0.4446871136432365,11.541723804051763,0.19739756963861652,-15.515440022870036,-0.18892317263398883
3.0666666666666664,-0.33953995330755277,13.786538565283019,0.05312344958493792,-19.265697037125015,-0.1889231726086753
3.075,-0.21510398971179884,15.851798571883988,-0.12333239849861531,-22.696065071652882,-0.18892317259863256
3.0833333333333335,-0.08335577497951022,15.232595489010992,-0.3114354476452924,-21.532366642531077,-0.18892317249483592
3.091666666666667,0.03418128965510336,12.952165453883447,-0.47430548196517847,-17.50987125173902,-0.188923172645457
3.1,0.1337817021810384,11.058188024697657,-0.6053109593759824,-14.104258262153172,-0.18892317255555924
3.1083333333333334,0.22008016881807485,9.733200539600642,-0.7119482818261456,-11.61550065015058,-0.18892317260534364
3.1166666666666667,0.2970773711940393,8.797724575052388,-0.800584235411298,-9.736090638140656,-0.18892317260039126
3.125,0.36740760376880843,8.115564166164704,-0.8752610534776962,-8.235807931634373,-0.1889231726046059
3.1333333333333333,0.4328068527301536,7.603659543813987,-0.9385109457502917,-6.976067808285732,-0.188923172603362
3.1416666666666666,0.4944646543813266,7.210912721458538,-0.9919626555540949,-5.873515149281423,-0.1889231726020364
3.15,0.5532269475405113,6.904254038833165,-1.0366945021558935,-4.876563184503445,-0.18892317260295155
3.158333333333333,0.6097108920568662,6.660910217970539,-1.073440414537465,-3.952615566220232,-0.18892317260273916
3.1666666666666665,0.6643711144714437,6.464120604021684,-1.1027163921952072,-3.08112003744669,-0.1889231726025058
3.175,0.717538740660446,6.300703028381654,-1.124903076776217,-2.2496526293110626,-0.18892317260267175
3.183333333333333,0.7694448305868051,6.15964960254141,-1.1403029719536033,-1.4515789016565435,-0.1889231726026351
3.1916666666666664,0.8202348581350801,6.031332193028941,-1.1491819549037556,-0.6845324385732279,-0.18892317260259903
3.2,0.8699782864927921,5.907092150434167,-1.1518000246430955,0.050695184594127654,-0.18892317260261177
3.2083333333333335,0.9186758464533274,5.779081797529643,-1.148433724810119,0.7510671625380073,-0.1889231726026097
3.216666666666667,0.9662662236519811,5.640268300365538,-1.1393914001452836,1.412118814758537,-0.1889231726026165
3.225,1.0126332102434885,5.48453086381354,-1.1250219081536426,2.028712338731926,-0.18892317260260405
3.2333333333333334,1.0576138538708313,5.306794293300594,-1.1057173192547842,2.595721459296864,-0.18892317260260777
3.2416666666666667,1.101007708238109,5.103153222179562,-1.0819102902922761,3.1086203848412515,-0.18892317260261132
3.25,1.1425869613390698,4.870954212592281,-1.054067023894433,3.563950379565915,-0.1889231726026121
3.2583333333333333,1.1821070020236317,4.608816848245048,-1.022676913337458,3.9596469680633737,-0.18892317260261365
3.2666666666666666,1.2193168834927857,4.316587861623165,-0.9882400567069028,4.295224773901141,-0.18892317260260502
3.275,1.2539691373490518,3.9952325062089464,-0.9512537928898729,4.571830018276559,-0.18892317260261912
3.283333333333333,1.28582845720731,3.646674074720085,-0.9121992868210319,4.7921799496814,-0.188923172602618
3.2916666666666665,1.314678878336309,3.273595988709325,-0.8715290072324232,4.960413482984722,-0.18892317260260383
3.3,1.3403292062393213,2.8792220597992126,-0.8296557288725955,5.0818790357718715,-0.18892317260262045
3.308333333333333,1.3626165762889952,2.4670901164238233,-0.7869434750440181,5.162885180907949,-0.1889231726026177
3.3166666666666664,1.3814081474560411,2.040832658075383,-0.7437006088717681,5.2104381123794585,-0.18892317260260566
3.3249999999999997,1.3966010373684266,1.6039757373904118,-0.7001750917238332,5.231987384468911,-0.18892317260261787
3.3333333333333335,1.4081206861960724,1.159764014486062,-0.6565517617533102,5.235198050058592,-0.18892317260261465
3.341666666666667,1.4159178874357472,0.7110161118018099,-0.6129513505514577,5.227763398551816,-0.1889231726026085
3.35,1.4199647413203513,0.26001037544689426,-0.5694308546463794,5.217268417361512,-0.1889231726026139
3.3583333333333334,1.4202497711791426,-0.191602702736149,-0.5259848097738498,5.211110504931085,-0.18892317260261085
3.3666666666666667,1.416772397253881,-0.6428685720558971,-0.4825469725966599,5.216481538508066,-0.18892317260261238
3.375,1.4095368900797123,-1.0935873631284265,-0.43899188436242315,5.240414791089624,-0.18892317260260738
3.3833333333333333,1.3985458293582256,-1.5443762338210612,-0.39513575621712443,5.289902005150562,-0.18892317260260483
3.3916666666666666,1.3837929733030223,-1.9967515464895718,-0.3507360535058236,5.372090889405622,-0.18892317260262442
3.4,1.365255289772021,-2.4532519035693423,-0.3054890357747431,5.494582579467494,-0.188923172602587
3.408333333333333,1.3428836948101592,-2.9176311124446666,-0.25902428623170226,5.6658643837659195,-0.1889231726025845
3.4166666666666665,1.3165917486462526,-3.395164294070672,-0.21089486927186668,5.895939628679375,-0.18892317260267497
3.425,1.2862411040275452,-3.893135603360568,-0.1605610681493776,6.197261658270697,-0.18892317260249633
3.433333333333333,1.2516217603769935,-4.421621474937141,-0.10736446400742058,6.586158232707742,-0.18892317260248892
3.4416666666666664,1.212423919563925,-4.994765322232396,-0.05048703414362754,7.085073670835151,-0.18892317260291747
3.4499999999999997,1.168196055771224,-5.63288506071485,0.011113725054547066,7.726205650245083,-0.18892317260208497
3.4583333333333335,1.1182800506724153,-6.365989704761463,0.07880903082820705,8.557518722008583,-0.1889231726020309
3.466666666666667,1.061708366210519,-7.23950790360692,0.15446785737534402,9.652519416702516,-0.18892317260227698
3.475,0.9970433005426431,-8.322189268332227,0.24072495587886228,11.123793806006818,-0.188923172611484
3.4833333333333334,0.9221647172356301,-9.706957115122938,0.34133810412165083,13.124766562655982,-0.1889231726206097
3.4916666666666667,0.8342677976929341,-11.43655799144956,0.46119121731384555,15.7234812059647,-0.18892317253604995
3.5,0.7316679185786514,-13.079475657959366,0.6032126093911672,18.1768209390931,-0.18892317272479098
3.5083333333333333,0.6203576850266872,-13.306252826004709,0.7571270094383742,18.19644366388007,-0.1889231724731314
3.5166666666666666,0.51413462112506,-12.066678852678708,0.8991387797014592,15.672206868571587,-0.18892317260443686
3.525,0.41951603051688047,-10.684603806502356,1.0177099991398915,12.847199208728044,-0.18892317260914743
3.533333333333333,0.33510562037938124,-9.631891037146714,1.1146911697947706,10.515140136108643,-0.1889231725951228
3.5416666666666665,0.25812807697389856,-8.886625228204393,1.1942173871952957,8.633542867087257,-0.18892317260970481
3.55,0.1863781194591531,-8.364331974067284,1.2594275230738032,7.057252285899352,-0.18892317260822372
3.558333333333333,0.11828712301611181,-7.999491010996268,1.3123759238894057,5.675785158333993,-0.18892317260933966
3.5666666666666664,0.052741738383752644,-7.747244230686537,1.3543597115078483,4.416037296527413,-0.1889231726079018
3.5749999999999997,-0.011058758929148782,-7.576310099104794,1.3861816556833588,3.2306847432985544,-0.18892317260823688
3.5833333333333335,-0.07369105792120431,-7.463468675673973,1.4083260473500194,2.089490209510947,-0.18892317260850344
3.591666666666667,-0.1355592188628547,-7.390058487863464,1.4210771947459786,0.9740348717083296,-0.18892317260818708
3.6,-0.1969230501785182,-7.339852458113988,1.4246039115011098,-0.12537310769563983,-0.18892317260824681
3.6083333333333334,-0.2579127781931383,-7.297831232478388,1.4190237553963994,-1.2115982509193102,-0.18892317260822872
3.6166666666666667,-0.318536213825417,-7.249575186295875,1.404454113573862,-2.282016823308448,-0.1889231726082915
3.625,-0.37868285462959417,-7.181116389403027,1.3810530514658341,-3.3296837507733232,-0.1889231726082531
3.6333333333333333,-0.4381282886693827,-7.079142698261063,1.3490503360871975,-4.344549340067071,-0.18892317260811198
3.6416666666666666,-0.4965414214122654,-6.931453674592011,1.308767749201716,-5.314819026930099,-0.18892317260830882
3.65,-0.5534961618263196,-6.727554347241777,1.2606274870234915,-6.228442930582562,-0.1889231726082552
3.658333333333333,-0.6084881823008421,-6.4592565610342225,1.2051479160049827,-7.074639672351873,-0.18892317260818386
3.6666666666666665,-0.6609562516750115,-6.121153441082197,1.142926980081935,-7.845310263911634,-0.18892317260824038
3.675,-0.7103065734190843,-5.710849124541105,1.0746148146178993,-8.536191282125724,-0.18892317260825203
3.683333333333333,-0.7559377257660534,-5.228864445874274,1.0008782543036538,-9.147633247360966,-0.18892317260834313
3.6916666666666664,-0.7972633555170356,-4.678192530187642,0.9223605935713881,-9.684961847548026,-0.18892317260817765
3.6999999999999997,-0.8337297909314361,-4.063532389043405,0.8396399400360324,-10.158470251750854,-0.18892317260825187
3.7083333333333335,-0.864826149330054,-3.390266864514545,0.7531887155474122,-10.583181507600283,-0.1889231726083334
3.716666666666667,-0.8900851247890152,-2.6632588240079924,0.6633353666507045,-10.978597609851228,-0.18892317260822583
3.725,-0.9090731509053998,-1.8855067725888193,0.5702272659465742,-11.368716917732497,-0.18892317260826413
3.7333333333333334,-0.9213686826207214,-1.0566223196412063,0.4737911484066128,-11.782675913769465,-0.18892317260798192
3.7416666666666667,-0.9265265144696083,-0.1709581461241962,0.37368397221505806,-12.256503923485804,-0.18892317260852842
3.75,-0.9240238071067157,0.7849972283649349,0.2692220121491842,-12.836754645452773,-0.18892317260833097
3.7583333333333333,-0.9131790190746117,1.8366695090054783,0.15926762603429254,-13.587310177354736,-0.18892317260655384
3.7666666666666666,-0.8930273596196687,3.0279816233308727,0.04203919916225103,-14.601405973820485,-0.18892317260805735
3.775,-0.8621283280364995,4.430867057664191,-0.0852070457339705,-16.0201854909196,-0.18892317261233127
3.783333333333333,-0.8183064144535009,6.147618897283349,-0.2266408506119276,-18.042459890801155,-0.18892317254092117
3.7916666666666665,-0.7586351151479934,8.21996469918113,-0.3879833649643938,-20.783165110373723,-0.18892317267225567
3.8,-0.6817582479807233,10.069267420592343,-0.5727950265452438,-23.337855799475946,-0.18892317244804124
3.808333333333333,-0.5962531091468686,10.051564479581742,-0.7684606012019376,-22.98764816076911,-0.1889231725944721
3.8166666666666664,-0.5187922004861423,8.436356063960574,-0.9488423699461085,-20.160629473509765,-0.18892317261085134
3.8249999999999997,-0.4555801986030022,6.790878826359053,-1.1049481909078527,-17.414457065518448,-0.18892317258524516
3.8333333333333335,-0.4045431378859013,5.518577810347559,-1.2410421536166298,-15.355825201443263,-0.18892317262036817
3.841666666666667,-0.3627373191870015,4.55827859562636,-1.362391797494466,-13.842622203301849,-0.1889231726125714
3.85,-0.32796758380064306,3.8165772296753486,-1.4727715847485419,-12.698355751556987,-0.18892317261295494
3.8583333333333334,-0.29870426622662827,3.2280913003295932,-1.5747174427570665,-11.80262065896385,-0.18892317261120836
3.8666666666666667,-0.27385823071004184,2.750910178440918,-1.6699560871452654,-11.078455348944827,-0.18892317261224034
3.875,-0.25262228062405545,2.358081583332664,-1.7596946220885932,-10.47587161909096,-0.18892317261209257
3.8833333333333333,-0.23437230087935965,2.0318860597392234,-1.8447974084781786,-9.961262256372473,-0.18892317261172026
3.8916666666666666,-0.21860588844268353,1.7603968576313893,-1.9258942703503141,-9.51116267666415,-0.18892317261195915
3.9,-0.20490336966080414,1.5354225057104551,-2.0034483706118054,-9.10857159548128,-0.18892317261192695
3.908333333333333,-0.19290233629714626,1.3512467710140086,-2.0778000609585567,-8.740729053191258,-0.18892317261183572
3.9166666666666665,-0.1822805843798797,1.2038309081812644,-2.149196037274674,-8.39773718963583,-0.18892317261189995
3.925,-0.17274446628551599,1.0902888050733974,-2.2178092696405027,-8.071683932465147,-0.188923172611892
3.933333333333333,-0.16402087740460108,1.0085257834741292,-2.283753029980112,-7.756079341533523,-0.1889231726118651
3.9416666666666664,-0.1558518076905539,0.9569758248719541,-2.347091131164019,-7.4454966792518045,-0.18892317261188396
3.9499999999999997,-0.1479908198649218,0.9343965820246876,-2.407845803531331,-7.135356754135475,-0.1889231726118828
3.9583333333333335,-0.14020109033397005,0.9396957639153873,-2.4660042445043833,-6.821820890991838,-0.1889231726118758
3.966666666666667,-0.1322548294603424,0.9717713653525496,-2.521524658075037,-6.501773124316278,-0.18892317261187774
3.975,-0.12393401588252856,1.0293547253234017,-2.5743424751478834,-6.172879714558123,-0.18892317261187963
3.9833333333333334,-0.11503244638552415,1.1108514344138434,-2.6243773560859798,-5.833715402778031,-0.18892317261188069
3.9916666666666667,-0.10535911701161149,1.2141818426387674,-2.6715414743683383,-5.483941497062567,-0.1889231726118751
4.0,-0.09474290457994965,1.3366307475676087,-2.7157494202181605,-5.1245115451648315,-0.18892317261187824
4.008333333333333,-0.08303840325206208,1.4747241261113835,-2.7569298097861252,-4.7578677541839065,-0.18892317261188146
4.016666666666667,-0.07013259156838131,1.624157584655444,-2.7950383259247493,-4.388079216454049,-0.18892317261187522
4.025,-0.05595178576963003,1.7798035368032457,-2.8300714776914586,-4.020867125448126,-0.18892317261187758
4.033333333333333,-0.040468125732242496,1.9358189308035099,-2.8620799257142577,-3.663468694116752,-0.18892317261187883
4.041666666666667,-0.023704710391602792,2.0858613707614873,-2.8911799004886665,-3.324313906745779,-0.18892317261187674
4.05,-0.0057385168009302144,2.2234009540729733,-2.9175611673331803,-3.0125249875919806,-0.18892317261187735
4.058333333333334,0.013299567301575844,2.3420940706218665,-2.9414902405725867,-2.7372879616619823,-0.18892317261187613
4.066666666666666,0.03322792028314701,2.436171305180549,-2.963308096636913,-2.507175564645553,-0.1889231726118779
4.075,0.053820479776198527,2.5007897228430283,-2.9834223526762234,-2.329510454265836,-0.18892317261187752
4.083333333333333,0.07481568108306902,2.532310255093805,-3.0022945800856746,-2.209845084790516,-0.18892317261187608
4.091666666666667,0.09592731335716037,2.528478550190499,-3.0204239497906897,-2.1516068986658436,-0.1889231726118772
4.1,0.11685646168544923,2.4885053102999395,-3.0383286806702183,-2.155926498402872,-0.18892317261187697
4.108333333333333,0.13730372573818272,2.413054331190575,-3.0565268015321956,-2.2216421551759957,-0.1889231726118777
4.116666666666666,0.15698100014238717,2.304151617842904,-3.075517617301751,-2.3454602906029174,-0.18892317261187608
4.125,0.17562221608963297,2.165029105437103,-3.0957650741023475,-2.522246263074624,-0.18892317261187652
4.133333333333333,0.19299255114206346,1.9999153196233765,-3.1176839950049198,-2.7454177299133953,-0.18892317261187752
4.141666666666667,0.2088957171138267,1.8137857683215357,-3.1416299154336915,-3.007409636037838,-0.1889231726118767
4.15,0.223179053550312,1.6120888824105186,-3.167892967334586,-3.300174319631629,-0.18892317261187674
4.158333333333333,0.23573630378110733,1.4004675532084319,-3.196695932369741,-3.6156746445725365,-0.18892317261187552
4.166666666666667,0.246508131140515,1.1844990941510747,-3.228196223152387,-3.946326565276399,-0.18892317261187813
4.175,0.25548062200242494,0.9694754088706643,-3.2624912067985496,-4.285353330790065,-0.1889231726118769
4.183333333333334,0.26268218335386506,0.7602395284611236,-3.299626021329564,-4.6270269242293045,-0.18892317261187364
4.191666666666666,0.2681793416191806,0.5610857544381577,-3.3396029053635847,-4.966790300476947,-0.18892317261187896
4.2,0.2720719690619599,0.3757209958895904,-3.382391083581097,-5.301271694214949,-0.18892317261187694
4.208333333333333,0.2744884096812436,0.2072771466253665,-3.427936403130044,-5.628215325875759,-0.18892317261187355
4.216666666666667,0.2755808715583091,0.05836010748528122,-3.4761701494807773,-5.9463589815506435,-0.18892317261187852
4.225,0.27552132804693946,-0.06887947820964173,-3.527016726227279,-6.255288454357966,-0.1889231726118765
4.233333333333333,0.27449805379891207,-0.17266641441339434,-3.580400114277632,-6.555293734025409,-0.18892317261187558
4.241666666666666,0.2727128315842372,-0.25152089283590084,-3.636249204114516,-6.847244701384911,-0.18892317261187672
4.25,0.2703788096787858,-0.30418286764551833,-3.694502213036686,-7.132497113459422,-0.18892317261187525
4.258333333333333,0.267718966441902,-0.3295418502489508,-3.7551104651459832,-7.41283422258609,-0.18892317261187935
4.266666666666667,0.26496514328304727,-0.3265701717224867,-3.8180418409648977,-7.6904460437406,-0.18892317261187325
4.275,0.26235763317603594,-0.294255536160054,-3.883284214100538,-7.967947138150706,-0.18892317261187208
4.283333333333333,0.26014535431279745,-0.23152689811361227,-3.9508492020196218,-8.248434694075124,-0.18892317261188651
4.291666666666667,0.2585866954796358,-0.13716591108449974,-4.020776583598117,-8.535591612719493,-0.18892317261186536
4.3,0.25795119351846163,-0.009693841847059475,-4.093139795256929,-8.83384451357099,-0.18892317261186165
4.308333333333334,0.25852230159827355,0.15277985971877117,-4.168053032116503,-9.148594880706396,-0.18892317261190644
4.316666666666666,0.2606016458529253,0.3527674039267873,-4.245680683027791,-9.48655473861995,-0.18892317261183783
4.325,0.26451537610600073,0.5937018002633524,-4.3262501717362705,-9.85623967434632,-0.18892317261182018
4.333333333333333,0.2706235451917425,0.8803750895982999,-4.410069853601185,-10.268708134213481,-0.18892317261198863
4.341666666666667,0.27933399258173575,1.2195989683333373,-4.497554595804046,-10.738698854119631,-0.1889231726117181
4.35,0.29112312792558964,1.6212311125321937,-4.589263357860112,-11.286430948771091,-0.18892317261161784
4.358333333333333,0.3065676093858818,2.099817951201959,-4.685956061095819,-11.940535485872743,-0.1889231726123729
4.366666666666666,0.3263937061890276,2.6772888753723896,-4.7886823149519175,-12.7429490338988,-0.1889231726112141
4.375,0.35155580762248606,3.3873913980752923,-4.898923684583256,-13.757149389928966,-0.18892317261082908
4.383333333333333,0.3833616472776791,4.282496154208659,-5.01882435367731,-15.08131157354643,-0.18892317260934433
4.391666666666667,0.42365797599414917,5.440001121536987,-5.151545556038198,-16.86298196724596,-0.18892317263233438
4.4,0.474990478232011,6.939193787123709,-5.301627162278511,-19.268950459333357,-0.18892317266660158
4.408333333333333,0.5399527127100928,8.63611378124204,-5.474087012743513,-22.121567105574922,-0.18892317251619617
4.416666666666667,0.6165149015132404,9.43484284634587,-5.666839956945361,-23.668983467986006,-0.1889231726029439
4.425,0.6911368321156756,8.184805470353892,-5.859102564749732,-22.03046876817967,-0.1889231725723286
4.433333333333334,0.7507634191809258,6.118976646515675,-6.031017205153855,-19.249691882820578,-0.18892317247808016
4.441666666666666,0.793815371818469,4.272275539081892,-6.181511315566619,-16.986267704641552,-0.18892317263413572
4.45,0.8228907973488124,2.753875089135547,-6.31590669426189,-15.359740458488474,-0.18892317261364378
4.458333333333333,0.8403795795199553,1.476165866792674,-6.438752363010379,-14.183280777771794,-0.18892317261527475
4.466666666666667,0.8479444486229807,0.3617659751512532,-6.5530999787332584,-13.298468722126191,-0.1889231726132909
4.475,0.8467244306334918,-0.6384054841135571,-6.660901232182926,-12.597555564946541,-0.18892317261365865
4.483333333333333,0.8375414004690693,-1.5528067508168004,-6.763364138246079,-12.007083355250307,-0.18892317261397001
4.491666666666666,0.8210398332401163,-2.3965442998983013,-6.8611791260531705,-11.474576658822523,-0.18892317261370273
4.5,0.7977765472982737,-3.1761880934725135,-6.95465801496896,-10.960694675602305,-0.18892317261370012
4.508333333333333,0.7682777457475376,-3.892954241957278,-7.043823970251156,-10.435011670794152,-0.18892317261360037
4.516666666666667,0.7330736769909386,-4.544986571530368,-7.128476007088869,-9.873931391910949,-0.18892317261377756
4.525,0.6927165343246101,-5.129142582388493,-7.2082415860989295,-9.259791188524373,-0.188923172613706
4.533333333333333,0.6477848791248635,-5.642456685072595,-7.282624508792408,-8.580547278998061,-0.18892317261366187
4.541666666666667,0.5988770605873975,-6.0833164289077555,-7.351051111831405,-7.829623223658846,-0.18892317261371722
4.55,0.5465961206391,-6.452322774937871,-7.412914835097737,-7.005632496407742,-0.18892317261370117
4.558333333333334,0.4915289857421278,-6.752796150144618,-7.467617302353214,-6.11179882302218,-0.18892317261383357
4.566666666666666,0.43422296296370283,-6.990919825207158,-7.514603044934125,-5.155007964605652,-0.1889231726136541
4.575,0.3751624262214508,-7.175562369714036,-7.553384873369663,-4.144524066102551,-0.1889231726137025
4.583333333333333,0.3147480115233466,-7.317872248772692,-7.583557502914471,-3.090475679114939,-0.18892317261382008
4.591666666666667,0.25327969590808513,-7.430774876036957,-7.604798070120779,-2.0022458078488476,-0.18892317261368052
4.6,0.1909439657074194,-7.528518901502486,-7.61685324663101,-0.8868798833914697,-0.18892317261371216
4.608333333333333,0.12780405152142435,-7.626417655526722,-7.619513354340796,0.2524419946181572,-0.1889231726135882
4.616666666666666,0.0637910168128134,-7.740926252039812,-7.6125738505697615,1.417929449709568,-0.18892317261381175
4.625,-0.0013077057947933684,-7.890204552616714,-7.595783473511075,2.618907037960037,-0.18892317261373504
4.633333333333333,-0.06786715511026588,-8.095364796922862,-7.568775889785006,3.8741327729593866,-0.18892317261299674
4.641666666666667,-0.13645794497051003,-8.382710205977448,-7.530977415393744,5.215353309694777,-0.1889231726140484
4.65,-0.20790365423549073,-8.787403943776601,-7.4814768709807105,6.692997807235471,-0.18892317261382274
4.658333333333333,-0.28337584439682895,-9.358779681827915,-7.418836628101126,8.384542062765183,-0.18892317261734293
4.666666666666667,-0.3645331801619854,-10.164455320325956,-7.340834004787713,10.400928284209428,-0.18892317259409297
4.675,-0.4536284411178355,-11.270772529057476,-7.24426077916849,12.853066237257153,-0.18892317261235214
4.683333333333334,-0.5530164900452669,-12.584077292561389,-7.125742808373275,15.58155114921058,-0.18892317257587393
4.691666666666666,-0.661916616403075,-13.348368548186988,-6.987243050083205,17.298912965013535,-0.18892317268885905
4.7,-0.7708917035997723,-12.548734715266901,-6.845454504754992,16.283266341264753,-0.1889231725279225
4.708333333333333,-0.8687024585502758,-10.894528476167473,-6.719977798690383,13.774437071041287,-0.18892317252829133
4.716666666666667,-0.952897285272404,-9.364201040674631,-6.615175026613144,11.46635020491567,-0.1889231726154048
4.725,-1.025667881670993,-8.150040873434394,-6.527339613519068,9.699264357889978,-0.18892317261940533
4.733333333333333,-1.0894334408639184,-7.188803176600994,-6.4522955026537,8.373427901130283,-0.18892317261601518
4.741666666666666,-1.1459666486653695,-6.403113502644408,-6.386909230668528,7.363303591324967,-0.1889231726160497
4.75,-1.1964831206441655,-5.737241989694328,-6.328949262659521,6.57901757556158,-0.1889231726155175
4.758333333333333,-1.241815448540761,-5.153884971764437,-6.276798664498784,5.961080073233816,-0.18892317261609085
4.766666666666667,-1.282540022101801,-4.627956725379877,-6.229246820807108,5.469948153941164,-0.18892317261582905
4.775,-1.3190591661665798,-4.142191585771827,-6.185356345160988,5.078618952200135,-0.18892317261572308
4.783333333333333,-1.3516539443390987,-3.6843996048904275,-6.144379447978059,4.767994338959342,-0.18892317261585118
4.791666666666667,-1.3805188802774733,-3.245783950808366,-6.105704926221299,4.5240204035141955,-0.18892317261579583
4.8,-1.4057855497328486,-2.819898041662225,-6.068824168290378,4.33589308358999,-0.1889231726157724
4.808333333333334,-1.4275392188305749,-2.4019875223880462,-6.033309223750273,4.194903618302513,-0.18892317261580005
4.816666666666666,-1.445831058476182,-1.9885678136925393,-5.998798733438568,4.093675566579141,-0.18892317261578903
4.825,-1.4606874993938124,-1.5771491236211055,-5.9649891146403204,4.025648301782569,-0.18892317261578379
4.833333333333333,-1.4721177167163704,-1.1660556403163307,-5.931629336234574,3.984721008351274,-0.1889231726157875
4.841666666666667,-1.480119879599251,-0.7543055258028318,-5.8985181794012185,3.9650055646887665,-0.1889231726157868
4.85,-1.484686575228384,-0.34152978329890304,-5.8655032172053065,3.9606571627769203,-0.18892317261578653
4.858333333333333,-1.485809663958658,0.07208530609447272,-5.832480949625472,3.965764039845805,-0.1889231726157833
4.866666666666666,-1.483484712264358,0.4858436281149685,-5.799397650691295,3.9742855174995024,-0.18892317261578528
4.875,-1.4777150651261184,0.8985817089811491,-5.766250552514666,3.980032406512576,-0.18892317261578767
4.883333333333333,-1.4685155499149385,1.3087158488076231,-5.733089027507889,3.976686668710855,-0.18892317261578043
4.891666666666667,-1.455915745446333,1.7143003116973838,-5.7000154496629944,3.9578585125951333,-0.1889231726157839
4.9,-1.4399627018194983,2.1131016786318324,-5.667185430159953,3.9171790907657944,-0.1889231726157889
4.908333333333333,-1.4207229603792262,2.5026929059966623,-5.634807141858768,3.848425825040234,-0.18892317261577815
4.916666666666667,-1.3982837014283123,2.880568691192247,-5.603139480248974,3.7456752588788063,-0.18892317261578306
4.925,-1.3727528433965557,3.2442814275896854,-5.572488862636829,3.6034754138671583,-0.18892317261578986
4.933333333333334,-1.3442579338275413,3.5915944375920943,-5.543204548381112,3.417026161085346,-0.18892317261577768
4.941666666666666,-1.3129437112796989,3.9206465094166894,-5.515672474019058,3.182352448873368,-0.1889231726157832
4.95,-1.2789682774235949,4.230119338533222,-5.49030773806922,2.89645180287976,-0.18892317261578895
4.958333333333333,-1.242497896601541,4.519397707258512,-5.467546036834833,2.557394903811456,-0.1889231726157819
4.966666666666667,-1.2037005282869517,4.78871165425613,-5.447834535105917,2.1643569250042587,-0.1889231726157841
4.975,-1.1627382838841893,5.03925108962255,-5.431622839093717,1.7175583224020274,-0.1889231726157865
4.983333333333333,-1.1197590658203593,5.273246869882024,-5.41935490368281,1.2180972531912726,-0.18892317261578495
4.991666666666666,-1.0748876725081968,5.494018638400511,-5.411462832512842,0.6676613608186555,-0.18892317261578287
5.0,-1.028216614282273,5.705998809167487,-5.40836360584,0.06811271668073926,-0.18892317261579242
5.008333333333333,-0.9797967605387831,5.91475368414649,-5.410459805242144,-0.5790568313587496,-0.1889231726157593
5.016666666666667,-0.9296277067505235,6.127036711461888,-5.418145435920202,-1.2734064353008383,-0.18892317261577196
5.025,-0.8776473892607523,6.350926183339874,-5.431818061868765,-2.0163869799021437,-0.18892317261584138
5.033333333333333,-0.8237199467838876,6.596123639128889,-5.4518988131707475,-2.8124051384840447,-0.18892317261560804
5.041666666666667,-0.7676200443467958,6.874528294372436,-5.478862636751398,-3.6702500392341424,-0.1889231726157219
5.05,-0.7090106465210813,7.201274876076835,-5.513282845439371,-4.6051613664204885,-0.1889231726161053
5.058333333333334,-0.647409143060627,7.596563722010795,-5.555897313218455,-5.642077855318967,-0.18892317261475833
5.066666666666666,-0.5821329446159236,8.088895292827484,-5.607710009325896,-6.821104768186174,-0.1889231726153669
5.075,-0.5122085000160459,8.720875383662406,-5.6701537983987365,-8.207197971936981,-0.18892317261739655
5.083333333333333,-0.43621434219148797,9.559674508917192,-5.745363351055853,-9.907652233864315,-0.18892317261429392
5.091666666666667,-0.35200912677572493,10.714261254522542,-5.836641118055411,-12.101143598990424,-0.18892317261185193
5.1,-0.256316083788852,12.346321650276508,-5.9491667809194055,-15.056497383109035,-0.18892317249433832
5.108333333333333,-0.14465860925650187,14.515560341049184,-6.090114266091315,-18.870259827713735,-0.18892317261126867
5.116666666666666,-0.015671176707665248,16.12842249872426,-6.26130801711481,-21.67018815900201,-0.18892317262807512
5.125,0.11601919198097424,15.042382287625864,-6.437192761785124,-19.787283745433143,-0.1889231726758499
5.133333333333333,0.23204097938231422,12.821456474680554,-6.585800664132117,-15.900201348759829,-0.18892317228923933
5.141666666666667,0.33110344681401793,11.052230885742464,-6.704409439144816,-12.724774253970576,-0.18892317266193853
5.15,0.4176891961822756,9.799945543543666,-6.8001937040881995,-10.377102346727314,-0.1889231726217393
5.158333333333333,0.49540229114641593,8.8976436409727,-6.878878308099943,-8.579151590580883,-0.18892317262595526
5.166666666666667,0.5666128044749416,8.22353181519448,-6.944142123629049,-7.130370292156962,-0.18892317262058866
5.175,0.63288330750318,7.70229735316923,-6.9983466741489835,-5.909529577186867,-0.1889231726215826
5.183333333333334,0.6952763392109788,7.286666623081217,-7.0430619977431315,-4.843569422503989,-0.18892317262249658
5.191666666666666,0.7545335945861382,6.945441363433666,-7.079376737375179,-3.887563301343212,-0.18892317262144864
5.2,0.8111792896819463,6.656813300966811,-7.1080815622739,-3.0135690927283973,-0.18892317262163905
5.208333333333333,0.8655814568202279,6.404651891105959,-7.12978228283734,-2.204387806265122,-0.18892317262180253
5.216666666666667,0.9179897156013008,6.176410286654738,-7.1449728681282325,-1.4499070202066247,-0.18892317262162248
5.225,0.9685597138785085,5.9619359777646785,-7.154084291724336,-0.7448142063500549,-0.18892317262165126
5.233333333333333,1.01737003619809,5.752806441128183,-7.157517713201588,-0.08705011342631615,-0.1889231726216747
5.241666666666666,1.0644349883210769,5.5419769886363355,-7.1556666518216705,0.5233245177842817,-0.188923172621654
5.25,1.109715283021247,5.323612335149071,-7.148930827136917,1.0850142364935222,-0.18892317262165395
5.258333333333333,1.1531277865634715,5.093018215316346,-7.137723366324527,1.5962036728144873,-0.18892317262165653
5.266666666666667,1.1945549067832213,4.846615921262447,-7.122472647931777,2.055132768190466,-0.18892317262165506
5.275,1.2338538080133916,4.581921061276373,-7.103619897717315,2.460541700021745,-0.18892317262165417
5.283333333333333,1.2708653785148338,4.297502475999158,-7.081613609789382,2.8119883705594044,-0.1889231726216623
5.291666666666667,1.305422727822752,3.992909404309425,-7.05690183724449,3.110043511988137,-0.1889231726216521
5.3,1.3373589343497625,3.6685646731302075,-7.029923331576339,3.3563741969015926,-0.1889231726216545
5.308333333333334,1.366513775927384,3.3256286288169568,-7.001098395092273,3.553732385704341,-0.18892317262166625
5.316666666666666,1.3927392345246081,2.9658427003815393,-6.970820153577899,3.7058691693212507,-0.18892317262165192
5.325,1.4159036491360268,2.5913631955925926,-6.939446776036482,3.8173969381576733,-0.1889231726216552
5.333333333333333,1.4358944794143096,2.2045957187121843,-6.907294984507587,3.893621033247904,-0.1889231726216648
5.341666666666667,1.4526197235273932,1.808039067100652,-6.8746350260949,3.940360117192228,-0.18892317262165284
5.35,1.4660080983085924,1.4041451629995447,-6.841687132244902,3.9637712219630328,-0.1889231726216554
5.358333333333333,1.4760081335588786,0.9951989506889015,-6.808619372454581,3.9701917861439875,-0.1889231726216612
5.366666666666666,1.482586354101949,0.5832195700428385,-6.775546721925227,3.966007459143302,-0.18892317262165353
5.375,1.4857247239614124,0.16988173258591682,-6.742531102734175,3.9575513849785673,-0.18892317262165575
5.383333333333333,1.4854175093744946,-0.24354579793970885,-6.70958212077018,3.9510383530499436,-0.1889231726216576
5.391666666666667,1.4816676844593122,-0.6562493568484069,-6.67665819893471,3.9525358170594815,-0.18892317262165448
5.4,1.4744829581714318,-1.0679132300648875,-6.643667792467636,3.9679734892135845,-0.18892317262165603
5.408333333333333,1.4638714455682023,-1.4787634873818827,-6.6104703550029535,4.003194164905762,-0.18892317262165045
5.416666666666667,1.4498369401560895,-1.8896214777010252,-6.576876692916916,4.064050842535509,-0.18892317262165823
5.425,1.4323736639091962,-2.3019777058364252,-6.542648287007754,4.156559480736013,-0.1889231726216567
5.433333333333334,1.4114602694364535,-2.718100172208713,-6.507495056055072,4.2871236668854715,-0.18892317262162733
5.441666666666666,1.3870527296020652,-3.141197015180073,-6.471070858672896,4.462858545003096,-0.18892317262167474
5.45,1.3590755469006843,-3.5756632413654854,-6.432965733219955,4.692059333234885,-0.18892317262166056
5.458333333333333,1.327410401387991,-4.027458583363193,-6.39269338372553,4.98488974196171,-0.18892317262152974
5.466666666666667,1.291880850075918,-4.504693664080625,-6.349671597862635,5.3544169034814475,-0.1889231726217499
5.475,1.252230847573385,-5.018554585739481,-6.3031918900953094,5.8182087863255,-0.1889231726216807
5.483333333333333,1.2080934238427354,-5.5847882410227525,-6.252372274197928,6.400865424365163,-0.18892317262107716
5.491666666666666,1.1589434177117652,-6.2261219071204295,-6.1960829882388815,7.138110643292527,-0.18892317262196417
5.5,1.1040242502341746,-6.9761796548782415,-6.132828416168704,8.083391028878887,-0.18892317262177993
5.508333333333333,1.0422340186386176,-7.8853257280434566,-6.060560530722317,9.317705127979348,-0.18892317262483735
5.516666666666667,0.9719606407736914,-9.025957992618693,-5.976406821741536,10.9584371068196,-0.18892317260470215
5.525,0.8909357599081346,-10.474873626467643,-5.876432224128953,13.12895687930988,-0.18892317261920033
5.533333333333333,0.7966789101507109,-12.153183502300074,-5.756413839950478,15.68403365250512,-0.18892317254670649
5.541666666666667,0.6897627791959303,-13.305215169911127,-5.617460588423581,17.31380489767002,-0.18892317267911574
5.55,0.5795212015649681,-12.89428011399487,-5.475857446923715,16.21815550601302,-0.18892317254958535
5.558333333333334,0.47727300619304786,-11.609462740817957,-5.351483219600166,13.557999452002909,-0.1889231725356451
5.566666666666666,0.38566876348344886,-10.424489269391703,-5.249486532553314,10.991793923513352,-0.18892317262497038
5.575,0.30266499194606067,-9.545126401002081,-5.16702356514882,8.869585044055633,-0.1889231726293823
5.583333333333333,0.2258774211960719,-8.919833508403173,-5.1006663337071325,7.10511457123464,-0.18892317262530411
5.591666666666667,0.15349590957009968,-8.477087492075732,-5.047942782289279,5.58026585309506,-0.18892317262546843
5.6,0.08423695280603571,-8.162910836856332,-5.007237938140871,4.209030572696984,-0.18892317262480512
5.608333333333333,0.017197564714849692,-7.939002594342869,-4.9775245755526925,2.9348415381679023,-0.18892317262549668
5.616666666666666,-0.048251639351324,-7.777165403582352,-4.958155453890825,1.7217623222641363,-0.18892317262518904
5.625,-0.11253228656779478,-7.6551921796858124,-4.948720014482992,0.5480858724396102,-0.1889231726250576
5.633333333333333,-0.17589656388084718,-7.554300991797972,-4.948943877034082,-0.5976862354646435,-0.18892317262514763
5.641666666666667,-0.2384490158925451,-7.457665610891149,-4.958615193253359,-1.719412810854116,-0.18892317262511626
5.65,-0.30015941891228115,-7.349697952420061,-4.977528953447043,-2.815148362158241,-0.18892317262516062
5.658333333333333,-0.36087201151436027,-7.2158613126045585,-5.005445175696712,-3.878696008954016,-0.18892317262501523
5.666666666666667,-0.42031481992399955,-7.042855942586155,-5.0420597780544805,-4.901125752591928,-0.18892317262508218
5.675,-0.4781115917773302,-6.819035983772122,-5.086988330402041,-5.8723522209915595,-0.18892317262517128
5.683333333333334,-0.5337976690251914,-6.534913286239339,-5.139763156625674,-6.782749457237212,-0.1889231726250551
5.691666666666666,-0.5868399063665863,-6.183600213136799,-5.19984371523654,-7.624701904056714,-0.188923172625098
5.7,-0.6366595431258028,-5.761054971845877,-5.266639174908526,-8.39395778818392,-0.18892317262510194
5.708333333333333,-0.6826559195222859,-5.266025299181952,-5.339541022497811,-9.090668016395746,-0.18892317262519037
5.716666666666667,-0.7242282561647228,-4.699635264371411,-5.417962798954373,-9.720056018563012,-0.18892317262512698
5.725,-0.7607924768253436,-4.064612200529361,-5.501383979929797,-10.292758066483202,-0.18892317262506697
5.733333333333333,-0.7917902007405252,-3.3641876204435874,-5.589395794673946,-10.824982062525562,-0.1889231726251785
5.741666666666666,-0.816687352426169,-2.600708242521854,-5.681748473586632,-11.338744377163213,-0.18892317262509395
5.75,-0.8349599748382003,-1.7739442556656484,-5.778402069011424,-11.862565776385079,-0.18892317262520297
5.758333333333333,-0.8460642923997349,-0.8789654473236472,-5.8795868152076585,-12.43317522716481,-0.18892317262474817
5.766666666666667,-0.8493862065511831,0.0967496986261502,-5.985884650470271,-13.099058629548528,-0.18892317262488162
5.775,-0.8441613934556902,1.1776150866880515,-6.098352409443093,-13.927185844510324,-0.18892317262575076
5.783333333333333,-0.8293505703639199,2.40653094592575,-6.218720742571856,-15.014771650064494,-0.18892317262538594
5.791666666666667,-0.8034504933159499,3.853197386166758,-6.349714242646821,-16.505943984508868,-0.18892317262398328
5.8,-0.7642671570571807,5.609100040711673,-6.495472141664444,-18.58994782760388,-0.18892317257632418
5.808333333333334,-0.7090822885413095,7.662423125820144,-6.661388009715221,-21.303401310569452,-0.1889231726226145
5.816666666666666,-0.6375851644860242,9.293301952242661,-6.849391165823408,-23.516475766389014,-0.18892317252176605
5.825,-0.5598264523929922,9.00505585649195,-7.044587427745166,-22.76194460312418,-0.1889231726812698
5.833333333333333,-0.4912473976150151,7.382398652532445,-7.223089271026666,-19.98894928122543,-0.18892317272337666
5.841666666666667,-0.4365565546003916,5.7974869011762,-7.378500090678902,-17.4160185492484,-0.18892317262747005
5.85,-0.3936388265251783,4.5580143737508125,-7.515181439534535,-15.486707111725703,-0.18892317262245606
5.858333333333333,-0.3597966989678072,3.604098486836349,-7.638006948124025,-14.060396343676008,-0.18892317262765485
5.866666666666666,-0.33301053348038445,2.8527072674434986,-7.750468941253529,-12.977047735616576,-0.18892317262753444
5.875,-0.3118533143221242,2.245377704378085,-7.854935238736992,-12.12687921651877,-0.1889231726285151
5.883333333333333,-0.29529365230896076,1.744293020238685,-7.953032000235936,-11.438928403753785,-0.1889231726272188
5.891666666666667,-0.282555372808871,1.3249790973345625,-8.045904027712304,-10.866657888695583,-0.1889231726275371
5.9,-0.2730288489514842,0.9712905788079742,-8.134375964430358,-10.37857334142571,-0.18892317262774713
5.908333333333333,-0.2662154443996285,0.6723434088388387,-8.219052295218047,-9.952623564318372,-0.18892317262746333
5.916666666666667,-0.2616920632258313,0.4206518181861271,-8.300380952172738,-9.572860672035056,-0.1889231726275398
5.925,-0.25908801602772247,0.2109727291284069,-8.378695013433404,-9.227403564841936,-0.18892317262759323
5.933333333333334,-0.2580696266691398,0.039567792067122735,-8.454240871898387,-8.907160612411426,-0.18892317262751837
5.941666666666666,-0.258329852396306,-0.09628238165241117,-8.527197804285837,-8.605005312502891,-0.18892317262754016
5.95,-0.2595812495831614,-0.19860741823684816,-8.597691920147662,-8.315230019880707,-0.18892317262755648
5.958333333333333,-0.261551236532259,-0.268976529745729,-8.66580634608456,-8.033175827687387,-0.18892317262753328
5.966666666666667,-0.2639789775793371,-0.3086628327079255,-8.731588839971497,-7.754978243530165,-0.1889231726275401
5.975,-0.26661344612035526,-0.31876497593303554,-8.795057637520344,-7.477392743816026,-0.18892317262754554
5.983333333333333,-0.2692123776317006,-0.30030121575759605,-8.856206101157765,-7.197679177508376,-0.18892317262753938
5.991666666666666,-0.27154193077264316,-0.2542868462157581,-8.91500660783301,-6.9135333339913725,-0.18892317262754055
6.0,-0.273376953857768,-0.1818032695518868,-8.971414041488423,-6.623059882494128,-0.18892317262754083
6.008333333333333,-0.2745018149051833,-0.08406510795481925,-9.025369223554875,-6.324784346844998,-0.18892317262754316
6.016666666666667,-0.2747117995518223,0.03751000650201004,-9.076802602580285,-6.0177031761140585,-0.18892317262754035
6.025,-0.2738151113531127,0.18122643589897997,-9.125638515014797,-5.701370318599169,-0.1889231726275382
6.033333333333333,-0.27163551901227406,0.3450305845567494,-9.171800305657392,-5.3760158753116745,-0.18892317262754504
6.041666666666667,-0.26801567869023285,0.5264297994518333,-9.21521653996018,-5.042687397842588,-0.18892317262754063
6.05,-0.26282111087686744,0.7224180474844941,-9.255828434543417,-4.7033976461044125,-0.1889231726275384
6.058333333333334,-0.25594472816833835,0.929420297684548,-9.293598466757235,-4.361255319083076,-0.18892317262754438
6.066666666666666,-0.2473116980315871,1.143270306858552,-9.328519902262606,-4.020549454282127,-0.18892317262754071
6.075,-0.23688429909107728,1.3592367070766578,-9.360626724384952,-3.6867564420233445,-0.18892317262753977
6.083333333333333,-0.224666316832278,1.5721088828651497,-9.390003204415585,-3.3664431956007657,-0.18892317262754188
6.091666666666667,-0.2107064562015282,1.7763470170578963,-9.416792175625496,-3.0670517251091742,-0.1889231726275409
6.1,-0.19510025079589804,1.9662911770596538,-9.441201019599275,-2.7965674932608957,-0.18892317262754155
6.108333333333333,-0.1779900313504975,2.136414903615164,-9.463504471157945,-2.5630924187548794,-0.18892317262753983
6.116666666666666,-0.15956266752385106,2.2816021941647433,-9.484043588013199,-2.3743582461804085,-0.18892317262754094
6.125,-0.14004498474449564,2.3974247202758896,-9.503220566219392,-2.2372235800120652,-0.18892317262754166
6.133333333333333,-0.11969694420085104,2.4803982939670144,-9.521489447258308,-2.157197679168219,-0.18892317262754033
6.141666666666667,-0.098802831576835,2.528201878562566,-9.539343101933854,-2.1380288611529292,-0.1889231726275408
6.15,-0.0776608229635056,2.5398460556345857,-9.557297165490498,-2.1813892683760043,-0.18892317262753988
6.158333333333333,-0.05657139876823857,2.5157790029146816,-9.575871844617422,-2.28668379598056,-0.188923172627542
6.166666666666667,-0.03582517929042288,2.457917046867172,-9.595572739618929,-2.451008896522014,-0.18892317262754071
6.175,-0.015690867225774806,2.3695863225197233,-9.616872025855656,-2.6692829819008903,-0.18892317262753955
6.183333333333334,0.0035959163710249185,2.2553656814410434,-9.640191479522015,-2.934558938040252,-0.18892317262754119
6.191666666666666,0.02184207220048229,2.1208313663084546,-9.665888837572728,-3.2385076183623953,-0.1889231726275409
6.2,0.03890397860320199,1.9722205336051863,-9.69424876794578,-3.5720313569548776,-0.18892317262754174
6.208333333333333,0.05469142207564111,1.8160488459298487,-9.72547925827823,-3.925937210920091,-0.1889231726275375
6.216666666666667,0.06916831383664059,1.658730026322613,-9.759713562347004,-4.291582657728992,-0.188923172627541
6.225,0.08235041746349782,1.5062465650970471,-9.797017117411865,-4.6614106233676065,-0.188923172627543
6.233333333333333,0.09430068306947927,1.3639093802774453,-9.837398246708746,-5.0293162893498495,-0.18892317262753494
6.241666666666666,0.10512301904820695,1.236224309927182,-9.880821136447274,-5.390826279665416,-0.18892317262754105
6.25,0.11495539143247616,1.126862141078148,-9.927219576224491,-5.743108344233288,-0.18892317262754185
6.258333333333333,0.12396304217568004,1.0387130559936446,-9.976510221480677,-6.084855648126745,-0.18892317262753677
6.266666666666667,0.13233242186096722,0.9739991006040299,-10.028604557503357,-6.416099957713684,-0.18892317262754094
6.275,0.14026621070008827,0.9344190182076024,-10.083419190485142,-6.73800464590813,-0.1889231726275366
6.283333333333333,0.1479796102890328,0.9213057693906779,-10.140884472334832,-7.052677325700633,-0.18892317262754335
6.291666666666667,0.1556979577836731,0.9357851533421334,-10.200951743591492,-7.363029071526544,-0.18892317262754127
6.3,0.16365565146060343,0.9789319330391649,-10.263599657650174,-7.672696851483586,-0.1889231726275234
6.308333333333334,0.17209637634690308,1.0519268041685377,-10.328840160843441,-7.986040141127423,-0.1889231726275571
6.316666666666666,0.18127467202365635,1.1562236023329717,-10.39672478966971,-8.308222511462594,-0.18892317262754169
6.325,0.19145898807351341,1.2937422952863922,-10.467352055968524,-8.645394725860777,-0.18892317262748415
6.333333333333333,0.20293653321771485,1.4671112258520804,-10.540876876405521,-9.005008700137527,-0.18892317262759642
6.341666666666667,0.21602046665863556,1.6799943454554207,-10.617523334051668,-9.396314602528777,-0.1889231726275431
6.35,0.2310603570183967,1.9375600825846597,-10.697602645515632,-9.831133000248125,-0.18892317262732497
6.358333333333333,0.24845744597024885,2.2471856229009703,-10.781539235462796,-10.325063610501019,-0.18892317262775782
6.366666666666666,0.26868728784497664,2.6195577445729046,-10.869909638161928,-10.899417894796178,-0.18892317262755173
6.375,0.29233414065594576,3.0704541905829417,-10.963502203562063,-11.584393409385461,-0.18892317262653335
6.383333333333333,0.32014467359080945,3.623706001833251,-11.063411474115211,-12.424424130865019,-0.18892317262835695
6.391666666666667,0.3531140090811904,4.316158029320844,-11.171191480267282,-13.487297207617168,-0.18892317262767955
6.4,0.39262461721964076,5.205454220736564,-11.289107704104127,-14.878950661326673,-0.1889231726306081
6.408333333333333,0.4406555769686542,6.377680086001406,-11.420529515310022,-16.760252390758684,-0.18892317259221175
6.416666666666667,0.49996408453432795,7.920376104607617,-11.57032693721846,-19.3105016872559,-0.18892317263027475
6.425,0.5732937958628695,9.650553183608206,-11.743731608308819,-22.28427689700578,-0.1889231725304359
6.433333333333334,0.6578463996674548,10.294551633899221,-11.937288702548928,-23.62246558598096,-0.18892317275825043
6.441666666666666,0.7385729427635294,8.814207517805325,-12.127509586419812,-21.623168845582803,-0.18892317262381608
6.45,0.8031176145029703,6.693444375557839,-12.295512577548754,-18.754920954964113,-0.18892317253111118
6.458333333333333,0.8510352290664255,4.870783930722907,-12.441994504735476,-16.526173009225392,-0.1889231726266256
6.466666666666667,0.885253314271718,3.3898268803520217,-12.572792944613225,-14.957945293193958,-0.1889231726299423
6.475,0.9081905388366225,2.146947687025282,-12.692553243949627,-13.845368201799015,-0.18892317263010544
6.483333333333333,0.9214683806687665,1.0608482260017256,-12.804370677309405,-13.030370563559636,-0.18892317262938763
6.491666666666666,0.9261639068185078,0.08075574024395166,-12.910258764590493,-12.408239136388188,-0.18892317262859037
6.5,0.9230246972138785,-0.8231599443367948,-13.011512156337263,-11.908252143221604,-0.1889231726291421
6.508333333333333,0.9126099176267218,-1.667264659627675,-13.108927244916929,-11.479793422244995,-0.18892317262898667
6.516666666666667,0.895381593512131,-2.459105716432387,-13.202932965145262,-11.084313863691662,-0.18892317262893005
6.5249999999999995,0.8717650450921883,-3.200339550273599,-13.293671238926391,-10.690967865840594,-0.1889231726288741
6.533333333333333,0.8421890860653123,-3.8887642269604283,-13.381050906997693,-10.274424795304963,-0.18892317262890407
6.541666666666667,0.8071113112405354,-4.519919227812784,-13.464789269738326,-9.813971424198673,-0.1889231726289935
6.55,0.7670310259118488,-5.088473645436575,-13.54444955209829,-9.293357052983916,-0.18892317262885558
6.558333333333334,0.7224912118566804,-5.589471329291262,-13.619478799352404,-8.700995917972518,-0.188923172628919
6.566666666666666,0.6740707756084172,-6.019408879261744,-13.689247882541723,-8.030226475020267,-0.18892317262894015
6.575,0.6223687430097271,-6.377077664184771,-13.75309306101055,-7.27939228108501,-0.1889231726289629
6.583333333333333,0.5679826754113719,-6.664098454562015,-13.810356885963657,-6.4515830545626205,-0.18892317262897312
6.591666666666667,0.5114840670615585,-6.885108540389753,-13.860425243888656,-5.553962839687672,-0.18892317262887354
6.6,0.453393611340406,-7.047612724312329,-13.902757118077682,-4.596704685438676,-0.18892317262902608
6.608333333333333,0.3941588959567153,-7.161564609774135,-13.936904151648216,-3.591629741944529,-0.18892317262897534
6.616666666666666,0.33413634051857893,-7.238788047790633,-13.962518133848045,-2.5506956719704137,-0.18892317262888936
6.625,0.2735781640334985,-7.292371270276642,-13.979345789940226,-1.4844840990641535,-0.1889231726289583
6.633333333333333,0.2126240484818049,-7.336167026308825,-13.987211370517581,-0.4007982582483366,-0.1889231726289185
6.641666666666667,0.1512961060880599,-7.384517919822983,-13.985988171768122,0.6965929819659586,-0.18892317262898517
6.6499999999999995,0.08949483429379639,-7.452310552798844,-13.975560012130122,1.8091300874019103,-0.1889231726287801
6.658333333333333,0.026992894076606096,-7.555462880537656,-13.955772647871271,2.944745685892495,-0.18892317262880876
6.666666666666667,-0.03657744909157959,-7.7119877872434826,-13.926372916927395,4.11960020986517,-0.18892317262924113
6.675,-0.10174894465346443,-7.943877589195074,-13.886929663412396,5.360837143712311,-0.18892317262826247
6.683333333333334,-0.16926451361966807,-8.280239606824704,-13.836724478127607,6.711254594254424,-0.18892317262838754
6.691666666666666,-0.2401559103183727,-8.76231046705249,-13.774591264565826,8.237129783680105,-0.18892317262886782
6.7,-0.3158730418333685,-9.450432983065296,-13.698674997426995,10.039547485095195,-0.18892317263629366
6.708333333333333,-0.3984638495099823,-10.42673235438329,-13.606107114713186,12.258939109135138,-0.18892317263597275
6.716666666666667,-0.49062788015158293,-11.745740551914535,-13.492891756833574,14.992138372164584,-0.18892317254293528
6.725,-0.5944706124985562,-13.112723702109513,-13.35599149307915,17.746019068236475,-0.18892317249580937
6.733333333333333,-0.705875958009528,-13.309331579697396,-13.202881180342978,18.456228849447157,-0.1889231726402455
6.741666666666666,-0.8114618703684079,-11.85884603020219,-13.05669903607948,16.331580723585468,-0.1889231726404607
6.75,-0.9027350173532973,-10.07889132101793,-12.93203458530434,13.64365261557189,-0.18892317262420877
6.758333333333333,-0.9803747836705682,-8.615245142776798,-12.827693739342534,11.503252751080042,-0.18892317261519448
6.766666666666667,-1.0472228581854879,-7.474086951141415,-12.738741774285183,9.925925463453206,-0.18892317263295058
6.7749999999999995,-1.1055749363032417,-6.561382270561895,-12.661133132870248,8.756421363550857,-0.1889231726310381
6.783333333333333,-1.1570035160688852,-5.802272419364374,-12.592013764366754,7.871901665891678,-0.18892317263190084
6.791666666666667,-1.2025658639363257,-5.1468198437923265,-12.529370734859736,7.191361203568318,-0.18892317263061736
6.8,-1.2429794923205861,-4.562148379855903,-12.471739004527707,6.6621364825500144,-0.18892317263100178
6.808333333333334,-1.2787362189861056,-4.026135510384257,-12.418013238339583,6.2491430783526525,-0.18892317263117991
6.816666666666666,-1.3101739871952467,-3.523472502437532,-12.36733168138126,5.928147754881464,-0.1889231726309068
6.825,-1.3375229617581943,-3.0433005932557733,-12.319004079005827,5.681702890748832,-0.18892317263098882
6.833333333333333,-1.360936181053278,-2.577785357372901,-12.272466334110469,5.496654334279167,-0.18892317263102854
6.841666666666667,-1.3805108301215019,-2.1212434255769694,-12.227251761191534,5.362569503398717,-0.1889231726309705
6.85,-1.3963037283349853,-1.6695997389320094,-12.182972963531313,5.270713966709777,-0.18892317263098654
6.858333333333333,-1.4083432040610722,-1.2200470401025023,-12.139310724567443,5.213365318632271,-0.18892317263099506
6.866666666666666,-1.4166386970266236,-0.7708312069847197,-12.096007653718074,5.183343148945478,-0.18892317263098557
6.875,-1.4211889241818403,-0.32111485283864116,-12.052865104293675,5.1736850530402405,-0.18892317263098604
6.883333333333333,-1.421989121969985,0.12911226565522188,-12.0097423299325,5.177428415767484,-0.18892317263098424
6.891666666666667,-1.4190376572839585,0.5790983683398265,-11.966557101456713,5.187475414551832,-0.18892317263099012
6.8999999999999995,-1.412342137380132,1.027387287664799,-11.923287146285057,5.196529200485299,-0.18892317263098546
6.908333333333333,-1.4019250227674147,1.4718821298651046,-11.879971845822567,5.197095070192871,-0.18892317263097777
6.916666666666667,-1.3878286463186174,1.9099256807224403,-11.836713665252478,5.181542976822648,-0.18892317263099281
6.925,-1.3701194640769738,2.3384054567465653,-11.793678819042325,5.142227727569988,-0.18892317263098593
6.933333333333334,-1.3488913104488371,2.7538880891860478,-11.75109671285488,5.071661275023512,-0.18892317263097327
6.941666666666666,-1.3242674064168252,3.152784061071613,-11.709257762095403,4.962728237114803,-0.18892317263099473
6.95,-1.2964008772025661,3.5315398885066367,-11.668509277403846,4.808931836208469,-0.18892317263098607
6.958333333333333,-1.2654735762670837,3.886850990258136,-11.629249230891366,4.604653470902841,-0.1889231726309742
6.966666666666667,-1.2316930834368904,4.215885085459897,-11.591917871915836,4.34540561237451,-0.188923172630994
6.975,-1.1952878413981625,4.5165032643257454,-11.556987342652908,4.028054914433182,-0.18892317263098735
6.983333333333333,-1.1565005101894323,4.787464049441618,-11.524949645092384,3.6509904728298865,-0.1889231726309837
6.991666666666666,-1.115579745776152,5.028594976836472,-11.49630352440957,3.2142113277600664,-0.18892317263098762
7.0,-1.0727707362726524,5.2409168574670035,-11.471541047151577,2.7193082640453508,-0.18892317263098818
7.008333333333333,-1.0283049433595437,5.426708626742574,-11.451134846765024,2.169318870616436,-0.1889231726309956
7.016666666666667,-0.982389575758739,5.589506392905118,-11.435527154228344,1.5684427659908806,-0.18892317263098077
7.0249999999999995,-0.9351973391073014,5.7340394562394055,-11.42512179305777,0.92161590024868,-0.18892317263098887
7.033333333333333,-0.8868569342952806,5.866118287885893,-11.420280268948595,0.23395679754833812,-0.1889231726309859
7.041666666666667,-0.8374445944119353,5.992503230963378,-11.421322926109545,-0.48989109173717604,-0.1889231726309953
7.05,-0.7869766543245604,6.120796006557231,-11.428535922534397,-1.246494384390596,-0.18892317263098696
7.058333333333334,-0.7354027463451732,6.259407828516546,-11.442184596495398,-2.034428493859383,-0.1889231726309051
7.066666666666666,-0.6825987199720563,6.417669547837664,-11.462533807412397,-2.8551602036474684,-0.1889231726310862
7.075,-0.6283577733350683,6.606166645135273,-11.489876232129886,-3.71409458097704,-0.1889231726309769
7.083333333333333,-0.572377464608348,6.837417409476898,-11.524570646299063,-4.621965425244556,-0.1889231726305431
7.091666666666667,-0.5142390063559378,7.12708925635485,-11.567094341253364,-5.59691416284745,-0.18892317263154135
7.1,-0.45337302985703476,7.496109635501734,-11.618117821331701,-6.667902386453903,-0.18892317263092573
7.108333333333333,-0.3890018123529694,7.97436095763248,-11.678617455120955,-7.880685384150531,-0.18892317262838415
7.116666666666666,-0.3200397524509973,8.607311785747413,-11.75005623464867,-9.30871914682103,-0.1889231726335368
7.125,-0.24491821730222946,9.468050146025837,-11.834690233681764,-11.073327692780708,-0.1889231726314563
7.133333333333333,-0.16127770740057815,10.677145240425073,-11.93609965026322,-13.377623074579038,-0.18892317266545705
7.141666666666667,-0.06550175271689195,12.412054477014888,-12.059995410670632,-16.52417747325567,-0.18892317235133893
7.1499999999999995,0.04720684945570003,14.685351594509495,-12.214129613075485,-20.542378774834923,-0.1889231725949646
7.158333333333333,0.17690252173294163,16.022801029080814,-12.39827719040285,-22.934825451052642,-0.18892317265440794
7.166666666666667,0.3053710034638005,14.428326303997428,-12.581172019150937,-20.30737419456188,-0.18892317263625913
7.175,0.4155400912914384,12.073106240656813,-12.73357043977548,-16.36923339787257,-0.18892317263718716
7.183333333333334,0.5082611838693096,10.281473705988182,-12.856783092643377,-13.370850863533336,-0.18892317259839742
7.191666666666666,0.588320904770417,9.001646978617469,-12.958777309550369,-11.221273022662464,-0.1889231726306277
7.2,0.6592076312074069,8.05501475942627,-13.045314646442597,-9.619469688509406,-0.18892317262966307
7.208333333333333,0.7231632079172726,7.323062411866519,-13.120068824317286,-8.368416056994404,-0.18892317263251168
7.216666666666667,0.7816537890933796,6.734224840051245,-13.185433671904219,-7.351196918354165,-0.1889231726290771
7.225,0.8356732859666613,6.244164562056719,-13.243039733555579,-6.497170915017722,-0.1889231726297535
7.233333333333333,0.8859167968376422,5.824094719648169,-13.294049007649395,-5.762144736243648,-0.1889231726302363
7.241666666666666,0.9328809467785725,5.454396432305104,-13.339325926354615,-5.117593092252362,-0.1889231726296537
7.25,0.9769241379998985,5.121079324078664,-13.379540653424039,-4.5446777778945835,-0.1889231726297777
7.258333333333333,1.0183042533895126,4.813755064904561,-13.415234133390626,-4.030784723307357,-0.1889231726298772
7.266666666666667,1.057203265674707,4.524441461162518,-13.44686049515012,-3.5674168735947926,-0.18892317262975775
7.2749999999999995,1.0937440337093798,4.246840810342203,-13.474815338759923,-3.1488423790541873,-0.18892317262978214
7.283333333333333,1.128002353939647,3.975899126750786,-13.499454735259794,-2.771179347696951,-0.18892317262980718
7.291666666666667,1.1600161078511,3.7075360699997257,-13.521107784746496,-2.431744181758039,-0.18892317262977867
7.3,1.1897926301600426,3.4384794076907133,-13.54008449488951,-2.128568697784762,-0.1889231726297835
7.308333333333334,1.21731498203731,3.166162201791686,-13.556680148909642,-1.8600342580330729,-0.18892317262979066
7.316666666666666,1.2425475300558801,2.8886553117223066,-13.571177009234047,-1.6245948125876097,-0.18892317262978342
7.325,1.2654410444030821,2.604617105255649,-13.583844026544,-1.4205731665230115,-0.1889231726297842
7.333333333333333,1.2859374077666286,2.313248837142199,-13.594935120486731,-1.246020484110422,-0.18892317262978653
7.341666666666667,1.3039739515697866,2.0142490718447026,-13.60468652464943,-1.0986308772043851,-0.18892317262978442
7.35,1.3194873971662904,1.7077642086518932,-13.613313620959644,-0.9757028593360972,-0.1889231726297845
7.358333333333333,1.3324173665925747,1.394334750263241,-13.621007617676604,-0.8741388392333082,-0.18892317262978492
7.366666666666666,1.3427094316506418,1.074838512346118,-13.627932349932223,-0.790473528468795,-0.18892317262978442
7.375,1.3503176833419503,0.750432617718889,-13.634221406911795,-0.720922551831845,-0.1889231726297848
7.383333333333333,1.3552068191352253,0.4224960402732153,-13.639975721574485,-0.6614437220593985,-0.1889231726297846
7.391666666666667,1.3573537581422375,0.09257389402421402,-13.645261702944897,-0.6078051789188548,-0.18892317262978497
7.3999999999999995,1.35674880092157,-0.2376761548401462,-13.650109950909924,-0.5556565826595458,-0.1889231726297849
7.408333333333333,1.353396350209552,-0.5665358200914196,-13.654514569812088,-0.5006014566134919,-0.18892317262978414
7.416666666666667,1.3473152019376762,-0.8922776323910107,-13.65843308794285,-0.4382702930829622,-0.18892317262978453
7.425,1.338538404288343,-1.213217449830821,-13.661786991064435,-0.36439493506369547,-0.18892317262978486
7.433333333333334,1.327112669047522,-1.5277696439206037,-13.664462883427001,-0.2748848630118397,-0.18892317262978375
7.441666666666666,1.3130973074826406,-1.8345061750861518,-13.66631429250045,-0.16590527332573263,-0.18892317262978522
7.45,1.2965626559231855,-2.1322199711463137,-13.667164126668705,-0.033955258116878065,-0.18892317262978486
7.458333333333333,1.277587957313787,-2.419991889155072,-13.666807772032747,0.12405785943510031,-0.18892317262978256
7.466666666666667,1.2562586763602606,-2.6972592496444667,-13.66501677078597,0.31075459779284775,-0.18892317262978475
7.475,1.2326632477281885,-2.963882761469269,-13.661542958214433,0.5282388676698497,-0.18892317262978484
7.483333333333333,1.2068892865958574,-3.22020797143399,-13.656122851530073,0.7780838902844142,-0.1889231726297812
7.491666666666666,1.1790193229924824,-3.4671175718639127,-13.648481989511358,1.0613599709514685,-0.18892317262978553
7.5,1.1491261469455472,-3.706072313712156,-13.638338828934824,1.378714704535005,-0.1889231726297848
7.508333333333333,1.1172678595413654,-3.939141071985957,-13.625407724219274,1.7305139598373478,-0.18892317262977398
7.516666666666667,1.083482704069539,-4.169024749929508,-13.609400458554354,2.1170492776718635,-0.1889231726297907
7.5249999999999995,1.0477836910768068,-4.399083991097245,-13.590025756216402,2.5388156347790356,-0.1889231726297862
7.533333333333333,1.010152922593435,-4.633386957242691,-13.566986169831818,2.996864970117018,-0.18892317262974237
7.541666666666667,0.9705353548525973,-4.876801024546137,-13.539971666490006,3.493248045237007,-0.1889231726298183
7.55,0.9288315001986807,-5.13516243172501,-13.508649071880523,4.031573458406799,-0.18892317262979041
7.558333333333334,0.884888224863722,-5.415573745512848,-13.472646177071155,4.617743036490445,-0.1889231726295959
7.566666666666666,0.8384862796769962,-5.72690674504046,-13.431528615596434,5.2609767329659185,-0.18892317262994737
7.575,0.789322360763522,-6.080640305899606,-13.384766313526047,5.975336662554886,-0.18892317262981245
7.583333333333333,0.7369820435726022,-6.492263931993934,-13.331683899269114,6.7821396085274825,-0.18892317262877212
7.591666666666667,0.680897268534766,-6.983679282963702,-13.271384921666643,7.713997624330686,-0.18892317263069658
7.6,0.6202769484997355,-7.587441284420241,-13.20263096420006,8.821932400898321,-0.18892317262997715
7.608333333333333,0.553989232251422,-8.35449349400811,-13.12363946427232,10.188418961783169,-0.1889231726243028
7.616666666666666,0.48035488139779026,-9.36837188926292,-13.031730943365972,11.95155329864908,-0.1889231726271436
7.625,0.3967851923935425,-10.768019780476937,-12.922709836408574,14.344460078822737,-0.1889231726304484
7.633333333333333,0.29926757311883156,-12.746902736603476,-12.789974225629502,17.69641108135949,-0.18892317314582407
7.641666666666667,0.18288110655742276,-15.182198337720209,-12.625342158580388,21.807329872917187,-0.18892317273375125
7.6499999999999995,0.05052155038021424,-16.04174689339311,-12.43384809441793,23.225497852916646,-0.188923172581562
7.658333333333333,-0.07590569039850903,-14.044172092201059,-12.252896390879105,19.76353272784983,-0.18892317260080127
7.666666666666667,-0.18318571728610306,-11.797742018858868,-12.105130748292275,15.856371592631582,-0.18892317282269522
7.675,-0.27433226832956065,-10.175424961319475,-11.985668498489856,12.974352989797168,-0.188923172624253
7.683333333333334,-0.3541157277885454,-9.03677013970647,-11.886731839831134,10.872420098664408,-0.1889231726334789
7.691666666666666,-0.4258048985127138,-8.209947359402905,-11.803116283801042,9.258740389386407,-0.1889231726261772
7.7,-0.4915114951012078,-7.587306581887535,-11.73157167052676,7.952662511419529,-0.18892317262951835
7.708333333333333,-0.5526451854330107,-7.104105427991191,-11.670018342069012,6.847206759638367,-0.1889231726297601
7.716666666666667,-0.6101869337091035,-6.719869750574149,-11.617077304753437,5.877257471998952,-0.1889231726282818
7.725,-0.6648429519345511,-6.4078690409173715,-11.571802669581901,5.001879188639546,-0.18892317262890812
7.733333333333333,-0.7171329657616485,-6.149380686406981,-11.533523724097392,4.19482136266776,-0.1889231726289609
7.741666666666666,-0.7674423463678992,-5.930485962599894,-11.501746470451247,3.439276412206389,-0.18892317262869235
7.75,-0.8160537677901534,-5.740225108919263,-11.476088651453534,2.7248484218643645,-0.18892317262881034
7.758333333333333,-0.8631669671736474,-5.56951788626987,-11.45623466279415,2.0456896332426466,-0.18892317262882205
7.766666666666667,-0.9089115666915399,-5.4105409489296115,-11.441903134206642,1.3992583706043527,-0.18892317262877317
7.7749999999999995,-0.9533559917491021,-5.256392427184823,-11.432823345652961,0.7854058200337755,-0.18892317262879033
7.783333333333333,-0.9965144228818029,-5.100941925270681,-11.428718452842793,0.20563721405062418,-0.1889231726287919
7.791666666666667,-1.0383530245373118,-4.938797254317821,-11.429294419806673,-0.33752661025172376,-0.1889231726287889
7.8,-1.0787961998552718,-4.765336356604558,-11.434233955182565,-0.8411131969858687,-0.18892317262878788
7.808333333333334,-1.1177332391599548,-4.576763944447292,-11.443194840711904,-1.302187143322418,-0.18892317262878927
7.816666666666666,-1.1550254336433505,-4.370162246684001,-11.45581197819003,-1.7182516491427267,-0.1889231726287875
7.825,-1.1905135131111733,-4.143515516318416,-11.471702378409674,-2.0875516339343214,-0.18892317262878916
7.833333333333333,-1.2240251400755497,-3.8956981547756526,-11.490472248670837,-2.4092743880312284,-0.1889231726287917
7.841666666666667,-1.2553821461926584,-3.6264251492949007,-11.511725341016572,-2.6836531381948294,-0.1889231726287851
7.85,-1.2844072145598397,-3.3361698515719618,-11.535071803061712,-2.91198680647468,-0.18892317262878958
7.858333333333333,-1.3109297694523976,-3.0260575260699123,-11.560136905138588,-3.0965936907198293,-0.1889231726287925
7.866666666666666,-1.3347909103133697,-2.6977439298835497,-11.58656917087635,-3.240717604005669,-0.18892317262878505
7.875,-1.355847301156103,-2.353287298955187,-11.614047586495014,-3.3484031690259197,-0.18892317262879002
7.883333333333333,-1.3739739895725285,-1.9950204279756454,-11.642287690739762,-3.4243538688849755,-0.1889231726287926
7.891666666666667,-1.389066177702189,-1.62542773811447,-11.671046447285354,-3.473783291631999,-0.18892317262878572
7.8999999999999995,-1.4010400016571674,-1.2470306877699393,-11.70012587723418,-3.502267451994659,-0.1889231726287896
7.908333333333333,-1.4098323986055,-0.8622836712251823,-11.729375487165607,-3.515604314620288,-0.18892317262879138
7.916666666666667,-1.4154001544315131,-0.4734815816619896,-11.758693574281638,-3.519685546330942,-0.18892317262878633
7.925,-1.4177182310978678,-0.08267936124444498,-11.788027529065243,-3.5203848501264043,-0.1889231726287894
7.933333333333334,-1.416777472059551,0.308376971744679,-11.8173732901588,-3.523466785048794,-0.1889231726287895
7.941666666666666,-1.4125817762954644,0.6983091814294662,-11.846774137336974,-3.534519671573885,-0.18892317262878722
7.95,-1.4051448165159988,1.086157802955453,-11.876319037763997,-3.5589160563743016,-0.18892317262878833
7.958333333333333,-1.3944863545854245,1.4714284321130338,-11.906140790138409,-3.6018043857586517,-0.1889231726287862
7.966666666666667,-1.3806281765788997,1.85413752029861,-11.936414244087945,-3.6681362011447605,-0.18892317262879071
7.975,-1.363589629756166,2.2348631629314832,-11.96735491337154,-3.762734581159998,-0.18892317262878638
7.983333333333333,-1.3433826909977082,2.614808164912751,-11.9992183587833,-3.890412098048907,-0.18892317262877717
7.991666666666666,-1.3200064249859818,2.995885409287274,-12.032300801967908,-4.056150863054629,-0.18892317262880443
8.0,-1.2934405899914072,3.3808399639443847,-12.06694156350602,-4.265364409250777,-0.1889231726287775
8.008333333333333,-1.2636380010221544,3.773429659512176,-12.103528128941972,-4.524273182184109,-0.1889231726287423
8.016666666666666,-1.2305150320791904,4.17869823109287,-12.142504988887215,-4.840445906761261,-0.18892317262886035
8.025,-1.193939274191448,4.603396544569699,-12.184387969855594,-5.223594855064518,-0.18892317262873734
8.033333333333333,-1.1537127598755426,5.056645554302285,-12.229786746364123,-5.686777019859625,-0.18892317262857428
8.041666666666666,-1.1095481236077376,5.551004280989376,-12.279439930758622,-6.2482706428790635,-0.18892317262914826
8.05,-1.0610332223607248,6.104235986129524,-12.334270203203952,-6.9346165766267145,-0.18892317262852293
8.058333333333334,-1.0075763894864818,6.7423081471628725,-12.39547256683986,-7.785726658094497,-0.18892317262763358
8.066666666666666,-0.9483184100499165,7.504584688550183,-12.464659107539191,-8.86368639657276,-0.18892317263002112
8.075,-0.881987137901494,8.452653830890233,-12.544100992175213,-10.267729905535951,-0.18892317262957914
8.083333333333334,-0.8066613195336781,9.682782224337956,-12.637124833447418,-12.15547821332523,-0.18892317264652586
8.091666666666667,-0.7194643429999827,11.322300384551696,-12.748629942468908,-14.737182641147408,-0.1889231724819848
8.1,-0.6167909817240866,13.350872262799962,-12.884702031733315,-17.971520711413763,-0.1889231725437185
8.108333333333333,-0.49852664027988075,14.7526591404427,-13.045402143516169,-20.112974559760296,-0.18892317268922565
8.116666666666667,-0.3774753987268419,13.955520266940484,-13.208580788401445,-18.45270115494233,-0.1889231726532422
8.125,-0.2685274491731872,12.189933713435526,-13.34834574183569,-15.076056024263178,-0.18892317275926696
8.133333333333333,-0.17334961314105737,10.730014222536633,-13.461285796480258,-12.148794786047873,-0.18892317263856423
8.141666666666666,-0.08849850055088904,9.696076988531887,-13.552651801299582,-9.871685450853738,-0.18892317263028913
8.15,-0.010890503513507841,8.97211055091811,-13.627065463833498,-8.04718238446822,-0.18892317263276348
8.158333333333333,0.061620261266374446,8.4593951387362,-13.687563052753378,-6.509669395389933,-0.1889231726326861
8.166666666666666,0.13050325582668945,8.092785915570275,-13.73605746046221,-5.152564205177155,-0.1889231726341104
8.175,0.19678548294812162,7.829360181588433,-13.773753230926888,-3.9093482207320496,-0.18892317263265784
8.183333333333334,0.2611954837205763,7.63921403477465,-13.801413003280402,-2.7385638396084766,-0.18892317263282826
8.191666666666666,0.32424646589613637,7.499871675287398,-13.819525992089666,-1.614954320992917,-0.1889231726330992
8.2,0.386283446908134,7.3930407612549685,-13.828420014660287,-0.5244108703260751,-0.18892317263285036
8.208333333333334,0.44750969496430293,7.302771328659113,-13.828340907335509,0.5390238578189889,-0.18892317263287023
8.216666666666667,0.5080017330303154,7.214488328468321,-13.819511779936622,1.5751250736602198,-0.18892317263283342
8.225,0.5677188566209707,7.114606066302863,-13.802178011675483,2.5790092459269993,-0.18892317263289832
8.233333333333333,0.6265112222186583,6.990546059380829,-13.776640254664416,3.542524478819836,-0.18892317263288272
8.241666666666667,0.6841292907645516,6.831023379524417,-13.743275877546589,4.4556460844407875,-0.1889231726327775
8.25,0.7402363444807982,6.6264773957877035,-13.702548667562638,5.307893734589459,-0.1889231726328896
8.258333333333333,0.7944247701231326,6.36952501238348,-13.65500683978629,6.089704965351294,-0.1889231726328789
8.266666666666666,0.8462358131030596,6.055322868893378,-13.601270150566776,6.793657211151812,-0.18892317263287112
8.275,0.8951816405535791,5.681746496586571,-13.542007853939005,7.415426309016184,-0.1889231726328578
8.283333333333333,0.9407679215689726,5.249329172671883,-13.47791007302059,7.954398359132615,-0.18892317263286923
8.291666666666666,0.982514830739826,4.760945898908567,-13.409655646559509,8.413903641166943,-0.1889231726329679
8.3,1.019974438680868,4.221269996352932,-13.337879518405241,8.801102419676996,-0.18892317263284342
8.308333333333334,1.0527428259584473,3.636061887830419,-13.263142245613944,9.126609112839306,-0.18892317263286876
8.316666666666666,1.0804658278956183,3.0113641894089795,-13.185903294525902,9.403982746495887,-0.1889231726329438
8.325,1.1028379228535357,2.3526706403455955,-13.106498623750813,9.649233452286383,-0.1889231726328602
8.333333333333334,1.119594240240811,1.664109486494318,-13.02512177205328,9.880500821898623,-0.1889231726328816
8.341666666666667,1.1304958309357498,0.9476381214329188,-12.94180636377448,10.118062428032008,-0.18892317263279723
8.35,1.1353080828234812,0.2021872709406759,-12.856406566740574,10.384849609063282,-0.18892317263292316
8.358333333333333,1.1337713447452697,-0.5773841797410976,-12.768570341620451,10.707710741497447,-0.18892317263292313
8.366666666666667,1.1255612344005081,-1.401773448692535,-12.677697780213432,11.119810120672016,-0.18892317263228073
8.375,1.1102333626787069,-2.2895783594671886,-12.582872510708391,11.66483962418314,-0.18892317263313405
8.383333333333333,1.0871427238095082,-3.2711637968523104,-12.4827466802178,12.404181497688054,-0.18892317263308134
8.391666666666666,1.0553218378251974,-4.394774668907298,-12.375348895986695,13.428421170538801,-0.1889231726344755
8.4,1.0133012416633433,-5.733474700033158,-12.257780911607927,14.871346632765768,-0.18892317262061437
8.408333333333333,0.9589183671255886,-7.3740902409699025,-12.125867310617862,16.895807824857943,-0.18892317262374253
8.416666666666666,0.8896243619189818,-9.271498304554727,-11.974596555155912,19.45454295096348,-0.18892317257592017
8.425,0.805665863865041,-10.66949169927071,-11.803388961006032,21.30724948782767,-0.18892317265412878
8.433333333333334,0.716957986751912,-10.314257748010487,-11.627781485578234,20.343889542622104,-0.18892317275216985
8.441666666666666,0.6367172001490373,-8.895160116123103,-11.46900333208654,17.69531895673194,-0.188923172577099
8.45,0.5683737128214531,-7.55904232018832,-11.33214566886405,15.242828024610617,-0.1889231726123417
8.458333333333334,0.5098128118553501,-6.5471416086839636,-11.213373067157079,13.348974944987724,-0.18892317264144853
8.466666666666667,0.4585097757860516,-5.803485308912427,-11.108444036243746,11.89434794658273,-0.18892317263514707
8.475,0.41255293764376266,-5.253282235808859,-11.01430651898452,10.739113512037349,-0.1889231726357522
8.483333333333333,0.37056769926627725,-4.843146351640383,-10.928904250057464,9.784620446864928,-0.18892317263433744
8.491666666666667,0.33154308651795183,-4.5380730290594125,-10.85085578240706,8.965360573222311,-0.18892317263509317
8.5,0.2947056305154596,-4.315154867995998,-10.77923004422607,8.23707906833841,-0.188923172635086
8.508333333333333,0.2594384349511089,-4.159140686211517,-10.713405414597561,7.568724992327671,-0.1889231726347243
8.516666666666666,0.22522987089665364,-4.0596585516844605,-10.652981823357962,6.93755518069806,-0.18892317263492558
8.525,0.19164066839053157,-4.009487670384074,-10.597724776970074,6.326201731313265,-0.1889231726349286
8.533333333333333,0.15828261276876382,-4.003445594778973,-10.54752850694589,5.7209161891791105,-0.18892317263482786
8.541666666666666,0.1248049010303042,-4.037629901208704,-10.502390511364721,5.110535056132151,-0.18892317263488578
8.55,0.09088589558375196,-4.1088621595119745,-10.462392651881917,4.485909164965285,-0.18892317263489122
8.558333333333334,0.056228988783258195,-4.214246654904253,-10.427685614687482,3.839647959903863,-0.1889231726348582
8.566666666666666,0.02056184166646856,-4.350796539385664,-10.398474527051302,3.166084932915854,-0.18892317263487268
8.575,-0.016361466692122486,-4.515107762015957,-10.375004188560448,2.461393669066847,-0.18892317263487685
8.583333333333334,-0.05475576994922428,-4.703082054989164,-10.357542937486258,1.7237879788670134,-0.18892317263487227
8.591666666666667,-0.09479809588572491,-4.909715906767909,-10.346364746150066,0.9537342471657895,-0.18892317263486233
8.6,-0.13661955257477434,-5.128981300458062,-10.341729762606315,0.15409913894056687,-0.18892317263486114
8.608333333333333,-0.18029669246048652,-5.353823155664234,-10.34386414512869,-0.6698390534525219,-0.1889231726348824
8.616666666666667,-0.22584339186826843,-5.576286084906352,-10.352940553541215,-1.510564756000383,-0.18892317263485608
8.625,-0.27320430215069974,-5.787761163660255,-10.369060916754682,-2.3586946746568622,-0.1889231726348504
8.633333333333333,-0.32225074698167927,-5.9793187421337235,-10.392242976233208,-3.203504265035965,-0.188923172634879
8.641666666666666,-0.37277957598422373,-6.142075872831644,-10.422411610723051,-4.033533766518785,-0.18892317263485847
8.65,-0.42451503636864657,-6.267545180678113,-10.45939522418926,-4.837182743621869,-0.18892317263485223
8.658333333333333,-0.47711333672486855,-6.3479280230263,-10.502926775759715,-5.603220641756761,-0.18892317263487224
8.666666666666666,-0.5301693780359747,-6.376342343433008,-10.55264859561377,-6.321184300594048,-0.18892317263486053
8.675,-0.5832251651751154,-6.347002835791301,-10.60812009863966,-6.9816829478467355,-0.18892317263485353
8.683333333333334,-0.6357796326710747,-6.255385866497518,-10.66882783911482,-7.576665631808255,-0.18892317263487893
8.691666666666666,-0.6872998842724926,-6.0984070781400455,-10.734197850327,-8.09971071832831,-0.18892317263486064
8.7,-0.7372339934871265,-5.874616625777279,-10.803610615604796,-8.546369601428792,-0.18892317263486286
8.708333333333334,-0.7850254196786447,-5.584384317976968,-10.876419089997905,-8.914547855297618,-0.18892317263487168
8.716666666666667,-0.8301287363657883,-5.23001844070444,-10.951969836052397,-9.204856967153605,-0.18892317263487515
8.725,-0.8720258403015138,-4.815751703652431,-11.029626638755056,-9.420841118167132,-0.18892317263488967
8.733333333333333,-0.9102413015515493,-4.347543270116337,-11.108795174379754,-9.568991530425347,-0.18892317263484604
8.741666666666667,-0.9443552362379477,-3.8326839161886825,-11.188946744146698,-9.65850575738837,-0.1889231726348885
8.75,-0.9740121706113808,-3.2792380601068554,-11.269638994945925,-9.700814688409721,-0.1889231726348954
8.758333333333333,-0.998924813218298,-2.695393456671854,-11.350532005068917,-9.708961084613836,-0.18892317263484798
8.766666666666666,-1.0188723180886703,-2.0888031501284146,-11.43139898264768,-9.696949258187956,-0.1889231726348783
8.775,-1.0336932913990173,-1.4659917200906227,-11.512131856297833,-9.679188716828929,-0.1889231726348668
8.783333333333333,-1.0432742706338576,-0.8318658331809861,-11.59274298232136,-9.670132774910043,-0.18892317263488062
8.791666666666666,-1.0475345730751304,-0.18932890508347452,-11.673364907575333,-9.684182789107489,-0.18892317263485045
8.8,-1.0464082424469165,0.4610396600181266,-11.754250616012655,-9.735907578570469,-0.18892317263480624
8.808333333333334,-1.0398233417940952,1.121316152932538,-11.835777091137837,-9.840630593834852,-0.18892317263497393
8.816666666666666,-1.0276780572620208,1.7966890370164539,-11.918455602524368,-10.015478053015103,-0.18892317263475797
8.825,-1.0098119148571905,2.4962102382407876,-12.002953260289768,-10.281079469292877,-0.18892317263455904
8.833333333333334,-0.9859686119179752,3.2341148059390026,-12.090132706471914,-10.664309104387511,-0.1889231726354613
8.841666666666667,-0.9557439217880312,4.032190083150226,-12.18112148139437,-11.202843921056472,-0.18892317263421227
8.85,-0.9185065723564299,4.924095200033993,-12.277431899830793,-11.953080061563188,-0.1889231726329627
8.858333333333333,-0.8732694928143411,5.963325511350242,-12.381170601731347,-13.004405225030496,-0.18892317263714803
8.866666666666667,-0.8184703473054602,7.237489104362173,-12.495410277287919,-14.504754335816228,-0.18892317263815883
8.875,-0.7516050700225563,8.887808565984281,-12.624827994000746,-16.696812662830947,-0.18892317268138287
8.883333333333333,-0.6688169800466199,11.076918400617114,-12.776462180352269,-19.871337777875915,-0.18892317227944166
8.891666666666666,-0.5662402911443102,13.453612117133586,-12.957585122113203,-23.471296328909503,-0.18892317239910594
8.9,-0.45034321594211896,13.818244299318108,-13.15829846076543,-23.80216886398294,-0.18892317250087243
8.908333333333333,-0.34278188816251487,11.842714090671743,-13.343027396076774,-20.28834473209215,-0.1889231724953545
8.916666666666666,-0.25271846526873953,9.862305382203548,-13.497023858352899,-16.827537591554503,-0.18892317267339365
8.925,-0.17684220015533708,8.431789838295648,-13.626154862468953,-14.303814041304282,-0.18892317262669184
8.933333333333334,-0.11103644060348859,7.417420453275615,-13.737311172403798,-12.463397197963666,-0.18892317263598107
8.941666666666666,-0.05246018898656019,6.677908289025947,-13.83506861540089,-11.054852454028207,-0.18892317263467662
8.95,0.0007751898848579665,6.124274596464875,-13.92231579343859,-9.92084434530394,-0.18892317263743236
8.958333333333334,0.049976024211686565,5.702684345555129,-14.000909036181193,-8.96544909944417,-0.1889231726351674
8.966666666666667,0.09609275944092882,5.379694051706614,-14.072065614202167,-8.12794991153668,-0.18892317263521768
8.975,0.13985087750168274,5.133714774614999,-14.136589300034808,-7.368044489690989,-0.18892317263575603
8.983333333333333,0.1818278724909579,4.950226702010286,-14.195003539630463,-6.657781091315023,-0.18892317263532332
8.991666666666667,0.22249960632650925,4.819005173102656,-14.247634009142127,-5.977102204406485,-0.1889231726353347
9.0,0.2622684904145775,4.73242357168423,-14.294663005152847,-5.311348865032169,-0.18892317263546282
9.008333333333333,0.30148023227620574,4.684349536444359,-14.336168068714043,-4.649871126677683,-0.18892317263536237
9.016666666666666,0.3404329380395207,4.6693852797091076,-14.37215194919428,-3.985282007318598,-0.1889231726353604
9.025,0.3793808565669441,4.682327470606962,-14.402568044387637,-3.313081893431174,-0.1889231726353888
9.033333333333333,0.418534329362492,4.717791476422118,-14.427343601440695,-2.6314708900738726,-0.1889231726353722
9.041666666666666,0.45805722725670983,4.769983145341509,-14.44640164878668,-1.9412116270624697,-0.18892317263536865
9.05,0.498063098979657,4.832618365413769,-14.459681612309874,-1.2454353301478316,-0.1889231726353605
9.058333333333334,0.5386112675564364,4.898990058381902,-14.467157810329763,-0.5493178504523706,-0.1889231726353742
9.066666666666666,0.5797040545456975,4.962167624748538,-14.468854591218978,0.14040250676638585,-0.18892317263537148
9.075,0.621286097552022,5.015291855673035,-14.464856860983739,0.8160407648239029,-0.18892317263535946
9.083333333333334,0.6632463316416684,5.051908852271177,-14.455315159219195,1.469642919346473,-0.18892317263537012
9.091666666666667,0.7054226935129033,5.066279232186994,-14.440445166007075,2.093628119439263,-0.18892317263536898
9.1,0.7476091049527017,5.053608616799258,-14.4205223324766,2.681303628417064,-0.18892317263537134
9.108333333333333,0.7895639342566644,5.010169269850871,-14.395872967579272,3.22719452469503,-0.18892317263536634
9.116666666666667,0.8310190050600209,4.933312021313746,-14.366863401933575,3.727177807879509,-0.1889231726353669
9.125,0.8716883236686614,4.82139226475959,-14.333888744492263,4.178454513873568,-0.18892317263537367
9.133333333333333,0.9112759591334499,4.673647254685405,-14.29736234037866,4.5794205764982845,-0.188923172635368
9.141666666666666,0.9494828322284792,4.490062779513772,-14.257706492667667,4.929503219076793,-0.1889231726353689
9.15,0.9860124548148876,4.271258345785234,-14.215344492983478,5.229017982652361,-0.18892317263537015
9.158333333333333,1.0205758470329673,4.018405908064983,-14.17069363438546,5.4790793346774045,-0.18892317263537067
9.166666666666666,1.052895922648905,3.7331824163105263,-14.124158710193393,5.681572759852481,-0.18892317263536956
9.175,1.0827115823411684,3.4177444601332976,-14.076125531368161,5.839174422533421,-0.18892317263537112
9.183333333333334,1.1097816237600788,3.0747062422898113,-14.026954177367937,5.955390018284431,-0.18892317263537078
9.191666666666666,1.1338884118189563,2.707100952616102,-13.976971959696252,6.034579410566612,-0.18892317263536876
9.2,1.1548411014693734,2.3183100132050285,-13.926466343163538,6.081938144393298,-0.18892317263537584
9.208333333333334,1.1724781087472507,1.9119530449010147,-13.87567826482454,6.103418945951847,-0.18892317263536923
9.216666666666667,1.1866685072164571,1.4917412289478225,-13.824796366393137,6.105592174435891,-0.1889231726353686
9.225,1.197312086332195,1.0613052042102937,-13.773952598893526,6.095459508035804,-0.18892317263537645
9.233333333333333,1.2043379245170982,0.6240135481423129,-13.723219489374912,6.0802461828470955,-0.1889231726353683
9.241666666666667,1.2077014682781815,0.18279828674081883,-13.672609124029197,6.067201894588552,-0.18892317263536956
9.25,1.2073802327951508,-0.2599998132058512,-13.62207365266233,6.063439220642366,-0.18892317263536978
9.258333333333333,1.203368320308057,-0.7027598199518645,-13.571506899353759,6.075833071948664,-0.18892317263536904
9.266666666666666,1.1956699745956412,-1.1446842170681937,-13.520746496052356,6.110998029080722,-0.18892317263537212
9.275,1.18429234940759,-1.5858859680295607,-13.469575838967502,6.175355208218051,-0.188923172635351
9.283333333333333,1.169237569450254,-2.027474330743197,-13.417725080059116,6.275298804921721,-0.1889231726353741
9.291666666666666,1.150494007472919,-2.471661467510587,-13.364870268841933,6.417476556781497,-0.18892317263538194
9.3,1.1280264843125323,-2.921920272665535,-13.31062959809213,6.609210196994142,-0.1889231726352871
9.308333333333334,1.1017647959937955,-3.3832367545037423,-13.254555402845334,6.859105181545837,-0.18892317263539754
9.316666666666666,1.0715895259103927,-3.862522917662505,-13.19611999372858,7.17794084500836,-0.18892317263542566
9.325,1.0373133945206012,-4.369297907880411,-13.134692362645158,7.580007679631495,-0.18892317263496916
9.333333333333334,0.9986552051526816,-4.916824822686995,-13.069500886505605,8.08519879165007,-0.18892317263551262
9.341666666666667,0.955201308116771,-5.524045951062525,-12.999573594622737,8.722432905147683,-0.18892317263567326
9.35,0.9063455110502725,-6.218967309034643,-12.923640779240962,9.535521141775462,-0.18892317263302788
9.358333333333333,0.851190700549455,-7.044744144022865,-12.839971556330392,10.593639401327987,-0.18892317263575248
9.366666666666667,0.7883810808404951,-8.070711874645019,-12.746090999687361,12.010341615048546,-0.18892317263605934
9.375,0.7158129305589138,-9.41057050466413,-12.638286842090391,13.975260292345958,-0.18892317267084796
9.383333333333333,0.6301977372046651,-11.232259437688136,-12.510852840410315,16.773372770951898,-0.18892317253178126
9.391666666666666,0.5270609347456496,-13.574913794794941,-12.356038631207948,20.479473836013074,-0.18892317256666824
9.4,0.405703332353629,-15.194507816446876,-12.172410131949018,22.991002828085055,-0.1889231726947408
9.408333333333333,0.2822098759513283,-14.035089804268134,-11.987061171954071,20.799684593265276,-0.18892317260153502
9.416666666666666,0.17428887324461642,-11.89934727069104,-11.830003134216431,16.948447778728305,-0.18892317232938938
9.425,0.0824350456527262,-10.242595760707982,-11.702205527395614,13.880598668025451,-0.1889231726542671
9.433333333333334,0.002174018248835604,-9.089569314496982,-11.596413483282868,11.618346873554723,-0.18892317263730174
9.441666666666666,-0.0700009443918418,-8.278140971700052,-11.507125888905025,9.878315716111409,-0.18892317263504377
9.45,-0.1364217977480155,-7.693837137058823,-11.430880554439273,8.462804795346612,-0.18892317263800296
9.458333333333334,-0.19866556751500247,-7.266626512383912,-11.365516295260836,7.251401466065177,-0.1889231726383861
9.466666666666667,-0.2578463098911817,-6.952964036226972,-11.309665584810745,6.169842095708196,-0.18892317263668557
9.475,-0.31478382448373815,-6.724366684684865,-11.262457898472702,5.170782990989754,-0.1889231726373935
9.483333333333333,-0.3700997509637771,-6.560966989191336,-11.223343520431225,4.223318102384391,-0.1889231726374747
9.491666666666667,-0.42427266084799214,-6.4478354370044455,-11.191982615040454,3.307295350670519,-0.1889231726371478
9.5,-0.4776693935111843,-6.372809039555585,-11.168169956164487,2.410174821447286,-0.1889231726372853
9.508333333333333,-0.5305621886431862,-6.32517958109822,-11.151779647380943,1.5252291946535463,-0.18892317263729935
9.516666666666666,-0.583137271665146,-6.294916696089497,-11.142721646842123,0.6504291302522238,-0.1889231726372535
9.525,-0.6354985856494724,-6.2722604024259265,-11.140906106451713,-0.21236530379651086,-0.18892317263725572
9.533333333333333,-0.6876693354046909,-6.247591532451817,-11.146213985269956,-1.0581292200926835,-0.18892317263724237
9.541666666666666,-0.7395933844644514,-6.211516141556475,-11.158473791533329,-1.8794317699386862,-0.18892317263728167
9.55,-0.7911380406029845,-6.155104104321196,-11.177444952426576,-2.667269019939386,-0.1889231726372501
9.558333333333334,-0.8420992519648937,-6.070218115420706,-11.202808380961617,-3.411951274619622,-0.1889231726372356
9.566666666666666,-0.8922096937022647,-5.9498677739380295,-11.234164474111601,-4.103987957008217,-0.1889231726372731
9.575,-0.9411497004727439,-5.7885296023036465,-11.271038231604939,-4.734900176987954,-0.18892317263725722
9.583333333333334,-0.9885605599791188,-5.58238749019789,-11.31289062388005,-5.297899125956891,-0.18892317263725758
9.591666666666667,-1.0340593742220932,-5.32946521003245,-11.359134901741964,-5.788388705536869,-0.18892317263725517
9.6,-1.0772545282156767,-5.029638850960989,-11.409156289425544,-6.204273504361032,-0.1889231726372666
9.608333333333333,-1.1177607607201223,-4.68452987109845,-11.462333427498905,-6.546072047157428,-0.18892317263728126
9.616666666666667,-1.155212879600949,-4.297289193303552,-11.518059991548023,-6.8168489455906425,-0.18892317263724367
9.625,-1.1892772855050435,-3.8722908060359016,-11.575765071886545,-7.021990277100967,-0.18892317263727165
9.633333333333333,-1.2196606517856199,-3.4147604565336227,-11.63493114349189,-7.168856350763099,-0.18892317263728764
9.641666666666666,-1.246115346254469,-2.9303704676789484,-11.69510877861291,-7.266355014828605,-0.18892317263724406
9.65,-1.2684414502273778,-2.42483369012853,-11.75592764264319,-7.324484819621045,-0.1889231726372697
9.658333333333333,-1.2864854967890809,-1.9035266472204118,-11.817103733146947,-7.3538983609850535,-0.18892317263727554
9.666666666666666,-1.3001362705739903,-1.3711639439234657,-11.878443224629478,-7.365531188889814,-0.18892317263725394
9.675,-1.309318148710413,-0.8315344043648838,-11.939843622653921,-7.370332215626518,-0.18892317263726333
9.683333333333334,-1.3139824956909767,-0.2872963656359856,-12.001293185055609,-7.379120778296797,-0.18892317263725572
9.691666666666666,-1.3140975503730352,0.260183007319542,-12.06286974000542,-7.402587204063759,-0.18892317263727135
9.7,-1.3096370691716552,0.8109708597813617,-12.124740156251107,-7.451451442533282,-0.18892317263725378
9.708333333333334,-1.3005677235633522,1.366731699922216,-12.18716186363595,-7.5368012795211206,-0.18892317263721778
9.716666666666667,-1.2868348851432243,1.930961216074971,-12.250488073740133,-7.670651617511988,-0.1889231726373263
9.725,-1.2683459282620744,2.50936262846873,-12.31517884352682,-7.866805684589027,-0.1889231726372186
9.733333333333333,-1.2449494423402976,3.1104746743716696,-12.381821067200784,-8.14217036435122,-0.1889231726370546
9.741666666666667,-1.216407577698977,3.746729672977701,-12.451162231427704,-8.51880594576325,-0.18892317263758956
9.75,-1.1823567800446109,4.4362486103928225,-12.524165974275467,-9.027221760165713,-0.1889231726370485
9.758333333333333,-1.1422487472906235,5.205907024305489,-12.60210329165052,-9.711834127031265,-0.18892317263627956
9.766666666666666,-1.0952576724135352,6.096528557267177,-12.686703261027262,-10.640091813946643,-0.18892317263767147
9.775,-1.040132187128044,7.170999492987776,-12.780400903863523,-11.916763819030626,-0.18892317263943958
9.783333333333333,-0.9749754729147018,8.521699806297224,-12.886713295868683,-13.697644917467558,-0.18892317266632852
9.791666666666666,-0.8970678365641299,10.239075442893274,-13.010557212713781,-16.138447124625813,-0.18892317250527701
9.8,-0.803739797454863,12.127323798322916,-13.156802170717627,-18.913239767492687,-0.18892317275842208
9.808333333333334,-0.6978153851529817,12.975839844487075,-13.321020825880538,-19.963035570104406,-0.1889231726207904
9.816666666666666,-0.5929567129285079,11.969359630930725,-13.480256717374937,-17.87922861926385,-0.1889231726503986
9.825,-0.4995997565120265,10.457931432412652,-13.616821650632064,-14.92925553818357,-0.18892317263666153
9.833333333333334,-0.41775154638209,9.249190278459263,-13.730516438185882,-12.457599106332783,-0.1889231726562705
9.841666666666667,-0.34447601058419525,8.38742238738777,-13.825945786077192,-10.52119008814536,-0.1889231726387292
9.85,-0.2772499175149187,7.782557140821367,-13.906900161323135,-8.957350332838192,-0.1889231726407411
9.858333333333333,-0.21426375940260284,7.359615731384386,-13.975896384272602,-7.63314002567168,-0.18892317263951364
9.866666666666667,-0.15422521354838353,7.068429543134462,-14.034535449176643,-6.459786695594586,-0.18892317264074215
9.875,-0.09618369566546729,6.875823309678101,-14.083814671218903,-5.378922006146533,-0.18892317264017444
9.883333333333333,-0.039418339981408576,6.75894676833392,-14.124331423294668,-4.3514845565340945,-0.18892317263990577
9.891666666666666,0.016628776525223626,6.700988075357958,-14.156413506295978,-3.3510069128791047,-0.18892317264022424
9.9,0.07239095477748093,6.6885002632948325,-14.180206713827713,-2.359811881794897,-0.18892317264009173
9.908333333333333,0.12819731406670556,6.709701839542114,-14.195738471232783,-1.3669162465664606,-0.18892317264002645
9.916666666666666,0.1842817748589823,6.753382818669837,-14.202968396265147,-0.36689165540535773,-0.188923172640077
9.925,0.24078475128633905,6.808228102625268,-14.201831664785294,0.6407852037983731,-0.1889231726400588
9.933333333333334,0.29775062188696094,6.862471863867592,-14.192277883793304,1.6522036991375029,-0.1889231726400794
9.941666666666666,0.35512356087173086,6.9038454156284015,-14.17430600991216,2.6595266659033,-0.1889231726399908
9.95,0.41274407404204005,6.919794011957076,-14.14799437458509,3.6516748852372816,-0.18892317264003
9.958333333333334,0.4703483456219475,6.8979269396123435,-14.113524004439135,4.615257001626034,-0.18892317264010422
9.966666666666667,0.5275721094926193,6.8266409919836235,-14.071193162706997,5.53573972492503,-0.18892317263997102
9.975,0.5839601462429038,6.695830812448859,-14.02142136933701,6.398785768685317,-0.1889231726400262
9.983333333333333,0.6389816979089425,6.497580182187854,-13.964741987811454,7.191636411833241,-0.18892317264007827
9.991666666666667,0.6920511750240437,6.226722705761967,-13.901783617809881,7.9043901696230385,-0.18892317264005143
10.0,0.7425526364412104,5.881171803160625,-13.833241776692914,8.531032421325563,-0.1889231726400584
10.008333333333333,0.7898657969681582,5.4619487648905345,-13.759843449492337,9.070102415101816,-0.18892317264002517
10.016666666666666,0.8333908963268429,4.972880881530571,-13.682307815673473,9.524939875265469,-0.18892317264014077
10.025,0.8725697378459701,4.41999189509319,-13.60130665036865,9.90352522758738,-0.18892317264007885
10.033333333333333,0.906900587684363,3.8106523312219296,-13.517427466570027,10.218002105306535,-0.18892317264001535
10.041666666666666,0.935945317567591,3.152584197841911,-13.431141453064106,10.484033068319484,-0.18892317264011682
10.05,0.9593279770688782,2.4528130892274835,-13.342776824424114,10.720178602164912,-0.18892317264005698
10.058333333333334,0.9767246415563448,1.7166280056981642,-13.252496533896242,10.94750613240809,-0.18892317264007902
10.066666666666666,0.9878446486213538,0.9465482529429797,-13.160277540304303,11.189645615802416,-0.18892317263994793
10.075,0.9924029885748581,0.14121032899290858,-13.06588690540418,11.473542046933188,-0.18892317263998706
10.083333333333334,0.9900824206426233,-0.7060317529137052,-12.968847543222537,11.831260897700327,-0.18892317264032749
10.091666666666667,0.980481467371623,-1.6091812687648939,-12.868382557636755,12.303456234178489,-0.18892317263922448
10.1,0.9630400390881348,-2.593043884206521,-12.763320073534503,12.945638156982412,-0.1889231726396155
10.108333333333333,0.936926712205907,-3.6992330299285787,-12.65192737102413,13.839318880823997,-0.1889231726410624
10.116666666666667,0.9008597901299621,-4.996269581049038,-12.531621382544225,15.111006876834981,-0.18892317264376424
10.125,0.8528305184135424,-6.591492207104808,-12.398490290077827,16.95636651008565,-0.18892317263884711
10.133333333333333,0.7898262596990681,-8.60309771664707,-12.24676366850827,19.601853446668077,-0.18892317250963492
10.141666666666666,0.7087598347194273,-10.808812991492289,-12.070221925864432,22.724402984446293,-0.18892317246556722
10.15,0.6134967071439564,-11.637852146016511,-11.87388742500839,23.729173785664596,-0.1889231726283379
10.158333333333333,0.5214458173051791,-10.221703270788858,-11.685393403495793,21.14635180529542,-0.18892317264962133
10.166666666666666,0.44409520181185513,-8.3879926726673,-11.522690705798315,17.99461758540876,-0.1889231727133504
10.175,0.38046711543294776,-6.95572181165678,-11.383332184923768,15.579853082582407,-0.18892317262455766
10.183333333333334,0.32710835217342676,-5.903408834344799,-11.26119950131791,13.821899597679606,-0.18892317264334363
10.191666666666666,0.2813462376972153,-5.115509661097736,-11.151749035166072,12.505070335498866,-0.1889231726409885
10.2,0.2413492278930686,-4.5088636429153315,-11.051980600544352,11.478480829075812,-0.18892317264323844
10.208333333333334,0.20584248389183316,-4.031015272114621,-10.95990157580292,10.647202979326508,-0.18892317264185626
10.216666666666667,0.17390076818688516,-3.6488986951111646,-10.874154627711537,9.950714976980304,-0.1889231726415398
10.225,0.1448215484369815,-3.341159499327328,-10.793794420732276,9.34891158383391,-0.1889231726420734
10.233333333333333,0.11804791090834389,-3.0936398609212175,-10.718154221742868,8.81403442093527,-0.18892317264177774
10.241666666666667,0.09312054628366623,-2.8967385064776012,-10.646764099385996,8.326027983016791,-0.18892317264171385
10.25,0.06964693680981929,-2.743821096834227,-10.579299097253068,7.8698068866732855,-0.18892317264184422
10.258333333333333,0.04728109971408182,-2.630220578905381,-10.515545233989696,7.433612133550538,-0.1889231726417715
10.266666666666666,0.025710133978351857,-2.552572861362745,-10.45537628202514,7.008015074776371,-0.18892317264175246
10.275,0.0046454318348135085,-2.5083436576843616,-10.39873702624181,6.585329208756869,-0.1889231726417891
10.283333333333333,-0.01618265764724394,-2.4954625844989557,-10.345630211536617,6.159296634252407,-0.1889231726417715
10.291666666666666,-0.037027383599879386,-2.512015496281115,-10.296105239548922,5.724971800490878,-0.1889231726417641
10.3,-0.058125729534673924,-2.555968805426838,-10.250247193435934,5.2787516461316395,-0.18892317264177136
10.308333333333334,-0.07969634983387483,-2.624917134344577,-10.208165151287233,4.818508864904217,-0.18892317264177205
10.316666666666666,-0.10193551950275039,-2.715861223484411,-10.16997912325027,4.343780017375303,-0.18892317264176825
10.325,-0.12501142692416883,-2.8250367682112247,-10.13580539714315,3.855948238333856,-0.18892317264176364
10.333333333333334,-0.149057355502972,-2.947824364310185,-10.105740630252944,3.3583489559354707,-0.18892317264177053
10.341666666666667,-0.17416456364337957,-3.0787718715923953,-10.079845636678632,2.856225944143778,-0.18892317264176955
10.35,-0.2003758968108017,-3.2117495277130397,-10.058130365693122,2.356483008057816,-0.18892317264176228
10.358333333333333,-0.22768124514246424,-3.3402348300101257,-10.040541870123205,1.8672165396631195,-0.18892317264176872
10.366666666666667,-0.25601581143688773,-3.457694156314151,-10.026956965412564,1.3970684595428184,-0.18892317264176864
10.375,-0.28526176332253034,-3.558001962405418,-10.017180728643291,0.9544900488127058,-0.18892317264176772
10.383333333333333,-0.31525329035726296,-3.635827160339978,-10.010951095417672,0.5470348386686252,-0.188923172641768
10.391666666666666,-0.34578452332913023,-3.6869251498917577,-10.007948832525825,0.18079162238659868,-0.18892317264176647
10.4,-0.37661935720052786,-3.7082992220605946,-10.007811380336191,-0.13996935734754812,-0.18892317264177194
10.408333333333333,-0.40750204711113075,-3.6982263390882824,-10.010148665608169,-0.41291642506613724,-0.1889231726417676
10.416666666666666,-0.4381675212482059,-3.6561685720052104,-10.014559020400288,-0.6375694976370656,-0.18892317264176622
10.425,-0.4683506019137067,-3.5826061711905135,-10.02064370370042,-0.8150624181734708,-0.18892317264177128
10.433333333333334,-0.4977936440190111,-3.4788307816000827,-10.028019041433598,-0.9478196529569191,-0.188923172641768
10.441666666666666,-0.5262524002840027,-3.346731276986384,-10.036325721481038,-1.0392053264764385,-0.18892317264176767
10.45,-0.5535001531725995,-3.1885948542546703,-10.045235203332053,-1.093187422914742,-0.18892317264176978
10.458333333333334,-0.5793303003815439,-3.0069362010293736,-10.054453489303098,-1.1140434757075237,-0.1889231726417685
10.466666666666667,-0.603557653336006,-2.804359783329968,-10.063722663212975,-1.1061201984310565,-0.18892317264176844
10.475,-0.6260187269773477,-2.5834551524925926,-10.07282066247214,-1.0736497167033785,-0.18892317264176925
10.483333333333333,-0.6465712850107367,-2.3467223150190204,-10.081559744621128,-1.0206191391614965,-0.18892317264176922
10.491666666666667,-0.6650933741777941,-2.096522993514303,-10.089784068128656,-0.9506872406994653,-0.18892317264176944
10.5,-0.6814820449566423,-1.835053392481828,-10.097366750078786,-0.867141008172505,-0.1889231726417697
10.508333333333333,-0.6956519205715761,-1.564334385894212,-10.104206702801475,-0.7728848913628149,-0.18892317264176942
10.516666666666666,-0.707533744227153,-1.2862155542158098,-10.110225494290155,-0.6704562425656224,-0.1889231726417695
10.525,-0.7170730069999859,-1.0023900445253735,-10.115364426399974,-0.5620612717001683,-0.18892317264176955
10.533333333333333,-0.7242287357275452,-0.7144177259251215,-10.119581981145865,-0.4496267002261898,-0.18892317264176942
10.541666666666666,-0.7289725009713227,-0.4237545304355326,-10.122851748574805,-0.334863068461706,-0.18892317264176992
10.55,-0.7312876889772576,-0.13178619665292174,-10.125160918731321,-0.2193362871913229,-0.18892317264177
10.558333333333334,-0.7311690677381084,0.1601351332460482,-10.126509393917674,-0.10454449744737586,-0.1889231726417702
10.566666666666666,-0.7286226649910218,0.4506528751063344,-10.12690955432418,0.00800240750067095,-0.18892317264177028
10.575,-0.7236659644471772,0.7383678966219872,-10.126386688580855,0.11670315197443916,-0.18892317264177055
10.583333333333334,-0.7163284149058196,1.0218017820911462,-10.12498007915515,0.21978801154234676,-0.18892317264177086
10.591666666666667,-0.706652234271536,1.2993630797590239,-10.12274470901058,0.31524731734234407,-0.18892317264177091
10.6,-0.6946934759558857,1.569318427936126,-10.11975352873344,0.40076908965282865,-0.18892317264177108
10.608333333333333,-0.6805233077644048,1.829770853772785,-10.116100190656809,0.4736901178267765,-0.1889231726417715
10.616666666666667,-0.6642294322131876,2.078648045902839,-10.111902116735507,0.5309657419242703,-0.1889231726417716
10.625,-0.6459175514266755,2.313704003072633,-10.107303718769916,0.569164650852904,-0.18892317264177091
10.633333333333333,-0.6257127487153834,2.5325381117265433,-10.10247953246311,0.5844960760694118,-0.18892317264177128
10.641666666666666,-0.6037606225602935,2.7326363084437992,-10.097636961505113,0.5728776099082385,-0.1889231726417716
10.65,-0.5802279681580167,2.911439345894967,-10.09301825765806,0.5300521290323008,-0.18892317264176925
10.658333333333333,-0.5553027601890365,3.066442968821075,-10.08890129504878,0.45176133803002955,-0.18892317264177128
10.666666666666666,-0.5291931548621653,3.1953335059093644,-10.0855986452196,0.33398037745719367,-0.18892317264177275
10.675,-0.5021252113504221,3.2961593235447437,-10.08345444593273,0.17321168254237496,-0.18892317264176797
10.683333333333334,-0.47433905003134047,3.3675330931114074,-10.082838612115516,-0.033174133540558606,-0.18892317264177208
10.691666666666666,-0.4460832395095003,3.40885157979938,-10.084138097951602,-0.2865773587963856,-0.18892317264177383
10.7,-0.41760735738661764,3.420509305635311,-10.087745216269413,-0.5868327502742359,-0.18892317264176922
10.708333333333334,-0.389152910712744,3.4040722089072033,-10.09404346238155,-0.9319581291560266,-0.18892317264177216
10.716666666666667,-0.36094311420756886,3.362371371555084,-10.103391833520972,-1.3180558773168418,-0.18892317264177266
10.725,-0.3331723520676831,3.299480005180967,-10.116109175268683,-1.7394257293482647,-0.188923172641774
10.733333333333333,-0.3059963991429454,3.2205527349062355,-10.13246045826181,-2.188916071446911,-0.18892317264177141
10.741666666666667,-0.2795245433794363,3.131533818864892,-10.152646918381386,-2.6584915378549865,-0.18892317264177044
10.75,-0.25381456173604255,3.0387730386787672,-10.176801581183923,-3.1399410581776266,-0.18892317264177633
10.758333333333333,-0.22887106570806778,2.9486129971113484,-10.204990884707671,-3.625612957804157,-0.18892317264176908
10.766666666666666,-0.20464715546810094,2.867019154629849,-10.237222123133273,-4.109058676364846,-0.1889231726417709
10.775,-0.18104876758635313,2.7993110941074044,-10.273455551110223,-4.585496924889276,-0.18892317264177136
10.783333333333333,-0.15794072082711363,2.750026342003391,-10.313619464871353,-5.052062866003205,-0.18892317264176794
10.791666666666666,-0.13515333045598193,2.7229181319732896,-10.35762651437263,-5.507861488018093,-0.18892317264177494
10.8,-0.11248855025273748,2.7210663474527994,-10.405389838265867,-5.95388354192038,-0.1889231726417575
10.808333333333334,-0.08972482220994432,2.7470716699284172,-10.456838186837889,-6.392859687538387,-0.18892317264176856
10.816666666666666,-0.06662005815806936,2.803306068191856,-10.511929835189685,-6.829127849837371,-0.18892317264178868
10.825,-0.042912357187841935,2.8922044689214155,-10.570665678834331,-7.268579883456133,-0.18892317264171876
10.833333333333334,-0.018318122130639703,3.016599147191955,-10.633102421698522,-7.718746866939339,-0.1889231726417693
10.841666666666667,0.007472856679615482,3.1801187926951275,-10.699367268277951,-8.189086669614142,-0.18892317264183198
10.85,0.03480606919663172,3.3877005965403186,-10.769676145442634,-8.691561600166946,-0.18892317264156402
10.858333333333333,0.06407597792888507,3.646303075844094,-10.844358418388035,-9.241650608258526,-0.18892317264175942
10.866666666666667,0.09574699086774976,3.9659743135846948,-10.923892689415258,-9.860053901207431,-0.18892317264202996
10.875,0.13038571995647966,4.3615535460939805,-11.008961233369646,-10.575567857394146,-0.1889231726407612
10.883333333333333,0.16871171834094167,4.855518374346569,-11.100536190629082,-11.430035229662952,-0.18892317264160646
10.891666666666666,0.21167979453451052,5.4829237429223605,-11.20002121383507,-12.48708484666017,-0.18892317264289266
10.9,0.26061751176344955,6.3000214387082565,-11.309491675977412,-13.847658361834876,-0.18892317264049407
10.908333333333333,0.3174551715159834,7.397749492760182,-11.432104173902282,-15.675190351283916,-0.1889231726358378
10.916666666666666,0.38505995862442605,8.907682954714646,-11.57271502581195,-18.21177079031685,-0.18892317256680746
10.925,0.4672462136225656,10.87115768655002,-11.73803281506351,-21.571024829447477,-0.18892317267099024
10.933333333333334,0.5652261451568513,12.383291081932107,-11.930885378937967,-24.302813347210574,-0.18892317251923474
10.941666666666666,0.6662467653234665,11.416455400359743,-12.131165725331908,-23.048465115856786,-0.18892317277530257
10.95,0.7517491190797557,9.079184618143488,-12.309260031196908,-19.681694605568115,-0.1889231728174488
10.958333333333334,0.8185099497263993,7.026807667942994,-12.461184055925276,-16.939717045633895,-0.18892317260090424
10.966666666666667,0.8701365102845053,5.427667733154167,-12.593998687362141,-15.057206121121109,-0.18892317264385539
10.975,0.9098306563423586,4.139602653050267,-12.7137846359703,-13.770784739173013,-0.18892317264069486
10.983333333333333,0.9396690869505802,3.0471363482633853,-12.824587818621511,-12.874353196468544,-0.18892317264349406
10.991666666666667,0.9609572046861689,2.0783272563122424,-12.92907774649583,-12.238854772941666,-0.18892317264219544
11.0,0.9745286512509528,1.1895533674233985,-13.029064602322578,-11.782731774801185,-0.18892317264155428
11.008333333333333,0.9809311474265383,0.35443260875013693,-13.125801715856996,-11.451333764841728,-0.18892317264213523
11.016666666666666,0.980541317950883,-0.44248166426898816,-13.220156221105908,-11.205192398752189,-0.18892317264192796
11.025,0.973639819798861,-1.2092065421560256,-13.312705608326613,-11.013455589024161,-0.1889231726418333
11.033333333333333,0.9604640959116454,-1.948356130048358,-13.403792645054772,-10.850190309673327,-0.18892317264187705
11.041666666666666,0.9412476925610863,-2.658430080514081,-13.493557034803413,-10.692358199072881,-0.1889231726418692
11.05,0.916250396134877,-3.3347795904974586,-13.581954919911515,-10.518850133026902,-0.1889231726419054
11.058333333333334,0.8857808068972822,-3.970484633985551,-13.668773536631088,-10.310245893086227,-0.18892317264179836
11.066666666666666,0.8502115282942929,-4.557261002971125,-13.753646121668767,-10.049083567786315,-0.18892317264184919
11.075,0.809986534161814,-5.086429811851085,-13.836070559077829,-9.72045818361679,-0.18892317264191202
11.083333333333334,0.7656202996254498,-5.549914145876427,-13.915433760066914,-9.312768130851586,-0.18892317264182504
11.091666666666667,0.7176887889723172,-5.941180481863667,-13.991042236016732,-8.818424958881776,-0.1889231726418693
11.1,0.6668131805853549,-6.256023569942008,-14.06215784027119,-8.234359055735581,-0.18892317264186992
11.108333333333333,0.6136380244241385,-6.493105264908388,-14.12803642478712,-7.5621979323135315,-0.18892317264190878
11.116666666666667,0.5588061361091731,-6.654193770414769,-14.187966387706819,-6.808057577270494,-0.188923172641902
11.125,0.5029327867156468,-6.744096034894195,-14.24130387362231,-5.981954001199618,-0.18892317264183847
11.133333333333333,0.44658162527439926,-6.770318245552199,-14.28750168595984,-5.096896370569517,-0.18892317264194855
11.141666666666666,0.390244345969984,-6.742519130331779,-14.326129643301789,-4.167758534316747,-0.1889231726419055
11.15,0.33432549599478545,-6.671837185832043,-14.356885005001379,-3.2100441248870504,-0.1889231726418422
11.158333333333333,0.27913311300816573,-6.570178902675628,-14.379592581348387,-2.2386655952310273,-0.1889231726419222
11.166666666666666,0.2248751599144056,-6.449552662541064,-14.394195124008679,-1.2668497679083608,-0.1889231726418826
11.175,0.1716610581010722,-6.321522149088443,-14.40073544390215,-0.305258789088035,-0.1889231726418688
11.183333333333334,0.11950707989896392,-6.196833844077648,-14.399332286439115,0.6386251167411421,-0.1889231726418652
11.191666666666666,0.06834400740485173,-6.085248448866096,-14.390152185354886,1.5608547129306847,-0.1889231726418601
11.2,0.018025318503251106,-5.995582315117799,-14.373379261395124,2.461169492965506,-0.18892317264190445
11.208333333333334,-0.031665818314897086,-5.935949847241444,-14.349184263184679,3.3430459100141845,-0.18892317264179564
11.216666666666667,-0.08101237034893176,-5.914197564295361,-14.31769315072073,4.2137820344131445,-0.1889231726418363
11.225,-0.13036370404442216,-5.938539140432377,-14.278954263292276,5.084783403526269,-0.1889231726419864
11.233333333333333,-0.18014213389721795,-6.018442282652106,-14.232901552984446,5.972262370371701,-0.18892317264158798
11.241666666666667,-0.23085830571295615,-6.165890895512788,-14.179309266270472,6.898652785271735,-0.1889231726417402
11.25,-0.2831394518944068,-6.397266230908239,-14.117730283211253,7.8952186183602455,-0.18892317264229858
11.258333333333333,-0.33777732208636285,-6.736279254842293,-14.047405133046276,9.006649492550244,-0.188923172640924
11.266666666666666,-0.3958071329444899,-7.2186001574295595,-13.967120380025195,10.298839555757555,-0.18892317264117242
11.275,-0.458633806410023,-7.8984993839686695,-13.874985377531335,11.870629748413071,-0.18892317263815128
11.283333333333333,-0.5282108525541735,-8.852964634403259,-13.76811147036699,13.862451463324392,-0.18892317268172315
11.291666666666666,-0.6071408180113222,-10.145613720041718,-13.642401163378993,16.399243800805564,-0.18892317264914393
11.3,-0.6977402215106698,-11.559384645277078,-13.494047763575981,19.143257488263963,-0.18892317263301744
11.308333333333334,-0.7970118710065632,-11.965542512858706,-13.327956963715504,20.21886765554734,-0.18892317261559555
11.316666666666666,-0.8919741008956213,-10.61109651928218,-13.165674962438032,18.37889166415867,-0.1889231726131454
11.325,-0.972560911215702,-8.746502370120412,-13.023626627394927,15.753508340753271,-0.18892317272225057
11.333333333333334,-1.038575859703211,-7.156107750770108,-12.901534255571793,13.658230447052805,-0.18892317264327352
11.341666666666667,-1.0927243674810152,-5.885341595083948,-12.79432810182528,12.156955388578561,-0.188923172641374
11.35,-1.1372945299766977,-4.842097141512454,-12.69772189822491,11.08795157899445,-0.18892317264256558
11.358333333333333,-1.1738404982174693,-3.948963856155951,-12.608702198657896,10.318093099848507,-0.18892317264275743
11.366666666666667,-1.2033821425288436,-3.1541811255003758,-12.525171858488871,9.758679665493739,-0.18892317264344968
11.375,-1.2265888351547984,-2.424089389926951,-12.445636953807545,9.35127479755071,-0.18892317264261882
11.383333333333333,-1.2439013716394463,-1.7366286906285167,-12.369006975757669,9.055937923865164,-0.1889231726427878
11.391666666666666,-1.2556102675042615,-1.0772793755796282,-12.294474042993842,8.843836367792305,-0.18892317264292754
11.4,-1.2619077451516465,-0.43667102782782424,-12.221440473325575,8.692784420625891,-0.18892317264276892
11.408333333333333,-1.262924289542717,0.19081971755296434,-12.14947564215316,8.58452253349091,-0.18892317264279646
11.416666666666666,-1.2587560995780267,0.8079055879064484,-12.078290834799043,8.503033945068504,-0.18892317264281236
11.425,-1.2494870074847197,1.4149123492580702,-12.007725223351535,8.433511822498192,-0.18892317264280645
11.433333333333334,-1.2352067714052286,2.0101462035316513,-11.93773850358668,8.361768965379406,-0.18892317264279962
11.441666666666666,-1.2160265902587188,2.590206802298132,-11.868407015200662,8.273978669878495,-0.18892317264276143
11.45,-1.1920919915176185,3.1503137763120708,-11.799920871153862,8.156683323900541,-0.18892317264282363
11.458333333333334,-1.1635927871327205,3.684688868535832,-11.732580059216538,7.997025264204755,-0.18892317264280165
11.466666666666667,-1.1307695417859462,4.187011891991067,-11.666787851980216,7.783153354698676,-0.18892317264274117
11.475,-1.0939159449730624,4.650944992763343,-11.603040293982154,7.504746906480823,-0.18892317264282507
11.483333333333333,-1.0533766189400837,5.070697515838468,-11.541911083718277,7.153583640683485,-0.1889231726428019
11.491666666666667,-1.0095402021766255,5.441586453456788,-11.484031829431139,6.7240675239688175,-0.18892317264277703
11.5,-0.9628279676972011,5.760538409150224,-11.430068372939026,6.213630811428247,-0.18892317264280567
11.508333333333333,-0.9136786885813363,6.026480086138559,-11.380694555517842,5.622934769365203,-0.18892317264280098
11.516666666666666,-0.8625308661596859,6.240575053534965,-11.336565349051273,4.955814364034419,-0.18892317264284217
11.525,-0.8098037167675352,6.406282707083788,-11.2982916169274,4.218940718599753,-0.1889231726427815
11.533333333333333,-0.7558784211842452,6.529238071905269,-11.26641885282515,3.4212078712060743,-0.1889231726428013
11.541666666666666,-0.7010810499186103,6.616975737877351,-11.241412051264026,2.5728836795901664,-0.18892317264286046
11.55,-0.6456682822572073,6.6785451272799845,-11.223648405524617,1.6845937878478363,-0.18892317264278083
11.558333333333334,-0.5898165564276745,6.724084284041692,-11.213418869303277,0.7662254023361772,-0.1889231726428039
11.566666666666666,-0.5336146693065744,6.764432098008934,-11.210938886009973,-0.1741639505024608,-0.18892317264278186
11.575,-0.47705915623704254,6.810862708583472,-11.216367974282617,-1.1313747516570276,-0.18892317264283204
11.583333333333334,-0.4200510917326727,6.875023352676086,-11.229837584644963,-2.1040276424282442,-0.18892317264281128
11.591666666666667,-0.3623922819445899,6.969156549841898,-11.251486933564367,-3.0955368480188277,-0.18892317264253777
11.6,-0.3037780952680215,7.106704011976108,-11.281507598122973,-4.115281450696471,-0.18892317264302605
11.608333333333333,-0.2437831706169666,7.303445550259867,-11.320199814696291,-5.1803172365679915,-0.18892317264283842
11.616666666666667,-0.18183448691906523,7.579458038715707,-11.368047249653092,-6.318228205020234,-0.1889231726414382
11.625,-0.11716289580003968,7.962451993631286,-11.425823759719023,-7.57218849362163,-0.18892317264390668
11.633333333333333,-0.048717630245578174,8.493559250613126,-11.494757895915313,-9.010187125163565,-0.18892317264304115
11.641666666666666,0.02498374314751902,9.23739685810214,-11.576802586102898,-10.741693686549526,-0.18892317264107672
11.65,0.10611259603053359,10.297517552530392,-11.675085326270109,-12.944042544433376,-0.18892317263854547
11.658333333333333,0.19789635388530033,11.819585505078525,-11.794551690071243,-15.869551873448634,-0.18892317291194222
11.666666666666666,0.30449380649515706,13.807197794032277,-11.941799328252863,-19.53706896554423,-0.18892317257778868
11.675,0.4262782391703641,15.090888554157067,-12.117132007736448,-21.977440760104727,-0.18892317262483804
11.683333333333334,0.5482731967415205,13.802222904116629,-12.294890164992454,-20.028204791228884,-0.18892317264320468
11.691666666666666,0.6538046400773806,11.548957249585712,-12.446691908770367,-16.44655513502223,-0.18892317269204245
11.7,0.7420720467954875,9.726364140031402,-12.571265421215553,-13.607298951092938,-0.18892317260138702
11.708333333333334,0.8172401233962375,8.379717095550323,-12.67575965122983,-11.584346202439077,-0.18892317264631608
11.716666666666667,0.8826184344011986,7.3533630422818685,-12.76586732111018,-10.11528609311876,-0.1889231726433585
11.725,0.9403653052955745,6.533341896613897,-12.845353577478294,-9.01078648526863,-0.18892317264606406
11.733333333333333,0.991881662414437,5.84888683044601,-12.916734682912505,-8.155261961086593,-0.1889231726434529
11.741666666666667,1.0380990370023628,5.255752944923931,-12.981767311731005,-7.477943043299445,-0.1889231726436692
11.75,1.0796505970051538,4.725217834520813,-13.041736218648847,-6.934012003091934,-0.18892317264418204
11.758333333333333,1.1169720973719832,4.237865720088777,-13.097621922640332,-6.49397017508621,-0.188923172643714
11.766666666666666,1.1503635197037874,3.780095178402969,-13.150201056480508,-6.1376376223761495,-0.188923172643756
11.775,1.1800284026258268,3.3421088157932686,-13.200108173964992,-5.850649587066589,-0.188923172643862
11.783333333333333,1.2061001627398358,2.916723074989846,-13.247874619526842,-5.622322464236326,-0.18892317264376604
11.791666666666666,1.2286606252285317,2.4986466190540457,-13.293953146264968,-5.444297069678831,-0.18892317264377367
11.8,1.2477537910003633,2.08403520492548,-13.338733301947068,-5.3096413614212254,-0.18892317264379765
11.808333333333334,1.26339664844901,1.6702137998083115,-13.382550612499221,-5.212237767796812,-0.18892317264377725
11.816666666666666,1.2755881299552478,1.2555007790658947,-13.425691487430598,-5.1463570617787635,-0.18892317264377748
11.825,1.2843168805425424,0.8390931686769337,-13.468395148557935,-5.106363232156386,-0.18892317264378028
11.833333333333334,1.2895682261904005,0.42098555528282466,-13.510853529939304,-5.086517809585695,-0.18892317264377895
11.841666666666667,1.2913305379105837,0.0019034679711578475,-13.553209895654925,-5.0808655421860385,-0.18892317264377817
11.85,1.2896010516565826,-0.41676252111163664,-13.595556803736995,-5.083190266477751,-0.18892317264377387
11.858333333333333,1.2843911077205106,-0.8330314755125711,-13.637933965205209,-5.08703250495402,-0.18892317264377947
11.866666666666667,1.2757307104303934,-1.2444211568891155,-13.68032647741929,-5.085760139545629,-0.18892317264377875
11.875,1.263672278262901,-1.64805324415578,-13.722663831749498,-5.072681610503602,-0.18892317264377226
11.883333333333333,1.248293455109159,-2.040772851370291,-13.764819997438703,-5.041188655041094,-0.18892317264377906
11.891666666666666,1.229698881938672,-2.419277521700508,-13.806614767227844,-4.984913881306139,-0.18892317264377936
11.9,1.2080208764167493,-2.780249187702703,-13.847816426743025,-4.897888611210592,-0.188923172643773
11.908333333333333,1.1834190232636819,-3.120482670438285,-13.888145697606491,-4.774689115846198,-0.1889231726437784
11.916666666666666,1.1560787248097393,-3.4370062330752837,-13.927280825244612,-4.610564511990867,-0.18892317264377873
11.925,1.1262087854329477,-3.7271930097865003,-13.964863653073891,-4.401546110873086,-0.1889231726437739
11.933333333333334,1.094038098187472,-3.9888657110786028,-14.00050654904814,-4.14454397528698,-0.18892317264377934
11.941666666666666,1.0598114705347068,-4.220399420977554,-14.033800114133653,-3.837439518831305,-0.18892317264377942
11.95,1.023784584333699,-4.420827177313064,-14.064321672243656,-3.4791811724732926,-0.1889231726437744
11.958333333333334,0.986218058172072,-4.589949569337552,-14.091644572165965,-3.069882594614345,-0.1889231726437809
11.966666666666667,0.9473705953045412,-4.7284430504775194,-14.115348278883445,-2.6109106027943407,-0.1889231726437801
11.975,0.9074912779195881,-4.837953634880979,-14.135029066584364,-2.104936139708081,-0.18892317264378058
11.983333333333333,0.8668112095234994,-4.921155959564428,-14.150310855566408,-1.5559111963464665,-0.1889231726437788
11.991666666666667,0.825534886496484,-4.981755774030102,-14.16085541270471,-0.9689332848751419,-0.18892317264377914
12.0,0.7838318452175235,-5.024419492099425,-14.16637085370991,-0.3499705855686165,-0.18892317264378752
12.008333333333333,0.7418292161548607,-5.054627966499279,-14.166617253600979,0.2945552938897123,-0.18892317264377576
12.016666666666666,0.6996057640447588,-5.078470329562605,-14.161408269615174,0.9583022221555516,-0.1889231726437795
12.025,0.6571877824336836,-5.102412073115746,-14.150608015484167,1.6356042516714016,-0.18892317264377306
12.033333333333333,0.6145468698337089,-5.133083597907917,-14.134122912526808,2.322070476729165,-0.18892317264378075
12.041666666666666,0.5715992122914979,-5.177137952225067,-14.111888724515984,3.0151357624405293,-0.18892317264378528
12.05,0.5282056110150024,-5.241220702329413,-14.083853284362194,3.71454419615342,-0.1889231726437116
12.058333333333334,0.4841711715620135,-5.332086513863444,-14.049955402155913,4.422790413793815,-0.1889231726438085
12.066666666666666,0.4392433013943361,-5.4568942686822295,-14.010100024718252,5.145595213680035,-0.18892317264380837
12.075,0.39310636106295926,-5.623724529471808,-13.964128842692503,5.892550746653688,-0.18892317264347708
12.083333333333334,0.3453708148828047,-5.842400823752921,-13.911784103441992,6.678150653910906,-0.1889231726439305
12.091666666666667,0.29555374924708866,-6.125777392144567,-13.852661085043936,7.523556216101158,-0.1889231726439169
12.1,0.24304567467036714,-6.491817413236817,-13.786140790626426,8.45971292768471,-0.1889231726421663
12.108333333333333,0.18705464406411354,-6.967106549649831,-13.711287324947872,9.532971245285168,-0.18892317264454295
12.116666666666667,0.12651098087943208,-7.593085775491976,-13.626680720822637,10.815473647253416,-0.1889231726445753
12.125,0.05990077403577602,-8.437441932385344,-13.53012923195404,12.424642431683997,-0.18892317263904995
12.133333333333333,-0.015028777785970917,-9.613854642565588,-13.418159602833871,14.557786363996879,-0.18892317265466801
12.141666666666666,-0.10174401540051603,-11.299698338377286,-13.285183279244738,17.525995310310243,-0.1889231727613363
12.15,-0.20511305577528224,-13.584470810147288,-13.123091718572123,21.507330698310035,-0.18892317261101665
12.158333333333333,-0.32678101057914655,-15.258687588852721,-12.928926959269779,24.497441608288415,-0.18892317272667603
12.166666666666666,-0.45013305709895224,-13.867340093461891,-12.730349931526181,22.36380709254551,-0.18892317271781067
12.175,-0.5549436747961423,-11.325985020576127,-12.560981648687163,18.362125993542925,-0.18892317273442816
12.183333333333334,-0.6405420123999787,-9.324511001109286,-12.42138375524224,15.328986605731545,-0.18892317266105813
12.191666666666666,-0.7118599213544853,-7.864348283283557,-12.302856246999582,13.245134024236751,-0.18892317264494624
12.2,-0.7725734659693786,-6.75201065815883,-12.19893324480616,11.777246484868442,-0.18892317264169922
12.208333333333334,-0.8249932000716242,-5.8573073906888755,-12.10547555870895,10.705896066755745,-0.18892317264053116
12.216666666666667,-0.8705807175056268,-5.102336864475225,-12.019762507578324,9.902282583841421,-0.18892317264290454
12.225,-0.9102862718253362,-4.439400206187838,-11.939910863037893,9.289186445677938,-0.18892317264136144
12.233333333333333,-0.9447406407285316,-3.8379608715801363,-11.864549327871831,8.818250898527184,-0.18892317264125683
12.241666666666667,-0.9743658932339992,-3.2776244293219694,-11.79263409668647,8.457766024084098,-0.18892317264166522
12.25,-0.9994424160126735,-2.7443164189423763,-11.723340819362365,8.185943861097247,-0.18892317264139946
12.258333333333333,-1.020151825626364,-2.2281420174344424,-11.655999478735652,7.987040824765653,-0.1889231726413768
12.266666666666666,-1.0366062198554333,-1.72215837188565,-11.590054595843382,7.849004431761782,-0.18892317264146263
12.275,-1.0488695372032895,-1.221660698285478,-11.52504116423019,7.761973324425331,-0.18892317264140865
12.283333333333333,-1.0569743135220233,-0.7237646069766858,-11.460570807214554,7.717282829008917,-0.1889231726414013
12.291666666666666,-1.060935730161169,-0.2271572170310833,-11.39632478355822,7.70679459646875,-0.18892317264141614
12.3,-1.0607639970814764,0.26806476902100645,-11.332051569931348,7.7224581327754365,-0.18892317264140993
12.308333333333334,-1.0564755427179569,0.760527752577232,-11.26756729292922,7.7560607818670695,-0.18892317264140895
12.316666666666666,-1.04810306665363,1.2477275832731265,-11.202757529177568,7.79914735842839,-0.1889231726413998
12.325,-1.035704206251248,1.7262197826098702,-11.137579106660795,7.843098230479537,-0.18892317264141076
12.333333333333334,-1.0193683752210494,2.1918692609203494,-11.072060650039614,7.879348735479308,-0.188923172641412
12.341666666666667,-0.999221274516426,2.6401572219884106,-11.006300816489032,7.899716849503277,-0.18892317264139888
12.35,-0.9754266769837031,3.0665233208256617,-10.940463528828957,7.896785598909199,-0.18892317264140798
12.358333333333333,-0.9481853444586482,3.466704180121417,-10.874770034310382,7.864269908700562,-0.18892317264140857
12.366666666666667,-0.917731303583282,3.837020788689423,-10.80948823283073,7.797293201809633,-0.18892317264141203
12.375,-0.8843260945165279,4.174571466394536,-10.744920296482684,7.692512892798678,-0.1889231726414054
12.383333333333333,-0.8482519040599356,4.477304262356997,-10.681389989295349,7.548065191241769,-0.18892317264140496
12.391666666666666,-0.8098046098469581,4.7439680229959595,-10.619231176045181,7.363340146093521,-0.18892317264141933
12.4,-0.7692876599053041,4.973966726202345,-10.558778755935979,7.138635143539177,-0.18892317264140568
12.408333333333333,-0.7270074264887338,5.167159186835002,-10.500362746775277,6.874758071737106,-0.18892317264140635
12.416666666666666,-0.6832702903244279,5.323651829307391,-10.444305622291218,6.572655283631384,-0.18892317264141162
12.425,-0.6383813304430298,5.443626699201137,-10.39092242246335,6.2331268509541315,-0.18892317264140773
12.433333333333334,-0.5926441921670619,5.5272344362775545,-10.340522724122883,5.856669553717374,-0.1889231726414095
12.441666666666666,-0.5463615185642583,5.574567441911767,-10.293413322515013,5.443464139245863,-0.1889231726414021
12.45,-0.4998352600184806,5.58571535889273,-10.249900426903931,4.993502446894649,-0.1889231726414099
12.458333333333334,-0.4533662046783756,5.560894415073968,-10.210290282262175,4.50683330846054,-0.18892317264141215
12.466666666666667,-0.4072521796656322,5.500633605328707,-10.174887363069214,3.9838925121632225,-0.18892317264140007
12.475,-0.3617845472404847,5.405992968360723,-10.143989626088272,3.425869881593357,-0.18892317264141067
12.483333333333333,-0.31724285727846185,5.278781881363241,-10.117880747716065,2.83505542376521,-0.18892317264141067
12.491666666666667,-0.2738878110465175,5.121739400208322,-10.0968197906681,2.2150989287531653,-0.18892317264140884
12.5,-0.23195301898159854,4.93863695694251,-10.081029295838782,1.5711182779645059,-0.1889231726414089
12.508333333333333,-0.1916363474002184,4.734269723219251,-10.070683283933441,0.9096066157059919,-0.18892317264140723
12.516666666666666,-0.1530918701133283,4.514318992555139,-10.065896946369316,0.23812016168554742,-0.18892317264141972
12.525,-0.11642348903629059,4.285092793000231,-10.066719777353544,-0.4352271147973827,-0.1889231726414054
12.533333333333333,-0.08168111135850893,4.05317963974576,-10.073133486134763,-1.102390199498732,-0.18892317264140573
12.541666666666666,-0.04885988320369636,3.8250717074200327,-10.085055286948213,-1.7560386807027666,-0.1889231726414181
12.55,-0.0179024701173741,3.606820591920573,-10.102346275577377,-2.3901156377305055,-0.18892317264140399
12.558333333333334,0.011296120243757998,3.4037785990926883,-10.124823811092156,-3.0002301517575534,-0.1889231726414082
12.566666666666666,0.0388820295979586,3.220455621509862,-10.152276338575271,-3.5838490622949855,-0.18892317264140945
12.575,0.06503535049083117,3.0604952297296353,-10.184479004806944,-4.140301202702527,-0.18892317264140424
12.583333333333334,0.08996316978819235,2.9267525168005575,-10.221208688071995,-4.670642578395456,-0.18892317264141142
12.591666666666667,0.11389358804389738,2.8214454392914536,-10.262257548012615,-5.177447129162038,-0.18892317264139893
12.6,0.13707120516918148,2.7463510431192972,-10.3074447461233,-5.664586814861671,-0.188923172641408
12.608333333333333,0.15975435015812228,2.7030250694050917,-10.35662647738632,-6.137053894151553,-0.18892317264141814
12.616666666666667,0.1822141973063437,2.693034335918217,-10.40970483948489,-6.600865414637215,-0.18892317264137626
12.625,0.20473587315135752,2.718203411728254,-10.466636359173663,-7.063081363853034,-0.18892317264141534
12.633333333333333,0.22762172307457204,2.7808897253966314,-10.527441249973315,-7.5319678161289785,-0.1889231726414366
12.641666666666666,0.2511970821273281,2.884315615080183,-10.592214775626116,-8.017348076541627,-0.18892317264129652
12.65,0.27581920800341153,3.0330052690395677,-10.66114255545831,-8.531212934685485,-0.18892317264142777
12.658333333333333,0.3018905505275979,3.233405130647287,-10.734522441314782,-9.088714745032199,-0.18892317264150243
12.666666666666666,0.32987838513026535,3.4948188049653677,-10.812797000046823,-9.709767084905788,-0.1889231726409511
12.675,0.36034427805564007,3.8308796501455613,-10.896603137970567,-10.421645402378797,-0.1889231726414401
12.683333333333334,0.39398930879492133,4.26194012200988,-10.986849845966905,-11.263285105280271,-0.18892317264175917
12.691666666666666,0.43172501236698585,4.8189700615887405,-11.084842635951123,-12.292418596215146,-0.1889231726403252
12.7,0.4747852678785912,5.549519017768097,-11.192484036184368,-13.596835473718958,-0.18892317263972302
12.708333333333334,0.524892008139644,6.52369327307317,-11.312580225785254,-15.30715479223662,-0.18892317263299674
12.716666666666667,0.5844128235101448,7.8183921860789765,-11.449168589806758,-17.57624832925781,-0.1889231727594466
12.725,0.655928135852743,9.350674905145015,-11.606920014529885,-20.308881539787485,-0.1889231726870335
12.733333333333333,0.7386475635283379,10.264558533591794,-11.78529704004252,-22.128291892216907,-0.1889231726042549
12.741666666666667,0.8215363322954641,9.324595667335114,-11.967008771692859,-21.00140067463859,-0.18892317266654884
12.75,0.8913390304036672,7.394384262437356,-12.131239410282653,-18.3838136353142,-0.18892317271177578
12.758333333333333,0.9452458571516529,5.5976377294315185,-12.274563899547815,-16.123433344736043,-0.18892317261281943
12.766666666666666,0.9855412148586578,4.121933912640242,-12.40173524375022,-14.491639916505816,-0.18892317264338737
12.775,1.0146236341680024,2.8911015344493975,-12.517402582498583,-13.333034647200677,-0.18892317264218741
12.783333333333333,1.0341785684907938,1.8240632859782075,-12.624834205005017,-12.49353894421239,-0.18892317264330694
12.791666666666666,1.0453258633891644,0.8661368053223408,-12.726214880028966,-11.86637254612725,-0.1889231726426109
12.8,1.0488219798896012,-0.016531713142773324,-12.822994313923594,-11.379294652741537,-0.18892317264229158
12.808333333333334,1.0452029492359516,-0.8439598824812242,-12.916115930312655,-10.98123564824099,-0.18892317264258798
12.816666666666666,1.0348787549129799,-1.6269840513419545,-13.006154848187562,-10.633805925580994,-0.18892317264247796
12.825,1.01819684699519,-2.3701564309690597,-13.093401180452696,-10.306395628955888,-0.1889231726424638
12.833333333333334,0.9954861072689555,-3.0736445695928394,-13.177912528429161,-9.9734998080467,-0.18892317264239625
12.841666666666667,0.9670873399759912,-3.7346275398721005,-13.259550343107218,-9.613413390332257,-0.18892317264244451
12.85,0.9333732016311341,-4.348466861472957,-13.338009258908787,-9.207782636378257,-0.18892317264250408
12.858333333333333,0.8947588108252593,-4.909785259354475,-13.412845049202815,-8.741675164310129,-0.18892317264237626
12.866666666666667,0.8517036045517045,-5.41348821303173,-13.483504412219744,-8.203909850533485,-0.18892317264245018
12.875,0.8047050093604807,-5.855697883894499,-13.549357810486018,-7.5874252559481885,-0.18892317264247088
12.883333333333333,0.7542849192426446,-6.234533095468647,-13.609734866510415,-6.889496029237523,-0.18892317264247538
12.891666666666666,0.7009705713758972,-6.550662768172196,-13.663960399520438,-6.111650557178445,-0.18892317264247827
12.9,0.6452719449729869,-6.807581341276776,-13.711388212546005,-5.259205278820735,-0.18892317264241865
12.908333333333333,0.5876580758763561,-7.011595956111561,-13.751429337629052,-4.3404047269851365,-0.18892317264254843
12.916666666666666,0.5285345585351108,-7.1715650356483245,-13.783571657109663,-3.3652266600720186,-0.18892317264247954
12.924999999999999,0.46822397831511664,-7.298473936354494,-13.807388540488224,-2.343961291590707,-0.18892317264242814
12.933333333333334,0.40695015538712187,-7.4049660865245155,-13.822535133564372,-1.285688203102461,-0.18892317264247266
12.941666666666666,0.3448260164907405,-7.504964147435307,-13.82873187887068,-0.19674605793443056,-0.1889231726424413
12.95,0.28184376732280575,-7.613519987993307,-13.825735365952104,0.9207825727274913,-0.18892317264253006
12.958333333333334,0.2178648650974533,-7.747038098408241,-13.813296342754013,2.0706650516921625,-0.18892317264218977
12.966666666666667,0.15260598787694632,-7.924046903162054,-13.791103287995526,3.264450609896942,-0.1889231726423476
12.975,0.08561543591837256,-8.166779086779197,-13.758706840902294,4.524242647081075,-0.188923172642887
12.983333333333333,0.01623152949837389,-8.504009517168448,-13.715414737685077,5.887193553169292,-0.1889231726412271
12.991666666666667,-0.0564904027583709,-8.975912078079828,-13.660137316529704,7.413166024473921,-0.18892317264176572
13.0,-0.13390328113229774,-9.64185565451485,-13.591149679695324,9.197300625823688,-0.18892317264080616
13.008333333333333,-0.2179678607793867,-10.58947324479391,-13.505732752688031,11.384912437557842,-0.18892317267599334
13.016666666666666,-0.31146801403931507,-11.919974039766025,-13.399789922608063,14.14656872067746,-0.18892317264044117
13.025,-0.41754114629862865,-13.545552388355734,-13.268625843614323,17.333736317837637,-0.18892317252615654
13.033333333333333,-0.5352846128683542,-14.431591129767888,-13.114415513683344,19.184640641424018,-0.18892317262486302
13.041666666666666,-0.6520891075303951,-13.307072802268515,-12.959264217967597,17.540922176837267,-0.18892317258023794
13.049999999999999,-0.754945242138557,-11.382468481213962,-12.82578378097256,14.497809354709043,-0.1889231724646817
13.058333333333334,-0.8427077274735232,-9.751618211234112,-12.716119940569195,11.941264539651248,-0.1889231726688988
13.066666666666666,-0.9185666485693045,-8.510874469525369,-12.624909075246089,10.045358490806573,-0.18892317264586633
13.075,-0.9853324174922138,-7.550824752646904,-12.547363370804353,8.631428774591933,-0.18892317264724462
13.083333333333334,-1.044931035353412,-6.778106665405248,-12.480141167351006,7.547216263663855,-0.1889231726450959
13.091666666666667,-1.0986482080643363,-6.1311461139307655,-12.420939011022595,6.693661438597171,-0.18892317264541025
13.1,-1.1473544974759955,-5.570190466883919,-12.368115718032646,6.008016269984425,-0.18892317264601943
13.108333333333333,-1.1916498273878424,-5.068944147550283,-12.320452912437416,5.44970491259477,-0.18892317264538683
13.116666666666667,-1.2319523461495963,-4.609430393000379,-12.277009595826918,4.991639038481425,-0.18892317264547587
13.125,-1.26855405244544,-4.178969364590762,-12.237032964869922,4.61509193265987,-0.1889231726456006
13.133333333333333,-1.301656823664588,-3.768382811819303,-12.199902589136832,4.306626064028963,-0.18892317264547254
13.141666666666666,-1.3313966798125496,-3.3709018962683253,-12.16509485449284,4.056194565101871,-0.18892317264549013
13.15,-1.3578608054792436,-2.9814855486431453,-12.132160123326846,3.85592831882537,-0.18892317264551928
13.158333333333333,-1.3811000011533203,-2.5963848192507792,-12.100708140600984,3.6993364181032025,-0.1889231726454909
13.166666666666666,-1.4011381841241202,-2.212858540833951,-12.070398945499607,3.5807650526253383,-0.1889231726454938
13.174999999999999,-1.4179799465033718,-1.828984206615623,-12.040937544757282,3.495024385914704,-0.18892317264549974
13.183333333333334,-1.4316168095448492,-1.4435297312728812,-12.012071192006921,3.437129300735974,-0.18892317264549563
13.191666666666666,-1.442032584269517,-1.0558642997766061,-11.983588473260111,3.4021208936169147,-0.18892317264549502
13.2,-1.4492081000552803,-0.6658938522066489,-11.95531961820518,3.384948093714709,-0.18892317264549388
13.208333333333334,-1.453125462109599,-0.27401110460400585,-11.927137594524515,3.3803964191669307,-0.18892317264549638
13.216666666666667,-1.4537719263610576,0.11894738282120196,-11.898959629261194,3.3830556504746747,-0.18892317264549496
13.225,-1.4511434251339275,0.5117429636961832,-11.87074885636153,3.3873211807703987,-0.18892317264549108
13.233333333333333,-1.4452477327891378,0.9027802791703633,-11.842515825047228,3.387425591097995,-0.18892317264549593
13.241666666666667,-1.436107224238672,1.2901601838971097,-11.814319628062071,3.377497923345114,-0.18892317264549466
13.25,-1.4237611498031306,1.6717433476958476,-11.786268428435497,3.3516483739859564,-0.18892317264548927
13.258333333333333,-1.4082673274770625,2.0452267679354175,-11.758519183291618,3.3040758280146156,-0.18892317264549596
13.266666666666666,-1.3897031391996628,2.4082344042129935,-11.731276387673732,3.2291948732914686,-0.18892317264549494
13.275,-1.3681657124508295,2.758421962473534,-11.704789694104706,3.121777724745467,-0.18892317264548789
13.283333333333333,-1.343771173792467,3.093594500668628,-11.679350308203032,2.977104853679996,-0.1889231726454959
13.291666666666666,-1.316652878282263,3.4118340025559175,-11.655286120696525,2.7911160489321793,-0.18892317264549516
13.299999999999999,-1.2869585493397329,3.711632398092013,-11.632955615190452,2.5605511588789382,-0.18892317264548864
13.308333333333334,-1.2548463084717236,3.9920238020252135,-11.612740691934752,2.2830670348255877,-0.1889231726454958
13.316666666666666,-1.22047963267945,4.2527082453975575,-11.595038671210586,1.957314620185294,-0.18892317264549563
13.325,-1.1840213459044169,4.494158334147845,-11.580253881828293,1.582958405983259,-0.188923172645493
13.333333333333334,-1.145626821541185,4.717700711075309,-11.568789389822578,1.1606204946089398,-0.18892317264549474
13.341666666666667,-1.1054366323207445,4.925566594863471,-11.561039561788558,0.6917340394118634,-0.1889231726454959
13.35,-1.063568913220354,5.120910504207518,-11.557384264448382,0.17829596645418702,-0.18892317264549127
13.358333333333333,-1.0201116816155018,5.30780359447336,-11.558185558693241,-0.3774844336100778,-0.18892317264549793
13.366666666666667,-0.9751152675374449,5.491217385199004,-11.563787749163957,-0.9736387572178948,-0.18892317264549913
13.375,-0.9285848315506066,5.677024365379861,-11.574521622828488,-1.6089914221620716,-0.1889231726454476
13.383333333333333,-0.8804726785501792,5.87205384429759,-11.590713711437848,-2.2838158108411024,-0.18892317264552405
13.391666666666666,-0.8306696986676679,6.084255867186808,-11.61270154520147,-3.0006239318135357,-0.18892317264551073
13.4,-0.7789947441832787,6.323047506898702,-11.640856283432505,-3.765165329297109,-0.18892317264523262
13.408333333333333,-0.7251799890998881,6.599954207845487,-11.675615050763788,-4.587793529856172,-0.188923172645663
13.416666666666666,-0.6688491024964662,6.929733781647396,-11.717527179500873,-5.485505533044796,-0.18892317264557668
13.424999999999999,-0.6094829481879115,7.332321550798787,-11.767322125470772,-6.485234264375879,-0.18892317264400899
13.433333333333334,-0.5463635741179147,7.836241897439866,-11.826013637654338,-7.629509937296979,-0.18892317264641706
13.441666666666666,-0.478479603828315,8.484745220081685,-11.895067992162259,-8.986666946505775,-0.18892317264601072
13.45,-0.4043614619805718,9.347009028305726,-11.976689517174965,-10.669655584282184,-0.18892317264169545
13.458333333333334,-0.32179154425733963,10.53721756963651,-12.074317539074904,-12.868496368723259,-0.18892317262443487
13.466666666666667,-0.22734620732231112,12.229709323311868,-12.193412843413823,-15.877079148188344,-0.1889231726255754
13.475,-0.11626000352014786,14.502224742486685,-12.341713563029224,-19.829697762730362,-0.18892317263954683
13.483333333333333,0.01299268374959682,16.17626057403211,-12.521476710948198,-22.723701186030006,-0.18892317265373193
13.491666666666667,0.14455620532071706,14.945194451178908,-12.705341853536122,-20.623700867455995,-0.18892317269657366
13.5,0.25920258364307547,12.603665701727937,-12.860203892617722,-16.59471956365082,-0.1889231723995412
13.508333333333333,0.3561876434316703,10.777507773273015,-12.984486893898275,-13.404720585185983,-0.1889231726438062
13.516666666666666,0.440329283173503,9.489898130962281,-13.086058076547742,-11.09066052679708,-0.18892317265073255
13.525,0.5153368316386724,8.55897873812708,-13.17090080216959,-9.34572794208232,-0.18892317265288416
13.533333333333333,0.5836153960923111,7.858827857550007,-13.242810569812004,-7.960126596310464,-0.188923172650996
13.541666666666666,0.6467437773025934,7.31314302367368,-13.304216257065422,-6.808925732997607,-0.18892317264900116
13.549999999999999,0.7057975554686828,6.874705869016526,-13.356732512136535,-5.816985250068914,-0.18892317265042347
13.558333333333334,0.7615339476225269,6.512803420141612,-13.401477528648472,-4.937739527987711,-0.18892317265003966
13.566666666666666,0.8144977181684615,6.206325772367073,-13.439258214365625,-4.141654952009947,-0.18892317264971253
13.575,0.8650837783397851,5.939949759203443,-13.47068307117069,-3.4098639541159024,-0.18892317264996922
13.583333333333334,0.9135755488669279,5.701970948251406,-13.496234473692619,-2.7304984759061903,-0.18892317264990222
13.591666666666667,0.9601694066808989,5.4830457284325105,-13.516316969821139,-2.096454148368521,-0.18892317264983724
13.6,1.0049910298810136,5.275458959698917,-13.5312905016351,-1.5039298259074614,-0.1889231726498855
13.608333333333333,1.0481070637311227,5.072707494644507,-13.541493419310784,-0.9513974921473922,-0.1889231726498742
13.616666666666667,1.0895341885010816,4.869277346639084,-13.547258035115636,-0.43882069525020906,-0.18892317264986225
13.625,1.1292468590314555,4.660537345329973,-13.548920358219046,0.03297082827320887,-0.18892317264986971
13.633333333333333,1.167184455519371,4.44269691956236,-13.546825110057316,0.4627927427772802,-0.18892317264986958
13.641666666666666,1.2032582175484978,4.2127911967412235,-13.541326889970088,0.849519768850769,-0.1889231726498658
13.65,1.2373580765567649,3.9686681716112266,-13.53278828554954,1.19240558681678,-0.18892317264986935
13.658333333333333,1.2693593329004895,3.708962377760285,-13.521575701770194,1.4913108769765702,-0.18892317264986938
13.666666666666666,1.299129029246136,3.4330477071274745,-13.508053657739731,1.7468442036275698,-0.18892317264986583
13.674999999999999,1.3265318390190912,3.140968488967347,-13.49257824201358,1.9604249858172536,-0.1889231726498703
13.683333333333334,1.3514353010826274,2.8333523473165134,-13.475490323179168,2.1342816839269316,-0.18892317264986952
13.691666666666666,1.3737142722294675,2.5113106883109877,-13.45710899311643,2.2714003504742926,-0.18892317264986552
13.7,1.3932545213004786,2.1763332511978444,-13.437725592964643,2.375438648576887,-0.18892317264987
13.708333333333334,1.4099554403689516,1.8301825252125918,-13.417598551919884,2.4506188059761387,-0.18892317264986888
13.716666666666667,1.4237318917139563,1.474792552944508,-13.396949166787767,2.501610484905441,-0.18892317264986572
13.725,1.43451524084179,1.1121751652190515,-13.375958369851155,2.5334118944372834,-0.18892317264986963
13.733333333333333,1.44225364531212,0.7443353134178466,-13.354764473331844,2.5512351226237002,-0.18892317264986877
13.741666666666667,1.4469116780508984,0.3731960191945134,-13.333461836880366,2.56039985144606,-0.18892317264986694
13.75,1.4484693643053461,0.0005325775016663615,-13.312100375358757,2.566238387158216,-0.18892317264986938
13.758333333333333,1.446920705502178,-0.3720850029488123,-13.290685802991796,2.574014240771726,-0.18892317264986846
13.766666666666666,1.4422717527306705,-0.7433428104902812,-13.269180492658554,2.5888562450079613,-0.18892317264986708
13.775,1.434538278626796,-1.112228936762683,-13.247504812254206,2.6157103210547374,-0.18892317264986805
13.783333333333333,1.4237430797764745,-1.478076630857791,-13.225538780759523,2.659311465004152,-0.18892317264986683
13.791666666666666,1.4099129224308866,-1.84060720232187,-13.203123862230353,2.7241793011753086,-0.18892317264986858
13.799999999999999,1.3930751215328214,-2.199975681227811,-13.180064683558578,2.8146416890473214,-0.1889231726498654
13.808333333333334,1.3732537148145267,-2.5568230755696657,-13.156130418108242,2.934892493192768,-0.18892317264986458
13.816666666666666,1.3504651564054824,-2.912340462212828,-13.131055517218778,3.0890919890414135,-0.18892317264987454
13.825,1.3247134018973008,-3.2683524657544196,-13.104539387069142,3.281521976487917,-0.18892317264985461
13.833333333333334,1.2959841792956603,-3.6274314869858117,-13.07624448580735,3.516813415141219,-0.18892317264985548
13.841666666666667,1.2642381217248684,-3.9930602922314122,-13.045792131177175,3.8002739098177494,-0.18892317264989783
13.85,1.2294022514479834,-4.369870953955469,-13.012755019642077,4.138358601129652,-0.18892317264981037
13.858333333333333,1.1913590046963227,-4.764005751899267,-12.97664498812596,4.539356343351747,-0.18892317264981748
13.866666666666667,1.1499314906809608,-5.183676410435828,-12.936893760380782,5.0144136180207175,-0.188923172650008
13.875,1.1048628339588775,-5.640053423604818,-12.89282305387192,5.579110980093568,-0.18892317264958294
13.883333333333333,1.055785968933038,-6.148719600235919,-12.84359799038108,6.255979102933807,-0.18892317264960204
13.891666666666666,1.0021775877751191,-6.732113796660272,-12.788153316488856,7.078666220526298,-0.18892317265059005
13.9,0.9432850729796886,-7.423740159290526,-12.725073763236399,8.099063519576951,-0.1889231726485704
13.908333333333333,0.8780066647824636,-8.27544233666983,-12.652395351356505,9.399596223419827,-0.18892317264864367
13.916666666666666,0.8046933621040875,-9.36895114520825,-12.567274345600895,11.11277414036467,-0.18892317264183722
13.924999999999999,0.7208520064741909,-10.82483018181741,-12.465488488107622,13.436443276737336,-0.18892317272729386
13.933333333333334,0.6229843341187234,-12.733194278682115,-12.341168711459138,16.515930183561608,-0.18892317269527187
13.941666666666666,0.5085387011062927,-14.608651300131992,-12.190138965609384,19.51150892604562,-0.1889231727045566
13.95,0.3847325823112555,-14.68340973993691,-12.025044267002599,19.380557223467246,-0.18892317258248614
13.958333333333334,0.2687881723746957,-13.033123933131224,-11.875821263760963,16.2325827535915,-0.18892317265768305
13.966666666666667,0.1673218012904478,-11.38857093294368,-11.75438539790073,13.01804368378343,-0.188923172706004
13.975,0.07770563006991282,-10.189917456501975,-11.656900942017318,10.48557852805954,-0.18892317265627634
13.983333333333333,-0.0035064482311719758,-9.350313946522041,-11.57814109502124,8.48832379495531,-0.1889231726557289
13.991666666666667,-0.07881140659013815,-8.756278259149466,-11.51447573392068,6.836500241875523,-0.1889231726532436
14.0,-0.14990735733766392,-8.329791473410344,-11.463598848407045,5.402468289098944,-0.18892317265415487
14.008333333333333,-0.21796363432203297,-8.019881430972346,-11.424053304486764,4.106682679960117,-0.18892317265505698
14.016666666666666,-0.28379853156628415,-7.7918054887847115,-11.394908561352581,2.8999273661385825,-0.18892317265394076
14.025,-0.34798332319132225,-7.62015559292903,-11.375558309972217,1.7522249709377287,-0.18892317265418535
14.033333333333333,-0.4109018120688759,-7.484851116244871,-11.365589129916847,0.6464672297356758,-0.18892317265432573
14.041666666666666,-0.47278435862696094,-7.368871758345992,-11.364690134843679,-0.42532891405359863,-0.188923172654184
14.049999999999999,-0.5337277650961056,-7.257047081966571,-11.372587553741994,-1.464419840818752,-0.1889231726541959
14.058333333333334,-0.5937080909918547,-7.135523610433918,-11.388996328637411,-2.4671075494694876,-0.18892317265412928
14.066666666666666,-0.6525910359987966,-6.991683591930805,-11.413585292258915,-3.4262706430597856,-0.1889231726542408
14.075,-0.7101429605168853,-6.814355326752604,-11.445954767012962,-4.332830762459779,-0.18892317265419944
14.083333333333334,-0.7660443960196106,-6.59417857351883,-11.485626287247877,-5.177193501321276,-0.18892317265412745
14.091666666666667,-0.8199068038370716,-6.32399850688226,-11.532044071797102,-5.950614230028901,-0.18892317265421027
14.1,-0.8712923356216131,-5.999174918219623,-11.584587242332336,-6.6463938241465845,-0.18892317265419847
14.108333333333333,-0.9197354971099666,-5.617717650776969,-11.64259094235881,-7.260803776755243,-0.18892317265423478
14.116666666666667,-0.9647650172045863,-5.180194980554295,-11.705373769783147,-7.7936678829140265,-0.18892317265415948
14.125,-1.0059239534688245,-4.689403615254319,-11.772268525756795,-8.248577403647502,-0.18892317265419795
14.133333333333333,-1.042786141670273,-4.149828918155476,-11.842653330367272,-8.632774456287054,-0.18892317265429032
14.141666666666666,-1.0749674672835898,-3.566953184321996,-11.915980671723123,-8.956790843851296,-0.18892317265415365
14.15,-1.102130982027966,-2.9464817476638387,-11.991802849784783,-9.233966826513358,-0.18892317265420053
14.158333333333333,-1.123985450531882,-2.2935487046596865,-12.069793404257437,-9.479993076101916,-0.18892317265422923
14.166666666666666,-1.1402773280027907,-1.6119374164821645,-12.14976533529461,-9.712623663853002,-0.1889231726542005
14.174999999999999,-1.1507762977296934,-0.9033090534814253,-12.231688163962534,-9.951710406091598,-0.1889231726542086
14.183333333333334,-1.1552542202065652,-0.16637709558112213,-12.315707192033761,-10.21972794446281,-0.18892317265403777
14.191666666666666,-1.1534565402707833,0.6041071432994564,-12.40216994834319,-10.543020586052082,-0.18892317265435538
14.2,-1.1450636690992337,1.4187971132026138,-12.49166725093882,-10.95414300202974,-0.18892317265423964
14.208333333333334,-1.1296372500888048,2.2960193465077867,-12.585100430287152,-11.495935831449977,-0.18892317265334257
14.216666666666667,-1.1065420402070887,3.2654746815759412,-12.683793236221009,-12.228384249274702,-0.18892317265448313
14.225,-1.0748287110433576,4.37396251649655,-12.789676823347586,-13.239424239334264,-0.18892317265443287
14.233333333333333,-1.033064188471011,5.691387853766845,-12.905576596675754,-14.65725627072643,-0.18892317267408568
14.241666666666667,-0.9791619293353399,7.2978758450092,-13.035524955039167,-16.632806626748536,-0.18892317258630137
14.25,-0.9107188390558274,9.139956567040807,-13.184263508492217,-19.10293679436649,-0.1889231726412391
14.258333333333333,-0.8280893493551859,10.491226798121309,-13.352143205343056,-20.87404901737777,-0.18892317259496716
14.266666666666666,-0.7407518692533489,10.17841214512162,-13.524289377440597,-19.96970333445481,-0.18892317265700526
14.275,-0.661326021871702,8.832542988589866,-13.680402039479812,-17.423864967895515,-0.18892317253860785
14.283333333333333,-0.5932854056177731,7.544953434281779,-13.815263261129042,-15.027843081957526,-0.18892317268917241
14.291666666666666,-0.5347050302402186,6.563929523356093,-13.932360712287476,-13.158271955838302,-0.18892317265632297
14.299999999999999,-0.48316429816714623,5.842832308858467,-14.035743483443811,-11.712132297675144,-0.18892317265668115
14.308333333333334,-0.43680005845168857,5.311266985440806,-14.128367697915188,-10.557106620029721,-0.1889231726557777
14.316666666666666,-0.39426116082542345,4.917810979412127,-14.212236016267443,-9.5977985363533,-0.18892317265608483
14.325,-0.35454859976183245,4.628394348614567,-14.288694950998263,-8.770177100758904,-0.18892317265665937
14.333333333333334,-0.3168952382283138,4.420585260091351,-14.358649284305788,-8.030685781522486,-0.1889231726559386
14.341666666666667,-0.280687592977538,4.279381654883122,-14.42269845256614,-7.348603964890172,-0.18892317265609793
14.35,-0.2454159438683222,4.194534128919441,-14.481222242589844,-6.701335152287318,-0.18892317265624975
14.358333333333333,-0.21064227238985955,4.1588617411545785,-14.534435660850956,-6.071567134569258,-0.18892317265605993
14.366666666666667,-0.17597955896893858,4.167157425680223,-14.582425268690958,-5.445570125471049,-0.1889231726561025
14.375,-0.1410786481433281,4.215434976815558,-14.62517449475349,-4.812199514601788,-0.1889231726561526
14.383333333333333,-0.10562049821722068,4.3003715317887155,-14.662582668081813,-4.162355253619314,-0.1889231726560943
14.391666666666666,-0.06931256982127995,4.418861505185913,-14.694480921400922,-3.4887526298115983,-0.1889231726561031
14.4,-0.03188863334934769,4.5676371905951525,-14.720647147947522,-2.785911335380696,-0.18892317265612105
14.408333333333333,0.006888471185119326,4.742938544296776,-14.74082152528162,-2.0502912106955815,-0.1889231726561081
14.416666666666666,0.04722153213680988,4.940235225985796,-14.75472354550138,-1.2805063432505948,-0.18892317265610362
14.424999999999999,0.08927162445452083,5.154018925873855,-14.762070903639504,-0.4775442274277304,-0.18892317265609487
14.433333333333334,0.1331494189765956,5.377691754946725,-14.762599966087247,0.35508684953346564,-0.18892317265611763
14.441666666666666,0.17890604753206804,5.603574453713645,-14.75608692022968,1.211351882561156,-0.18892317265610345
14.45,0.22652458004981088,5.823045288098795,-14.742368212453297,2.0828706366612417,-0.18892317265607236
14.458333333333334,0.27591317644485114,6.026799456421963,-14.721358653105947,2.959293513785655,-0.18892317265611658
14.466666666666667,0.32690079689390944,6.205196792953121,-14.693065693656942,3.828834886983502,-0.18892317265610392
14.475,0.37923601968027143,6.348651822354747,-14.657598838313222,4.67889438725046,-0.18892317265607061
14.483333333333333,0.43258912686305845,6.448021506481153,-14.615173782817276,5.496689240097819,-0.18892317265610997
14.491666666666667,0.4865573044390532,6.494962077979106,-14.566111444104056,6.269841765662246,-0.18892317265610492
14.5,0.5406726594818954,6.482249093909725,-14.51083235510673,6.986904793892278,-0.1889231726560733
14.508333333333333,0.5944127874724333,6.404072010431607,-14.449846882763419,7.6378439249075845,-0.18892317265611464
14.516666666666666,0.6472137361090985,6.256315977018497,-14.38374148968973,8.214509912084287,-0.188923172656106
14.525,0.6984852583827059,6.03682654397506,-14.313161029636316,8.711118129395139,-0.18892317265609437
14.533333333333333,0.747628097274522,5.745624657762191,-14.238787082528818,9.124711752468379,-0.18892317265610678
14.541666666666666,0.7940526597528261,5.385014153668653,-14.161312720321767,9.455540941724896,-0.18892317265610586
14.549999999999999,0.8371979116185622,4.959517395562263,-14.081414780096736,9.707266553188974,-0.18892317265615033
14.558333333333334,0.876548854419691,4.4755950769904445,-13.99972545429399,9.886910653897841,-0.18892317265608355
14.566666666666666,0.9116507466396484,3.9411490905791853,-13.916805464855386,10.004527035207749,-0.1889231726561064
14.575,0.9421184303496153,3.364856676464659,-13.833121024978709,10.072634601343708,-0.18892317265615952
14.583333333333334,0.9676396908479679,2.7554198427647614,-13.749026163613713,10.105518138349034,-0.1889231726560866
14.591666666666667,0.9879723336789719,2.1208226639012335,-13.664750956821361,10.118533582422998,-0.1889231726561091
14.6,1.002935369075858,1.4676689164427081,-13.580395052439387,10.127553301869304,-0.18892317265609698
14.608333333333333,1.0123951400541198,0.8006323819103894,-13.495924839357265,10.148661931841229,-0.1889231726561216
14.616666666666667,1.0162473017255027,0.12200419937653695,-13.411171815431542,10.198184775596513,-0.18892317265611497
14.625,1.0143952293613983,-0.5687260331664112,-13.325829089789833,10.293119694963657,-0.1889231726559424
14.633333333333333,1.0067247071547172,-1.2753669950524844,-13.239442289301142,10.452069198957293,-0.1889231726562394
14.641666666666666,0.9930735803007891,-2.005773240852417,-13.15139002840628,10.69685508005492,-0.1889231726561368
14.65,0.973193225290666,-2.7731197763965394,-13.060846896867739,11.055184427785235,-0.18892317265518851
14.658333333333333,0.9466956528760029,-3.598180313497298,-12.966717463163056,11.565110606466849,-0.18892317265690461
14.666666666666666,0.9129745949344638,-4.513490125221119,-12.867520837417333,12.282779009251408,-0.1889231726563016
14.674999999999999,0.8710786828399643,-5.571044328489286,-12.761187566119556,13.296372886138899,-0.18892317265170827
14.683333333333334,0.8194967346692413,-6.856169318763632,-12.644697948574978,14.751146516989433,-0.18892317265093367
14.691666666666666,0.7557987783467025,-8.507009473132308,-12.513456704027499,16.885857944505098,-0.18892317265633046
14.7,0.6762158059444044,-10.688622367607746,-12.360517230237912,19.997362076764908,-0.1889231731173281
14.708333333333334,0.5767963888403848,-13.101568368948023,-12.178378889819452,23.62143773877896,-0.18892317269352288
14.716666666666667,0.46325837388641966,-13.608096669093822,-11.975513983336125,24.18020622291339,-0.18892317289508953
14.725,0.3571811411417919,-11.672774260969206,-11.787131829299172,20.750861848333564,-0.1889231727562567
14.733333333333333,0.2686635120055623,-9.658157968108412,-11.629357165765894,17.269212741951108,-0.18892317259903163
14.741666666666667,0.19464651692525445,-8.190609868798417,-11.496612124964688,14.732765156483438,-0.18892317266933178
14.75,0.13098608303855477,-7.144463748649421,-11.381869785864502,12.897726854493571,-0.1889231726585539
14.758333333333333,0.0748047539951584,-6.376449938033065,-11.280422524303026,11.50795703417313,-0.1889231726585407
14.766666666666666,0.02419484130050328,-5.795751014977911,-11.189286163062455,10.402591939170495,-0.1889231726551635
14.775,-0.022157004116587612,-5.347449402590445,-11.10653092908296,9.483806778814749,-0.18892317265702113
14.783333333333333,-0.06520148699510735,-4.997520703112687,-11.030877649798237,8.689915545135705,-0.18892317265678654
14.791666666666666,-0.10566091490052529,-4.724111133162905,-10.961466558164442,7.980108644167183,-0.18892317265618058
14.799999999999999,-0.14410838105338028,-4.512662067900404,-10.89772151916828,7.3261128840017475,-0.18892317265655276
14.808333333333334,-0.18101583366027713,-4.353101887867594,-10.83926670208108,6.7075598543768,-0.18892317265651343
14.816666666666666,-0.21678381935825927,-4.23814306679119,-10.785872649631418,6.109364780684623,-0.18892317265637587
14.825,-0.2517597989693075,-4.162183539061398,-10.737419030164975,5.520240763025156,-0.18892317265646505
14.833333333333334,-0.2862488614878974,-4.120550006621346,-10.693866743920767,4.931883021253425,-0.18892317265646
14.841666666666667,-0.3205190549842852,-4.108947071893292,-10.655234998458127,4.3385579887248005,-0.18892317265642322
14.85,-0.35480274117548666,-4.123047114367609,-10.621580730882386,3.736927287417142,-0.1889231726564411
14.858333333333333,-0.389295029569352,-4.158198252888878,-10.592978968152174,3.1259794551490887,-0.18892317265644165
14.866666666666667,-0.42415027143003464,-4.20925231460291,-10.569503684134276,2.506962442750698,-0.1889231726564386
14.875,-0.4594776602715648,-4.2705243881863835,-10.551209535735445,1.8832269678540832,-0.18892317265643113
14.883333333333333,-0.4953370712950198,-4.335890566415599,-10.538115506658295,1.2599179400680707,-0.1889231726564328
14.891666666666666,-0.5317362605711071,-4.39901270651034,-10.530191844365234,0.6434934762602958,-0.18892317265644093
14.9,-0.5686303509126245,-4.453654463446761,-10.527351631839897,0.04110318577972304,-0.18892317265643144
14.908333333333333,-0.6059241379565177,-4.494031334495847,-10.529447864687919,-0.5400951958055447,-0.1889231726564336
14.916666666666666,-0.643477225586503,-4.51512891469931,-10.536276118756488,-1.0935762594734997,-0.18892317265643355
14.924999999999999,-0.6811114778661769,-4.512932856973716,-10.547582026168147,-1.6139463685644009,-0.18892317265643643
14.933333333333334,-0.7186198965875326,-4.484538135037734,-10.563072090960414,-2.0972391885527903,-0.18892317265643724
14.941666666666666,-0.7557758874698178,-4.428135001738651,-10.582426052840084,-2.5409935423661163,-0.18892317265643005
14.95,-0.7923419679042677,-4.342894377912153,-10.605309089196075,-2.9441449592348534,-0.18892317265643885
14.958333333333334,-0.8280772275052122,-4.228789894754417,-10.631382539579077,-3.306790786207774,-0.18892317265643804
14.966666666666667,-0.862743181522315,-4.086396478786342,-10.660312384244511,-3.629897200059869,-0.18892317265643221
14.975,-0.8961079687376771,-3.9166992731822017,-10.691775255300502,-3.9150089595398123,-0.1889231726564362
14.983333333333333,-0.9279490851480947,-3.720936248978976,-10.725462201693203,-4.164006436257708,-0.18892317265643616
14.991666666666667,-0.958054992547358,-3.5004867379886613,-10.761080722583575,-4.378935805447668,-0.18892317265643488
15.0,-0.9862260011974217,-3.2568083990750254,-10.798355726452423,-4.561921248304194,-0.1889231726564341
15.008333333333333,-1.0122748134890613,-2.991417518173818,-10.837030087116489,-4.715154217541494,-0.18892317265643482
15.016666666666666,-1.0360270485870486,-2.7059020159634675,-10.876865381074623,-4.840944446809011,-0.18892317265643593
15.025,-1.0573219632001973,-2.4019529411643994,-10.917643231056,-4.941810268207531,-0.18892317265643457
15.033333333333333,-1.0760134568757782,-2.0813985962700974,-10.959167475453267,-5.020582007765982,-0.18892317265643538
15.041666666666666,-1.0919713187973148,-1.7462259904148296,-11.001267161642254,-5.080492141134922,-0.18892317265643463
15.049999999999999,-1.1050825558924633,-1.398577186968283,-11.043800155551818,-5.12522985626822,-0.18892317265643568
15.058333333333334,-1.1152525578709245,-1.0407130712931836,-11.0866570036712,-5.158945468085784,-0.1889231726564359
15.066666666666666,-1.1224058180075505,-0.6749432949850872,-11.129764604840153,-5.186200621058623,-0.18892317265643355
15.075,-1.126485944511164,-0.30352736067964514,-11.173089262242089,-5.211871403081065,-0.1889231726564361
15.083333333333334,-1.1274547599813973,0.07144342600433032,-11.216638787111632,-5.241021056256222,-0.1889231726564353
15.091666666666667,-1.125290378818664,0.4481711748203283,-11.260463492824805,-5.27876502550547,-0.18892317265643396
15.1,-1.1199842512712324,0.8252725251319886,-11.304656117782447,-5.330152824288378,-0.1889231726564335
15.108333333333333,-1.1115372446647935,1.2018876542034975,-11.349350912971174,-5.400089092849271,-0.18892317265643097
15.116666666666667,-1.0999548790005593,1.5777741972210826,-11.394722299014473,-5.493311790116592,-0.1889231726564393
15.125,-1.085241834945401,1.9533889284869776,-11.440983626801653,-5.614440732842141,-0.18892317265642677
15.133333333333333,-1.0673958034834161,2.329966058213723,-11.488386671718962,-5.768106755441055,-0.18892317265642056
15.141666666666666,-1.0464006474312089,2.7096071188604065,-11.53722257707157,-5.959172522071097,-0.1889231726564598
15.15,-1.0222186923064014,3.0954043642653053,-11.587825076138753,-6.193062401653491,-0.18892317265640307
15.158333333333333,-0.9947817444109833,3.491629105472905,-11.640577021269745,-6.476233408146649,-0.18892317265638187
15.166666666666666,-0.9639801140333049,3.904031700618573,-11.695921617963156,-6.8168465869306,-0.1889231726565453
15.174999999999999,-0.9296484307727484,4.340326986529627,-11.754380441924164,-7.2257474727952875,-0.18892317265628877
15.183333333333334,-0.8915462354052842,4.810989304175435,-11.816581558398369,-7.7179540659925,-0.18892317265617792
15.191666666666666,-0.8493299388792832,5.330578224929479,-11.883303347430484,-8.315020544346337,-0.18892317265701775
15.2,-0.8025101872945865,5.920008521540541,-11.955543939314252,-9.04897902094383,-0.18892317265558967
15.208333333333334,-0.7503837884272871,6.610569077302347,-12.034634510738831,-9.969240836357473,-0.1889231726547722
15.216666666666667,-0.6919197298204487,7.451284687965119,-12.122431302746312,-11.15522003663132,-0.18892317265947073
15.225,-0.6255601637740277,8.52258896945192,-12.221653797482277,-12.73990359013213,-0.18892317265587721
15.233333333333333,-0.5488688052863739,9.959366675426534,-12.336487715045939,-14.950165805317388,-0.1889231726728956
15.241666666666667,-0.45799797820360416,11.96027915742395,-12.473514968117737,-18.126437609504496,-0.18892317233461575
15.25,-0.3478892837328192,14.494681830223096,-12.641449753444432,-22.233339547078838,-0.18892317247852197
15.258333333333333,-0.21984516841775528,15.723893156341239,-12.8383831543463,-24.168362280739494,-0.18892317264885872
15.266666666666666,-0.09508395438468834,13.893593483080274,-13.028628884639312,-20.943397700653684,-0.18892317267977432
15.275,0.010753508319264186,11.593994116193462,-13.185851897575771,-16.936582198793044,-0.1889231725752224
15.283333333333333,0.09996796703826863,9.919750780887515,-13.31393828725257,-13.972581196489392,-0.18892317268461717
15.291666666666666,0.17748922148777543,8.75285902531779,-13.421012475531404,-11.832974293477914,-0.18892317265912772
15.299999999999999,0.24675356783008776,7.9140613895922,-13.512570737465943,-10.207449580791698,-0.1889231726631646
15.308333333333334,0.3099837006408113,7.290390706565983,-13.59201969735562,-8.902383213316039,-0.18892317265689368
15.316666666666666,0.36866848094651844,6.8145698223777345,-13.661511427869806,-7.8030891439392756,-0.1889231726587282
15.325,0.42385411865852074,6.445146395485724,-13.722445731816004,-6.83944850579721,-0.1889231726593708
15.333333333333334,0.4763076702754557,6.15522334007146,-13.77575368545672,-5.9668235774447576,-0.18892317265830438
15.341666666666667,0.5266102295946334,5.926320591659747,-13.822063333506673,-5.15591254050266,-0.1889231726586369
15.35,0.5752113925892539,5.744929853715347,-13.861802294303796,-4.387245487348023,-0.18892317265876896
15.358333333333333,0.6224615692392494,5.600498337142934,-13.895265639091631,-3.6480976873744027,-0.18892317265855596
15.366666666666667,0.6686311174727445,5.4842097434998305,-13.922663950556261,-2.930686025744387,-0.18892317265862227
15.375,0.7139214654564043,5.388243378639288,-13.944159492577638,-2.2310462522329715,-0.18892317265864828
15.383333333333333,0.7584714446475044,5.305345896823835,-13.95989463078375,-1.5482540762862254,-0.18892317265861375
15.391666666666666,0.8023610243245617,5.228624301942749,-13.970014486595948,-0.8837961740984025,-0.18892317265861933
15.4,0.8456140336789567,5.151501562665258,-13.974684581414696,-0.24098476573307712,-0.18892317265861797
15.408333333333333,0.888201025709147,5.067787426266953,-13.974103609698906,0.3756293658322785,-0.18892317265862443
15.416666666666666,0.9300430533390542,4.971818979976223,-13.968511300259191,0.9608458896567708,-0.18892317265861927
15.424999999999999,0.9710167522307509,4.858626553162933,-13.958191452802579,1.5093776251361302,-0.18892317265861702
15.433333333333334,1.010960772251145,4.7240856662702795,-13.943470533363387,2.0163470051290124,-0.18892317265862013
15.441666666666666,1.0496833124691083,4.565026241919237,-13.924712535316,2.4776811051553067,-0.1889231726586197
15.45,1.0869703316869124,4.3792842664044445,-13.902311044567387,2.8903860714917946,-0.18892317265862285
15.458333333333334,1.122593941893424,4.165694848096762,-13.876679524784809,3.2527015329557516,-0.1889231726586167
15.466666666666667,1.1563205288265592,3.924035747498232,-13.848240761491024,3.5641518469547098,-0.18892317265862002
15.475,1.187918243320969,3.6549352709823424,-13.817416221860887,3.825519575337336,-0.18892317265862474
15.483333333333333,1.2171636253711637,3.359758321424989,-13.78461586869663,4.03876698430353,-0.18892317265861708
15.491666666666667,1.2438472258374549,3.040481203003538,-13.750228771404812,4.206926076019716,-0.18892317265862038
15.5,1.2677781618883028,2.6995616784225027,-13.714614716461886,4.333970264487047,-0.1889231726586256
15.508333333333333,1.28878758171485,2.339807475079811,-13.678096938789778,4.42467439313302,-0.1889231726586169
15.516666666666666,1.3067310324026922,1.964244730966008,-13.640956057257352,4.484466078219329,-0.18892317265862038
15.525,1.3214897356452477,1.575987695493862,-13.603425277699829,4.519270599000089,-0.18892317265862507
15.533333333333333,1.3329707896481056,1.1781117354803627,-13.5656869036699,4.535352932746337,-0.1889231726586169
15.541666666666666,1.3411063364121112,0.7735325571670918,-13.52787015589624,4.539162795728338,-0.18892317265862044
15.549999999999999,1.345851759814223,0.3648949067295847,-13.490050243747115,4.537190553665702,-0.18892317265862313
15.558333333333334,1.3471830057159409,-0.04552646507131488,-13.452248561321689,4.535842912623999,-0.18892317265861755
15.566666666666666,1.3450931336307128,-0.45591209140205535,-13.414433806047509,4.5413472494682114,-0.18892317265861996
15.575,1.3395882141880566,-0.8649697629504635,-13.37652374696789,4.559692601406321,-0.18892317265861847
15.583333333333334,1.330682673787818,-1.2719958743095585,-13.33838730751301,4.596614290942707,-0.18892317265862105
15.591666666666667,1.3183941554612193,-1.6769312465774922,-13.29984657232614,4.657628602060919,-0.1889231726586194
15.6,1.3027379118214855,-2.0804191176260445,-13.260678272709283,4.748124552058033,-0.1889231726586066
15.608333333333333,1.2837206697122239,-2.483876028708638,-13.22061423743219,4.873522391343009,-0.1889231726586325
15.616666666666667,1.2613338007034993,-2.8895904408627033,-13.179340194697971,5.0395140350698675,-0.1889231726586174
15.625,1.2355454838401698,-3.3008701984879383,-13.136492145828523,5.252410846141683,-0.18892317265856484
15.633333333333333,1.2062913315226,-3.7222703627838705,-13.091649251816932,5.519642043892942,-0.18892317265868303
15.641666666666666,1.1734626186547001,-4.159950960199266,-13.044321695615274,5.850478157724593,-0.18892317265860933
15.65,1.1368907213493171,-4.622246389666618,-12.993931154620638,6.257109315833604,-0.18892317265836728
15.658333333333333,1.0963254692445583,-5.12058735181571,-12.93978005765029,6.756309357938913,-0.18892317265893932
15.666666666666666,1.0514035272462323,-5.671027454466519,-12.881003167464382,7.372107007390999,-0.18892317265856942
15.674999999999999,1.0016000299632317,-6.2968394175742,-12.816490165107883,8.140249798664996,-0.1889231726572318
15.683333333333334,0.9461513193843683,-7.033045056134461,-12.744758787118482,9.115934354929832,-0.18892317266005537
15.691666666666666,0.8839268915189155,-7.93438503794674,-12.663741358864378,10.387398840165998,-0.18892317265876918
15.7,0.8132143026337771,-9.088369902924622,-12.570422523773738,12.098304840419704,-0.18892317266882863
15.708333333333334,0.7313880292251048,-10.6267295934147,-12.460276157322493,14.467957072706177,-0.18892317255835378
15.716666666666667,0.6347097121039865,-12.650827970705974,-12.326914969060269,17.66626925819245,-0.18892317268175796
15.725,0.5205252683473502,-14.60383176162232,-12.16581052726027,20.74322598802661,-0.18892317279494075
15.733333333333333,0.3972417250435871,-14.529885789028505,-11.991345086032702,20.349167005224388,-0.18892317253074598
15.741666666666667,0.28330001813077293,-12.727563236852566,-11.835180020275484,16.972126128534253,-0.18892317249333312
15.75,0.18463130582314083,-11.032996046691396,-11.70779929087415,13.7254028854632,-0.18892317274088005
15.758333333333333,0.09805248797977244,-9.81911475664452,-11.60428469045938,11.231095973833012,-0.18892317265834763
15.766666666666666,0.019959687226478746,-8.973272832227767,-11.519076290773206,9.292232688477768,-0.18892317266424363
15.775,-0.05219029580775316,-8.37664861668,-11.4484426183845,7.7056521827468085,-0.18892317266088177
15.783333333333333,-0.1201235028611251,-7.951008599542627,-11.390041489248631,6.3393205046550625,-0.18892317266314013
15.791666666666666,-0.1850420954363289,-7.646501064615144,-11.342406004906357,5.111230360619846,-0.18892317266241165
15.799999999999999,-0.2478086259699608,-7.429936794735779,-11.304615054040653,3.969888095915225,-0.18892317266180475
15.808333333333334,-0.3090523955390794,-7.27763186523305,-11.27609166862398,2.8827870608399513,-0.18892317266228875
15.816666666666666,-0.369229821725839,-7.1712605990613,-11.256474106829247,1.8299981870785582,-0.18892317266215164
15.825,-0.4286581451101401,-7.095445239685585,-11.245527455083144,0.8005617651975907,-0.18892317266204633
15.833333333333334,-0.48753367835766365,-7.036373025019966,-11.24307853916491,-0.20966280972265441,-0.18892317266209546
15.841666666666667,-0.5459414503946286,-6.981070273585678,-11.248965437912549,-1.1994444773317232,-0.18892317266208009
15.85,-0.6038608111020887,-6.917133915226925,-11.262997696894008,-2.163353526981912,-0.1889231726621167
15.858333333333333,-0.6611702599490032,-6.832796065001606,-11.284926033103103,-3.092892783742507,-0.18892317266203545
15.866666666666667,-0.7176538516522739,-6.717221822178582,-11.314421674996481,-3.977686460017507,-0.188923172662056
15.875,-0.7730107163519967,-6.560942331409887,-11.35106588521395,-4.806729038391269,-0.18892317266211794
15.883333333333333,-0.8268684026881694,-6.356322450497746,-11.394349933300939,-5.569629711146415,-0.18892317266205866
15.891666666666666,-0.878799922251806,-6.097966149914629,-11.443685078555255,-6.257752432917577,-0.1889231726620771
15.9,-0.9283436206681929,-5.782977700172688,-11.4984212507268,-6.865147020801054,-0.1889231726620782
15.908333333333333,-0.9750244182198536,-5.411022388487009,-11.557872318327975,-7.389188064333436,-0.188923172662118
15.916666666666666,-1.018374627582016,-4.9841633243172945,-11.621345294439285,-7.830877503194068,-0.18892317266210987
15.924999999999999,-1.0579525061160238,-4.506485563437559,-11.68817065741757,-8.194814240586776,-0.18892317266205078
15.933333333333334,-1.0933569259485012,-3.9835493122877192,-11.75773119032974,-8.488880911041209,-0.18892317266214131
15.941666666666666,-1.124236987539592,-3.421734559301937,-11.829487326742704,-8.723735711823618,-0.18892317266211225
15.95,-1.150295959304111,-2.8275458481806637,-11.90299783002415,-8.912220078370613,-0.18892317266206304
15.958333333333334,-1.171289470779813,-2.206936751740017,-11.977935592876587,-9.068799030468545,-0.18892317266211067
15.966666666666667,-1.1870182969674021,-1.5646909950833023,-12.0540992935778,-9.20914362920093,-0.1889231726620869
15.975,-1.1973162514747697,-0.9038653104173097,-12.131422505366057,-9.34995257229122,-0.18892317266210568
15.983333333333333,-1.202033595790001,-0.22526172104814157,-12.20998263168516,-9.509104502718156,-0.1889231726620374
15.991666666666667,-1.201015929983802,0.47314566761948323,-12.290012849580513,-9.706248733463369,-0.18892317266203265
16.0,-1.1940776930407724,1.1969581693665083,-12.371921340339558,-9.963998602691078,-0.18892317266223624
16.008333333333333,-1.1809680189356366,1.9564835124978455,-12.456323916048891,-10.31001701276641,-0.18892317266177192
16.016666666666666,-1.1613244419644189,2.7685935220943363,-12.544099464689001,-10.780524059767737,-0.18892317266179834
16.025,-1.1346062402231634,3.659869337646891,-12.636483636270297,-11.426168085646141,-0.18892317266267233
16.03333333333333,-1.0999934658106163,4.671830658695365,-12.735226188388447,-12.321695846207184,-0.18892317266204828
16.041666666666668,-1.0562321543692021,5.868453125649633,-12.842848316315301,-13.580069265510625,-0.18892317266265185
16.05,-1.0014252120742146,7.338799708684372,-12.96300831839399,-15.359634853214125,-0.18892317262638908
16.058333333333334,-0.9329759817712443,9.138312202794724,-13.100640800849012,-17.769780657310726,-0.1889231727452349
16.066666666666666,-0.8490563233012565,10.916565922794348,-13.259556402141893,-20.24348571282306,-0.18892317278296694
16.075,-0.7547909437290388,11.375327736924671,-13.431992302153079,-20.597663228599085,-0.18892317264949343
16.083333333333332,-0.6641791542978611,10.216775078486366,-13.595137087145075,-18.30768914141887,-0.18892317268126135
16.091666666666665,-0.5851387052115237,8.78607204346043,-13.736197833450145,-15.607152112687505,-0.18892317257793445
16.1,-0.5168556304051767,7.6591039305668875,-13.856773713728261,-13.425989124463326,-0.18892317267915093
16.108333333333334,-0.4566271850821978,6.840259882284744,-13.961356198168763,-11.74394520674939,-0.18892317266423642
16.116666666666667,-0.40222137133903574,6.248975242923542,-14.053467826122578,-10.409616738986179,-0.1889231726655878
16.125,-0.3520256222912102,5.821136808670859,-14.135484844509712,-9.305216185463063,-0.1889231726636826
16.133333333333333,-0.3048681591221263,5.514119359378239,-14.20897149866263,-8.35169139069807,-0.18892317266417552
16.141666666666666,-0.2598660851665875,5.300122431420959,-14.274950137245316,-7.49605114026361,-0.18892317266464276
16.15,-0.21632619203573145,5.160687984435761,-14.334074695368852,-6.701586989477114,-0.18892317266403352
16.15833333333333,-0.1736829326490597,5.083178082525024,-14.386739087213995,-5.941840361197973,-0.18892317266418565
16.166666666666668,-0.13145980627308307,5.058569808733302,-14.43314648785548,-5.19704810327613,-0.18892317266431372
16.175,-0.08924558131174874,5.080028490988522,-14.473355773752797,-4.4520889511000465,-0.18892317266414912
16.183333333333334,-0.046680370835112825,5.141928734757839,-14.507314966510261,-3.6953449826968887,-0.18892317266418854
16.191666666666666,-0.0034486870897659796,5.239135809609646,-14.534887763973055,-2.9181381884567594,-0.18892317266423125
16.2,0.04072223225733179,5.366447760805108,-14.555877022768694,-2.1145344818115617,-0.18892317266418424
16.208333333333332,0.08605994918095071,5.5181536109177936,-14.570047626394064,-1.2813711895180488,-0.18892317266418798
16.216666666666665,0.1327411121095722,5.687698701193316,-14.577150100231327,-0.41839024248548123,-0.1889231726641858
16.225,0.18088344052501873,5.867470132943389,-14.576945399498907,0.47163092687488195,-0.18892317266420425
16.233333333333334,0.23053649809726726,6.048724288262873,-14.569230430635237,1.3828494872261998,-0.18892317266418862
16.241666666666667,0.28167251984972136,6.221674228684205,-14.553863117469147,2.3065069993107508,-0.18892317266414196
16.25,0.3341786483877664,6.375739079386757,-14.530785303566653,3.2313026382426324,-0.18892317266421366
16.258333333333333,0.38785186276302164,6.499935783975986,-14.500041601370473,4.143988730566521,-0.1889231726641899
16.266666666666666,0.44239763441992486,6.583374139461003,-14.461792490635037,5.030145371152531,-0.18892317266412584
16.275,0.49743296919226593,6.615806036658792,-14.416320451071305,5.875065157096309,-0.18892317266420913
16.28333333333333,0.5524940839797104,6.588181150537264,-14.364028517665588,6.664675734285317,-0.188923172664191
16.291666666666668,0.6070485988616695,6.493168892034618,-14.305431202887295,7.386440675946843,-0.18892317266414832
16.3,0.6605118168486491,6.3256117212706595,-14.241138161710483,8.030193495207339,-0.18892317266419795
16.308333333333334,0.7122663678190132,6.082872384623859,-14.17183133002537,8.588862390647607,-0.18892317266419148
16.316666666666666,0.761684149082494,5.765029689466654,-14.098236656401125,9.059033167237153,-0.18892317266421557
16.325,0.80814909502081,5.374873970678336,-14.021092036955155,9.441286672305427,-0.18892317266416828
16.333333333333332,0.8510789380249755,4.917665482802457,-13.941113586931063,9.74025278942828,-0.1889231726641913
16.341666666666665,0.8899439355347395,4.400650456954788,-13.858962746148293,9.964356448851191,-0.1889231726642678
16.35,0.924280671093552,3.832372769036901,-13.77521669551056,10.125287576084178,-0.1889231726641543
16.358333333333334,0.9536995238557147,3.221857767816915,-13.690344037256995,10.237287735676164,-0.188923172664193
16.366666666666667,0.9778851317075968,2.5777626428013702,-13.604686719505299,10.316389657125942,-0.18892317266422562
16.375,0.9965899354005777,1.9075771255983198,-13.518447972043427,10.379759559882263,-0.18892317266418565
16.383333333333333,1.0096214551101041,1.2169226560903212,-13.431684809721379,10.445279592703804,-0.18892317266419756
16.391666666666666,1.016824147172581,0.508947380020509,-13.344302609459763,10.531485355238152,-0.18892317266409694
16.4,1.0180564320026022,-0.216242650860281,-13.25604836398141,10.65796453627011,-0.18892317266428124
16.40833333333333,1.0131627328738313,-0.9622382854808119,-13.16649824272787,10.846352938616253,-0.18892317266421135
16.416666666666668,1.0019390297404578,-1.73727153508003,-13.075033594936505,11.122165995621339,-0.18892317266361716
16.425,0.9840882349230695,-2.5557862016493442,-12.980796709704299,11.517932484441209,-0.18892317266475667
16.433333333333334,0.9591579525399454,-3.441224824513577,-12.882612039793475,12.07856315792055,-0.1889231726642998
16.441666666666666,0.9264464392584494,-4.4311124622833455,-12.778847424702922,12.870800449603697,-0.18892317266096548
16.45,0.8848503521524452,-5.586337857285871,-12.667168342577662,14.000167718550967,-0.1889231726645631
16.458333333333332,0.832609703086919,-7.006684824873924,-12.544104141882304,15.639567277577262,-0.18892317266506364
16.466666666666665,0.7669184842037741,-8.842552313363035,-12.404357257316237,18.054409601635566,-0.18892317284892302
16.475,0.6837870031165042,-11.174524780903523,-12.240469567664679,21.410470374927694,-0.18892317255090463
16.483333333333334,0.5815167263000713,-13.109882102818803,-12.048504303659577,24.250482991216472,-0.18892317273555193
16.491666666666667,0.4729871047175413,-12.468054118031095,-11.848817904724024,22.908545140127355,-0.18892317265697356
16.5,0.37761694451060906,-10.399052525775243,-11.672905543496409,19.290650998751936,-0.18892317291554195
16.508333333333333,0.2986217484603212,-8.649898547827396,-11.525360317703722,16.277724726798525,-0.1889231726352551
16.516666666666666,0.23207240437100557,-7.392098866410047,-11.399248660975573,14.10695664971661,-0.18892317266660025
16.525,0.1744615099421339,-6.481090976898891,-11.28866098842962,12.509470399137799,-0.1889231726633298
16.53333333333333,0.12341652747986365,-5.8011476321593864,-11.189747957430775,11.278086085799988,-0.18892317266638015
16.541666666666668,0.07733588801868148,-5.280441867522288,-11.100036149005897,10.28470027799892,-0.1889231726659269
16.55,0.035090562999723636,-4.8749556030548735,-11.017898039653792,9.449985743850188,-0.18892317266450104
16.558333333333334,-0.004155534854917611,-4.556959680205787,-10.94223929548439,8.722756167873975,-0.18892317266531672
16.566666666666666,-0.04105111048142746,-4.3083996438253465,-10.87231733262629,8.068370663322243,-0.18892317266522546
16.575,-0.07612102800913574,-4.117139766471732,-10.80763283216697,7.462297744868868,-0.18892317266494063
16.583333333333332,-0.10980565389962385,-3.9747530922520515,-10.747862075459873,6.88647333400563,-0.1889231726651219
16.591666666666665,-0.14248562666093176,-3.875150038829737,-10.69281257004584,6.327207135940184,-0.18892317266510583
16.6,-0.1744973154510478,-3.8136704565638615,-10.642392058749222,5.77398715566278,-0.18892317266503178
16.608333333333334,-0.2061419061715867,-3.786438181778498,-10.596585030610472,5.218831876770181,-0.18892317266507835
16.616666666666667,-0.2376898102712053,-3.7898716155473116,-10.55543308201269,4.655987812610496,-0.188923172665078
16.625,-0.26938145385152856,-3.820299319803457,-10.519016833260395,4.0818397653789225,-0.18892317266505984
16.633333333333333,-0.3014252379151026,-3.8736651860258866,-10.487438073666594,3.4949293810520863,-0.18892317266506475
16.641666666666666,-0.3339934361064405,-3.9453309068132776,-10.4608016343371,2.8959863360744684,-0.18892317266506697
16.65,-0.3672169184296467,-4.02999533151169,-10.43919726500782,2.2878819566249744,-0.18892317266507005
16.65833333333333,-0.4011797573119058,-4.121749086708114,-10.422682489293372,1.6754305101414495,-0.18892317266505915
16.666666666666668,-0.4359148718036214,-4.2142677363218475,-10.411267909474429,1.064996973016301,-0.18892317266506115
16.675,-0.4714017909785598,-4.301121086831275,-10.404906573478625,0.4639206323229689,-0.1889231726650683
16.683333333333334,-0.5075673136144676,-4.376148709890956,-10.403488705493002,-0.12018088285031553,-0.1889231726650606
16.691666666666666,-0.5442893399382157,-4.433833789387722,-10.406842376990644,-0.680121868821205,-0.1889231726650636
16.7,-0.5814035721147756,-4.4696075678522895,-10.414739752091307,-1.209758038616947,-0.18892317266506164
16.708333333333332,-0.6187122838344705,-4.480035732552591,-10.426907663863307,-1.7044050091027045,-0.18892317266506742
16.716666666666665,-0.6559940766687254,-4.462868526427463,-10.443040717949147,-2.161023966737038,-0.18892317266506758
16.725,-0.6930135197223329,-4.4169668070831225,-10.46281499468239,-2.5781853371984496,-0.18892317266505923
16.733333333333334,-0.7295297676288653,-4.342137438469928,-10.485900689516365,-2.955860947062733,-0.1889231726650681
16.741666666666667,-0.765303573581031,-4.238919703424778,-10.51197254496043,-3.295113770195079,-0.1889231726650673
16.75,-0.8001024564018453,-4.108361716316987,-10.540717510691598,-3.597753450978858,-0.1889231726650616
16.758333333333333,-0.8337040702070013,-3.951816692893701,-10.571839587043648,-3.8660124805734557,-0.18892317266506548
16.766666666666666,-0.8658980283006984,-3.7707779601693554,-10.605062190546883,-4.102279965371317,-0.18892317266506498
16.775,-0.8964865478605575,-3.566761736476548,-10.640128615148056,-4.308912882849088,-0.18892317266506398
16.78333333333333,-0.9252843240278432,-3.341239146205245,-10.676801269049296,-4.488131082739919,-0.1889231726650638
16.791666666666668,-0.9521180304827048,-3.0956135521375088,-10.714860375278874,-4.641992283778569,-0.1889231726650643
16.8,-0.9768257940893533,-2.831235440113574,-10.754102761008184,-4.7724360321243875,-0.1889231726650666
16.808333333333334,-0.9992569137802255,-2.549444159710003,-10.794341244509535,-4.88138000748113,-0.18892317266506403
16.816666666666666,-1.0192719948192674,-2.251623567806374,-10.835404971172625,-4.970847699172568,-0.1889231726650647
16.825,-1.0367435551815762,-1.9392572599463533,-10.877140861931865,-5.043103603186061,-0.18892317266506553
16.833333333333332,-1.05155704060163,-1.6139691517185626,-10.919416134605534,-5.10077158793162,-0.18892317266506445
16.841666666666665,-1.0636120732874712,-1.277537236788443,-10.96212166498296,-5.146914922472336,-0.18892317266506498
16.85,-1.0728236739983272,-0.9318725616410467,-11.005175800347418,-5.185063094473203,-0.18892317266506342
16.858333333333334,-1.079123154450749,-0.5789613148722197,-11.048528153305876,-5.219180347481105,-0.18892317266506548
16.866666666666667,-1.0824583860561137,-0.22077425725092298,-11.0921629080948,-5.253582081231248,-0.1889231726650654
16.875,-1.0827932094728479,0.14084699714751053,-11.136101266799615,-5.292815460706609,-0.18892317266506403
16.883333333333333,-1.080105842824447,0.5043144276685876,-11.1804028309531,-5.341527529501208,-0.18892317266506486
16.891666666666666,-1.0743862515362792,0.868416497992918,-11.225165921616664,-5.404346589018074,-0.1889231726650634
16.9,-1.0656325342770445,1.232430235576576,-11.27052705071041,-5.485800774133143,-0.18892317266506725
16.90833333333333,-1.0538464364184401,1.596218352348418,-11.316659937583863,-5.5902930854091455,-0.1889231726650597
16.916666666666668,-1.0390281117566709,1.9603134070110948,-11.363774602769384,-5.722146813512267,-0.18892317266505565
16.925,-1.021170209982742,2.3259973885236347,-11.412117169814668,-5.885731630053162,-0.18892317266508105
16.933333333333334,-1.00025127101721,2.6953914958989538,-11.46197108886471,-6.085680728709928,-0.18892317266504588
16.941666666666666,-0.9762282557989057,3.071577911678968,-11.513660601942364,-6.3272152809668105,-0.18892317266503222
16.95,-0.9490278251246662,3.4587846792488266,-11.567557457543005,-6.616606642300841,-0.18892317266513264
16.958333333333332,-0.918535662638239,3.862679586744777,-11.624092236507119,-6.961833561853916,-0.18892317266498096
16.966666666666665,-0.884582657467116,4.29084509841421,-11.683772309457297,-7.373539801031488,-0.18892317266491698
16.975,-0.8469259802134425,4.753555081539886,-11.747209652185047,-7.866485101186904,-0.1889231726653921
16.983333333333334,-0.8052217318608657,5.26506800850225,-11.815163966632632,-8.461847548504664,-0.18892317266461373
16.991666666666667,-0.7589833679311048,5.845838164256214,-11.888610737104262,-9.19106038466342,-0.18892317266418535
17.0,-0.7075153538488582,6.526428021607701,-11.968851976051232,-10.102529677135253,-0.18892317266701653
17.008333333333333,-0.6498021051092441,7.354685404086767,-12.05770365907815,-11.273945766571966,-0.18892317266249808
17.016666666666666,-0.5843137463337058,8.409176825000323,-12.157826210740428,-12.835454382558746,-0.18892317266099617
17.025,-0.5086598686927234,9.822591398011824,-12.273318921851814,-15.010605099052208,-0.1889231726313803
17.03333333333333,-0.41904084079740805,11.797973555566362,-12.41067756985359,-18.14786988027262,-0.18892317290518557
17.041666666666668,-0.31024040210037074,14.365826831643217,-12.578888924886225,-22.317772144238052,-0.18892317262979486
17.05,-0.18241847908845996,15.82309185261302,-12.778030057048642,-24.65676506493519,-0.18892317274664416
17.058333333333334,-0.05630077533615267,14.065086276086502,-12.973376948296556,-21.58906848494199,-0.18892317268018022
17.066666666666666,0.05057779184827986,11.668260270401815,-13.13552332025084,-17.467845252497295,-0.188923172801869
17.075,0.14004012655461523,9.909760717919763,-13.267658865285114,-14.42280505767743,-0.1889231726549665
17.083333333333332,0.2172130682900794,8.682216955100829,-13.378323381776665,-12.250793075166253,-0.18892317267012948
17.091666666666665,0.28568408452016736,7.795800959415972,-13.473337429344461,-10.62286415346356,-0.18892317266207026
17.1,0.3477541957392292,7.130970244020432,-13.55630603255048,-9.334237314330974,-0.18892317266632125
17.108333333333334,0.40495031564918227,6.617038595720476,-13.629512076620598,-8.264567198718195,-0.1889231726660981
17.116666666666667,0.4583359442711342,6.210798671902372,-13.694451675115271,-7.340780770181388,-0.18892317266451808
17.125,0.5086848360241423,5.884481428372044,-13.752133561471288,-6.516555837486535,-0.18892317266530545
17.133333333333333,0.5565798652433549,5.619259111404542,-13.803252088119107,-5.761469152715504,-0.18892317266528003
17.141666666666666,0.6024710705591007,5.401630985560899,-13.848292827059282,-5.055122385350351,-0.18892317266498765
17.15,0.6467105379184559,5.2213225018727885,-13.887601112869342,-4.383847724374337,-0.18892317266514558
17.15833333333333,0.6895735680804547,5.070016101453239,-13.921429438000734,-3.7387861176551045,-0.1889231726651444
17.166666666666668,0.7312714644267099,4.940569205264822,-13.94997223742813,-3.1147065983151467,-0.18892317266508035
17.175,0.7719591786171436,4.826540957987837,-13.973392649425376,-2.509218112176242,-0.18892317266511147
17.183333333333334,0.8117399466838515,4.72193127852909,-13.991843611539869,-1.922173039404707,-0.18892317266511072
17.191666666666666,0.850668427378702,4.621074546114274,-14.005484363160715,-1.3551474435539663,-0.18892317266510214
17.2,0.888753450960858,4.51864600487592,-14.014492719749263,-0.8109402528950935,-0.18892317266510278
17.208333333333332,0.9259611599978754,4.409743226367305,-14.019073185152488,-0.29307540334872795,-0.1889231726651036
17.216666666666665,0.9622190124675873,4.2900054694604,-14.019460967364141,0.19467940509886594,-0.18892317266510378
17.225,0.9974208138864411,4.155735808206771,-14.015922155021357,0.6487472479740103,-0.18892317266510364
17.233333333333334,1.031432675244232,4.003997147148208,-14.008750582526645,1.066097214718815,-0.18892317266510536
17.241666666666667,1.0640995938042457,3.8326636193082093,-13.99826215098211,1.444497153314874,-0.18892317266510208
17.25,1.0952522503798818,3.640421098145944,-13.984787500083732,1.7826570307661975,-0.188923172665106
17.258333333333333,1.1247136121966244,3.426721565227548,-13.968663911423054,2.080272929360057,-0.18892317266510664
17.266666666666666,1.1523050036354974,3.191703415534618,-13.950227184395299,2.3379940058495325,-0.18892317266510245
17.275,1.177851422382759,2.9360925141250998,-13.929804013170465,2.5573399015243488,-0.18892317266510622
17.28333333333333,1.2011859989037237,2.6610975226430242,-13.907705166986664,2.7405944074394015,-0.18892317266510653
17.291666666666668,1.2221535950632705,2.368309200231811,-13.884219585081134,2.890694869127387,-0.18892317266510344
17.3,1.2406135993026122,2.0596087462356367,-13.859609368789359,3.0111286758835534,-0.18892317266510528
17.308333333333334,1.2564420001553396,1.7370861361853407,-13.83410559132049,3.1058406287403493,-0.18892317266510614
17.316666666666666,1.2695328150084628,1.4029665773714421,-13.807904838590646,3.1791495267318197,-0.18892317266510358
17.325,1.2797989288917027,1.0595418939923018,-13.781166421822974,3.235669522241481,-0.18892317266510558
17.333333333333332,1.2871723707353677,0.7091036606305156,-13.754010242449755,3.2802315125604444,-0.1889231726651059
17.341666666666665,1.2916040314084534,0.35387582698263226,-13.726515323618917,3.3178014486043503,-0.18892317266510336
17.35,1.2930628145545535,-0.004054067390673396,-13.698719037766272,3.3533951572034875,-0.1889231726651053
17.358333333333334,1.2915342094634745,-0.36280464923812644,-13.670617050413682,3.3919923067605176,-0.18892317266510536
17.366666666666667,1.287018283305333,-0.7207700178115267,-13.642163966725967,3.438454862621444,-0.18892317266510444
17.375,1.2795271040533767,-1.0766867676851983,-13.61327461391956,3.497457369836193,-0.18892317266510478
17.383333333333333,1.2690816201494497,-1.4296971378804313,-13.583825826231406,3.5734375110266514,-0.18892317266510356
17.391666666666666,1.2557080329330643,-1.779407590310404,-13.55365852697845,3.670575700412384,-0.18892317266510625
17.4,1.2394336978318976,-2.125943616502962,-13.522579829810043,3.7928122862828517,-0.18892317266510267
17.40833333333333,1.2202825754457265,-2.4700036363649795,-13.49036481089666,3.943910720804423,-0.1889231726650973
17.416666666666668,1.1982702191076555,-2.812917528786963,-13.456757533101454,4.127575476849596,-0.18892317266511482
17.425,1.1733982255055704,-3.1567188177070804,-13.42147082335039,4.347635435840608,-0.18892317266509456
17.433333333333334,1.1456479810482425,-3.504244298618581,-13.384184197842659,4.60830819808816,-0.18892317266507913
17.441666666666666,1.1149733946926519,-3.859281881503266,-13.344539165790678,4.914570216841603,-0.18892317266514985
17.45,1.0812920925173501,-4.226798477808516,-13.30213086936228,5.272675091866457,-0.18892317266505987
17.458333333333332,1.044474213591264,-4.613298368350102,-13.256494546766532,5.690893697727961,-0.18892317266499417
17.466666666666665,1.0043274025548767,-5.027395438488843,-13.207084479018858,6.180606433911117,-0.18892317266531466
17.475,0.9605756725872495,-5.480743452153326,-13.153241604546642,6.757982526743707,-0.18892317266487604
17.483333333333334,0.9128281800309997,-5.9895847086853795,-13.094143287336351,7.446680920313408,-0.1889231726645043
17.491666666666667,0.8605309386106199,-6.577405844068708,-13.028723653789719,8.282399757392614,-0.18892317266628655
17.5,0.8028887519660377,-7.2796425596303305,-12.955543133764813,9.320882867056689,-0.18892317266383796
17.508333333333333,0.7387335964575017,-8.152218738010268,-12.872566878099722,10.652462425559603,-0.18892317266201286
17.516666666666666,0.666296332498064,-9.286679725098455,-12.776778045179867,12.427996808437708,-0.18892317265812414
17.525,0.5828247177354109,-10.830092940642107,-12.663525565249536,14.893659170204435,-0.1889231727245232
17.53333333333333,0.48417950481305483,-12.94349352054087,-12.5258191658964,18.323284092120332,-0.1889231729030285
17.541666666666668,0.36645957228346604,-15.198549900883277,-12.357046112137192,21.994206875435637,-0.18892317237041567
17.55,0.23707771556736795,-15.30833403834012,-12.16983121883016,22.00715553213841,-0.18892317266124004
17.558333333333334,0.1176326563575828,-13.240518933160635,-12.001065646277311,18.29135414652807,-0.18892317261862257
17.566666666666666,0.015832380490267476,-11.288741055095091,-11.864107804490228,14.736046498692442,-0.18892317277735782
17.575,-0.07212807830816281,-9.906328692476043,-11.752866763001087,12.095970260007118,-0.18892317267991326
17.583333333333332,-0.1504290844260249,-8.941744271554052,-11.660708224169715,10.10692709983377,-0.18892317267001757
17.591666666666665,-0.22191431900627154,-8.251609128472007,-11.583298825581853,8.524011642853672,-0.18892317267181036
17.6,-0.2884655606367649,-7.746071383027102,-11.517940595286216,7.195314901176751,-0.18892317266770886
17.608333333333334,-0.3513731124982502,-7.369902908499633,-11.462928983668942,6.028990929395686,-0.18892317266924263
17.616666666666667,-0.41155702275069983,-7.087602323117449,-11.417166403071523,4.96810156570788,-0.18892317266948777
17.625,-0.46969246845959745,-6.874862492362673,-11.379935838912635,3.976563602042541,-0.18892317266875852
17.633333333333333,-0.5262812855535901,-6.713801356615632,-11.350761972463046,3.0315330085346304,-0.1889231726690414
17.641666666666666,-0.5816931253284955,-6.590236507725998,-11.329320110102698,2.119182021738308,-0.18892317266909053
17.65,-0.6361890920770288,-6.49210178908486,-11.315372144435788,1.2322422093338583,-0.188923172668965
17.65833333333333,-0.6899352543833577,-6.408546878494164,-11.308718801027627,0.36844906735992083,-0.18892317266900036
17.666666666666668,-0.7430106184735736,-6.32947955145237,-11.309162818897692,-0.4705839532627375,-0.18892317266899444
17.675,-0.7954126337055137,-6.245413094490693,-11.316480672116114,-1.2803196954827336,-0.188923172669014
17.683333333333334,-0.8470623656263115,-6.147525402863213,-11.330402004057621,-2.0542070467422584,-0.18892317266899136
17.691666666666666,-0.8978107728284825,-6.027852571654417,-11.350596621645305,-2.7845868027253853,-0.18892317266897649
17.7,-0.9474469100571995,-5.8795462912441625,-11.376668980329141,-3.4635775923543863,-0.18892317266901118
17.708333333333332,-0.9957083175142041,-5.697131330105024,-11.4081598120634,-4.0838952423640675,-0.18892317266899555
17.716666666666665,-1.0422933702795865,-5.476711034032236,-11.444554114480239,-4.6395514894895244,-0.18892317266899566
17.725,-1.0868749920726752,-5.216084699719943,-11.485294300155863,-5.126387736211772,-0.1889231726689937
17.733333333333334,-1.1291149089931245,-4.914758081988567,-11.529797011372992,-5.542418575883747,-0.18892317266900283
17.741666666666667,-1.1686775309782051,-4.573844253867842,-11.577471982840484,-5.887980675132829,-0.18892317266901854
17.75,-1.2052425815932617,-4.195864921368797,-11.62774137630704,-6.165700716527909,-0.1889231726689832
17.758333333333333,-1.238515722756301,-3.7844717746395613,-11.680058185906725,-6.380309954540004,-0.18892317266900685
17.766666666666666,-1.2682366124819617,-3.344113726422842,-11.733922586036147,-6.538342701484271,-0.18892317266902406
17.775,-1.2941840642096616,-2.8796789473875615,-11.788895432166035,-6.647762065648649,-0.18892317266898462
17.78333333333333,-1.3161782179175485,-2.3961401759239407,-11.844608497558903,-6.71755835277409,-0.18892317266900588
17.791666666666668,-1.3340798560742755,-1.898227719399972,-11.900771401433884,-6.757363436031864,-0.18892317266901432
17.8,-1.3477871726936124,-1.3901473280848289,-11.957175522460178,-6.777118425663119,-0.188923172668993
17.808333333333334,-1.3572304091566638,-0.8753508318744045,-12.013695468160874,-6.786823451791693,-0.1889231726690026
17.816666666666666,-1.3623647948637576,-0.3563575163790225,-12.07028887318084,-6.796389450622876,-0.18892317266899913
17.825,-1.3631621743054143,0.16538512995593996,-12.126995434135667,-6.815604941012773,-0.1889231726690054
17.833333333333332,-1.3596015721155301,0.6896209746832576,-12.183936182362565,-6.8542281559154015,-0.18892317266899764
17.841666666666665,-1.351658751238042,1.2174125935230353,-12.241314092580714,-6.922218595346268,-0.18892317266897202
17.85,-1.3392945544326247,1.751312916403122,-12.299417287130822,-7.030134419132374,-0.18892317266903952
17.858333333333334,-1.32244146405682,2.295631015888845,-12.358626408204099,-7.189746832218076,-0.18892317266898026
17.866666666666667,-1.3009873131659624,2.8568648495384856,-12.419428323841728,-7.414966848966307,-0.1889231726688676
17.875,-1.2747543181779672,3.4444153630319008,-12.482439421386387,-7.723257388042635,-0.18892317266919573
17.883333333333333,-1.2434703654138084,4.071772103947207,-12.548443699220854,-8.137840331000174,-0.188923172668901
17.891666666666666,-1.2067273904883775,4.758494728004064,-12.61845435236274,-8.691246471924535,-0.18892317266837086
17.9,-1.1639181506800835,5.533527749942878,-12.693813597427388,-9.4311354266319,-0.18892317266957537
17.90833333333333,-1.1141372935827163,6.440570643045249,-12.77635490522508,-10.429664510807942,-0.188923172669285
17.916666666666668,-1.0560285890041252,7.545338480083758,-12.868659426971579,-11.796269344409815,-0.18892317267616962
17.925,-0.987586896386755,8.935687965287768,-12.97439487781252,-13.678829657967473,-0.1889231726160706
17.933333333333334,-0.9061659907747376,10.650606128503664,-13.098315337589554,-16.144495488697974,-0.18892317268871756
17.941666666666666,-0.8101785439859182,12.28594213994219,-13.243387992407825,-18.507107170620767,-0.18892317279352988
17.95,-0.7052428713851204,12.583536654430018,-13.400284888621462,-18.613133874135283,-0.1889231724996857
17.958333333333332,-0.6046510933693785,11.43101978109371,-13.54644805402406,-16.24631923218506,-0.18892317263369507
17.966666666666665,-0.5151271298654034,10.091404736348476,-13.670293696082242,-13.532241439454792,-0.18892317273848191
17.975,-0.4355750769701715,9.056731895202919,-13.77335361550973,-11.287239803553955,-0.1889231726665636
17.983333333333334,-0.3633487271408407,8.320731600317394,-13.859658238629669,-9.488250808152536,-0.18892317267180792
17.991666666666667,-0.29628533847331157,7.805380399560345,-13.93233970870932,-7.996087649497593,-0.18892317267122538
18.0,-0.23282097083755768,7.4484147614897145,-13.993471376494742,-6.701336723194642,-0.1889231726720208
18.008333333333333,-0.17182441525793773,7.207332568856567,-14.04436947177753,-5.530088950590221,-0.1889231726721608
18.016666666666666,-0.11245836569765666,7.053057258593543,-14.085844479773302,-4.433152082640554,-0.18892317267141917
18.025,-0.05409085911379911,6.964670488997431,-14.118369198035557,-3.377563777667926,-0.18892317267177455
18.03333333333333,0.0037572321232497473,6.925956533509627,-14.14219045180709,-2.3414069960798054,-0.18892317267180542
18.041666666666668,0.06144155420541116,6.923207241967847,-14.157407592886582,-1.310841378753197,-0.1889231726716299
18.05,0.11920891692549526,6.943827973656938,-14.164032197290144,-0.27843614599374955,-0.18892317267169595
18.058333333333334,0.177202682577689,6.975479002637327,-14.162037120561777,0.757796693233634,-0.18892317267168063
18.066666666666666,0.23546273349906283,7.005618016606617,-14.151398995233947,1.7950628124446162,-0.18892317267172054
18.075,0.2939230612574537,7.021379368710087,-14.13213554016073,2.82640657549154,-0.18892317267165284
18.083333333333332,0.3524096178197136,7.009751668025605,-14.104337219647313,3.841468571602268,-0.1889231726715971
18.091666666666665,0.4106407470374497,6.95801077433361,-14.068191664699938,4.827474124872534,-0.18892317267176123
18.1,0.46823206981210086,6.854342256848645,-14.023998821346721,5.770465718541377,-0.18892317267164455
18.108333333333334,0.5247070247456568,6.6885580619380045,-13.972175012095718,6.656714822931886,-0.18892317267160538
18.116666666666667,0.5795133660783617,6.452788522322787,-13.913244908021499,7.4741865444536755,-0.18892317267171144
18.125,0.6320448837007112,6.142022973114727,-13.84782162987488,8.213896160649416,-0.1889231726716875
18.133333333333333,0.6816665960180328,5.754386226600513,-13.776576556810078,8.87099843779318,-0.18892317267171252
18.141666666666666,0.7277408641958187,5.291074551180713,-13.700201606701143,9.445490400853618,-0.1889231726716214
18.15,0.7696514518377273,4.755927470573473,-13.619367466570655,9.94247974110597,-0.18892317267172876
18.15833333333333,0.8068225942606553,4.154667959654243,-13.534681283723812,10.37206050710675,-0.18892317267176134
18.166666666666668,0.8387306079731305,3.493886806743289,-13.446646602701177,10.748927017301567,-0.18892317267162229
18.175,0.8649062869390934,2.7798613630393585,-13.355626920746621,11.091930633407843,-0.18892317267170258
18.183333333333334,0.8849270115266513,2.0172745633357487,-13.261812291943153,11.423838339149727,-0.18892317267163639
18.191666666666666,0.8983977959819164,1.2078330161728217,-13.165186050295253,11.771602392075556,-0.18892317267180592
18.2,0.9049200513378317,0.3486690430790898,-13.065485829997026,12.167536764646776,-0.18892317267154984
18.208333333333332,0.9040451968764157,-0.5697659948895323,-12.96214906040922,12.651991221366337,-0.18892317267107078
18.216666666666665,0.8952067220356312,-1.566895425258477,-12.85422663656417,13.278537778810719,-0.18892317267266723
18.225,0.8776177084245786,-2.677332907639302,-12.74023694243252,14.123495234596108,-0.18892317267106085
18.233333333333334,0.8501100157149749,-3.9598196061961617,-12.617912698626292,15.30264439034891,-0.18892317267098313
18.241666666666667,0.8108828361209404,-5.509330279946767,-12.483773592937979,16.995404788391507,-0.188923172645385
18.25,0.7571986515467665,-7.447769600570166,-12.332561606575402,19.437660866904263,-0.18892317275014037
18.258333333333333,0.6857753882513772,-9.701246136390193,-12.157748967426311,22.561569340716996,-0.18892317268423464
18.266666666666666,0.5978708526047296,-11.053545559222181,-11.959873954060267,24.394267180338186,-0.18892317267058267
18.275,0.5086719483730188,-10.019249893561716,-11.762475461040616,22.456002268700676,-0.18892317266905512
18.28333333333333,0.43314664129045166,-8.116446503704037,-11.588886918147283,19.245216096160807,-0.18892317246891588
18.291666666666668,0.37240548432531095,-6.535288410434883,-11.439778017823922,16.675728745753858,-0.18892317270004377
18.3,0.3231063819364559,-5.35368979683543,-11.308964629074977,14.819524018077235,-0.1889231726736738
18.308333333333334,0.282387009928768,-4.457833816706159,-11.191422984044893,13.456505485221737,-0.18892317267628916
18.316666666666666,0.24827152283895307,-3.75664512569012,-11.083789940314979,12.41941690247168,-0.1889231726728619
18.325,0.21939928935489258,-3.1918678946594654,-10.98382484955366,11.60242032136574,-0.18892317267349784
18.333333333333332,0.1947977733561065,-2.72685590346452,-10.88999251585671,10.938722968022473,-0.18892317267421052
18.341666666666665,0.17374069535032863,-2.3380612009492037,-10.801209219343122,10.384766659819153,-0.1889231726733704
18.35,0.1556619917015897,-2.009944164284261,-10.716691109952215,9.910998373625954,-0.18892317267353265
18.358333333333334,0.14010253855279992,-1.7320051113218902,-10.635861592021028,9.496567318080269,-0.18892317267369022
18.366666666666667,0.126676130475151,-1.4970167219541197,-10.558292894447508,9.12621070911403,-0.18892317267349884
18.375,0.11504709937339029,-1.2999347072540035,-10.483667988625546,8.788369875513089,-0.18892317267353978
18.383333333333333,0.10491523815040142,-1.137198995841485,-10.411754975102722,8.474019471523462,-0.18892317267358272
18.391666666666666,0.09600550859330263,-1.0062644153574274,-10.342389290570203,8.175927001460018,-0.18892317267352995
18.4,0.08806104296171448,-0.9052677494115319,-10.275460868547665,7.88818506805926,-0.1889231726735412
18.40833333333333,0.08083855524513246,-0.832775102225195,-10.210904386880644,7.605927319421037,-0.18892317267355385
18.416666666666668,0.07410565026554304,-0.7875744133984424,-10.148691301505066,7.3251775661346565,-0.1889231726735413
18.425,0.06763975534539683,-0.7684905624640354,-10.088822688093632,7.042803131476338,-0.18892317267354206
18.433333333333334,0.06122854942231712,-0.7742091942554717,-10.03132210250096,6.756554472421752,-0.18892317267354325
18.441666666666666,0.05467184881487203,-0.8031028544107908,-9.976227802714636,6.465176210787719,-0.1889231726735464
18.45,0.04778493018568215,-0.8530608766986161,-9.923583809698226,6.168571043932073,-0.18892317267354242
18.458333333333332,0.04040322282821204,-0.9213333730665992,-9.873429475099249,5.867988461257116,-0.18892317267354003
18.466666666666665,0.03238817681714008,-1.0044090708292877,-9.825787511972184,5.566196814287473,-0.1889231726735458
18.475,0.023633914426950724,-1.0979545194091063,-9.780650846425319,5.267584331678843,-0.18892317267354194
18.483333333333334,0.014074026663717718,-1.1968449121172058,-9.737969133746851,4.978128730341514,-0.1889231726735422
18.491666666666667,0.003687642484647522,-1.2953108226267511,-9.69763626291808,4.705183367412216,-0.1889231726735423
18.5,-0.00749624337579926,-1.38720888837619,-9.659480508826773,4.457054584714328,-0.18892317267354225
18.508333333333333,-0.019397167863639878,-1.4664002990587142,-9.623259034501725,4.242387168890061,-0.18892317267354444
18.516666666666666,-0.031885064157788634,-1.5271956780861509,-9.588658107720455,4.069421605806641,-0.1889231726735406
18.525,-0.04478590822935976,-1.5648072254381353,-9.55529970373025,3.945222613836123,-0.18892317267354203
18.53333333333333,-0.0578909422161327,-1.5757449323740755,-9.522754265654594,3.8749910812093744,-0.18892317267354253
18.541666666666668,-0.0709687759268854,-1.558103672431879,-9.490558498615178,3.861558227460796,-0.18892317267354253
18.55,-0.0837793003327279,-1.5117071420805739,-9.458236375395819,3.9051284768346797,-0.18892317267354197
18.558333333333334,-0.09608815431028044,-1.4380964153732767,-9.425321143155358,4.0032973309600814,-0.18892317267353975
18.566666666666666,-0.10768046894205514,-1.340370758837951,-9.391376067127883,4.151331511109632,-0.18892317267354364
18.575,-0.11837274869354333,-1.222904908296172,-9.35601189703538,4.342665271187133,-0.18892317267354192
18.583333333333332,-0.1280220081108699,-1.0909802824308032,-9.318899539678736,4.569540926336074,-0.1889231726735407
18.591666666666665,-0.13653163687948855,-0.9503768421107215,-9.279777095252856,4.82370571813442,-0.18892317267354125
18.6,-0.14385387312457368,-0.8069753309177646,-9.238451167657958,5.097074797462302,-0.18892317267354186
18.608333333333334,-0.1499891635328018,-0.6664143948728648,-9.194793065221948,5.3822837267391375,-0.18892317267354394
18.616666666666667,-0.15498300917749003,-0.5338338069005683,-9.148731039656324,5.673081410184188,-0.18892317267353806
18.625,-0.15892108277599742,-0.4137170338857128,-9.100239978945178,5.96454859094123,-0.188923172673542
18.633333333333333,-0.16192343802677953,-0.30982878093101085,-9.049329957426822,6.2531585666686125,-0.18892317267354503
18.641666666666666,-0.1641385377456187,-0.22523040596973887,-8.996034810029835,6.536718093977606,-0.18892317267353836
18.65,-0.16573765584551997,-0.16235028721277403,-8.940401537475278,6.814234834326811,-0.18892317267354192
18.65833333333333,-0.16691001574747982,-0.12308677754427838,-8.88248096767562,7.085755071076318,-0.18892317267354114
18.666666666666668,-0.1678588591275054,-0.10892610992789782,-8.82231976935454,7.352206310818829,-0.18892317267354164
18.675,-0.168798518356121,-0.12106406429257555,-8.75995367111089,7.615268461046246,-0.18892317267354172
18.683333333333334,-0.1699524996615192,-0.1605265482834585,-8.695401582540857,7.877287933193305,-0.1889231726735317
18.691666666666666,-0.17155256677508962,-0.22828960489781214,-8.628660222134652,8.14124300408446,-0.18892317267354813
18.7,-0.17383883771824946,-0.32540368709976547,-8.55969879887302,8.410766625916265,-0.18892317267354242
18.708333333333332,-0.17706096369083568,-0.45313085079683385,-8.488453238227613,8.690234641435518,-0.18892317267350833
18.716666666666665,-0.18148054796328766,-0.6131077202367893,-8.414819355547184,8.984933232358566,-0.18892317267356418
18.725,-0.18737509260598306,-0.8075529726170891,-8.338644223109519,9.301330373147625,-0.1889231726735447
18.733333333333334,-0.19504395339134334,-1.039547617022725,-8.25971470023684,9.64749455082115,-0.18892317267342504
18.741666666666667,-0.2048170807786456,-1.3134327284517469,-8.177741616817539,10.03373523292395,-0.18892317267362513
18.75,-0.21706780631378692,-1.635398317061666,-8.09233727526043,10.473593776868801,-0.18892317267355604
18.758333333333333,-0.23223174462159296,-2.01438947495529,-8.002982498525068,10.98541069762664,-0.1889231726730331
18.766666666666666,-0.25083529274622957,-2.463552153680883,-7.908976899889818,11.594874194851803,-0.18892317267390185
18.775,-0.27353972192411125,-3.00261652490961,-7.809361432771202,12.339286805644841,-0.188923172673631
18.78333333333333,-0.3012113232306096,-3.661914309764989,-7.702793901076222,13.274873904056788,-0.18892317267141207
18.791666666666668,-0.33503538520970744,-4.489063728514004,-7.587343792423822,14.489235122865946,-0.18892317267277092
18.8,-0.3766988035157601,-5.558467686855741,-7.4601560671108125,16.12008503451572,-0.1889231726735845
18.808333333333334,-0.42863445501013714,-6.971867086701125,-7.316974605375025,18.362692572215177,-0.18892317279292875
18.816666666666666,-0.49396961032610287,-8.752869533621869,-7.1520809722336205,21.306204354447317,-0.18892317259457697
18.825,-0.5738432306068865,-10.22769548756878,-6.962534833580263,23.902878713764263,-0.18892317278907256
18.833333333333332,-0.6584999597347645,-9.678579024121905,-6.762987013689853,23.340683079530248,-0.18892317267569925
18.841666666666665,-0.7308008429778616,-7.591064075561289,-6.58013985412636,20.44111276141089,-0.18892317268137393
18.85,-0.7853022866392845,-5.5511863716073755,-6.421320559818856,17.802953929266703,-0.18892317261430225
18.858333333333334,-0.8244053181189838,-3.8923310711365273,-6.281297458962484,15.915501907090352,-0.1889231726808519
18.866666666666667,-0.8509906872208443,-2.5278897878566347,-6.154504043080051,14.590452372048963,-0.18892317267492592
18.875,-0.8670749510014008,-1.358429512617352,-6.037105911603732,13.633896288020411,-0.1889231726767554
18.883333333333333,-0.873989701610349,-0.31890812691813697,-5.9266168144034115,12.914818854826871,-0.18892317267464825
18.891666666666666,-0.8726422213582312,0.6292931554452261,-5.82144210872619,12.346650492924814,-0.18892317267501124
18.9,-0.8636940800830619,1.5078047900493674,-5.720588368665052,11.869324176673523,-0.18892317267525738
18.90833333333333,-0.8476752781222807,2.3273538039299977,-5.623491819582503,11.438471648849038,-0.18892317267504743
18.916666666666668,-0.8250582601838851,3.0915226423469115,-5.529914792066227,11.019494282805375,-0.18892317267504338
18.925,-0.7963064314120626,3.7992491538732778,-5.43987853175864,10.58450909851769,-0.18892317267493985
18.933333333333334,-0.7619047665064451,4.446698724570863,-5.353613848627719,10.110971073470955,-0.18892317267511888
18.941666666666666,-0.7223762603076993,5.028823280624988,-5.271518860328361,9.581253902663185,-0.18892317267504866
18.95,-0.6782862347660116,5.540724473360089,-5.194117942227763,8.982712669963004,-0.18892317267498127
18.958333333333332,-0.6302360767579572,5.978820460986981,-5.122019401997954,8.307876002108406,-0.18892317267506864
18.966666666666665,-0.5788482684142868,6.34175682541348,-5.055871970623289,7.554500148355652,-0.1889231726750441
18.975,-0.5247451393422526,6.630992241156581,-4.996322083666969,6.725302558801605,-0.18892317267515546
18.983333333333334,-0.46852425156102717,6.851018005789846,-4.943975052042622,5.827288906900785,-0.18892317267500186
18.991666666666667,-0.4107334637553556,7.0092220642395455,-4.899363521741918,4.870686668939066,-0.18892317267504405
19.0,-0.3518483957552088,7.115464323744613,-4.8629261451588315,3.86758246540196,-0.18892317267518727
19.008333333333333,-0.2922542600766606,7.18147438062977,-4.834998334785721,2.830411812494967,-0.18892317267500647
19.016666666666666,-0.23223299109231524,7.220205194117017,-4.815815664791165,1.770458405383119,-0.18892317267505065
19.025,-0.1719554790147834,7.245275197136716,-4.805529293506127,0.696485292836141,-0.18892317267504305
19.03333333333333,-0.11147767866052632,7.270613364915219,-4.804232030029866,-0.3864492526674267,-0.18892317267507958
19.041666666666668,-0.05073850414430252,7.310399346654146,-4.811993600219861,-1.4780304664552681,-0.18892317267505998
19.05,0.010443286982022487,7.3793796863446275,-4.8289044277301425,-2.5837257253894417,-0.18892317267475722
19.058333333333334,0.07237673903803368,7.493658789776653,-4.855128952772862,-3.7160914870410515,-0.1889231726752601
19.066666666666666,0.13551544593811915,7.672128557789218,-4.890972383093886,-4.896778624486668,-0.18892317267508935
19.075,0.20048983586183927,7.938831251811201,-4.936969276749657,-6.159902297580312,-0.18892317267397968
19.083333333333332,0.26816461854172535,8.32672586440336,-4.994009147848488,-7.5577378881666615,-0.1889231726751045
19.091666666666665,0.3397350456199214,8.883238472494384,-5.063522508953665,-9.16956595761742,-0.1889231726751957
19.1,0.41687204506969433,9.675515634906803,-5.147746427633993,-11.110395369893144,-0.18892317270021924
19.108333333333334,0.5018579199013965,10.776114154288447,-5.24997547531926,-13.50728054197277,-0.1889231726045426
19.116666666666667,0.5972124586294411,12.121775187735235,-5.373956212535107,-16.260781048850575,-0.18892317265983238
19.125,0.7026886267185009,13.000506504643349,-5.5188141423397985,-18.17128928074132,-0.18892317252230317
19.133333333333333,0.809183193615614,12.277788353700036,-5.668709606319618,-17.322879288189615,-0.18892317275261084
19.141666666666666,0.9045963657287953,10.578212439711079,-5.802881808099237,-14.806194029996805,-0.18892317260498181
19.15,0.9858565397585356,8.977005944578655,-5.916144147655529,-12.46919391985143,-0.18892317266366082
19.15833333333333,1.0551382666959486,7.701752156230166,-6.012324448556338,-10.704303236642142,-0.18892317268220063
19.166666666666668,1.1149456375469868,6.6881898068216685,-6.095844055722831,-9.405791217219933,-0.18892317267692615
19.175,1.1671055997733446,5.854598217010987,-6.170003525418934,-8.438469021004115,-0.188923172677256
19.183333333333334,1.2128575513371422,5.142360674302623,-6.2371350820970015,-7.70619570688126,-0.18892317267635877
19.191666666666666,1.2530392569159794,4.512496710775478,-6.298915258788416,-7.145665242712559,-0.18892317267697983
19.2,1.2882215230208736,3.9389493769311366,-6.356588674390183,-6.714865770751366,-0.18892317267684977
19.208333333333332,1.3187948404681882,3.4038892706907276,-6.411109390913622,-6.3850270096242845,-0.1889231726766519
19.216666666666665,1.3450248852867601,2.894820823317284,-6.46322878035191,-6.135633184826064,-0.1889231726767893
19.225,1.367089070237101,2.402832544909421,-6.513550550011409,-5.951364316835965,-0.18892317267676367
19.233333333333334,1.3851016111780294,1.9215314432800243,-6.562565462354739,-5.8201817414477155,-0.18892317267672118
19.241666666666667,1.3991315624709004,1.4463867957197767,-6.610673177148812,-5.732094457162419,-0.18892317267674913
19.25,1.4092165049625072,0.9743228074753156,-6.658195680627632,-5.678340811908128,-0.18892317267674494
19.258333333333333,1.41537352973441,0.503464685479607,-6.70538507143411,-5.650833611858007,-0.18892317267673742
19.266666666666666,1.417608530863514,0.03297889099464793,-6.752427502246421,-5.641781617477082,-0.18892317267673842
19.275,1.415924419015399,-0.4370314833749629,-6.799444521617972,-5.643438080051794,-0.18892317267673825
19.28333333333333,1.410328593957096,-0.9056039140945935,-6.84649275008516,-5.647949216010748,-0.18892317267674286
19.291666666666668,1.4008398132086155,-1.3709872722439878,-6.89356265795881,-5.647288520635468,-0.1889231726767327
19.3,1.3874944379904381,-1.8307229058991443,-6.9405771272872485,-5.633269804778716,-0.1889231726767332
19.308333333333334,1.3703519145584084,-2.2817489105754643,-6.987390434811305,-5.59763448227307,-0.18892317267674716
19.316666666666666,1.3494992571608713,-2.7205366188315256,-7.033788254584475,-5.532207934861629,-0.18892317267672865
19.325,1.3250542419867792,-3.143263807989118,-7.079489223775617,-5.429116533440347,-0.18892317267672987
19.333333333333332,1.2971670051537352,-3.5460239582983184,-7.124148525271473,-5.2810519578393755,-0.1889231726767494
19.341666666666665,1.2660197660320138,-3.9250654468486528,-7.1673638059788525,-5.0815638058880825,-0.1889231726767288
19.35,1.231824470057173,-4.277049407424944,-7.208683568384231,-4.825356099568558,-0.1889231726767317
19.358333333333334,1.1948182576469932,-4.599310730858166,-7.247617950796774,-4.508559006360026,-0.18892317267674588
19.366666666666667,1.15525680824267,-4.890103820128438,-7.283651560456216,-4.128944474526889,-0.1889231726767363
19.375,1.1134057676331541,-5.148813612673141,-7.316257759061994,-3.686053959881355,-0.18892317267673994
19.383333333333333,1.069530626531631,-5.376113389044164,-7.3449135417801,-3.1812085193541697,-0.1889231726767368
19.391666666666666,1.0238855593934515,-5.5740544848013345,-7.369113923254011,-2.6173770231850613,-0.18892317267674721
19.4,0.9767018306636085,-5.7460797930892396,-7.3883845789983305,-1.9988878114063726,-0.1889231726767456
19.40833333333333,0.9281764028239711,-5.8969632272934085,-7.40229142226632,-1.330982636499279,-0.1889231726767324
19.416666666666668,0.8784613085892943,-6.032690683660066,-7.410445850871005,-0.6192271082548514,-0.18892317267674305
19.425,0.8276541580236078,-6.160313047468082,-7.412504573658029,0.1311954747562673,-0.18892317267673198
19.433333333333334,0.7757898350397738,-6.287816389818108,-7.408163173730791,0.9162765298072174,-0.1889231726767617
19.441666666666666,0.7228330065155347,-6.424067425243013,-7.397142779741694,1.734043008413074,-0.18892317267668982
19.45,0.6686705319849269,-6.5789048973550965,-7.379169237788846,2.585503533615224,-0.18892317267666914
19.458333333333332,0.6131022042822879,-6.763465805633556,-7.353943794262321,3.475760173989444,-0.18892317267690512
19.466666666666665,0.555827376630498,-6.9908721986960956,-7.321103231291004,4.41547054497193,-0.18892317267644487
19.475,0.4964236939901416,-7.277483922072789,-7.280165193688716,5.423020149370028,-0.18892317267636655
19.483333333333334,0.43431181775670796,-7.645091351911647,-7.2304502657858425,6.528081224142753,-0.18892317267767333
19.491666666666667,0.36869563800458127,-8.12476961330949,-7.170964464682453,7.77784382097245,-0.1889231726750648
19.5,0.2984589076811479,-8.763798503368614,-7.100210698295465,9.248385361384802,-0.18892317267446967
19.508333333333333,0.22198318973908093,-9.638127684423676,-7.015869598112687,11.0655363374142,-0.18892317267633452
19.516666666666666,0.1368305304251209,-10.872146356471742,-6.914251648033398,13.43861386451036,-0.18892317271433923
19.525,0.03928826046321342,-12.64076823835468,-6.7895086518437315,16.665606481389258,-0.18892317261641967
19.53333333333333,-0.07532736506651631,-14.889745860872937,-6.634111458830206,20.66134332747647,-0.18892317266983083
19.541666666666668,-0.2057695886093235,-15.957626156029871,-6.4505493696764695,22.60549867053657,-0.1889231727700289
19.55,-0.33275100117964557,-14.197346264945738,-6.271994456520253,19.697401208597086,-0.18892317269694547
19.558333333333334,-0.4411992066393151,-11.902508959096098,-6.12434666495111,15.857721469253352,-0.18892317243680623
19.566666666666666,-0.532798072057093,-10.17861239120077,-6.004916696078958,12.967239817816012,-0.18892317268756736
19.575,-0.6121974005403298,-8.942578884692068,-5.905984641455338,10.884113516750904,-0.18892317267596315
19.583333333333332,-0.6827153511835511,-8.023534448664817,-5.82207961481362,9.321499925289093,-0.1889231726801872
19.591666666666665,-0.7464886605864713,-7.309577203001756,-5.749701954099417,8.094103703136632,-0.18892317267627118
19.6,-0.8049205569793023,-6.732849526824293,-5.686556953460712,7.091632338315575,-0.18892317267593883
19.608333333333334,-0.8589651665570422,-6.251037042705975,-5.631071432479534,6.247153812139145,-0.18892317267701797
19.616666666666667,-0.9092905794063413,-5.836490424712837,-5.582116876794449,5.518658369880517,-0.18892317267630845
19.625,-0.9563737277813207,-5.470257068187954,-5.538847900272515,4.878982863499311,-0.1889231726762637
19.633333333333333,-1.0005576959159008,-5.1387556498434215,-5.500604155968381,4.310182813431197,-0.18892317267646797
19.641666666666666,-1.0420878070635133,-4.831864816920046,-5.4668483545638535,3.8002504980544134,-0.18892317267633207
19.65,-1.081135343959663,-4.541792212068305,-5.43712581644519,3.341103373191138,-0.1889231726763208
19.65833333333333,-1.1178138741165633,-4.262390750457543,-5.411037545086954,2.927284481805519,-0.1889231726763671
19.666666666666668,-1.152191075544087,-3.988740081016195,-5.3882222538075215,2.5550775858413997,-0.18892317267633668
19.675,-1.184297799572137,-3.7168888354297387,-5.36834463031544,2.221875435451586,-0.1889231726763323
19.683333333333334,-1.2141354273972835,-3.4436946943516955,-5.351088135842662,1.9257124624052429,-0.1889231726763438
19.691666666666666,-1.2416821577195247,-3.1667225135134354,-5.336151191943755,1.6649131454368218,-0.18892317267633657
19.7,-1.2668985940514583,-2.8841746743746137,-5.3232459142173045,1.4378290649124625,-0.18892317267633463
19.708333333333332,-1.289732825209687,-2.5948368979408096,-5.312098724680176,1.2426489125064042,-0.18892317267633799
19.716666666666665,-1.3101250808531897,-2.298029146653535,-5.302452281247057,1.0772708146761603,-0.18892317267633635
19.725,-1.3280119779713768,-1.9935559191630103,-5.294068242785076,0.9392280144140938,-0.18892317267633552
19.733333333333334,-1.3433303416695845,-1.6816536208295285,-5.286730461745785,0.8256590761608198,-0.18892317267633615
19.741666666666667,-1.3560205744015672,-1.3629349413908844,-5.280248271026609,0.7333135472781366,-0.18892317267633577
19.75,-1.366029553068982,-1.0383314186930008,-5.274459607162004,0.6585841283279809,-0.18892317267633535
19.758333333333333,-1.3733130454579403,-0.709035778739549,-5.269233783837817,0.597557156356486,-0.18892317267633504
19.766666666666666,-1.3778376502044292,-0.3764454306678398,-5.2644737927251315,0.5460745633961804,-0.1889231726763354
19.775,-1.3795822736632177,-0.042107897260335626,-5.260118058499112,0.49980222076342296,-0.18892317267633532
19.78333333333333,-1.3785391604437123,0.29233179536629533,-5.256141609596593,0.45430142402554086,-0.18892317267633493
19.791666666666668,-1.3747144914823237,0.6251824674570632,-5.25255664621624,0.4051019204780681,-0.18892317267633496
19.8,-1.368128555287995,0.9547581112563405,-5.249412494991479,0.34777608359328027,-0.18892317267633535
19.808333333333334,-1.358815486427725,1.2794306781189144,-5.2467949401788845,0.2780144151046799,-0.18892317267633488
19.816666666666666,-1.346822553111675,1.5976857095885095,-5.244824919835808,0.1917023945552444,-0.18892317267633515
19.825,-1.332208965940562,1.9081817201207523,-5.243656578641768,0.08499776723754401,-0.18892317267633565
19.833333333333332,-1.3150441754946105,2.209813425499776,-5.243474682950439,-0.04559426964197841,-0.188923172676334
19.841666666666665,-1.2954056299248269,2.5017778606401686,-5.2444914335098645,-0.20315267013790744,-0.18892317267633502
19.85,-1.2733759763113728,2.7836413301230007,-5.2469427601189205,-0.3902859628443062,-0.1889231726763363
19.858333333333334,-1.2490397106116693,3.055404258498961,-5.251084250170056,-0.6091006262173694,-0.18892317267633338
19.866666666666667,-1.2224793072869449,3.317560692483752,-5.257186945526833,-0.861202925482347,-0.18892317267633546
19.875,-1.1937708850384898,3.5711497979490168,-5.265533331740117,-1.1477449900786458,-0.18892317267633757
19.883333333333333,-1.1629794807405842,3.8177984639017963,-5.276413930308617,-1.469524974916705,-0.1889231726763283
19.891666666666666,-1.1301539991391507,4.059757206654913,-5.290124979699965,-1.8271493907133094,-0.18892317267633568
19.9,-1.0953218702387506,4.2999359462876345,-5.306967751002738,-2.2212641000043782,-0.18892317267634198
19.90833333333333,-1.0584833689794877,4.541951848779805,-5.327250097151682,-2.6528606889395263,-0.18892317267630498
19.916666666666668,-1.0196054220689494,4.790208449403932,-5.3512909046512105,-3.1236692008275373,-0.18892317267633865
19.925,-0.9786145303016989,5.0500345007082155,-5.3794282493707,-3.6366595658793144,-0.1889231726763623
19.933333333333334,-0.935388145372742,5.32792454325511,-5.4120323291063,-4.196696854578639,-0.18892317267619851
19.941666666666666,-0.8897434052544295,5.63194564277015,-5.44952477843776,-4.811437149475384,-0.18892317267635755
19.95,-0.8414214436895379,5.97241525200065,-5.492406976196098,-5.49262574912496,-0.18892317267646697
19.958333333333332,-0.7900643288665584,6.363032166417715,-5.541301818432624,-6.258097348787026,-0.1889231726756166
19.966666666666665,-0.7351796110777216,6.822793895602209,-5.597016905919,-7.135042090345604,-0.18892317267644493
19.975,-0.6760835613797539,7.379338031634733,-5.660643729594292,-8.165626554365549,-0.18892317267710568
19.983333333333334,-0.6118066127591366,8.074955584754486,-5.733720407039748,-9.417112689875859,-0.18892317267225683
19.991666666666667,-0.5409298720648235,8.977628625304646,-5.818510769251501,-11.000547539002879,-0.18892317267506742
20.0,-0.46129736133002536,10.200200916373753,-5.918494984133997,-13.103567673190815,-0.18892317266909053
20.008333333333333,-0.36955153687017706,11.91842654661333,-6.039166174365603,-16.0224252772388,-0.1889231729439264
20.016666666666666,-0.2609071850458848,14.236981836102123,-6.188442955715746,-19.937997288555657,-0.18892317267536196
20.025,-0.13327867020860515,16.078190288687402,-6.369698417738864,-23.022603043200153,-0.18892317268883374
20.03333333333333,-0.001744417646777404,15.004012322860737,-6.5570801969262575,-21.1165199672779,-0.18892317268175418
20.041666666666668,0.11346149205170854,12.668295967915137,-6.71589817547212,-17.0334089118633,-0.18892317274859693
20.05,0.2109363453993487,10.832548553787799,-6.8434857043180255,-13.761924574559142,-0.18892317266217273
20.058333333333334,0.2955474211340362,9.549833140559967,-6.94775722052205,-11.383980370219463,-0.1889231726782351
20.066666666666666,0.37111677941402954,8.635491311771363,-7.0348147977230555,-9.584819531049071,-0.18892317267236458
20.075,0.4401317284144991,7.960246053801152,-7.108499433763008,-8.146845578047692,-0.18892317267576886
20.083333333333332,0.5042319830569266,7.445957968471322,-7.171234110287855,-6.940405292025581,-0.18892317267633357
20.091666666666665,0.5645427610653881,7.04443384212627,-7.224596621780939,-5.887469586764216,-0.18892317267441427
20.1,0.6218645951351751,6.724358557366197,-7.269648945914479,-4.939628001666289,-0.18892317267515724
20.108333333333334,0.6767811070034356,6.464121209175408,-7.307129438328745,-4.066196443719012,-0.18892317267526226
20.116666666666667,0.7297217494678353,6.247844411241871,-7.337570870223034,-3.2477249013911207,-0.18892317267492342
20.125,0.7809993126222573,6.063125290765171,-7.361377290052166,-2.472304812705882,-0.18892317267505887
20.133333333333333,0.8308329381194375,5.899728363260398,-7.378876865229855,-1.7333410779660616,-0.18892317267507916
20.141666666666666,0.879362769354647,5.748838913557922,-7.390359708922661,-1.0280941993629715,-0.1889231726750223
20.15,0.9266599422385817,5.602665229315099,-7.396105411906666,-0.35662347478715606,-0.1889231726750385
20.15833333333333,0.972734263518167,5.454264998129632,-7.396402722854884,0.2790629758716466,-0.1889231726750387
20.166666666666668,1.01754108000086,5.297513076835121,-7.3915626575993585,0.8757449269058782,-0.1889231726750397
20.175,1.0609882490286178,5.127148948959531,-7.381925810078413,1.429647018228341,-0.18892317267503556
20.183333333333334,1.1029436637654537,4.938855267001364,-7.367864514822489,1.9370156283210018,-0.1889231726750359
20.191666666666666,1.143243429170023,4.729330229993885,-7.349780586354848,2.394600634742402,-0.1889231726750366
20.2,1.1817005228429494,4.496328338661376,-7.3280994968199,2.8000263300336083,-0.18892317267503778
20.208333333333332,1.2181136125978278,4.238655925847735,-7.303261955918963,3.152043501441145,-0.18892317267504188
20.216666666666665,1.2522756343903665,3.956118336299493,-7.275713879326661,3.4506654639682357,-0.18892317267503267
20.225,1.28398174284667,3.649423432802599,-7.245895666700243,3.6972004183803726,-0.188923172675039
20.233333333333334,1.3130363071242044,3.3200507525625325,-7.214231579058985,3.894198629009618,-0.18892317267504455
20.241666666666667,1.339258711953945,2.970097495637529,-7.181119838977956,4.045335272594223,-0.1889231726750321
20.25,1.3624878175549475,2.602112439292201,-7.146923903734334,4.155249339466744,-0.1889231726750395
20.258333333333333,1.382585020196583,2.218927705019676,-7.11196519936886,4.229356973277068,-0.1889231726750442
20.266666666666666,1.3994359312596125,1.8234966634892802,-7.076517460701583,4.273655140387807,-0.1889231726750332
20.275,1.4129507541653237,1.4187444365418211,-7.040802700301202,4.294529051478188,-0.18892317267503933
20.28333333333333,1.423063484389999,1.0074355242917796,-7.004988727292921,4.298574444372641,-0.188923172675042
20.291666666666668,1.429730087145355,0.59206106336003,-6.969188053529678,4.292443641607944,-0.18892317267503464
20.3,1.4329258195709176,0.17474615228102078,-6.933457959155046,4.282722212556897,-0.18892317267503872
20.308333333333334,1.4326418594024242,-0.2428243478791476,-6.897801440639124,4.275841210765906,-0.18892317267503878
20.316666666666666,1.4288813808207617,-0.6594650185161143,-6.862168729232932,4.278028545828312,-0.1889231726750365
20.325,1.4216551819484058,-1.074539281481881,-6.826459041573692,4.295302368003992,-0.18892317267503733
20.333333333333332,1.4109769185815728,-1.4880057666805182,-6.790522199544443,4.3335096974013725,-0.18892317267503275
20.341666666666665,1.3968579354341357,-1.9004701100327324,-6.7541597234419255,4.3984152605597915,-0.18892317267504316
20.35,1.3793016071235316,-2.3132528191947355,-6.71712494773448,4.495849076975789,-0.18892317267503408
20.358333333333334,1.3582969997473135,-2.7284871635136314,-6.679121613824843,4.631927553302546,-0.188923172675015
20.366666666666667,1.3338115266446573,-3.1492665559988926,-6.639800231941938,4.813373127875118,-0.1889231726750693
20.375,1.3057820738676518,-3.5798703587713923,-6.598751230671251,5.0479745375900205,-0.18892317267501993
20.383333333333333,1.2741037674044087,-4.026113559200656,-6.55549345275727,5.345258575081149,-0.18892317267493913
20.391666666666666,1.238615065290098,-4.495895014095237,-6.509455776239192,5.717494265735223,-0.1889231726751883
20.4,1.1990770375392763,-5.000071603494355,-6.459948296226185,6.181239790536664,-0.18892317267495168
20.40833333333333,1.155143275850156,-5.553881564173093,-6.406117139752143,6.759805183446316,-0.1889231726745421
20.416666666666668,1.1063143603791215,-6.17931388372537,-6.34687276609911,7.487299073008504,-0.1889231726757344
20.425,1.0518663772215815,-6.909112109763424,-6.2807741118591975,8.415426448665484,-0.18892317267476438
20.433333333333334,0.9907357917759932,-7.793422153478482,-6.205838699387685,9.624764865562593,-0.18892317267458342
20.441666666666666,0.9213361622472528,-8.909227484077297,-6.119236983757405,11.240818146310524,-0.1889231726616744
20.45,0.8413118526780629,-10.361631930837463,-6.016878917301418,13.436362172547769,-0.1889231727044121
20.458333333333332,0.7475518903659172,-12.190363729621309,-5.8934417960422225,16.272272248570253,-0.18892317272798448
20.466666666666665,0.6384974937055322,-13.835162499750563,-5.74631864880126,18.78187578485447,-0.1889231728328068
20.475,0.5218948427283193,-13.791232024565193,-5.588926529910432,18.372179300071963,-0.18892317264917147
20.483333333333334,0.41267673791244935,-12.333634734984141,-5.44716370576373,15.490875088706558,-0.18892317255887842
20.491666666666667,0.31617150895348184,-10.885558501215495,-5.330659648746383,12.556735084599822,-0.1889231727352153
20.5,0.23016764623494917,-9.81677740315167,-5.236247421750113,10.19410572984387,-0.1889231726792615
20.508333333333333,0.1516769517251097,-9.06534286949193,-5.159468524054098,8.295692516566682,-0.18892317267998565
20.516666666666666,0.07846130253515635,-8.537146860478954,-5.0971431122208015,6.702465501909815,-0.1889231726784471
20.525,0.008961488052118013,-8.164375639257946,-5.047228184056306,5.302301085947347,-0.18892317267895675
20.53333333333333,-0.05791540738003145,-7.901413929000364,-5.008437618719206,4.023167225383003,-0.18892317267973302
20.541666666666668,-0.12294469915496431,-7.716454759097531,-4.979967438141031,2.819460489631518,-0.18892317267879977
20.55,-0.18667321194242092,-7.585721982802467,-4.96131678748022,1.6628791208653484,-0.18892317267898456
20.558333333333334,-0.24947033686878978,-7.489966083946858,-4.95216817822843,0.5370436180355684,-0.18892317267911257
20.566666666666666,-0.31155644337303057,-7.4124202379108866,-4.9523024935144155,-0.5656863295995378,-0.18892317267899117
20.575,-0.3730184122683659,-7.337687995273209,-4.961535193691694,-1.6462520821897855,-0.18892317267899605
20.583333333333332,-0.433818685844033,-7.251262475704365,-4.979667071984561,-2.70042728719471,-0.18892317267890307
20.591666666666665,-0.4938022930945192,-7.139496690902596,-5.0064469806506295,-3.7202028957826925,-0.18892317267904818
20.6,-0.5527050375355136,-6.989891366201008,-5.041546165206403,-4.695205638280525,-0.18892317267900144
20.608333333333334,-0.6101649706574566,-6.791574262434158,-5.084544752752558,-5.614194599963556,-0.1889231726788863
20.616666666666667,-0.6657382011167553,-6.535838947086454,-5.134930872397369,-6.466580702386863,-0.1889231726790176
20.625,-0.7189189756138173,-6.2166096242743105,-5.192112136887335,-7.243851222920056,-0.18892317267899966
20.633333333333333,-0.7691629034442605,-5.830713247733992,-5.255438116908922,-7.940761089442552,-0.1889231726790291
20.641666666666666,-0.8159113353084363,-5.377874008548323,-5.324231352200066,-8.556174996983515,-0.18892317267895142
20.65,-0.8586143945117098,-4.860393801544574,-5.397823696694874,-9.093501842637329,-0.18892317267899647
20.65833333333333,-0.8967500751760077,-4.282534509851537,-5.475594623689024,-9.56074079841703,-0.18892317267911482
20.666666666666668,-0.9298371409568398,-3.6496599158362377,-5.557008616691131,-9.970238579802372,-0.18892317267894168
20.675,-0.9574401377102418,-2.9672139096569,-5.641649895261951,-10.338325073433223,-0.1889231726790009
20.683333333333334,-0.9791654439743268,-2.239599228292763,-5.729254335504827,-10.685043846288995,-0.1889231726789916
20.691666666666666,-0.9946476478555593,-1.468974240711583,-5.81974041558216,-11.034234055923012,-0.1889231726790355
20.7,-1.003525367290173,-0.6539028028621503,-5.913243366959161,-11.414277414919187,-0.18892317267902314
20.708333333333332,-1.0054046000504704,0.21233374471473984,-6.0101597659163986,-11.859945459418253,-0.18892317267845013
20.716666666666665,-0.9998053575526368,1.1441448884485927,-6.11121437997738,-12.416041501481027,-0.18892317267942416
20.725,-0.9860830289069961,2.167426805282902,-6.21756870281721,-13.14401270810726,-0.18892317267914976
20.733333333333334,-0.9633090744590989,3.3256856344178525,-6.331002980078313,-14.133292901125133,-0.18892317267856046
20.741666666666667,-0.930089830251844,4.688449126794906,-6.454216153713419,-15.517871427549302,-0.18892317266893077
20.75,-0.8843338974140721,6.350766781160027,-6.591242632175001,-17.4806334027663,-0.1889231726785336
20.758333333333333,-0.8232952656991882,8.338352615481485,-6.747466185313975,-20.103215528741757,-0.1889231727525409
20.766666666666666,-0.7458888883759807,10.082181197833377,-6.925879749500596,-22.4845061059997,-0.18892317281532445
20.775,-0.6603339359941399,10.082750547651525,-7.114233693788556,-22.133801400392603,-0.18892317276839432
20.78333333333333,-0.5820799086964611,8.598360319709025,-7.288140777094922,-19.46042683148043,-0.18892317258323454
20.791666666666668,-0.5170325961615373,7.063419781622531,-7.438869096793394,-16.811379789686764,-0.18892317271248055
20.8,-0.46336619042482036,5.873813826883206,-7.570123566971723,-14.790237180243903,-0.18892317268348535
20.808333333333334,-0.41830623130895633,4.982582455279393,-7.6867992333280375,-13.28268118446061,-0.18892317268207975
20.816666666666666,-0.3797351135487722,4.303984286345057,-7.792472523725918,-12.126491346029638,-0.18892317268107653
20.825,-0.3461563659613494,3.7761558665845367,-7.8895629831571545,-11.207630829105211,-0.18892317268100556
20.833333333333332,-0.3164933719172369,3.3588796214953223,-7.979717591828472,-10.452033563909405,-0.18892317268185416
20.841666666666665,-0.2899411729415255,3.026081861862907,-8.064080423631983,-9.81101729914821,-0.1889231726810819
20.85,-0.2658723696568657,2.7605354808354963,-8.143459994544914,-9.251476004974478,-0.1889231726811325
20.858333333333334,-0.24377806730427093,2.5506125464437917,-8.218432394313716,-8.749988625662722,-0.18892317268133507
20.866666666666667,-0.22323007463880262,2.3883195584593837,-8.289406118381061,-8.289305579199917,-0.18892317268114986
20.875,-0.2038560665296615,2.2680832978102052,-8.356663885751809,-7.856214535615709,-0.18892317268116415
20.883333333333333,-0.18532288111180875,2.1859737668142287,-8.420390336257114,-7.440216225199542,-0.18892317268122177
20.891666666666666,-0.16732512992632553,2.1391835641333987,-8.480690907075273,-7.032692919298097,-0.18892317268116962
20.9,-0.149577463666663,2.1256576972127403,-8.537605184078739,-6.626392182664826,-0.18892317268117292
20.90833333333333,-0.13180952891701894,2.1438096223310317,-8.591116900346526,-6.215126204842447,-0.18892317268119135
20.916666666666668,-0.11376307685710886,2.192283524303297,-8.641162121484843,-5.7936303091684715,-0.18892317268117803
20.925,-0.09519095015570617,2.2697381795043485,-8.687636794785702,-5.357547391152741,-0.1889231726811758
20.933333333333334,-0.07585783061891824,2.374639175539367,-8.730404611346723,-4.903514977280849,-0.1889231726811787
20.941666666666666,-0.055542697015912565,2.5050566484241297,-8.769305942223149,-4.429331604376916,-0.1889231726811823
20.95,-0.034042922134235376,2.658476333084746,-8.804168387525728,-3.9341713767686257,-0.18892317268117706
20.958333333333332,-0.011179828538889311,2.8316423049109534,-8.834819166137114,-3.4188026215738807,-0.18892317268117204
20.966666666666665,0.013194668561700583,3.0204582879092876,-8.86109914925746,-2.8857533343539754,-0.18892317268118303
20.975,0.03919094443889427,3.2199773655784005,-8.882877829118517,-2.339359673952008,-0.18892317268117773
20.983333333333334,0.06687491726187696,3.42450375906074,-8.90006800413698,-1.7856417770631594,-0.18892317268116968
20.991666666666667,0.09626264738382333,3.6278135409130874,-8.912638596191854,-1.231978056882983,-0.18892317268118103
21.0,0.12731721906779508,3.823476530608983,-8.920623945783587,-0.6865919562330198,-0.18892317268117798
21.008333333333333,0.15994858505163273,4.005236611627869,-8.924128245596455,-0.15791206839933394,-0.18892317268117462
21.016666666666666,0.1940166222040615,4.167391733933167,-8.923324438355802,0.34609903788932267,-0.18892317268117698
21.025,0.22933714396916052,4.305114580325824,-8.918447755424038,0.8185434355711231,-0.18892317268117692
21.03333333333333,0.2656901788289455,4.414670436441986,-8.909784872024439,1.2540302242975865,-0.18892317268118236
21.041666666666668,0.30282956271396116,4.49351383104715,-8.897660195035186,1.6489177906401151,-0.18892317268117526
21.05,0.3404928477927963,4.540270761589588,-8.882420979520546,2.0013559576724176,-0.18892317268117687
21.058333333333334,0.37841066861241274,4.554631336085873,-8.864422817284831,2.311162272860298,-0.1889231726811836
21.066666666666666,0.4163149530915112,4.537185466541987,-8.844016669228397,2.5795844663715384,-0.18892317268117612
21.075,0.4539456382137854,4.489233111259223,-8.821538161808265,2.8090031273492766,-0.18892317268117742
21.083333333333332,0.49105578777329467,4.412593987453656,-8.797299448112684,3.002620056903754,-0.18892317268118164
21.091666666666665,0.5274151824462735,4.309433284074786,-8.771583608708491,3.1641646116265454,-0.1889231726811772
21.1,0.5628125571412639,4.182112222898425,-8.744641353839393,3.2976372638701608,-0.1889231726811782
21.108333333333334,0.5970567087367318,4.0330665324346695,-8.716689674465895,3.4070990608404603,-0.18892317268117992
21.116666666666667,0.6299767060582331,3.8647121949027854,-8.6879120498524,3.4965083876565686,-0.18892317268117811
21.125,0.6614214193411221,3.6793758452158714,-8.658459827551567,3.569602109684889,-0.18892317268117886
21.133333333333333,0.6912585606758299,3.479246420108203,-8.628454426095775,3.6298160501568812,-0.1889231726811793
21.141666666666666,0.7193733979747597,3.26634459570264,-8.59799005630801,3.6802390866271,-0.18892317268117928
21.15,0.7456672772564175,3.042506853913786,-8.567136704534878,3.7235953049087964,-0.18892317268117928
21.15833333333333,0.7700560634638565,2.80938144488833,-8.53594316534268,3.7622491909021365,-0.1889231726811793
21.166666666666668,0.7924685890042538,2.568433919122174,-8.504439950386457,3.798229476948225,-0.1889231726811802
21.175,0.8128451811545203,2.320960202600168,-8.472641934319784,3.833267800240396,-0.1889231726811801
21.183333333333334,0.8311363233008227,2.0681053297976995,-8.44055062910768,3.8688486530236403,-0.18892317268118006
21.191666666666666,0.8473014892224544,1.810885906518715,-8.408156007096094,3.9062671354125404,-0.18892317268118106
21.2,0.861308172748423,1.5502141510724972,-8.375437823208383,3.946690747584267,-0.18892317268118058
21.208333333333332,0.8731311157672527,1.2869210070574657,-8.342366420006984,3.9912209486971384,-0.18892317268118058
21.216666666666665,0.8827517150752751,1.0217754451405965,-8.308903037357124,4.040949649041626,-0.18892317268118036
21.225,0.8901575634354445,0.7554968535761567,-8.274999690281826,4.097005498762881,-0.18892317268118022
21.233333333333334,0.8953420547216687,0.48875758084238446,-8.240598720538069,4.160585187358313,-0.18892317268118053
21.241666666666667,0.8983039612078165,0.22217344042882958,-8.205632162395926,4.232966345845168,-0.1889231726811799
21.25,0.8990468782369173,-0.04371860366938803,-8.170021081581604,4.315501221595536,-0.18892317268118014
21.258333333333333,0.8975784327636914,-0.3084944281963914,-8.13367503889305,4.409593868197992,-0.18892317268118053
21.266666666666666,0.8939091703515891,-0.5718852498681556,-8.09649179079347,4.516667494764441,-0.18892317268118103
21.275,0.8880510685360484,-0.8338239393294439,-8.058357269603862,4.638131854306328,-0.1889231726811808
21.28333333333333,0.8800156662863926,-1.0944900283408932,-8.019145795561283,4.775362138000453,-0.18892317268117798
21.291666666666668,0.869811838813218,-1.3543492938418926,-7.9787203783531995,4.929700259484129,-0.18892317268118108
21.3,0.8574432722755818,-1.6141861558593606,-7.936932884394937,5.102486912839941,-0.1889231726811817
21.308333333333334,0.8429056945886877,-1.87513034852778,-7.893623790263672,5.295129391408158,-0.18892317268117165
21.316666666666666,0.8261838919578302,-2.1386827699170343,-7.848621213872273,5.509207319728237,-0.188923172681184
21.325,0.8072484863494659,-2.40674859986889,-7.8017389023675845,5.746617603410551,-0.18892317268118433
21.333333333333332,0.7860523696447009,-2.6816886400741087,-7.75277283804906,6.009762116761034,-0.18892317268114955
21.341666666666665,0.7625265866120419,-2.966402897755504,-7.701496072012991,6.301787687692864,-0.18892317268119282
21.35,0.7365753250492315,-3.264464860055637,-7.647651274460668,6.626898701427051,-0.18892317268119455
21.358333333333334,0.7080694887529605,-3.580332620603974,-7.5909402545536,6.990780008247295,-0.18892317268106146
21.366666666666667,0.6768380578883532,-3.9196772020269157,-7.531009281009296,7.401196010509432,-0.18892317268123374
21.375,0.6426560067908759,-4.289894727201521,-7.4674283041986,7.868879808401815,-0.18892317268124048
21.383333333333333,0.6052268097756917,-4.700918481930378,-7.39966090778346,8.40891278470755,-0.18892317268060993
21.391666666666666,0.5641562463943062,-5.1665419353205255,-7.327019538794265,9.042959302725759,-0.18892317268145015
21.4,0.518911762712053,-5.706652838725202,-7.248596323017656,9.803048235150365,-0.18892317268152325
21.40833333333333,0.4687568866202893,-6.3511675391999765,-7.163151532451271,10.738270321699739,-0.18892317267758385
21.416666666666668,0.4126406422896019,-7.147267092481739,-7.068925137144375,11.927190336873352,-0.188923172682391
21.425,0.3490025963827569,-8.173118565573592,-6.963302879727102,13.501619087246768,-0.1889231726827061
21.433333333333334,0.27541974137831343,-9.562802247278912,-6.842206070907536,15.690535534648916,-0.1889231727210962
21.441666666666666,0.18801759573987822,-11.530856374510764,-6.699055387941879,18.86700936636183,-0.18892317248547452
21.45,0.08125528549148812,-14.165825057379918,-6.524291208058315,23.21213985509309,-0.18892317267377146
21.458333333333332,-0.045656168979992556,-15.798719558525043,-6.3160318277625995,25.951135053430594,-0.18892317268138714
21.466666666666665,-0.17136023527024105,-13.932976998540605,-6.109585592195122,22.873728012021758,-0.18892317269327408
21.475,-0.2761557574184005,-11.306570727186335,-5.937449447761047,18.600065693457072,-0.18892317236952494
21.483333333333334,-0.3618197388110868,-9.366949962309919,-5.796055735744012,15.531567209732978,-0.18892317271181186
21.491666666666667,-0.4338204170383047,-7.98622841704468,-5.6759291301624994,13.423846838276644,-0.18892317268043107
21.5,-0.4958844227018016,-6.954372755657934,-5.570680448973851,11.913350009809404,-0.18892317268545078
21.508333333333333,-0.5503318370925743,-6.142126116455784,-5.476332708560229,10.780465864184702,-0.18892317267770742
21.516666666666666,-0.5986508334218111,-5.47397600986733,-5.3903125664340505,9.898843878437635,-0.18892317267988573
21.525,-0.6418362868428564,-4.904102037605113,-5.310865989882158,9.19307880394894,-0.18892317268061593
21.53333333333333,-0.6805768217839349,-4.403283397711752,-5.236738551648458,8.616011829259689,-0.18892317267941944
21.541666666666668,-0.7153614068009823,-3.9519998831596483,-5.166994720383226,8.136851280064336,-0.18892317267978592
21.55,-0.746543045518004,-3.536681927605787,-5.100910943319193,7.7347247572335895,-0.18892317267992836
21.558333333333334,-0.7743787150109734,-3.1475875064080254,-5.037909652266006,7.395006079851304,-0.1889231726796942
21.566666666666666,-0.7990556199213364,-2.7775545658390763,-4.977517112127208,7.1071173239182395,-0.18892317267977116
21.575,-0.820709290055335,-2.421245835356788,-4.919335854457342,6.863149548899921,-0.18892317267980674
21.583333333333332,-0.8394366876361823,-2.0746815007563817,-4.863026456211143,6.656958184632136,-0.18892317267974923
21.591666666666665,-0.8553062000490839,-1.7349445971488255,-4.808295559478677,6.48354741635724,-0.18892317267976777
21.6,-0.8683656471853004,-1.3999901189342077,-4.754888188981884,6.33864212854901,-0.18892317267977732
21.608333333333334,-0.878648970335829,-1.0685134628183022,-4.702583056343749,6.218392662031433,-0.18892317267976294
21.616666666666667,-0.8861819627937366,-0.7398477657174124,-4.651189876495955,6.119183829616953,-0.18892317267976677
21.625,-0.8909871885109386,-0.4138687765889129,-4.600547895713549,6.037533254048215,-0.18892317267976866
21.633333333333333,-0.8930880885606592,-0.09089334526850514,-4.550524929799376,5.970068945675639,-0.18892317267976727
21.641666666666666,-0.8925121898591996,0.22843496803564434,-4.5010162978561,5.9135744482697365,-0.1889231726797669
21.65,-0.8892933084554212,0.5432719784351498,-4.4519431561719776,5.865084186474037,-0.18892317267976694
21.65833333333333,-0.8834726800063177,0.8527023833881613,-4.403249910229644,5.822004844086021,-0.18892317267976755
21.666666666666668,-0.8750990416799421,1.1558594734027279,-4.354900605737122,5.782234110958261,-0.18892317267976755
21.675,-0.8642278081881952,1.452020528469924,-4.306874439862451,5.744248814107262,-0.18892317267976846
21.683333333333334,-0.8509195962886792,1.7406663037823744,-4.259160742430364,5.707141356255165,-0.1889231726797663
21.691666666666666,-0.8352384242357073,2.0214993051581795,-4.2117539059272335,5.6705951237553425,-0.18892317267976783
21.7,-0.8172499251622272,2.2944231652007843,-4.1646487656161115,5.634802720581259,-0.1889231726797692
21.708333333333332,-0.797019865479289,2.5594919414023583,-4.1178368511155705,5.600341679929615,-0.18892317267976616
21.716666666666665,-0.7746131682874063,2.8168418209945916,-4.071303780820045,5.568028038825086,-0.18892317267976796
21.725,-0.7500935341682913,3.0666180521117306,-4.025027896528068,5.538768284702267,-0.18892317267976846
21.733333333333334,-0.7235236530548868,3.3089076254554293,-3.9789800797580277,5.513426046522703,-0.188923172679767
21.741666666666667,-0.6949659278093647,3.5436846136646527,-3.933124579768367,5.492713769765342,-0.18892317267976771
21.75,-0.6644835881848371,3.770771407216459,-3.887420623719611,5.477113591908359,-0.18892317267976735
21.758333333333333,-0.6321420596160933,3.9898161922787128,-3.8418245646754023,5.466827036577267,-0.18892317267976794
21.766666666666666,-0.5980104567388751,4.2002851960226035,-3.7962923390574,5.46175039127391,-0.18892317267976788
21.775,-0.5621630879219007,4.401467383773446,-3.750782036964036,5.461471504854496,-0.18892317267976677
21.78333333333333,-0.524680877379601,4.592489143824897,-3.7052564249513247,5.465283721089225,-0.18892317267976852
21.791666666666668,-0.4856526311723186,4.7723367264332,-3.6596852945068648,5.472213215549149,-0.18892317267976788
21.8,-0.44517609053396806,4.939884564435958,-3.6140475376115786,5.481056709530677,-0.1889231726797666
21.808333333333334,-0.4033587301237321,5.093927937711294,-3.5683328733409683,5.490427144411195,-0.18892317267976888
21.816666666666666,-0.36031827055221766,5.233218679373374,-3.5225431677604844,5.498805302714251,-0.188923172679768
21.825,-0.3161828847953297,5.356502745096418,-3.47669330523696,5.504595548076806,-0.18892317267976688
21.833333333333332,-0.2710910877412401,5.462558500402059,-3.430811584357479,5.506183872651727,-0.18892317267976907
21.841666666666665,-0.22519130771481977,5.550234561986311,-3.3849396270392442,5.501996359336252,-0.1889231726797683
21.85,-0.17864114865637365,5.618485998472796,-3.3391318056279182,5.490556062264392,-0.1889231726797676
21.858333333333334,-0.1316063616454898,5.666407687985383,-3.2934542097284933,5.470536246143248,-0.188923172679769
21.866666666666667,-0.08425955435627398,5.693263669581057,-3.247983191643898,5.440807949712057,-0.18892317267976855
21.875,-0.03677867634577586,5.698511426921157,-3.2028035457584094,5.400479977817396,-0.18892317267976838
21.883333333333333,0.010654673726870336,5.6818202092583965,-3.1580063919902197,5.348929688609676,-0.18892317267976885
21.891666666666666,0.05785706630217303,5.643082721831695,-3.1136868455532243,5.285823319578159,-0.18892317267976882
21.9,0.10464512744857826,5.582419793502175,-3.0699415638256546,5.211125068709472,-0.18892317267976938
21.90833333333333,0.15083743462414745,5.500177937908993,-3.0268662654409706,5.125094686506316,-0.1889231726797687
21.916666666666668,0.1962563632217805,5.3969200470655965,-2.9845533163769313,5.028273907214093,-0.18892317267976913
21.925,0.24072982877159094,5.27340977369651,-2.9430894726950583,4.921462617136208,-0.18892317267977
21.933333333333334,0.28409287555460166,5.13059045152256,-2.902553859851232,4.805686187928406,-0.18892317267976866
21.941666666666666,0.3261890705370644,4.969559653293986,-2.863016254637042,4.682155858870658,-0.1889231726797695
21.95,0.3668716715483304,4.791540679182734,-2.824535718562594,4.552224404261022,-0.1889231726797702
21.958333333333332,0.4060045499614946,4.597852391276221,-2.787159611824985,4.417339547078202,-0.18892317267976905
21.966666666666665,0.4434628601814211,4.38987885619818,-2.7509229960464996,4.278997664125699,-0.1889231726797697
21.975,0.479133460348042,4.169040225802548,-2.7158484129064338,4.138700268468722,-0.18892317267977024
21.983333333333334,0.5129151001864565,3.93676618004297,-2.681946005793601,3.997915561647255,-0.18892317267976932
21.991666666666667,0.5447184023039064,3.69447308683661,-2.649213933710294,3.8580470415245856,-0.18892317267976974
22.0,0.5744656719759087,3.4435458156322247,-2.617639011692955,3.720410760378178,-0.18892317267977007
22.008333333333333,0.6020905772438414,3.1853248910059175,-2.5871975005497587,3.5862223839110676,-0.18892317267976982
22.016666666666666,0.6275377457590772,2.921099405387436,-2.5578559610660996,3.4565947344869867,-0.18892317267976994
22.025,0.6507623271650763,2.6521058369390276,-2.5295720840978353,3.332546031284373,-0.18892317267977
22.03333333333333,0.6717295698808946,2.379532643284441,-2.5022954081494246,3.2150185720972546,-0.18892317267977024
22.041666666666668,0.6904144589013098,2.104530218438784,-2.4759678401352425,3.1049071241830783,-0.1889231726797701
22.05,0.7068014565344756,1.8282254932891497,-2.450523903240466,3.0030957744752107,-0.18892317267976994
22.058333333333334,0.720884380566716,1.5517401055133813,-2.4258906486436027,2.910501387267085,-0.1889231726797703
22.066666666666666,0.732666443665031,1.2762106354318465,-2.401987186262916,2.828121078323803,-0.18892317267977016
22.075,0.7421604631750294,1.00280887704309,-2.378723814975589,2.757080195394769,-0.18892317267977013
22.083333333333332,0.7493892309889177,0.732759482930617,-2.356000766506149,2.698676186030712,-0.18892317267977027
22.091666666666665,0.7543860080772534,0.4673516179483553,-2.3337066208014043,2.6544124900401047,-0.18892317267977035
22.1,0.7571950773092775,0.20794056823641474,-2.311716504734574,2.6260153788691225,-0.18892317267977063
22.108333333333334,0.7578722521071052,-0.04406524960879627,-2.289890248985433,2.615425790840436,-0.18892317267977005
22.116666666666667,0.7564851998989747,-0.2872364793091268,-2.268070745159864,2.624758170338427,-0.1889231726797705
22.125,0.7531134035160751,-0.5201780428995727,-2.2460828070841474,2.656219760095265,-0.18892317267977113
22.133333333333333,0.7478475590835996,-0.7416092290146205,-2.2237328814471957,2.7119874162847712,-0.18892317267977013
22.141666666666666,0.7407882070372046,-0.9504670072375295,-2.200809953071633,2.79404531450506,-0.18892317267977066
22.15,0.7320434263625035,-1.1460259653881044,-2.1770879265841843,2.9039957938477574,-0.18892317267977077
22.15833333333333,0.7217255011806609,-1.3280224561184375,-2.1523296215501957,3.0428658930700543,-0.18892317267977077
22.166666666666668,0.7099465952461474,-1.496765265639336,-2.1262922898010896,3.2109413706453065,-0.1889231726797708
22.175,0.6968136311148689,-1.65321242218218,-2.0987342750766564,3.407664584262771,-0.18892317267976966
22.183333333333334,0.6824227361895143,-1.798995737045778,-2.0694221404425184,3.6316289752826045,-0.1889231726797717
22.191666666666666,0.6668537429707829,-1.9363824129589708,-2.038137365677777,3.88068938167119,-0.1889231726797708
22.2,0.6501652698343829,-2.068175624893472,-2.0046816421021383,4.152185959814804,-0.18892317267976777
22.208333333333332,0.6323908333739753,-2.197570134862263,-1.9688799096667682,4.4432560998558905,-0.188923172679773
22.216666666666665,0.6135362591216945,-2.3279902395718026,-1.930580573703705,4.751191388193576,-0.18892317267977068
22.225,0.5935784053867705,-2.4629419578666636,-1.889652726702711,5.073791852570438,-0.18892317267976216
22.233333333333334,0.5724649568009695,-2.6059083252568818,-1.8459805685370585,5.4096791346221345,-0.18892317267977893
22.241666666666667,0.5501148365997819,-2.7603081460946743,-1.7994554599411043,5.758550275267538,-0.18892317267976982
22.25,0.5264186586327643,-2.9295287488423827,-1.7499660965946837,6.121377940215665,-0.18892317267974185
22.258333333333333,0.5012385839109409,-3.1170364839353772,-1.6973871465097528,6.500585376846926,-0.18892317267980233
22.266666666666666,0.47440692347947827,-3.326567925779819,-1.641566377784907,6.9002429714409415,-0.18892317267976638
22.275,0.44572278152337486,-3.56241171056746,-1.582309842932044,7.326350323070943,-0.18892317267966374
22.28333333333333,0.4149458891309023,-3.8298072768447398,-1.5193640673269804,7.787290080525494,-0.18892317267990083
22.291666666666668,0.3817864491078821,-4.1355161449628906,-1.4523933237111857,8.294579242272059,-0.18892317267975117
22.3,0.3458891545929671,-4.488672847982726,-1.3809487426254716,8.864120604987557,-0.18892317267927744
22.308333333333334,0.3068083000351874,-4.902116852146712,-1.30442375371442,9.518310533990077,-0.18892317268041792
22.316666666666666,0.26396855155183613,-5.3945891303708775,-1.22198624157896,10.289670468644202,-0.18892317267966396
22.325,0.21660139186145005,-5.994546076215252,-1.132469877079338,11.227314976598095,-0.18892317267673242
22.333333333333332,0.16363819384309178,-6.747101964480021,-1.0341911965717039,12.40891981916749,-0.1889231726832199
22.341666666666665,0.10352283196633195,-7.727044688936364,-0.9246268906278285,13.963482090497623,-0.1889231726799589
22.35,0.03387569735485706,-9.062014673815392,-0.7998285077093158,16.11273807700431,-0.18892317269233705
22.358333333333334,-0.04905526140739866,-10.953226458105414,-0.6534435742454102,19.212758766577192,-0.18892317267615133
22.366666666666667,-0.15054886794890496,-13.473078187143331,-0.47631180230277165,23.427931587962284,-0.18892317267880843
22.375,-0.2712840806089882,-15.033931055551,-0.26655726288010434,26.14481946702278,-0.18892317269619907
22.383333333333333,-0.3907597125934238,-13.199946712646867,-0.05762295594666842,23.282822853179553,-0.18892317268683356
22.391666666666666,-0.4893425155122406,-10.536788697278302,0.11862223970718784,19.165476555268516,-0.18892317281452753
22.4,-0.5682678381662811,-8.515021597246163,0.265246900808018,16.220800801018076,-0.18892317267768372
22.40833333333333,-0.6327542028705588,-7.032099391999743,0.391644649587648,14.241450191122999,-0.18892317268479702
22.416666666666668,-0.6863904938028116,-5.8835701257214845,0.5042836898605361,12.871696655046335,-0.188923172674744
22.425,-0.7313813532542979,-4.941102598951943,0.6072525012738439,11.893560468723926,-0.18892317267767766
22.433333333333334,-0.769102007628844,-4.129106246452048,0.7032432040154624,11.181094313751963,-0.18892317267922154
22.441666666666666,-0.80043280022437,-3.401528240476708,0.794130078942631,10.658879948473116,-0.18892317267711967
22.45,-0.8259462901918746,-2.7290440024637594,0.8812862162682812,10.279380450866572,-0.1889231726776503
22.458333333333332,-0.8460156271502756,-2.092320098442755,0.9657608029561086,10.010959139758093,-0.18892317267791858
22.466666666666665,-0.8608812485712115,-1.4784039222496772,1.0483815862274912,9.831293864329133,-0.18892317267755443
22.475,-0.8706949830528087,-0.8787401423311477,1.1298152238893984,9.723559218031896,-0.1889231726776494
22.483333333333334,-0.8755516336767404,-0.28806181046740387,1.210602615942812,9.674093982375307,-0.18892317267770745
22.491666666666667,-0.8755135175753905,0.29623928185508175,1.291178642154884,9.670918388211284,-0.1889231726776367
22.5,-0.8706309357571609,0.8744887426494571,1.3718819182396536,9.702785650794898,-0.18892317267764952
22.508333333333333,-0.8609600480933589,1.4449958632207747,1.4529583136286333,9.758616951146639,-0.18892317267764908
22.516666666666666,-0.846578625581632,2.0043111014488217,1.534561112842039,9.827254327734558,-0.18892317267766356
22.525,-0.8275994319936383,2.5475474319072715,1.6167503406986163,9.897503671733446,-0.1889231726776495
22.53333333333333,-0.8041804972406645,3.0688095888173192,1.6994935742061539,9.958443119837463,-0.18892317267762793
22.541666666666668,-0.7765313220145178,3.561739203102273,1.7826702736464515,9.999948005137037,-0.18892317267766612
22.55,-0.7449141625554243,4.020140942051465,1.8660810938111578,10.013342408186494,-0.18892317267765008
22.558333333333334,-0.7096400120916223,4.4386137120668065,1.949462708652467,9.992046440236791,-0.1889231726776492
22.566666666666666,-0.6710596481327684,4.8130862261803795,2.0325074912088237,9.932069688759956,-0.1889231726776419
22.575,-0.6295509574130143,5.141161026996701,2.114886202033066,9.832222613866243,-0.18892317267765138
22.583333333333332,-0.5855044136735528,5.422208603661502,2.1962710107385393,9.693981350190237,-0.1889231726776743
22.591666666666665,-0.5393088329663365,5.657211930302826,2.2763559952467305,9.521028699817174,-0.1889231726776299
22.6,-0.4913392793639174,5.848419341795423,2.354872799206718,9.318572954309184,-0.18892317267765146
22.608333333333334,-0.44194834389615856,5.998898861338442,2.431600181252318,9.092587952723543,-0.18892317267766395
22.616666666666667,-0.3914612073773964,6.112090536438363,2.506367393559281,8.849112385944629,-0.188923172677641
22.625,-0.3401741747427024,6.191430423015933,2.5790523221289474,8.593704846701103,-0.188923172677651
22.633333333333333,-0.28835589776949166,6.240084849144222,2.6495758968818874,8.331095955890538,-0.18892317267764858
22.641666666666666,-0.2362503234045898,6.260800716795374,2.7178944132998457,8.065030737078539,-0.1889231726776503
22.65,-0.1840804588759543,6.255855190233706,2.78399121070979,7.79826418978896,-0.1889231726776505
22.65833333333333,-0.13205223440405617,6.227077779307528,2.84786878412629,7.532661552356,-0.18892317267764533
22.666666666666668,-0.08035797840066619,6.175916861798567,2.9095420042218336,7.269356914298312,-0.1889231726776523
22.675,-0.02917923710154578,6.103527078039842,2.9690327695735035,7.008933104391825,-0.1889231726776505
22.683333333333334,0.02131115894812711,6.010860355410036,3.026366152986485,6.751596969283547,-0.18892317267764752
22.691666666666666,0.07094776157296642,5.898749446196234,3.0815679314245736,6.497334256737971,-0.18892317267765152
22.7,0.11957181380603049,5.767977821115816,3.134663291798898,6.246036130693651,-0.18892317267765074
22.708333333333332,0.16703107442456241,5.6193333450881395,3.185676462637632,5.9975947883668,-0.18892317267765002
22.716666666666665,0.21318002093010832,5.4536455412186955,3.2346310162910226,5.751969139793329,-0.18892317267765082
22.725,0.2578802987378923,5.271807713379193,3.2815506037665,5.509223580736157,-0.18892317267765096
22.733333333333334,0.3010012987307304,5.074786024689496,3.3264599147229506,5.2695440056168765,-0.18892317267765135
22.741666666666667,0.3424207647314344,4.863618034006441,3.369385692131921,5.033235707550749,-0.18892317267765074
22.75,0.3820253539959346,4.639403323758209,3.4103576705016367,4.800707919506791,-0.1889231726776512
22.758333333333333,0.41971109567737325,4.403288805257035,3.4494093456909876,4.572449598815146,-0.18892317267765174
22.766666666666666,0.4553837131361252,4.156451121029785,3.486578521419884,4.349000726903203,-0.18892317267765096
22.775,0.4889587951462346,3.9000783156090235,3.5219076113493646,4.130922938690448,-0.18892317267765144
22.78333333333333,0.5203618179130907,3.635352643722907,3.555443705167763,3.91877275081395,-0.18892317267765169
22.791666666666668,0.5495280340126795,3.3634360501829317,3.5872384318977253,3.7130800604875165,-0.18892317267765132
22.8,0.576402255705083,3.085459508818362,3.6173476733416337,3.5143339716250974,-0.18892317267765155
22.808333333333334,0.6009385685356277,2.8025170657204965,3.6458311951943436,3.3229774027728225,-0.1889231726776515
22.816666666666666,0.62310001681401,2.5156651078314383,3.672752273085602,3.1394113658837712,-0.18892317267765169
22.825,0.6428583056378971,2.22592707825173,3.698177396033912,2.964009287645939,-0.18892317267765174
22.833333333333332,0.6601935648064643,1.9343035832479492,3.7221761308944608,2.7971412722022944,-0.18892317267765152
22.841666666666665,0.6750942184099373,1.6417875725007869,3.7448212286638203,2.6392077548794264,-0.1889231726776519
22.85,0.6875570001166539,1.349384004488276,3.766189047014547,2.490681533604906,-0.18892317267765177
22.858333333333334,0.6975871480512539,1.058133106496356,3.7863603528547998,2.352156637189518,-0.1889231726776514
22.866666666666667,0.7051988042665802,0.7691359725586241,3.80542155326393,2.2244018390894036,-0.18892317267765193
22.875,0.7104156314945204,0.48358078181694947,3.8234663815749594,2.108415794750248,-0.18892317267765185
22.883333333333333,0.7132716432229592,0.20276734070015426,3.840598035971239,2.005479728656153,-0.18892317267765182
22.891666666666666,0.7138122211584657,-0.07187305139972075,3.8569317288318437,1.9172023173250905,-0.18892317267765196
22.9,0.7120952658361124,-0.3387662162380755,3.872597554477564,1.845549962887718,-0.18892317267765193
22.90833333333333,0.7081923909791114,-0.5961968190566683,3.887743520071012,1.7928541842106376,-0.18892317267765224
22.916666666666668,0.7021900305855949,-0.842328520901558,3.9025385102094208,1.7617866685537327,-0.18892317267765207
22.925,0.6941902817226135,-1.075248185359083,3.9171748744728756,1.7552921155152377,-0.1889231726776522
22.933333333333334,0.6843112604014965,-1.2930392933024075,3.9318702480760503,1.7764700690777167,-0.18892317267765216
22.941666666666666,0.6726867111403523,-1.4938879802260332,3.946868154679578,1.8284003492156238,-0.18892317267765216
22.95,0.6594645956662905,-1.6762215812741956,3.962436920702912,1.9139133394821297,-0.18892317267765235
22.958333333333332,0.6448044092570272,-1.8388739044390685,3.978866481572978,2.035316756630552,-0.18892317267765169
22.966666666666665,0.6288730520077069,-1.981263837460199,3.996462812113248,2.194104113763812,-0.18892317267765296
22.975,0.6118392291137411,-2.103565476695532,4.015539984634236,2.3906846559003845,-0.18892317267765243
22.983333333333334,0.5938665666641484,-2.2068411409910462,4.036410240707898,2.6241857440178324,-0.18892317267765116
22.991666666666667,0.5751058805187762,-2.2931067733604364,4.059372904128572,2.8923806406903063,-0.18892317267765305
23.0,0.5556872702241038,-2.365305519239094,4.084703363240715,3.1917822366946527,-0.18892317267765293
23.008333333333333,0.5357128531314418,-2.4271807558506286,4.112643582039781,3.5179153332738307,-0.18892317267765124
23.016666666666666,0.515250937898781,-2.4830617450475225,4.143395550527426,3.865742342322241,-0.1889231726776529
23.025,0.49433223340492627,-2.5375967860085527,4.177118720732535,4.230181724095303,-0.1889231726776531
23.03333333333333,0.4729483335991429,-2.5954824051430263,4.213931871911626,4.606638720172608,-0.18892317267764777
23.041666666666668,0.4510523023057854,-2.6612376835809446,4.253919177968854,4.9914720586879575,-0.1889231726776554
23.05,0.42856081542240876,-2.7390608814936037,4.297139710556197,5.382346438961483,-0.1889231726776532
23.058333333333334,0.4053570839286192,-2.832786905292186,4.3436393466612255,5.778458286406547,-0.18892317267763328
23.066666666666666,0.38129370275016966,-2.9459466700667423,4.393464101675825,6.18065867537733,-0.18892317267766917
23.075,0.3561946110118326,-3.0819191143184135,4.446674226845626,6.591523833859511,-0.1889231726776528
23.083333333333332,0.32985543517752103,-3.244166167718887,4.5033589006955985,7.015438999196078,-0.18892317267758385
23.091666666666665,0.3020415349907993,-3.436550321191492,4.56365193282436,7.458770886850584,-0.18892317267772338
23.1,0.27248300373017786,-3.663753172333431,4.627749574035813,7.930217226578379,-0.18892317267765307
23.108333333333334,0.2408656056521904,-3.9318433150518812,4.695932371086158,8.441451627020836,-0.1889231726773734
23.116666666666667,0.20681604516011515,-4.249090567082169,4.768594228762974,9.008247478194408,-0.18892317267796915
23.125,0.16987883440509158,-4.627208670631666,4.846283869995266,9.652399760971091,-0.18892317267765413
23.133333333333333,0.12947991217846233,-5.0833693196796705,4.929767551227199,10.405038081132323,-0.18892317267614478
23.141666666666666,0.0848681338413099,-5.6436496335174375,5.020128897907749,11.312486660202307,-0.1889231726793616
23.15,0.0350178613653613,-6.349217816698555,5.1189356048329016,12.44698207866569,-0.18892317267774106
23.15833333333333,-0.021539501653124606,-7.267739709450845,5.228530308298431,13.92674861822526,-0.18892317267907566
23.166666666666668,-0.08701292209609668,-8.513336471135915,5.35255099229611,15.951957629060786,-0.1889231726886671
23.175,-0.1648327479339473,-10.264992094396428,5.496794355633444,18.842137326061568,-0.18892317285571847
23.183333333333334,-0.2598497350128991,-12.614144111384782,5.6696907223383795,22.79424769655887,-0.18892317263868597
23.191666666666666,-0.37361960379625336,-14.32034749664812,5.874611343963982,25.788691858787864,-0.18892317276460602
23.2,-0.48892936495427847,-12.86320788849605,6.083798462119976,23.61868753582263,-0.18892317274840742
23.208333333333332,-0.5849928211014174,-10.231214632596767,6.263655734908253,19.63769711341101,-0.18892317279648452
23.216666666666665,-0.6610902565283874,-8.13817111703148,6.414179534162425,16.681638127544204,-0.18892317268990583
23.225,-0.7221142731569901,-6.578549680202099,6.544393831973124,14.700201696849861,-0.18892317267852032
23.233333333333334,-0.7716634161530525,-5.3566105766263945,6.660918587568557,13.34839959880112,-0.18892317267413583
23.241666666666667,-0.8119617960667704,-4.34184897452018,6.7679857135340145,12.402300718528398,-0.1889231726734304
23.25,-0.8443846037720583,-3.456597435257016,6.86838119126916,11.730592787098455,-0.18892317267570657
23.258333333333333,-0.869798984649887,-2.653710636852791,6.964034863413489,11.253936694237089,-0.18892317267408892
23.266666666666666,-0.8887587045463332,-1.903578989191057,7.056346394625181,10.921651111621262,-0.1889231726740508
23.275,-0.9016185190027091,-1.187231402273738,7.146366651678858,10.69919966067062,-0.1889231726744339
23.28333333333333,-0.9086059141537646,-0.4926525095840975,7.234900732087282,10.56128031090494,-0.18892317267416664
23.291666666666668,-0.9098698836975654,0.1872243259724701,7.322566809545299,10.487826646035112,-0.18892317267415246
23.3,-0.9055170561044008,0.8556395086049579,7.409828911136019,10.461600684824106,-0.18892317267421616
23.308333333333334,-0.8956405923525693,1.512672640371176,7.4970138755788405,10.466730289470668,-0.18892317267418174
23.316666666666666,-0.880344531078331,2.1557024992890486,7.584318893187305,10.48787602598507,-0.1889231726741786
23.325,-0.8597645753685139,2.7798226680779625,7.671814163928844,10.509875331082565,-0.18892317267414416
23.333333333333332,-0.8340852215330365,3.378317132690508,7.759444286504384,10.517782811479979,-0.1889231726741843
23.341666666666665,-0.8035524657131669,3.9432509713870894,7.847031404311258,10.497239301394773,-0.18892317267418712
23.35,-0.7684810799263883,4.46617888906137,7.934282496648023,10.435079536247725,-0.18892317267413744
23.358333333333334,-0.7292556526652088,4.9389204737622805,8.020802293168014,10.320049330602194,-0.18892317267417688
23.366666666666667,-0.6863252099022045,5.354307338547353,8.106112071025128,10.14347245025474,-0.1889231726741768
23.375,-0.6401921195303378,5.706789590424284,8.189673239738596,9.899708877471339,-0.18892317267418898
23.383333333333333,-0.5913968683861469,5.992807813883733,8.270913461455295,9.586292516285466,-0.18892317267416867
23.391666666666666,-0.5405008851786602,6.21088852272269,8.349252450164807,9.20371960776689,-0.18892317267416822
23.4,-0.4880696584684823,6.361487235567272,8.424124744982308,8.754951574676696,-0.18892317267420708
23.40833333333333,-0.43465795120542916,6.446658680930825,8.494997593094471,8.244763700022933,-0.1889231726741729
23.416666666666668,-0.3807981204121226,6.4696590889971475,8.561383294118837,7.679091475039757,-0.18892317267417374
23.425,-0.32699169049571536,6.434576820614633,8.622846536816665,7.0644988493082685,-0.1889231726741868
23.433333333333334,-0.27370365314610096,6.346054407237272,8.679008065641503,6.407834691063569,-0.18892317267417993
23.441666666666666,-0.22135861467435622,6.209123316412138,8.729546296783294,5.716079739940767,-0.18892317267417874
23.45,-0.1703378931493512,6.029136305553964,8.774198297066816,4.9963355818610395,-0.1889231726741803
23.458333333333332,-0.12097690148082044,5.811758890576411,8.81276100210743,4.255879381390823,-0.18892317267418085
23.466666666666665,-0.07356251777040572,5.562973213857979,8.845092883558884,3.5022044680479576,-0.18892317267417807
23.475,-0.028330520267207077,5.289052762836142,8.87111566666137,2.7429835060770413,-0.1889231726741878
23.483333333333334,0.014536546798389265,4.996481432607347,8.89081529188193,1.9859214044587972,-0.18892317267417763
23.491666666666667,0.05491057208236658,4.691810730743384,8.904241190357688,1.2385012338830053,-0.1889231726741767
23.5,0.09271767083631273,4.381469146553205,8.911503111865617,0.5076591197125528,-0.18892317267418873
23.508333333333333,0.12793628774184596,4.071552582222899,8.912765141333185,-0.2005550516491573,-0.18892317267417508
23.516666666666666,0.16059359512630053,3.7676305380900703,8.908237042201467,-0.8812703901112694,-0.18892317267417735
23.525,0.19076045128562266,3.474598659713938,8.898163527719094,-1.5309933379701535,-0.18892317267418285
23.53333333333333,0.2185453944575739,3.1965967406985354,8.882812365545657,-2.1476876020413647,-0.18892317267417447
23.541666666666668,0.24408824738516297,2.9369968763984042,8.86246230954684,-2.730738117049198,-0.18892317267417852
23.55,0.26755389127699586,2.698453809421208,8.837391738597775,-3.2808226107711347,-0.18892317267417807
23.558333333333334,0.2891266648525197,2.4830015976238915,8.807868630481908,-3.799725885061628,-0.18892317267417608
23.566666666666666,0.30900569820281687,2.2921783119930907,8.774142192882415,-4.290133701067267,-0.18892317267417988
23.575,0.3274013446895265,2.1271624904684856,8.736436184330952,-4.755437914300284,-0.18892317267417402
23.583333333333332,0.34453275659542365,1.9889096954696877,8.694943728604843,-5.199576030302333,-0.1889231726741777
23.591666666666665,0.36062657590539104,1.878283016050491,8.64982326896188,-5.6269199416442595,-0.18892317267418168
23.6,0.3759166824985856,1.7961765916170531,8.601195213489135,-6.042222391460448,-0.18892317267416536
23.608333333333334,0.39064495379640624,1.7436357880135784,8.549138766554597,-6.450626703343353,-0.18892317267418118
23.616666666666667,0.4050630371741871,1.7219816895561293,8.493688395409102,-6.857745871881838,-0.18892317267418648
23.625,0.41943521707974435,1.732951677079319,8.434829314848924,-7.26982145960226,-0.1889231726741421
23.633333333333333,0.4340425771722704,1.7788730044638672,8.37249125259117,-7.693981557191004,-0.188923172674188
23.641666666666666,0.4491888280378296,1.8628938773411376,8.306539540524447,-8.138631977797493,-0.1889231726742007
23.65,0.4652084217974546,1.9893087059521395,8.236762199015443,-8.614039203819344,-0.18892317267406025
23.65833333333333,0.48247795701801155,2.1640342201675717,8.162851041588668,-9.13320339412651,-0.18892317267420125
23.666666666666668,0.501432474826303,2.3953256946120414,8.084373759184588,-9.713184688410301,-0.18892317267425113
23.675,0.5225891851637939,2.6948721226429933,8.000732186963859,-10.37714803842984,-0.18892317267378292
23.683333333333334,0.5465825684787535,3.0794678600918552,7.9110991909251736,-11.157527582880729,-0.18892317267413997
23.691666666666666,0.5742165023850541,3.5734420262737214,7.814322885826756,-12.100762937428332,-0.1889231726741782
23.7,0.6065389981596339,4.211466367761593,7.708785155242171,-13.273287444670366,-0.1889231726775119
23.708333333333332,0.6449314972338183,5.037924509160643,7.592220438024041,-14.763010727289663,-0.18892317266817416
23.716666666666665,0.6911195473964453,6.082085286323146,7.461636508046126,-16.642461425130808,-0.18892317266027842
23.725,0.7466226637303428,7.225662351459275,7.3141274220414925,-18.752845365138274,-0.18892317260135288
23.733333333333334,0.8102020892818813,7.867107802567646,7.1510219305339335,-20.136857534556597,-0.1889231727345912
23.741666666666667,0.8740003201065663,7.2208277251294914,6.984358983070045,-19.514156305978048,-0.18892317267091735
23.75,0.9280994530049937,5.701361156589149,6.829456891061004,-17.583046160812984,-0.18892317263636788
23.758333333333333,0.9689244316603332,4.1223087737774335,6.691135277304295,-15.67357044925031,-0.18892317269561487
23.766666666666666,0.9973756857248468,2.741442483416556,6.56705890593877,-14.17395863252866,-0.18892317267470468
23.775,1.0151487084822302,1.5518834458353308,6.453887452090479,-13.038790382368918,-0.18892317267469624
23.78333333333333,1.0236353950941335,0.5049505502853148,6.3490331140214415,-12.160996700777035,-0.18892317267470496
23.791666666666668,1.023849535564449,-0.438916210468157,6.250736555765588,-11.452352548801388,-0.1889231726748237
23.8,1.0165334523131524,-1.3056376263253076,6.1578719173349254,-10.848186877635374,-0.18892317267499664
23.808333333333334,1.0022596686836087,-2.1106489212017348,6.069776371369335,-10.300941708090576,-0.1889231726748417
23.816666666666666,0.9815040818642496,-2.8621852624177695,5.9861322646876,-9.774581303486126,-0.1889231726748407
23.825,0.954695091340228,-3.5637638527776017,5.906887135285345,-9.241053969399038,-0.1889231726747726
23.833333333333332,0.9222448513552901,-4.21603633586268,5.832196346192008,-8.678296657331495,-0.18892317267491132
23.841666666666665,0.8845668644338494,-4.818246420671365,5.76237798324727,-8.06920144781098,-0.18892317267484515
23.85,0.8420825526767053,-5.36943288620119,5.697873939920919,-7.40110138951219,-0.18892317267479664
23.858333333333334,0.7952186517748682,-5.869432981266532,5.639214285661734,-6.665450147824111,-0.18892317267486408
23.866666666666667,0.744397049406543,-6.319690838831399,5.586984356205579,-5.857455162472532,-0.18892317267484637
23.875,0.6900187388528635,-6.723859970489431,5.541795706275523,-4.9754948672702,-0.18892317267490094
23.883333333333333,0.6324436083220065,-7.088203299641408,5.504263201827099,-4.020215658507161,-0.18892317267481024
23.891666666666666,0.5719676162068492,-7.421831216030077,5.474991158140499,-2.9932592505803957,-0.18892317267484987
23.9,0.5087983580236216,-7.7368696578705505,5.454571692449299,-1.89560103036044,-0.1889231726748163
23.90833333333333,0.44302901708902453,-8.048710913711247,5.44359864756058,-0.7254641795504139,-0.18892317267491943
23.916666666666668,0.37460912889000675,-8.376572054871426,5.44270103572615,0.5243111966557232,-0.18892317267486364
23.925,0.3033083341164551,-8.744683053609714,5.4526016359713605,1.869745064327589,-0.18892317267419262
23.933333333333334,0.22866606726752162,-9.184563728431192,5.474210012448147,3.340626684702064,-0.188923172675256
23.941666666666666,0.14991573562087943,-9.738961149472205,5.508765322404798,4.987692851389707,-0.18892317267500025
23.95,0.06586840894715063,-10.467476913311431,5.558049319183062,6.892017375621234,-0.18892317268060055
23.958333333333332,-0.02524431269403008,-11.448750509823784,5.624663949944444,9.167697686890536,-0.18892317264216474
23.966666666666665,-0.12583032211006034,-12.742624153027165,5.712129903576561,11.895015162365267,-0.18892317267829045
23.975,-0.23801168504912662,-14.145704703111422,5.823275829435796,14.698651410884557,-0.18892317257920027
23.983333333333334,-0.35913509587656994,-14.659406058716666,5.952503321061659,15.837186057233502,-0.1889231727033046
23.991666666666667,-0.47763142371005946,-13.573925630878612,6.078756615991549,14.089040340006102,-0.18892317264413905
24.0,-0.5839623812345867,-11.95230090718479,6.184616838305091,11.315200432356892,-0.18892317274659975
24.008333333333333,-0.6775541475698654,-10.565842483309853,6.268394737342959,8.87961607707146,-0.18892317266292036
24.016666666666666,-0.7609453988314676,-9.49480154582749,6.3340289406895005,6.9485686610009,-0.18892317267950842
24.025,-0.8364573346335743,-8.660633839119297,6.385285777021135,5.407650303692366,-0.18892317267941727
24.03333333333333,-0.9057381395854818,-7.988838329896689,6.424924955205683,4.144658437793456,-0.18892317268010034
24.041666666666668,-0.9699087795738097,-7.4270939340301485,6.45491916704386,3.0826394010788856,-0.18892317267981473
24.05,-1.02972953630018,-6.940051790567568,6.476720946316086,2.171917259425402,-0.1889231726793932
24.058333333333334,-1.0857159343622316,-6.503510306775499,6.491448232053551,1.380516191316263,-0.18892317267969128
24.066666666666666,-1.138214119737574,-6.1005150197042886,6.5000024424281255,0.6875827624387357,-0.1889231726796204
24.075,-1.1874504289897918,-5.718958124781046,6.503142486251688,0.0792250957623515,-0.1889231726795386
24.083333333333332,-1.2335651600668756,-5.350107526327715,6.501530999631564,-0.45411682895386196,-0.18892317267959596
24.091666666666665,-1.2766365693914337,-4.9876831753672315,6.495762885968378,-0.919364347314465,-0.1889231726795852
24.1,-1.3166986183573703,-4.627251908665818,6.486382363699884,-1.3219090452982798,-0.1889231726795636
24.108333333333334,-1.353754517456928,-4.2658074147437945,6.473892460144288,-1.6663425735876596,-0.18892317267958053
24.116666666666667,-1.3877872604527004,-3.9014583519063324,6.458759558857162,-1.9569297939448485,-0.18892317267957837
24.125,-1.4187678504465517,-3.5331809747036518,6.441414795385895,-2.1979023428818056,-0.18892317267956724
24.133333333333333,-1.4466616457061054,-3.160612442504831,6.422253568112305,-2.3936247167954785,-0.1889231726795776
24.141666666666666,-1.4714331075465656,-2.7838726458772345,6.4016340612564875,-2.548670728866735,-0.18892317267957587
24.15,-1.493049161327357,-2.4034089476905813,6.379875401079308,-2.667839348820888,-0.1889231726795688
24.15833333333333,-1.511481350501248,-2.0198615458270335,6.357255851672826,-2.756132723588206,-0.1889231726795756
24.166666666666668,-1.5267069509113456,-1.6339484299036369,6.334011287912546,-2.8187142482876193,-0.18892317267957412
24.175,-1.5387092047985262,-1.2463689561444586,6.310334052105252,-2.8608603727868473,-0.18892317267957043
24.183333333333334,-1.5474768236953997,-0.8577244780862475,6.28637220212959,-2.8879162584385223,-0.18892317267957423
24.191666666666666,-1.553002892926871,-0.468453625608903,6.262229087202375,-2.9052624870412878,-0.18892317267957284
24.2,-1.5552832866711994,-0.078778940341853,6.237963136944692,-2.9182978631444314,-0.18892317267957118
24.208333333333332,-1.554314671582524,0.31133925969584786,6.2135877135278745,-2.9324420296766878,-0.18892317267957312
24.216666666666665,-1.5500921392380302,0.7022467173015566,6.1890708480286944,-2.953161212430008,-0.18892317267957162
24.225,-1.5426064630221976,1.0946425862246536,6.164334652720475,-2.986021012463221,-0.1889231726795727
24.233333333333334,-1.531840922123434,1.4896372537493345,6.1392541618960665,-3.036771931008173,-0.18892317267957037
24.241666666666667,-1.517767570719681,1.8888293040322914,6.113655294202377,-3.1114765259705535,-0.18892317267956912
24.25,-1.5003427478192641,2.294412991523061,6.087311535332384,-3.2166922811385357,-0.18892317267957826
24.258333333333333,-1.479501511827087,2.709331931811041,6.059938791491174,-3.359732305326115,-0.1889231726795601
24.266666666666666,-1.4551505263390987,3.1375016518781256,6.031187632042587,-3.5490382925313244,-0.18892317267955944
24.275,-1.4271586929319535,3.5841345231313295,6.000631780321041,-3.794718831096555,-0.18892317267960032
24.28333333333333,-1.395344483459301,4.056216947490881,5.9677511621080574,-4.1093334263653,-0.18892317267952505
24.291666666666668,-1.359458420466521,4.563210542818737,5.931907007381072,-4.509038110028467,-0.1889231726795263
24.3,-1.3191584684573594,5.118067774849628,5.89230539961499,-5.015236492421691,-0.1889231726796229
24.308333333333334,-1.2739754051307766,5.738620985326046,5.847944599870375,-5.656818444462984,-0.1889231726796613
24.316666666666666,-1.223265606458927,6.449120701243607,5.797542308654679,-6.472569090485974,-0.1889231726797227
24.325,-1.1661548048906274,7.280363013080447,5.739449906944004,-7.511012746416637,-0.1889231726767241
24.333333333333332,-1.1015068512517936,8.261505789381227,5.671613674898005,-8.815742281877267,-0.18892317268911604
24.341666666666665,-1.028069590603827,9.379180198148504,5.591846926005416,-10.354153473701604,-0.1889231726810188
24.35,-0.9452719359958527,10.454736208253157,5.499231938419338,-11.804906178684867,-0.1889231727310461
24.358333333333334,-0.8552025625445482,11.037307588555036,5.397565666688731,-12.3730850863246,-0.18892317269688952
24.366666666666667,-0.763575271245419,10.835519963707807,5.2970521636146595,-11.537136828301987,-0.1889231727058746
24.375,-0.6758593025787977,10.183748201214739,5.207615801750223,-9.859909918518209,-0.1889231726899363
24.383333333333333,-0.5939148389691662,9.496741053476336,5.1330330417333885,-8.052228436631253,-0.1889231726728654
24.391666666666666,-0.5172368855933603,8.929039144437237,5.073006614796615,-6.383147203343226,-0.18892317268088393
24.4,-0.44472840254604024,8.49324279283349,5.026180260929127,-4.880569591650235,-0.1889231726826071
24.40833333333333,-0.3753862047335879,8.164198972680833,4.991298387012544,-3.5095472202407536,-0.18892317268174064
24.416666666666668,-0.30844232848103853,7.913089385291774,4.967431768202433,-2.231030359978005,-0.1889231726818857
24.425,-0.24335525420487472,7.71471856958046,4.953942338130623,-1.014839477570328,-0.1889231726817408
24.433333333333334,-0.1797766269223902,7.547783557134461,4.950402217632031,0.15947949620418142,-0.18892317268183068
24.441666666666666,-0.1175229250922979,7.393849092664524,4.956518858774501,1.3042582347796539,-0.18892317268179898
24.45,-0.056555615154730655,7.236429512287718,4.972074857097793,2.4254792825784044,-0.18892317268182612
24.458333333333332,0.0030325351005892195,7.060437227454639,4.996881751557634,3.524355562142534,-0.18892317268172842
24.466666666666665,0.06102803477513561,6.8519763156623785,5.0307463843318985,4.598785736444755,-0.18892317268173708
24.475,0.11710666198181412,6.598390759537786,5.073449282929892,5.644800348339933,-0.18892317268186076
24.483333333333334,0.1708445286637516,6.288453244369323,5.1247353079033795,6.658065366539873,-0.1889231726817236
24.491666666666667,0.2217308597746258,5.912565248361347,5.184317115245151,7.635451523188169,-0.18892317268174047
24.5,0.269182006825339,5.462829735984931,5.251891877569305,8.576641241546646,-0.18892317268179887
24.508333333333333,0.31255505039116366,4.932856944443033,5.327171456800205,9.485749151139386,-0.18892317268180037
24.516666666666666,0.3511582050112816,4.317169290396448,5.409926226611328,10.372991801425151,-0.18892317268175685
24.525,0.3842541339672831,3.6100715072195024,5.500043518426136,11.2565693483402,-0.1889231726818048
24.53333333333333,0.4110510832530667,2.803826056126383,5.59760382472352,12.16512930393214,-0.1889231726816531
24.541666666666668,0.4306751533310699,1.8859052023166463,5.702982149149141,13.141476995642098,-0.1889231726815151
24.55,0.4421148187043336,0.8350368489587267,5.816988760235881,14.248493203308938,-0.18892317268208253
24.558333333333334,0.4441275534306424,-0.3837839531065447,5.941070929033296,15.577769045488987,-0.18892317268039205
24.566666666666666,0.4351111131486396,-1.8212961309544764,6.077584864522943,17.25562620731693,-0.18892317268195374
24.575,0.4130438439845669,-3.516610767204833,6.229991945700253,19.40460734752689,-0.1889231727534419
24.583333333333332,0.3761390867952049,-5.3182142984515455,6.401941605081675,21.855178384033522,-0.1889231726509541
24.591666666666665,0.3263566833376391,-6.395667170180531,6.591612486102807,23.319083412905034,-0.18892317268403258
24.6,0.2744852356073019,-5.783829906234451,6.783105146309872,22.233252369381432,-0.1889231726703534
24.608333333333334,0.23256060087866676,-4.229287863747459,6.9584656456685625,19.802427938859886,-0.1889231726893963
24.616666666666667,0.20384039778530097,-2.7023763606107156,7.11377497878194,17.550922208645595,-0.18892317265830183
24.625,0.18677865943355512,-1.4361134979823917,7.25235867843215,15.785473848571419,-0.18892317268795666
24.633333333333333,0.17925149093434134,-0.4048285959333115,7.377953944269362,14.41165788900286,-0.18892317268503828
24.641666666666666,0.17953009649235468,0.44540807993870773,7.493298425504943,13.30742769451891,-0.1889231726858039
24.65,0.18628688616353356,1.1554687844801268,7.6002409830477085,12.382939252540313,-0.18892317268484576
24.65833333333333,0.19847450008477505,1.7523895257591127,7.700009400765288,11.577420689359952,-0.1889231726851197
24.666666666666668,0.21522828693336868,2.253684167753694,7.79341399785681,10.850096877099475,-0.18892317268523806
24.675,0.2358027360043782,2.6709243241790857,7.8809844167927485,10.173492349044832,-0.18892317268505868
24.683333333333334,0.25953271424675217,3.01214838552172,7.963061264521127,9.529157107530503,-0.18892317268509962
24.691666666666666,0.2858109554995583,3.2834088919701454,8.039859249608304,8.9049691485485,-0.18892317268513797
24.7,0.31407589009867304,3.489746356465843,8.111512083634006,8.293371444858293,-0.18892317268508177
24.708333333333332,0.34380589374279286,3.6357812287677707,8.178105153410769,7.690151087220399,-0.18892317268509826
24.716666666666665,0.37451732110964553,3.7260466260250347,8.239699459687246,7.093536943729353,-0.18892317268512626
24.725,0.40576452638650035,3.765143810137254,8.2963489157621,6.503493989175825,-0.18892317268508302
24.733333333333334,0.4371406505154579,3.757779136860402,8.348112352544897,5.921151361807733,-0.1889231726850984
24.741666666666667,0.4682783805181708,3.7087268731317815,8.395061201710527,5.348333717187597,-0.18892317268511513
24.75,0.49885021168024196,3.622752009327569,8.437283651762447,4.787181802978385,-0.18892317268508843
24.758333333333333,0.5285679914656634,3.504518674342928,8.474885987411792,4.239854874044037,-0.18892317268509773
24.766666666666666,0.5571817053349347,3.358502200632758,8.507991769349244,3.7083089143311194,-0.18892317268510367
24.775,0.5844775866315244,3.188916236110585,8.536739457508991,3.1941435150161173,-0.18892317268509365
24.78333333333333,0.6102757037434317,2.999660758331551,8.561279014058599,2.6985085144411567,-0.18892317268509695
24.791666666666668,0.6344272078552337,2.794292581502903,8.581767942152679,2.222060166055692,-0.1889231726850974
24.8,0.656811424642072,2.576016985877923,8.598367128493337,1.7649561023191849,-0.18892317268509615
24.808333333333334,0.6773329536824472,2.347697323441732,8.61123676933319,1.326878744530833,-0.18892317268509637
24.816666666666666,0.6959189091966421,2.1118786452841576,8.62053257740799,0.9070778877262162,-0.1889231726850957
24.825,0.7125164019431975,1.8708212956577608,8.626402396106139,0.5044246963753423,-0.18892317268509629
24.833333333333332,0.727090329563719,1.6265407746609397,8.628983289401138,0.1174710146481226,-0.18892317268509626
24.841666666666665,0.7396215142518381,1.3808507741823708,8.628399132099691,-0.25549048889281467,-0.1889231726850961
24.85,0.7501052036823769,1.1354069809544416,8.624758693712163,-0.616368401965588,-0.18892317268509612
24.858333333333334,0.7585499339131302,0.8917499093464263,8.618154188736991,-0.9672187875723431,-0.18892317268509626
24.866666666666667,0.7649767410066701,0.6513456126784302,8.608660253949536,-1.3101966064294097,-0.18892317268509654
24.875,0.7694187005876323,0.41562359725951936,8.596333306930468,-1.6475128490811082,-0.18892317268509684
24.883333333333333,0.7719207704984627,0.18601162364601279,8.581211237265716,-1.9813975843952594,-0.18892317268509623
24.891666666666666,0.7725399102204449,-0.036032664317586297,8.563313380592161,-2.3140690533915738,-0.18892317268509584
24.9,0.7713454509981835,-0.2489931701279875,8.542640724257911,-2.6477090448353353,-0.18892317268509612
24.90833333333333,0.7684196920483121,-0.4512696085302943,8.519176290401935,-2.9844450512181737,-0.18892317268509595
24.916666666666668,0.7638587004861042,-0.6411542902721483,8.492885636542365,-3.3263400991893444,-0.18892317268509515
24.925,0.7577732955769753,-0.8168110222263166,8.46371740423734,-3.675391666731259,-0.18892317268509665
24.933333333333334,0.7502902018358117,-0.9762555768251046,8.431603832022896,-4.033541742876678,-0.18892317268509556
24.941666666666666,0.7415533609468576,-1.1173369484880529,8.396461128530616,-4.402700873272518,-0.1889231726850934
24.95,0.7317254004916793,-1.2377182247699476,8.358189574089753,-4.78479000751352,-0.18892317268509892
24.958333333333332,0.7209892696166026,-1.3348552860149254,8.316673182403857,-5.181805195396972,-0.1889231726850952
24.966666666666665,0.7095500702525501,-1.4059706249805675,8.271778705438953,-5.595911790181149,-0.1889231726850892
24.975,0.6976371402884991,-1.4480182495442464,8.223353700577277,-6.0295769950546365,-0.18892317268510256
24.983333333333334,0.6855064860022163,-1.457633796885482,8.17122329359049,-6.485752602313342,-0.18892317268509468
24.991666666666667,0.6734437195994398,-1.4310615853162323,8.115185155759654,-6.968123950999512,-0.18892317268507736
25.0,0.6617677383654702,-1.3640474758994807,8.055002057663616,-7.481446704147311,-0.18892317268511138
25.008333333333333,0.6508354861642025,-1.2516838246420636,7.9903911550499656,-8.03199959241785,-0.18892317268509226
25.016666666666666,0.6410482550125024,-1.0881930516145784,7.921008905087061,-8.628185816259068,-0.18892317268504863
25.025,0.6328600627517885,-0.8666476254379284,7.8464302586139985,-9.28130695498835,-0.18892317268512043
25.03333333333333,0.6267885050510703,-0.5786716305718981,7.766120765425738,-10.006472967725168,-0.1889231726850997
25.041666666666668,0.6234275659968238,-0.2143285133660594,7.679401303896641,-10.823379075037693,-0.1889231726851786
25.05,0.6234584667541931,0.23710091271534808,7.585410021175165,-11.755899083499921,-0.18892317268452383
25.058333333333334,0.6276436296852187,0.7832528880218876,7.48308314743432,-12.827007340649784,-0.18892317268586722
25.066666666666666,0.6367562260555354,1.415495161891849,7.37122938535856,-14.038734754939295,-0.188923172688021
25.075,0.6513156746712566,2.0726661033800178,7.24891092389493,-15.313589593840604,-0.18892317268562436
25.083333333333332,0.6708858813243662,2.5751835591969146,7.116547287269031,-16.383528799720924,-0.18892317267789965
25.091666666666665,0.6929662872172585,2.6253195410708106,6.977738449543223,-16.78129562621223,-0.18892317268707098
25.1,0.7129113033852543,2.0675278305656613,6.839478440734972,-16.259918867971432,-0.18892317267345854
25.108333333333334,0.7262723391922202,1.0969948149299835,6.7084329535506,-15.132022606354356,-0.18892317268469094
25.116666666666667,0.7308600723412685,0.00047183923183266585,6.587700629358014,-13.842532585102726,-0.18892317268683312
25.125,0.7263717300930926,-1.06666337945444,6.4775462194531315,-12.611298778806333,-0.1889231726863771
25.133333333333333,0.7133013263768873,-2.05624737420472,6.377220027327112,-11.48337478798129,-0.18892317268574715
25.141666666666666,0.6923307529537355,-2.9634263181281764,6.285926458466685,-10.437967044178997,-0.18892317268604203
25.15,0.6641196622416096,-3.7954838339758794,6.203122498097836,-9.43998487422207,-0.18892317268603076
25.15833333333333,0.6292557295631094,-4.561627762506485,6.1285534686953005,-8.456580567563375,-0.18892317268601683
25.166666666666668,0.5882509483917885,-5.270737754121271,6.06221425027516,-7.460856097111789,-0.18892317268604347
25.175,0.5415441391129548,-5.931621593490598,6.004299329909517,-6.431631898715387,-0.18892317268603032
25.183333333333334,0.48949792780976054,-6.5539244682549365,5.955160372103614,-5.352102650995917,-0.1889231726860447
25.191666666666666,0.4323876288774769,-7.14911560822388,5.915276646961902,-4.208152166731686,-0.18892317268602138
25.2,0.37038221232413077,-7.731386678103378,5.885240169468172,-2.9865298937651037,-0.18892317268601394
25.208333333333332,0.3035184742017475,-8.318359047630333,5.865755957578542,-1.6731060645917886,-0.18892317268622993
25.216666666666665,0.23167113694562066,-8.931247315042377,5.857654257956294,-0.2519590265048337,-0.18892317268579273
25.225,0.1545278292496652,-9.593144890105709,5.861899292556267,1.2921804910951262,-0.1889231726854258
25.233333333333334,0.07159946595609083,-10.321059889109904,5.879539876661147,2.9603489964152656,-0.1889231726922962
25.241666666666667,-0.017639321051141455,-11.09976447373103,5.911435239349519,4.694011192322437,-0.18892317268374365
25.25,-0.11324765762093365,-11.818730076591878,5.957355395760866,6.26663494941612,-0.18892317266478542
25.258333333333333,-0.21371264085578395,-12.210149480251483,6.014058306850964,7.181556712485701,-0.18892317267913128
25.266666666666666,-0.3150674744691904,-12.010516646081285,6.0738315046286,6.965031180431264,-0.18892317266385145
25.275,-0.41246254061985876,-11.30628475630148,6.1274001334784876,5.776915901180167,-0.18892317269386494
25.28333333333333,-0.5029956697762679,-10.412987754757738,6.169045872271463,4.195047622877594,-0.18892317268636694
25.291666666666668,-0.5860767643896172,-9.53779873602101,6.19734540114325,2.61418717498372,-0.18892317269005543
25.3,-0.6621878655572155,-8.743070168237075,6.21301473427936,1.1734113673579505,-0.18892317268655318
25.308333333333334,-0.7320133445342246,-8.026637562042586,6.217351742692364,-0.10652430454777181,-0.18892317268752412
25.316666666666666,-0.7961290243013697,-7.369216641911911,6.211645700429135,-1.2402921643501397,-0.18892317268758452
25.325,-0.8549418234301431,-6.7508780368083405,6.197028650619043,-2.2485363902827293,-0.18892317268758513
25.333333333333332,-0.908706294947714,-6.15522093600791,6.174466304044112,-3.150044871873936,-0.1889231726875818
25.341666666666665,-0.957556762407148,-5.569724518149611,6.14477990736942,-3.9607633409491276,-0.18892317268753617
25.35,-1.0015372480296483,-4.985104675712056,6.108667049767748,-4.694601782746529,-0.18892317268758896
25.358333333333334,-1.0406250673872004,-4.394501178082208,6.06671414538578,-5.364503554594747,-0.18892317268757203
25.366666666666667,-1.0747477448121068,-3.792700437769909,6.01940046235099,-5.983379912287337,-0.18892317268753894
25.375,-1.1037937321639475,-3.1754258653021274,5.967095154188098,-6.5648578755090155,-0.18892317268757997
25.383333333333333,-1.1276174869519502,-2.5386937022392555,5.9100487127599415,-7.1238786945024355,-0.18892317268756337
25.391666666666666,-1.1460394937762877,-1.8782496927718582,5.848379949515017,-7.677171471828073,-0.18892317268754777
25.4,-1.1588421698912454,-1.1891676204005899,5.782059761731856,-8.24352181882599,-0.18892317268759198
25.40833333333333,-1.1657638755881807,-0.46586256255554187,5.710894629893401,-8.843463934002564,-0.18892317268758635
25.416666666666668,-1.166496897033712,0.2967942093664598,5.634518525818939,-9.497280236890514,-0.18892317268733627
25.425,-1.16070465577576,1.0995645408065893,5.55241753289477,-10.218449745661182,-0.18892317268824063
25.433333333333334,-1.1480945846970716,1.9286488689020753,5.464047719560546,-10.996515370930332,-0.1889231726877451
25.441666666666666,-1.12861708309253,2.735320277867366,5.369166671813004,-11.76230055230201,-0.18892317268893827
25.45,-1.1028560579120903,3.4144461952912617,5.268497128210967,-12.349799031112191,-0.18892317268262593
25.458333333333332,-1.0724481785367954,3.8304616565954865,5.1644623427397285,-12.536436289264547,-0.1889231726877421
25.466666666666665,-1.0399211275585991,3.9258395598485665,5.060970089865828,-12.223314210652212,-0.18892317268365055
25.475,-1.0076829877161577,3.7833058287288748,4.961773546195388,-11.540943557467257,-0.188923172689001
25.483333333333334,-0.9771459923918387,3.538220945658486,4.8690396216961895,-10.704915311625108,-0.18892317268768535
25.491666666666667,-0.9487283013793534,3.2856789210267574,4.7833663019957,-9.863020829204366,-0.18892317268849818
25.5,-0.9222819706677603,3.0691405945790966,4.704492922727,-9.078266200092509,-0.18892317268730813
25.508333333333333,-0.8974380830975409,2.9018402900287517,4.631860809306188,-8.36529084925976,-0.18892317268774503
25.516666666666666,-0.8737802196494872,2.7839988050540216,4.564886128879243,-7.718842927515674,-0.18892317268783726
25.525,-0.8509124269513978,2.711377225210585,4.503060215126324,-7.127540120489611,-0.18892317268774628
25.53333333333333,-0.8284794275702659,2.678791036902845,4.4459743490403865,-6.579277083795313,-0.18892317268777387
25.541666666666668,-0.8061682968844763,2.681368796651713,4.393316892858354,-6.0629965093752665,-0.1889231726877646
25.55,-0.7837040166828373,2.7149047575874796,4.344862458233212,-5.569061811088074,-0.18892317268777475
25.558333333333334,-0.7608437354124548,2.7758738093710176,4.300460337144924,-5.089152505850062,-0.18892317268777092
25.566666666666666,-0.7373714658866317,2.8613334737242138,4.260024460374282,-4.616035979732308,-0.1889231726877621
25.575,-0.7130937526816025,2.9687969868157325,4.223525290429843,-4.143342951094635,-0.18892317268777234
25.583333333333332,-0.6878364097437648,3.096105647954616,4.190983413434035,-3.6653874836110893,-0.18892317268776906
25.591666666666665,-0.6614422979885881,3.241307085028681,4.162464406978151,-3.1770411313740485,-0.18892317268776307
25.6,-0.6337700953813066,3.4025383213076035,4.138074531620892,-2.673660713526483,-0.18892317268777062
25.608333333333334,-0.6046940328569334,3.577910318292574,4.117956810700946,-2.1510668320545503,-0.18892317268776881
25.616666666666667,-0.5741045976488554,3.7653908038279877,4.102287088086798,-1.605570173954625,-0.18892317268776337
25.625,-0.5419102274296876,3.962683481893835,4.091269677720915,-1.0340426491274493,-0.1889231726877697
25.633333333333333,-0.5080400264513807,4.167103775440507,4.0851322463115025,-0.4340295097102785,-0.18892317268776804
25.641666666666666,-0.4724475227053501,4.375453979085407,4.0841196111975915,0.1961037154821772,-0.18892317268776446
25.65,-0.4351154476432847,4.5839040315456145,4.088486202008171,0.8569995585043525,-0.18892317268776443
25.65833333333333,-0.3960614527794291,4.78788787560806,4.098487040517481,1.5481277497548973,-0.18892317268776335
25.666666666666668,-0.35534457852264495,4.982029143815747,4.114367249067647,2.2676171705183665,-0.18892317268777195
25.675,-0.31307216249858133,5.160112980601991,4.1363503091711875,3.012129209870176,-0.1889231726877467
25.683333333333334,-0.2694067272510328,5.315122177948939,4.164625553344879,3.7768063045733644,-0.18892317268775036
25.691666666666666,-0.22457223971704118,5.439354258273551,4.199335665754487,4.555331383725585,-0.1889231726877892
25.7,-0.17885901649175853,5.524630519735226,4.240565255674315,5.340130709917749,-0.18892317268771938
25.708333333333332,-0.13262649720684572,5.562597603562468,4.288331802338126,6.122742745058715,-0.1889231726877345
25.716666666666665,-0.08630316400618603,5.545106945398967,4.3425803928536535,6.894358859843707,-0.18892317268779993
25.724999999999998,-0.04038308288040627,5.464638917286398,4.4031836334919765,7.646519487286519,-0.1889231726877174
25.733333333333334,0.004581100497694014,5.314719438443661,4.469947878232868,8.37192557604876,-0.18892317268773573
25.741666666666667,0.047988374336790984,5.090261421569087,4.542626498692777,9.065306148193624,-0.1889231726877763
25.75,0.08920184577192011,4.787755854266965,4.620940387280922,9.724276152303217,-0.18892317268776282
25.758333333333333,0.1275619370330615,4.405240083333583,4.704605376862698,10.350132271060806,-0.18892317268775138
25.766666666666666,0.16239817270778764,3.9419824714554443,4.793365968477332,10.948573657059017,-0.18892317268774989
25.775,0.19303698868329505,3.3978356933828087,4.887034914671759,11.530403185506577,-0.18892317268775172
25.78333333333333,0.2188026129276316,2.7722114655336543,4.985539068532366,12.112366842788585,-0.1889231726877036
25.791666666666668,0.2390075684380562,2.062596059186086,5.088973800380211,12.718437572913762,-0.1889231726879001
25.8,0.25292832406812965,1.2624270202869763,5.197671729758327,13.382083872305257,-0.18892317268729286
25.808333333333334,0.2597593340342365,0.3579376837142832,5.312297558577647,14.150472640943534,-0.18892317268729025
25.816666666666666,0.25853391499947553,-0.6768242249206639,5.433991521727656,15.09230583749487,-0.18892317268773412
25.825,0.24799142251204523,-1.888174662057292,5.564602897714225,16.312189573011395,-0.1889231726851754
25.833333333333332,0.22635841587202774,-3.3551744244552024,5.70708218274106,17.97452846659882,-0.1889231726758711
25.841666666666665,0.19103377315975373,-5.195564581933456,5.866080826163486,20.322294699360654,-0.18892317270106251
25.849999999999998,0.13853973164227484,-7.456247719748812,6.048222555457195,23.513653922751633,-0.18892317267940162
25.858333333333334,0.06752788418184298,-9.359439297061428,6.2574441646368095,26.375875302124008,-0.18892317261602076
25.866666666666667,-0.010299661714299576,-8.8371223432308,6.476895406499455,25.54948796882952,-0.18892317266791536
25.875,-0.07500147462422871,-6.618191184428736,6.6762744172252795,22.226809765726948,-0.18892317263576452
25.883333333333333,-0.1211286050491447,-4.526412585136557,6.848813285530823,19.3311189734516,-0.18892317263621472
25.891666666666666,-0.15167376857318998,-2.8697363455580263,7.000801335487002,17.26602223757361,-0.1889231726947873
25.9,-0.16986389401216725,-1.5404051022149763,7.1382050246437805,15.788369147625609,-0.18892317269000147
25.90833333333333,-0.1779612300002513,-0.43351854376188625,7.264973347431604,14.685047349099632,-0.1889231726920771
25.916666666666668,-0.17752245551804655,0.5164991754226309,7.383609586393639,13.81869567168895,-0.18892317268947273
25.925,-0.16968132403275923,1.3477496769727488,7.495697026880151,13.101641387147009,-0.18892317269002534
25.933333333333334,-0.15532942392530646,2.081671663421786,7.602221680419692,12.475669278955964,-0.18892317269028924
25.941666666666666,-0.13522472626834045,2.7297484963895813,7.703764816525996,11.900461559808756,-0.18892317269000425
25.95,-0.1100562063051347,3.297586764607216,7.800623196777145,11.347296819356039,-0.18892317269003217
25.958333333333332,-0.08048121538241179,3.787519845349565,7.8928899879990215,10.79561865111005,-0.18892317269004522
25.966666666666665,-0.04714498695021607,4.200364429620653,7.980514120040225,10.231130835300934,-0.18892317269005007
25.974999999999998,-0.010687885529236392,4.5366401644671885,8.063347404174722,9.644673063150863,-0.1889231726900336
25.983333333333334,0.028255812458922645,4.797398493034752,8.141183990072998,9.031454268798432,-0.18892317269007064
25.991666666666667,0.06906467760814507,4.984732080835625,8.213794053571878,8.390406422545686,-0.18892317269002135
26.0,0.11113996302347187,5.102010939041374,8.280952154593802,7.723539144335421,-0.18892317269003517
26.008333333333333,0.15391642430824062,5.153890749282196,8.342460057495273,7.035254284987501,-0.18892317269009679
26.016666666666666,0.19687244224164127,5.146146750806863,8.398163695963957,6.331630726393553,-0.18892317269001352
26.025,0.23953824034247015,5.085392759952809,8.44796418115788,5.619717552300169,-0.18892317269003742
26.03333333333333,0.281501489845453,4.978744583561008,8.491823117153974,4.906882284888041,-0.18892317269007736
26.041666666666668,0.32241006186154997,4.833479627149962,8.529762860978728,4.20025517326866,-0.18892317269002526
26.05,0.36197206836224555,4.656731946045342,8.561862651350785,3.506296503366894,-0.18892317269003872
26.058333333333334,0.39995360033804256,4.455247422511381,8.588251685422355,2.8304971414866036,-0.18892317269005093
26.066666666666666,0.43617471844974304,4.235209979099121,8.60910024205978,2.1772072199873427,-0.18892317269003578
26.075,0.4705042938335183,4.002138619587204,8.624609857051967,1.5495764617604022,-0.18892317269003905
26.083333333333332,0.5028542605817125,3.7608474261439437,8.635003386992079,0.949582962861613,-0.18892317269003867
26.091666666666665,0.5331737558918357,3.515456389052479,8.640515593218863,0.3781249971502987,-0.18892317269003941
26.099999999999998,0.5614435152518761,3.2694395323936334,8.641384668228495,-0.16484839963808165,-0.18892317269003894
26.108333333333334,0.5876707787170526,3.0256974282398463,8.637844938106914,-0.680188879146253,-0.18892317269003644
26.116666666666667,0.6118848639498993,2.7866430598841814,8.630120819491697,-1.1693985655640595,-0.18892317269003933
26.125,0.634133479629365,2.5542924239071194,8.618421993301467,-1.6344898157348475,-0.18892317269003855
26.133333333333333,0.6544797915673741,2.330353757535914,8.602939678404159,-2.0778624077762635,-0.18892317269003633
26.141666666666666,0.6730002125661911,2.1163115351851083,8.583843840920412,-2.5022022519921108,-0.18892317269003883
26.15,0.6897828630016655,1.9135032487663826,8.561281151461841,-2.9104033041311093,-0.18892317269003744
26.15833333333333,0.7049266389102581,1.723188439989181,8.535373495453994,-3.305512861205371,-0.18892317269003556
26.166666666666668,0.7185408246629533,1.5466105338129046,8.50621684361405,-3.6906997207775816,-0.18892317269003864
26.175,0.7307451953533007,1.385052814376166,8.473880294545491,-4.069244647976157,-0.188923172690037
26.183333333333334,0.7416705678089219,1.2398904862277953,8.438405104290142,-4.444553096146431,-0.188923172690034
26.191666666666666,0.7514597774699016,1.1126412695524344,8.399803514461452,-4.82019107635618,-0.18892317269004044
26.2,0.7602690808098376,1.005017466572691,8.358057177788492,-5.1999464135786075,-0.1889231726900374
26.208333333333332,0.7682700095712506,0.9189829494670249,8.313114954408016,-5.58791932499124,-0.18892317269002956
26.216666666666665,0.775651733974519,0.8568190194331409,8.264889811380112,-5.9886482217893535,-0.18892317269004338
26.224999999999998,0.7826240263579923,0.8212033405053906,8.21325450046047,-6.40727856325052,-0.18892317269003794
26.233333333333334,0.7894209499139897,0.8153054498758651,8.158035618785378,-6.849783507507947,-0.18892317269002235
26.241666666666667,0.7963054146150752,0.8428987710642654,8.099005591938939,-7.323242210457256,-0.18892317269004258
26.25,0.8035747025903452,0.9084776213042253,8.035872117290719,-7.836167277480466,-0.1889231726900388
26.258333333333333,0.811566857421319,1.0173355720303385,7.968264834411086,-8.398826655377807,-0.18892317269005449
26.266666666666666,0.8206671675697081,1.175475767323636,7.895719903188492,-9.023373338413835,-0.18892317268993575
26.275,0.8313121121763412,1.3890013351186425,7.817665973465636,-9.723239694248138,-0.18892317269005138
26.28333333333333,0.8439832263978705,1.6620775299853972,7.733422806663938,-10.51033469143191,-0.18892317269081144
26.291666666666668,0.8591711382369756,1.9912876864987927,7.642243802079177,-11.386432478241385,-0.18892317268881897
26.3,0.8772632721187067,2.352059483582712,7.543478748358685,-12.321372087298734,-0.18892317269007844
26.308333333333334,0.8982691345228289,2.6732162228528855,7.437002546738252,-13.21076428693451,-0.18892317268557623
26.316666666666666,0.9213234298650403,2.815510400392211,7.324021018914346,-13.838211950971841,-0.18892317269568398
26.325,0.9442457556287591,2.6209026155931143,7.207810563066098,-13.952857893841188,-0.18892317269017875
26.333333333333332,0.9639535426415193,2.054158920859041,7.093076903497643,-13.500596498636298,-0.18892317269634118
26.341666666666665,0.9778003984145109,1.2426979376867267,6.983804169394904,-12.687653147320209,-0.18892317269023523
26.349999999999998,0.9844267481166127,0.34281813706138087,6.8819259950979355,-11.758659494656984,-0.18892317269033324
26.358333333333334,0.9835310723986652,-0.5528674949030863,6.78776817471559,-10.847443222971494,-0.18892317268969847
26.366666666666667,0.9753250355619503,-1.4088335030725554,6.700974911710708,-9.992574381371371,-0.18892317269049613
26.375,0.9601827146833237,-2.2175046639778677,6.621084891800458,-9.187818881234026,-0.18892317269035164
26.383333333333333,0.9384910281987365,-2.9814648804461625,6.547763545469908,-8.412193282008381,-0.18892317269032288
26.391666666666666,0.9106009583821099,-3.7060761144371313,6.480865759823272,-7.642364877695772,-0.188923172690374
26.4,0.8768162515824338,-4.397153061429543,6.420434902088882,-6.856750059872358,-0.18892317269035286
26.40833333333333,0.8373916793432827,-5.060672032416231,6.366683344629995,-6.0363827116792,-0.18892317269031134
26.416666666666668,0.7925300561163908,-5.7032339090601045,6.319971488511301,-5.1645996343778,-0.1889231726903738
26.425,0.7423741109310347,-6.332788489367669,6.280791606514882,-4.226262441653162,-0.18892317269035336
26.433333333333334,0.6869919542822724,-6.959425236242054,6.249759176688803,-3.2067657648909953,-0.1889231726903382
26.441666666666666,0.6263561403400194,-7.596090581274983,6.227612706551001,-2.0910414022146315,-0.1889231726902758
26.45,0.5603180191560989,-8.258914255535084,6.215220116784733,-0.8631416289433996,-0.1889231726903685
26.458333333333332,0.4885840478119404,-8.966135368541856,6.213580567487829,0.4917474056615086,-0.1889231726917336
26.466666666666665,0.41071631599183295,-9.732545359446746,6.223782542294247,1.977378731196228,-0.1889231726875386
26.474999999999998,0.3262239325569446,-10.551233195816593,6.246801197606448,3.5543458020713325,-0.18892317269050174
26.483333333333334,0.23490987962575358,-11.348199650586112,6.282850251067928,5.061461594975637,-0.18892317267881115
26.491666666666667,0.13769723023062064,-11.922048208935312,6.329913578816768,6.114381945972169,-0.18892317271019615
26.5,0.03758332816881803,-12.00977902238485,6.382109595382451,6.230119618213427,-0.18892317269439196
26.508333333333333,-0.060972900642161515,-11.57138942533732,6.4308838544361775,5.334966463392617,-0.18892317270649278
26.516666666666666,-0.15447438221710372,-10.843832878012297,6.469423789772751,3.8607557169596167,-0.18892317269184022
26.525,-0.24155045493303426,-10.056168677185392,6.4948428318239335,2.238510082678564,-0.18892317269395464
26.53333333333333,-0.32219044454500995,-9.306659255702952,6.50690345530174,0.6731971712257936,-0.18892317269008618
26.541666666666668,-0.39681615166187584,-8.611992984858773,6.506390565745978,-0.7757577600820045,-0.18892317269164716
26.55,-0.4658410823348443,-7.959443090751751,6.494308337201881,-2.1048370448014397,-0.18892317269176379
26.558333333333334,-0.5295374140331653,-7.329949383573451,6.471609026111949,-3.3263026122034276,-0.18892317269165426
26.566666666666666,-0.5880211211815585,-6.705680530788895,6.439127391555727,-4.455071650234742,-0.18892317269168357
26.575,-0.6412718807036832,-6.071836825123514,6.397574764742637,-5.505741383635857,-0.18892317269167208
26.583333333333332,-0.6891586863168788,-5.41657275300648,6.347541605423359,-6.492883832589497,-0.1889231726917029
26.591666666666665,-0.7314619358278723,-4.730341468974152,6.289493071263056,-7.432213452126931,-0.18892317269167958
26.599999999999998,-0.7678892425539225,-4.005084922416455,6.223754234660332,-8.34183041582611,-0.1889231726916668
26.608333333333334,-0.7980845927625015,-3.2334842125847683,6.150485835159825,-9.243196461666962,-0.188923172691701
26.616666666666667,-0.8216326036789526,-2.40862206171725,6.069654525117899,-10.161354843104096,-0.18892317269169145
26.625,-0.8380645694665037,-1.5249926481219143,5.981008722121526,-11.12298611827953,-0.18892317269146974
26.633333333333333,-0.8468862808969623,-0.5833446899539407,5.884092112428327,-12.148280627135287,-0.18892317269286002
26.641666666666666,-0.8476806427519075,0.39490312880031037,5.778381737110471,-13.226915057725858,-0.18892317269190873
26.65,-0.8403994737228271,1.3357327753136998,5.6637441964856166,-14.263870820853244,-0.18892317269350595
26.65833333333333,-0.8259682723394041,2.076440476232312,5.541433483685372,-15.015014284962046,-0.1889231726827627
26.666666666666668,-0.8069224310718761,2.4159268558374896,5.415195192800775,-15.162623554835555,-0.18892317269210734
26.675,-0.7869758036521618,2.305757240847956,5.290657958553162,-14.62752712431979,-0.1889231726874352
26.683333333333334,-0.7692828086923933,1.91173480276797,5.172569789998589,-13.67285368921836,-0.18892317269172582
26.691666666666666,-0.7553438682956842,1.4313346343874844,5.063070894933466,-12.606658519639035,-0.1889231726921896
26.7,-0.7453509262171795,0.9760188542144496,4.9622994715136715,-11.594027543292064,-0.18892317269286668
26.708333333333332,-0.7388923317466147,0.5861247581457484,4.869541529937165,-10.686281233197956,-0.1889231726918417
26.716666666666665,-0.7353794452841013,0.2688752560928223,4.783898735470905,-9.884677852622827,-0.1889231726922372
26.724999999999998,-0.7342214266348952,0.019821349629966435,4.7045414490429325,-9.17499609524351,-0.1889231726922279
26.733333333333334,-0.7348802794397622,-0.16845266320692517,4.630772559578322,-8.540835914319212,-0.18892317269223347
26.741666666666667,-0.7368807467446209,-0.3033346244641181,4.562024906880523,-7.967708432607112,-0.1889231726922248
26.75,-0.7398057535469128,-0.3913466253512659,4.4978408845768545,-7.443815266397055,-0.1889231726922061
26.758333333333333,-0.7432885083113229,-0.4380446599846875,4.437850739534157,-6.959795529279672,-0.1889231726922294
26.766666666666666,-0.7470048767353203,-0.4481360874868217,4.381754258960941,-6.508236694759859,-0.18892317269221823
26.775,-0.7506669613608564,-0.425635774613966,4.329306547714203,-6.0832026175484994,-0.18892317269221065
26.78333333333333,-0.7540179306032894,-0.3740055746551018,4.280307411412155,-5.679843761594951,-0.18892317269222064
26.791666666666668,-0.756827892190071,-0.29626518009559,4.234593622529735,-5.294093595204857,-0.18892317269221554
26.8,-0.7588905764438385,-0.19507645668204374,4.1920334006400575,-4.9224382386998835,-0.1889231726922131
26.808333333333334,-0.7600206314595378,-0.07280697790405852,4.152522560153183,-4.561744206332721,-0.18892317269221734
26.816666666666666,-0.7600513814996368,0.06842143444843504,4.1159818980413805,-4.209131115087614,-0.18892317269221498
26.825,-0.758832944769598,0.22669427346444931,4.0823554916847264,-3.8618790577913598,-0.18892317269221373
26.833333333333332,-0.7562306431183548,0.40027215919076675,4.051609651814246,-3.5173629067182706,-0.18892317269221554
26.841666666666665,-0.7521236645186106,0.5875619262798145,4.023732330927359,-3.1730079060592002,-0.18892317269221434
26.849999999999998,-0.7464039610067081,0.7870886889415376,3.9987328274097784,-2.8262625624478197,-0.18892317269221412
26.858333333333334,-0.7389753817518058,0.9974670769255909,3.9766416532250477,-2.474586142845989,-0.18892317269221467
26.866666666666667,-0.729753054418948,1.2173701914504813,3.9575104509974506,-2.1154491194290044,-0.1889231726922143
26.875,-0.7186630389179546,1.445495099659083,3.941411856620578,-1.7463457149491612,-0.1889231726922139
26.883333333333333,-0.7056422864876103,1.680523921855611,3.928439207861162,-1.3648183223214256,-0.18892317269221445
26.891666666666666,-0.6906389439203833,1.9210798191418845,3.9187059994131426,-0.9684939929229633,-0.18892317269221434
26.9,-0.6736130472220099,2.1656775126022922,3.912344982271905,-0.5551333769249639,-0.18892317269221376
26.90833333333333,-0.6545376503167362,2.412668411750519,3.9095068022922477,-0.1226924002887177,-0.18892317269221473
26.916666666666668,-0.6334004313153012,2.660181049724408,3.910358072056461,0.3306034960259855,-0.18892317269221437
26.925,-0.61020580973594,2.906058356339124,3.915078775047153,0.8061736283926159,-0.1889231726922136
26.933333333333334,-0.5849775910260304,3.147794366681009,3.923858915565904,1.304987336950355,-0.18892317269221362
26.941666666666666,-0.5577621278829579,3.38247424242327,3.936894356280696,1.8274646795809266,-0.18892317269221348
26.95,-0.5286319497290228,3.6067228941029885,3.9543818321422517,2.3733794411687663,-0.18892317269221523
26.958333333333332,-0.4976897617894686,3.8166688683079917,3.976513198344114,2.941774153685051,-0.18892317269220787
26.966666666666665,-0.46507265490576005,4.007931232206838,4.003469062829872,3.530899686236661,-0.1889231726922107
26.974999999999998,-0.43095630056452094,4.175637567527245,4.035412069219927,4.138194419147222,-0.18892317269222075
26.983333333333334,-0.39555884028306126,4.314480408860128,4.072480228066466,4.760319449719259,-0.1889231726921948
26.991666666666667,-0.3591441261650243,4.4188170378131435,4.114780831699542,5.393266008271095,-0.18892317269220554
27.0,-0.3220239456010299,4.482813080204968,4.162385613816022,6.0325487009977,-0.1889231726922285
27.008333333333333,-0.284558885578162,4.500623705991879,4.215327908877654,6.673493085208266,-0.1889231726921825
27.016666666666666,-0.24715757825920207,4.466597677045773,4.273602608120075,7.311618803637302,-0.18892317269220038
27.025,-0.2102742323490794,4.375479819052784,4.3371696852018164,7.943111370240656,-0.18892317269222875
27.03333333333333,-0.17440459864905067,4.222577945321234,4.4059619774410095,8.565369141720097,-0.18892317269218808
27.041666666666668,-0.14008083647117558,4.003852149974004,4.479897785377185,9.177610571230579,-0.18892317269219752
27.05,-0.1078661246095465,3.7158784121868935,4.558898754798184,9.78153499842646,-0.18892317269222134
27.058333333333334,-0.07835028094862082,3.355633664677347,4.642913532819062,10.382053289950885,-0.1889231726921834
27.066666666666666,-0.0521481221746639,2.9200420300702414,4.73194799384075,10.98814934022993,-0.18892317269218073
27.075,-0.02990286236691918,2.405203553871775,4.826103632257872,11.614010271299653,-0.18892317269227232
27.083333333333332,-0.012297663681677095,1.8051826645921263,4.925627357661221,12.28069197538591,-0.18892317269195252
27.091666666666665,-7.982237564053897e-05,1.110139269989393,5.030978984472476,13.01880693120407,-0.18892317269205772
27.099999999999998,0.0058954400639241065,0.30340535210489583,5.142928216002984,13.873103906127527,-0.18892317269270953
27.108333333333334,0.004590178333256216,-0.6431724605979571,5.262702579961984,14.910426486206202,-0.18892317269036568
27.116666666666667,-0.005340054236354061,-1.7764240359707855,5.39222286435142,16.233072191301083,-0.18892317269269432
27.125,-0.02573755565169104,-3.169978761566663,5.5344722971703835,17.996388554949917,-0.1889231726728759
27.133333333333333,-0.059145950861389865,-4.910538752267721,5.693941149208604,20.395757871141242,-0.18892317271224002
27.141666666666666,-0.10838436833983074,-6.9112463574460765,5.876138924839719,23.37296862418094,-0.18892317266853098
27.15,-0.17237369835913519,-8.157137455868009,6.0809563083381555,25.353579007648314,-0.18892317270406567
27.15833333333333,-0.2377570513152091,-7.179342012907306,6.288651616461509,23.95541346042968,-0.18892317276518344
27.166666666666668,-0.28899356366060613,-5.0851959115226775,6.475963095653044,20.984966990053437,-0.18892317281358445
27.175,-0.3230759139168709,-3.155026334209937,6.639825741493667,18.46243072037141,-0.1889231726871437
27.183333333333334,-0.34257405382602074,-1.5780326131808868,6.785539935140867,16.604861326816923,-0.18892317269535142
27.191666666666666,-0.3501348775200381,-0.2747491015385202,6.917875799235468,15.217888785200183,-0.18892317269488373
27.2,-0.34769334630648885,0.833062902800649,7.039993486887206,14.128823258987554,-0.188923172696768
27.208333333333332,-0.3366537179374704,1.7950207500706257,7.1538567635776555,13.221251048627156,-0.1889231726953301
27.216666666666665,-0.31810101828388593,2.6396703868194527,7.260635502752322,12.418103003027266,-0.18892317269562608
27.224999999999998,-0.2929411894760555,3.382564721955564,7.360968765389879,11.667185710497394,-0.18892317269570202
27.233333333333334,-0.2619849204714054,4.031739001731509,7.455132885421135,10.932587012668861,-0.18892317269566422
27.241666666666667,-0.22599437191864036,4.591284506750995,7.54315522919668,10.189881587731296,-0.18892317269561965
27.25,-0.18570546779723587,5.063729019949126,7.624897575961889,9.423409233993905,-0.18892317269565195
27.258333333333333,-0.14183384774823485,5.451623985534551,7.7001216218495685,8.62457556685035,-0.18892317269561937
27.266666666666666,-0.0950701553425769,5.758540288343232,7.768542396475292,7.790578386158551,-0.18892317269562864
27.275,-0.046069087582107045,5.9895851219228,7.829871678052896,6.923246337314945,-0.18892317269574027
27.28333333333333,0.004564173435304807,6.1515280493535105,7.883851698783955,6.027859762068002,-0.18892317269556935
27.291666666666668,0.05628727045003431,6.252629414305373,7.930278878115506,5.1119414727541646,-0.18892317269563402
27.3,0.10863166732798563,6.302274374087251,7.969017529133929,4.184071728303717,-0.18892317269572106
27.308333333333334,0.16121015186805981,6.3105173323681845,8.000004061081459,3.2528053794394776,-0.1889231726955905
27.316666666666666,0.21372049964034365,6.287630132619156,8.023242830992968,2.3257599159676787,-0.18892317269563183
27.325,0.2659456457906175,6.243725542613791,8.038795256128816,1.408913457049046,-0.18892317269564565
27.333333333333332,0.3177511991983559,6.188501310418482,8.046763969785623,0.5061143482401088,-0.18892317269562914
27.341666666666665,0.369081406158479,6.131125761523356,8.047273667363172,-0.38123080865975023,-0.18892317269562817
27.349999999999998,0.4199547659641284,6.080268164558909,8.040449896238664,-1.2543502656835168,-0.18892317269559009
27.358333333333334,0.47046048349518715,6.044267953467075,8.026396471384793,-2.117257388759043,-0.1889231726956557
27.366666666666667,0.5207568849624372,6.031435688396837,8.005171527817973,-2.9769417209200433,-0.18892317269562398
27.375,0.5710728751252303,6.050481508183099,7.976761521042801,-3.8436834320408098,-0.18892317269555592
27.383333333333333,0.6217134753119432,6.111063374875653,7.941051858255199,-4.731554413768162,-0.18892317269562245
27.391666666666666,0.6730702966618567,6.224407776109129,7.897792578502683,-5.659088825423365,-0.18892317269564374
27.4,0.7256368576834494,6.4037873272478985,7.846558610325762,-6.649814409810172,-0.18892317269607045
27.40833333333333,0.7800248902689145,6.664051547501339,7.786710031128945,-7.731344266378622,-0.18892317269401895
27.416666666666668,0.8369646665000626,7.017520399001767,7.717379408147127,-8.928542547634184,-0.18892317269610662
27.425,0.8972312002340757,7.458232473137253,7.637582555888727,-10.237228660763488,-0.18892317270142156
27.433333333333334,0.9613325527903211,7.917152467134998,7.546728624323986,-11.548703557236081,-0.1889231727036787
27.441666666666666,1.028677215796783,8.188973693747096,7.446011782021134,-12.525422010846203,-0.18892317269235503
27.45,1.096459487160841,7.98213533526737,7.340285909395829,-12.685160569694855,-0.1889231727207641
27.458333333333332,1.1602239747943763,7.25283070589529,7.237092353246927,-11.967797095266702,-0.18892317267939346
27.466666666666665,1.2166699471795608,6.2793207476461275,7.141899290517972,-10.857484565245727,-0.18892317269568232
27.474999999999998,1.2649020149732888,5.308018000378437,7.0560221297312715,-9.77726590675615,-0.18892317269181605
27.483333333333334,1.3053963821874823,4.427574668148664,6.978431252951694,-8.877578170669938,-0.18892317269773357
27.491666666666667,1.338965541301255,3.6439258785832664,6.907534405369186,-8.166928546318127,-0.1889231726961354
27.5,1.366348754466003,2.9395659738541458,6.841878577072449,-7.6136438008516905,-0.18892317269612396
27.508333333333333,1.3881241928410422,2.2950544492141773,6.78030180161221,-7.1824369709033755,-0.18892317269618433
27.516666666666666,1.4047210711641684,1.694384358451238,6.721915975612116,-6.843350102602378,-0.18892317269618425
27.525,1.4164518575384626,1.1254770528075093,6.666057067345371,-6.572426391001411,-0.18892317269621323
27.53333333333333,1.4235426036506875,0.5795438210598566,6.61223975543976,-6.350497679072904,-0.1889231726961756
27.541666666666668,1.426157256544411,0.050356357291483765,6.560123194640305,-6.161856105557571,-0.18892317269618486
27.55,1.424416423062807,-0.4663437517037932,6.509486784761707,-5.9932015226906294,-0.1889231726961878
27.558333333333334,1.4184118543048592,-0.9732865173637433,6.460213436576041,-5.832888147128138,-0.18892317269618947
27.566666666666666,1.408217740921753,-1.4720047148755873,6.412278055433177,-5.670415292802513,-0.18892317269618478
27.575,1.3938995627165198,-1.963096018071849,6.365739457360003,-5.496104058212676,-0.18892317269617298
27.583333333333332,1.375520921733576,-2.44644968105172,6.32073437009293,-5.300913484836258,-0.1889231726961978
27.591666666666665,1.3531485446970786,-2.921462692850581,6.2774725137407,-5.076359822216365,-0.18892317269618508
27.599999999999998,1.3268554656960514,-3.3872626586659167,6.236232033221282,-4.814507849219996,-0.1889231726961633
27.608333333333334,1.296722284402845,-3.8429480740457644,6.197354807401176,-4.508003957583002,-0.18892317269620157
27.616666666666667,1.2628363299590994,-4.2878511623532205,6.161241421528819,-4.150118025106647,-0.18892317269618572
27.625,1.2252885355403162,-4.72182444462669,6.128345883538432,-3.734756221689607,-0.18892317269616205
27.633333333333333,1.184167827582904,-5.145550626327899,6.099170505123932,-3.256400774707925,-0.18892317269619865
27.641666666666666,1.139552830953912,-5.560877653746689,6.074261763594877,-2.7099256426037677,-0.18892317269618678
27.65,1.0915006470867845,-5.971188872149993,6.0542084218295775,-2.090227886617194,-0.18892317269614722
27.65833333333333,1.0400323174284194,-6.381834759939868,6.039643741064793,-1.3915997648307192,-0.1889231726962203
27.666666666666668,0.9851142538535385,-6.800681619122771,6.031254348872969,-0.6067388623246432,-0.18892317269618508
27.675,0.9266342739690344,-7.238880148542528,6.029799379717938,0.2747600191791125,-0.18892317269597642
27.683333333333334,0.8643697285731203,-7.712032885552302,6.036145181120726,1.2686865757898598,-0.18892317269640646
27.691666666666666,0.7979432662755777,-8.242054457223567,6.051323641433628,2.3996892381924355,-0.18892317269618608
27.7,0.7267587607694983,-8.860150839618257,6.076626506542976,3.706548252332018,-0.18892317269559722
27.708333333333332,0.6499064000155376,-9.611244359812021,6.113752839101786,5.249624810998162,-0.18892317269453396
27.716666666666665,0.5660284847307583,-10.558294799537618,6.165020477455879,7.117537406630775,-0.1889231726979027
27.724999999999998,0.47318667744880033,-11.772929838154784,6.23356477591644,9.409264044252536,-0.18892317275055964
27.733333333333334,0.3690730087038009,-13.240009888531558,6.322925332443153,12.066769987055169,-0.1889231726824246
27.741666666666667,0.25305401408939066,-14.481795278882013,6.433450527382071,14.225600273016553,-0.18892317260920227
27.75,0.13140369525285592,-14.44593609269928,6.553234949823578,14.03352250230705,-0.18892317277497606
27.758333333333333,0.015642808238434447,-13.23908641125882,6.661131392010306,11.669799942938166,-0.1889231726950129
27.766666666666666,-0.08896828720526097,-11.898857300029784,6.746907510015778,8.952988537367721,-0.18892317269191383
27.775,-0.183421504179071,-10.817195502919764,6.811399721247318,6.594916359309897,-0.18892317269251863
27.78333333333333,-0.2699613501271694,-9.988608066430373,6.857886076844897,4.6173239698196005,-0.188923172702674
27.791666666666668,-0.35040013200113335,-9.341202697988628,6.889140363772556,2.9232630758286446,-0.18892317270126402
27.8,-0.4259781432228853,-8.813198349381745,6.907165743364162,1.4312734394294244,-0.18892317270172276
27.808333333333334,-0.4974915467567046,-8.35931962612218,6.9134054032500165,0.08775198311744845,-0.1889231727010265
27.816666666666666,-0.5654137710564293,-7.946624314173309,6.908948841729274,-1.1399130287544945,-0.18892317270122105
27.825,-0.6299810726524551,-7.550606645414344,6.8946757565449595,-2.2704914387803377,-0.18892317270124986
27.833333333333332,-0.6912515852893177,-7.152710045588716,6.871348357681803,-3.314135142276413,-0.18892317270121967
27.841666666666665,-0.7491483166833518,-6.738882116550463,6.839666941962176,-4.2760686722812284,-0.18892317270120423
27.849999999999998,-0.8034928926475708,-6.298735721102806,6.800299257548773,-5.159258595661997,-0.18892317270120473
27.858333333333334,-0.8540336947042946,-5.824999591985882,6.753890708181935,-5.96638106091288,-0.18892317270119247
27.866666666666667,-0.9004698755625733,-5.313051556932042,6.701060452266127,-6.7012604785739125,-0.18892317270121706
27.875,-0.9424713736531046,-4.760410000354295,6.642387344086317,-7.369883830414874,-0.1889231727012648
27.883333333333333,-0.9796942766580455,-4.166119422272196,6.578388872741388,-7.981083487206736,-0.18892317270115272
27.891666666666666,-1.0117905296995728,-3.5300057210289038,6.509495406359399,-8.547003055308542,-0.1889231727012221
27.9,-1.0384108705688844,-2.851794500737774,6.436020944045845,-9.083498732413593,-0.1889231727012382
27.90833333333333,-1.059199808604689,-2.1300791812220816,6.358130119159453,-9.610675061207063,-0.18892317270120557
27.916666666666668,-1.0737812417800328,-1.36109509316773,6.275799317191062,-10.153809198852223,-0.18892317270120845
27.925,-1.0817327516733395,-0.5372092203570812,6.18876739231643,-10.744980640644146,-0.18892317270105652
27.933333333333334,-1.0825457269920942,0.354985150057192,6.096468659220457,-11.425745478390148,-0.18892317270125497
27.941666666666666,-1.075568070256311,1.3368810707301377,5.997938840316689,-12.250882802282407,-0.18892317270139347
27.95,-1.0599308690141183,2.4390220468480788,5.891690643012295,-13.291200133274312,-0.18892317270437145
27.958333333333332,-1.0344904984855494,3.693954104831702,5.77560343932967,-14.623576526390398,-0.18892317268807368
27.966666666666665,-0.9979542695722285,5.090683018939961,5.647098921576185,-16.257607718747956,-0.18892317270417114
27.974999999999998,-0.9498044956131858,6.414110222001029,5.50463827086036,-17.866104543893965,-0.18892317269330872
27.983333333333334,-0.8929164056107338,7.071154831644357,5.352114675705455,-18.47902173019545,-0.18892317275554338
27.991666666666667,-0.8349075879596567,6.705224598932867,5.201277446242851,-17.49581050975535,-0.18892317271808629
28.0,-0.7825747335114612,5.825120420268876,5.062626751374563,-15.743130119689502,-0.1889231727168224
28.008333333333333,-0.7377727149861275,4.948983339640194,4.9386596129784825,-14.05111151753568,-0.18892317270539097
28.016666666666666,-0.6996369176615032,4.232156550153391,4.827622077189169,-12.647146517755603,-0.18892317269923045
28.025,-0.6667908063855958,3.6751864150930937,4.727128103384027,-11.510764445677903,-0.1889231727036591
28.03333333333333,-0.6380237110439176,3.2479995864886777,4.63520988764718,-10.578583299938456,-0.188923172703105
28.041666666666668,-0.6123757638998931,2.9224768355221324,4.550406263563357,-9.795258190484537,-0.18892317270337977
28.05,-0.589092815532503,2.6774157883980645,4.471657627682762,-9.119575655909484,-0.18892317270307105
28.058333333333334,-0.5675713396854446,2.4975964349463817,4.398197986012947,-8.521681529281269,-0.18892317270309422
28.066666666666666,-0.5473154255927395,2.372159076845315,4.329474759539281,-7.979708574811166,-0.18892317270321482
28.075,-0.527906169653692,2.2932984828569163,4.265093495546461,-7.477221043862223,-0.18892317270309233
28.083333333333332,-0.5089802928484799,2.255344237886875,4.204780395985547,-7.001459927675901,-0.18892317270310602
28.091666666666665,-0.490215134503755,2.254132565780175,4.148356912375446,-6.542165146947513,-0.18892317270314737
28.099999999999998,-0.47131800414917935,2.286574817855555,4.095722431111329,-6.090785411054011,-0.18892317270310582
28.108333333333334,-0.45201855949869646,2.350353195863014,4.046842392976833,-5.639947177106419,-0.1889231727031101
28.116666666666667,-0.43206336047056837,2.4436963532753166,4.001740053717149,-5.183101330212845,-0.18892317270312697
28.125,-0.4112120757617092,2.5652027975919434,3.960490629120207,-4.714297925205703,-0.18892317270311165
28.133333333333333,-0.3892350411870618,2.7136900156935178,3.9232168905042175,-4.228059720293864,-0.1889231727031117
28.141666666666666,-0.3659120234749685,2.8880539128454905,3.890085463063162,-3.7193379504101074,-0.18892317270311998
28.15,-0.341032150466849,3.087128040904412,3.8613031837103646,-3.183541114309889,-0.18892317270311468
28.15833333333333,-0.3143950386281897,3.3095363134673157,3.8371129362621494,-2.616630669448782,-0.18892317270311215
28.166666666666668,-0.2858131835586419,3.553537223155055,3.817788432543994,-2.0152769793185503,-0.1889231727031158
28.175,-0.2551156761084075,3.8168623753308983,3.8036274774116547,-1.3770649961344361,-0.18892317270311607
28.183333333333334,-0.2221532616917501,4.09655736188064,3.7949433690078243,-0.7007326418043015,-0.18892317270311224
28.191666666666666,-0.18680467222108837,4.388837993456281,3.792054259847263,0.013582950706329797,-0.18892317270310735
28.2,-0.14898403505954286,4.688978532924769,3.79527054127009,0.7641229629662525,-0.18892317270311682
28.208333333333332,-0.10864901877034235,4.99124942417422,3.804880593073605,1.5473426842889952,-0.1889231727031129
28.216666666666665,-0.06580923918755581,5.288919050221053,3.821135517743238,2.3578364798445444,-0.18892317270309295
28.224999999999998,-0.020534353804070243,5.574327391857707,3.844233695884932,3.188372035891026,-0.18892317270311593
28.233333333333334,0.027038757719948285,5.839030879427005,3.874306103353741,4.030038262581946,-0.18892317270311465
28.241666666666667,0.0767002906914491,6.074010435340725,3.9114033007381965,4.872495935331515,-0.1889231727030795
28.25,0.12816377187550243,6.269931986021592,3.9554848731121144,5.704311765871369,-0.18892317270311532
28.258333333333333,0.18106467735026033,6.4174519750859504,4.006411940416696,6.51335935813022,-0.1889231727031177
28.266666666666666,0.23496178001980808,6.507567511203293,4.063943268765446,7.287283159982435,-0.18892317270306394
28.275,0.28934161763331784,6.532016009872837,4.127735544372419,8.0140362429567,-0.18892317270312178
28.28333333333333,0.34362650508041814,6.483725307725426,4.197348493434493,8.682507613637213,-0.18892317270312037
28.291666666666668,0.3971864587372001,6.357297396378182,4.2722556146998345,9.28323951483959,-0.18892317270307452
28.3,0.4493551409171179,6.14947885701636,4.351861153702124,9.809198072390874,-0.18892317270312
28.308333333333334,0.49944940423341366,5.859539078389102,4.435523443981999,10.256512901031115,-0.1889231727031149
28.316666666666666,0.5467912687226056,5.489459727582051,4.522583869982621,10.62506518037094,-0.18892317270315306
28.325,0.5907303844304796,5.043850363948812,4.612399668002299,10.918802895477718,-0.18892317270309808
28.333333333333332,0.6306644857468949,4.529549022694784,4.704377929743261,11.14570773395934,-0.18892317270310688
28.341666666666665,0.6660552603469032,3.954930403467637,4.798007869955817,11.317420570698983,-0.18892317270318718
28.349999999999998,0.6964375037664187,3.3290036134764733,4.892888862837475,11.448623662975626,-0.18892317270309453
28.358333333333334,0.721420267697444,2.660412146704878,4.98875288162474,11.55634690838797,-0.1889231727031152
28.366666666666667,0.7406796361759354,1.956438703097997,5.085481526403849,11.6593963785955,-0.18892317270307588
28.375,0.7539434415824187,1.222069431579504,5.1831194874565725,11.778102250042847,-0.18892317270313463
28.383333333333333,0.760968390511211,0.4590974452550605,5.281887898415667,11.934576779050538,-0.18892317270315293
28.391666666666666,0.7615095232754092,-0.3348486688296678,5.382202698894963,12.153701045984027,-0.18892317270266684
28.4,0.7552804946313242,-1.1675887940496685,5.484705349034006,12.46517564833967,-0.1889231727033353
28.40833333333333,0.7419004513188148,-2.0544187442506354,5.590317082395133,12.907262593263773,-0.18892317270335152
28.416666666666668,0.7208183514169103,-3.021674127623745,5.7003354454025414,13.533486234082849,-0.18892317270016346
28.425,0.6911962933530271,-4.113346353453282,5.816607359821985,14.424900968387298,-0.18892317270424142
28.433333333333334,0.6517157631726981,-5.403568788912004,5.94184426875383,15.713047814087862,-0.1889231727041908
28.441666666666666,0.6002425998325401,-7.018327421333877,6.08019846265315,17.620511580193494,-0.18892317274302223
28.45,0.5333062617231563,-9.149802624833846,6.23820537033175,20.49477812879751,-0.18892317251934287
28.458333333333332,0.4460966920256299,-11.827516523208953,6.424980227627098,24.443643766365692,-0.18892317275094306
28.466666666666665,0.3388839589408138,-13.429225360292381,6.641733639517014,26.824366338375132,-0.18892317272259562
28.474999999999998,0.23215238524194984,-11.777345537007484,6.856177308941487,23.995776219331002,-0.18892317271010717
28.483333333333334,0.14445930093206052,-9.334993674366018,7.039103343212399,20.042929490167207,-0.188923172385754
28.491666666666667,0.07485620836442843,-7.4714160345828455,7.193398834878276,17.17048708018502,-0.18892317272389608
28.5,0.018526389713182687,-6.115313393897407,7.327780836478392,15.200323695153434,-0.18892317270207948
28.508333333333333,-0.02796457558863678,-5.085274203893583,7.448317021283876,13.803323882137303,-0.18892317270202474
28.516666666666666,-0.06680499057517071,-4.26443664082588,7.558847036992745,12.772978984986393,-0.18892317270501252
28.525,-0.09942465617466312,-3.5834781614185927,7.661877532511683,11.988068897974617,-0.18892317270121306
28.53333333333333,-0.12679979041154993,-3.0002756780920694,7.759123602314127,11.375166757629918,-0.188923172702066
28.541666666666668,-0.1496260696487481,-2.488224488776679,7.851810620100772,10.887678502421522,-0.18892317270256848
28.55,-0.16841900652156983,-2.029929524431201,7.940846465184409,10.494657224617674,-0.18892317270191633
28.558333333333334,-0.18357480070687407,-1.6137217601794926,8.026923902729676,10.174669299809473,-0.18892317270207915
28.566666666666666,-0.19540898204797183,-1.2316571219827017,8.11058395277867,9.912288789284665,-0.1889231727021891
28.575,-0.20418204851377889,-0.8783171476889836,8.192256538833151,9.69601055826999,-0.18892317270204245
28.583333333333332,-0.21011715369869594,-0.550058247106622,8.272287384169454,9.516963866036653,-0.18892317270208253
28.591666666666665,-0.21341270990737882,-0.24451896380849292,8.350956324018991,9.368099325047549,-0.18892317270211256
28.599999999999998,-0.21425156816759086,0.03972224633306894,8.428490160245007,9.24367028945261,-0.1889231727020721
28.608333333333334,-0.2128077436948089,0.3034019435431271,8.505072053061015,9.138907840656328,-0.188923172702084
28.616666666666667,-0.20925124157797834,0.5467776273217146,8.580848797461643,9.04983065777164,-0.18892317270209183
28.625,-0.20375128703574646,0.7698075256430453,8.655936945997826,8.973153340321662,-0.18892317270208075
28.633333333333333,-0.19647812203090081,0.9723160257638012,8.730428484974112,8.906266890129961,-0.18892317270208348
28.641666666666666,-0.1876034722097784,1.1541469631278976,8.804396564478163,8.847266877432654,-0.18892317270208647
28.65,-0.1772998080246821,1.3152978349666495,8.877901565277858,8.795000848770833,-0.18892317270208175
28.65833333333333,-0.16573861722290895,1.4560197573099924,8.950997521282117,8.749099867718488,-0.18892317270208359
28.666666666666668,-0.1530880570440286,1.57686285734496,9.023738601200304,8.709954545923667,-0.1889231727020884
28.675,-0.13951052341388764,1.6786482675207675,9.096185031244481,8.678599959916385,-0.18892317270207915
28.683333333333334,-0.12516079230542035,1.762358994351087,9.168407609061095,8.6564920951981,-0.18892317270208328
28.691666666666666,-0.1101853727791209,1.8289624013422539,9.240489942724246,8.64519124369692,-0.18892317270208708
28.7,-0.09472350448053682,1.8792009575067845,9.312527838650904,8.646006231672574,-0.1889231727020821
28.708333333333332,-0.07890984835585309,1.9134045869404124,9.38462583917571,8.659680633967199,-0.18892317270208323
28.716666666666665,-0.06287846333508643,1.9313773045174216,9.456891608887076,8.686201988891138,-0.1889231727020802
28.724999999999998,-0.04676729603781761,1.9323902590716489,9.529429430990337,8.724783210428058,-0.18892317270208692
28.733333333333334,-0.030722274881029136,1.9152807337611026,9.602334278979658,8.774014588544395,-0.18892317270208303
28.741666666666667,-0.01490023699999898,1.878626208963434,9.675687708887763,8.83213771343113,-0.1889231727020789
28.75,0.0005297455200580102,1.8209461656850567,9.749556290775823,8.89736830073985,-0.18892317270208608
28.758333333333333,0.01538667246421323,1.7408853931513502,9.82399268649445,8.968198428217088,-0.1889231727020827
28.766666666666666,0.02947925384412692,1.6373463412421574,9.899038989403655,9.04363191189349,-0.18892317270208042
28.775,0.04260838283669356,1.509556096470179,9.974731678169109,9.123335740588603,-0.18892317270208459
28.78333333333333,0.05456989332948833,1.3570688163639342,10.051107500939239,9.207714617807044,-0.18892317270208245
28.791666666666668,0.06515710175643964,1.1797136084716853,10.128209731836227,9.297930018130813,-0.1889231727020772
28.8,0.07416273253137454,0.9775008704098507,10.206094447479437,9.395890475229937,-0.18892317270208775
28.808333333333334,0.08137993127335404,0.7504986656146574,10.284836694999088,9.50423945859295,-0.18892317270208223
28.816666666666666,0.08660215076357128,0.49868662440963807,10.364536633075815,9.626364837610323,-0.18892317270206202
28.825,0.08962173475171326,0.22178934049278437,10.44532591999533,9.766452464407932,-0.1889231727021011
28.833333333333332,0.0902270144581073,-0.08091536975787209,10.527374814152719,9.929607948396436,-0.18892317270208295
28.841666666666665,0.08819766128931754,-0.4108261931075108,10.610900675960483,10.122077213106518,-0.18892317270200795
28.849999999999998,0.08329788786650467,-0.770310242438387,10.696178867822839,10.351610714293907,-0.1889231727021512
28.858333333333334,0.07526682037431642,-1.1630989517398447,10.783557524421273,10.628043351839176,-0.18892317270208756
28.866666666666667,0.06380490512420528,-1.594859321951237,10.873478453198047,10.964212148032841,-0.18892317270176545
28.875,0.04855441836509513,-2.0740650264459823,10.966507789891285,11.37742698434566,-0.1889231727023965
28.883333333333333,0.029070739137358338,-2.6133918593492824,11.063382489989959,11.891888164499262,-0.1889231727021139
28.891666666666666,0.00477845310013518,-3.2320570890140288,11.165083318570302,12.542797056745112,-0.18892317270031517
28.9,-0.025098573439066227,-3.9599100476782807,11.272953837520127,13.383617115575477,-0.18892317270375497
28.90833333333333,-0.06165352856997559,-4.844824910125296,11.388902256305975,14.4993445029698,-0.18892317270239767
28.916666666666668,-0.10649715396819477,-5.966006743710575,11.5157557646404,16.030846795754144,-0.1889231727015847
28.925,-0.1620995264302834,-7.453820916964928,11.657879199542306,18.213152180978838,-0.1889231726427662
28.933333333333334,-0.23222936369580166,-9.476330665407252,11.8220264831544,21.365486640234973,-0.1889231727021281
28.941666666666666,-0.3211343526367465,-11.821753480637668,12.01623017167303,25.212340326940122,-0.18892317270071723
28.95,-0.4243160761291531,-12.382396082901135,12.234639873838207,26.313460007554948,-0.18892317250301172
28.958333333333332,-0.5191753948585522,-10.144521548772387,12.441594593020008,22.99978375100312,-0.1889231727870433
28.966666666666665,-0.593026379448838,-7.663654107608318,12.618000004984077,19.508562729249796,-0.1889231727680532
28.974999999999998,-0.6484964814455583,-5.73562810822203,12.76980161645569,17.087236373216715,-0.18892317270448444
28.983333333333334,-0.6897902912097248,-4.230105011757305,12.905003892730226,15.466848698283552,-0.18892317270527464
28.991666666666667,-0.7197243969635461,-2.988149043822626,13.028989832955283,14.357007806908943,-0.18892317270006165
29.0,-0.7400455357746901,-1.910519905512122,13.145197127131826,13.576965531535906,-0.18892317269993747
29.008333333333333,-0.7518590399431049,-0.939021451410678,13.255879397524044,13.01662083414003,-0.18892317270142922
29.016666666666666,-0.7558951085479504,-0.03971648719973396,13.362551981789062,12.604986976077928,-0.18892317270031267
29.025,-0.752667405856455,0.8065637540542732,13.466237216677927,12.292633803464083,-0.188923172700313
29.03333333333333,-0.7425724961553202,1.6093839962122394,13.567600710055588,12.042244669967726,-0.1889231727004964
29.041666666666668,-0.7259565464563574,2.3716517930942733,13.667028852476834,11.82351517636716,-0.1889231727003897
29.05,-0.7031625208653941,3.0914873747577123,13.764674806774865,11.610468887787258,-0.18892317270038578
29.058333333333334,-0.6745640722806201,3.7636172151091873,13.860488628947248,11.38021880965748,-0.18892317270029638
29.066666666666666,-0.6405886635881357,4.380599844027587,13.954241168528887,11.112645616646027,-0.18892317270039893
29.075,-0.601730665674119,4.93401651484419,14.04554788789866,10.790650955876146,-0.18892317270039596
29.083333333333332,-0.5585545984085877,5.415640869328264,14.133896230229121,10.400713080668694,-0.1889231727003137
29.091666666666665,-0.5116889162116297,5.818523457286424,14.218678018787635,9.933500077982394,-0.188923172700387
29.099999999999998,-0.46181145954489333,6.137889679846506,14.29922645481838,9.384329066605313,-0.1889231727003763
29.108333333333334,-0.40962854466061693,6.371755206554705,14.374855744237943,8.753318881650754,-0.188923172700425
29.116666666666667,-0.3558503137807329,6.521203399601012,14.44490044475903,8.045165981835352,-0.18892317270038
29.125,-0.30116519647020007,6.590326201280421,14.508751401510676,7.2685586284805925,-0.1889231727003644
29.133333333333333,-0.24621609604543065,6.585881376769942,14.565885556496543,6.435309534400758,-0.18892317270046893
29.141666666666666,-0.19158032869062794,6.516749844652233,14.615887743399618,5.559319343770906,-0.18892317270038084
29.15,-0.13775459967032247,6.393284223853798,14.65846354066112,4.655485184343622,-0.1889231727003695
29.15833333333333,-0.08514557146190219,6.226630659566202,14.693443149599815,3.738652835874897,-0.18892317270044248
29.166666666666668,-0.03406595901690872,6.028090119347227,14.720776999554985,2.8226902933809157,-0.1889231727003789
29.175,0.015264395237124891,5.808568949927958,14.74052434521464,1.919740251248232,-0.18892317270037762
29.183333333333334,0.06271336402858801,5.578152987801379,14.752836515742693,1.0396883246151767,-0.18892317270039907
29.191666666666666,0.10822841406497644,5.345823912963147,14.757936685928469,0.1898601551650633,-0.18892317270037884
29.2,0.1518267284703021,5.119320487948112,14.756098040781149,-0.6250656140891753,-0.18892317270038395
29.208333333333332,0.19358473859372227,4.905132455049176,14.747621991377793,-1.4029660129511845,-0.1889231727003716
29.216666666666665,0.23362807968485375,4.708603880830292,14.732817707452138,-2.144059195775914,-0.18892317270038092
29.224999999999998,0.2721227661302837,4.534117735479433,14.711983733806829,-2.850629430721135,-0.18892317270038653
29.233333333333334,0.30926814850922585,4.385334906999854,14.685391936454447,-3.5267526145806594,-0.18892317270035472
29.241666666666667,0.3452920162824562,4.265467564643664,14.653273545280571,-4.178075748037831,-0.18892317270038547
29.25,0.38044808344335096,4.177577053756646,14.615806650786375,-4.811695440917542,-0.18892317270039158
29.258333333333333,0.4150160632892674,4.124898960561237,14.573104159236744,-5.436176199097632,-0.1889231727003171
29.266666666666666,0.4493046187914787,4.111212352320192,14.525200861496879,-6.061753228110635,-0.18892317270039827
29.275,0.4836576864206109,4.1412875896774475,14.472037839926914,-6.700780870391095,-0.18892317270040998
29.28333333333333,0.5184650481950536,4.221469918284806,14.413441802485009,-7.368521305303381,-0.18892317270019285
29.291666666666668,0.5541786254512729,4.3604867009560335,14.349095929954027,-8.084423538609109,-0.18892317270041278
29.3,0.5913368470564719,4.570600821454739,14.278497271195237,-8.874116150204651,-0.18892317270044678
29.308333333333334,0.6306005233849483,4.869232991080812,14.200893638414536,-9.772371537993651,-0.18892317270028058
29.316666666666666,0.6728040304805346,5.280943992506973,14.115191641816459,-10.826979636983552,-0.18892317269962927
29.325,0.7190205043407132,5.838308274728488,14.019834572072922,-12.101316796604088,-0.18892317269889988
29.333333333333332,0.7706074467562927,6.573891665410037,13.912700248741801,-13.662952343921573,-0.18892317272528367
29.341666666666665,0.8290518859612404,7.470758659807644,13.791313245183664,-15.503691932166346,-0.1889231726904404
29.349999999999998,0.8949466865122928,8.287625165076609,13.654493873825663,-17.247076556762376,-0.18892317268727116
29.358333333333334,0.9651508103427865,8.382049839950152,13.50708479339509,-17.842797952057033,-0.1889231726423396
29.366666666666667,1.0316121259203281,7.427863602108339,13.361972731022062,-16.763120505226407,-0.18892317266069325
29.375,1.0877182237235743,6.020233221592134,13.229507137982052,-15.014101141849792,-0.18892317266992661
29.383333333333333,1.1321541028415434,4.671838897019253,13.111177308504367,-13.442399863126214,-0.1889231727054027
29.391666666666666,1.166084937085652,3.500639182059067,13.004462740410624,-12.226096801190284,-0.18892317270229522
29.4,1.1909270658471798,2.4835825623375145,12.90657252818058,-11.310566265668493,-0.188923172701209
29.40833333333333,1.2077901223731167,1.5792481454740612,12.815347365757654,-10.613797696921932,-0.18892317270143477
29.416666666666668,1.217468377097886,0.7546522245607018,12.729255018687606,-10.069128053124679,-0.18892317270133674
29.425,1.2205256018067179,-0.012816774368391227,12.647245007390582,-9.626946961502293,-0.18892317270152234
29.433333333333334,1.2173725514211882,-0.737690893597174,12.568625394391907,-9.250017664306636,-0.1889231727014
29.441666666666666,1.2083244999549618,-1.428679450003865,12.492977838690676,-8.909340747191775,-0.18892317270139242
29.45,1.1936424495921523,-2.0903301123752027,12.420101412950254,-8.581375489938464,-0.1889231727013774
29.458333333333332,1.1735625818321753,-2.7242226655386648,12.34997477129086,-8.24635449480143,-0.18892317270140843
29.466666666666665,1.1483170461098973,-3.3298817683377013,12.282728993007561,-7.887357303714773,-0.18892317270141445
29.474999999999998,1.118147824155414,-3.9055434704371144,12.218625895377327,-7.489888269389216,-0.1889231727013328
29.483333333333334,1.0833145275597091,-4.448853581187612,12.158038432154106,-7.041770695795867,-0.18892317270140818
29.491666666666667,1.044096532829574,-4.957530635273658,12.101431186613366,-6.533206901836734,-0.1889231727014133
29.5,1.00078973145324,-5.429993177751692,12.049340133041493,-5.956872959170063,-0.18892317270136788
29.508333333333333,0.9536982688665301,-5.865930715422623,12.002351879725424,-5.307929806609286,-0.18892317270140074
29.516666666666666,0.9031218553457573,-6.266791235231549,11.96108353115067,-4.5838480248434905,-0.18892317270139775
29.525,0.8493394325010791,-6.636166768895016,11.926165077156613,-3.783965129807823,-0.18892317270142223
29.53333333333333,0.7925900458636045,-6.9800818451639595,11.898226790207014,-2.908718802482226,-0.1889231727013927
29.541666666666668,0.7330515899911968,-7.307226193765354,11.8778944993555,-1.9585174215430685,-0.18892317270140757
29.55,0.670817554861749,-7.6292213387796535,11.86579592756849,-0.9322048399384483,-0.18892317270129488
29.558333333333334,0.6058709080613723,-7.961072938042284,11.862581800754718,0.17497229639964926,-0.1889231727014103
29.566666666666666,0.5380526433484007,-8.322047617921475,11.868966648068081,1.3741090740051296,-0.18892317270154074
29.575,0.46702001703497764,-8.737348548142577,11.88579689426645,2.6865509610489897,-0.18892317270051173
29.583333333333332,0.3921855445755345,-9.241177228039456,11.914159135871925,4.149809726787066,-0.188923172701362
29.591666666666665,0.3126219078353585,-9.881993632472044,11.95555038545846,5.8267380826903565,-0.18892317270155423
29.599999999999998,0.22691232341289153,-10.73017014611855,12.012140502990672,7.818152557457721,-0.1889231727122589
29.608333333333334,0.13294524030289992,-11.88078382011961,12.087122536422356,10.266274603484318,-0.1889231726792593
29.616666666666667,0.02786160035831155,-13.394577819139208,12.184785933367527,13.251082808624739,-0.18892317271282238
29.625,-0.0904542801363696,-14.919204581560034,12.307918288152983,16.137521601744524,-0.18892317257333058
29.633333333333333,-0.21701368927227685,-15.116641289356945,12.446844332954536,16.597543211516715,-0.18892317283229648
29.641666666666666,-0.3376057116503844,-13.672559534178946,12.575904095226843,14.092616954162125,-0.1889231727172146
29.65,-0.4443826121707488,-11.996071506304876,12.680549176074662,11.079849481550427,-0.18892317260628716
29.65833333333333,-0.5385567594636024,-10.66861287616756,12.762113420730982,8.59395359885799,-0.18892317271412828
29.666666666666668,-0.623114160982911,-9.671682034774356,12.82523728937055,6.6298744385985575,-0.18892317270534736
29.675,-0.7003919704726347,-8.90631890170057,12.873641243691003,5.038144584396265,-0.1889231727064924
29.683333333333334,-0.7719808531358922,-8.295897183989423,12.909918568463679,3.7042025559328713,-0.18892317270496778
29.691666666666666,-0.8389422592734292,-7.788744451810135,12.93588725675307,2.554518213070195,-0.18892317270501546
29.7,-0.9019822903683599,-7.3499868692137325,12.952877089024684,1.543357062051694,-0.1889231727054676
29.708333333333332,-0.9615640548711926,-6.9553771591714195,12.961915021983607,0.6424004140850044,-0.1889231727050915
29.716666666666665,-1.0179791558336,-6.587527574133202,12.963840692413456,-0.1658431917862459,-0.1889231727051045
29.724999999999998,-1.0713948240094067,-6.233698994746687,12.959378206883736,-0.8921484524004777,-0.18892317270517653
29.733333333333334,-1.1218867580000444,-5.88449730199585,12.9491803511845,-1.5432103898751344,-0.18892317270512268
29.741666666666667,-1.1694634437961344,-5.533082548875516,12.933854810642307,-2.1233962124129664,-0.1889231727051195
29.75,-1.2140851798079872,-5.174660246084853,12.913978291964494,-2.6359362242972892,-0.1889231727051408
29.758333333333333,-1.255679548460345,-4.806120540701119,12.890102405015368,-3.0837324603630942,-0.1889231727051228
29.766666666666666,-1.2941542165044997,-4.42574861759776,12.862754024236464,-3.469888228543266,-0.18892317270512035
29.775,-1.3294074670998626,-4.032965268787275,12.832432162237422,-3.798024891614433,-0.18892317270514358
29.78333333333333,-1.3613366254613,-3.628079053063083,12.799602914669071,-4.072435448181466,-0.1889231727051208
29.791666666666668,-1.3898444475453045,-3.2120452608804664,12.764693657368301,-4.298117047542801,-0.18892317270512043
29.8,-1.4148435365949124,-2.7862344672866004,12.728087343613884,-4.480720495712962,-0.18892317270514053
29.808333333333334,-1.4362588907439349,-2.352216459563802,12.69011744740187,-4.62645108036664,-0.18892317270512088
29.816666666666666,-1.4540287340559341,-1.911565124979217,12.651063830612864,-4.741950571666765,-0.18892317270512185
29.825,-1.4681038216922249,-1.4656876614205885,12.611149584331477,-4.834185095486075,-0.18892317270513226
29.833333333333332,-1.4784454247524978,-1.0156782053393254,12.570538710771675,-4.910358352087265,-0.18892317270512182
29.841666666666665,-1.4850221861159285,-0.5621923536601753,12.529334369419622,-4.977865183717654,-0.1889231727051235
29.849999999999998,-1.4878059941843964,-0.10533545572218914,12.487577299480556,-5.044297573422633,-0.1889231727051235
29.858333333333334,-1.4867669472593503,0.3554460117109446,12.445243934575455,-5.117514501436199,-0.18892317270512346
29.866666666666667,-1.481867376577407,0.8214845213513152,12.402243623081139,-5.205789406003273,-0.18892317270512582
29.875,-1.4730547558806448,1.2950423574267371,12.358414230290878,-5.3180551640671245,-0.18892317270510645
29.883333333333333,-1.4602531378931978,1.7795193611940634,12.313515189791437,-5.46427775921492,-0.18892317270512926
29.891666666666666,-1.443352501489319,2.2797537056514443,12.26721674201345,-5.656007812366782,-0.1889231727051332
29.9,-1.4221950350223906,2.80246632413352,12.219083584731164,-5.907185352548171,-0.1889231727050556
29.90833333333333,-1.3965568862014979,3.3569172657528195,12.168550400067511,-6.235305051289863,-0.18892317270513623
29.916666666666668,-1.3661232894123123,3.955850246730563,12.114885735483456,-6.663064529619052,-0.1889231727051437
29.925,-1.3304545085844255,4.616740387529625,12.057139965391258,-7.220515378149322,-0.18892317270532102
29.933333333333334,-1.2889410639798224,5.362989759204826,11.994074863987562,-7.947104944861953,-0.18892317270451803
29.941666666666666,-1.2407548068751844,6.2231263123321785,11.924086203271843,-8.890276664279444,-0.1889231727043703
29.95,-1.1848383088805046,7.220124088447188,11.845192361818262,-10.08710177888343,-0.18892317271815148
29.958333333333332,-1.1201029873865023,8.325510646711372,11.755381885846699,-11.485334783775329,-0.18892317270460435
29.966666666666665,-1.0463047159437286,9.339686825837314,11.654128080175454,-12.736958295410885,-0.18892317271815157
29.974999999999998,-0.9658933820579122,9.838388212272678,11.545591692661185,-13.103396822254096,-0.18892317274583387
29.983333333333334,-0.8843791957171484,9.62398994753208,11.439299393437286,-12.229029564494745,-0.1889231726895524
29.991666666666667,-0.8065236223646017,9.03624665786079,11.343637490018567,-10.679850420525328,-0.18892317270859696
30.0,-0.7337966887275755,8.431876050038639,11.261468716776207,-9.055621305623733,-0.18892317270691533
